hh,rule,era,basis,n_cases_flagged,n_error_cases,n_variances,mode_element,mode_element_share,mode_nature,mode_nature_share,agency_agency,agency_client,agency_third_party,agency_other,agency_UNDOCUMENTED,agency_unknown,timeper_before_action,timeper_at_action,timeper_after_action,timeper_undetermined,findg_overissuance,findg_underissuance,findg_ineligible,n_desk_closable,n_catchable_at_action,share_agency,share_desk_closable,share_catchable_at_action,amterr_total,amount_total,n_pre_auth,share_pre_auth,review_mode
1,total_deductions_by_hh_size > 336.000 & unc_rawben_rel_max >   0.891 & unc_rawben_rel_max <=   0.991 & utilities <=  29.500,train_2022_23,national,74,49,84,363.0,0.42857142857142855,53.0,0.6190476190476191,40,42,2,0,0,0,17,43,24,0,64,4,0,13,60,0.47619047619047616,0.15476190476190477,0.7142857142857143,14168.0,8041.0,4,0.047619047619047616,post_authorization
1,total_deductions_by_hh_size > 336.000 & unc_rawben_rel_max >   0.891 & unc_rawben_rel_max <=   0.991 & utilities <=  29.500,test_2024,national,47,29,53,363.0,0.4716981132075472,53.0,0.49056603773584906,23,28,0,2,0,0,2,28,23,0,46,2,0,9,30,0.4339622641509434,0.16981132075471697,0.5660377358490566,9808.0,7049.0,2,0.03773584905660377,post_authorization
1,total_deductions_by_hh_size > 336.000 & unc_rawben_rel_max >   0.891 & unc_rawben_rel_max <=   0.991 & utilities <=  29.500,test_2024,deployed,40,24,44,363.0,0.45454545454545453,53.0,0.45454545454545453,20,22,0,2,0,0,2,22,20,0,37,2,0,8,24,0.45454545454545453,0.18181818181818182,0.5454545454545454,8329.0,6199.0,2,0.045454545454545456,post_authorization
1,rawben_rel_max >   0.751 & rawben_rel_max <=   0.992 & shelter_expenses_by_hh_size > 832.000 & utilities <=  29.500,train_2022_23,national,63,41,75,363.0,0.5066666666666667,53.0,0.7066666666666667,31,42,2,0,0,0,12,46,17,0,63,0,0,7,58,0.41333333333333333,0.09333333333333334,0.7733333333333333,12936.0,7713.0,2,0.02666666666666667,post_authorization
1,rawben_rel_max >   0.751 & rawben_rel_max <=   0.992 & shelter_expenses_by_hh_size > 832.000 & utilities <=  29.500,test_2024,national,68,35,66,363.0,0.5151515151515151,53.0,0.5,25,39,0,2,0,0,2,42,22,0,58,1,0,10,44,0.3787878787878788,0.15151515151515152,0.6666666666666666,12607.0,9229.0,3,0.045454545454545456,post_authorization
1,rawben_rel_max >   0.751 & rawben_rel_max <=   0.992 & shelter_expenses_by_hh_size > 832.000 & utilities <=  29.500,test_2024,deployed,39,18,33,363.0,0.48484848484848486,53.0,0.5151515151515151,13,20,0,0,0,0,0,23,10,0,25,1,0,2,23,0.3939393939393939,0.06060606060606061,0.696969696969697,6090.0,3137.0,0,0.0,post_authorization
2-3,cat_elig > 0.500 & children_i > 0.500 & rawben_rel_max > 0.996 & unc_rawben_rel_max > 1.690,train_2022_23,national,41,27,35,311.0,0.3142857142857143,38.0,0.2571428571428571,19,15,0,1,0,0,4,14,17,0,27,1,0,9,18,0.5428571428571428,0.2571428571428571,0.5142857142857142,8587.0,8350.0,7,0.2,post_authorization
2-3,cat_elig > 0.500 & children_i > 0.500 & rawben_rel_max > 0.996 & unc_rawben_rel_max > 1.690,test_2024,national,21,5,9,323.0,0.2222222222222222,35.0,0.1111111111111111,3,5,0,0,1,0,2,7,0,0,4,1,0,2,9,0.3333333333333333,0.2222222222222222,1.0,2826.0,843.0,2,0.2222222222222222,post_authorization
2-3,cat_elig > 0.500 & children_i > 0.500 & rawben_rel_max > 0.996 & unc_rawben_rel_max > 1.690,test_2024,deployed,14,3,6,311.0,0.3333333333333333,57.0,0.16666666666666666,2,3,0,0,1,0,0,6,0,0,1,1,0,2,6,0.3333333333333333,0.3333333333333333,1.0,1714.0,197.0,2,0.3333333333333333,mixed
1,rawben_rel_max <    1.000 & shelter_expenses_by_hh_size >= 1180.000 & unc_rawben_rel_max >=    0.986 & utilities <  645.000,train_2022_23,national,69,38,55,363.0,0.6545454545454545,53.0,0.7090909090909091,32,23,0,0,0,0,9,40,6,0,36,0,0,10,49,0.5818181818181818,0.18181818181818182,0.8909090909090909,10519.0,5401.0,7,0.12727272727272726,post_authorization
1,rawben_rel_max <    1.000 & shelter_expenses_by_hh_size >= 1180.000 & unc_rawben_rel_max >=    0.986 & utilities <  645.000,test_2024,national,47,23,36,363.0,0.6111111111111112,56.0,0.4166666666666667,18,18,0,0,0,0,1,21,14,0,34,0,0,7,22,0.5,0.19444444444444445,0.6111111111111112,6677.0,5103.0,2,0.05555555555555555,post_authorization
1,rawben_rel_max <    1.000 & shelter_expenses_by_hh_size >= 1180.000 & unc_rawben_rel_max >=    0.986 & utilities <  645.000,test_2024,deployed,25,9,12,363.0,0.75,56.0,0.5833333333333334,6,6,0,0,0,0,0,10,2,0,11,0,0,2,10,0.5,0.16666666666666666,0.8333333333333334,2181.0,1554.0,2,0.16666666666666666,post_authorization
1,shelter_expenses_by_hh_size > 878.000 & unc_rawben_rel_max >   0.379 & unc_rawben_rel_max <=   0.991 & utilities <=  29.500,train_2022_23,national,118,60,110,363.0,0.4909090909090909,53.0,0.6363636363636364,45,58,2,5,0,0,13,63,34,0,91,3,1,10,76,0.4090909090909091,0.09090909090909091,0.6909090909090909,17014.0,11578.0,2,0.01818181818181818,post_authorization
1,shelter_expenses_by_hh_size > 878.000 & unc_rawben_rel_max >   0.379 & unc_rawben_rel_max <=   0.991 & utilities <=  29.500,test_2024,national,94,49,89,363.0,0.48314606741573035,53.0,0.4943820224719101,32,55,0,2,0,0,6,57,26,0,76,1,0,13,63,0.3595505617977528,0.14606741573033707,0.7078651685393258,16333.0,11856.0,4,0.0449438202247191,post_authorization
1,shelter_expenses_by_hh_size > 878.000 & unc_rawben_rel_max >   0.379 & unc_rawben_rel_max <=   0.991 & utilities <=  29.500,test_2024,deployed,25,10,15,363.0,0.5333333333333333,53.0,0.3333333333333333,5,10,0,0,0,0,0,10,5,0,14,0,0,1,10,0.3333333333333333,0.06666666666666667,0.6666666666666666,3157.0,2893.0,0,0.0,post_authorization
4+,HH_size_n >   4.50 & rawben_rel_max <=   0.88 & shelter_expenses_by_hh_size <= 268.00 & total_deductions_by_hh_size > 222.00,train_2022_23,national,54,28,50,323.0,0.24,52.0,0.28,29,19,1,1,0,0,1,42,7,0,24,11,0,15,43,0.58,0.3,0.86,12967.0,8930.0,11,0.22,post_authorization
4+,HH_size_n >   4.50 & rawben_rel_max <=   0.88 & shelter_expenses_by_hh_size <= 268.00 & total_deductions_by_hh_size > 222.00,test_2024,national,28,11,15,363.0,0.3333333333333333,56.0,0.26666666666666666,7,7,0,0,1,0,0,13,2,0,6,2,0,3,13,0.4666666666666667,0.2,0.8666666666666667,3562.0,1982.0,2,0.13333333333333333,post_authorization
4+,HH_size_n >   4.50 & rawben_rel_max <=   0.88 & shelter_expenses_by_hh_size <= 268.00 & total_deductions_by_hh_size > 222.00,test_2024,deployed,13,5,7,311.0,0.2857142857142857,53.0,0.42857142857142855,5,2,0,0,0,0,0,6,1,0,2,1,0,1,6,0.7142857142857143,0.14285714285714285,0.8571428571428571,1053.0,532.0,1,0.14285714285714285,post_authorization
1,rawben_rel_max >=   0.236 & rawben_rel_max <   1.000 & total_deductions_by_hh_size >= 511.000 & utilities < 249.000,train_2022_23,national,303,130,211,363.0,0.3886255924170616,53.0,0.5876777251184834,101,98,4,8,0,0,32,132,47,0,159,7,0,28,164,0.4786729857819905,0.13270142180094788,0.7772511848341233,30977.0,19381.0,12,0.05687203791469194,post_authorization
1,rawben_rel_max >=   0.236 & rawben_rel_max <   1.000 & total_deductions_by_hh_size >= 511.000 & utilities < 249.000,test_2024,national,226,87,148,363.0,0.4391891891891892,53.0,0.43243243243243246,72,71,0,2,3,0,12,96,40,0,114,8,0,23,108,0.4864864864864865,0.1554054054054054,0.7297297297297297,25362.0,18169.0,13,0.08783783783783784,post_authorization
1,rawben_rel_max >=   0.236 & rawben_rel_max <   1.000 & total_deductions_by_hh_size >= 511.000 & utilities < 249.000,test_2024,deployed,147,52,80,363.0,0.475,53.0,0.475,37,43,0,0,0,0,8,52,20,0,61,4,0,7,60,0.4625,0.0875,0.75,14043.0,10338.0,4,0.05,post_authorization
1,rawben_rel_max <   0.992 & shelter_expenses_by_hh_size >= 831.000 & unc_rawben_rel_max >=   0.270 & utilities < 277.000,train_2022_23,national,256,109,183,363.0,0.47540983606557374,53.0,0.5901639344262295,74,100,3,6,0,0,23,115,45,0,137,11,1,14,138,0.40437158469945356,0.07650273224043716,0.7540983606557377,26194.0,16918.0,5,0.0273224043715847,post_authorization
1,rawben_rel_max <   0.992 & shelter_expenses_by_hh_size >= 831.000 & unc_rawben_rel_max >=   0.270 & utilities < 277.000,test_2024,national,231,83,144,363.0,0.4930555555555556,53.0,0.4375,66,75,0,2,1,0,12,98,34,0,116,1,0,22,110,0.4583333333333333,0.1527777777777778,0.7638888888888888,24025.0,16299.0,11,0.0763888888888889,post_authorization
1,rawben_rel_max <   0.992 & shelter_expenses_by_hh_size >= 831.000 & unc_rawben_rel_max >=   0.270 & utilities < 277.000,test_2024,deployed,106,23,36,363.0,0.6111111111111112,53.0,0.5,12,24,0,0,0,0,4,28,4,0,32,0,0,2,32,0.3333333333333333,0.05555555555555555,0.8888888888888888,5969.0,4573.0,2,0.05555555555555555,post_authorization
1,elderly_disabled_i >   0.500 & rawben_rel_max >   0.998 & shelter_expenses_by_hh_size <= 676.000 & unc_rawben_rel_max >   1.790,train_2022_23,national,109,50,77,331.0,0.4675324675324675,37.0,0.2727272727272727,53,19,3,2,0,0,8,20,49,0,62,2,0,20,28,0.6883116883116883,0.2597402597402597,0.36363636363636365,12124.0,7794.0,6,0.07792207792207792,post_authorization
1,elderly_disabled_i >   0.500 & rawben_rel_max >   0.998 & shelter_expenses_by_hh_size <= 676.000 & unc_rawben_rel_max >   1.790,test_2024,national,41,22,32,331.0,0.4375,35.0,0.4375,11,17,1,0,3,0,6,9,16,0,23,0,0,4,15,0.34375,0.125,0.46875,6678.0,3725.0,2,0.0625,post_authorization
1,elderly_disabled_i >   0.500 & rawben_rel_max >   0.998 & shelter_expenses_by_hh_size <= 676.000 & unc_rawben_rel_max >   1.790,test_2024,deployed,14,4,7,331.0,0.42857142857142855,35.0,0.42857142857142855,1,4,0,0,2,0,2,1,3,0,5,0,0,1,3,0.14285714285714285,0.14285714285714285,0.42857142857142855,1309.0,705.0,0,0.0,post_authorization
2-3,months_since_cert_n <=  25 & shelter_expenses_by_hh_size > 499 & shelter_expenses_by_hh_size <= 679 & total_deductions_by_hh_size > 644,train_2022_23,national,56,28,52,311.0,0.19230769230769232,53.0,0.19230769230769232,24,27,0,1,0,0,6,31,15,0,33,2,0,12,37,0.46153846153846156,0.23076923076923078,0.7115384615384616,10114.0,4898.0,10,0.19230769230769232,post_authorization
2-3,months_since_cert_n <=  25 & shelter_expenses_by_hh_size > 499 & shelter_expenses_by_hh_size <= 679 & total_deductions_by_hh_size > 644,test_2024,national,26,8,12,323.0,0.5,56.0,0.25,2,5,0,0,5,0,2,7,3,0,7,1,0,3,9,0.16666666666666666,0.25,0.75,2484.0,819.0,1,0.08333333333333333,post_authorization
2-3,months_since_cert_n <=  25 & shelter_expenses_by_hh_size > 499 & shelter_expenses_by_hh_size <= 679 & total_deductions_by_hh_size > 644,test_2024,deployed,8,1,1,323.0,1.0,56.0,1.0,0,1,0,0,0,0,0,1,0,0,1,0,0,0,1,0.0,0.0,1.0,112.0,112.0,0,0.0,insufficient
2-3,HH_size_n >   2.500 & total_deductions_by_hh_size > 440.000 & unc_rawben_rel_max >   0.640 & unc_rawben_rel_max <=   0.996,train_2022_23,national,72,34,54,311.0,0.24074074074074073,53.0,0.24074074074074073,26,27,0,1,0,0,5,35,14,0,20,10,0,7,40,0.48148148148148145,0.12962962962962962,0.7407407407407407,10544.0,5177.0,6,0.1111111111111111,post_authorization
2-3,HH_size_n >   2.500 & total_deductions_by_hh_size > 440.000 & unc_rawben_rel_max >   0.640 & unc_rawben_rel_max <=   0.996,test_2024,national,46,14,18,311.0,0.4444444444444444,35.0,0.2222222222222222,9,8,0,1,0,0,1,12,5,0,10,7,0,2,13,0.5,0.1111111111111111,0.7222222222222222,2806.0,2068.0,2,0.1111111111111111,post_authorization
2-3,HH_size_n >   2.500 & total_deductions_by_hh_size > 440.000 & unc_rawben_rel_max >   0.640 & unc_rawben_rel_max <=   0.996,test_2024,deployed,31,8,9,311.0,0.5555555555555556,38.0,0.2222222222222222,4,4,0,1,0,0,1,6,2,0,7,1,0,1,7,0.4444444444444444,0.1111111111111111,0.7777777777777778,1432.0,1200.0,1,0.1111111111111111,post_authorization
1,cat_elig >=    1.00 & shelter_expenses_by_hh_size < 1720.00 & unc_rawben_rel_max >=    2.49 & utilities <  875.00,train_2022_23,national,104,46,75,331.0,0.3333333333333333,35.0,0.26666666666666666,41,33,0,1,0,0,9,31,35,0,55,2,0,18,40,0.5466666666666666,0.24,0.5333333333333333,13450.0,10371.0,9,0.12,post_authorization
1,cat_elig >=    1.00 & shelter_expenses_by_hh_size < 1720.00 & unc_rawben_rel_max >=    2.49 & utilities <  875.00,test_2024,national,58,22,33,331.0,0.2727272727272727,35.0,0.3333333333333333,15,12,0,2,4,0,3,18,12,0,30,0,0,7,21,0.45454545454545453,0.21212121212121213,0.6363636363636364,6605.0,5241.0,3,0.09090909090909091,post_authorization
1,cat_elig >=    1.00 & shelter_expenses_by_hh_size < 1720.00 & unc_rawben_rel_max >=    2.49 & utilities <  875.00,test_2024,deployed,37,12,16,331.0,0.375,38.0,0.4375,6,5,0,1,4,0,1,12,3,0,14,0,0,2,13,0.375,0.125,0.8125,2717.0,1889.0,1,0.0625,post_authorization
4+,months_since_cert_n >   5.500 & rawben_rel_max <=   0.997 & shelter_expenses_by_hh_size <= 494.000 & total_deductions_by_hh_size > 227.000,train_2022_23,national,311,122,198,311.0,0.3181818181818182,38.0,0.18686868686868688,99,85,0,14,0,0,15,107,76,0,110,45,0,47,122,0.5,0.23737373737373738,0.6161616161616161,42267.0,27096.0,26,0.13131313131313133,post_authorization
4+,months_since_cert_n >   5.500 & rawben_rel_max <=   0.997 & shelter_expenses_by_hh_size <= 494.000 & total_deductions_by_hh_size > 227.000,test_2024,national,202,58,97,311.0,0.38144329896907214,38.0,0.16494845360824742,53,37,0,0,7,0,3,40,53,0,54,15,0,25,43,0.5463917525773195,0.25773195876288657,0.44329896907216493,22617.0,13226.0,13,0.13402061855670103,post_authorization
4+,months_since_cert_n >   5.500 & rawben_rel_max <=   0.997 & shelter_expenses_by_hh_size <= 494.000 & total_deductions_by_hh_size > 227.000,test_2024,deployed,92,26,44,311.0,0.29545454545454547,38.0,0.1590909090909091,29,11,0,0,4,0,2,24,18,0,20,7,0,17,26,0.6590909090909091,0.38636363636363635,0.5909090909090909,11288.0,5984.0,10,0.22727272727272727,post_authorization
4+,months_since_cert_n >=   8.000 & rawben_rel_max <   0.965 & total_deductions_by_hh_size >= 178.000 & unc_rawben_rel_max >=   0.793,train_2022_23,national,122,52,77,311.0,0.35064935064935066,38.0,0.22077922077922077,39,31,1,6,0,0,12,34,31,0,46,16,0,20,46,0.5064935064935064,0.2597402597402597,0.5974025974025974,18218.0,8857.0,9,0.11688311688311688,post_authorization
4+,months_since_cert_n >=   8.000 & rawben_rel_max <   0.965 & total_deductions_by_hh_size >= 178.000 & unc_rawben_rel_max >=   0.793,test_2024,national,54,21,31,311.0,0.3548387096774194,56.0,0.16129032258064516,15,11,0,0,5,0,1,19,10,0,18,4,0,9,20,0.4838709677419355,0.2903225806451613,0.6451612903225806,7498.0,4190.0,2,0.06451612903225806,post_authorization
4+,months_since_cert_n >=   8.000 & rawben_rel_max <   0.965 & total_deductions_by_hh_size >= 178.000 & unc_rawben_rel_max >=   0.793,test_2024,deployed,25,10,14,311.0,0.2857142857142857,38.0,0.2857142857142857,9,4,0,0,1,0,1,8,5,0,7,1,0,6,9,0.6428571428571429,0.42857142857142855,0.6428571428571429,3373.0,1443.0,1,0.07142857142857142,post_authorization
2-3,shelter_expenses_by_hh_size < 650 & total_deductions_by_hh_size >= 625,train_2022_23,national,96,42,76,363.0,0.19736842105263158,53.0,0.32894736842105265,37,39,0,0,0,0,13,45,18,0,54,3,0,18,58,0.4868421052631579,0.23684210526315788,0.7631578947368421,15389.0,8559.0,15,0.19736842105263158,post_authorization
2-3,shelter_expenses_by_hh_size < 650 & total_deductions_by_hh_size >= 625,test_2024,national,54,22,34,323.0,0.29411764705882354,56.0,0.17647058823529413,14,13,1,1,5,0,4,21,9,0,19,7,0,11,25,0.4117647058823529,0.3235294117647059,0.7352941176470589,10018.0,3582.0,7,0.20588235294117646,post_authorization
2-3,shelter_expenses_by_hh_size < 650 & total_deductions_by_hh_size >= 625,test_2024,deployed,13,3,5,323.0,0.4,56.0,0.4,1,1,0,0,3,0,1,3,1,0,1,0,0,2,4,0.2,0.4,0.8,1453.0,125.0,0,0.0,post_authorization
1,rawben_rel_max <   0.992 & total_deductions_by_hh_size >= 220.000 & unc_rawben_rel_max >=   0.986 & utilities < 688.000,train_2022_23,national,330,127,171,363.0,0.7192982456140351,53.0,0.6666666666666666,80,89,1,1,0,0,26,115,30,0,125,2,0,20,141,0.4678362573099415,0.11695906432748537,0.8245614035087719,24433.0,13865.0,14,0.08187134502923976,post_authorization
1,rawben_rel_max <   0.992 & total_deductions_by_hh_size >= 220.000 & unc_rawben_rel_max >=   0.986 & utilities < 688.000,test_2024,national,186,79,112,363.0,0.6875,56.0,0.4017857142857143,56,54,0,2,0,0,8,72,32,0,87,0,0,15,80,0.5,0.13392857142857142,0.7142857142857143,17554.0,12639.0,8,0.07142857142857142,post_authorization
1,rawben_rel_max <   0.992 & total_deductions_by_hh_size >= 220.000 & unc_rawben_rel_max >=   0.986 & utilities < 688.000,test_2024,deployed,19,9,13,363.0,0.6923076923076923,53.0,0.38461538461538464,8,5,0,0,0,0,1,11,1,0,11,0,0,1,12,0.6153846153846154,0.07692307692307693,0.9230769230769231,2096.0,2010.0,1,0.07692307692307693,post_authorization
4+,months_since_cert_n >= 10.000 & rawben_rel_max >=  0.683 & rawben_rel_max <  0.820 & total_deductions_by_hh_size >= 27.000,train_2022_23,national,173,69,110,311.0,0.35454545454545455,38.0,0.17272727272727273,62,45,0,3,0,0,11,43,56,0,51,29,0,26,54,0.5636363636363636,0.23636363636363636,0.4909090909090909,22543.0,12941.0,12,0.10909090909090909,post_authorization
4+,months_since_cert_n >= 10.000 & rawben_rel_max >=  0.683 & rawben_rel_max <  0.820 & total_deductions_by_hh_size >= 27.000,test_2024,national,60,19,38,311.0,0.2631578947368421,38.0,0.18421052631578946,21,12,1,1,3,0,2,10,26,0,22,4,0,10,12,0.5526315789473685,0.2631578947368421,0.3157894736842105,8158.0,3946.0,1,0.02631578947368421,post_authorization
4+,months_since_cert_n >= 10.000 & rawben_rel_max >=  0.683 & rawben_rel_max <  0.820 & total_deductions_by_hh_size >= 27.000,test_2024,deployed,32,9,17,311.0,0.35294117647058826,38.0,0.23529411764705882,9,5,0,0,3,0,0,6,11,0,9,1,0,4,6,0.5294117647058824,0.23529411764705882,0.35294117647058826,2709.0,1196.0,0,0.0,post_authorization
2-3,elderly_disabled_i >= 1.000 & rawben_rel_max >= 0.993 & rawben_rel_max < 0.996,train_2022_23,national,54,25,32,363.0,0.75,53.0,0.65625,12,20,0,0,0,0,4,26,2,0,26,0,0,0,30,0.375,0.0,0.9375,6614.0,4018.0,0,0.0,post_authorization
2-3,elderly_disabled_i >= 1.000 & rawben_rel_max >= 0.993 & rawben_rel_max < 0.996,test_2024,national,32,22,26,363.0,0.8461538461538461,56.0,0.7307692307692307,9,12,0,0,5,0,3,20,3,0,24,0,0,5,23,0.34615384615384615,0.19230769230769232,0.8846153846153846,4978.0,4324.0,1,0.038461538461538464,post_authorization
2-3,elderly_disabled_i >= 1.000 & rawben_rel_max >= 0.993 & rawben_rel_max < 0.996,test_2024,deployed,17,12,14,363.0,0.8571428571428571,56.0,0.8571428571428571,5,7,0,0,2,0,2,11,1,0,12,0,0,2,13,0.35714285714285715,0.14285714285714285,0.9285714285714286,2489.0,2387.0,0,0.0,post_authorization
1,elderly_disabled_i >   0.500 & total_deductions_by_hh_size > 438.000 & unc_rawben_rel_max >   0.316 & utilities <= 276.000,train_2022_23,national,487,174,273,363.0,0.358974358974359,53.0,0.5201465201465202,131,126,7,9,0,0,39,156,78,0,208,9,0,44,195,0.47985347985347987,0.16117216117216118,0.7142857142857143,41585.0,27284.0,20,0.07326007326007326,post_authorization
1,elderly_disabled_i >   0.500 & total_deductions_by_hh_size > 438.000 & unc_rawben_rel_max >   0.316 & utilities <= 276.000,test_2024,national,315,111,185,363.0,0.42162162162162165,53.0,0.3945945945945946,93,87,0,3,2,0,15,108,62,0,150,5,0,33,123,0.5027027027027027,0.1783783783783784,0.6648648648648648,30767.0,21695.0,14,0.07567567567567568,post_authorization
1,elderly_disabled_i >   0.500 & total_deductions_by_hh_size > 438.000 & unc_rawben_rel_max >   0.316 & utilities <= 276.000,test_2024,deployed,111,33,52,363.0,0.4807692307692308,53.0,0.40384615384615385,26,26,0,0,0,0,2,38,12,0,41,0,0,5,40,0.5,0.09615384615384616,0.7692307692307693,8682.0,6015.0,5,0.09615384615384616,post_authorization
1,months_since_cert_n >   2.50 & unc_rawben_rel_max >   1.93 & utilities >  14.00 & utilities <= 680.00,train_2022_23,national,304,112,164,331.0,0.40853658536585363,37.0,0.23170731707317074,97,57,2,8,0,0,18,50,96,0,135,2,0,49,68,0.5914634146341463,0.29878048780487804,0.4146341463414634,28091.0,19159.0,20,0.12195121951219512,post_authorization
1,months_since_cert_n >   2.50 & unc_rawben_rel_max >   1.93 & utilities >  14.00 & utilities <= 680.00,test_2024,national,122,45,60,331.0,0.38333333333333336,37.0,0.26666666666666666,34,24,0,2,0,0,2,28,30,0,44,0,0,15,30,0.5666666666666667,0.25,0.5,10772.0,6955.0,6,0.1,post_authorization
1,months_since_cert_n >   2.50 & unc_rawben_rel_max >   1.93 & utilities >  14.00 & utilities <= 680.00,test_2024,deployed,22,10,16,311.0,0.3125,35.0,0.1875,9,6,0,1,0,0,0,9,7,0,13,0,0,2,9,0.5625,0.125,0.5625,2779.0,1481.0,1,0.0625,post_authorization
2-3,months_since_cert_n <=  0.500 & total_deductions_by_hh_size > 83.500 & unc_rawben_rel_max <=  0.999 & utilities <= 22.000,train_2022_23,national,80,34,43,311.0,0.3953488372093023,38.0,0.18604651162790697,28,14,0,1,0,0,1,41,1,0,18,10,0,7,42,0.6511627906976745,0.16279069767441862,0.9767441860465116,6394.0,3624.0,7,0.16279069767441862,post_authorization
2-3,months_since_cert_n <=  0.500 & total_deductions_by_hh_size > 83.500 & unc_rawben_rel_max <=  0.999 & utilities <= 22.000,test_2024,national,39,12,18,363.0,0.2777777777777778,38.0,0.2777777777777778,9,4,1,1,3,0,2,16,0,0,5,4,0,4,18,0.5,0.2222222222222222,1.0,3449.0,1107.0,1,0.05555555555555555,post_authorization
2-3,months_since_cert_n <=  0.500 & total_deductions_by_hh_size > 83.500 & unc_rawben_rel_max <=  0.999 & utilities <= 22.000,test_2024,deployed,18,6,8,363.0,0.25,53.0,0.25,4,2,1,0,1,0,0,8,0,0,3,3,0,2,8,0.5,0.25,1.0,1932.0,969.0,1,0.125,post_authorization
2-3,shelter_expenses_by_hh_size <= 592.0 & total_deductions_by_hh_size > 522.0 & utilities >  37.5,train_2022_23,national,169,65,119,311.0,0.20168067226890757,53.0,0.24369747899159663,63,50,0,6,0,0,14,73,32,0,70,8,1,27,87,0.5294117647058824,0.226890756302521,0.7310924369747899,24235.0,13334.0,22,0.18487394957983194,post_authorization
2-3,shelter_expenses_by_hh_size <= 592.0 & total_deductions_by_hh_size > 522.0 & utilities >  37.5,test_2024,national,91,29,52,311.0,0.28846153846153844,52.0,0.17307692307692307,26,21,1,1,3,0,5,33,14,0,24,13,0,18,38,0.5,0.34615384615384615,0.7307692307692307,11055.0,4136.0,13,0.25,mixed
2-3,shelter_expenses_by_hh_size <= 592.0 & total_deductions_by_hh_size > 522.0 & utilities >  37.5,test_2024,deployed,18,3,9,323.0,0.3333333333333333,56.0,0.3333333333333333,1,5,1,0,2,0,1,6,2,0,1,3,0,2,7,0.1111111111111111,0.2222222222222222,0.7777777777777778,3041.0,860.0,1,0.1111111111111111,post_authorization
2-3,rawben_rel_max <   0.904 & total_deductions_by_hh_size >= 353.000 & utilities < 347.000,train_2022_23,national,244,90,148,311.0,0.3108108108108108,53.0,0.1891891891891892,77,64,0,7,0,0,23,90,35,0,78,24,1,25,113,0.5202702702702703,0.16891891891891891,0.7635135135135135,26630.0,13807.0,15,0.10135135135135136,post_authorization
2-3,rawben_rel_max <   0.904 & total_deductions_by_hh_size >= 353.000 & utilities < 347.000,test_2024,national,86,26,33,311.0,0.3333333333333333,38.0,0.21212121212121213,17,12,0,0,4,0,1,22,10,0,19,5,0,4,23,0.5151515151515151,0.12121212121212122,0.696969696969697,6346.0,4066.0,2,0.06060606060606061,post_authorization
2-3,rawben_rel_max <   0.904 & total_deductions_by_hh_size >= 353.000 & utilities < 347.000,test_2024,deployed,19,4,6,311.0,0.3333333333333333,16.0,0.3333333333333333,4,2,0,0,0,0,0,2,4,0,3,1,0,3,2,0.6666666666666666,0.5,0.3333333333333333,1344.0,531.0,2,0.3333333333333333,mixed
2-3,expedited_i <=   0.500 & medical_deductions > 128.000 & rawben_rel_max >   0.803 & unc_rawben_rel_max >   0.324,train_2022_23,national,96,39,64,365.0,0.34375,53.0,0.5625,42,19,0,3,0,0,7,47,10,0,54,2,0,23,54,0.65625,0.359375,0.84375,12191.0,8403.0,18,0.28125,mixed
2-3,expedited_i <=   0.500 & medical_deductions > 128.000 & rawben_rel_max >   0.803 & unc_rawben_rel_max >   0.324,test_2024,national,48,16,22,365.0,0.36363636363636365,56.0,0.3181818181818182,12,5,1,1,3,0,2,13,7,0,15,1,0,8,15,0.5454545454545454,0.36363636363636365,0.6818181818181818,6461.0,2809.0,3,0.13636363636363635,post_authorization
2-3,expedited_i <=   0.500 & medical_deductions > 128.000 & rawben_rel_max >   0.803 & unc_rawben_rel_max >   0.324,test_2024,deployed,8,3,4,363.0,0.5,56.0,0.5,3,1,0,0,0,0,0,4,0,0,4,0,0,1,4,0.75,0.25,1.0,1215.0,746.0,1,0.25,insufficient
4+,expedited_i >   0.500 & rawben_rel_max <=   0.932 & shelter_expenses_by_hh_size <= 155.000 & unc_rawben_rel_max >   0.654,train_2022_23,national,82,34,50,311.0,0.32,38.0,0.18,33,16,1,0,0,0,6,28,16,0,15,21,0,17,34,0.66,0.34,0.68,9825.0,6683.0,11,0.22,post_authorization
4+,expedited_i >   0.500 & rawben_rel_max <=   0.932 & shelter_expenses_by_hh_size <= 155.000 & unc_rawben_rel_max >   0.654,test_2024,national,36,10,15,364.0,0.2,52.0,0.26666666666666666,10,2,0,0,3,0,0,7,8,0,3,8,0,6,7,0.6666666666666666,0.4,0.4666666666666667,3036.0,1231.0,2,0.13333333333333333,post_authorization
4+,expedited_i >   0.500 & rawben_rel_max <=   0.932 & shelter_expenses_by_hh_size <= 155.000 & unc_rawben_rel_max >   0.654,test_2024,deployed,10,3,3,350.0,0.3333333333333333,44.0,0.3333333333333333,1,0,0,0,2,0,0,2,1,0,0,3,0,0,2,0.3333333333333333,0.0,0.6666666666666666,324.0,324.0,0,0.0,insufficient
4+,HH_size_n >   4.500 & months_since_cert_n >   5.500 & rawben_rel_max <=   0.997 & shelter_expenses_by_hh_size > 263.000,train_2022_23,national,320,114,188,311.0,0.324468085106383,38.0,0.2074468085106383,109,70,0,9,0,0,13,99,76,0,87,52,0,52,112,0.5797872340425532,0.2765957446808511,0.5957446808510638,43504.0,26948.0,32,0.1702127659574468,post_authorization
4+,HH_size_n >   4.500 & months_since_cert_n >   5.500 & rawben_rel_max <=   0.997 & shelter_expenses_by_hh_size > 263.000,test_2024,national,206,69,99,311.0,0.46464646464646464,38.0,0.25252525252525254,48,46,0,1,4,0,4,39,53,1,56,22,0,21,43,0.48484848484848486,0.21212121212121213,0.43434343434343436,29650.0,18869.0,9,0.09090909090909091,post_authorization
4+,HH_size_n >   4.500 & months_since_cert_n >   5.500 & rawben_rel_max <=   0.997 & shelter_expenses_by_hh_size > 263.000,test_2024,deployed,83,25,36,311.0,0.4444444444444444,38.0,0.3611111111111111,20,14,0,0,2,0,1,19,13,1,15,6,0,11,20,0.5555555555555556,0.3055555555555556,0.5555555555555556,8715.0,4678.0,7,0.19444444444444445,post_authorization
2-3,rawben_rel_max <   0.703 & total_deductions_by_hh_size < 201.000 & unc_rawben_rel_max >=   0.698 & utilities < 586.000,train_2022_23,national,36,17,26,311.0,0.2692307692307692,44.0,0.15384615384615385,13,12,0,1,0,0,2,14,10,0,13,8,0,4,16,0.5,0.15384615384615385,0.6153846153846154,4047.0,3147.0,2,0.07692307692307693,post_authorization
2-3,rawben_rel_max <   0.703 & total_deductions_by_hh_size < 201.000 & unc_rawben_rel_max >=   0.698 & utilities < 586.000,test_2024,national,27,5,7,346.0,0.2857142857142857,37.0,0.42857142857142855,4,2,0,0,1,0,3,4,0,0,5,1,0,0,7,0.5714285714285714,0.0,1.0,1523.0,1433.0,0,0.0,post_authorization
2-3,rawben_rel_max <   0.703 & total_deductions_by_hh_size < 201.000 & unc_rawben_rel_max >=   0.698 & utilities < 586.000,test_2024,deployed,5,2,2,363.0,0.5,57.0,0.5,1,0,0,0,1,0,0,2,0,0,1,1,0,0,2,0.5,0.0,1.0,204.0,204.0,0,0.0,insufficient
4+,months_since_cert_n >= 5.000 & rawben_rel_max >= 0.607 & rawben_rel_max < 0.625,train_2022_23,national,77,32,54,311.0,0.2962962962962963,38.0,0.2962962962962963,42,11,0,1,0,0,5,30,19,0,31,11,0,12,35,0.7777777777777778,0.2222222222222222,0.6481481481481481,11762.0,5262.0,8,0.14814814814814814,post_authorization
4+,months_since_cert_n >= 5.000 & rawben_rel_max >= 0.607 & rawben_rel_max < 0.625,test_2024,national,39,9,16,311.0,0.25,35.0,0.25,7,7,1,0,1,0,1,11,4,0,8,7,0,7,12,0.4375,0.4375,0.75,2233.0,2459.0,6,0.375,mixed
4+,months_since_cert_n >= 5.000 & rawben_rel_max >= 0.607 & rawben_rel_max < 0.625,test_2024,deployed,16,4,7,311.0,0.42857142857142855,35.0,0.2857142857142857,3,3,0,0,1,0,1,5,1,0,6,1,0,3,6,0.42857142857142855,0.42857142857142855,0.8571428571428571,770.0,1062.0,2,0.2857142857142857,mixed
1,cat_elig >   0.500 & medical_deductions > 226.000 & unc_rawben_rel_max >   0.316 & unc_rawben_rel_max <=   0.991,train_2022_23,national,234,85,125,365.0,0.608,53.0,0.616,85,32,4,4,0,0,19,76,30,0,89,4,0,41,95,0.68,0.328,0.76,16882.0,10770.0,23,0.184,post_authorization
1,cat_elig >   0.500 & medical_deductions > 226.000 & unc_rawben_rel_max >   0.316 & unc_rawben_rel_max <=   0.991,test_2024,national,128,41,66,365.0,0.5909090909090909,53.0,0.3181818181818182,42,17,0,3,4,0,2,52,12,0,41,12,0,23,54,0.6363636363636364,0.3484848484848485,0.8181818181818182,9450.0,5977.0,13,0.19696969696969696,post_authorization
1,cat_elig >   0.500 & medical_deductions > 226.000 & unc_rawben_rel_max >   0.316 & unc_rawben_rel_max <=   0.991,test_2024,deployed,50,10,14,365.0,0.6428571428571429,53.0,0.35714285714285715,10,4,0,0,0,0,1,11,2,0,8,2,0,2,12,0.7142857142857143,0.14285714285714285,0.8571428571428571,2206.0,1663.0,1,0.07142857142857142,post_authorization
2-3,HH_size_n >=   3.000 & rawben_rel_max >=   0.705 & total_deductions_by_hh_size >= 347.000 & utilities >= 361.000,train_2022_23,national,203,74,117,311.0,0.17094017094017094,53.0,0.21367521367521367,70,45,0,2,0,0,11,70,36,0,60,24,0,26,81,0.5982905982905983,0.2222222222222222,0.6923076923076923,23715.0,16541.0,17,0.1452991452991453,post_authorization
2-3,HH_size_n >=   3.000 & rawben_rel_max >=   0.705 & total_deductions_by_hh_size >= 347.000 & utilities >= 361.000,test_2024,national,154,39,65,311.0,0.27692307692307694,56.0,0.15384615384615385,27,31,0,4,3,0,6,45,14,0,36,11,0,9,51,0.4153846153846154,0.13846153846153847,0.7846153846153846,17181.0,6982.0,7,0.1076923076923077,post_authorization
2-3,HH_size_n >=   3.000 & rawben_rel_max >=   0.705 & total_deductions_by_hh_size >= 347.000 & utilities >= 361.000,test_2024,deployed,35,8,12,311.0,0.4166666666666667,56.0,0.16666666666666666,6,5,0,0,1,0,0,8,4,0,7,5,0,2,8,0.5,0.16666666666666666,0.6666666666666666,2676.0,1677.0,1,0.08333333333333333,post_authorization
4+,medical_deductions <= 179.000 & rawben_rel_max >   0.777 & rawben_rel_max <=   0.817 & total_deductions_by_hh_size > 204.000,train_2022_23,national,107,42,63,311.0,0.3968253968253968,53.0,0.2222222222222222,32,29,0,2,0,0,10,30,23,0,31,10,0,16,40,0.5079365079365079,0.25396825396825395,0.6349206349206349,11023.0,6225.0,11,0.1746031746031746,post_authorization
4+,medical_deductions <= 179.000 & rawben_rel_max >   0.777 & rawben_rel_max <=   0.817 & total_deductions_by_hh_size > 204.000,test_2024,national,72,19,32,311.0,0.3125,38.0,0.15625,16,13,0,0,3,0,4,16,11,0,16,8,1,5,20,0.5,0.15625,0.625,9601.0,5149.0,4,0.125,post_authorization
4+,medical_deductions <= 179.000 & rawben_rel_max >   0.777 & rawben_rel_max <=   0.817 & total_deductions_by_hh_size > 204.000,test_2024,deployed,16,3,7,151.0,0.14285714285714285,7.0,0.14285714285714285,4,2,0,0,1,0,2,4,0,0,4,2,0,1,6,0.5714285714285714,0.14285714285714285,0.8571428571428571,2710.0,1211.0,1,0.14285714285714285,post_authorization
2-3,cat_elig >=   1.000 & medical_deductions >= 190.000 & rawben_rel_max >=   0.321 & total_deductions_by_hh_size >=  34.000,train_2022_23,national,110,43,68,365.0,0.5147058823529411,53.0,0.5294117647058824,49,17,0,2,0,0,13,40,15,0,54,4,0,26,53,0.7205882352941176,0.38235294117647056,0.7794117647058824,11609.0,7706.0,17,0.25,mixed
2-3,cat_elig >=   1.000 & medical_deductions >= 190.000 & rawben_rel_max >=   0.321 & total_deductions_by_hh_size >=  34.000,test_2024,national,63,28,40,365.0,0.35,56.0,0.225,26,11,1,0,2,0,5,20,15,0,24,3,0,16,25,0.65,0.4,0.625,6332.0,3409.0,7,0.175,post_authorization
2-3,cat_elig >=   1.000 & medical_deductions >= 190.000 & rawben_rel_max >=   0.321 & total_deductions_by_hh_size >=  34.000,test_2024,deployed,1,0,0,,,,,0,0,0,0,0,0,0,0,0,0,0,0,0,0,0,0.0,0.0,0.0,0.0,0.0,0,0.0,insufficient
4+,months_since_cert_n >   5.500 & rawben_rel_max >   0.724 & rawben_rel_max <=   0.974 & shelter_expenses_by_hh_size > 162.000,train_2022_23,national,530,178,259,311.0,0.3127413127413127,38.0,0.18146718146718147,148,101,1,9,0,0,30,130,99,0,141,74,0,76,160,0.5714285714285714,0.29343629343629346,0.6177606177606177,54234.0,35284.0,37,0.14285714285714285,post_authorization
4+,months_since_cert_n >   5.500 & rawben_rel_max >   0.724 & rawben_rel_max <=   0.974 & shelter_expenses_by_hh_size > 162.000,test_2024,national,273,90,134,311.0,0.31343283582089554,38.0,0.16417910447761194,64,56,1,2,11,0,6,62,63,0,71,36,0,26,68,0.47761194029850745,0.19402985074626866,0.5074626865671642,32855.0,18978.0,7,0.05223880597014925,post_authorization
4+,months_since_cert_n >   5.500 & rawben_rel_max >   0.724 & rawben_rel_max <=   0.974 & shelter_expenses_by_hh_size > 162.000,test_2024,deployed,97,29,46,311.0,0.2391304347826087,56.0,0.15217391304347827,22,17,0,1,6,0,0,21,23,0,18,9,0,9,21,0.4782608695652174,0.1956521739130435,0.45652173913043476,8874.0,3420.0,2,0.043478260869565216,post_authorization
4+,rawben_rel_max >=   0.832 & rawben_rel_max <   0.843 & utilities >= 410.000,train_2022_23,national,53,23,30,311.0,0.3,35.0,0.2,19,10,0,1,0,0,4,17,9,0,19,7,0,10,21,0.6333333333333333,0.3333333333333333,0.7,6303.0,4901.0,5,0.16666666666666666,post_authorization
4+,rawben_rel_max >=   0.832 & rawben_rel_max <   0.843 & utilities >= 410.000,test_2024,national,43,13,23,311.0,0.2608695652173913,38.0,0.30434782608695654,15,7,0,0,1,0,0,19,4,0,11,1,0,7,19,0.6521739130434783,0.30434782608695654,0.8260869565217391,5125.0,2717.0,5,0.21739130434782608,post_authorization
4+,rawben_rel_max >=   0.832 & rawben_rel_max <   0.843 & utilities >= 410.000,test_2024,deployed,9,2,2,311.0,0.5,38.0,0.5,1,1,0,0,0,0,0,1,1,0,1,1,0,0,1,0.5,0.0,0.5,238.0,238.0,0,0.0,insufficient
4+,months_since_cert_n >   6.500 & rawben_rel_max <=   0.998 & shelter_expenses_by_hh_size > 255.000 & unc_rawben_rel_max >   0.605,train_2022_23,national,418,142,205,311.0,0.33170731707317075,38.0,0.18048780487804877,117,80,0,6,0,2,14,102,87,0,110,55,0,58,116,0.5707317073170731,0.28292682926829266,0.5658536585365853,41146.0,25408.0,31,0.15121951219512195,post_authorization
4+,months_since_cert_n >   6.500 & rawben_rel_max <=   0.998 & shelter_expenses_by_hh_size > 255.000 & unc_rawben_rel_max >   0.605,test_2024,national,230,83,125,311.0,0.328,38.0,0.168,55,59,1,1,9,0,5,47,69,1,75,25,0,24,52,0.44,0.192,0.416,33815.0,21633.0,8,0.064,post_authorization
4+,months_since_cert_n >   6.500 & rawben_rel_max <=   0.998 & shelter_expenses_by_hh_size > 255.000 & unc_rawben_rel_max >   0.605,test_2024,deployed,16,5,5,311.0,0.4,56.0,0.4,0,5,0,0,0,0,0,3,2,0,4,0,0,0,3,0.0,0.0,0.6,894.0,700.0,0,0.0,post_authorization
4+,months_since_cert_n >=  6.000 & rawben_rel_max <  0.997 & total_deductions_by_hh_size >= 88.400 & unc_rawben_rel_max >=  0.709,train_2022_23,national,670,220,329,311.0,0.3191489361702128,38.0,0.1884498480243161,191,125,1,12,0,0,32,165,132,0,181,75,0,89,197,0.5805471124620061,0.270516717325228,0.5987841945288754,73944.0,45279.0,44,0.1337386018237082,post_authorization
4+,months_since_cert_n >=  6.000 & rawben_rel_max <  0.997 & total_deductions_by_hh_size >= 88.400 & unc_rawben_rel_max >=  0.709,test_2024,national,331,112,179,311.0,0.329608938547486,38.0,0.1564245810055866,88,74,1,2,13,1,8,72,95,0,98,43,0,37,80,0.49162011173184356,0.20670391061452514,0.44692737430167595,46739.0,24012.0,8,0.0446927374301676,post_authorization
4+,months_since_cert_n >=  6.000 & rawben_rel_max <  0.997 & total_deductions_by_hh_size >= 88.400 & unc_rawben_rel_max >=  0.709,test_2024,deployed,86,26,44,311.0,0.2727272727272727,56.0,0.18181818181818182,21,17,0,1,4,1,0,17,26,0,19,5,0,8,17,0.4772727272727273,0.18181818181818182,0.38636363636363635,8977.0,2598.0,1,0.022727272727272728,post_authorization
1,rawben_rel_max >=   0.484 & shelter_expenses_by_hh_size >= 879.000 & utilities <  31.000,train_2022_23,national,185,67,123,363.0,0.43902439024390244,53.0,0.5609756097560976,58,59,2,4,0,0,13,74,36,0,102,2,0,18,87,0.4715447154471545,0.14634146341463414,0.7073170731707317,20966.0,13788.0,9,0.07317073170731707,post_authorization
1,rawben_rel_max >=   0.484 & shelter_expenses_by_hh_size >= 879.000 & utilities <  31.000,test_2024,national,148,55,98,363.0,0.4489795918367347,53.0,0.45918367346938777,39,57,0,2,0,0,7,59,32,0,85,1,0,16,66,0.3979591836734694,0.16326530612244897,0.673469387755102,18462.0,13273.0,5,0.05102040816326531,post_authorization
1,rawben_rel_max >=   0.484 & shelter_expenses_by_hh_size >= 879.000 & utilities <  31.000,test_2024,deployed,5,3,6,363.0,0.5,53.0,0.5,1,5,0,0,0,0,0,5,1,0,6,0,0,0,5,0.16666666666666666,0.0,0.8333333333333334,1293.0,1293.0,0,0.0,post_authorization
2-3,percent_abawd >= 1.000 & rawben_rel_max >= 0.360 & rawben_rel_max < 0.784,train_2022_23,national,71,29,51,311.0,0.3333333333333333,7.0,0.13725490196078433,27,23,0,1,0,0,5,35,11,0,27,10,0,12,40,0.5294117647058824,0.23529411764705882,0.7843137254901961,7762.0,4575.0,10,0.19607843137254902,post_authorization
2-3,percent_abawd >= 1.000 & rawben_rel_max >= 0.360 & rawben_rel_max < 0.784,test_2024,national,25,5,9,311.0,0.4444444444444444,38.0,0.2222222222222222,7,2,0,0,0,0,4,4,1,0,7,1,0,3,8,0.7777777777777778,0.3333333333333333,0.8888888888888888,1777.0,1073.0,3,0.3333333333333333,mixed
2-3,percent_abawd >= 1.000 & rawben_rel_max >= 0.360 & rawben_rel_max < 0.784,test_2024,deployed,3,0,0,,,,,0,0,0,0,0,0,0,0,0,0,0,0,0,0,0,0.0,0.0,0.0,0.0,0.0,0,0.0,insufficient
2-3,medical_deductions > 131.000 & rawben_rel_max >   0.643 & unc_rawben_rel_max >   0.130,train_2022_23,national,149,55,97,365.0,0.31958762886597936,53.0,0.4948453608247423,57,37,0,3,0,0,15,66,16,0,69,11,0,31,81,0.5876288659793815,0.31958762886597936,0.8350515463917526,15656.0,9679.0,24,0.24742268041237114,post_authorization
2-3,medical_deductions > 131.000 & rawben_rel_max >   0.643 & unc_rawben_rel_max >   0.130,test_2024,national,80,24,33,365.0,0.42424242424242425,53.0,0.30303030303030304,19,6,1,1,6,0,3,20,10,0,23,4,0,14,23,0.5757575757575758,0.42424242424242425,0.696969696969697,8882.0,4552.0,5,0.15151515151515152,post_authorization
2-3,medical_deductions > 131.000 & rawben_rel_max >   0.643 & unc_rawben_rel_max >   0.130,test_2024,deployed,13,2,4,331.0,0.25,38.0,0.25,4,0,0,0,0,0,0,3,1,0,4,0,0,3,3,1.0,0.75,0.75,754.0,754.0,2,0.5,insufficient
4+,count_divisible_by_100 >=   1.000 & married >=   1.000 & rawben_rel_max >=   0.511 & utilities >= 367.000,train_2022_23,national,125,47,82,311.0,0.3048780487804878,35.0,0.25609756097560976,43,37,1,1,0,0,4,62,15,1,32,13,0,19,66,0.524390243902439,0.23170731707317074,0.8048780487804879,18619.0,5734.0,13,0.15853658536585366,post_authorization
4+,count_divisible_by_100 >=   1.000 & married >=   1.000 & rawben_rel_max >=   0.511 & utilities >= 367.000,test_2024,national,87,28,43,363.0,0.2558139534883721,38.0,0.18604651162790697,22,18,0,0,3,0,4,28,9,0,18,11,0,9,32,0.5116279069767442,0.20930232558139536,0.7441860465116279,9091.0,5517.0,8,0.18604651162790697,post_authorization
4+,count_divisible_by_100 >=   1.000 & married >=   1.000 & rawben_rel_max >=   0.511 & utilities >= 367.000,test_2024,deployed,16,5,6,311.0,0.3333333333333333,37.0,0.16666666666666666,3,3,0,0,0,0,0,5,1,0,3,1,0,1,5,0.5,0.16666666666666666,0.8333333333333334,2091.0,1883.0,1,0.16666666666666666,post_authorization
2-3,elderly_disabled_i >=   1.000 & total_deductions_by_hh_size >= 524.000 & unc_rawben_rel_max <   0.943,train_2022_23,national,206,73,130,363.0,0.3076923076923077,53.0,0.3076923076923077,64,66,0,0,0,0,20,75,35,0,90,17,0,30,95,0.49230769230769234,0.23076923076923078,0.7307692307692307,18746.0,11716.0,20,0.15384615384615385,post_authorization
2-3,elderly_disabled_i >=   1.000 & total_deductions_by_hh_size >= 524.000 & unc_rawben_rel_max <   0.943,test_2024,national,146,52,78,363.0,0.358974358974359,56.0,0.24358974358974358,32,42,1,0,3,0,3,51,23,1,50,10,0,16,54,0.41025641025641024,0.20512820512820512,0.6923076923076923,13407.0,9876.0,9,0.11538461538461539,post_authorization
2-3,elderly_disabled_i >=   1.000 & total_deductions_by_hh_size >= 524.000 & unc_rawben_rel_max <   0.943,test_2024,deployed,1,0,0,,,,,0,0,0,0,0,0,0,0,0,0,0,0,0,0,0,0.0,0.0,0.0,0.0,0.0,0,0.0,insufficient
2-3,medical_deductions > 131.000 & rawben_rel_max >   0.148 & unc_rawben_rel_max >   0.494,train_2022_23,national,216,76,128,365.0,0.34375,53.0,0.484375,77,47,0,4,0,0,17,89,22,0,93,13,0,43,106,0.6015625,0.3359375,0.828125,19305.0,12853.0,31,0.2421875,post_authorization
2-3,medical_deductions > 131.000 & rawben_rel_max >   0.148 & unc_rawben_rel_max >   0.494,test_2024,national,128,37,59,365.0,0.3220338983050847,56.0,0.22033898305084745,36,14,1,2,6,0,4,35,20,0,33,9,0,18,39,0.6101694915254238,0.3050847457627119,0.6610169491525424,12667.0,6227.0,7,0.11864406779661017,post_authorization
2-3,medical_deductions > 131.000 & rawben_rel_max >   0.148 & unc_rawben_rel_max >   0.494,test_2024,deployed,26,5,10,363.0,0.4,56.0,0.3,8,1,0,1,0,0,0,9,1,0,7,3,0,4,9,0.8,0.4,0.9,2523.0,1644.0,3,0.3,mixed
4+,months_since_cert_n >=   2.000 & rawben_rel_max <   0.997 & shelter_expenses_by_hh_size < 428.000 & total_deductions_by_hh_size >= 243.000,train_2022_23,national,410,136,219,311.0,0.2968036529680365,53.0,0.1963470319634703,118,89,0,12,0,0,11,142,66,0,98,49,0,69,153,0.5388127853881278,0.3150684931506849,0.6986301369863014,42753.0,25907.0,48,0.2191780821917808,post_authorization
4+,months_since_cert_n >=   2.000 & rawben_rel_max <   0.997 & shelter_expenses_by_hh_size < 428.000 & total_deductions_by_hh_size >= 243.000,test_2024,national,291,89,133,311.0,0.3609022556390977,56.0,0.21052631578947367,69,44,1,1,18,0,8,81,40,0,70,23,0,44,89,0.518796992481203,0.3308270676691729,0.6691729323308271,27753.0,17380.0,23,0.17293233082706766,post_authorization
4+,months_since_cert_n >=   2.000 & rawben_rel_max <   0.997 & shelter_expenses_by_hh_size < 428.000 & total_deductions_by_hh_size >= 243.000,test_2024,deployed,67,14,20,311.0,0.35,56.0,0.25,10,8,0,0,2,0,3,14,2,0,13,6,0,5,17,0.5,0.25,0.85,4109.0,3319.0,4,0.2,post_authorization
4+,count_divisible_by_100 >   0.500 & HH_size_n >   4.500 & rawben_rel_max <=   0.948 & shelter_expenses_by_hh_size > 178.000,train_2022_23,national,185,66,108,311.0,0.28703703703703703,35.0,0.18518518518518517,58,47,1,2,0,0,5,84,19,0,45,24,0,24,89,0.5370370370370371,0.2222222222222222,0.8240740740740741,24828.0,12868.0,16,0.14814814814814814,post_authorization
4+,count_divisible_by_100 >   0.500 & HH_size_n >   4.500 & rawben_rel_max <=   0.948 & shelter_expenses_by_hh_size > 178.000,test_2024,national,102,32,51,311.0,0.3137254901960784,35.0,0.19607843137254902,23,21,0,0,7,0,1,33,14,0,26,17,0,11,34,0.45098039215686275,0.21568627450980393,0.6666666666666666,10036.0,5994.0,8,0.1568627450980392,post_authorization
4+,count_divisible_by_100 >   0.500 & HH_size_n >   4.500 & rawben_rel_max <=   0.948 & shelter_expenses_by_hh_size > 178.000,test_2024,deployed,17,5,8,311.0,0.25,53.0,0.375,3,3,0,0,2,0,0,4,3,0,4,2,0,2,4,0.375,0.25,0.5,996.0,775.0,1,0.125,post_authorization
4+,expedited_i <=   0.5 & months_since_cert_n >   5.5 & total_deductions_by_hh_size > 208.0,train_2022_23,national,552,179,294,311.0,0.3299319727891156,38.0,0.1870748299319728,150,125,0,19,0,0,23,149,122,0,157,60,2,71,172,0.5102040816326531,0.24149659863945577,0.5850340136054422,65706.0,43707.0,33,0.11224489795918367,post_authorization
4+,expedited_i <=   0.5 & months_since_cert_n >   5.5 & total_deductions_by_hh_size > 208.0,test_2024,national,332,102,166,311.0,0.3674698795180723,38.0,0.16265060240963855,83,71,0,1,11,0,4,67,91,1,100,24,0,39,71,0.5,0.23493975903614459,0.42771084337349397,47941.0,25878.0,17,0.10240963855421686,post_authorization
4+,expedited_i <=   0.5 & months_since_cert_n >   5.5 & total_deductions_by_hh_size > 208.0,test_2024,deployed,12,8,11,311.0,0.5454545454545454,41.0,0.2727272727272727,4,6,0,0,1,0,1,3,7,0,10,1,0,3,4,0.36363636363636365,0.2727272727272727,0.36363636363636365,2765.0,2765.0,2,0.18181818181818182,post_authorization
1,medical_deductions > 96.200 & rawben_rel_max >  0.885 & rawben_rel_max <=  0.998 & unc_rawben_rel_max >  0.279,train_2022_23,national,249,86,121,365.0,0.5619834710743802,53.0,0.6776859504132231,87,30,3,1,0,0,26,71,23,1,92,2,0,46,97,0.71900826446281,0.38016528925619836,0.8016528925619835,15815.0,9467.0,33,0.2727272727272727,mixed
1,medical_deductions > 96.200 & rawben_rel_max >  0.885 & rawben_rel_max <=  0.998 & unc_rawben_rel_max >  0.279,test_2024,national,135,36,53,365.0,0.4716981132075472,53.0,0.5094339622641509,37,12,0,2,2,0,4,38,11,0,43,1,0,18,42,0.6981132075471698,0.33962264150943394,0.7924528301886793,7352.0,5024.0,10,0.18867924528301888,post_authorization
1,medical_deductions > 96.200 & rawben_rel_max >  0.885 & rawben_rel_max <=  0.998 & unc_rawben_rel_max >  0.279,test_2024,deployed,16,0,0,,,,,0,0,0,0,0,0,0,0,0,0,0,0,0,0,0,0.0,0.0,0.0,0.0,0.0,0,0.0,insufficient
1,rawben_rel_max <   0.992 & total_deductions_by_hh_size >= 535.000 & unc_rawben_rel_max >=   0.964 & utilities < 645.000,train_2022_23,national,454,149,198,363.0,0.6464646464646465,53.0,0.6565656565656566,95,101,2,0,0,0,31,131,36,0,144,3,0,28,162,0.4797979797979798,0.1414141414141414,0.8181818181818182,29278.0,16684.0,22,0.1111111111111111,post_authorization
1,rawben_rel_max <   0.992 & total_deductions_by_hh_size >= 535.000 & unc_rawben_rel_max >=   0.964 & utilities < 645.000,test_2024,national,225,84,119,363.0,0.6302521008403361,56.0,0.3865546218487395,60,57,0,2,0,0,8,78,33,0,92,2,0,16,86,0.5042016806722689,0.13445378151260504,0.7226890756302521,19172.0,13848.0,9,0.07563025210084033,post_authorization
1,rawben_rel_max <   0.992 & total_deductions_by_hh_size >= 535.000 & unc_rawben_rel_max >=   0.964 & utilities < 645.000,test_2024,deployed,38,10,12,363.0,0.8333333333333334,56.0,0.4166666666666667,5,7,0,0,0,0,0,12,0,0,10,0,0,2,12,0.4166666666666667,0.16666666666666666,1.0,1648.0,1565.0,2,0.16666666666666666,post_authorization
1,rawben_rel_max <=   0.991 & total_deductions_by_hh_size > 604.000 & unc_rawben_rel_max >   0.985 & utilities <= 368.000,train_2022_23,national,61,41,57,363.0,0.6842105263157895,53.0,0.7719298245614035,30,26,1,0,0,0,11,37,9,0,40,1,0,5,48,0.5263157894736842,0.08771929824561403,0.8421052631578947,9492.0,4703.0,3,0.05263157894736842,post_authorization
1,rawben_rel_max <=   0.991 & total_deductions_by_hh_size > 604.000 & unc_rawben_rel_max >   0.985 & utilities <= 368.000,test_2024,national,48,32,55,363.0,0.5636363636363636,53.0,0.43636363636363634,27,26,0,2,0,0,4,30,21,0,51,0,0,9,34,0.4909090909090909,0.16363636363636364,0.6181818181818182,10533.0,8239.0,3,0.05454545454545454,post_authorization
1,rawben_rel_max <=   0.991 & total_deductions_by_hh_size > 604.000 & unc_rawben_rel_max >   0.985 & utilities <= 368.000,test_2024,deployed,17,10,15,363.0,0.6,53.0,0.4666666666666667,8,7,0,0,0,0,2,11,2,0,12,0,0,1,13,0.5333333333333333,0.06666666666666667,0.8666666666666667,2988.0,1810.0,1,0.06666666666666667,post_authorization
4+,elderly_disabled_i <=   0.5 & medical_deductions <=  67.0 & shelter_expenses_by_hh_size > 263.0 & total_deductions_by_hh_size > 244.0,train_2022_23,national,770,188,296,311.0,0.34797297297297297,38.0,0.15878378378378377,156,128,0,12,0,0,27,187,82,0,140,75,2,68,214,0.527027027027027,0.22972972972972974,0.722972972972973,57886.0,43830.0,51,0.17229729729729729,post_authorization
4+,elderly_disabled_i <=   0.5 & medical_deductions <=  67.0 & shelter_expenses_by_hh_size > 263.0 & total_deductions_by_hh_size > 244.0,test_2024,national,646,189,295,311.0,0.3694915254237288,56.0,0.15932203389830507,159,112,1,2,21,0,25,195,72,0,164,50,2,70,220,0.5389830508474577,0.23728813559322035,0.7457627118644068,60716.0,35692.0,49,0.16610169491525423,post_authorization
4+,elderly_disabled_i <=   0.5 & medical_deductions <=  67.0 & shelter_expenses_by_hh_size > 263.0 & total_deductions_by_hh_size > 244.0,test_2024,deployed,20,6,6,311.0,0.5,38.0,0.3333333333333333,2,4,0,0,0,0,1,2,3,0,4,2,0,1,3,0.3333333333333333,0.16666666666666666,0.5,1736.0,1736.0,1,0.16666666666666666,post_authorization
4+,elderly_disabled_i <=   0.5 & shelter_expenses_by_hh_size <= 471.0 & total_deductions_by_hh_size > 244.0,train_2022_23,national,624,177,284,311.0,0.31338028169014087,53.0,0.1936619718309859,149,121,0,14,0,0,18,198,68,0,134,56,0,73,216,0.5246478873239436,0.25704225352112675,0.7605633802816901,57485.0,37304.0,58,0.20422535211267606,post_authorization
4+,elderly_disabled_i <=   0.5 & shelter_expenses_by_hh_size <= 471.0 & total_deductions_by_hh_size > 244.0,test_2024,national,452,139,227,311.0,0.32599118942731276,56.0,0.1762114537444934,126,77,1,2,21,0,19,153,50,0,115,38,0,62,172,0.5550660792951542,0.27312775330396477,0.7577092511013216,47626.0,25437.0,38,0.16740088105726872,post_authorization
4+,elderly_disabled_i <=   0.5 & shelter_expenses_by_hh_size <= 471.0 & total_deductions_by_hh_size > 244.0,test_2024,deployed,12,5,5,311.0,0.4,99.0,0.2,2,3,0,0,0,0,1,2,2,0,3,2,0,1,3,0.4,0.2,0.6,1571.0,1571.0,1,0.2,post_authorization
4+,HH_size_n <=   6.500 & shelter_expenses_by_hh_size <= 461.000 & total_deductions_by_hh_size > 221.000 & unc_rawben_rel_max <=   0.831,train_2022_23,national,829,242,381,311.0,0.30183727034120733,53.0,0.1732283464566929,211,151,1,18,0,0,30,253,98,0,171,82,0,99,283,0.5538057742782152,0.25984251968503935,0.7427821522309711,72131.0,52706.0,72,0.1889763779527559,post_authorization
4+,HH_size_n <=   6.500 & shelter_expenses_by_hh_size <= 461.000 & total_deductions_by_hh_size > 221.000 & unc_rawben_rel_max <=   0.831,test_2024,national,530,151,248,311.0,0.3346774193548387,56.0,0.17338709677419356,134,91,1,2,20,0,17,167,61,0,111,47,0,61,184,0.5403225806451613,0.24596774193548387,0.7419354838709677,54035.0,27902.0,37,0.14919354838709678,post_authorization
4+,HH_size_n <=   6.500 & shelter_expenses_by_hh_size <= 461.000 & total_deductions_by_hh_size > 221.000 & unc_rawben_rel_max <=   0.831,test_2024,deployed,16,6,6,311.0,0.5,38.0,0.3333333333333333,2,4,0,0,0,0,1,2,3,0,4,2,0,2,3,0.3333333333333333,0.3333333333333333,0.5,1607.0,1607.0,1,0.16666666666666666,post_authorization
4+,rawben_rel_max <=   0.983 & shelter_expenses_by_hh_size > 260.000 & total_deductions_by_hh_size > 244.000,train_2022_23,national,860,214,335,311.0,0.3283582089552239,38.0,0.1582089552238806,176,145,0,14,0,0,31,213,91,0,162,87,2,83,244,0.5253731343283582,0.24776119402985075,0.7283582089552239,64679.0,47540.0,58,0.17313432835820897,post_authorization
4+,rawben_rel_max <=   0.983 & shelter_expenses_by_hh_size > 260.000 & total_deductions_by_hh_size > 244.000,test_2024,national,721,219,351,311.0,0.35327635327635326,56.0,0.16809116809116809,186,134,1,3,27,0,26,231,90,0,183,54,2,81,257,0.5299145299145299,0.23076923076923078,0.7321937321937322,76439.0,42005.0,54,0.15384615384615385,post_authorization
4+,rawben_rel_max <=   0.983 & shelter_expenses_by_hh_size > 260.000 & total_deductions_by_hh_size > 244.000,test_2024,deployed,22,6,6,311.0,0.5,38.0,0.3333333333333333,2,4,0,0,0,0,1,2,3,0,4,2,0,1,3,0.3333333333333333,0.16666666666666666,0.5,1736.0,1736.0,1,0.16666666666666666,post_authorization
4+,percent_abawd <=   0.183 & shelter_expenses_by_hh_size > 260.000 & total_deductions_by_hh_size > 244.000,train_2022_23,national,888,213,331,311.0,0.3293051359516616,53.0,0.1661631419939577,174,141,0,16,0,0,25,213,93,0,159,76,2,83,238,0.525679758308157,0.25075528700906347,0.7190332326283988,67735.0,46514.0,54,0.16314199395770393,post_authorization
4+,percent_abawd <=   0.183 & shelter_expenses_by_hh_size > 260.000 & total_deductions_by_hh_size > 244.000,test_2024,national,743,215,345,311.0,0.34202898550724636,56.0,0.16231884057971013,181,135,1,2,26,0,26,219,96,0,184,45,2,78,245,0.5246376811594203,0.22608695652173913,0.7101449275362319,76372.0,41574.0,50,0.14492753623188406,post_authorization
4+,percent_abawd <=   0.183 & shelter_expenses_by_hh_size > 260.000 & total_deductions_by_hh_size > 244.000,test_2024,deployed,23,5,5,311.0,0.6,38.0,0.4,1,4,0,0,0,0,1,1,3,0,3,2,0,1,2,0.2,0.2,0.4,1520.0,1520.0,1,0.2,post_authorization
4+,elderly_disabled_i <=   0.5 & HH_size_n <=   5.5 & total_deductions_by_hh_size > 236.0,train_2022_23,national,946,243,388,311.0,0.3427835051546392,38.0,0.17783505154639176,209,162,0,17,0,0,34,245,109,0,186,91,2,95,279,0.538659793814433,0.24484536082474226,0.7190721649484536,77168.0,55273.0,70,0.18041237113402062,post_authorization
4+,elderly_disabled_i <=   0.5 & HH_size_n <=   5.5 & total_deductions_by_hh_size > 236.0,test_2024,national,723,197,312,311.0,0.3525641025641026,56.0,0.15705128205128205,166,118,1,2,25,0,23,206,78,0,175,50,2,74,229,0.532051282051282,0.23717948717948717,0.7339743589743589,65527.0,37713.0,47,0.15064102564102563,post_authorization
4+,elderly_disabled_i <=   0.5 & HH_size_n <=   5.5 & total_deductions_by_hh_size > 236.0,test_2024,deployed,21,5,5,311.0,0.4,38.0,0.4,2,3,0,0,0,0,1,2,2,0,3,2,0,1,3,0.4,0.2,0.6,818.0,818.0,1,0.2,post_authorization
4+,elderly_disabled_i <=   0.5 & HH_size_n <=   5.5 & total_deductions_by_hh_size > 229.0,train_2022_23,national,1055,272,438,311.0,0.3470319634703196,38.0,0.1872146118721461,235,181,0,22,0,0,44,270,124,0,212,96,2,105,314,0.5365296803652968,0.23972602739726026,0.7168949771689498,89249.0,62563.0,77,0.17579908675799086,post_authorization
4+,elderly_disabled_i <=   0.5 & HH_size_n <=   5.5 & total_deductions_by_hh_size > 229.0,test_2024,national,780,212,335,311.0,0.35522388059701493,56.0,0.15223880597014924,179,126,1,2,27,0,23,222,84,1,185,58,2,79,245,0.5343283582089552,0.23582089552238805,0.7313432835820896,71397.0,40777.0,50,0.14925373134328357,post_authorization
4+,elderly_disabled_i <=   0.5 & HH_size_n <=   5.5 & total_deductions_by_hh_size > 229.0,test_2024,deployed,24,6,6,311.0,0.5,38.0,0.3333333333333333,2,4,0,0,0,0,1,2,3,0,4,2,0,2,3,0.3333333333333333,0.3333333333333333,0.5,1428.0,1428.0,1,0.16666666666666666,post_authorization
1,months_since_cert_n >=   8.00 & unc_rawben_rel_max >=   1.93 & utilities < 366.00,train_2022_23,national,31,20,30,331.0,0.43333333333333335,37.0,0.23333333333333334,21,7,0,2,0,0,2,8,20,0,29,0,0,6,10,0.7,0.2,0.3333333333333333,4532.0,4039.0,3,0.1,post_authorization
1,months_since_cert_n >=   8.00 & unc_rawben_rel_max >=   1.93 & utilities < 366.00,test_2024,national,15,10,15,331.0,0.26666666666666666,35.0,0.3333333333333333,11,4,0,0,0,0,1,6,8,0,14,0,0,4,7,0.7333333333333333,0.26666666666666666,0.4666666666666667,3062.0,2682.0,3,0.2,post_authorization
1,months_since_cert_n >=   8.00 & unc_rawben_rel_max >=   1.93 & utilities < 366.00,test_2024,deployed,3,2,2,331.0,1.0,35.0,0.5,1,1,0,0,0,0,0,0,2,0,2,0,0,0,0,0.5,0.0,0.0,227.0,227.0,0,0.0,insufficient
4+,elderly_disabled_i <=   0.5 & shelter_expenses_by_hh_size > 163.0 & total_deductions_by_hh_size > 221.0,train_2022_23,national,1211,314,498,311.0,0.3293172690763052,38.0,0.1706827309236948,268,211,1,18,0,0,42,322,134,0,234,111,2,124,364,0.5381526104417671,0.24899598393574296,0.7309236947791165,99595.0,70930.0,87,0.1746987951807229,post_authorization
4+,elderly_disabled_i <=   0.5 & shelter_expenses_by_hh_size > 163.0 & total_deductions_by_hh_size > 221.0,test_2024,national,896,247,388,311.0,0.3634020618556701,56.0,0.15206185567010308,206,149,1,2,30,0,27,251,104,1,217,67,2,93,278,0.5309278350515464,0.23969072164948454,0.7164948453608248,87002.0,49441.0,60,0.15463917525773196,post_authorization
4+,elderly_disabled_i <=   0.5 & shelter_expenses_by_hh_size > 163.0 & total_deductions_by_hh_size > 221.0,test_2024,deployed,29,8,8,311.0,0.625,38.0,0.375,2,6,0,0,0,0,1,2,5,0,6,2,0,2,3,0.25,0.25,0.375,2629.0,2629.0,1,0.125,post_authorization
4+,HH_size_n <=   5.5 & months_since_cert_n >   2.5 & shelter_expenses_by_hh_size > 338.0 & total_deductions_by_hh_size > 153.0,train_2022_23,national,946,232,365,311.0,0.32602739726027397,38.0,0.1863013698630137,185,166,0,14,0,0,26,204,135,0,199,87,2,90,230,0.5068493150684932,0.2465753424657534,0.6301369863013698,80515.0,58850.0,51,0.13972602739726028,post_authorization
4+,HH_size_n <=   5.5 & months_since_cert_n >   2.5 & shelter_expenses_by_hh_size > 338.0 & total_deductions_by_hh_size > 153.0,test_2024,national,681,191,294,311.0,0.3707482993197279,38.0,0.14285714285714285,141,131,1,2,19,0,14,153,124,0,153,56,2,70,167,0.47959183673469385,0.23809523809523808,0.5680272108843537,72720.0,42719.0,39,0.1326530612244898,post_authorization
4+,HH_size_n <=   5.5 & months_since_cert_n >   2.5 & shelter_expenses_by_hh_size > 338.0 & total_deductions_by_hh_size > 153.0,test_2024,deployed,17,4,4,350.0,0.5,99.0,0.25,1,3,0,0,0,0,0,1,3,0,3,1,0,2,1,0.25,0.5,0.25,1503.0,1503.0,1,0.25,insufficient
2-3,married <= 0.500 & months_since_cert_n > 1.500 & rawben_rel_max > 0.997 & unc_rawben_rel_max > 1.520,train_2022_23,national,81,43,57,311.0,0.2807017543859649,38.0,0.2982456140350877,31,26,0,0,0,0,6,29,22,0,44,1,0,16,35,0.543859649122807,0.2807017543859649,0.6140350877192983,13371.0,11887.0,12,0.21052631578947367,post_authorization
2-3,married <= 0.500 & months_since_cert_n > 1.500 & rawben_rel_max > 0.997 & unc_rawben_rel_max > 1.520,test_2024,national,58,18,29,311.0,0.27586206896551724,99.0,0.1724137931034483,9,15,0,0,5,0,2,21,6,0,17,1,0,6,23,0.3103448275862069,0.20689655172413793,0.7931034482758621,10066.0,4755.0,4,0.13793103448275862,post_authorization
2-3,married <= 0.500 & months_since_cert_n > 1.500 & rawben_rel_max > 0.997 & unc_rawben_rel_max > 1.520,test_2024,deployed,8,4,6,311.0,0.5,35.0,0.3333333333333333,1,4,0,0,1,0,0,4,2,0,4,1,0,0,4,0.16666666666666666,0.0,0.6666666666666666,2442.0,1733.0,0,0.0,post_authorization
4+,HH_size_n <=   6.50 & rawben_rel_max <=   0.91 & shelter_expenses_by_hh_size > 338.00 & total_deductions_by_hh_size > 197.00,train_2022_23,national,1080,250,411,311.0,0.32116788321167883,38.0,0.17274939172749393,221,174,0,16,0,0,37,250,124,0,199,101,2,101,287,0.537712895377129,0.24574209245742093,0.6982968369829684,85356.0,58915.0,65,0.15815085158150852,post_authorization
4+,HH_size_n <=   6.50 & rawben_rel_max <=   0.91 & shelter_expenses_by_hh_size > 338.00 & total_deductions_by_hh_size > 197.00,test_2024,national,800,225,371,311.0,0.3638814016172507,38.0,0.14555256064690028,190,151,1,2,27,0,23,239,106,0,194,65,2,83,262,0.5121293800539084,0.22371967654986524,0.706199460916442,85286.0,47050.0,57,0.15363881401617252,post_authorization
4+,HH_size_n <=   6.50 & rawben_rel_max <=   0.91 & shelter_expenses_by_hh_size > 338.00 & total_deductions_by_hh_size > 197.00,test_2024,deployed,22,3,3,350.0,0.3333333333333333,99.0,0.3333333333333333,1,2,0,0,0,0,1,1,1,0,1,2,0,1,2,0.3333333333333333,0.3333333333333333,0.6666666666666666,319.0,319.0,1,0.3333333333333333,insufficient
4+,HH_size_n <=   6 & shelter_expenses_by_hh_size > 338 & shelter_expenses_by_hh_size <= 459 & total_deductions_by_hh_size > 165,train_2022_23,national,918,224,360,311.0,0.3138888888888889,38.0,0.17222222222222222,188,156,0,16,0,0,24,234,102,0,179,79,0,94,258,0.5222222222222223,0.2611111111111111,0.7166666666666667,70445.0,48317.0,60,0.16666666666666666,post_authorization
4+,HH_size_n <=   6 & shelter_expenses_by_hh_size > 338 & shelter_expenses_by_hh_size <= 459 & total_deductions_by_hh_size > 165,test_2024,national,706,189,307,311.0,0.3355048859934853,38.0,0.1498371335504886,162,117,1,2,25,0,20,189,94,0,141,65,0,74,209,0.5276872964169381,0.24104234527687296,0.6807817589576547,70320.0,38142.0,43,0.14006514657980457,post_authorization
4+,HH_size_n <=   6 & shelter_expenses_by_hh_size > 338 & shelter_expenses_by_hh_size <= 459 & total_deductions_by_hh_size > 165,test_2024,deployed,18,4,4,350.0,0.5,99.0,0.25,1,3,0,0,0,0,1,1,2,0,2,2,0,2,2,0.25,0.5,0.5,1401.0,1401.0,1,0.25,insufficient
4+,HH_size_n <   5 & months_since_cert_n >=   5 & total_deductions_by_hh_size >= 150,train_2022_23,national,1028,231,346,311.0,0.34971098265895956,38.0,0.17630057803468208,174,151,0,21,0,0,32,164,150,0,184,83,2,86,196,0.5028901734104047,0.24855491329479767,0.5664739884393064,73820.0,50288.0,37,0.1069364161849711,post_authorization
4+,HH_size_n <   5 & months_since_cert_n >=   5 & total_deductions_by_hh_size >= 150,test_2024,national,575,151,240,311.0,0.32916666666666666,35.0,0.14583333333333334,113,110,0,3,14,0,13,112,112,0,141,48,1,52,125,0.4708333333333333,0.21666666666666667,0.5208333333333334,56668.0,33185.0,21,0.0875,post_authorization
4+,HH_size_n <   5 & months_since_cert_n >=   5 & total_deductions_by_hh_size >= 150,test_2024,deployed,17,5,5,311.0,0.4,35.0,0.4,2,3,0,0,0,0,1,1,3,0,4,1,0,3,2,0.4,0.6,0.4,1382.0,1382.0,1,0.2,post_authorization
1,elderly_disabled_i >=   1.00 & rawben_rel_max >=   1.00 & unc_rawben_rel_max >=   1.52 & utilities < 313.00,train_2022_23,national,142,69,89,331.0,0.550561797752809,37.0,0.33707865168539325,52,31,2,4,0,0,5,33,51,0,68,0,0,18,38,0.5842696629213483,0.20224719101123595,0.42696629213483145,15968.0,12195.0,5,0.056179775280898875,post_authorization
1,elderly_disabled_i >=   1.00 & rawben_rel_max >=   1.00 & unc_rawben_rel_max >=   1.52 & utilities < 313.00,test_2024,national,59,31,39,331.0,0.38461538461538464,35.0,0.358974358974359,23,15,0,1,0,0,6,13,20,0,36,0,0,11,19,0.5897435897435898,0.28205128205128205,0.48717948717948717,8059.0,6705.0,5,0.1282051282051282,post_authorization
1,elderly_disabled_i >=   1.00 & rawben_rel_max >=   1.00 & unc_rawben_rel_max >=   1.52 & utilities < 313.00,test_2024,deployed,45,23,26,331.0,0.5,35.0,0.34615384615384615,14,11,0,1,0,0,5,9,12,0,24,0,0,7,14,0.5384615384615384,0.2692307692307692,0.5384615384615384,5241.0,4446.0,2,0.07692307692307693,post_authorization
4+,months_since_cert_n >   5.500 & shelter_expenses_by_hh_size > 156.000 & total_deductions_by_hh_size >   1.380 & unc_rawben_rel_max <=   0.834,train_2022_23,national,1354,367,590,311.0,0.3271186440677966,38.0,0.19152542372881357,328,240,1,19,0,2,44,280,264,0,279,158,2,140,324,0.5559322033898305,0.23728813559322035,0.5491525423728814,120207.0,73743.0,80,0.13559322033898305,post_authorization
4+,months_since_cert_n >   5.500 & shelter_expenses_by_hh_size > 156.000 & total_deductions_by_hh_size >   1.380 & unc_rawben_rel_max <=   0.834,test_2024,national,656,194,318,311.0,0.3553459119496855,38.0,0.18238993710691823,155,142,2,3,16,0,14,136,167,1,166,75,0,83,150,0.48742138364779874,0.2610062893081761,0.4716981132075472,74107.0,42859.0,33,0.10377358490566038,post_authorization
4+,months_since_cert_n >   5.500 & shelter_expenses_by_hh_size > 156.000 & total_deductions_by_hh_size >   1.380 & unc_rawben_rel_max <=   0.834,test_2024,deployed,17,9,9,311.0,0.7777777777777778,38.0,0.3333333333333333,3,6,0,0,0,0,0,1,8,0,8,1,0,3,1,0.3333333333333333,0.3333333333333333,0.1111111111111111,2215.0,2215.0,0,0.0,post_authorization
1,elderly_disabled_i >   0.500 & rawben_rel_max >   0.881 & shelter_expenses_by_hh_size > 474.000 & utilities <=  28.500,train_2022_23,national,139,67,111,363.0,0.34234234234234234,53.0,0.5405405405405406,61,46,3,1,0,0,21,56,34,0,87,2,0,19,77,0.5495495495495496,0.17117117117117117,0.6936936936936937,18170.0,11485.0,7,0.06306306306306306,post_authorization
1,elderly_disabled_i >   0.500 & rawben_rel_max >   0.881 & shelter_expenses_by_hh_size > 474.000 & utilities <=  28.500,test_2024,national,89,43,75,363.0,0.4,53.0,0.36,36,37,0,2,0,0,3,37,34,1,67,2,0,16,40,0.48,0.21333333333333335,0.5333333333333333,14036.0,10682.0,5,0.06666666666666667,post_authorization
1,elderly_disabled_i >   0.500 & rawben_rel_max >   0.881 & shelter_expenses_by_hh_size > 474.000 & utilities <=  28.500,test_2024,deployed,27,6,10,363.0,0.3,35.0,0.3,4,6,0,0,0,0,1,5,3,1,10,0,0,3,6,0.4,0.3,0.6,1635.0,1099.0,0,0.0,post_authorization
1,elderly_disabled_i >   0.50 & unc_rawben_rel_max >   1.93 & utilities <= 365.00,train_2022_23,national,85,43,58,331.0,0.5344827586206896,37.0,0.27586206896551724,37,15,2,4,0,0,3,21,34,0,45,0,0,15,24,0.6379310344827587,0.25862068965517243,0.41379310344827586,9174.0,7176.0,6,0.10344827586206896,post_authorization
1,elderly_disabled_i >   0.50 & unc_rawben_rel_max >   1.93 & utilities <= 365.00,test_2024,national,32,13,18,331.0,0.2777777777777778,35.0,0.3888888888888889,12,6,0,0,0,0,2,8,8,0,17,0,0,4,10,0.6666666666666666,0.2222222222222222,0.5555555555555556,3467.0,3087.0,3,0.16666666666666666,post_authorization
1,elderly_disabled_i >   0.50 & unc_rawben_rel_max >   1.93 & utilities <= 365.00,test_2024,deployed,5,0,0,,,,,0,0,0,0,0,0,0,0,0,0,0,0,0,0,0,0.0,0.0,0.0,0.0,0.0,0,0.0,insufficient
4+,elderly_disabled_i <= 0.500 & months_since_cert_n > 5.500 & rawben_rel_max > 0.372 & unc_rawben_rel_max <= 0.834,train_2022_23,national,1154,334,515,311.0,0.3941747572815534,38.0,0.18446601941747573,283,215,2,13,0,2,30,252,231,0,248,143,3,120,282,0.5495145631067961,0.23300970873786409,0.5475728155339806,106195.0,72264.0,72,0.13980582524271845,post_authorization
4+,elderly_disabled_i <= 0.500 & months_since_cert_n > 5.500 & rawben_rel_max > 0.372 & unc_rawben_rel_max <= 0.834,test_2024,national,542,156,256,311.0,0.3828125,38.0,0.15625,129,110,1,1,15,0,16,113,125,1,139,54,0,62,129,0.50390625,0.2421875,0.50390625,63893.0,40390.0,33,0.12890625,post_authorization
4+,elderly_disabled_i <= 0.500 & months_since_cert_n > 5.500 & rawben_rel_max > 0.372 & unc_rawben_rel_max <= 0.834,test_2024,deployed,14,5,5,311.0,0.8,38.0,0.2,3,2,0,0,0,0,0,1,4,0,4,1,0,1,1,0.6,0.2,0.2,1414.0,1414.0,0,0.0,post_authorization
4+,months_since_cert_n >=   6.000 & rawben_rel_max <   0.884 & shelter_expenses_by_hh_size >= 167.000,train_2022_23,national,1420,392,634,311.0,0.31545741324921134,38.0,0.19242902208201892,356,254,1,21,0,2,49,305,278,0,301,178,2,160,354,0.5615141955835962,0.25236593059936907,0.5583596214511041,128072.0,78279.0,88,0.138801261829653,post_authorization
4+,months_since_cert_n >=   6.000 & rawben_rel_max <   0.884 & shelter_expenses_by_hh_size >= 167.000,test_2024,national,702,208,340,311.0,0.3588235294117647,38.0,0.18823529411764706,166,152,2,3,17,0,15,151,173,1,184,79,0,92,166,0.48823529411764705,0.27058823529411763,0.48823529411764705,80548.0,47832.0,35,0.10294117647058823,post_authorization
4+,months_since_cert_n >=   6.000 & rawben_rel_max <   0.884 & shelter_expenses_by_hh_size >= 167.000,test_2024,deployed,19,9,9,311.0,0.7777777777777778,38.0,0.3333333333333333,3,6,0,0,0,0,0,1,8,0,8,1,0,3,1,0.3333333333333333,0.3333333333333333,0.1111111111111111,2215.0,2215.0,0,0.0,post_authorization
4+,HH_size_n <=   4.500 & rawben_rel_max <=   0.834 & total_deductions_by_hh_size > 154.000,train_2022_23,national,1438,321,481,311.0,0.3305613305613306,38.0,0.17255717255717257,253,208,1,19,0,0,53,292,136,0,240,124,2,117,345,0.525987525987526,0.24324324324324326,0.7172557172557172,89835.0,60362.0,82,0.1704781704781705,post_authorization
4+,HH_size_n <=   4.500 & rawben_rel_max <=   0.834 & total_deductions_by_hh_size > 154.000,test_2024,national,823,214,340,311.0,0.3588235294117647,38.0,0.1411764705882353,166,142,1,4,27,0,24,215,99,0,174,73,2,75,239,0.48823529411764705,0.22058823529411764,0.7029411764705882,69788.0,40781.0,45,0.1323529411764706,post_authorization
4+,HH_size_n <=   4.500 & rawben_rel_max <=   0.834 & total_deductions_by_hh_size > 154.000,test_2024,deployed,18,6,6,311.0,0.5,38.0,0.3333333333333333,1,5,0,0,0,0,1,1,4,0,5,1,0,2,2,0.16666666666666666,0.3333333333333333,0.3333333333333333,1293.0,1293.0,0,0.0,post_authorization
1,count_divisible_by_100 <   1.00 & months_since_cert_n >=   7.00 & unc_rawben_rel_max >=   1.63 & utilities < 353.00,train_2022_23,national,144,67,114,331.0,0.2631578947368421,37.0,0.17543859649122806,55,50,2,7,0,0,9,31,74,0,97,0,0,15,40,0.4824561403508772,0.13157894736842105,0.3508771929824561,21440.0,16297.0,8,0.07017543859649122,post_authorization
1,count_divisible_by_100 <   1.00 & months_since_cert_n >=   7.00 & unc_rawben_rel_max >=   1.63 & utilities < 353.00,test_2024,national,52,28,40,311.0,0.275,35.0,0.375,18,21,0,1,0,0,7,10,23,0,36,0,0,11,17,0.45,0.275,0.425,8866.0,6976.0,4,0.1,post_authorization
1,count_divisible_by_100 <   1.00 & months_since_cert_n >=   7.00 & unc_rawben_rel_max >=   1.63 & utilities < 353.00,test_2024,deployed,31,13,18,311.0,0.3888888888888889,35.0,0.3888888888888889,7,11,0,0,0,0,2,5,11,0,17,0,0,6,7,0.3888888888888889,0.3333333333333333,0.3888888888888889,4428.0,3356.0,0,0.0,post_authorization
4+,months_since_cert_n > 5.500 & total_deductions_by_hh_size > 1.380 & unc_rawben_rel_max <= 0.834,train_2022_23,national,1839,486,768,311.0,0.3489583333333333,38.0,0.1875,432,302,2,30,0,2,63,360,343,0,362,220,3,189,423,0.5625,0.24609375,0.55078125,160539.0,103283.0,104,0.13541666666666666,post_authorization
4+,months_since_cert_n > 5.500 & total_deductions_by_hh_size > 1.380 & unc_rawben_rel_max <= 0.834,test_2024,national,808,232,385,311.0,0.35324675324675325,38.0,0.16623376623376623,190,169,2,4,20,0,25,167,191,1,204,88,0,106,192,0.4935064935064935,0.2753246753246753,0.4987012987012987,92471.0,54887.0,46,0.11948051948051948,post_authorization
4+,months_since_cert_n > 5.500 & total_deductions_by_hh_size > 1.380 & unc_rawben_rel_max <= 0.834,test_2024,deployed,26,10,10,311.0,0.7,38.0,0.3,4,6,0,0,0,0,1,1,8,0,8,2,0,4,2,0.4,0.4,0.2,2425.0,2425.0,1,0.1,post_authorization
4+,HH_size_n <=   5.5 & shelter_expenses_by_hh_size > 234.0 & total_deductions_by_hh_size > 183.0,train_2022_23,national,2040,472,728,311.0,0.34065934065934067,38.0,0.17582417582417584,403,300,1,24,0,0,60,475,193,0,374,159,2,180,535,0.5535714285714286,0.24725274725274726,0.7348901098901099,149015.0,94766.0,124,0.17032967032967034,post_authorization
4+,HH_size_n <=   5.5 & shelter_expenses_by_hh_size > 234.0 & total_deductions_by_hh_size > 183.0,test_2024,national,1329,345,535,311.0,0.36261682242990656,38.0,0.14953271028037382,274,210,1,5,45,0,31,337,158,1,282,88,2,131,368,0.5121495327102804,0.24485981308411214,0.6878504672897197,122438.0,68306.0,78,0.14579439252336449,post_authorization
4+,HH_size_n <=   5.5 & shelter_expenses_by_hh_size > 234.0 & total_deductions_by_hh_size > 183.0,test_2024,deployed,37,9,9,311.0,0.5555555555555556,38.0,0.3333333333333333,4,5,0,0,0,0,1,4,4,0,6,3,0,2,5,0.4444444444444444,0.2222222222222222,0.5555555555555556,2814.0,2814.0,1,0.1111111111111111,post_authorization
4+,rawben_rel_max <   0.745 & shelter_expenses_by_hh_size >= 215.000 & total_deductions_by_hh_size >= 183.000,train_2022_23,national,1432,346,546,311.0,0.3131868131868132,38.0,0.14835164835164835,307,218,1,20,0,0,40,354,152,0,259,139,2,137,394,0.5622710622710623,0.2509157509157509,0.7216117216117216,101532.0,75594.0,100,0.18315018315018314,post_authorization
4+,rawben_rel_max <   0.745 & shelter_expenses_by_hh_size >= 215.000 & total_deductions_by_hh_size >= 183.000,test_2024,national,929,265,422,311.0,0.38388625592417064,38.0,0.16824644549763032,215,172,1,4,30,0,23,267,130,1,218,75,1,104,290,0.509478672985782,0.24644549763033174,0.6872037914691943,93032.0,51088.0,68,0.16113744075829384,post_authorization
4+,rawben_rel_max <   0.745 & shelter_expenses_by_hh_size >= 215.000 & total_deductions_by_hh_size >= 183.000,test_2024,deployed,24,7,7,311.0,0.5714285714285714,38.0,0.42857142857142855,2,5,0,0,0,0,1,2,4,0,5,2,0,2,3,0.2857142857142857,0.2857142857142857,0.42857142857142855,1772.0,1772.0,1,0.14285714285714285,post_authorization
4+,months_since_cert_n >   4.500 & rawben_rel_max <=   0.616 & shelter_expenses_by_hh_size > 163.000,train_2022_23,national,1112,270,429,311.0,0.32867132867132864,38.0,0.21678321678321677,252,163,0,14,0,0,29,218,182,0,188,129,2,112,247,0.5874125874125874,0.26107226107226106,0.5757575757575758,79575.0,51675.0,64,0.14918414918414918,post_authorization
4+,months_since_cert_n >   4.500 & rawben_rel_max <=   0.616 & shelter_expenses_by_hh_size > 163.000,test_2024,national,601,161,262,311.0,0.36259541984732824,38.0,0.16030534351145037,124,120,0,3,15,0,12,125,122,0,142,61,1,68,137,0.4732824427480916,0.2595419847328244,0.5229007633587787,63743.0,38936.0,26,0.09923664122137404,post_authorization
4+,months_since_cert_n >   4.500 & rawben_rel_max <=   0.616 & shelter_expenses_by_hh_size > 163.000,test_2024,deployed,18,10,10,311.0,0.6,38.0,0.4,3,7,0,0,0,0,0,2,8,0,8,2,0,2,2,0.3,0.2,0.2,1984.0,1984.0,0,0.0,post_authorization
1,months_since_cert_n >=   8.00 & shelter_expenses_by_hh_size < 648.00 & unc_rawben_rel_max >=   1.82 & utilities < 493.00,train_2022_23,national,42,26,44,331.0,0.3409090909090909,38.0,0.18181818181818182,26,16,0,2,0,0,2,10,32,0,33,1,0,10,12,0.5909090909090909,0.22727272727272727,0.2727272727272727,7218.0,3423.0,2,0.045454545454545456,post_authorization
1,months_since_cert_n >=   8.00 & shelter_expenses_by_hh_size < 648.00 & unc_rawben_rel_max >=   1.82 & utilities < 493.00,test_2024,national,9,5,7,331.0,0.42857142857142855,35.0,0.5714285714285714,1,6,0,0,0,0,0,3,4,0,7,0,0,0,3,0.14285714285714285,0.0,0.42857142857142855,1543.0,1096.0,0,0.0,post_authorization
1,months_since_cert_n >=   8.00 & shelter_expenses_by_hh_size < 648.00 & unc_rawben_rel_max >=   1.82 & utilities < 493.00,test_2024,deployed,4,2,3,312.0,0.3333333333333333,35.0,0.3333333333333333,0,3,0,0,0,0,0,2,1,0,3,0,0,0,2,0.0,0.0,0.6666666666666666,715.0,536.0,0,0.0,insufficient
1,rawben_rel_max <=   0.991 & total_deductions_by_hh_size > 272.000 & unc_rawben_rel_max >   0.913 & utilities <= 346.000,train_2022_23,national,234,98,141,363.0,0.475177304964539,53.0,0.6524822695035462,68,69,2,2,0,0,24,87,29,1,108,5,1,20,111,0.48226950354609927,0.14184397163120568,0.7872340425531915,21042.0,12817.0,9,0.06382978723404255,post_authorization
1,rawben_rel_max <=   0.991 & total_deductions_by_hh_size > 272.000 & unc_rawben_rel_max >   0.913 & utilities <= 346.000,test_2024,national,105,47,78,363.0,0.5,53.0,0.48717948717948717,39,37,0,2,0,0,6,44,27,1,67,2,0,12,50,0.5,0.15384615384615385,0.6410256410256411,14009.0,10328.0,5,0.0641025641025641,post_authorization
1,rawben_rel_max <=   0.991 & total_deductions_by_hh_size > 272.000 & unc_rawben_rel_max >   0.913 & utilities <= 346.000,test_2024,deployed,33,6,8,363.0,0.5,53.0,0.625,3,5,0,0,0,0,1,6,0,1,8,0,0,2,7,0.375,0.25,0.875,1572.0,1036.0,2,0.25,mixed
4+,months_since_cert_n >   4.500 & rawben_rel_max <=   0.977 & total_deductions_by_hh_size > 221.000 & utilities <= 454.000,train_2022_23,national,188,76,127,311.0,0.29133858267716534,38.0,0.1968503937007874,51,62,0,14,0,0,14,58,55,0,77,14,0,22,72,0.4015748031496063,0.1732283464566929,0.5669291338582677,31202.0,16495.0,11,0.08661417322834646,post_authorization
4+,months_since_cert_n >   4.500 & rawben_rel_max <=   0.977 & total_deductions_by_hh_size > 221.000 & utilities <= 454.000,test_2024,national,85,26,39,311.0,0.3333333333333333,38.0,0.20512820512820512,19,18,0,1,1,0,3,20,16,0,22,5,1,7,23,0.48717948717948717,0.1794871794871795,0.5897435897435898,9251.0,5303.0,5,0.1282051282051282,post_authorization
4+,months_since_cert_n >   4.500 & rawben_rel_max <=   0.977 & total_deductions_by_hh_size > 221.000 & utilities <= 454.000,test_2024,deployed,28,10,15,363.0,0.26666666666666666,38.0,0.26666666666666666,5,8,0,1,1,0,0,11,4,0,7,1,0,2,11,0.3333333333333333,0.13333333333333333,0.7333333333333333,2975.0,569.0,2,0.13333333333333333,post_authorization
1,rawben_rel_max >   0.727 & rawben_rel_max <=   0.991 & shelter_expenses_by_hh_size > 413.000 & utilities <=  28.500,train_2022_23,national,218,86,144,363.0,0.4236111111111111,53.0,0.5625,69,70,4,1,0,0,22,79,43,0,112,9,0,27,101,0.4791666666666667,0.1875,0.7013888888888888,22912.0,14401.0,8,0.05555555555555555,post_authorization
1,rawben_rel_max >   0.727 & rawben_rel_max <=   0.991 & shelter_expenses_by_hh_size > 413.000 & utilities <=  28.500,test_2024,national,153,54,94,363.0,0.46808510638297873,53.0,0.4787234042553192,40,51,0,2,1,0,6,58,29,1,81,5,0,14,64,0.425531914893617,0.14893617021276595,0.6808510638297872,16252.0,11811.0,6,0.06382978723404255,post_authorization
1,rawben_rel_max >   0.727 & rawben_rel_max <=   0.991 & shelter_expenses_by_hh_size > 413.000 & utilities <=  28.500,test_2024,deployed,62,12,17,363.0,0.5294117647058824,53.0,0.35294117647058826,13,3,0,0,1,0,0,11,6,0,17,0,0,2,11,0.7647058823529411,0.11764705882352941,0.6470588235294118,2621.0,2074.0,1,0.058823529411764705,post_authorization
2-3,total_deductions_by_hh_size >= 428 & utilities >= 303 & utilities < 342,train_2022_23,national,54,25,42,311.0,0.35714285714285715,52.0,0.23809523809523808,21,19,0,2,0,0,2,25,15,0,14,6,1,6,27,0.5,0.14285714285714285,0.6428571428571429,6379.0,3141.0,5,0.11904761904761904,post_authorization
2-3,total_deductions_by_hh_size >= 428 & utilities >= 303 & utilities < 342,test_2024,national,19,5,7,363.0,0.2857142857142857,32.0,0.2857142857142857,2,3,0,0,2,0,0,6,1,0,7,0,0,1,6,0.2857142857142857,0.14285714285714285,0.8571428571428571,1699.0,1668.0,0,0.0,post_authorization
2-3,total_deductions_by_hh_size >= 428 & utilities >= 303 & utilities < 342,test_2024,deployed,3,1,1,342.0,1.0,35.0,1.0,1,0,0,0,0,0,0,1,0,0,1,0,0,0,1,1.0,0.0,1.0,69.0,69.0,0,0.0,insufficient
1,rawben_rel_max <=   0.998 & total_deductions_by_hh_size > 588.000 & unc_rawben_rel_max >   0.322 & utilities <= 344.000,train_2022_23,national,466,168,252,363.0,0.376984126984127,53.0,0.5357142857142857,132,105,5,10,0,0,26,165,60,1,169,14,2,39,191,0.5238095238095238,0.15476190476190477,0.7579365079365079,34997.0,20806.0,21,0.08333333333333333,post_authorization
1,rawben_rel_max <=   0.998 & total_deductions_by_hh_size > 588.000 & unc_rawben_rel_max >   0.322 & utilities <= 344.000,test_2024,national,214,83,137,363.0,0.45985401459854014,53.0,0.4233576642335766,67,66,0,2,2,0,11,89,37,0,107,5,0,24,100,0.48905109489051096,0.17518248175182483,0.7299270072992701,23569.0,17267.0,12,0.08759124087591241,post_authorization
1,rawben_rel_max <=   0.998 & total_deductions_by_hh_size > 588.000 & unc_rawben_rel_max >   0.322 & utilities <= 344.000,test_2024,deployed,25,7,12,363.0,0.5,53.0,0.5,8,4,0,0,0,0,0,9,3,0,4,0,0,2,9,0.6666666666666666,0.16666666666666666,0.75,1621.0,542.0,1,0.08333333333333333,post_authorization
1,medical_deductions >= 111.000 & medical_deductions < 130.000 & rawben_rel_max >=   0.274 & shelter_expenses_by_hh_size < 868.000,train_2022_23,national,99,40,50,365.0,0.64,53.0,0.7,39,8,0,3,0,0,6,35,9,0,35,3,0,20,41,0.78,0.4,0.82,3873.0,2849.0,15,0.3,mixed
1,medical_deductions >= 111.000 & medical_deductions < 130.000 & rawben_rel_max >=   0.274 & shelter_expenses_by_hh_size < 868.000,test_2024,national,29,8,8,365.0,1.0,53.0,1.0,7,1,0,0,0,0,0,8,0,0,6,0,0,4,8,0.875,0.5,1.0,475.0,356.0,4,0.5,pre_authorization
1,medical_deductions >= 111.000 & medical_deductions < 130.000 & rawben_rel_max >=   0.274 & shelter_expenses_by_hh_size < 868.000,test_2024,deployed,13,2,2,365.0,1.0,53.0,1.0,2,0,0,0,0,0,0,2,0,0,2,0,0,1,2,1.0,0.5,1.0,118.0,118.0,1,0.5,insufficient
2-3,expedited_i <=   0.500 & percent_abawd >   0.583 & rawben_rel_max <=   0.711 & shelter_expenses_by_hh_size <= 278.000,train_2022_23,national,55,24,35,311.0,0.34285714285714286,53.0,0.17142857142857143,20,14,0,1,0,0,2,28,5,0,14,14,0,7,30,0.5714285714285714,0.2,0.8571428571428571,6941.0,4664.0,7,0.2,post_authorization
2-3,expedited_i <=   0.500 & percent_abawd >   0.583 & rawben_rel_max <=   0.711 & shelter_expenses_by_hh_size <= 278.000,test_2024,national,21,3,3,311.0,0.6666666666666666,38.0,0.3333333333333333,2,1,0,0,0,0,1,1,1,0,1,2,0,0,2,0.6666666666666666,0.0,0.6666666666666666,246.0,246.0,0,0.0,insufficient
2-3,expedited_i <=   0.500 & percent_abawd >   0.583 & rawben_rel_max <=   0.711 & shelter_expenses_by_hh_size <= 278.000,test_2024,deployed,6,0,0,,,,,0,0,0,0,0,0,0,0,0,0,0,0,0,0,0,0.0,0.0,0.0,0.0,0.0,0,0.0,insufficient
4+,expedited_i >=   1.000 & rawben_rel_max <   0.962 & total_deductions_by_hh_size >=   2.250 & total_deductions_by_hh_size < 124.000,train_2022_23,national,136,52,92,311.0,0.2608695652173913,38.0,0.20652173913043478,63,24,1,4,0,0,12,41,39,0,34,28,0,30,53,0.6847826086956522,0.32608695652173914,0.5760869565217391,16558.0,9378.0,16,0.17391304347826086,post_authorization
4+,expedited_i >=   1.000 & rawben_rel_max <   0.962 & total_deductions_by_hh_size >=   2.250 & total_deductions_by_hh_size < 124.000,test_2024,national,41,9,13,350.0,0.23076923076923078,44.0,0.3076923076923077,9,2,0,0,2,0,0,11,2,0,4,7,0,6,11,0.6923076923076923,0.46153846153846156,0.8461538461538461,2363.0,1455.0,5,0.38461538461538464,mixed
4+,expedited_i >=   1.000 & rawben_rel_max <   0.962 & total_deductions_by_hh_size >=   2.250 & total_deductions_by_hh_size < 124.000,test_2024,deployed,12,4,4,342.0,0.25,44.0,0.25,2,0,0,0,2,0,0,2,2,0,1,3,0,1,2,0.5,0.25,0.5,456.0,456.0,0,0.0,insufficient
2-3,married >=   1.000 & rawben_rel_max >=   0.523 & total_deductions_by_hh_size >= 154.000 & utilities <  29.000,train_2022_23,national,42,19,34,363.0,0.23529411764705882,53.0,0.3235294117647059,22,12,0,0,0,0,2,22,10,0,20,3,0,10,24,0.6470588235294118,0.29411764705882354,0.7058823529411765,5995.0,2928.0,5,0.14705882352941177,post_authorization
2-3,married >=   1.000 & rawben_rel_max >=   0.523 & total_deductions_by_hh_size >= 154.000 & utilities <  29.000,test_2024,national,29,4,5,363.0,0.4,56.0,0.4,2,1,0,0,2,0,1,4,0,0,5,0,0,1,5,0.4,0.2,1.0,1291.0,1291.0,0,0.0,post_authorization
2-3,married >=   1.000 & rawben_rel_max >=   0.523 & total_deductions_by_hh_size >= 154.000 & utilities <  29.000,test_2024,deployed,6,0,0,,,,,0,0,0,0,0,0,0,0,0,0,0,0,0,0,0,0.0,0.0,0.0,0.0,0.0,0,0.0,insufficient
1,months_since_cert_n >=   6.00 & rawben_rel_max >=   1.00 & unc_rawben_rel_max >=   1.48 & utilities < 340.00,train_2022_23,national,212,76,117,331.0,0.3247863247863248,37.0,0.20512820512820512,58,52,2,5,0,0,3,35,79,0,96,0,0,17,38,0.49572649572649574,0.1452991452991453,0.3247863247863248,22536.0,16616.0,6,0.05128205128205128,post_authorization
1,months_since_cert_n >=   6.00 & rawben_rel_max >=   1.00 & unc_rawben_rel_max >=   1.48 & utilities < 340.00,test_2024,national,83,39,52,331.0,0.2692307692307692,35.0,0.36538461538461536,24,27,0,1,0,0,8,13,31,0,48,0,0,14,21,0.46153846153846156,0.2692307692307692,0.40384615384615385,11744.0,9630.0,5,0.09615384615384616,post_authorization
1,months_since_cert_n >=   6.00 & rawben_rel_max >=   1.00 & unc_rawben_rel_max >=   1.48 & utilities < 340.00,test_2024,deployed,9,0,0,,,,,0,0,0,0,0,0,0,0,0,0,0,0,0,0,0,0.0,0.0,0.0,0.0,0.0,0,0.0,insufficient
4+,HH_size_n >   5.500 & months_since_cert_n >   4.500 & rawben_rel_max <=   0.825 & utilities <= 424.000,train_2022_23,national,220,78,127,311.0,0.30708661417322836,99.0,0.14173228346456693,82,40,0,5,0,0,14,70,43,0,54,33,1,41,84,0.6456692913385826,0.3228346456692913,0.6614173228346457,25155.0,11723.0,24,0.1889763779527559,post_authorization
4+,HH_size_n >   5.500 & months_since_cert_n >   4.500 & rawben_rel_max <=   0.825 & utilities <= 424.000,test_2024,national,89,27,49,311.0,0.3673469387755102,35.0,0.16326530612244897,21,23,0,1,4,0,5,27,16,0,25,5,0,15,32,0.42857142857142855,0.30612244897959184,0.6530612244897959,13636.0,8610.0,7,0.14285714285714285,post_authorization
4+,HH_size_n >   5.500 & months_since_cert_n >   4.500 & rawben_rel_max <=   0.825 & utilities <= 424.000,test_2024,deployed,10,1,1,311.0,1.0,35.0,1.0,0,1,0,0,0,0,0,0,1,0,0,0,0,0,0,0.0,0.0,0.0,194.0,0.0,0,0.0,insufficient
1,months_since_cert_n >=   5.000 & rawben_rel_max >=   0.381 & total_deductions_by_hh_size >= 395.000 & utilities <  27.000,train_2022_23,national,315,106,172,363.0,0.32558139534883723,53.0,0.42441860465116277,81,83,1,7,0,0,23,70,79,0,139,8,1,33,93,0.47093023255813954,0.19186046511627908,0.5406976744186046,28688.0,19677.0,10,0.05813953488372093,post_authorization
1,months_since_cert_n >=   5.000 & rawben_rel_max >=   0.381 & total_deductions_by_hh_size >= 395.000 & utilities <  27.000,test_2024,national,216,69,112,363.0,0.4107142857142857,53.0,0.38392857142857145,43,66,0,2,1,0,12,54,46,0,101,5,0,22,66,0.38392857142857145,0.19642857142857142,0.5892857142857143,20219.0,16394.0,9,0.08035714285714286,post_authorization
1,months_since_cert_n >=   5.000 & rawben_rel_max >=   0.381 & total_deductions_by_hh_size >= 395.000 & utilities <  27.000,test_2024,deployed,6,2,2,363.0,1.0,53.0,0.5,0,2,0,0,0,0,0,0,2,0,2,0,0,0,0,0.0,0.0,0.0,237.0,237.0,0,0.0,insufficient
4+,HH_size_n >   4.500 & married <=   0.500 & shelter_expenses_by_hh_size > 251.000 & unc_rawben_rel_max <=   0.976,train_2022_23,national,532,172,270,311.0,0.3,38.0,0.1925925925925926,166,91,1,11,0,1,24,170,75,0,123,51,0,81,194,0.6148148148148148,0.3,0.7185185185185186,55356.0,33622.0,55,0.2037037037037037,post_authorization
4+,HH_size_n >   4.500 & married <=   0.500 & shelter_expenses_by_hh_size > 251.000 & unc_rawben_rel_max <=   0.976,test_2024,national,394,103,162,311.0,0.4012345679012346,38.0,0.18518518518518517,89,64,0,1,8,0,5,106,49,0,70,33,1,37,111,0.5493827160493827,0.22839506172839505,0.6851851851851852,46217.0,25478.0,26,0.16049382716049382,post_authorization
4+,HH_size_n >   4.500 & married <=   0.500 & shelter_expenses_by_hh_size > 251.000 & unc_rawben_rel_max <=   0.976,test_2024,deployed,74,11,18,311.0,0.3888888888888889,52.0,0.2222222222222222,6,10,0,0,2,0,1,11,5,0,3,3,0,2,12,0.3333333333333333,0.1111111111111111,0.6666666666666666,4991.0,1894.0,1,0.05555555555555555,post_authorization
1,months_since_cert_n >=   7.00000 & shelter_expenses_by_hh_size >= 405.00000 & unc_rawben_rel_max >=  -0.00400 & unc_rawben_rel_max <   0.00356,train_2022_23,national,64,26,32,331.0,0.1875,44.0,0.375,25,5,0,2,0,0,3,12,17,0,2,24,0,12,15,0.78125,0.375,0.46875,5401.0,3736.0,6,0.1875,post_authorization
1,months_since_cert_n >=   7.00000 & shelter_expenses_by_hh_size >= 405.00000 & unc_rawben_rel_max >=  -0.00400 & unc_rawben_rel_max <   0.00356,test_2024,national,44,5,6,333.0,0.3333333333333333,44.0,0.5,3,2,0,0,1,0,0,3,3,0,0,4,0,2,3,0.5,0.3333333333333333,0.5,1213.0,719.0,1,0.16666666666666666,post_authorization
1,months_since_cert_n >=   7.00000 & shelter_expenses_by_hh_size >= 405.00000 & unc_rawben_rel_max >=  -0.00400 & unc_rawben_rel_max <   0.00356,test_2024,deployed,9,1,1,331.0,1.0,44.0,1.0,0,0,0,0,1,0,0,1,0,0,0,1,0,0,1,0.0,0.0,1.0,173.0,173.0,0,0.0,insufficient
4+,HH_size_n >   4.500 & shelter_expenses_by_hh_size > 239.000 & unc_rawben_rel_max >   0.734 & unc_rawben_rel_max <=   0.997,train_2022_23,national,357,118,166,311.0,0.3674698795180723,38.0,0.23493975903614459,104,59,1,2,0,0,15,99,52,0,88,34,0,54,114,0.6265060240963856,0.3253012048192771,0.6867469879518072,39052.0,23015.0,36,0.21686746987951808,post_authorization
4+,HH_size_n >   4.500 & shelter_expenses_by_hh_size > 239.000 & unc_rawben_rel_max >   0.734 & unc_rawben_rel_max <=   0.997,test_2024,national,259,77,115,311.0,0.3217391304347826,35.0,0.16521739130434782,64,43,0,0,8,0,4,72,35,0,60,21,0,29,76,0.5565217391304348,0.25217391304347825,0.6608695652173913,35152.0,19932.0,14,0.12173913043478261,post_authorization
4+,HH_size_n >   4.500 & shelter_expenses_by_hh_size > 239.000 & unc_rawben_rel_max >   0.734 & unc_rawben_rel_max <=   0.997,test_2024,deployed,28,5,6,350.0,0.6666666666666666,44.0,0.3333333333333333,5,1,0,0,0,0,0,4,2,0,2,1,0,2,4,0.8333333333333334,0.3333333333333333,0.6666666666666666,1410.0,408.0,1,0.16666666666666666,post_authorization
2-3,rawben_rel_max <=   0.804 & shelter_expenses_by_hh_size > 521.000 & total_deductions_by_hh_size >  97.100 & utilities <= 357.000,train_2022_23,national,264,89,137,363.0,0.31386861313868614,53.0,0.20437956204379562,77,56,0,4,0,0,15,88,34,0,68,30,0,27,103,0.5620437956204379,0.19708029197080293,0.7518248175182481,24524.0,12387.0,18,0.13138686131386862,post_authorization
2-3,rawben_rel_max <=   0.804 & shelter_expenses_by_hh_size > 521.000 & total_deductions_by_hh_size >  97.100 & utilities <= 357.000,test_2024,national,84,22,28,311.0,0.35714285714285715,38.0,0.21428571428571427,16,10,0,0,2,0,2,19,7,0,17,3,0,8,21,0.5714285714285714,0.2857142857142857,0.75,6099.0,4327.0,5,0.17857142857142858,post_authorization
2-3,rawben_rel_max <=   0.804 & shelter_expenses_by_hh_size > 521.000 & total_deductions_by_hh_size >  97.100 & utilities <= 357.000,test_2024,deployed,7,1,1,150.0,1.0,16.0,1.0,0,1,0,0,0,0,0,0,1,0,0,1,0,0,0,0.0,0.0,0.0,224.0,226.0,0,0.0,insufficient
2-3,percent_abawd >=  0.500 & rawben_rel_max <  0.739 & total_deductions_by_hh_size >=  8.500 & utilities < 44.000,train_2022_23,national,56,23,42,311.0,0.23809523809523808,99.0,0.21428571428571427,23,16,0,3,0,0,6,25,11,0,20,16,0,9,31,0.5476190476190477,0.21428571428571427,0.7380952380952381,8601.0,5797.0,5,0.11904761904761904,post_authorization
2-3,percent_abawd >=  0.500 & rawben_rel_max <  0.739 & total_deductions_by_hh_size >=  8.500 & utilities < 44.000,test_2024,national,15,5,7,311.0,0.5714285714285714,35.0,0.2857142857142857,5,2,0,0,0,0,1,4,2,0,5,2,0,3,5,0.7142857142857143,0.42857142857142855,0.7142857142857143,1916.0,1819.0,3,0.42857142857142855,mixed
2-3,percent_abawd >=  0.500 & rawben_rel_max <  0.739 & total_deductions_by_hh_size >=  8.500 & utilities < 44.000,test_2024,deployed,3,0,0,,,,,0,0,0,0,0,0,0,0,0,0,0,0,0,0,0,0.0,0.0,0.0,0.0,0.0,0,0.0,insufficient
2-3,months_since_cert_n <=  0.5 & total_deductions_by_hh_size > 83.5 & utilities <= 22.0,train_2022_23,national,107,39,53,311.0,0.37735849056603776,38.0,0.20754716981132076,36,16,0,1,0,0,1,51,1,0,20,10,0,10,52,0.6792452830188679,0.18867924528301888,0.9811320754716981,7955.0,4060.0,10,0.18867924528301888,post_authorization
2-3,months_since_cert_n <=  0.5 & total_deductions_by_hh_size > 83.5 & utilities <= 22.0,test_2024,national,55,14,23,363.0,0.2608695652173913,38.0,0.2608695652173913,9,8,1,1,4,0,6,17,0,0,6,4,0,4,23,0.391304347826087,0.17391304347826086,1.0,4841.0,1279.0,1,0.043478260869565216,post_authorization
2-3,months_since_cert_n <=  0.5 & total_deductions_by_hh_size > 83.5 & utilities <= 22.0,test_2024,deployed,5,3,3,333.0,0.6666666666666666,38.0,0.6666666666666666,1,0,1,0,1,0,0,3,0,0,3,0,0,0,3,0.3333333333333333,0.0,1.0,797.0,797.0,0,0.0,insufficient
4+,HH_size_n >=   5.000 & rawben_rel_max >=   0.681 & rawben_rel_max <   0.959 & shelter_expenses_by_hh_size >= 199.000,train_2022_23,national,594,182,266,311.0,0.32706766917293234,38.0,0.22556390977443608,161,98,2,5,0,0,28,169,69,0,146,57,0,79,197,0.6052631578947368,0.29699248120300753,0.7406015037593985,62230.0,41482.0,53,0.19924812030075187,post_authorization
4+,HH_size_n >=   5.000 & rawben_rel_max >=   0.681 & rawben_rel_max <   0.959 & shelter_expenses_by_hh_size >= 199.000,test_2024,national,389,116,175,311.0,0.2914285714285714,38.0,0.17142857142857143,100,60,0,1,14,0,7,106,58,0,93,41,0,38,113,0.5714285714285714,0.21714285714285714,0.6457142857142857,46931.0,26826.0,18,0.10285714285714286,post_authorization
4+,HH_size_n >=   5.000 & rawben_rel_max >=   0.681 & rawben_rel_max <   0.959 & shelter_expenses_by_hh_size >= 199.000,test_2024,deployed,11,6,6,312.0,0.5,38.0,0.5,5,1,0,0,0,0,0,4,2,0,2,1,0,1,4,0.8333333333333334,0.16666666666666666,0.6666666666666666,962.0,335.0,1,0.16666666666666666,post_authorization
4+,married > 0.500 & months_since_cert_n > 4.500 & rawben_rel_max > 0.493 & rawben_rel_max <= 0.923,train_2022_23,national,689,208,323,311.0,0.35294117647058826,38.0,0.21362229102167182,211,107,1,4,0,0,22,172,129,0,156,95,0,101,194,0.653250773993808,0.3126934984520124,0.6006191950464397,67550.0,40733.0,52,0.1609907120743034,post_authorization
4+,married > 0.500 & months_since_cert_n > 4.500 & rawben_rel_max > 0.493 & rawben_rel_max <= 0.923,test_2024,national,339,101,149,311.0,0.35570469798657717,38.0,0.174496644295302,79,59,0,1,9,1,14,74,57,1,78,49,1,35,88,0.5302013422818792,0.2348993288590604,0.5906040268456376,36208.0,22979.0,21,0.14093959731543623,post_authorization
4+,married > 0.500 & months_since_cert_n > 4.500 & rawben_rel_max > 0.493 & rawben_rel_max <= 0.923,test_2024,deployed,6,0,0,,,,,0,0,0,0,0,0,0,0,0,0,0,0,0,0,0,0.0,0.0,0.0,0.0,0.0,0,0.0,insufficient
2-3,HH_size_n >= 3.000 & percent_abawd >= 0.250 & rawben_rel_max >= 0.288 & rawben_rel_max < 0.711,train_2022_23,national,187,63,106,311.0,0.3490566037735849,38.0,0.1792452830188679,60,43,0,3,0,0,14,68,24,0,40,48,0,29,82,0.5660377358490566,0.27358490566037735,0.7735849056603774,18760.0,12144.0,20,0.18867924528301888,post_authorization
2-3,HH_size_n >= 3.000 & percent_abawd >= 0.250 & rawben_rel_max >= 0.288 & rawben_rel_max < 0.711,test_2024,national,82,18,26,311.0,0.38461538461538464,35.0,0.23076923076923078,15,10,0,0,1,0,4,15,7,0,17,8,0,3,19,0.5769230769230769,0.11538461538461539,0.7307692307692307,4716.0,4316.0,3,0.11538461538461539,post_authorization
2-3,HH_size_n >= 3.000 & percent_abawd >= 0.250 & rawben_rel_max >= 0.288 & rawben_rel_max < 0.711,test_2024,deployed,3,0,0,,,,,0,0,0,0,0,0,0,0,0,0,0,0,0,0,0,0.0,0.0,0.0,0.0,0.0,0,0.0,insufficient
4+,HH_size_n >   4.500 & shelter_expenses_by_hh_size > 183.000 & unc_rawben_rel_max >   0.409 & unc_rawben_rel_max <=   0.982,train_2022_23,national,1486,427,647,311.0,0.30602782071097373,38.0,0.19165378670788252,413,212,2,20,0,0,52,435,160,0,314,164,0,203,487,0.6383307573415765,0.31375579598145287,0.7527047913446677,142413.0,94754.0,155,0.23956723338485317,post_authorization
4+,HH_size_n >   4.500 & shelter_expenses_by_hh_size > 183.000 & unc_rawben_rel_max >   0.409 & unc_rawben_rel_max <=   0.982,test_2024,national,952,269,413,311.0,0.33171912832929784,38.0,0.2106537530266344,225,152,1,3,32,0,15,258,131,1,208,86,1,100,273,0.5447941888619855,0.24213075060532688,0.6610169491525424,99878.0,55028.0,51,0.1234866828087167,post_authorization
4+,HH_size_n >   4.500 & shelter_expenses_by_hh_size > 183.000 & unc_rawben_rel_max >   0.409 & unc_rawben_rel_max <=   0.982,test_2024,deployed,14,5,5,350.0,0.4,38.0,0.6,4,1,0,0,0,0,0,4,1,0,4,1,0,1,4,0.8,0.2,0.8,984.0,984.0,1,0.2,post_authorization
4+,rawben_rel_max <   0.703 & shelter_expenses_by_hh_size < 135.000 & unc_rawben_rel_max >=   0.679,train_2022_23,national,71,27,42,311.0,0.35714285714285715,38.0,0.14285714285714285,25,15,1,1,0,0,7,23,12,0,22,12,0,11,30,0.5952380952380952,0.2619047619047619,0.7142857142857143,9077.0,6148.0,5,0.11904761904761904,post_authorization
4+,rawben_rel_max <   0.703 & shelter_expenses_by_hh_size < 135.000 & unc_rawben_rel_max >=   0.679,test_2024,national,38,9,11,311.0,0.2727272727272727,38.0,0.2727272727272727,4,4,0,3,0,0,1,8,2,0,3,6,0,5,9,0.36363636363636365,0.45454545454545453,0.8181818181818182,1981.0,1340.0,3,0.2727272727272727,mixed
4+,rawben_rel_max <   0.703 & shelter_expenses_by_hh_size < 135.000 & unc_rawben_rel_max >=   0.679,test_2024,deployed,1,0,0,,,,,0,0,0,0,0,0,0,0,0,0,0,0,0,0,0,0.0,0.0,0.0,0.0,0.0,0,0.0,insufficient
1,rawben_rel_max >=   0.280 & rawben_rel_max <   0.992 & total_deductions_by_hh_size >= 471.000 & utilities < 347.000,train_2022_23,national,991,288,402,363.0,0.3880597014925373,53.0,0.5373134328358209,203,179,7,13,0,0,46,262,93,1,284,20,3,58,308,0.5049751243781094,0.14427860696517414,0.7661691542288557,51760.0,33213.0,33,0.08208955223880597,post_authorization
1,rawben_rel_max >=   0.280 & rawben_rel_max <   0.992 & total_deductions_by_hh_size >= 471.000 & utilities < 347.000,test_2024,national,400,116,184,363.0,0.42934782608695654,53.0,0.41847826086956524,93,85,0,2,4,0,20,119,45,0,140,11,0,29,139,0.5054347826086957,0.15760869565217392,0.7554347826086957,29420.0,20782.0,16,0.08695652173913043,post_authorization
1,rawben_rel_max >=   0.280 & rawben_rel_max <   0.992 & total_deductions_by_hh_size >= 471.000 & utilities < 347.000,test_2024,deployed,30,4,4,363.0,0.75,53.0,0.5,3,1,0,0,0,0,1,2,1,0,4,0,0,1,3,0.75,0.25,0.75,661.0,661.0,1,0.25,insufficient
4+,shelter_expenses_by_hh_size <= 494.000 & total_deductions_by_hh_size > 235.000 & unc_rawben_rel_max <=   0.997,train_2022_23,national,864,253,405,311.0,0.3160493827160494,53.0,0.18024691358024691,223,163,0,19,0,0,26,277,102,0,197,88,0,109,303,0.5506172839506173,0.2691358024691358,0.7481481481481481,80230.0,53495.0,81,0.2,post_authorization
4+,shelter_expenses_by_hh_size <= 494.000 & total_deductions_by_hh_size > 235.000 & unc_rawben_rel_max <=   0.997,test_2024,national,631,181,296,311.0,0.34459459459459457,56.0,0.17905405405405406,157,108,1,2,28,0,20,191,81,0,146,47,0,74,211,0.5304054054054054,0.25,0.7128378378378378,62426.0,33934.0,45,0.15202702702702703,post_authorization
4+,shelter_expenses_by_hh_size <= 494.000 & total_deductions_by_hh_size > 235.000 & unc_rawben_rel_max <=   0.997,test_2024,deployed,4,0,0,,,,,0,0,0,0,0,0,0,0,0,0,0,0,0,0,0,0.0,0.0,0.0,0.0,0.0,0,0.0,insufficient
4+,rawben_rel_max <  0.879 & total_deductions_by_hh_size >= 11.200 & total_deductions_by_hh_size < 20.600,train_2022_23,national,110,39,52,311.0,0.21153846153846154,52.0,0.19230769230769232,30,20,0,1,0,1,7,27,17,0,17,17,0,14,34,0.5769230769230769,0.2692307692307692,0.6538461538461539,11570.0,5660.0,9,0.17307692307692307,post_authorization
4+,rawben_rel_max <  0.879 & total_deductions_by_hh_size >= 11.200 & total_deductions_by_hh_size < 20.600,test_2024,national,42,12,18,311.0,0.2777777777777778,38.0,0.3333333333333333,13,4,0,0,1,0,0,13,5,0,4,6,0,9,13,0.7222222222222222,0.5,0.7222222222222222,3977.0,1678.0,7,0.3888888888888889,mixed
4+,rawben_rel_max <  0.879 & total_deductions_by_hh_size >= 11.200 & total_deductions_by_hh_size < 20.600,test_2024,deployed,2,0,0,,,,,0,0,0,0,0,0,0,0,0,0,0,0,0,0,0,0.0,0.0,0.0,0.0,0.0,0,0.0,insufficient
4+,rawben_rel_max <   0.988 & shelter_expenses_by_hh_size < 293.000 & total_deductions_by_hh_size >= 200.000 & utilities < 645.000,train_2022_23,national,305,96,173,311.0,0.2774566473988439,53.0,0.21965317919075145,101,59,1,12,0,0,13,122,38,0,72,31,0,46,135,0.5838150289017341,0.2658959537572254,0.7803468208092486,39172.0,19604.0,33,0.1907514450867052,post_authorization
4+,rawben_rel_max <   0.988 & shelter_expenses_by_hh_size < 293.000 & total_deductions_by_hh_size >= 200.000 & utilities < 645.000,test_2024,national,142,40,61,311.0,0.3114754098360656,99.0,0.14754098360655737,33,24,0,1,3,0,3,43,15,0,33,13,0,14,46,0.5409836065573771,0.22950819672131148,0.7540983606557377,12888.0,8421.0,9,0.14754098360655737,post_authorization
4+,rawben_rel_max <   0.988 & shelter_expenses_by_hh_size < 293.000 & total_deductions_by_hh_size >= 200.000 & utilities < 645.000,test_2024,deployed,1,0,0,,,,,0,0,0,0,0,0,0,0,0,0,0,0,0,0,0,0.0,0.0,0.0,0.0,0.0,0,0.0,insufficient
2-3,elderly_disabled_i > 0.500 & married <= 0.500 & rawben_rel_max > 0.996 & unc_rawben_rel_max > 1.550,train_2022_23,national,51,31,42,331.0,0.2619047619047619,38.0,0.2619047619047619,27,14,0,1,0,0,6,25,11,0,36,0,0,14,31,0.6428571428571429,0.3333333333333333,0.7380952380952381,9760.0,9072.0,10,0.23809523809523808,post_authorization
2-3,elderly_disabled_i > 0.500 & married <= 0.500 & rawben_rel_max > 0.996 & unc_rawben_rel_max > 1.550,test_2024,national,30,9,13,363.0,0.23076923076923078,99.0,0.3076923076923077,5,5,0,0,3,0,0,10,3,0,8,0,0,3,10,0.38461538461538464,0.23076923076923078,0.7692307692307693,4689.0,2160.0,2,0.15384615384615385,post_authorization
2-3,elderly_disabled_i > 0.500 & married <= 0.500 & rawben_rel_max > 0.996 & unc_rawben_rel_max > 1.550,test_2024,deployed,17,6,8,363.0,0.25,99.0,0.375,3,2,0,0,3,0,0,5,3,0,6,0,0,1,5,0.375,0.125,0.625,3212.0,1772.0,0,0.0,post_authorization
2-3,cat_elig >   0.50 & shelter_expenses_by_hh_size > 246.00 & unc_rawben_rel_max >   1.63 & utilities <= 748.00,train_2022_23,national,83,45,61,331.0,0.22950819672131148,38.0,0.21311475409836064,34,26,0,1,0,0,3,33,25,0,48,0,0,17,36,0.5573770491803278,0.2786885245901639,0.5901639344262295,15483.0,13807.0,12,0.19672131147540983,post_authorization
2-3,cat_elig >   0.50 & shelter_expenses_by_hh_size > 246.00 & unc_rawben_rel_max >   1.63 & utilities <= 748.00,test_2024,national,41,16,29,331.0,0.1724137931034483,37.0,0.2413793103448276,12,13,0,0,4,0,2,15,12,0,15,1,0,5,17,0.41379310344827586,0.1724137931034483,0.5862068965517241,10887.0,4782.0,2,0.06896551724137931,post_authorization
2-3,cat_elig >   0.50 & shelter_expenses_by_hh_size > 246.00 & unc_rawben_rel_max >   1.63 & utilities <= 748.00,test_2024,deployed,18,8,15,363.0,0.2,37.0,0.26666666666666666,7,6,0,0,2,0,0,7,8,0,9,1,0,2,7,0.4666666666666667,0.13333333333333333,0.4666666666666667,5079.0,2600.0,0,0.0,post_authorization
1,count_divisible_by_100 <=   0.50 & months_since_cert_n >   3.50 & total_deductions_by_hh_size <= 810.00 & unc_rawben_rel_max >   1.93,train_2022_23,national,86,45,66,331.0,0.48484848484848486,38.0,0.25757575757575757,45,18,1,2,0,0,7,18,41,0,60,0,0,27,25,0.6818181818181818,0.4090909090909091,0.3787878787878788,9072.0,6242.0,11,0.16666666666666666,post_authorization
1,count_divisible_by_100 <=   0.50 & months_since_cert_n >   3.50 & total_deductions_by_hh_size <= 810.00 & unc_rawben_rel_max >   1.93,test_2024,national,29,14,22,331.0,0.36363636363636365,37.0,0.3181818181818182,16,6,0,0,0,0,2,9,11,0,15,0,0,10,11,0.7272727272727273,0.45454545454545453,0.5,3042.0,2506.0,6,0.2727272727272727,mixed
1,count_divisible_by_100 <=   0.50 & months_since_cert_n >   3.50 & total_deductions_by_hh_size <= 810.00 & unc_rawben_rel_max >   1.93,test_2024,deployed,20,8,15,331.0,0.3333333333333333,37.0,0.3333333333333333,12,3,0,0,0,0,1,6,8,0,11,0,0,7,7,0.8,0.4666666666666667,0.4666666666666667,2241.0,1925.0,4,0.26666666666666666,mixed
4+,count_divisible_by_100 >   0.500 & months_since_cert_n >   5.500 & rawben_rel_max <=   0.947 & total_deductions_by_hh_size > 218.000,train_2022_23,national,45,25,46,311.0,0.21739130434782608,53.0,0.15217391304347827,21,22,0,3,0,0,1,37,8,0,25,6,2,13,38,0.45652173913043476,0.2826086956521739,0.8260869565217391,12456.0,9209.0,7,0.15217391304347827,post_authorization
4+,count_divisible_by_100 >   0.500 & months_since_cert_n >   5.500 & rawben_rel_max <=   0.947 & total_deductions_by_hh_size > 218.000,test_2024,national,22,5,6,311.0,0.5,35.0,0.3333333333333333,2,4,0,0,0,0,0,4,2,0,6,0,0,0,4,0.3333333333333333,0.0,0.6666666666666666,1553.0,1553.0,0,0.0,post_authorization
4+,count_divisible_by_100 >   0.500 & months_since_cert_n >   5.500 & rawben_rel_max <=   0.947 & total_deductions_by_hh_size > 218.000,test_2024,deployed,8,2,2,311.0,0.5,35.0,0.5,0,2,0,0,0,0,0,1,1,0,2,0,0,0,1,0.0,0.0,0.5,420.0,420.0,0,0.0,insufficient
4+,months_since_cert_n >=  11 & total_deductions_by_hh_size >= 238 & total_deductions_by_hh_size < 272,train_2022_23,national,37,21,37,311.0,0.32432432432432434,38.0,0.16216216216216217,18,15,0,4,0,0,2,20,15,0,19,10,2,9,22,0.4864864864864865,0.24324324324324326,0.5945945945945946,8799.0,7877.0,5,0.13513513513513514,post_authorization
4+,months_since_cert_n >=  11 & total_deductions_by_hh_size >= 238 & total_deductions_by_hh_size < 272,test_2024,national,13,3,5,311.0,0.6,35.0,0.4,3,2,0,0,0,0,0,3,2,0,3,0,0,2,3,0.6,0.4,0.6,1481.0,1273.0,2,0.4,mixed
4+,months_since_cert_n >=  11 & total_deductions_by_hh_size >= 238 & total_deductions_by_hh_size < 272,test_2024,deployed,1,0,0,,,,,0,0,0,0,0,0,0,0,0,0,0,0,0,0,0,0.0,0.0,0.0,0.0,0.0,0,0.0,insufficient
4+,HH_size_n >   4.500 & months_since_cert_n >   5.500 & total_deductions_by_hh_size > 231.000 & unc_rawben_rel_max <=   0.998,train_2022_23,national,95,45,82,311.0,0.25609756097560976,38.0,0.17073170731707318,42,38,0,2,0,0,5,52,25,0,46,15,0,17,57,0.5121951219512195,0.2073170731707317,0.6951219512195121,17216.0,9925.0,13,0.15853658536585366,post_authorization
4+,HH_size_n >   4.500 & months_since_cert_n >   5.500 & total_deductions_by_hh_size > 231.000 & unc_rawben_rel_max <=   0.998,test_2024,national,78,25,36,311.0,0.5277777777777778,38.0,0.25,20,15,0,0,1,0,1,13,22,0,20,6,0,10,14,0.5555555555555556,0.2777777777777778,0.3888888888888889,10813.0,5975.0,7,0.19444444444444445,post_authorization
4+,HH_size_n >   4.500 & months_since_cert_n >   5.500 & total_deductions_by_hh_size > 231.000 & unc_rawben_rel_max <=   0.998,test_2024,deployed,43,15,20,311.0,0.55,35.0,0.25,9,10,0,0,1,0,0,6,14,0,14,4,0,3,6,0.45,0.15,0.3,6218.0,4289.0,1,0.05,post_authorization
2-3,children_i <=   0.5 & months_since_cert_n <=  16.5 & total_deductions_by_hh_size > 200.0 & utilities <= 524.0,train_2022_23,national,1062,232,352,363.0,0.25,53.0,0.2528409090909091,170,171,0,11,0,0,56,198,98,0,220,45,0,56,254,0.48295454545454547,0.1590909090909091,0.7215909090909091,69605.0,44579.0,30,0.08522727272727272,post_authorization
2-3,children_i <=   0.5 & months_since_cert_n <=  16.5 & total_deductions_by_hh_size > 200.0 & utilities <= 524.0,test_2024,national,452,108,153,363.0,0.2875816993464052,53.0,0.1830065359477124,66,71,1,2,13,0,17,104,31,1,85,18,0,29,121,0.43137254901960786,0.1895424836601307,0.7908496732026143,31152.0,16406.0,14,0.0915032679738562,post_authorization
2-3,children_i <=   0.5 & months_since_cert_n <=  16.5 & total_deductions_by_hh_size > 200.0 & utilities <= 524.0,test_2024,deployed,2,0,0,,,,,0,0,0,0,0,0,0,0,0,0,0,0,0,0,0,0.0,0.0,0.0,0.0,0.0,0,0.0,insufficient
4+,months_since_cert_n >=   9.000 & rawben_rel_max <   0.822 & total_deductions_by_hh_size >= 109.000 & unc_rawben_rel_max >=   0.725,train_2022_23,national,111,49,73,311.0,0.2876712328767123,53.0,0.1643835616438356,41,31,0,1,0,0,6,29,38,0,33,21,0,19,35,0.5616438356164384,0.2602739726027397,0.4794520547945205,16140.0,9105.0,9,0.1232876712328767,post_authorization
4+,months_since_cert_n >=   9.000 & rawben_rel_max <   0.822 & total_deductions_by_hh_size >= 109.000 & unc_rawben_rel_max >=   0.725,test_2024,national,48,16,28,311.0,0.32142857142857145,35.0,0.14285714285714285,10,14,0,1,3,0,2,6,20,0,14,4,0,7,8,0.35714285714285715,0.25,0.2857142857142857,8159.0,4062.0,0,0.0,post_authorization
4+,months_since_cert_n >=   9.000 & rawben_rel_max <   0.822 & total_deductions_by_hh_size >= 109.000 & unc_rawben_rel_max >=   0.725,test_2024,deployed,26,8,14,363.0,0.21428571428571427,53.0,0.14285714285714285,5,8,0,1,0,0,0,3,11,0,10,0,0,1,3,0.35714285714285715,0.07142857142857142,0.21428571428571427,4818.0,2166.0,0,0.0,post_authorization
2-3,married <=   0.5 & months_since_cert_n >   6.5 & total_deductions_by_hh_size > 637.0 & utilities <= 756.0,train_2022_23,national,37,19,37,311.0,0.21621621621621623,53.0,0.24324324324324326,21,14,0,2,0,0,7,11,19,0,30,0,0,4,18,0.5675675675675675,0.10810810810810811,0.4864864864864865,8181.0,5546.0,0,0.0,post_authorization
2-3,married <=   0.5 & months_since_cert_n >   6.5 & total_deductions_by_hh_size > 637.0 & utilities <= 756.0,test_2024,national,25,6,8,363.0,0.375,52.0,0.375,3,2,0,0,3,0,1,6,1,0,2,2,0,4,7,0.375,0.5,0.875,2602.0,1366.0,3,0.375,mixed
2-3,married <=   0.5 & months_since_cert_n >   6.5 & total_deductions_by_hh_size > 637.0 & utilities <= 756.0,test_2024,deployed,6,1,1,311.0,1.0,35.0,1.0,0,1,0,0,0,0,0,1,0,0,1,0,0,0,1,0.0,0.0,1.0,512.0,512.0,0,0.0,insufficient
1,rawben_rel_max <=   0.998 & total_deductions_by_hh_size > 602.000 & utilities <= 272.000,train_2022_23,national,247,99,166,363.0,0.3614457831325301,53.0,0.5421686746987951,81,73,4,8,0,0,26,97,43,0,120,7,0,20,123,0.4879518072289157,0.12048192771084337,0.7409638554216867,26082.0,15569.0,8,0.04819277108433735,post_authorization
1,rawben_rel_max <=   0.998 & total_deductions_by_hh_size > 602.000 & utilities <= 272.000,test_2024,national,189,74,130,363.0,0.4461538461538462,53.0,0.4307692307692308,64,62,0,2,2,0,8,85,37,0,104,4,0,21,93,0.49230769230769234,0.16153846153846155,0.7153846153846154,23265.0,17032.0,11,0.08461538461538462,post_authorization
1,rawben_rel_max <=   0.998 & total_deductions_by_hh_size > 602.000 & utilities <= 272.000,test_2024,deployed,63,25,41,363.0,0.4634146341463415,53.0,0.3902439024390244,23,18,0,0,0,0,1,30,10,0,31,0,0,5,31,0.5609756097560976,0.12195121951219512,0.7560975609756098,7158.0,5409.0,3,0.07317073170731707,post_authorization
4+,rawben_rel_max >   0.501 & shelter_expenses_by_hh_size > 303.000 & utilities > 524.000,train_2022_23,national,840,203,283,311.0,0.3462897526501767,35.0,0.1872791519434629,161,112,0,8,0,2,29,175,77,0,175,66,0,85,204,0.568904593639576,0.3003533568904594,0.7208480565371025,62392.0,41259.0,53,0.1872791519434629,post_authorization
4+,rawben_rel_max >   0.501 & shelter_expenses_by_hh_size > 303.000 & utilities > 524.000,test_2024,national,625,175,253,311.0,0.3794466403162055,35.0,0.17391304347826086,123,103,1,2,24,0,13,149,84,1,149,45,0,60,162,0.48616600790513836,0.23715415019762845,0.6403162055335968,62988.0,38833.0,33,0.13043478260869565,post_authorization
4+,rawben_rel_max >   0.501 & shelter_expenses_by_hh_size > 303.000 & utilities > 524.000,test_2024,deployed,35,10,11,311.0,0.36363636363636365,44.0,0.36363636363636365,6,3,0,1,1,0,1,8,2,0,7,4,0,3,9,0.5454545454545454,0.2727272727272727,0.8181818181818182,4592.0,3549.0,2,0.18181818181818182,post_authorization
4+,rawben_rel_max >   0.502 & shelter_expenses_by_hh_size > 247.000 & shelter_expenses_by_hh_size <= 512.000 & utilities > 524.000,train_2022_23,national,1026,251,363,311.0,0.3526170798898072,35.0,0.15151515151515152,214,134,0,13,0,2,30,235,96,0,216,88,0,113,265,0.5895316804407713,0.31129476584022037,0.7300275482093664,76525.0,48654.0,72,0.19834710743801653,post_authorization
4+,rawben_rel_max >   0.502 & shelter_expenses_by_hh_size > 247.000 & shelter_expenses_by_hh_size <= 512.000 & utilities > 524.000,test_2024,national,717,190,276,311.0,0.3804347826086957,38.0,0.16666666666666666,139,107,1,1,28,0,14,166,88,1,152,58,0,70,180,0.5036231884057971,0.2536231884057971,0.6521739130434783,68132.0,43133.0,37,0.13405797101449277,post_authorization
4+,rawben_rel_max >   0.502 & shelter_expenses_by_hh_size > 247.000 & shelter_expenses_by_hh_size <= 512.000 & utilities > 524.000,test_2024,deployed,28,8,8,311.0,0.375,44.0,0.5,6,1,0,0,1,0,1,6,1,0,4,4,0,4,7,0.75,0.5,0.875,2021.0,2021.0,2,0.25,mixed
1,cat_elig >   0.500 & expedited_i >   0.500 & total_deductions_by_hh_size > 991.000 & unc_rawben_rel_max <=   0.991,train_2022_23,national,33,17,23,311.0,0.34782608695652173,53.0,0.43478260869565216,12,10,1,0,0,0,5,11,7,0,15,1,0,5,16,0.5217391304347826,0.21739130434782608,0.6956521739130435,3448.0,2582.0,3,0.13043478260869565,post_authorization
1,cat_elig >   0.500 & expedited_i >   0.500 & total_deductions_by_hh_size > 991.000 & unc_rawben_rel_max <=   0.991,test_2024,national,49,23,38,311.0,0.2894736842105263,38.0,0.18421052631578946,15,21,0,0,2,0,3,21,14,0,29,1,0,5,24,0.39473684210526316,0.13157894736842105,0.631578947368421,7362.0,4690.0,2,0.05263157894736842,post_authorization
1,cat_elig >   0.500 & expedited_i >   0.500 & total_deductions_by_hh_size > 991.000 & unc_rawben_rel_max <=   0.991,test_2024,deployed,23,10,15,311.0,0.26666666666666666,56.0,0.26666666666666666,8,7,0,0,0,0,2,5,8,0,13,1,0,3,7,0.5333333333333333,0.2,0.4666666666666667,2587.0,1659.0,1,0.06666666666666667,post_authorization
2-3,HH_size_n >=   3 & shelter_expenses_by_hh_size < 700 & total_deductions_by_hh_size >= 510,train_2022_23,national,99,43,80,311.0,0.225,53.0,0.2625,37,40,0,3,0,0,8,51,21,0,46,5,0,11,59,0.4625,0.1375,0.7375,17754.0,8905.0,9,0.1125,post_authorization
2-3,HH_size_n >=   3 & shelter_expenses_by_hh_size < 700 & total_deductions_by_hh_size >= 510,test_2024,national,56,15,26,323.0,0.3076923076923077,56.0,0.15384615384615385,14,10,1,0,1,0,3,19,4,0,12,10,0,7,22,0.5384615384615384,0.2692307692307692,0.8461538461538461,7384.0,3106.0,7,0.2692307692307692,mixed
2-3,HH_size_n >=   3 & shelter_expenses_by_hh_size < 700 & total_deductions_by_hh_size >= 510,test_2024,deployed,8,1,1,323.0,1.0,56.0,1.0,1,0,0,0,0,0,0,1,0,0,1,0,0,1,1,1.0,1.0,1.0,326.0,326.0,1,1.0,insufficient
4+,percent_abawd <=   0.450 & total_deductions_by_hh_size > 154.000 & total_deductions_by_hh_size <= 326.000 & unc_rawben_rel_max >   0.509,train_2022_23,national,2408,549,809,311.0,0.3362175525339926,38.0,0.20395550061804696,449,331,3,26,0,0,72,509,228,0,433,152,0,217,581,0.5550061804697157,0.26823238566131025,0.7181705809641533,181283.0,100204.0,134,0.16563658838071693,post_authorization
4+,percent_abawd <=   0.450 & total_deductions_by_hh_size > 154.000 & total_deductions_by_hh_size <= 326.000 & unc_rawben_rel_max >   0.509,test_2024,national,1541,367,536,311.0,0.373134328358209,35.0,0.15671641791044777,270,222,1,3,40,0,35,340,154,2,280,106,2,123,375,0.503731343283582,0.2294776119402985,0.6996268656716418,129304.0,72012.0,65,0.12126865671641791,post_authorization
4+,percent_abawd <=   0.450 & total_deductions_by_hh_size > 154.000 & total_deductions_by_hh_size <= 326.000 & unc_rawben_rel_max >   0.509,test_2024,deployed,25,6,7,311.0,0.2857142857142857,44.0,0.42857142857142855,5,2,0,0,0,0,0,5,2,0,4,3,0,2,5,0.7142857142857143,0.2857142857142857,0.7142857142857143,2935.0,1892.0,2,0.2857142857142857,mixed
1,married <=   0.500 & total_deductions_by_hh_size > 505.000 & unc_rawben_rel_max <=   0.992 & utilities <=  29.500,train_2022_23,national,255,98,161,363.0,0.36024844720496896,53.0,0.5652173913043478,74,78,4,5,0,0,24,90,47,0,129,5,0,24,114,0.45962732919254656,0.14906832298136646,0.7080745341614907,25098.0,16638.0,10,0.062111801242236024,post_authorization
1,married <=   0.500 & total_deductions_by_hh_size > 505.000 & unc_rawben_rel_max <=   0.992 & utilities <=  29.500,test_2024,national,179,65,114,363.0,0.41228070175438597,53.0,0.41228070175438597,47,63,0,2,2,0,9,71,34,0,95,8,0,15,80,0.41228070175438597,0.13157894736842105,0.7017543859649122,19687.0,14918.0,7,0.06140350877192982,post_authorization
1,married <=   0.500 & total_deductions_by_hh_size > 505.000 & unc_rawben_rel_max <=   0.992 & utilities <=  29.500,test_2024,deployed,27,6,8,363.0,0.5,53.0,0.375,3,5,0,0,0,0,0,4,4,0,8,0,0,0,4,0.375,0.0,0.5,2188.0,2188.0,0,0.0,post_authorization
1,medical_deductions > 506.000 & rawben_rel_max <=   0.998 & total_deductions_by_hh_size > 282.000 & unc_rawben_rel_max >   0.761,train_2022_23,national,30,20,30,365.0,0.6333333333333333,53.0,0.6666666666666666,23,4,2,1,0,0,5,20,5,0,21,1,0,10,25,0.7666666666666667,0.3333333333333333,0.8333333333333334,6341.0,3666.0,5,0.16666666666666666,post_authorization
1,medical_deductions > 506.000 & rawben_rel_max <=   0.998 & total_deductions_by_hh_size > 282.000 & unc_rawben_rel_max >   0.761,test_2024,national,19,8,15,365.0,0.5333333333333333,53.0,0.4,9,4,0,2,0,0,1,13,1,0,11,2,0,7,14,0.6,0.4666666666666667,0.9333333333333333,3161.0,1894.0,4,0.26666666666666666,mixed
1,medical_deductions > 506.000 & rawben_rel_max <=   0.998 & total_deductions_by_hh_size > 282.000 & unc_rawben_rel_max >   0.761,test_2024,deployed,6,3,5,365.0,0.6,57.0,0.4,3,2,0,0,0,0,0,4,1,0,3,2,0,1,4,0.6,0.2,0.8,936.0,536.0,0,0.0,post_authorization
2-3,medical_deductions > 143 & shelter_expenses_by_hh_size <= 738 & total_deductions_by_hh_size > 503,train_2022_23,national,36,23,45,365.0,0.4888888888888889,53.0,0.4666666666666667,29,16,0,0,0,0,9,27,9,0,37,3,0,18,36,0.6444444444444445,0.4,0.8,8079.0,4706.0,14,0.3111111111111111,mixed
2-3,medical_deductions > 143 & shelter_expenses_by_hh_size <= 738 & total_deductions_by_hh_size > 503,test_2024,national,16,8,10,365.0,0.6,53.0,0.3,4,2,1,0,3,0,2,5,3,0,7,1,0,7,7,0.4,0.7,0.7,2945.0,886.0,1,0.1,post_authorization
2-3,medical_deductions > 143 & shelter_expenses_by_hh_size <= 738 & total_deductions_by_hh_size > 503,test_2024,deployed,10,6,7,365.0,0.7142857142857143,53.0,0.42857142857142855,3,2,1,0,1,0,2,3,2,0,6,1,0,6,5,0.42857142857142855,0.8571428571428571,0.7142857142857143,1951.0,820.0,1,0.14285714285714285,post_authorization
1,rawben_rel_max >   0.345 & shelter_expenses_by_hh_size > 878.000 & unc_rawben_rel_max <=   0.991 & utilities <=  14.500,train_2022_23,national,114,58,106,363.0,0.49056603773584906,53.0,0.6226415094339622,45,54,2,5,0,0,13,59,34,0,89,3,1,10,72,0.42452830188679247,0.09433962264150944,0.6792452830188679,16256.0,11154.0,2,0.018867924528301886,post_authorization
1,rawben_rel_max >   0.345 & shelter_expenses_by_hh_size > 878.000 & unc_rawben_rel_max <=   0.991 & utilities <=  14.500,test_2024,national,97,51,94,363.0,0.4787234042553192,53.0,0.4787234042553192,37,55,0,2,0,0,6,62,26,0,81,1,0,13,68,0.39361702127659576,0.13829787234042554,0.723404255319149,16739.0,12262.0,4,0.0425531914893617,post_authorization
1,rawben_rel_max >   0.345 & shelter_expenses_by_hh_size > 878.000 & unc_rawben_rel_max <=   0.991 & utilities <=  14.500,test_2024,deployed,4,3,5,363.0,0.6,53.0,0.6,1,4,0,0,0,0,0,4,1,0,1,0,0,0,4,0.2,0.0,0.8,580.0,0.0,0,0.0,post_authorization
1,total_deductions_by_hh_size <= 842.00 & unc_rawben_rel_max >   1.93 & utilities <= 606.00,train_2022_23,national,97,49,72,331.0,0.5138888888888888,38.0,0.2361111111111111,46,21,2,3,0,0,6,26,40,0,59,0,0,25,32,0.6388888888888888,0.3472222222222222,0.4444444444444444,10345.0,6593.0,9,0.125,post_authorization
1,total_deductions_by_hh_size <= 842.00 & unc_rawben_rel_max >   1.93 & utilities <= 606.00,test_2024,national,24,14,22,331.0,0.2727272727272727,37.0,0.3181818181818182,16,5,0,0,1,0,1,13,8,0,15,0,0,11,14,0.7272727272727273,0.5,0.6363636363636364,4143.0,2354.0,7,0.3181818181818182,mixed
1,total_deductions_by_hh_size <= 842.00 & unc_rawben_rel_max >   1.93 & utilities <= 606.00,test_2024,deployed,6,4,4,331.0,0.75,37.0,0.75,4,0,0,0,0,0,0,0,4,0,3,0,0,3,0,1.0,0.75,0.0,683.0,581.0,0,0.0,insufficient
1,rawben_rel_max >=   0.988 & rawben_rel_max <   1.000 & shelter_expenses_by_hh_size >= 692.000 & utilities < 580.000,train_2022_23,national,263,111,149,363.0,0.697986577181208,53.0,0.6577181208053692,66,82,1,0,0,0,20,103,26,0,106,2,0,17,123,0.4429530201342282,0.11409395973154363,0.825503355704698,22174.0,12127.0,10,0.06711409395973154,post_authorization
1,rawben_rel_max >=   0.988 & rawben_rel_max <   1.000 & shelter_expenses_by_hh_size >= 692.000 & utilities < 580.000,test_2024,national,136,66,96,363.0,0.65625,56.0,0.4166666666666667,49,45,0,2,0,0,7,61,28,0,74,0,0,14,68,0.5104166666666666,0.14583333333333334,0.7083333333333334,15371.0,10819.0,7,0.07291666666666667,post_authorization
1,rawben_rel_max >=   0.988 & rawben_rel_max <   1.000 & shelter_expenses_by_hh_size >= 692.000 & utilities < 580.000,test_2024,deployed,47,20,26,363.0,0.7307692307692307,56.0,0.5384615384615384,14,12,0,0,0,0,2,18,6,0,18,0,0,3,20,0.5384615384615384,0.11538461538461539,0.7692307692307693,3554.0,1907.0,2,0.07692307692307693,post_authorization
4+,HH_size_n >   4.5 & medical_deductions <= 157.0 & total_deductions_by_hh_size > 362.0,train_2022_23,national,31,17,29,311.0,0.3103448275862069,52.0,0.2413793103448276,18,8,0,3,0,0,4,24,1,0,8,9,0,9,28,0.6206896551724138,0.3103448275862069,0.9655172413793104,6006.0,6891.0,8,0.27586206896551724,mixed
4+,HH_size_n >   4.5 & medical_deductions <= 157.0 & total_deductions_by_hh_size > 362.0,test_2024,national,31,13,20,323.0,0.4,56.0,0.35,7,11,0,0,2,0,1,13,6,0,12,0,0,3,14,0.35,0.15,0.7,3672.0,1610.0,1,0.05,post_authorization
4+,HH_size_n >   4.5 & medical_deductions <= 157.0 & total_deductions_by_hh_size > 362.0,test_2024,deployed,6,1,1,323.0,1.0,53.0,1.0,1,0,0,0,0,0,0,1,0,0,0,0,0,0,1,1.0,0.0,1.0,545.0,0.0,0,0.0,insufficient
1,months_since_cert_n >=   5.00 & percent_abawd <   0.50 & unc_rawben_rel_max >=   1.82 & utilities < 366.00,train_2022_23,national,116,51,80,331.0,0.3125,39.0,0.1625,35,38,1,6,0,0,4,14,62,0,66,0,0,9,18,0.4375,0.1125,0.225,15168.0,11828.0,4,0.05,post_authorization
1,months_since_cert_n >=   5.00 & percent_abawd <   0.50 & unc_rawben_rel_max >=   1.82 & utilities < 366.00,test_2024,national,53,24,33,311.0,0.24242424242424243,35.0,0.42424242424242425,16,17,0,0,0,0,2,14,17,0,30,0,0,6,16,0.48484848484848486,0.18181818181818182,0.48484848484848486,7589.0,5690.0,3,0.09090909090909091,post_authorization
1,months_since_cert_n >=   5.00 & percent_abawd <   0.50 & unc_rawben_rel_max >=   1.82 & utilities < 366.00,test_2024,deployed,9,6,6,346.0,0.3333333333333333,35.0,0.6666666666666666,2,4,0,0,0,0,1,2,3,0,5,0,0,0,3,0.3333333333333333,0.0,0.5,1489.0,1221.0,0,0.0,post_authorization
4+,HH_size_n >=   5 & married <   1 & shelter_expenses_by_hh_size < 293 & total_deductions_by_hh_size >= 212,train_2022_23,national,68,32,54,323.0,0.25925925925925924,52.0,0.25925925925925924,29,23,1,1,0,0,1,42,11,0,26,11,0,13,43,0.5370370370370371,0.24074074074074073,0.7962962962962963,12964.0,10600.0,10,0.18518518518518517,post_authorization
4+,HH_size_n >=   5 & married <   1 & shelter_expenses_by_hh_size < 293 & total_deductions_by_hh_size >= 212,test_2024,national,44,16,24,311.0,0.375,56.0,0.2916666666666667,11,12,0,0,1,0,1,19,4,0,11,1,0,5,20,0.4583333333333333,0.20833333333333334,0.8333333333333334,6578.0,2405.0,3,0.125,post_authorization
4+,HH_size_n >=   5 & married <   1 & shelter_expenses_by_hh_size < 293 & total_deductions_by_hh_size >= 212,test_2024,deployed,14,5,7,323.0,0.14285714285714285,53.0,0.2857142857142857,5,1,0,0,1,0,0,5,2,0,2,0,0,4,5,0.7142857142857143,0.5714285714285714,0.7142857142857143,1004.0,386.0,2,0.2857142857142857,mixed
4+,shelter_expenses_by_hh_size > 484 & total_deductions_by_hh_size > 234 & total_deductions_by_hh_size <= 259,train_2022_23,national,39,20,38,311.0,0.34210526315789475,38.0,0.15789473684210525,17,20,0,1,0,0,7,18,13,0,19,10,2,5,25,0.4473684210526316,0.13157894736842105,0.6578947368421053,8651.0,8184.0,4,0.10526315789473684,post_authorization
4+,shelter_expenses_by_hh_size > 484 & total_deductions_by_hh_size > 234 & total_deductions_by_hh_size <= 259,test_2024,national,36,16,26,311.0,0.3076923076923077,38.0,0.23076923076923078,16,7,0,0,3,0,1,18,7,0,13,5,0,5,19,0.6153846153846154,0.19230769230769232,0.7307692307692307,5668.0,2785.0,4,0.15384615384615385,post_authorization
4+,shelter_expenses_by_hh_size > 484 & total_deductions_by_hh_size > 234 & total_deductions_by_hh_size <= 259,test_2024,deployed,2,0,0,,,,,0,0,0,0,0,0,0,0,0,0,0,0,0,0,0,0.0,0.0,0.0,0.0,0.0,0,0.0,insufficient
1,elderly_disabled_i >=   1.00 & shelter_expenses_by_hh_size < 860.00 & unc_rawben_rel_max >=   1.45 & utilities < 462.00,train_2022_23,national,293,117,167,331.0,0.5209580838323353,37.0,0.2934131736526946,109,49,4,5,0,0,17,60,90,0,131,1,0,47,77,0.6526946107784432,0.281437125748503,0.46107784431137727,27739.0,18744.0,15,0.08982035928143713,post_authorization
1,elderly_disabled_i >=   1.00 & shelter_expenses_by_hh_size < 860.00 & unc_rawben_rel_max >=   1.45 & utilities < 462.00,test_2024,national,111,49,64,331.0,0.46875,37.0,0.296875,40,20,1,2,1,0,8,27,28,0,45,0,0,20,35,0.625,0.3125,0.546875,12011.0,7906.0,10,0.15625,post_authorization
1,elderly_disabled_i >=   1.00 & shelter_expenses_by_hh_size < 860.00 & unc_rawben_rel_max >=   1.45 & utilities < 462.00,test_2024,deployed,24,9,12,331.0,0.5833333333333334,35.0,0.3333333333333333,5,6,0,0,1,0,1,4,6,0,9,0,0,3,5,0.4166666666666667,0.25,0.4166666666666667,1971.0,1153.0,1,0.08333333333333333,post_authorization
1,count_divisible_by_100 <=    0.500 & shelter_expenses_by_hh_size > 1300.000 & total_deductions_by_hh_size > 1370.000 & unc_rawben_rel_max <=    0.998,train_2022_23,national,89,39,57,363.0,0.3333333333333333,53.0,0.45614035087719296,35,21,0,1,0,0,8,35,14,0,37,6,0,18,43,0.6140350877192983,0.3157894736842105,0.7543859649122807,9088.0,5621.0,10,0.17543859649122806,post_authorization
1,count_divisible_by_100 <=    0.500 & shelter_expenses_by_hh_size > 1300.000 & total_deductions_by_hh_size > 1370.000 & unc_rawben_rel_max <=    0.998,test_2024,national,87,31,49,363.0,0.32653061224489793,56.0,0.22448979591836735,25,20,0,0,4,0,3,31,15,0,39,7,0,15,34,0.5102040816326531,0.30612244897959184,0.6938775510204082,7400.0,5370.0,7,0.14285714285714285,post_authorization
1,count_divisible_by_100 <=    0.500 & shelter_expenses_by_hh_size > 1300.000 & total_deductions_by_hh_size > 1370.000 & unc_rawben_rel_max <=    0.998,test_2024,deployed,45,16,23,363.0,0.34782608695652173,56.0,0.2608695652173913,11,9,0,0,3,0,2,17,4,0,17,4,0,4,19,0.4782608695652174,0.17391304347826086,0.8260869565217391,3588.0,1751.0,2,0.08695652173913043,post_authorization
1,elderly_disabled_i >  0.50 & months_since_cert_n <= 17.50 & unc_rawben_rel_max >  1.25 & utilities <= 14.50,train_2022_23,national,103,44,58,331.0,0.4482758620689655,37.0,0.3620689655172414,39,16,1,2,0,0,5,27,26,0,39,0,0,14,32,0.6724137931034483,0.2413793103448276,0.5517241379310345,10158.0,6696.0,5,0.08620689655172414,post_authorization
1,elderly_disabled_i >  0.50 & months_since_cert_n <= 17.50 & unc_rawben_rel_max >  1.25 & utilities <= 14.50,test_2024,national,47,20,24,331.0,0.5,37.0,0.375,17,6,0,1,0,0,4,14,6,0,23,0,0,9,18,0.7083333333333334,0.375,0.75,4569.0,3959.0,7,0.2916666666666667,mixed
1,elderly_disabled_i >  0.50 & months_since_cert_n <= 17.50 & unc_rawben_rel_max >  1.25 & utilities <= 14.50,test_2024,deployed,7,2,4,331.0,0.5,33.0,0.25,4,0,0,0,0,0,0,4,0,0,4,0,0,3,4,1.0,0.75,1.0,708.0,478.0,3,0.75,insufficient
2-3,elderly_disabled_i >   0.500 & rawben_rel_max <=   0.997 & shelter_expenses_by_hh_size > 955.000 & utilities <= 584.000,train_2022_23,national,36,18,40,363.0,0.375,53.0,0.25,15,25,0,0,0,0,8,21,11,0,25,3,0,5,29,0.375,0.125,0.725,7439.0,4191.0,3,0.075,post_authorization
2-3,elderly_disabled_i >   0.500 & rawben_rel_max <=   0.997 & shelter_expenses_by_hh_size > 955.000 & utilities <= 584.000,test_2024,national,31,19,27,363.0,0.48148148148148145,56.0,0.37037037037037035,11,13,0,0,3,0,0,21,6,0,18,0,0,6,21,0.4074074074074074,0.2222222222222222,0.7777777777777778,4592.0,3564.0,3,0.1111111111111111,post_authorization
2-3,elderly_disabled_i >   0.500 & rawben_rel_max <=   0.997 & shelter_expenses_by_hh_size > 955.000 & utilities <= 584.000,test_2024,deployed,7,3,4,363.0,0.5,53.0,0.25,2,1,0,0,1,0,0,4,0,0,1,0,0,1,4,0.5,0.25,1.0,371.0,70.0,0,0.0,insufficient
1,rawben_rel_max <=    0.998 & shelter_expenses_by_hh_size > 2260.000,train_2022_23,national,51,24,31,363.0,0.2903225806451613,53.0,0.2903225806451613,22,8,0,1,0,0,6,16,9,0,18,7,0,8,22,0.7096774193548387,0.25806451612903225,0.7096774193548387,5795.0,4117.0,4,0.12903225806451613,post_authorization
1,rawben_rel_max <=    0.998 & shelter_expenses_by_hh_size > 2260.000,test_2024,national,48,18,33,311.0,0.30303030303030304,35.0,0.21212121212121213,12,21,0,0,0,0,2,16,15,0,26,4,0,7,18,0.36363636363636365,0.21212121212121213,0.5454545454545454,5863.0,3995.0,2,0.06060606060606061,post_authorization
1,rawben_rel_max <=    0.998 & shelter_expenses_by_hh_size > 2260.000,test_2024,deployed,10,7,12,363.0,0.3333333333333333,35.0,0.4166666666666667,5,7,0,0,0,0,1,8,3,0,7,2,0,1,9,0.4166666666666667,0.08333333333333333,0.75,2370.0,797.0,1,0.08333333333333333,post_authorization
4+,HH_size_n >   4.500 & rawben_rel_max >   0.478 & total_deductions_by_hh_size > 233.000 & unc_rawben_rel_max <=   0.997,train_2022_23,national,156,63,110,311.0,0.23636363636363636,38.0,0.2,67,40,0,3,0,0,7,79,24,0,55,21,0,32,86,0.6090909090909091,0.2909090909090909,0.7818181818181819,25457.0,14805.0,22,0.2,post_authorization
4+,HH_size_n >   4.500 & rawben_rel_max >   0.478 & total_deductions_by_hh_size > 233.000 & unc_rawben_rel_max <=   0.997,test_2024,national,165,47,78,311.0,0.34615384615384615,56.0,0.19230769230769232,42,31,0,0,5,0,3,55,19,0,41,4,0,18,58,0.5384615384615384,0.23076923076923078,0.7435897435897436,17931.0,9462.0,14,0.1794871794871795,post_authorization
4+,HH_size_n >   4.500 & rawben_rel_max >   0.478 & total_deductions_by_hh_size > 233.000 & unc_rawben_rel_max <=   0.997,test_2024,deployed,55,15,23,323.0,0.34782608695652173,53.0,0.21739130434782608,12,9,0,0,2,0,1,17,4,0,11,3,0,5,18,0.5217391304347826,0.21739130434782608,0.782608695652174,4248.0,1695.0,4,0.17391304347826086,post_authorization
2-3,HH_size_n >   2.5 & total_deductions_by_hh_size > 437.0 & utilities <= 722.0,train_2022_23,national,173,69,111,311.0,0.27927927927927926,53.0,0.23423423423423423,56,53,0,2,0,0,9,69,33,0,59,13,0,22,78,0.5045045045045045,0.1981981981981982,0.7027027027027027,22556.0,13109.0,17,0.15315315315315314,post_authorization
2-3,HH_size_n >   2.5 & total_deductions_by_hh_size > 437.0 & utilities <= 722.0,test_2024,national,106,25,44,311.0,0.29545454545454547,52.0,0.1590909090909091,28,14,0,1,1,0,5,33,6,0,16,15,0,9,38,0.6363636363636364,0.20454545454545456,0.8636363636363636,10830.0,4944.0,9,0.20454545454545456,post_authorization
2-3,HH_size_n >   2.5 & total_deductions_by_hh_size > 437.0 & utilities <= 722.0,test_2024,deployed,27,3,5,311.0,0.4,41.0,0.2,4,1,0,0,0,0,0,5,0,0,0,2,0,3,5,0.8,0.6,1.0,1370.0,281.0,3,0.6,pre_authorization
4+,HH_size_n >   4.500 & months_since_cert_n >   4.500 & rawben_rel_max <=   0.988 & total_deductions_by_hh_size > 206.000,train_2022_23,national,196,77,134,311.0,0.2537313432835821,38.0,0.19402985074626866,79,53,0,2,0,0,11,76,47,0,69,27,0,38,87,0.5895522388059702,0.2835820895522388,0.6492537313432836,29329.0,16285.0,26,0.19402985074626866,post_authorization
4+,HH_size_n >   4.500 & months_since_cert_n >   4.500 & rawben_rel_max <=   0.988 & total_deductions_by_hh_size > 206.000,test_2024,national,165,52,71,311.0,0.49295774647887325,38.0,0.2535211267605634,35,33,0,0,3,0,2,32,35,1,41,11,0,15,34,0.49295774647887325,0.2112676056338028,0.4788732394366197,23051.0,14115.0,10,0.14084507042253522,post_authorization
4+,HH_size_n >   4.500 & months_since_cert_n >   4.500 & rawben_rel_max <=   0.988 & total_deductions_by_hh_size > 206.000,test_2024,deployed,57,15,22,311.0,0.2727272727272727,38.0,0.22727272727272727,14,7,0,0,1,0,0,12,8,1,6,5,0,5,12,0.6363636363636364,0.22727272727272727,0.5454545454545454,6363.0,2843.0,3,0.13636363636363635,post_authorization
4+,married >=   1 & shelter_expenses_by_hh_size < 454 & total_deductions_by_hh_size >= 232 & total_deductions_by_hh_size < 247,train_2022_23,national,86,37,56,311.0,0.4107142857142857,38.0,0.19642857142857142,31,19,0,6,0,0,6,37,13,0,29,16,0,13,43,0.5535714285714286,0.23214285714285715,0.7678571428571429,12966.0,14191.0,9,0.16071428571428573,post_authorization
4+,married >=   1 & shelter_expenses_by_hh_size < 454 & total_deductions_by_hh_size >= 232 & total_deductions_by_hh_size < 247,test_2024,national,48,11,17,311.0,0.23529411764705882,35.0,0.17647058823529413,8,4,0,0,5,0,1,13,3,0,7,2,0,8,14,0.47058823529411764,0.47058823529411764,0.8235294117647058,3131.0,1505.0,4,0.23529411764705882,post_authorization
4+,married >=   1 & shelter_expenses_by_hh_size < 454 & total_deductions_by_hh_size >= 232 & total_deductions_by_hh_size < 247,test_2024,deployed,17,6,7,312.0,0.2857142857142857,38.0,0.2857142857142857,4,2,0,0,1,0,1,6,0,0,3,1,0,1,7,0.5714285714285714,0.14285714285714285,1.0,1322.0,444.0,1,0.14285714285714285,post_authorization
2-3,rawben_rel_max <=   0.93 & total_deductions_by_hh_size > 519.00 & utilities <= 560.00,train_2022_23,national,237,90,178,311.0,0.25280898876404495,53.0,0.21348314606741572,88,84,0,6,0,0,19,97,62,0,96,17,1,37,116,0.4943820224719101,0.20786516853932585,0.651685393258427,33932.0,13406.0,24,0.1348314606741573,post_authorization
2-3,rawben_rel_max <=   0.93 & total_deductions_by_hh_size > 519.00 & utilities <= 560.00,test_2024,national,187,71,113,311.0,0.336283185840708,56.0,0.13274336283185842,55,50,0,2,6,0,10,76,26,1,71,12,0,32,86,0.48672566371681414,0.2831858407079646,0.7610619469026548,20581.0,11306.0,20,0.17699115044247787,post_authorization
2-3,rawben_rel_max <=   0.93 & total_deductions_by_hh_size > 519.00 & utilities <= 560.00,test_2024,deployed,71,23,34,311.0,0.4117647058823529,56.0,0.20588235294117646,16,14,0,1,3,0,3,24,6,1,18,4,0,10,27,0.47058823529411764,0.29411764705882354,0.7941176470588235,5696.0,2665.0,9,0.2647058823529412,mixed
1,medical_deductions >= 5.000 & medical_deductions < 9.000 & rawben_rel_max < 0.488,train_2022_23,national,37,18,19,365.0,0.9473684210526315,52.0,0.9473684210526315,16,1,1,1,0,0,2,12,5,0,0,15,0,9,14,0.8421052631578947,0.47368421052631576,0.7368421052631579,1349.0,998.0,7,0.3684210526315789,mixed
1,medical_deductions >= 5.000 & medical_deductions < 9.000 & rawben_rel_max < 0.488,test_2024,national,24,9,9,365.0,1.0,52.0,1.0,9,0,0,0,0,0,1,8,0,0,0,6,0,5,9,1.0,0.5555555555555556,1.0,618.0,400.0,5,0.5555555555555556,pre_authorization
1,medical_deductions >= 5.000 & medical_deductions < 9.000 & rawben_rel_max < 0.488,test_2024,deployed,10,4,4,365.0,1.0,52.0,1.0,4,0,0,0,0,0,1,3,0,0,0,3,0,2,4,1.0,0.5,1.0,291.0,219.0,2,0.5,insufficient
4+,HH_size_n >=   5.00 & months_since_cert_n >=   2.00 & total_deductions_by_hh_size >= 245.00 & unc_rawben_rel_max <   1.01,train_2022_23,national,157,62,107,311.0,0.2616822429906542,52.0,0.22429906542056074,63,40,0,4,0,0,6,79,22,0,47,26,0,34,85,0.5887850467289719,0.3177570093457944,0.794392523364486,20848.0,16006.0,27,0.2523364485981308,mixed
4+,HH_size_n >=   5.00 & months_since_cert_n >=   2.00 & total_deductions_by_hh_size >= 245.00 & unc_rawben_rel_max <   1.01,test_2024,national,156,56,84,311.0,0.4166666666666667,38.0,0.21428571428571427,42,36,0,0,6,0,4,48,31,0,49,12,0,25,52,0.5,0.2976190476190476,0.6190476190476191,19684.0,11364.0,17,0.20238095238095238,post_authorization
4+,HH_size_n >=   5.00 & months_since_cert_n >=   2.00 & total_deductions_by_hh_size >= 245.00 & unc_rawben_rel_max <   1.01,test_2024,deployed,30,8,15,311.0,0.26666666666666666,53.0,0.2,7,6,0,0,2,0,2,8,4,0,5,4,0,3,10,0.4666666666666667,0.2,0.6666666666666666,2532.0,902.0,2,0.13333333333333333,post_authorization
1,cat_elig >=   1.000 & rawben_rel_max <   0.992 & unc_rawben_rel_max >=   0.986 & utilities < 626.000,train_2022_23,national,321,118,156,363.0,0.7307692307692307,53.0,0.6602564102564102,71,84,1,0,0,0,23,104,29,0,112,2,0,18,127,0.4551282051282051,0.11538461538461539,0.8141025641025641,22311.0,12314.0,12,0.07692307692307693,post_authorization
1,cat_elig >=   1.000 & rawben_rel_max <   0.992 & unc_rawben_rel_max >=   0.986 & utilities < 626.000,test_2024,national,169,69,98,363.0,0.6938775510204082,56.0,0.40816326530612246,48,48,0,2,0,0,7,64,27,0,75,1,0,13,71,0.4897959183673469,0.1326530612244898,0.7244897959183674,15518.0,11431.0,7,0.07142857142857142,post_authorization
1,cat_elig >=   1.000 & rawben_rel_max <   0.992 & unc_rawben_rel_max >=   0.986 & utilities < 626.000,test_2024,deployed,25,8,12,363.0,0.6666666666666666,56.0,0.4166666666666667,8,4,0,0,0,0,0,11,1,0,7,0,0,0,11,0.6666666666666666,0.0,0.9166666666666666,1922.0,899.0,0,0.0,post_authorization
4+,HH_size_n >   5.5 & months_since_cert_n >   4.5 & shelter_expenses_by_hh_size > 347.0 & utilities > 390.0,train_2022_23,national,53,24,31,311.0,0.41935483870967744,38.0,0.12903225806451613,16,13,0,2,0,0,1,19,11,0,17,7,0,9,20,0.5161290322580645,0.2903225806451613,0.6451612903225806,8405.0,6186.0,5,0.16129032258064516,post_authorization
4+,HH_size_n >   5.5 & months_since_cert_n >   4.5 & shelter_expenses_by_hh_size > 347.0 & utilities > 390.0,test_2024,national,33,9,15,311.0,0.4666666666666667,38.0,0.2,8,7,0,0,0,0,0,6,9,0,10,4,0,2,6,0.5333333333333333,0.13333333333333333,0.4,5762.0,3225.0,1,0.06666666666666667,post_authorization
4+,HH_size_n >   5.5 & months_since_cert_n >   4.5 & shelter_expenses_by_hh_size > 347.0 & utilities > 390.0,test_2024,deployed,3,0,0,,,,,0,0,0,0,0,0,0,0,0,0,0,0,0,0,0,0.0,0.0,0.0,0.0,0.0,0,0.0,insufficient
1,shelter_expenses_by_hh_size > 504.0 & total_deductions_by_hh_size > 647.0 & utilities <=  29.5,train_2022_23,national,165,64,113,363.0,0.30973451327433627,53.0,0.504424778761062,60,44,5,4,0,0,11,64,38,0,83,1,0,18,75,0.5309734513274337,0.1592920353982301,0.6637168141592921,18406.0,11440.0,6,0.05309734513274336,post_authorization
1,shelter_expenses_by_hh_size > 504.0 & total_deductions_by_hh_size > 647.0 & utilities <=  29.5,test_2024,national,188,58,99,363.0,0.36363636363636365,53.0,0.32323232323232326,44,52,0,2,1,0,6,55,38,0,84,2,0,19,61,0.4444444444444444,0.1919191919191919,0.6161616161616161,20043.0,13979.0,6,0.06060606060606061,post_authorization
1,shelter_expenses_by_hh_size > 504.0 & total_deductions_by_hh_size > 647.0 & utilities <=  29.5,test_2024,deployed,41,8,9,363.0,0.4444444444444444,37.0,0.2222222222222222,4,5,0,0,0,0,0,4,5,0,9,0,0,1,4,0.4444444444444444,0.1111111111111111,0.4444444444444444,1833.0,1725.0,1,0.1111111111111111,post_authorization
1,months_since_cert_n >=   5.00 & unc_rawben_rel_max >=   1.82 & utilities < 366.00,train_2022_23,national,161,62,99,311.0,0.30303030303030304,35.0,0.18181818181818182,46,46,1,6,0,0,5,25,69,0,81,0,0,13,30,0.46464646464646464,0.13131313131313133,0.30303030303030304,19195.0,14760.0,7,0.0707070707070707,post_authorization
1,months_since_cert_n >=   5.00 & unc_rawben_rel_max >=   1.82 & utilities < 366.00,test_2024,national,68,29,38,311.0,0.3157894736842105,35.0,0.4473684210526316,16,22,0,0,0,0,3,14,21,0,35,0,0,7,17,0.42105263157894735,0.18421052631578946,0.4473684210526316,8849.0,6950.0,3,0.07894736842105263,post_authorization
1,months_since_cert_n >=   5.00 & unc_rawben_rel_max >=   1.82 & utilities < 366.00,test_2024,deployed,7,1,1,334.0,1.0,38.0,1.0,1,0,0,0,0,0,0,0,1,0,0,0,0,0,0,1.0,0.0,0.0,268.0,0.0,0,0.0,insufficient
1,months_since_cert_n >=   6 & total_deductions_by_hh_size >= 501 & utilities < 249,train_2022_23,national,319,115,190,363.0,0.3105263157894737,53.0,0.4473684210526316,92,88,2,8,0,0,25,92,73,0,145,12,0,30,117,0.4842105263157895,0.15789473684210525,0.6157894736842106,30925.0,20277.0,16,0.08421052631578947,post_authorization
1,months_since_cert_n >=   6 & total_deductions_by_hh_size >= 501 & utilities < 249,test_2024,national,218,77,122,363.0,0.3770491803278688,53.0,0.3524590163934426,49,69,0,2,2,0,14,62,46,0,111,5,0,18,76,0.4016393442622951,0.14754098360655737,0.6229508196721312,22624.0,18454.0,10,0.08196721311475409,post_authorization
1,months_since_cert_n >=   6 & total_deductions_by_hh_size >= 501 & utilities < 249,test_2024,deployed,14,4,4,364.0,0.5,54.0,0.25,4,0,0,0,0,0,0,3,1,0,2,1,0,1,3,1.0,0.25,0.75,309.0,63.0,1,0.25,insufficient
1,elderly_disabled_i >   0.5 & shelter_expenses_by_hh_size <= 850.0 & unc_rawben_rel_max >   1.7,train_2022_23,national,292,105,151,331.0,0.5099337748344371,37.0,0.304635761589404,104,39,4,4,0,0,19,47,85,0,118,2,0,48,66,0.6887417218543046,0.31788079470198677,0.4370860927152318,22478.0,15106.0,19,0.12582781456953643,post_authorization
1,elderly_disabled_i >   0.5 & shelter_expenses_by_hh_size <= 850.0 & unc_rawben_rel_max >   1.7,test_2024,national,137,46,76,331.0,0.3684210526315789,35.0,0.21052631578947367,43,26,1,0,6,0,8,30,37,0,55,0,0,21,38,0.5657894736842105,0.27631578947368424,0.5,13774.0,8157.0,10,0.13157894736842105,post_authorization
1,elderly_disabled_i >   0.5 & shelter_expenses_by_hh_size <= 850.0 & unc_rawben_rel_max >   1.7,test_2024,deployed,14,2,4,333.0,0.5,37.0,0.5,4,0,0,0,0,0,0,2,2,0,0,0,0,1,2,1.0,0.25,0.5,306.0,0.0,0,0.0,insufficient
4+,HH_size_n >=   5.000 & rawben_rel_max >=   0.302 & rawben_rel_max <   0.942 & total_deductions_by_hh_size >= 236.000,train_2022_23,national,199,74,130,311.0,0.23846153846153847,52.0,0.2076923076923077,77,49,0,4,0,0,7,89,34,0,64,25,0,42,96,0.5923076923076923,0.3230769230769231,0.7384615384615385,27066.0,19495.0,32,0.24615384615384617,post_authorization
4+,HH_size_n >=   5.000 & rawben_rel_max >=   0.302 & rawben_rel_max <   0.942 & total_deductions_by_hh_size >= 236.000,test_2024,national,217,69,111,311.0,0.35135135135135137,56.0,0.1891891891891892,60,43,0,0,8,0,3,75,32,0,57,10,0,25,78,0.5405405405405406,0.22522522522522523,0.7027027027027027,23500.0,12302.0,18,0.16216216216216217,post_authorization
4+,HH_size_n >=   5.000 & rawben_rel_max >=   0.302 & rawben_rel_max <   0.942 & total_deductions_by_hh_size >= 236.000,test_2024,deployed,28,9,14,323.0,0.21428571428571427,53.0,0.21428571428571427,6,6,0,0,2,0,0,11,2,0,7,3,0,1,11,0.42857142857142855,0.07142857142857142,0.7857142857142857,2667.0,1063.0,0,0.0,post_authorization
4+,shelter_expenses_by_hh_size <= 341.000 & total_deductions_by_hh_size > 233.000 & unc_rawben_rel_max <=   0.976,train_2022_23,national,286,102,166,311.0,0.28313253012048195,53.0,0.23493975903614459,96,62,0,8,0,0,11,120,35,0,80,31,0,49,131,0.5783132530120482,0.29518072289156627,0.7891566265060241,35940.0,20591.0,39,0.23493975903614459,post_authorization
4+,shelter_expenses_by_hh_size <= 341.000 & total_deductions_by_hh_size > 233.000 & unc_rawben_rel_max <=   0.976,test_2024,national,152,41,57,311.0,0.3508771929824561,56.0,0.17543859649122806,33,17,0,1,6,0,4,37,15,0,31,8,0,18,41,0.5789473684210527,0.3157894736842105,0.7192982456140351,13812.0,8645.0,11,0.19298245614035087,post_authorization
4+,shelter_expenses_by_hh_size <= 341.000 & total_deductions_by_hh_size > 233.000 & unc_rawben_rel_max <=   0.976,test_2024,deployed,48,11,17,311.0,0.29411764705882354,56.0,0.23529411764705882,10,5,0,0,2,0,1,13,2,0,8,3,0,6,14,0.5882352941176471,0.35294117647058826,0.8235294117647058,3349.0,1315.0,4,0.23529411764705882,post_authorization
4+,HH_size_n >=   5 & shelter_expenses_by_hh_size >= 401 & shelter_expenses_by_hh_size < 424 & utilities < 646,train_2022_23,national,39,18,29,311.0,0.3448275862068966,44.0,0.1724137931034483,17,12,0,0,0,0,1,22,6,0,11,6,0,9,23,0.5862068965517241,0.3103448275862069,0.7931034482758621,4793.0,2650.0,7,0.2413793103448276,post_authorization
4+,HH_size_n >=   5 & shelter_expenses_by_hh_size >= 401 & shelter_expenses_by_hh_size < 424 & utilities < 646,test_2024,national,26,9,23,311.0,0.2608695652173913,44.0,0.2608695652173913,13,10,0,0,0,0,1,12,10,0,5,5,0,4,13,0.5652173913043478,0.17391304347826086,0.5652173913043478,7546.0,2774.0,3,0.13043478260869565,post_authorization
4+,HH_size_n >=   5 & shelter_expenses_by_hh_size >= 401 & shelter_expenses_by_hh_size < 424 & utilities < 646,test_2024,deployed,1,1,2,363.0,0.5,52.0,0.5,0,2,0,0,0,0,0,2,0,0,0,0,0,0,2,0.0,0.0,1.0,140.0,0.0,0,0.0,insufficient
2-3,married <=   0.500 & percent_abawd <=   0.125 & shelter_expenses_by_hh_size > 351.000 & unc_rawben_rel_max >   1.630,train_2022_23,national,57,34,47,311.0,0.23404255319148937,38.0,0.2553191489361702,25,21,0,1,0,0,5,23,19,0,37,0,0,12,28,0.5319148936170213,0.2553191489361702,0.5957446808510638,10856.0,9753.0,9,0.19148936170212766,post_authorization
2-3,married <=   0.500 & percent_abawd <=   0.125 & shelter_expenses_by_hh_size > 351.000 & unc_rawben_rel_max >   1.630,test_2024,national,30,9,17,311.0,0.29411764705882354,99.0,0.17647058823529413,5,8,0,0,4,0,2,10,5,0,8,1,0,3,12,0.29411764705882354,0.17647058823529413,0.7058823529411765,7327.0,2711.0,2,0.11764705882352941,post_authorization
2-3,married <=   0.500 & percent_abawd <=   0.125 & shelter_expenses_by_hh_size > 351.000 & unc_rawben_rel_max >   1.630,test_2024,deployed,3,1,2,334.0,0.5,33.0,0.5,1,1,0,0,0,0,0,0,2,0,2,0,0,0,0,0.5,0.0,0.0,1024.0,512.0,0,0.0,insufficient
4+,months_since_cert_n >=  11 & total_deductions_by_hh_size >= 228 & total_deductions_by_hh_size < 261,train_2022_23,national,40,25,48,311.0,0.3125,38.0,0.1875,26,18,0,4,0,0,7,25,16,0,30,15,2,12,32,0.5416666666666666,0.25,0.6666666666666666,10995.0,12257.0,6,0.125,post_authorization
4+,months_since_cert_n >=  11 & total_deductions_by_hh_size >= 228 & total_deductions_by_hh_size < 261,test_2024,national,11,2,4,311.0,0.5,35.0,0.25,3,1,0,0,0,0,0,3,1,0,2,0,0,2,3,0.75,0.5,0.75,1046.0,838.0,2,0.5,insufficient
4+,months_since_cert_n >=  11 & total_deductions_by_hh_size >= 228 & total_deductions_by_hh_size < 261,test_2024,deployed,10,2,4,311.0,0.5,35.0,0.25,3,1,0,0,0,0,0,3,1,0,2,0,0,2,3,0.75,0.5,0.75,1046.0,838.0,2,0.5,insufficient
2-3,cat_elig > 0.50 & children_i > 0.50 & unc_rawben_rel_max > 1.57,train_2022_23,national,59,33,43,311.0,0.32558139534883723,38.0,0.32558139534883723,23,19,0,1,0,0,5,18,20,0,32,2,0,11,23,0.5348837209302325,0.2558139534883721,0.5348837209302325,9665.0,8906.0,9,0.20930232558139536,post_authorization
2-3,cat_elig > 0.50 & children_i > 0.50 & unc_rawben_rel_max > 1.57,test_2024,national,35,10,18,311.0,0.3333333333333333,53.0,0.1111111111111111,6,11,0,0,1,0,2,14,2,0,7,1,0,2,16,0.3333333333333333,0.1111111111111111,0.8888888888888888,6001.0,2240.0,2,0.1111111111111111,post_authorization
2-3,cat_elig > 0.50 & children_i > 0.50 & unc_rawben_rel_max > 1.57,test_2024,deployed,5,1,2,311.0,0.5,99.0,0.5,0,2,0,0,0,0,0,1,1,0,0,0,0,0,1,0.0,0.0,0.5,912.0,0.0,0,0.0,insufficient
1,rawben_rel_max >   0.987 & rawben_rel_max <=   0.991 & total_deductions_by_hh_size > 938.000,train_2022_23,national,59,32,45,363.0,0.7111111111111111,53.0,0.6444444444444445,24,21,0,0,0,0,7,33,5,0,33,0,0,10,40,0.5333333333333333,0.2222222222222222,0.8888888888888888,8221.0,4993.0,8,0.17777777777777778,post_authorization
1,rawben_rel_max >   0.987 & rawben_rel_max <=   0.991 & total_deductions_by_hh_size > 938.000,test_2024,national,51,25,35,363.0,0.7142857142857143,56.0,0.45714285714285713,16,16,0,2,1,0,4,18,13,0,34,0,0,7,22,0.45714285714285713,0.2,0.6285714285714286,6495.0,5103.0,3,0.08571428571428572,post_authorization
1,rawben_rel_max >   0.987 & rawben_rel_max <=   0.991 & total_deductions_by_hh_size > 938.000,test_2024,deployed,22,12,16,363.0,0.75,56.0,0.375,7,6,0,2,1,0,3,6,7,0,16,0,0,5,9,0.4375,0.3125,0.5625,2796.0,2796.0,2,0.125,post_authorization
4+,medical_deductions <=  65.000 & shelter_expenses_by_hh_size > 273.000 & shelter_expenses_by_hh_size <= 434.000 & unc_rawben_rel_max <=   0.838,train_2022_23,national,1628,396,624,311.0,0.2900641025641026,38.0,0.16987179487179488,353,245,0,24,0,2,52,399,171,0,280,153,0,162,451,0.5657051282051282,0.25961538461538464,0.7227564102564102,109868.0,71151.0,119,0.1907051282051282,post_authorization
4+,medical_deductions <=  65.000 & shelter_expenses_by_hh_size > 273.000 & shelter_expenses_by_hh_size <= 434.000 & unc_rawben_rel_max <=   0.838,test_2024,national,1002,266,404,311.0,0.33663366336633666,38.0,0.17326732673267325,209,157,3,5,30,0,24,256,118,1,197,88,0,107,280,0.5173267326732673,0.26485148514851486,0.693069306930693,86767.0,50978.0,62,0.15346534653465346,post_authorization
4+,medical_deductions <=  65.000 & shelter_expenses_by_hh_size > 273.000 & shelter_expenses_by_hh_size <= 434.000 & unc_rawben_rel_max <=   0.838,test_2024,deployed,23,8,10,311.0,0.3,38.0,0.4,6,3,1,0,0,0,0,7,3,0,6,4,0,1,7,0.6,0.1,0.7,1790.0,1638.0,1,0.1,post_authorization
4+,rawben_rel_max >=   0.366 & shelter_expenses_by_hh_size >= 472.000 & total_deductions_by_hh_size >= 236.000 & total_deductions_by_hh_size < 255.000,train_2022_23,national,34,19,36,311.0,0.3611111111111111,38.0,0.2222222222222222,18,17,0,1,0,0,3,22,11,0,21,10,2,3,25,0.5,0.08333333333333333,0.6944444444444444,7157.0,8082.0,2,0.05555555555555555,post_authorization
4+,rawben_rel_max >=   0.366 & shelter_expenses_by_hh_size >= 472.000 & total_deductions_by_hh_size >= 236.000 & total_deductions_by_hh_size < 255.000,test_2024,national,30,11,17,311.0,0.35294117647058826,35.0,0.11764705882352941,12,4,0,0,1,0,1,10,6,0,9,4,0,3,11,0.7058823529411765,0.17647058823529413,0.6470588235294118,3888.0,2187.0,3,0.17647058823529413,post_authorization
4+,rawben_rel_max >=   0.366 & shelter_expenses_by_hh_size >= 472.000 & total_deductions_by_hh_size >= 236.000 & total_deductions_by_hh_size < 255.000,test_2024,deployed,15,5,7,311.0,0.2857142857142857,35.0,0.14285714285714285,5,2,0,0,0,0,1,3,3,0,5,2,0,1,4,0.7142857142857143,0.14285714285714285,0.5714285714285714,1333.0,1096.0,1,0.14285714285714285,post_authorization
4+,shelter_expenses_by_hh_size > 273.00 & shelter_expenses_by_hh_size <= 419.00 & unc_rawben_rel_max <=   0.85,train_2022_23,national,1589,390,608,311.0,0.2878289473684211,38.0,0.16282894736842105,341,241,0,24,0,2,52,390,164,0,277,152,0,164,442,0.5608552631578947,0.26973684210526316,0.7269736842105263,106550.0,69557.0,117,0.1924342105263158,post_authorization
4+,shelter_expenses_by_hh_size > 273.00 & shelter_expenses_by_hh_size <= 419.00 & unc_rawben_rel_max <=   0.85,test_2024,national,970,252,382,311.0,0.32722513089005234,38.0,0.17277486910994763,202,146,3,5,26,0,24,246,106,1,180,82,0,109,270,0.5287958115183246,0.28534031413612565,0.7068062827225131,80983.0,47966.0,67,0.17539267015706805,post_authorization
4+,shelter_expenses_by_hh_size > 273.00 & shelter_expenses_by_hh_size <= 419.00 & unc_rawben_rel_max <=   0.85,test_2024,deployed,21,7,9,311.0,0.3333333333333333,38.0,0.4444444444444444,6,2,1,0,0,0,0,6,3,0,5,4,0,1,6,0.6666666666666666,0.1111111111111111,0.6666666666666666,1647.0,1495.0,1,0.1111111111111111,post_authorization
4+,months_since_cert_n >   5.500 & rawben_rel_max >   0.794 & rawben_rel_max <=   0.975 & total_deductions_by_hh_size > 229.000,train_2022_23,national,69,34,59,311.0,0.288135593220339,38.0,0.23728813559322035,30,24,0,5,0,0,8,31,20,0,37,8,0,17,39,0.5084745762711864,0.288135593220339,0.6610169491525424,13373.0,5514.0,11,0.1864406779661017,post_authorization
4+,months_since_cert_n >   5.500 & rawben_rel_max >   0.794 & rawben_rel_max <=   0.975 & total_deductions_by_hh_size > 229.000,test_2024,national,53,18,29,311.0,0.27586206896551724,56.0,0.1724137931034483,18,6,0,0,5,0,1,15,12,0,15,1,0,9,16,0.6206896551724138,0.3103448275862069,0.5517241379310345,7157.0,2733.0,1,0.034482758620689655,post_authorization
4+,months_since_cert_n >   5.500 & rawben_rel_max >   0.794 & rawben_rel_max <=   0.975 & total_deductions_by_hh_size > 229.000,test_2024,deployed,21,9,17,311.0,0.23529411764705882,38.0,0.23529411764705882,13,1,0,0,3,0,0,7,10,0,5,1,0,6,7,0.7647058823529411,0.35294117647058826,0.4117647058823529,4097.0,1223.0,0,0.0,post_authorization
2-3,HH_size_n >=   3 & shelter_expenses_by_hh_size < 635 & total_deductions_by_hh_size >= 602,train_2022_23,national,38,20,40,323.0,0.3,53.0,0.3,19,20,0,1,0,0,4,25,11,0,24,2,0,6,29,0.475,0.15,0.725,8703.0,4547.0,4,0.1,post_authorization
2-3,HH_size_n >=   3 & shelter_expenses_by_hh_size < 635 & total_deductions_by_hh_size >= 602,test_2024,national,21,9,14,323.0,0.42857142857142855,56.0,0.21428571428571427,6,6,1,0,1,0,2,10,2,0,9,5,0,3,12,0.42857142857142855,0.21428571428571427,0.8571428571428571,4757.0,2384.0,3,0.21428571428571427,post_authorization
2-3,HH_size_n >=   3 & shelter_expenses_by_hh_size < 635 & total_deductions_by_hh_size >= 602,test_2024,deployed,5,2,3,323.0,0.3333333333333333,56.0,0.3333333333333333,2,1,0,0,0,0,0,3,0,0,1,2,0,2,3,0.6666666666666666,0.6666666666666666,1.0,494.0,410.0,2,0.6666666666666666,insufficient
1,months_since_cert_n >   2.50 & total_deductions_by_hh_size <= 919.00 & unc_rawben_rel_max >   1.93 & unc_rawben_rel_max <=   2.23,train_2022_23,national,152,67,96,331.0,0.46875,37.0,0.23958333333333334,60,31,2,3,0,0,11,24,61,0,83,0,0,35,35,0.625,0.3645833333333333,0.3645833333333333,13618.0,8648.0,12,0.125,post_authorization
1,months_since_cert_n >   2.50 & total_deductions_by_hh_size <= 919.00 & unc_rawben_rel_max >   1.93 & unc_rawben_rel_max <=   2.23,test_2024,national,59,24,36,331.0,0.3611111111111111,37.0,0.2777777777777778,24,12,0,0,0,0,4,15,17,0,25,0,0,13,19,0.6666666666666666,0.3611111111111111,0.5277777777777778,5991.0,3864.0,8,0.2222222222222222,post_authorization
1,months_since_cert_n >   2.50 & total_deductions_by_hh_size <= 919.00 & unc_rawben_rel_max >   1.93 & unc_rawben_rel_max <=   2.23,test_2024,deployed,13,2,2,346.0,1.0,35.0,1.0,0,2,0,0,0,0,2,0,0,0,2,0,0,0,2,0.0,0.0,1.0,536.0,536.0,0,0.0,insufficient
1,rawben_rel_max <=    0.994 & shelter_expenses_by_hh_size > 1300.000 & unc_rawben_rel_max >    0.987,train_2022_23,national,80,37,52,363.0,0.7115384615384616,53.0,0.6538461538461539,28,24,0,0,0,0,8,39,5,0,40,0,0,10,47,0.5384615384615384,0.19230769230769232,0.9038461538461539,9794.0,6045.0,8,0.15384615384615385,post_authorization
1,rawben_rel_max <=    0.994 & shelter_expenses_by_hh_size > 1300.000 & unc_rawben_rel_max >    0.987,test_2024,national,74,32,39,363.0,0.8205128205128205,56.0,0.5384615384615384,16,22,0,0,1,0,5,21,13,0,37,0,0,4,26,0.41025641025641024,0.10256410256410256,0.6666666666666666,7034.0,5569.0,2,0.05128205128205128,post_authorization
1,rawben_rel_max <=    0.994 & shelter_expenses_by_hh_size > 1300.000 & unc_rawben_rel_max >    0.987,test_2024,deployed,15,5,6,363.0,0.8333333333333334,56.0,0.6666666666666666,5,1,0,0,0,0,0,5,1,0,6,0,0,0,5,0.8333333333333334,0.0,0.8333333333333334,1034.0,437.0,0,0.0,post_authorization
4+,months_since_cert_n >   0.500 & total_deductions_by_hh_size > 184.000 & total_deductions_by_hh_size <= 302.000 & unc_rawben_rel_max <=   0.812,train_2022_23,national,1266,323,502,311.0,0.3346613545816733,38.0,0.17928286852589642,272,208,1,21,0,0,47,304,151,0,251,116,2,127,351,0.5418326693227091,0.25298804780876494,0.6992031872509961,101863.0,72069.0,89,0.17729083665338646,post_authorization
4+,months_since_cert_n >   0.500 & total_deductions_by_hh_size > 184.000 & total_deductions_by_hh_size <= 302.000 & unc_rawben_rel_max <=   0.812,test_2024,national,738,197,297,311.0,0.3838383838383838,38.0,0.1717171717171717,149,125,1,2,20,0,16,173,105,1,144,65,1,72,189,0.5016835016835017,0.24242424242424243,0.6363636363636364,71702.0,37597.0,44,0.14814814814814814,post_authorization
4+,months_since_cert_n >   0.500 & total_deductions_by_hh_size > 184.000 & total_deductions_by_hh_size <= 302.000 & unc_rawben_rel_max <=   0.812,test_2024,deployed,21,9,12,311.0,0.4166666666666667,35.0,0.25,5,7,0,0,0,0,0,7,5,0,7,5,0,1,7,0.4166666666666667,0.08333333333333333,0.5833333333333334,2257.0,1955.0,1,0.08333333333333333,post_authorization
1,rawben_rel_max <=   0.991 & total_deductions_by_hh_size > 800.000 & unc_rawben_rel_max >   0.985,train_2022_23,national,123,53,77,363.0,0.6883116883116883,53.0,0.6883116883116883,43,33,0,1,0,0,16,54,7,0,56,2,0,13,70,0.5584415584415584,0.16883116883116883,0.9090909090909091,13096.0,7922.0,11,0.14285714285714285,post_authorization
1,rawben_rel_max <=   0.991 & total_deductions_by_hh_size > 800.000 & unc_rawben_rel_max >   0.985,test_2024,national,113,44,62,363.0,0.6935483870967742,56.0,0.43548387096774194,31,28,0,2,1,0,5,35,22,0,58,0,0,12,40,0.5,0.1935483870967742,0.6451612903225806,10692.0,8162.0,4,0.06451612903225806,post_authorization
1,rawben_rel_max <=   0.991 & total_deductions_by_hh_size > 800.000 & unc_rawben_rel_max >   0.985,test_2024,deployed,43,13,14,363.0,0.9285714285714286,56.0,0.5714285714285714,8,5,0,0,1,0,3,8,3,0,12,0,0,0,11,0.5714285714285714,0.0,0.7857142857142857,2354.0,1584.0,0,0.0,post_authorization
4+,shelter_expenses_by_hh_size <= 560.000 & total_deductions_by_hh_size > 223.000 & unc_rawben_rel_max <=   0.982,train_2022_23,national,1184,322,524,311.0,0.29770992366412213,53.0,0.16793893129770993,283,213,1,27,0,0,42,341,141,0,248,122,2,139,383,0.5400763358778626,0.2652671755725191,0.7309160305343512,106746.0,74496.0,92,0.17557251908396945,post_authorization
4+,shelter_expenses_by_hh_size <= 560.000 & total_deductions_by_hh_size > 223.000 & unc_rawben_rel_max <=   0.982,test_2024,national,839,234,376,311.0,0.35638297872340424,56.0,0.17287234042553193,198,139,1,2,36,0,23,246,101,1,186,62,1,93,269,0.526595744680851,0.2473404255319149,0.7154255319148937,81490.0,43606.0,58,0.15425531914893617,post_authorization
4+,shelter_expenses_by_hh_size <= 560.000 & total_deductions_by_hh_size > 223.000 & unc_rawben_rel_max <=   0.982,test_2024,deployed,25,11,14,311.0,0.5,52.0,0.21428571428571427,7,6,0,0,1,0,0,10,4,0,8,6,0,3,10,0.5,0.21428571428571427,0.7142857142857143,2571.0,2317.0,3,0.21428571428571427,post_authorization
4+,shelter_expenses_by_hh_size >= 302 & shelter_expenses_by_hh_size < 419 & total_deductions_by_hh_size >= 139,train_2022_23,national,1424,327,498,311.0,0.3032128514056225,38.0,0.15863453815261044,277,208,0,11,0,2,42,321,133,0,242,101,0,144,363,0.5562248995983936,0.2891566265060241,0.7289156626506024,99102.0,63158.0,94,0.18875502008032127,post_authorization
4+,shelter_expenses_by_hh_size >= 302 & shelter_expenses_by_hh_size < 419 & total_deductions_by_hh_size >= 139,test_2024,national,908,234,358,311.0,0.3435754189944134,38.0,0.18156424581005587,185,135,1,3,34,0,20,226,103,0,165,67,0,99,246,0.5167597765363129,0.276536312849162,0.6871508379888268,79827.0,45315.0,55,0.15363128491620112,post_authorization
4+,shelter_expenses_by_hh_size >= 302 & shelter_expenses_by_hh_size < 419 & total_deductions_by_hh_size >= 139,test_2024,deployed,13,5,7,311.0,0.42857142857142855,38.0,0.42857142857142855,5,2,0,0,0,0,0,5,2,0,3,4,0,1,5,0.7142857142857143,0.14285714285714285,0.7142857142857143,1083.0,931.0,1,0.14285714285714285,post_authorization
4+,HH_size_n <=   7.500 & total_deductions_by_hh_size > 224.000 & total_deductions_by_hh_size <= 325.000 & unc_rawben_rel_max <=   0.968,train_2022_23,national,1030,273,437,311.0,0.3135011441647597,38.0,0.18993135011441648,227,187,0,23,0,0,41,272,124,0,209,99,2,109,313,0.5194508009153318,0.2494279176201373,0.7162471395881007,91808.0,60905.0,71,0.16247139588100687,post_authorization
4+,HH_size_n <=   7.500 & total_deductions_by_hh_size > 224.000 & total_deductions_by_hh_size <= 325.000 & unc_rawben_rel_max <=   0.968,test_2024,national,729,190,300,311.0,0.36,56.0,0.13333333333333333,163,110,1,2,24,0,23,190,82,1,150,56,2,68,213,0.5433333333333333,0.22666666666666666,0.71,67103.0,36558.0,43,0.14333333333333334,post_authorization
4+,HH_size_n <=   7.500 & total_deductions_by_hh_size > 224.000 & total_deductions_by_hh_size <= 325.000 & unc_rawben_rel_max <=   0.968,test_2024,deployed,21,9,12,311.0,0.5,35.0,0.25,6,6,0,0,0,0,0,7,5,0,7,5,0,1,7,0.5,0.08333333333333333,0.5833333333333334,2137.0,1835.0,1,0.08333333333333333,post_authorization
4+,shelter_expenses_by_hh_size <= 423.000 & total_deductions_by_hh_size > 127.000 & unc_rawben_rel_max <=   0.784,train_2022_23,national,2367,541,829,311.0,0.3341375150784077,38.0,0.18576598311218334,483,316,2,26,0,2,63,563,201,0,356,212,0,213,626,0.5826296743063932,0.2569360675512666,0.7551266586248492,154043.0,100428.0,162,0.195416164053076,post_authorization
4+,shelter_expenses_by_hh_size <= 423.000 & total_deductions_by_hh_size > 127.000 & unc_rawben_rel_max <=   0.784,test_2024,national,1322,349,525,311.0,0.4038095238095238,38.0,0.17333333333333334,256,210,2,7,50,0,41,319,157,1,251,125,1,134,360,0.4876190476190476,0.25523809523809526,0.6857142857142857,114116.0,67149.0,73,0.13904761904761906,post_authorization
4+,shelter_expenses_by_hh_size <= 423.000 & total_deductions_by_hh_size > 127.000 & unc_rawben_rel_max <=   0.784,test_2024,deployed,21,9,15,311.0,0.4,38.0,0.4,10,5,0,0,0,0,3,6,6,0,11,4,0,4,9,0.6666666666666666,0.26666666666666666,0.6,2036.0,1601.0,2,0.13333333333333333,post_authorization
1,rawben_rel_max >=   0.484 & rawben_rel_max <   0.989 & shelter_expenses_by_hh_size >= 879.000 & utilities <  31.000,train_2022_23,national,87,47,88,363.0,0.4772727272727273,53.0,0.6136363636363636,36,46,2,4,0,0,7,54,27,0,73,2,0,8,61,0.4090909090909091,0.09090909090909091,0.6931818181818182,13732.0,9023.0,1,0.011363636363636364,post_authorization
1,rawben_rel_max >=   0.484 & rawben_rel_max <   0.989 & shelter_expenses_by_hh_size >= 879.000 & utilities <  31.000,test_2024,national,66,28,49,363.0,0.46938775510204084,53.0,0.5510204081632653,17,32,0,0,0,0,6,35,8,0,36,1,0,5,41,0.3469387755102041,0.10204081632653061,0.8367346938775511,8577.0,5564.0,2,0.04081632653061224,post_authorization
1,rawben_rel_max >=   0.484 & rawben_rel_max <   0.989 & shelter_expenses_by_hh_size >= 879.000 & utilities <  31.000,test_2024,deployed,18,6,12,364.0,0.5,53.0,0.6666666666666666,2,10,0,0,0,0,0,11,1,0,12,0,0,1,11,0.16666666666666666,0.08333333333333333,0.9166666666666666,1954.0,1375.0,1,0.08333333333333333,post_authorization
1,expedited_i <=   0.50 & total_deductions_by_hh_size <= 920.00 & unc_rawben_rel_max >   1.93 & utilities <= 684.00,train_2022_23,national,131,64,98,331.0,0.45918367346938777,37.0,0.25510204081632654,65,28,2,3,0,0,9,32,57,0,82,0,0,37,41,0.6632653061224489,0.37755102040816324,0.41836734693877553,14185.0,9028.0,14,0.14285714285714285,post_authorization
1,expedited_i <=   0.50 & total_deductions_by_hh_size <= 920.00 & unc_rawben_rel_max >   1.93 & utilities <= 684.00,test_2024,national,33,19,30,331.0,0.3333333333333333,37.0,0.3,23,6,0,0,1,0,2,18,10,0,20,0,0,13,20,0.7666666666666667,0.43333333333333335,0.6666666666666666,5674.0,2830.0,8,0.26666666666666666,mixed
1,expedited_i <=   0.50 & total_deductions_by_hh_size <= 920.00 & unc_rawben_rel_max >   1.93 & utilities <= 684.00,test_2024,deployed,15,7,13,331.0,0.3076923076923077,37.0,0.3076923076923077,10,2,0,0,1,0,0,10,3,0,10,0,0,5,10,0.7692307692307693,0.38461538461538464,0.7692307692307693,2224.0,934.0,3,0.23076923076923078,post_authorization
1,rawben_rel_max >=   0.988 & rawben_rel_max <   0.992 & total_deductions_by_hh_size >= 198.000 & utilities < 452.000,train_2022_23,national,171,81,111,363.0,0.6936936936936937,53.0,0.6846846846846847,52,58,1,0,0,0,15,77,19,0,85,2,0,11,92,0.46846846846846846,0.0990990990990991,0.8288288288288288,16552.0,8740.0,6,0.05405405405405406,post_authorization
1,rawben_rel_max >=   0.988 & rawben_rel_max <   0.992 & total_deductions_by_hh_size >= 198.000 & utilities < 452.000,test_2024,national,97,53,81,363.0,0.6419753086419753,56.0,0.35802469135802467,39,40,0,2,0,0,7,48,26,0,64,0,0,11,55,0.48148148148148145,0.13580246913580246,0.6790123456790124,13441.0,9688.0,5,0.06172839506172839,post_authorization
1,rawben_rel_max >=   0.988 & rawben_rel_max <   0.992 & total_deductions_by_hh_size >= 198.000 & utilities < 452.000,test_2024,deployed,50,23,29,363.0,0.7586206896551724,56.0,0.4827586206896552,10,19,0,0,0,0,5,19,5,0,25,0,0,3,24,0.3448275862068966,0.10344827586206896,0.8275862068965517,4549.0,3123.0,3,0.10344827586206896,post_authorization
1,elderly_disabled_i >=   1.00 & total_deductions_by_hh_size < 914.00 & unc_rawben_rel_max >=   1.57 & utilities < 462.00,train_2022_23,national,267,111,161,331.0,0.515527950310559,37.0,0.2919254658385093,107,45,4,5,0,0,18,55,88,0,130,1,0,47,73,0.6645962732919255,0.2919254658385093,0.453416149068323,25830.0,18034.0,15,0.09316770186335403,post_authorization
1,elderly_disabled_i >=   1.00 & total_deductions_by_hh_size < 914.00 & unc_rawben_rel_max >=   1.57 & utilities < 462.00,test_2024,national,90,39,49,331.0,0.4897959183673469,37.0,0.2857142857142857,28,17,1,2,1,0,7,19,22,0,35,0,0,16,26,0.5714285714285714,0.32653061224489793,0.5306122448979592,8779.0,5887.0,8,0.16326530612244897,post_authorization
1,elderly_disabled_i >=   1.00 & total_deductions_by_hh_size < 914.00 & unc_rawben_rel_max >=   1.57 & utilities < 462.00,test_2024,deployed,14,5,8,331.0,0.5,35.0,0.375,3,5,0,0,0,0,2,4,2,0,8,0,0,2,6,0.375,0.25,0.75,1633.0,746.0,2,0.25,mixed
2-3,expedited_i >= 1.000 & months_since_cert_n < 2.000 & rawben_rel_max >= 0.649 & rawben_rel_max < 0.901,train_2022_23,national,54,25,36,363.0,0.25,35.0,0.16666666666666666,20,15,0,1,0,0,2,31,3,0,12,6,0,12,33,0.5555555555555556,0.3333333333333333,0.9166666666666666,5342.0,2477.0,9,0.25,mixed
2-3,expedited_i >= 1.000 & months_since_cert_n < 2.000 & rawben_rel_max >= 0.649 & rawben_rel_max < 0.901,test_2024,national,24,12,22,150.0,0.22727272727272727,35.0,0.22727272727272727,9,13,0,0,0,0,0,19,3,0,5,13,0,6,19,0.4090909090909091,0.2727272727272727,0.8636363636363636,4624.0,3487.0,5,0.22727272727272727,post_authorization
2-3,expedited_i >= 1.000 & months_since_cert_n < 2.000 & rawben_rel_max >= 0.649 & rawben_rel_max < 0.901,test_2024,deployed,8,3,7,364.0,0.2857142857142857,57.0,0.14285714285714285,6,1,0,0,0,0,0,7,0,0,0,7,0,4,7,0.8571428571428571,0.5714285714285714,1.0,1729.0,858.0,4,0.5714285714285714,pre_authorization
4+,expedited_i >   0.500 & shelter_expenses_by_hh_size <= 295.000 & total_deductions_by_hh_size >   6.940 & unc_rawben_rel_max <=   0.937,train_2022_23,national,179,66,117,311.0,0.29914529914529914,38.0,0.2222222222222222,77,35,1,4,0,0,18,52,47,0,43,32,0,34,70,0.6581196581196581,0.2905982905982906,0.5982905982905983,21256.0,11577.0,20,0.17094017094017094,post_authorization
4+,expedited_i >   0.500 & shelter_expenses_by_hh_size <= 295.000 & total_deductions_by_hh_size >   6.940 & unc_rawben_rel_max <=   0.937,test_2024,national,59,14,24,311.0,0.25,44.0,0.16666666666666666,16,4,0,0,4,0,0,17,7,0,9,7,0,11,17,0.6666666666666666,0.4583333333333333,0.7083333333333334,6404.0,3552.0,9,0.375,mixed
4+,expedited_i >   0.500 & shelter_expenses_by_hh_size <= 295.000 & total_deductions_by_hh_size >   6.940 & unc_rawben_rel_max <=   0.937,test_2024,deployed,8,1,1,363.0,1.0,57.0,1.0,0,0,0,0,1,0,0,1,0,0,0,1,0,0,1,0.0,0.0,1.0,147.0,147.0,0,0.0,insufficient
4+,shelter_expenses_by_hh_size >= 293 & total_deductions_by_hh_size < 171 & utilities >= 533 & utilities < 571,train_2022_23,national,35,16,27,311.0,0.2962962962962963,35.0,0.3333333333333333,10,17,0,0,0,0,5,13,9,0,23,1,0,4,18,0.37037037037037035,0.14814814814814814,0.6666666666666666,9368.0,4099.0,4,0.14814814814814814,post_authorization
4+,shelter_expenses_by_hh_size >= 293 & total_deductions_by_hh_size < 171 & utilities >= 533 & utilities < 571,test_2024,national,19,3,4,350.0,0.5,44.0,0.75,2,2,0,0,0,0,0,4,0,0,0,2,0,0,4,0.5,0.0,1.0,379.0,191.0,0,0.0,insufficient
4+,shelter_expenses_by_hh_size >= 293 & total_deductions_by_hh_size < 171 & utilities >= 533 & utilities < 571,test_2024,deployed,6,0,0,,,,,0,0,0,0,0,0,0,0,0,0,0,0,0,0,0,0.0,0.0,0.0,0.0,0.0,0,0.0,insufficient
4+,rawben_rel_max <   0.873 & shelter_expenses_by_hh_size < 486.000 & total_deductions_by_hh_size >= 286.000,train_2022_23,national,255,88,147,311.0,0.272108843537415,53.0,0.1836734693877551,86,56,0,5,0,0,13,107,27,0,74,35,0,43,120,0.5850340136054422,0.2925170068027211,0.8163265306122449,30635.0,22549.0,34,0.23129251700680273,post_authorization
4+,rawben_rel_max <   0.873 & shelter_expenses_by_hh_size < 486.000 & total_deductions_by_hh_size >= 286.000,test_2024,national,204,74,132,311.0,0.3409090909090909,56.0,0.21212121212121213,65,55,0,1,11,0,9,86,36,0,69,20,0,28,95,0.49242424242424243,0.21212121212121213,0.7196969696969697,27961.0,14780.0,19,0.14393939393939395,post_authorization
4+,rawben_rel_max <   0.873 & shelter_expenses_by_hh_size < 486.000 & total_deductions_by_hh_size >= 286.000,test_2024,deployed,31,8,14,311.0,0.35714285714285715,56.0,0.35714285714285715,5,7,0,0,2,0,0,9,5,0,11,3,0,1,9,0.35714285714285715,0.07142857142857142,0.6428571428571429,2490.0,1736.0,1,0.07142857142857142,post_authorization
4+,shelter_expenses_by_hh_size >= 367 & total_deductions_by_hh_size >= 177 & total_deductions_by_hh_size < 187,train_2022_23,national,41,18,26,311.0,0.3076923076923077,35.0,0.2692307692307692,8,18,0,0,0,0,2,16,8,0,13,5,0,6,18,0.3076923076923077,0.23076923076923078,0.6923076923076923,5484.0,2649.0,2,0.07692307692307693,post_authorization
4+,shelter_expenses_by_hh_size >= 367 & total_deductions_by_hh_size >= 177 & total_deductions_by_hh_size < 187,test_2024,national,20,5,6,311.0,0.5,38.0,0.3333333333333333,3,3,0,0,0,0,1,3,2,0,3,3,0,1,4,0.5,0.16666666666666666,0.6666666666666666,1974.0,1974.0,1,0.16666666666666666,post_authorization
4+,shelter_expenses_by_hh_size >= 367 & total_deductions_by_hh_size >= 177 & total_deductions_by_hh_size < 187,test_2024,deployed,2,0,0,,,,,0,0,0,0,0,0,0,0,0,0,0,0,0,0,0,0.0,0.0,0.0,0.0,0.0,0,0.0,insufficient
2-3,expedited_i <=  0.500 & rawben_rel_max <=  0.804 & total_deductions_by_hh_size > 56.100 & unc_rawben_rel_max >  0.144,train_2022_23,national,6359,1246,1878,311.0,0.28753993610223644,38.0,0.16134185303514376,1039,763,3,65,1,7,193,1136,540,2,926,491,1,468,1329,0.553248136315229,0.24920127795527156,0.707667731629393,279115.0,170353.0,291,0.15495207667731628,post_authorization
2-3,expedited_i <=  0.500 & rawben_rel_max <=  0.804 & total_deductions_by_hh_size > 56.100 & unc_rawben_rel_max >  0.144,test_2024,national,3224,712,1059,311.0,0.31444759206798867,38.0,0.1671388101983003,527,411,4,20,97,0,90,648,306,3,546,260,0,253,738,0.4976392823418319,0.23890462700661,0.6968838526912181,177637.0,114317.0,146,0.13786591123701605,post_authorization
2-3,expedited_i <=  0.500 & rawben_rel_max <=  0.804 & total_deductions_by_hh_size > 56.100 & unc_rawben_rel_max >  0.144,test_2024,deployed,30,19,34,311.0,0.3235294117647059,52.0,0.20588235294117646,23,5,1,5,0,0,8,17,9,0,19,15,0,11,25,0.6764705882352942,0.3235294117647059,0.7352941176470589,6508.0,6636.0,7,0.20588235294117646,post_authorization
2-3,total_deductions_by_hh_size > 30.900 & unc_rawben_rel_max >  0.157 & unc_rawben_rel_max <=  0.632,train_2022_23,national,4674,899,1385,311.0,0.29530685920577615,38.0,0.16389891696750902,782,543,4,52,1,3,130,836,415,1,646,395,1,337,966,0.5646209386281589,0.24332129963898916,0.6974729241877257,209487.0,124877.0,208,0.15018050541516245,post_authorization
2-3,total_deductions_by_hh_size > 30.900 & unc_rawben_rel_max >  0.157 & unc_rawben_rel_max <=  0.632,test_2024,national,2318,495,745,311.0,0.3046979865771812,38.0,0.1704697986577181,385,284,3,12,61,0,66,454,216,3,386,189,0,179,520,0.5167785234899329,0.24026845637583893,0.697986577181208,121697.0,78391.0,107,0.1436241610738255,post_authorization
2-3,total_deductions_by_hh_size > 30.900 & unc_rawben_rel_max >  0.157 & unc_rawben_rel_max <=  0.632,test_2024,deployed,29,17,26,311.0,0.46153846153846156,52.0,0.15384615384615385,21,2,1,2,0,0,2,14,10,0,9,17,0,8,16,0.8076923076923077,0.3076923076923077,0.6153846153846154,5162.0,5498.0,4,0.15384615384615385,post_authorization
2-3,medical_deductions <= 65.000 & rawben_rel_max >  0.236 & rawben_rel_max <=  0.804 & total_deductions_by_hh_size > 30.900,train_2022_23,national,6077,1190,1806,311.0,0.3133997785160576,38.0,0.1672203765227021,1009,724,3,62,1,7,167,1086,544,2,849,501,2,465,1253,0.5586932447397563,0.2574750830564784,0.6937984496124031,284730.0,169486.0,286,0.1583610188261351,post_authorization
2-3,medical_deductions <= 65.000 & rawben_rel_max >  0.236 & rawben_rel_max <=  0.804 & total_deductions_by_hh_size > 30.900,test_2024,national,3066,655,968,311.0,0.3347107438016529,38.0,0.16735537190082644,482,377,2,20,87,0,70,608,277,1,465,266,0,240,678,0.49793388429752067,0.24793388429752067,0.7004132231404959,165125.0,107427.0,146,0.15082644628099173,post_authorization
2-3,medical_deductions <= 65.000 & rawben_rel_max >  0.236 & rawben_rel_max <=  0.804 & total_deductions_by_hh_size > 30.900,test_2024,deployed,39,24,40,311.0,0.35,52.0,0.175,30,5,0,5,0,0,8,24,8,0,17,23,0,15,32,0.75,0.375,0.8,8464.0,8592.0,10,0.25,mixed
2-3,rawben_rel_max >   0.202 & rawben_rel_max <=   0.802 & total_deductions_by_hh_size >  28.900 & total_deductions_by_hh_size <= 279.000,train_2022_23,national,4185,754,1130,311.0,0.28053097345132744,38.0,0.15752212389380532,670,400,2,50,1,7,104,697,321,1,493,350,1,296,801,0.5929203539823009,0.26194690265486725,0.7088495575221239,169141.0,101044.0,181,0.16017699115044248,post_authorization
2-3,rawben_rel_max >   0.202 & rawben_rel_max <=   0.802 & total_deductions_by_hh_size >  28.900 & total_deductions_by_hh_size <= 279.000,test_2024,national,1915,371,568,311.0,0.2887323943661972,38.0,0.15140845070422534,300,213,2,12,41,0,45,357,159,1,255,174,0,148,402,0.528169014084507,0.2605633802816901,0.7077464788732394,94477.0,57380.0,95,0.16725352112676056,post_authorization
2-3,rawben_rel_max >   0.202 & rawben_rel_max <=   0.802 & total_deductions_by_hh_size >  28.900 & total_deductions_by_hh_size <= 279.000,test_2024,deployed,33,20,32,311.0,0.34375,52.0,0.15625,25,3,0,4,0,0,6,21,5,0,11,21,0,10,27,0.78125,0.3125,0.84375,7235.0,7363.0,8,0.25,mixed
2-3,rawben_rel_max > 0.157 & rawben_rel_max <= 0.799 & total_deductions_by_hh_size > 0.667,train_2022_23,national,7215,1406,2143,311.0,0.2809146056929538,38.0,0.1572561829211386,1218,838,4,75,1,7,210,1298,626,2,1010,597,2,565,1508,0.5683621091927205,0.2636490900606626,0.703686420905273,323805.0,195616.0,349,0.1628558096126925,post_authorization
2-3,rawben_rel_max > 0.157 & rawben_rel_max <= 0.799 & total_deductions_by_hh_size > 0.667,test_2024,national,3610,791,1160,311.0,0.30517241379310345,38.0,0.16120689655172413,595,445,4,22,94,0,92,720,332,4,580,313,0,279,812,0.5129310344827587,0.24051724137931035,0.7,195963.0,127576.0,165,0.14224137931034483,post_authorization
2-3,rawben_rel_max > 0.157 & rawben_rel_max <= 0.799 & total_deductions_by_hh_size > 0.667,test_2024,deployed,46,29,46,311.0,0.32608695652173914,52.0,0.1956521739130435,33,6,1,6,0,0,8,27,11,0,20,26,0,15,35,0.717391304347826,0.32608695652173914,0.7608695652173914,8991.0,9119.0,10,0.21739130434782608,post_authorization
2-3,expedited_i <=  0.500 & married <=  0.500 & total_deductions_by_hh_size > 64.100 & unc_rawben_rel_max <=  0.806,train_2022_23,national,5192,964,1480,311.0,0.3216216216216216,38.0,0.16013513513513514,827,586,0,59,1,7,150,899,423,1,708,402,2,373,1049,0.5587837837837838,0.252027027027027,0.7087837837837838,234812.0,141646.0,229,0.15472972972972973,post_authorization
2-3,expedited_i <=  0.500 & married <=  0.500 & total_deductions_by_hh_size > 64.100 & unc_rawben_rel_max <=  0.806,test_2024,national,2641,567,865,311.0,0.35028901734104045,38.0,0.17572254335260115,403,360,4,16,82,0,70,509,271,1,441,210,0,209,579,0.4658959537572254,0.24161849710982658,0.669364161849711,153465.0,97380.0,109,0.1260115606936416,post_authorization
2-3,expedited_i <=  0.500 & married <=  0.500 & total_deductions_by_hh_size > 64.100 & unc_rawben_rel_max <=  0.806,test_2024,deployed,34,21,45,311.0,0.35555555555555557,99.0,0.15555555555555556,20,15,1,5,4,0,6,26,12,0,29,15,0,20,32,0.4444444444444444,0.4444444444444444,0.7111111111111111,11777.0,11103.0,7,0.15555555555555556,post_authorization
2-3,expedited_i <  1.000 & married <  1.000 & rawben_rel_max <  0.836 & total_deductions_by_hh_size >= 32.500,train_2022_23,national,5868,1069,1636,311.0,0.31723716381418093,38.0,0.15953545232273839,923,641,0,64,1,7,162,986,480,1,768,462,2,414,1148,0.5641809290953546,0.2530562347188264,0.7017114914425427,260966.0,158078.0,250,0.1528117359413203,post_authorization
2-3,expedited_i <  1.000 & married <  1.000 & rawben_rel_max <  0.836 & total_deductions_by_hh_size >= 32.500,test_2024,national,2943,615,935,311.0,0.34866310160427805,38.0,0.17967914438502675,434,389,5,20,87,0,74,557,289,1,474,235,0,224,631,0.4641711229946524,0.23957219251336898,0.6748663101604279,164450.0,104640.0,118,0.12620320855614972,post_authorization
2-3,expedited_i <  1.000 & married <  1.000 & rawben_rel_max <  0.836 & total_deductions_by_hh_size >= 32.500,test_2024,deployed,42,25,49,311.0,0.3673469387755102,52.0,0.16326530612244897,22,16,1,6,4,0,6,30,12,0,29,19,0,21,36,0.4489795918367347,0.42857142857142855,0.7346938775510204,12862.0,12188.0,8,0.16326530612244897,post_authorization
2-3,rawben_rel_max >   0.398 & rawben_rel_max <=   0.802 & shelter_expenses_by_hh_size > 141.000,train_2022_23,national,4771,943,1430,311.0,0.2811188811188811,38.0,0.16923076923076924,801,577,3,45,0,4,149,866,410,1,724,365,1,392,1015,0.5601398601398602,0.27412587412587414,0.7097902097902098,224946.0,135534.0,242,0.16923076923076924,post_authorization
2-3,rawben_rel_max >   0.398 & rawben_rel_max <=   0.802 & shelter_expenses_by_hh_size > 141.000,test_2024,national,2461,525,764,311.0,0.3010471204188482,38.0,0.15968586387434555,392,285,2,16,69,0,51,493,207,2,372,207,0,184,544,0.5130890052356021,0.24083769633507854,0.7120418848167539,132629.0,84049.0,112,0.14659685863874344,post_authorization
2-3,rawben_rel_max >   0.398 & rawben_rel_max <=   0.802 & shelter_expenses_by_hh_size > 141.000,test_2024,deployed,36,21,33,363.0,0.3333333333333333,52.0,0.18181818181818182,25,2,0,6,0,0,8,21,4,0,16,17,0,9,29,0.7575757575757576,0.2727272727272727,0.8787878787878788,6320.0,5634.0,6,0.18181818181818182,post_authorization
2-3,expedited_i <=   0.500 & married <=   0.500 & shelter_expenses_by_hh_size > 277.000 & unc_rawben_rel_max >   0.217,train_2022_23,national,6454,1129,1677,311.0,0.29874776386404295,38.0,0.1771019677996422,901,719,0,54,0,3,148,1019,505,2,933,339,0,426,1167,0.5372689326177699,0.25402504472271914,0.6958855098389982,304871.0,188501.0,247,0.14728682170542637,post_authorization
2-3,expedited_i <=   0.500 & married <=   0.500 & shelter_expenses_by_hh_size > 277.000 & unc_rawben_rel_max >   0.217,test_2024,national,3527,668,968,311.0,0.33987603305785125,38.0,0.17045454545454544,432,427,4,19,86,0,95,572,286,0,568,184,0,203,667,0.4462809917355372,0.2097107438016529,0.6890495867768595,190660.0,117179.0,109,0.11260330578512397,post_authorization
2-3,expedited_i <=   0.500 & married <=   0.500 & shelter_expenses_by_hh_size > 277.000 & unc_rawben_rel_max >   0.217,test_2024,deployed,24,12,23,311.0,0.30434782608695654,52.0,0.17391304347826086,16,4,0,3,0,0,9,9,5,0,20,3,0,9,18,0.6956521739130435,0.391304347826087,0.782608695652174,3194.0,3192.0,6,0.2608695652173913,mixed
2-3,shelter_expenses_by_hh_size > 135.000 & total_deductions_by_hh_size >  28.900 & total_deductions_by_hh_size <= 279.000 & unc_rawben_rel_max <=   0.802,train_2022_23,national,4448,715,1073,311.0,0.24603914259086673,38.0,0.1500465983224604,634,383,3,46,0,7,107,654,304,1,476,342,1,278,761,0.5908667287977633,0.2590866728797763,0.7092264678471575,160724.0,98530.0,170,0.15843429636533085,post_authorization
2-3,shelter_expenses_by_hh_size > 135.000 & total_deductions_by_hh_size >  28.900 & total_deductions_by_hh_size <= 279.000 & unc_rawben_rel_max <=   0.802,test_2024,national,2031,361,566,363.0,0.254416961130742,38.0,0.14664310954063603,291,222,3,12,38,0,46,345,167,2,271,160,0,143,391,0.5141342756183745,0.25265017667844525,0.6908127208480566,100317.0,63821.0,83,0.14664310954063603,post_authorization
2-3,shelter_expenses_by_hh_size > 135.000 & total_deductions_by_hh_size >  28.900 & total_deductions_by_hh_size <= 279.000 & unc_rawben_rel_max <=   0.802,test_2024,deployed,39,21,36,363.0,0.3055555555555556,52.0,0.19444444444444445,23,7,1,5,0,0,6,17,13,0,18,18,0,14,23,0.6388888888888888,0.3888888888888889,0.6388888888888888,9188.0,9524.0,6,0.16666666666666666,post_authorization
2-3,rawben_rel_max <=   0.804 & shelter_expenses_by_hh_size <= 612.000 & total_deductions_by_hh_size >  30.900,train_2022_23,national,6448,1144,1745,311.0,0.2962750716332378,38.0,0.15816618911174785,985,689,3,60,1,7,170,1068,498,2,784,488,2,438,1238,0.5644699140401146,0.2510028653295129,0.7094555873925501,268543.0,157241.0,278,0.15931232091690545,post_authorization
2-3,rawben_rel_max <=   0.804 & shelter_expenses_by_hh_size <= 612.000 & total_deductions_by_hh_size >  30.900,test_2024,national,2916,564,871,311.0,0.31917336394948337,38.0,0.1584385763490241,436,340,4,18,73,0,61,546,252,1,404,249,0,217,607,0.5005740528128588,0.24913892078071181,0.6969001148105626,152717.0,92628.0,128,0.14695752009184845,post_authorization
2-3,rawben_rel_max <=   0.804 & shelter_expenses_by_hh_size <= 612.000 & total_deductions_by_hh_size >  30.900,test_2024,deployed,49,27,49,311.0,0.32653061224489793,52.0,0.20408163265306123,30,11,1,6,1,0,6,29,13,0,25,23,0,19,35,0.6122448979591837,0.3877551020408163,0.7142857142857143,11858.0,11734.0,10,0.20408163265306123,post_authorization
2-3,expedited_i <=   0.500 & married <=   0.500 & shelter_expenses_by_hh_size > 247.000 & unc_rawben_rel_max >   0.129,train_2022_23,national,7369,1267,1898,311.0,0.28872497365648053,38.0,0.17070600632244468,1038,791,0,66,0,3,164,1163,566,2,1017,408,0,481,1327,0.5468914646996839,0.2534246575342466,0.6991570073761855,339997.0,206431.0,283,0.14910432033719706,post_authorization
2-3,expedited_i <=   0.500 & married <=   0.500 & shelter_expenses_by_hh_size > 247.000 & unc_rawben_rel_max >   0.129,test_2024,national,3906,741,1068,311.0,0.3389513108614232,38.0,0.17228464419475656,472,479,4,21,92,0,101,632,319,1,625,205,0,217,733,0.4419475655430712,0.20318352059925093,0.6863295880149812,209496.0,130443.0,113,0.10580524344569288,post_authorization
2-3,expedited_i <=   0.500 & married <=   0.500 & shelter_expenses_by_hh_size > 247.000 & unc_rawben_rel_max >   0.129,test_2024,deployed,27,12,23,311.0,0.30434782608695654,52.0,0.17391304347826086,16,4,0,3,0,0,9,9,5,0,20,3,0,9,18,0.6956521739130435,0.391304347826087,0.782608695652174,3194.0,3192.0,6,0.2608695652173913,mixed
2-3,rawben_rel_max <   0.839 & total_deductions_by_hh_size >=  32.500 & total_deductions_by_hh_size < 251.000,train_2022_23,national,4957,827,1244,311.0,0.2741157556270096,38.0,0.14710610932475884,728,453,2,53,1,7,132,741,363,1,531,397,1,322,873,0.5852090032154341,0.25884244372990356,0.7017684887459807,190837.0,116830.0,192,0.15434083601286175,post_authorization
2-3,rawben_rel_max <   0.839 & total_deductions_by_hh_size >=  32.500 & total_deductions_by_hh_size < 251.000,test_2024,national,2222,392,609,311.0,0.277504105090312,38.0,0.1444991789819376,313,241,3,14,38,0,47,380,176,1,281,175,0,165,427,0.5139573070607554,0.270935960591133,0.7011494252873564,106450.0,68004.0,100,0.16420361247947454,post_authorization
2-3,rawben_rel_max <   0.839 & total_deductions_by_hh_size >=  32.500 & total_deductions_by_hh_size < 251.000,test_2024,deployed,47,24,42,311.0,0.3333333333333333,52.0,0.19047619047619047,28,7,1,5,1,0,6,22,13,0,20,21,0,16,28,0.6666666666666666,0.38095238095238093,0.6666666666666666,10756.0,10964.0,8,0.19047619047619047,post_authorization
2-3,rawben_rel_max <   0.859 & shelter_expenses_by_hh_size < 572.000 & total_deductions_by_hh_size >=  65.200,train_2022_23,national,5971,1089,1653,311.0,0.3121597096188748,38.0,0.15910465819721717,932,651,3,59,1,7,164,996,485,1,758,457,2,423,1160,0.5638233514821537,0.2558983666061706,0.7017543859649122,255159.0,151694.0,263,0.15910465819721717,post_authorization
2-3,rawben_rel_max <   0.859 & shelter_expenses_by_hh_size < 572.000 & total_deductions_by_hh_size >=  65.200,test_2024,national,2723,549,839,311.0,0.3253873659117998,38.0,0.16090584028605484,420,324,4,16,75,0,57,528,240,1,390,233,0,203,585,0.5005959475566151,0.24195470798569726,0.6972586412395709,146274.0,87410.0,120,0.1430274135876043,post_authorization
2-3,rawben_rel_max <   0.859 & shelter_expenses_by_hh_size < 572.000 & total_deductions_by_hh_size >=  65.200,test_2024,deployed,42,21,41,311.0,0.3170731707317073,52.0,0.1951219512195122,23,11,1,5,1,0,6,23,11,0,24,16,0,17,29,0.5609756097560976,0.4146341463414634,0.7073170731707317,10270.0,10146.0,8,0.1951219512195122,post_authorization
2-3,married <=   0.500 & rawben_rel_max >   0.181 & shelter_expenses_by_hh_size > 176.000 & unc_rawben_rel_max <=   0.804,train_2022_23,national,4521,859,1323,311.0,0.2887377173091459,38.0,0.15721844293272866,758,509,1,48,0,7,123,827,365,1,613,383,2,353,950,0.5729402872260015,0.2668178382464097,0.7180650037792895,202937.0,120699.0,216,0.16326530612244897,post_authorization
2-3,married <=   0.500 & rawben_rel_max >   0.181 & shelter_expenses_by_hh_size > 176.000 & unc_rawben_rel_max <=   0.804,test_2024,national,2327,508,764,311.0,0.3324607329842932,38.0,0.18193717277486912,374,299,3,18,70,0,62,457,232,1,376,195,0,182,519,0.4895287958115183,0.23821989528795812,0.6793193717277487,130305.0,83277.0,101,0.13219895287958114,post_authorization
2-3,married <=   0.500 & rawben_rel_max >   0.181 & shelter_expenses_by_hh_size > 176.000 & unc_rawben_rel_max <=   0.804,test_2024,deployed,39,22,35,363.0,0.34285714285714286,52.0,0.17142857142857143,27,3,0,5,0,0,6,22,7,0,18,17,0,12,28,0.7714285714285715,0.34285714285714286,0.8,7048.0,6362.0,7,0.2,post_authorization
2-3,shelter_expenses_by_hh_size <= 612.000 & total_deductions_by_hh_size >  31.800 & unc_rawben_rel_max <=   0.855,train_2022_23,national,7025,1252,1912,311.0,0.2939330543933054,38.0,0.1574267782426778,1083,754,3,64,1,7,184,1155,564,2,866,535,2,484,1339,0.5664225941422594,0.25313807531380755,0.7003138075313807,295958.0,175933.0,295,0.15428870292887029,post_authorization
2-3,shelter_expenses_by_hh_size <= 612.000 & total_deductions_by_hh_size >  31.800 & unc_rawben_rel_max <=   0.855,test_2024,national,3192,622,953,311.0,0.3179433368310598,38.0,0.15949632738719832,478,370,4,20,81,0,64,598,277,1,436,271,0,230,662,0.5015739769150053,0.24134312696747115,0.6946484784889821,166145.0,99623.0,134,0.14060860440713535,post_authorization
2-3,shelter_expenses_by_hh_size <= 612.000 & total_deductions_by_hh_size >  31.800 & unc_rawben_rel_max <=   0.855,test_2024,deployed,56,28,50,311.0,0.32,52.0,0.2,31,11,1,6,1,0,6,29,14,0,26,23,0,19,35,0.62,0.38,0.7,12040.0,11916.0,10,0.2,post_authorization
2-3,cat_elig <=   1.5 & shelter_expenses_by_hh_size > 234.0 & shelter_expenses_by_hh_size <= 565.0 & total_deductions_by_hh_size >  33.2,train_2022_23,national,7661,1193,1797,311.0,0.28046744574290483,38.0,0.15525876460767946,1003,731,3,57,0,3,169,1078,545,2,941,414,3,475,1247,0.5581524763494713,0.2643294379521425,0.6939343350027825,321554.0,194136.0,283,0.15748469671675014,post_authorization
2-3,cat_elig <=   1.5 & shelter_expenses_by_hh_size > 234.0 & shelter_expenses_by_hh_size <= 565.0 & total_deductions_by_hh_size >  33.2,test_2024,national,1348,186,259,311.0,0.25096525096525096,56.0,0.13127413127413126,124,110,1,5,19,0,20,160,79,0,147,73,0,60,180,0.47876447876447875,0.23166023166023167,0.694980694980695,47580.0,33097.0,39,0.15057915057915058,post_authorization
2-3,cat_elig <=   1.5 & shelter_expenses_by_hh_size > 234.0 & shelter_expenses_by_hh_size <= 565.0 & total_deductions_by_hh_size >  33.2,test_2024,deployed,10,4,5,363.0,0.8,52.0,0.4,2,0,0,3,0,0,1,3,1,0,2,3,0,0,4,0.4,0.0,0.8,1128.0,910.0,0,0.0,post_authorization
1,rawben_rel_max <=   0.992 & shelter_expenses_by_hh_size > 906.000 & unc_rawben_rel_max >   0.557 & utilities <=  29.500,train_2022_23,national,73,44,80,363.0,0.5125,53.0,0.6875,36,41,2,1,0,0,10,48,22,0,65,1,0,6,58,0.45,0.075,0.725,13479.0,7782.0,2,0.025,post_authorization
1,rawben_rel_max <=   0.992 & shelter_expenses_by_hh_size > 906.000 & unc_rawben_rel_max >   0.557 & utilities <=  29.500,test_2024,national,74,43,80,363.0,0.4875,53.0,0.5125,30,48,0,2,0,0,6,50,24,0,70,1,0,12,56,0.375,0.15,0.7,14928.0,10897.0,4,0.05,post_authorization
1,rawben_rel_max <=   0.992 & shelter_expenses_by_hh_size > 906.000 & unc_rawben_rel_max >   0.557 & utilities <=  29.500,test_2024,deployed,25,16,29,363.0,0.5172413793103449,53.0,0.3448275862068966,8,19,0,2,0,0,0,15,14,0,29,0,0,9,15,0.27586206896551724,0.3103448275862069,0.5172413793103449,5637.0,4997.0,3,0.10344827586206896,post_authorization
2-3,cat_elig >   0.5 & medical_deductions > 104.0 & total_deductions_by_hh_size > 546.0 & utilities <= 560.0,train_2022_23,national,40,25,43,365.0,0.3488372093023256,53.0,0.4418604651162791,32,11,0,0,0,0,6,30,7,0,27,5,0,14,36,0.7441860465116279,0.32558139534883723,0.8372093023255814,7988.0,5541.0,11,0.2558139534883721,mixed
2-3,cat_elig >   0.5 & medical_deductions > 104.0 & total_deductions_by_hh_size > 546.0 & utilities <= 560.0,test_2024,national,22,13,16,363.0,0.4375,56.0,0.4375,7,6,0,0,3,0,1,11,3,1,10,0,0,4,12,0.4375,0.25,0.75,3162.0,1519.0,2,0.125,post_authorization
2-3,cat_elig >   0.5 & medical_deductions > 104.0 & total_deductions_by_hh_size > 546.0 & utilities <= 560.0,test_2024,deployed,16,9,10,363.0,0.5,56.0,0.4,3,6,0,0,1,0,1,6,2,1,8,0,0,2,7,0.3,0.2,0.7,1685.0,1453.0,1,0.1,post_authorization
1,medical_deductions > 200.000 & rawben_rel_max >   0.473 & rawben_rel_max <=   0.991 & utilities <= 392.000,train_2022_23,national,77,39,53,365.0,0.6037735849056604,53.0,0.6981132075471698,35,12,3,3,0,0,11,33,9,0,40,2,0,12,44,0.660377358490566,0.22641509433962265,0.8301886792452831,8296.0,5790.0,4,0.07547169811320754,post_authorization
1,medical_deductions > 200.000 & rawben_rel_max >   0.473 & rawben_rel_max <=   0.991 & utilities <= 392.000,test_2024,national,36,14,23,365.0,0.5652173913043478,53.0,0.43478260869565216,13,6,0,3,1,0,1,18,4,0,19,2,0,8,19,0.5652173913043478,0.34782608695652173,0.8260869565217391,3986.0,3256.0,5,0.21739130434782608,post_authorization
1,medical_deductions > 200.000 & rawben_rel_max >   0.473 & rawben_rel_max <=   0.991 & utilities <= 392.000,test_2024,deployed,15,5,7,365.0,0.7142857142857143,53.0,0.5714285714285714,6,1,0,0,0,0,1,4,2,0,7,0,0,0,5,0.8571428571428571,0.0,0.7142857142857143,1620.0,1620.0,0,0.0,post_authorization
1,rawben_rel_max >=   0.594 & rawben_rel_max <   1.000 & total_deductions_by_hh_size >= 925.000 & utilities < 379.000,train_2022_23,national,63,30,45,365.0,0.35555555555555557,53.0,0.6666666666666666,29,13,3,0,0,0,9,30,6,0,34,2,0,8,39,0.6444444444444445,0.17777777777777778,0.8666666666666667,8410.0,5006.0,3,0.06666666666666667,post_authorization
1,rawben_rel_max >=   0.594 & rawben_rel_max <   1.000 & total_deductions_by_hh_size >= 925.000 & utilities < 379.000,test_2024,national,49,23,39,363.0,0.3333333333333333,53.0,0.4358974358974359,15,22,0,2,0,0,5,22,12,0,34,1,0,5,27,0.38461538461538464,0.1282051282051282,0.6923076923076923,7527.0,6083.0,2,0.05128205128205128,post_authorization
1,rawben_rel_max >=   0.594 & rawben_rel_max <   1.000 & total_deductions_by_hh_size >= 925.000 & utilities < 379.000,test_2024,deployed,4,3,5,364.0,0.4,53.0,0.6,0,5,0,0,0,0,0,5,0,0,5,0,0,0,5,0.0,0.0,1.0,1083.0,547.0,0,0.0,post_authorization
2-3,rawben_rel_max <   0.678 & total_deductions_by_hh_size >= 584.000 & utilities < 417.000,train_2022_23,national,39,20,47,311.0,0.19148936170212766,52.0,0.19148936170212766,26,18,0,3,0,0,5,26,16,0,29,5,1,7,31,0.5531914893617021,0.14893617021276595,0.6595744680851063,10245.0,3798.0,2,0.0425531914893617,post_authorization
2-3,rawben_rel_max <   0.678 & total_deductions_by_hh_size >= 584.000 & utilities < 417.000,test_2024,national,19,10,16,311.0,0.375,38.0,0.25,6,8,0,1,1,0,0,11,5,0,8,2,0,2,11,0.375,0.125,0.6875,2047.0,1005.0,2,0.125,post_authorization
2-3,rawben_rel_max <   0.678 & total_deductions_by_hh_size >= 584.000 & utilities < 417.000,test_2024,deployed,9,6,8,311.0,0.375,37.0,0.25,4,3,0,0,1,0,0,6,2,0,6,2,0,2,6,0.5,0.25,0.75,1157.0,881.0,2,0.25,mixed
4+,count_divisible_by_100 <=   0.5 & HH_size_n <=   4.5 & months_since_cert_n >   1.5 & utilities > 175.0,train_2022_23,national,3114,578,862,311.0,0.3167053364269142,38.0,0.16473317865429235,489,344,0,27,0,2,96,469,295,0,407,220,3,232,565,0.5672853828306265,0.2691415313225058,0.6554524361948956,173299.0,103016.0,128,0.14849187935034802,post_authorization
4+,count_divisible_by_100 <=   0.5 & HH_size_n <=   4.5 & months_since_cert_n >   1.5 & utilities > 175.0,test_2024,national,1493,335,506,311.0,0.3339920948616601,38.0,0.1324110671936759,263,194,2,5,42,0,50,280,169,1,254,129,1,139,330,0.5197628458498024,0.274703557312253,0.6521739130434783,112076.0,67324.0,73,0.1442687747035573,post_authorization
4+,count_divisible_by_100 <=   0.5 & HH_size_n <=   4.5 & months_since_cert_n >   1.5 & utilities > 175.0,test_2024,deployed,27,11,11,363.0,0.2727272727272727,35.0,0.2727272727272727,3,7,0,0,1,0,2,8,1,0,10,1,0,1,10,0.2727272727272727,0.09090909090909091,0.9090909090909091,2201.0,1873.0,0,0.0,post_authorization
4+,HH_size_n <=  4.500 & months_since_cert_n >  1.500 & rawben_rel_max <=  0.993 & utilities > 48.000,train_2022_23,national,2642,556,847,311.0,0.3140495867768595,38.0,0.17119244391971664,479,334,0,32,0,2,90,471,284,0,387,228,5,225,561,0.5655253837072018,0.26564344746162927,0.6623376623376623,166903.0,100929.0,134,0.15820543093270367,post_authorization
4+,HH_size_n <=  4.500 & months_since_cert_n >  1.500 & rawben_rel_max <=  0.993 & utilities > 48.000,test_2024,national,1289,316,488,311.0,0.32172131147540983,38.0,0.1290983606557377,251,192,2,5,38,0,47,282,154,1,237,130,2,130,329,0.514344262295082,0.26639344262295084,0.6741803278688525,103722.0,61779.0,73,0.14959016393442623,post_authorization
4+,HH_size_n <=  4.500 & months_since_cert_n >  1.500 & rawben_rel_max <=  0.993 & utilities > 48.000,test_2024,deployed,25,10,10,311.0,0.4,35.0,0.4,2,7,0,0,1,0,3,6,1,0,8,1,1,1,9,0.2,0.1,0.9,2293.0,1965.0,0,0.0,post_authorization
4+,HH_size_n <=   8.500 & rawben_rel_max >   0.266 & rawben_rel_max <=   0.750 & shelter_expenses_by_hh_size <= 137.000,train_2022_23,national,1102,240,389,311.0,0.39331619537275064,44.0,0.15938303341902313,247,125,2,14,0,1,33,233,122,0,156,113,1,100,266,0.6349614395886889,0.2570694087403599,0.6838046272493573,83872.0,43130.0,65,0.16709511568123395,post_authorization
4+,HH_size_n <=   8.500 & rawben_rel_max >   0.266 & rawben_rel_max <=   0.750 & shelter_expenses_by_hh_size <= 137.000,test_2024,national,501,103,162,311.0,0.3148148148148148,38.0,0.1728395061728395,74,68,0,8,12,0,21,100,40,0,77,47,0,54,121,0.4567901234567901,0.3333333333333333,0.7469135802469136,36815.0,23072.0,30,0.18518518518518517,post_authorization
4+,HH_size_n <=   8.500 & rawben_rel_max >   0.266 & rawben_rel_max <=   0.750 & shelter_expenses_by_hh_size <= 137.000,test_2024,deployed,19,5,10,350.0,0.3,38.0,0.3,8,1,0,1,0,0,0,7,3,0,0,0,0,7,7,0.8,0.7,0.7,2114.0,0.0,6,0.6,pre_authorization
4+,shelter_expenses_by_hh_size <= 98.000 & unc_rawben_rel_max <=  0.785,train_2022_23,national,896,204,330,311.0,0.3878787878787879,38.0,0.18181818181818182,204,109,1,15,0,1,29,195,105,0,145,86,1,75,224,0.6181818181818182,0.22727272727272727,0.6787878787878788,76631.0,43561.0,50,0.15151515151515152,post_authorization
4+,shelter_expenses_by_hh_size <= 98.000 & unc_rawben_rel_max <=  0.785,test_2024,national,393,87,131,311.0,0.3435114503816794,38.0,0.15267175572519084,57,62,1,6,5,0,14,83,34,0,65,38,0,34,97,0.4351145038167939,0.2595419847328244,0.7404580152671756,33598.0,22471.0,18,0.13740458015267176,post_authorization
4+,shelter_expenses_by_hh_size <= 98.000 & unc_rawben_rel_max <=  0.785,test_2024,deployed,13,3,7,311.0,0.2857142857142857,38.0,0.2857142857142857,6,1,0,0,0,0,0,6,1,0,0,0,0,6,6,0.8571428571428571,0.8571428571428571,0.8571428571428571,1667.0,0.0,6,0.8571428571428571,pre_authorization
2-3,elderly_disabled_i <=   0.500 & shelter_expenses_by_hh_size > 456.000 & shelter_expenses_by_hh_size <= 613.000 & unc_rawben_rel_max >   0.168,train_2022_23,national,1747,294,467,311.0,0.3576017130620985,38.0,0.19914346895074947,261,196,0,10,0,0,34,278,154,1,230,72,0,104,312,0.5588865096359743,0.22269807280513917,0.6680942184154176,90992.0,46345.0,67,0.14346895074946467,post_authorization
2-3,elderly_disabled_i <=   0.500 & shelter_expenses_by_hh_size > 456.000 & shelter_expenses_by_hh_size <= 613.000 & unc_rawben_rel_max >   0.168,test_2024,national,924,156,229,311.0,0.388646288209607,35.0,0.15283842794759825,108,99,0,2,20,0,17,137,74,0,121,44,0,57,154,0.47161572052401746,0.24890829694323144,0.6724890829694323,47264.0,26470.0,29,0.12663755458515283,post_authorization
2-3,elderly_disabled_i <=   0.500 & shelter_expenses_by_hh_size > 456.000 & shelter_expenses_by_hh_size <= 613.000 & unc_rawben_rel_max >   0.168,test_2024,deployed,15,4,10,311.0,0.3,38.0,0.3,9,0,0,0,1,0,0,9,1,0,0,0,0,3,9,0.9,0.3,0.9,2142.0,0.0,2,0.2,post_authorization
4+,rawben_rel_max <=   0.784 & shelter_expenses_by_hh_size <= 136.000,train_2022_23,national,1379,303,480,311.0,0.3770833333333333,38.0,0.16666666666666666,299,158,2,20,0,1,42,289,148,0,188,144,1,126,331,0.6229166666666667,0.2625,0.6895833333333333,106887.0,60084.0,83,0.17291666666666666,post_authorization
4+,rawben_rel_max <=   0.784 & shelter_expenses_by_hh_size <= 136.000,test_2024,national,632,128,200,311.0,0.33,38.0,0.15,88,89,1,9,13,0,25,130,44,0,99,59,0,59,155,0.44,0.295,0.775,46916.0,31230.0,33,0.165,post_authorization
4+,rawben_rel_max <=   0.784 & shelter_expenses_by_hh_size <= 136.000,test_2024,deployed,24,6,11,350.0,0.2727272727272727,38.0,0.2727272727272727,9,1,0,1,0,0,0,8,3,0,0,0,0,8,8,0.8181818181818182,0.7272727272727273,0.7272727272727273,2333.0,0.0,7,0.6363636363636364,pre_authorization
2-3,children_i >   0.500 & elderly_disabled_i <=   0.500 & rawben_rel_max <=   0.967 & shelter_expenses_by_hh_size > 490.000,train_2022_23,national,1693,350,567,311.0,0.3509700176366843,38.0,0.18518518518518517,324,224,1,18,0,0,33,348,185,1,288,133,1,146,381,0.5714285714285714,0.25749559082892415,0.671957671957672,106121.0,60821.0,89,0.15696649029982362,post_authorization
2-3,children_i >   0.500 & elderly_disabled_i <=   0.500 & rawben_rel_max <=   0.967 & shelter_expenses_by_hh_size > 490.000,test_2024,national,1050,242,341,311.0,0.4340175953079179,38.0,0.21994134897360704,152,144,0,3,42,0,30,197,110,0,195,72,0,80,227,0.44574780058651026,0.23460410557184752,0.6656891495601173,70114.0,48796.0,37,0.10850439882697947,post_authorization
2-3,children_i >   0.500 & elderly_disabled_i <=   0.500 & rawben_rel_max <=   0.967 & shelter_expenses_by_hh_size > 490.000,test_2024,deployed,15,7,18,311.0,0.3333333333333333,38.0,0.3888888888888889,15,3,0,0,0,0,0,13,5,0,0,0,0,4,13,0.8333333333333334,0.2222222222222222,0.7222222222222222,3263.0,0.0,2,0.1111111111111111,post_authorization
2-3,elderly_disabled_i <=   0.500 & medical_deductions <=  22.500 & rawben_rel_max <=   0.907 & shelter_expenses_by_hh_size > 490.000,train_2022_23,national,1809,391,641,311.0,0.3541341653666147,38.0,0.17004680187207488,347,273,1,20,0,0,44,373,223,1,334,141,1,158,417,0.5413416536661466,0.24648985959438377,0.6505460218408736,119217.0,68106.0,94,0.14664586583463338,post_authorization
2-3,elderly_disabled_i <=   0.500 & medical_deductions <=  22.500 & rawben_rel_max <=   0.907 & shelter_expenses_by_hh_size > 490.000,test_2024,national,1081,256,376,311.0,0.4148936170212766,38.0,0.19680851063829788,178,155,0,3,40,0,36,221,115,0,214,86,0,92,257,0.4734042553191489,0.24468085106382978,0.6835106382978723,77621.0,53064.0,47,0.125,post_authorization
2-3,elderly_disabled_i <=   0.500 & medical_deductions <=  22.500 & rawben_rel_max <=   0.907 & shelter_expenses_by_hh_size > 490.000,test_2024,deployed,13,5,15,311.0,0.26666666666666666,38.0,0.4,13,2,0,0,0,0,0,10,5,0,0,0,0,4,10,0.8666666666666667,0.26666666666666666,0.6666666666666666,1889.0,0.0,2,0.13333333333333333,post_authorization
4+,months_since_cert_n <=   3.5 & shelter_expenses_by_hh_size > 251.0 & shelter_expenses_by_hh_size <= 343.0,train_2022_23,national,946,214,318,311.0,0.3238993710691824,38.0,0.20125786163522014,193,118,0,6,0,1,24,253,40,0,155,48,0,78,277,0.6069182389937107,0.24528301886792453,0.8710691823899371,64070.0,34739.0,66,0.20754716981132076,post_authorization
4+,months_since_cert_n <=   3.5 & shelter_expenses_by_hh_size > 251.0 & shelter_expenses_by_hh_size <= 343.0,test_2024,national,537,122,168,311.0,0.4166666666666667,38.0,0.18452380952380953,90,57,0,3,18,0,15,126,25,0,72,41,1,58,141,0.5357142857142857,0.34523809523809523,0.8392857142857143,38153.0,23616.0,39,0.23214285714285715,post_authorization
4+,months_since_cert_n <=   3.5 & shelter_expenses_by_hh_size > 251.0 & shelter_expenses_by_hh_size <= 343.0,test_2024,deployed,11,4,8,311.0,0.5,38.0,0.5,7,1,0,0,0,0,0,7,1,0,0,0,0,1,7,0.875,0.125,0.875,1558.0,0.0,1,0.125,post_authorization
2-3,total_deductions_by_hh_size >   6.900 & total_deductions_by_hh_size <= 193.000 & unc_rawben_rel_max <=   0.892 & utilities <=  20.500,train_2022_23,national,703,153,240,311.0,0.3875,53.0,0.1375,142,90,0,8,0,0,15,148,77,0,94,72,0,70,163,0.5916666666666667,0.2916666666666667,0.6791666666666667,40088.0,21634.0,42,0.175,post_authorization
2-3,total_deductions_by_hh_size >   6.900 & total_deductions_by_hh_size <= 193.000 & unc_rawben_rel_max <=   0.892 & utilities <=  20.500,test_2024,national,359,74,103,311.0,0.3786407766990291,35.0,0.18446601941747573,54,40,1,3,5,0,9,61,33,0,49,32,0,32,70,0.5242718446601942,0.3106796116504854,0.6796116504854369,18684.0,11524.0,22,0.21359223300970873,post_authorization
2-3,total_deductions_by_hh_size >   6.900 & total_deductions_by_hh_size <= 193.000 & unc_rawben_rel_max <=   0.892 & utilities <=  20.500,test_2024,deployed,17,3,5,311.0,0.4,38.0,0.2,2,2,0,0,1,0,0,3,2,0,0,0,0,2,3,0.4,0.4,0.6,1190.0,0.0,1,0.2,post_authorization
2-3,total_deductions_by_hh_size >  4.750 & unc_rawben_rel_max <=  0.701 & utilities <= 43.500,train_2022_23,national,795,168,251,311.0,0.3745019920318725,38.0,0.13545816733067728,142,100,0,9,0,0,23,153,75,0,101,75,0,55,176,0.5657370517928287,0.21912350597609562,0.701195219123506,45200.0,25323.0,36,0.14342629482071714,post_authorization
2-3,total_deductions_by_hh_size >  4.750 & unc_rawben_rel_max <=  0.701 & utilities <= 43.500,test_2024,national,395,78,112,311.0,0.36607142857142855,38.0,0.17857142857142858,63,37,2,2,8,0,6,69,36,0,52,28,0,34,75,0.5625,0.30357142857142855,0.6696428571428571,20843.0,12586.0,22,0.19642857142857142,post_authorization
2-3,total_deductions_by_hh_size >  4.750 & unc_rawben_rel_max <=  0.701 & utilities <= 43.500,test_2024,deployed,22,6,12,311.0,0.3333333333333333,38.0,0.25,8,2,0,0,2,0,0,10,2,0,0,0,0,3,10,0.6666666666666666,0.25,0.8333333333333334,2188.0,0.0,2,0.16666666666666666,post_authorization
2-3,elderly_disabled_i <=   0.5 & expedited_i <=   0.5 & shelter_expenses_by_hh_size > 457.0,train_2022_23,national,3098,558,865,311.0,0.3653179190751445,38.0,0.1815028901734104,472,367,0,26,0,0,69,520,275,1,468,160,0,203,589,0.545664739884393,0.23468208092485549,0.6809248554913295,172300.0,102986.0,125,0.14450867052023122,post_authorization
2-3,elderly_disabled_i <=   0.5 & expedited_i <=   0.5 & shelter_expenses_by_hh_size > 457.0,test_2024,national,1818,353,505,311.0,0.43366336633663366,38.0,0.1900990099009901,230,219,0,4,52,0,57,296,147,0,305,96,0,114,353,0.45544554455445546,0.22574257425742575,0.699009900990099,109886.0,74579.0,61,0.12079207920792079,post_authorization
2-3,elderly_disabled_i <=   0.5 & expedited_i <=   0.5 & shelter_expenses_by_hh_size > 457.0,test_2024,deployed,25,7,18,363.0,0.3333333333333333,38.0,0.3888888888888889,17,0,0,0,1,0,0,16,2,0,0,0,0,3,16,0.9444444444444444,0.16666666666666666,0.8888888888888888,3181.0,0.0,2,0.1111111111111111,post_authorization
1,cat_elig <=   1.50 & total_deductions_by_hh_size <= 754.00 & unc_rawben_rel_max >   1.93 & utilities <= 451.00,train_2022_23,national,36,22,34,331.0,0.47058823529411764,38.0,0.2647058823529412,24,8,1,1,0,0,2,11,21,0,32,0,0,14,13,0.7058823529411765,0.4117647058823529,0.38235294117647056,4272.0,2985.0,5,0.14705882352941177,post_authorization
1,cat_elig <=   1.50 & total_deductions_by_hh_size <= 754.00 & unc_rawben_rel_max >   1.93 & utilities <= 451.00,test_2024,national,5,3,3,331.0,0.6666666666666666,35.0,0.6666666666666666,1,2,0,0,0,0,1,1,1,0,3,0,0,1,2,0.3333333333333333,0.3333333333333333,0.6666666666666666,466.0,466.0,1,0.3333333333333333,insufficient
1,cat_elig <=   1.50 & total_deductions_by_hh_size <= 754.00 & unc_rawben_rel_max >   1.93 & utilities <= 451.00,test_2024,deployed,1,0,0,,,,,0,0,0,0,0,0,0,0,0,0,0,0,0,0,0,0.0,0.0,0.0,0.0,0.0,0,0.0,insufficient
2-3,elderly_disabled_i >= 1.000 & married < 1.000 & rawben_rel_max >= 0.901 & unc_rawben_rel_max >= 1.350,train_2022_23,national,81,41,56,331.0,0.25,38.0,0.25,35,19,0,2,0,0,10,30,16,0,45,2,0,18,40,0.625,0.32142857142857145,0.7142857142857143,13640.0,10909.0,13,0.23214285714285715,post_authorization
2-3,elderly_disabled_i >= 1.000 & married < 1.000 & rawben_rel_max >= 0.901 & unc_rawben_rel_max >= 1.350,test_2024,national,59,15,21,363.0,0.19047619047619047,99.0,0.19047619047619047,10,7,0,0,4,0,0,17,4,0,12,1,0,6,17,0.47619047619047616,0.2857142857142857,0.8095238095238095,8271.0,3153.0,5,0.23809523809523808,post_authorization
2-3,elderly_disabled_i >= 1.000 & married < 1.000 & rawben_rel_max >= 0.901 & unc_rawben_rel_max >= 1.350,test_2024,deployed,11,2,2,311.0,0.5,35.0,0.5,0,2,0,0,0,0,0,2,0,0,2,0,0,0,2,0.0,0.0,1.0,720.0,720.0,0,0.0,insufficient
1,elderly_disabled_i >   0.50 & shelter_expenses_by_hh_size <= 852.00 & unc_rawben_rel_max >   1.46 & utilities <=  29.50,train_2022_23,national,79,39,51,331.0,0.5098039215686274,37.0,0.39215686274509803,33,14,2,2,0,0,4,22,25,0,38,0,0,12,26,0.6470588235294118,0.23529411764705882,0.5098039215686274,8332.0,5605.0,3,0.058823529411764705,post_authorization
1,elderly_disabled_i >   0.50 & shelter_expenses_by_hh_size <= 852.00 & unc_rawben_rel_max >   1.46 & utilities <=  29.50,test_2024,national,29,15,20,331.0,0.4,37.0,0.45,15,5,0,0,0,0,3,8,9,0,18,0,0,10,11,0.75,0.5,0.55,4096.0,3397.0,5,0.25,mixed
1,elderly_disabled_i >   0.50 & shelter_expenses_by_hh_size <= 852.00 & unc_rawben_rel_max >   1.46 & utilities <=  29.50,test_2024,deployed,1,1,1,331.0,1.0,99.0,1.0,1,0,0,0,0,0,0,0,1,0,1,0,0,1,0,1.0,1.0,0.0,246.0,246.0,0,0.0,insufficient
1,elderly_disabled_i >=   1.00 & unc_rawben_rel_max >=   1.52 & utilities < 379.00,train_2022_23,national,259,110,145,331.0,0.5448275862068965,37.0,0.32413793103448274,91,45,3,6,0,0,12,58,75,0,116,0,0,34,70,0.6275862068965518,0.23448275862068965,0.4827586206896552,24680.0,19836.0,16,0.1103448275862069,post_authorization
1,elderly_disabled_i >=   1.00 & unc_rawben_rel_max >=   1.52 & utilities < 379.00,test_2024,national,91,39,48,331.0,0.4375,35.0,0.3125,29,16,1,2,0,0,6,16,26,0,45,0,0,11,22,0.6041666666666666,0.22916666666666666,0.4583333333333333,9573.0,8230.0,5,0.10416666666666667,post_authorization
1,elderly_disabled_i >=   1.00 & unc_rawben_rel_max >=   1.52 & utilities < 379.00,test_2024,deployed,15,7,7,331.0,1.0,99.0,0.5714285714285714,5,0,1,1,0,0,0,0,7,0,7,0,0,0,0,0.7142857142857143,0.0,0.0,1000.0,1011.0,0,0.0,post_authorization
4+,HH_size_n >=   5.000 & rawben_rel_max <   0.873 & shelter_expenses_by_hh_size < 486.000 & total_deductions_by_hh_size >= 286.000,train_2022_23,national,58,28,49,311.0,0.24489795918367346,52.0,0.2653061224489796,29,18,0,2,0,0,3,39,7,0,17,16,0,19,42,0.5918367346938775,0.3877551020408163,0.8571428571428571,10496.0,10900.0,15,0.30612244897959184,mixed
4+,HH_size_n >=   5.000 & rawben_rel_max <   0.873 & shelter_expenses_by_hh_size < 486.000 & total_deductions_by_hh_size >= 286.000,test_2024,national,56,22,35,311.0,0.37142857142857144,56.0,0.22857142857142856,16,16,0,0,3,0,2,24,9,0,19,1,0,11,26,0.45714285714285713,0.3142857142857143,0.7428571428571429,6948.0,3613.0,8,0.22857142857142856,post_authorization
4+,HH_size_n >=   5.000 & rawben_rel_max <   0.873 & shelter_expenses_by_hh_size < 486.000 & total_deductions_by_hh_size >= 286.000,test_2024,deployed,10,4,4,311.0,0.5,38.0,0.5,1,3,0,0,0,0,1,2,1,0,3,1,0,1,3,0.25,0.25,0.75,494.0,494.0,0,0.0,insufficient
4+,count_divisible_by_100 >   1.500 & shelter_expenses_by_hh_size >  27.100 & unc_rawben_rel_max <=   0.783 & utilities <= 446.000,train_2022_23,national,33,17,29,311.0,0.3448275862068966,44.0,0.2413793103448276,16,11,0,2,0,0,4,15,10,0,10,6,0,5,19,0.5517241379310345,0.1724137931034483,0.6551724137931034,5243.0,3098.0,3,0.10344827586206896,post_authorization
4+,count_divisible_by_100 >   1.500 & shelter_expenses_by_hh_size >  27.100 & unc_rawben_rel_max <=   0.783 & utilities <= 446.000,test_2024,national,7,1,1,336.0,1.0,35.0,1.0,0,1,0,0,0,0,1,0,0,0,1,0,0,0,1,0.0,0.0,1.0,193.0,0.0,0,0.0,insufficient
4+,count_divisible_by_100 >   1.500 & shelter_expenses_by_hh_size >  27.100 & unc_rawben_rel_max <=   0.783 & utilities <= 446.000,test_2024,deployed,2,0,0,,,,,0,0,0,0,0,0,0,0,0,0,0,0,0,0,0,0.0,0.0,0.0,0.0,0.0,0,0.0,insufficient
2-3,total_deductions_by_hh_size > 524.000 & unc_rawben_rel_max <=   0.973 & utilities <= 392.000,train_2022_23,national,114,47,88,311.0,0.2727272727272727,38.0,0.17045454545454544,45,39,0,4,0,0,16,44,28,0,52,7,1,11,60,0.5113636363636364,0.125,0.6818181818181818,18543.0,7638.0,6,0.06818181818181818,post_authorization
2-3,total_deductions_by_hh_size > 524.000 & unc_rawben_rel_max <=   0.973 & utilities <= 392.000,test_2024,national,30,9,13,311.0,0.38461538461538464,99.0,0.3076923076923077,6,6,0,1,0,0,0,10,3,0,10,1,0,5,10,0.46153846153846156,0.38461538461538464,0.7692307692307693,2561.0,2035.0,1,0.07692307692307693,post_authorization
2-3,total_deductions_by_hh_size > 524.000 & unc_rawben_rel_max <=   0.973 & utilities <= 392.000,test_2024,deployed,7,3,3,323.0,0.6666666666666666,52.0,0.6666666666666666,2,1,0,0,0,0,0,2,1,0,2,1,0,0,2,0.6666666666666666,0.0,0.6666666666666666,463.0,463.0,0,0.0,insufficient
4+,months_since_cert_n >=   4 & total_deductions_by_hh_size >= 217 & total_deductions_by_hh_size < 261 & utilities < 462,train_2022_23,national,151,60,98,311.0,0.35714285714285715,38.0,0.21428571428571427,47,43,0,8,0,0,7,59,32,0,53,14,0,19,66,0.47959183673469385,0.19387755102040816,0.673469387755102,25019.0,14145.0,12,0.12244897959183673,post_authorization
4+,months_since_cert_n >=   4 & total_deductions_by_hh_size >= 217 & total_deductions_by_hh_size < 261 & utilities < 462,test_2024,national,59,17,28,311.0,0.25,38.0,0.25,14,13,0,1,0,0,0,22,6,0,13,4,0,7,22,0.5,0.25,0.7857142857142857,7183.0,2380.0,4,0.14285714285714285,post_authorization
4+,months_since_cert_n >=   4 & total_deductions_by_hh_size >= 217 & total_deductions_by_hh_size < 261 & utilities < 462,test_2024,deployed,20,4,6,311.0,0.16666666666666666,42.0,0.16666666666666666,3,2,0,1,0,0,0,6,0,0,6,0,0,1,6,0.5,0.16666666666666666,1.0,1301.0,412.0,1,0.16666666666666666,post_authorization
4+,HH_size_n <   6 & months_since_cert_n >=   4 & total_deductions_by_hh_size >= 232 & utilities < 442,train_2022_23,national,202,77,117,311.0,0.4017094017094017,38.0,0.23931623931623933,44,59,0,14,0,0,17,56,44,0,79,15,0,23,73,0.37606837606837606,0.19658119658119658,0.6239316239316239,28504.0,16333.0,14,0.11965811965811966,post_authorization
4+,HH_size_n <   6 & months_since_cert_n >=   4 & total_deductions_by_hh_size >= 232 & utilities < 442,test_2024,national,101,28,42,363.0,0.2857142857142857,56.0,0.21428571428571427,21,19,0,1,1,0,5,21,16,0,21,3,2,6,26,0.5,0.14285714285714285,0.6190476190476191,9976.0,4974.0,3,0.07142857142857142,post_authorization
4+,HH_size_n <   6 & months_since_cert_n >=   4 & total_deductions_by_hh_size >= 232 & utilities < 442,test_2024,deployed,19,3,4,311.0,0.25,35.0,0.25,1,2,0,1,0,0,1,2,1,0,3,0,1,0,3,0.25,0.0,0.75,1382.0,0.0,0,0.0,insufficient
4+,count_divisible_by_100 >   1.500 & total_deductions_by_hh_size >   6.620 & unc_rawben_rel_max <=   0.903 & utilities <= 454.000,train_2022_23,national,49,22,37,311.0,0.3783783783783784,38.0,0.1891891891891892,18,17,0,2,0,0,7,20,10,0,17,7,0,5,27,0.4864864864864865,0.13513513513513514,0.7297297297297297,7518.0,4514.0,3,0.08108108108108109,post_authorization
4+,count_divisible_by_100 >   1.500 & total_deductions_by_hh_size >   6.620 & unc_rawben_rel_max <=   0.903 & utilities <= 454.000,test_2024,national,15,5,10,363.0,0.3,38.0,0.3,6,4,0,0,0,0,1,7,2,0,2,1,0,3,8,0.6,0.3,0.8,1594.0,461.0,3,0.3,mixed
4+,count_divisible_by_100 >   1.500 & total_deductions_by_hh_size >   6.620 & unc_rawben_rel_max <=   0.903 & utilities <= 454.000,test_2024,deployed,2,1,1,363.0,1.0,99.0,1.0,0,1,0,0,0,0,0,1,0,0,1,0,0,0,1,0.0,0.0,1.0,202.0,202.0,0,0.0,insufficient
2-3,rawben_rel_max <=   0.996 & total_deductions_by_hh_size > 441.000 & utilities <= 451.000,train_2022_23,national,394,136,240,311.0,0.3333333333333333,53.0,0.1875,106,124,0,10,0,0,37,134,69,0,150,23,1,44,171,0.44166666666666665,0.18333333333333332,0.7125,48337.0,21869.0,30,0.125,post_authorization
2-3,rawben_rel_max <=   0.996 & total_deductions_by_hh_size > 441.000 & utilities <= 451.000,test_2024,national,193,67,106,311.0,0.3113207547169811,38.0,0.16037735849056603,43,47,1,2,13,0,10,77,19,0,57,18,0,22,87,0.4056603773584906,0.20754716981132076,0.8207547169811321,21762.0,13682.0,9,0.08490566037735849,post_authorization
2-3,rawben_rel_max <=   0.996 & total_deductions_by_hh_size > 441.000 & utilities <= 451.000,test_2024,deployed,39,8,11,311.0,0.5454545454545454,38.0,0.2727272727272727,1,8,0,0,2,0,2,5,4,0,2,1,0,2,7,0.09090909090909091,0.18181818181818182,0.6363636363636364,2186.0,424.0,0,0.0,post_authorization
1,rawben_rel_max <   1.000 & total_deductions_by_hh_size >= 968.000 & unc_rawben_rel_max >=   0.304 & utilities < 511.000,train_2022_23,national,168,62,92,363.0,0.358695652173913,53.0,0.5652173913043478,53,35,3,1,0,0,12,67,13,0,61,2,0,22,79,0.5760869565217391,0.2391304347826087,0.8586956521739131,14698.0,8507.0,14,0.15217391304347827,post_authorization
1,rawben_rel_max <   1.000 & total_deductions_by_hh_size >= 968.000 & unc_rawben_rel_max >=   0.304 & utilities < 511.000,test_2024,national,136,45,76,363.0,0.2894736842105263,53.0,0.2236842105263158,28,42,0,2,4,0,3,53,20,0,55,2,0,14,56,0.3684210526315789,0.18421052631578946,0.7368421052631579,13724.0,9371.0,10,0.13157894736842105,post_authorization
1,rawben_rel_max <   1.000 & total_deductions_by_hh_size >= 968.000 & unc_rawben_rel_max >=   0.304 & utilities < 511.000,test_2024,deployed,14,4,4,311.0,0.5,56.0,0.5,1,2,0,0,1,0,0,2,2,0,0,0,0,0,2,0.25,0.0,0.5,596.0,390.0,0,0.0,insufficient
2-3,shelter_expenses_by_hh_size >= 559 & total_deductions_by_hh_size >= 414 & utilities < 391,train_2022_23,national,311,106,187,311.0,0.32085561497326204,53.0,0.1925133689839572,84,97,0,6,0,0,24,104,59,0,113,13,0,24,128,0.44919786096256686,0.12834224598930483,0.6844919786096256,40672.0,17212.0,15,0.08021390374331551,post_authorization
2-3,shelter_expenses_by_hh_size >= 559 & total_deductions_by_hh_size >= 414 & utilities < 391,test_2024,national,76,20,34,311.0,0.29411764705882354,38.0,0.17647058823529413,12,15,0,1,6,0,4,24,6,0,19,7,0,8,28,0.35294117647058826,0.23529411764705882,0.8235294117647058,8740.0,6776.0,2,0.058823529411764705,post_authorization
2-3,shelter_expenses_by_hh_size >= 559 & total_deductions_by_hh_size >= 414 & utilities < 391,test_2024,deployed,8,1,1,311.0,1.0,99.0,1.0,0,1,0,0,0,0,0,0,1,0,1,0,0,0,0,0.0,0.0,0.0,164.0,164.0,0,0.0,insufficient
4+,shelter_expenses_by_hh_size >  75.8 & shelter_expenses_by_hh_size <= 258.0 & total_deductions_by_hh_size > 210.0,train_2022_23,national,178,64,114,311.0,0.2543859649122807,38.0,0.21929824561403508,64,41,0,9,0,0,10,80,24,0,51,18,0,32,90,0.5614035087719298,0.2807017543859649,0.7894736842105263,28436.0,13291.0,26,0.22807017543859648,post_authorization
4+,shelter_expenses_by_hh_size >  75.8 & shelter_expenses_by_hh_size <= 258.0 & total_deductions_by_hh_size > 210.0,test_2024,national,69,18,34,311.0,0.3235294117647059,56.0,0.20588235294117646,16,15,0,0,3,0,1,21,10,0,19,3,0,8,22,0.47058823529411764,0.23529411764705882,0.6470588235294118,9815.0,3589.0,3,0.08823529411764706,post_authorization
4+,shelter_expenses_by_hh_size >  75.8 & shelter_expenses_by_hh_size <= 258.0 & total_deductions_by_hh_size > 210.0,test_2024,deployed,4,0,0,,,,,0,0,0,0,0,0,0,0,0,0,0,0,0,0,0,0.0,0.0,0.0,0.0,0.0,0,0.0,insufficient
1,cat_elig <=   1.5 & shelter_expenses_by_hh_size <= 832.0 & total_deductions_by_hh_size > 540.0,train_2022_23,national,1885,241,330,311.0,0.22121212121212122,53.0,0.26666666666666666,203,111,7,9,0,0,40,139,151,0,234,19,0,90,179,0.6151515151515151,0.2727272727272727,0.5424242424242425,50445.0,31918.0,47,0.14242424242424243,post_authorization
1,cat_elig <=   1.5 & shelter_expenses_by_hh_size <= 832.0 & total_deductions_by_hh_size > 540.0,test_2024,national,287,47,67,331.0,0.208955223880597,53.0,0.2537313432835821,42,18,0,0,7,0,7,35,24,0,48,2,0,16,42,0.6268656716417911,0.23880597014925373,0.6268656716417911,10707.0,7064.0,11,0.16417910447761194,post_authorization
1,cat_elig <=   1.5 & shelter_expenses_by_hh_size <= 832.0 & total_deductions_by_hh_size > 540.0,test_2024,deployed,7,3,3,331.0,1.0,99.0,0.6666666666666666,3,0,0,0,0,0,0,0,3,0,3,0,0,0,0,1.0,0.0,0.0,475.0,475.0,0,0.0,insufficient
2-3,medical_deductions >= 132.000 & rawben_rel_max >=   0.209 & shelter_expenses_by_hh_size >= 225.000 & shelter_expenses_by_hh_size < 408.000,train_2022_23,national,90,35,67,365.0,0.31343283582089554,53.0,0.34328358208955223,41,23,0,3,0,0,7,46,14,0,44,8,0,23,53,0.6119402985074627,0.34328358208955223,0.7910447761194029,10605.0,6702.0,14,0.208955223880597,post_authorization
2-3,medical_deductions >= 132.000 & rawben_rel_max >=   0.209 & shelter_expenses_by_hh_size >= 225.000 & shelter_expenses_by_hh_size < 408.000,test_2024,national,51,13,26,365.0,0.34615384615384615,38.0,0.23076923076923078,17,6,0,2,1,0,2,15,9,0,15,3,0,8,17,0.6538461538461539,0.3076923076923077,0.6538461538461539,4165.0,1886.0,4,0.15384615384615385,post_authorization
2-3,medical_deductions >= 132.000 & rawben_rel_max >=   0.209 & shelter_expenses_by_hh_size >= 225.000 & shelter_expenses_by_hh_size < 408.000,test_2024,deployed,4,1,3,364.0,0.3333333333333333,52.0,1.0,2,0,0,1,0,0,0,3,0,0,0,3,0,0,3,0.6666666666666666,0.0,1.0,615.0,205.0,0,0.0,insufficient
1,count_divisible_by_100 <=   0.5 & shelter_expenses_by_hh_size > 544.0 & shelter_expenses_by_hh_size <= 862.0 & total_deductions_by_hh_size > 539.0,train_2022_23,national,2001,254,346,311.0,0.20520231213872833,53.0,0.25722543352601157,201,128,7,10,0,0,45,153,148,0,227,19,1,93,198,0.5809248554913294,0.26878612716763006,0.5722543352601156,50457.0,30892.0,52,0.15028901734104047,post_authorization
1,count_divisible_by_100 <=   0.5 & shelter_expenses_by_hh_size > 544.0 & shelter_expenses_by_hh_size <= 862.0 & total_deductions_by_hh_size > 539.0,test_2024,national,998,137,212,311.0,0.21226415094339623,53.0,0.17452830188679244,113,86,1,1,11,0,20,126,62,1,137,21,0,50,146,0.5330188679245284,0.2358490566037736,0.6886792452830188,36223.0,21442.0,30,0.14150943396226415,post_authorization
1,count_divisible_by_100 <=   0.5 & shelter_expenses_by_hh_size > 544.0 & shelter_expenses_by_hh_size <= 862.0 & total_deductions_by_hh_size > 539.0,test_2024,deployed,25,4,4,331.0,1.0,99.0,0.5,3,0,1,0,0,0,0,0,4,0,4,0,0,0,0,0.75,0.0,0.0,526.0,537.0,0,0.0,insufficient
1,medical_deductions > 83.900 & unc_rawben_rel_max >  0.452 & unc_rawben_rel_max <=  1.010 & utilities > 22.000,train_2022_23,national,1099,259,356,365.0,0.5308988764044944,53.0,0.5674157303370787,259,83,3,11,0,0,46,232,77,1,244,25,0,121,278,0.7275280898876404,0.3398876404494382,0.7808988764044944,39553.0,25355.0,82,0.2303370786516854,post_authorization
1,medical_deductions > 83.900 & unc_rawben_rel_max >  0.452 & unc_rawben_rel_max <=  1.010 & utilities > 22.000,test_2024,national,599,132,197,365.0,0.4416243654822335,53.0,0.40609137055837563,126,60,1,1,9,0,14,143,40,0,130,18,0,54,157,0.6395939086294417,0.27411167512690354,0.7969543147208121,23582.0,14129.0,35,0.17766497461928935,post_authorization
1,medical_deductions > 83.900 & unc_rawben_rel_max >  0.452 & unc_rawben_rel_max <=  1.010 & utilities > 22.000,test_2024,deployed,10,7,16,365.0,0.4375,56.0,0.3125,10,4,0,0,2,0,1,15,0,0,14,1,0,5,16,0.625,0.3125,1.0,1994.0,1261.0,5,0.3125,mixed
1,medical_deductions >  92.900 & rawben_rel_max >   0.460 & rawben_rel_max <=   0.991 & total_deductions_by_hh_size > 544.000,train_2022_23,national,881,234,329,365.0,0.5106382978723404,53.0,0.5653495440729484,237,75,5,12,0,0,49,199,80,1,234,23,0,115,248,0.7203647416413373,0.3495440729483283,0.7537993920972644,40791.0,26936.0,74,0.22492401215805471,post_authorization
1,medical_deductions >  92.900 & rawben_rel_max >   0.460 & rawben_rel_max <=   0.991 & total_deductions_by_hh_size > 544.000,test_2024,national,492,112,172,365.0,0.4127906976744186,53.0,0.37209302325581395,107,54,0,2,9,0,10,120,42,0,116,17,0,50,130,0.622093023255814,0.29069767441860467,0.7558139534883721,22404.0,13533.0,29,0.1686046511627907,post_authorization
1,medical_deductions >  92.900 & rawben_rel_max >   0.460 & rawben_rel_max <=   0.991 & total_deductions_by_hh_size > 544.000,test_2024,deployed,14,9,15,365.0,0.5333333333333333,53.0,0.4,7,6,0,0,2,0,1,13,1,0,12,2,0,5,14,0.4666666666666667,0.3333333333333333,0.9333333333333333,2104.0,1434.0,5,0.3333333333333333,mixed
1,medical_deductions >   93.000 & shelter_expenses_by_hh_size <= 1400.000 & unc_rawben_rel_max >    0.257 & unc_rawben_rel_max <=    0.982,train_2022_23,national,1318,318,444,365.0,0.536036036036036,53.0,0.5720720720720721,321,96,6,21,0,0,61,274,107,2,289,33,0,151,335,0.722972972972973,0.3400900900900901,0.7545045045045045,45576.0,28476.0,97,0.21846846846846846,post_authorization
1,medical_deductions >   93.000 & shelter_expenses_by_hh_size <= 1400.000 & unc_rawben_rel_max >    0.257 & unc_rawben_rel_max <=    0.982,test_2024,national,724,149,220,365.0,0.4636363636363636,53.0,0.44545454545454544,147,62,1,2,8,0,12,153,54,0,142,19,0,59,165,0.6681818181818182,0.2681818181818182,0.75,24038.0,13750.0,35,0.1590909090909091,post_authorization
1,medical_deductions >   93.000 & shelter_expenses_by_hh_size <= 1400.000 & unc_rawben_rel_max >    0.257 & unc_rawben_rel_max <=    0.982,test_2024,deployed,21,12,22,365.0,0.5,53.0,0.36363636363636365,14,5,0,0,3,0,2,17,3,0,18,3,0,7,19,0.6363636363636364,0.3181818181818182,0.8636363636363636,2509.0,1725.0,6,0.2727272727272727,mixed
1,medical_deductions >   84.000 & rawben_rel_max <=    0.991 & total_deductions_by_hh_size <= 1730.000 & unc_rawben_rel_max >    0.243,train_2022_23,national,1635,378,532,365.0,0.5,53.0,0.543233082706767,372,131,6,23,0,0,69,330,131,2,350,46,0,179,399,0.6992481203007519,0.33646616541353386,0.75,55954.0,35919.0,113,0.212406015037594,post_authorization
1,medical_deductions >   84.000 & rawben_rel_max <=    0.991 & total_deductions_by_hh_size <= 1730.000 & unc_rawben_rel_max >    0.243,test_2024,national,946,189,280,365.0,0.425,53.0,0.4035714285714286,180,81,1,4,14,0,15,202,62,0,193,24,0,75,217,0.6428571428571429,0.26785714285714285,0.775,31452.0,19305.0,46,0.16428571428571428,post_authorization
1,medical_deductions >   84.000 & rawben_rel_max <=    0.991 & total_deductions_by_hh_size <= 1730.000 & unc_rawben_rel_max >    0.243,test_2024,deployed,22,12,22,365.0,0.5,53.0,0.36363636363636365,14,5,0,0,3,0,2,17,3,0,18,3,0,7,19,0.6363636363636364,0.3181818181818182,0.8636363636363636,2509.0,1725.0,6,0.2727272727272727,mixed
1,medical_deductions > 93.000 & rawben_rel_max >  0.307 & utilities > 22.000,train_2022_23,national,1689,354,497,365.0,0.47484909456740443,53.0,0.5130784708249497,338,139,4,16,0,0,59,310,126,2,332,41,0,156,369,0.6800804828973843,0.31388329979879276,0.7424547283702213,55534.0,37130.0,104,0.20925553319919518,post_authorization
1,medical_deductions > 93.000 & rawben_rel_max >  0.307 & utilities > 22.000,test_2024,national,989,188,279,365.0,0.3978494623655914,53.0,0.36917562724014336,179,83,1,2,14,0,16,199,63,0,179,25,0,76,215,0.6415770609318996,0.2724014336917563,0.7706093189964157,33569.0,19486.0,45,0.16129032258064516,post_authorization
1,medical_deductions > 93.000 & rawben_rel_max >  0.307 & utilities > 22.000,test_2024,deployed,15,9,18,365.0,0.5,53.0,0.3888888888888889,12,4,0,0,2,0,2,16,0,0,16,1,0,6,18,0.6666666666666666,0.3333333333333333,1.0,2150.0,1417.0,6,0.3333333333333333,mixed
1,married <=   0.500 & rawben_rel_max <=   0.989 & shelter_expenses_by_hh_size <= 851.000 & total_deductions_by_hh_size > 535.000,train_2022_23,national,613,132,175,365.0,0.38285714285714284,53.0,0.4685714285714286,105,61,3,6,0,0,27,89,59,0,111,17,1,46,116,0.6,0.26285714285714284,0.6628571428571428,23094.0,14558.0,31,0.17714285714285713,post_authorization
1,married <=   0.500 & rawben_rel_max <=   0.989 & shelter_expenses_by_hh_size <= 851.000 & total_deductions_by_hh_size > 535.000,test_2024,national,267,71,110,365.0,0.2727272727272727,53.0,0.32727272727272727,74,31,0,1,4,0,7,82,20,0,60,19,0,31,89,0.6727272727272727,0.2818181818181818,0.8090909090909091,14670.0,9019.0,23,0.20909090909090908,post_authorization
1,married <=   0.500 & rawben_rel_max <=   0.989 & shelter_expenses_by_hh_size <= 851.000 & total_deductions_by_hh_size > 535.000,test_2024,deployed,11,7,11,365.0,0.5454545454545454,53.0,0.45454545454545453,7,3,0,0,1,0,1,9,1,0,8,2,0,5,10,0.6363636363636364,0.45454545454545453,0.9090909090909091,1408.0,818.0,5,0.45454545454545453,mixed
1,medical_deductions >= 18.000 & rawben_rel_max >=  0.747 & rawben_rel_max <  0.993,train_2022_23,national,618,163,228,365.0,0.5614035087719298,53.0,0.631578947368421,171,47,5,5,0,0,41,138,48,1,173,14,0,87,179,0.75,0.3815789473684211,0.7850877192982456,29378.0,18745.0,57,0.25,mixed
1,medical_deductions >= 18.000 & rawben_rel_max >=  0.747 & rawben_rel_max <  0.993,test_2024,national,294,69,105,365.0,0.4380952380952381,53.0,0.44761904761904764,73,28,0,2,2,0,6,78,21,0,74,8,0,34,84,0.6952380952380952,0.3238095238095238,0.8,14472.0,8636.0,20,0.19047619047619047,post_authorization
1,medical_deductions >= 18.000 & rawben_rel_max >=  0.747 & rawben_rel_max <  0.993,test_2024,deployed,10,6,11,365.0,0.5454545454545454,53.0,0.5454545454545454,7,4,0,0,0,0,1,10,0,0,10,0,0,5,11,0.6363636363636364,0.45454545454545453,1.0,1715.0,1125.0,5,0.45454545454545453,mixed
1,medical_deductions >   93.000 & total_deductions_by_hh_size >  466.000 & total_deductions_by_hh_size <= 1070.000 & unc_rawben_rel_max >    0.243,train_2022_23,national,1158,253,346,365.0,0.5115606936416185,53.0,0.546242774566474,248,77,4,17,0,0,53,198,93,2,242,26,0,113,251,0.7167630057803468,0.3265895953757225,0.7254335260115607,36361.0,24263.0,72,0.20809248554913296,post_authorization
1,medical_deductions >   93.000 & total_deductions_by_hh_size >  466.000 & total_deductions_by_hh_size <= 1070.000 & unc_rawben_rel_max >    0.243,test_2024,national,638,119,182,365.0,0.4010989010989011,53.0,0.41208791208791207,122,54,0,1,5,0,11,131,40,0,116,12,0,42,142,0.6703296703296703,0.23076923076923078,0.7802197802197802,21472.0,11967.0,24,0.13186813186813187,post_authorization
1,medical_deductions >   93.000 & total_deductions_by_hh_size >  466.000 & total_deductions_by_hh_size <= 1070.000 & unc_rawben_rel_max >    0.243,test_2024,deployed,13,8,12,365.0,0.5833333333333334,53.0,0.4166666666666667,6,4,0,0,2,0,2,9,1,0,9,2,0,4,11,0.5,0.3333333333333333,0.9166666666666666,1120.0,781.0,4,0.3333333333333333,mixed
1,elderly_disabled_i >    0.500 & medical_deductions >   58.500 & shelter_expenses_by_hh_size <= 1050.000 & unc_rawben_rel_max >    0.488,train_2022_23,national,814,187,258,365.0,0.562015503875969,53.0,0.5852713178294574,191,48,6,13,0,0,39,161,58,0,179,15,0,89,200,0.7403100775193798,0.3449612403100775,0.7751937984496124,28853.0,18087.0,55,0.2131782945736434,post_authorization
1,elderly_disabled_i >    0.500 & medical_deductions >   58.500 & shelter_expenses_by_hh_size <= 1050.000 & unc_rawben_rel_max >    0.488,test_2024,national,387,90,136,365.0,0.4632352941176471,53.0,0.45588235294117646,95,32,1,2,6,0,9,101,26,0,87,8,0,43,110,0.6985294117647058,0.3161764705882353,0.8088235294117647,16556.0,8940.0,26,0.19117647058823528,post_authorization
1,elderly_disabled_i >    0.500 & medical_deductions >   58.500 & shelter_expenses_by_hh_size <= 1050.000 & unc_rawben_rel_max >    0.488,test_2024,deployed,16,9,19,365.0,0.47368421052631576,53.0,0.3157894736842105,12,4,0,0,3,0,1,16,2,0,16,2,0,6,17,0.631578947368421,0.3157894736842105,0.8947368421052632,2208.0,1424.0,5,0.2631578947368421,mixed
1,medical_deductions >  170.000 & rawben_rel_max <=    0.955 & total_deductions_by_hh_size <= 1660.000 & unc_rawben_rel_max <=    1.010,train_2022_23,national,923,155,222,365.0,0.5495495495495496,53.0,0.536036036036036,156,50,4,12,0,0,34,129,59,0,157,28,0,72,163,0.7027027027027027,0.32432432432432434,0.7342342342342343,26600.0,19521.0,46,0.2072072072072072,post_authorization
1,medical_deductions >  170.000 & rawben_rel_max <=    0.955 & total_deductions_by_hh_size <= 1660.000 & unc_rawben_rel_max <=    1.010,test_2024,national,467,67,106,365.0,0.49056603773584906,53.0,0.3018867924528302,69,31,1,1,4,0,4,77,25,0,71,18,0,31,81,0.6509433962264151,0.29245283018867924,0.7641509433962265,12829.0,8708.0,16,0.1509433962264151,post_authorization
1,medical_deductions >  170.000 & rawben_rel_max <=    0.955 & total_deductions_by_hh_size <= 1660.000 & unc_rawben_rel_max <=    1.010,test_2024,deployed,12,5,7,365.0,0.5714285714285714,53.0,0.42857142857142855,5,1,0,0,1,0,1,5,1,0,5,2,0,2,6,0.7142857142857143,0.2857142857142857,0.8571428571428571,1103.0,648.0,2,0.2857142857142857,mixed
1,medical_deductions >=  117.0000 & rawben_rel_max >=    0.0996 & shelter_expenses_by_hh_size < 1530.0000 & unc_rawben_rel_max <    1.2500,train_2022_23,national,1652,326,457,365.0,0.5164113785557987,53.0,0.5295404814004376,326,100,7,24,0,0,63,274,118,2,301,47,0,153,337,0.7133479212253829,0.3347921225382932,0.737417943107221,48467.0,31626.0,94,0.20568927789934355,post_authorization
1,medical_deductions >=  117.0000 & rawben_rel_max >=    0.0996 & shelter_expenses_by_hh_size < 1530.0000 & unc_rawben_rel_max <    1.2500,test_2024,national,1011,172,259,365.0,0.43243243243243246,53.0,0.416988416988417,172,73,1,4,9,0,12,180,66,0,168,27,0,72,192,0.6640926640926641,0.277992277992278,0.7413127413127413,28992.0,16900.0,40,0.15444015444015444,post_authorization
1,medical_deductions >=  117.0000 & rawben_rel_max >=    0.0996 & shelter_expenses_by_hh_size < 1530.0000 & unc_rawben_rel_max <    1.2500,test_2024,deployed,26,12,22,365.0,0.5,53.0,0.36363636363636365,14,5,0,0,3,0,2,17,3,0,18,3,0,7,19,0.6363636363636364,0.3181818181818182,0.8636363636363636,2509.0,1725.0,6,0.2727272727272727,mixed
1,married <=   0.500 & rawben_rel_max >   0.746 & rawben_rel_max <=   0.991 & total_deductions_by_hh_size > 628.000,train_2022_23,national,2540,458,634,363.0,0.4085173501577287,53.0,0.5425867507886435,350,266,8,10,0,0,95,382,156,1,473,33,1,139,477,0.5520504731861199,0.2192429022082019,0.7523659305993691,89588.0,58235.0,82,0.12933753943217666,post_authorization
1,married <=   0.500 & rawben_rel_max >   0.746 & rawben_rel_max <=   0.991 & total_deductions_by_hh_size > 628.000,test_2024,national,1816,291,405,363.0,0.4740740740740741,53.0,0.3432098765432099,205,179,0,4,17,0,27,269,107,0,304,17,0,70,296,0.5061728395061729,0.1728395061728395,0.7308641975308642,59963.0,40715.0,39,0.0962962962962963,post_authorization
1,married <=   0.500 & rawben_rel_max >   0.746 & rawben_rel_max <=   0.991 & total_deductions_by_hh_size > 628.000,test_2024,deployed,42,12,21,363.0,0.42857142857142855,53.0,0.47619047619047616,10,10,0,0,1,0,1,19,1,0,18,1,0,6,20,0.47619047619047616,0.2857142857142857,0.9523809523809523,2900.0,1830.0,6,0.2857142857142857,mixed
1,count_divisible_by_100 <=   0.50 & medical_deductions >  93.00 & total_deductions_by_hh_size > 554.00 & unc_rawben_rel_max <=   0.99,train_2022_23,national,1386,272,383,365.0,0.5065274151436031,53.0,0.5483028720626631,270,94,5,14,0,0,52,230,101,0,254,39,0,133,282,0.7049608355091384,0.3472584856396867,0.7362924281984334,44298.0,29182.0,85,0.22193211488250653,post_authorization
1,count_divisible_by_100 <=   0.50 & medical_deductions >  93.00 & total_deductions_by_hh_size > 554.00 & unc_rawben_rel_max <=   0.99,test_2024,national,836,143,222,365.0,0.3918918918918919,53.0,0.32882882882882886,143,63,0,4,12,0,13,160,49,0,150,25,0,62,173,0.6441441441441441,0.27927927927927926,0.7792792792792793,27616.0,17034.0,36,0.16216216216216217,post_authorization
1,count_divisible_by_100 <=   0.50 & medical_deductions >  93.00 & total_deductions_by_hh_size > 554.00 & unc_rawben_rel_max <=   0.99,test_2024,deployed,21,9,15,365.0,0.6,53.0,0.4666666666666667,8,5,0,0,2,0,2,13,0,0,13,1,0,5,15,0.5333333333333333,0.3333333333333333,1.0,2047.0,1377.0,5,0.3333333333333333,mixed
1,total_deductions_by_hh_size > 628.00 & unc_rawben_rel_max >   0.75 & unc_rawben_rel_max <=   1.01,train_2022_23,national,2739,468,646,363.0,0.4024767801857585,53.0,0.5433436532507739,353,275,8,10,0,0,99,387,159,1,480,34,1,139,486,0.5464396284829721,0.21517027863777088,0.7523219814241486,91370.0,59562.0,82,0.12693498452012383,post_authorization
1,total_deductions_by_hh_size > 628.00 & unc_rawben_rel_max >   0.75 & unc_rawben_rel_max <=   1.01,test_2024,national,1914,298,410,363.0,0.4634146341463415,53.0,0.35609756097560974,209,180,0,4,17,0,28,273,107,0,311,17,0,69,301,0.5097560975609756,0.16829268292682928,0.7341463414634146,60796.0,42002.0,38,0.09268292682926829,post_authorization
1,total_deductions_by_hh_size > 628.00 & unc_rawben_rel_max >   0.75 & unc_rawben_rel_max <=   1.01,test_2024,deployed,44,12,21,363.0,0.42857142857142855,53.0,0.47619047619047616,10,10,0,0,1,0,1,19,1,0,18,1,0,6,20,0.47619047619047616,0.2857142857142857,0.9523809523809523,2900.0,1830.0,6,0.2857142857142857,mixed
4+,HH_size_n >=   6.000 & months_since_cert_n >=  11.000 & rawben_rel_max <   0.887 & utilities < 388.000,train_2022_23,national,30,18,34,311.0,0.23529411764705882,38.0,0.14705882352941177,24,7,0,3,0,0,0,26,8,0,8,14,0,20,26,0.7058823529411765,0.5882352941176471,0.7647058823529411,3912.0,1179.0,12,0.35294117647058826,mixed
4+,HH_size_n >=   6.000 & months_since_cert_n >=  11.000 & rawben_rel_max <   0.887 & utilities < 388.000,test_2024,national,4,1,4,371.0,0.25,29.0,0.5,0,4,0,0,0,0,0,4,0,0,4,0,0,0,4,0.0,0.0,1.0,4032.0,4032.0,0,0.0,insufficient
4+,HH_size_n >=   6.000 & months_since_cert_n >=  11.000 & rawben_rel_max <   0.887 & utilities < 388.000,test_2024,deployed,3,0,0,,,,,0,0,0,0,0,0,0,0,0,0,0,0,0,0,0,0.0,0.0,0.0,0.0,0.0,0,0.0,insufficient
4+,months_since_cert_n >   4.5 & shelter_expenses_by_hh_size > 101.0 & total_deductions_by_hh_size <= 125.0,train_2022_23,national,1333,290,467,311.0,0.27194860813704497,38.0,0.16274089935760172,294,159,0,14,0,0,47,203,217,0,197,160,0,147,250,0.6295503211991434,0.3147751605995717,0.5353319057815846,102868.0,56510.0,67,0.14346895074946467,post_authorization
4+,months_since_cert_n >   4.5 & shelter_expenses_by_hh_size > 101.0 & total_deductions_by_hh_size <= 125.0,test_2024,national,482,110,184,311.0,0.22826086956521738,38.0,0.13043478260869565,106,67,1,1,8,1,12,91,79,0,95,54,0,72,103,0.5760869565217391,0.391304347826087,0.5597826086956522,42775.0,25019.0,26,0.14130434782608695,post_authorization
4+,months_since_cert_n >   4.5 & shelter_expenses_by_hh_size > 101.0 & total_deductions_by_hh_size <= 125.0,test_2024,deployed,23,9,20,311.0,0.25,38.0,0.2,19,1,0,0,0,0,0,5,15,0,10,10,0,18,5,0.95,0.9,0.25,4940.0,2293.0,4,0.2,post_authorization
4+,months_since_cert_n >   5.5 & months_since_cert_n <=  11.5 & shelter_expenses_by_hh_size > 103.0 & total_deductions_by_hh_size <= 141.0,train_2022_23,national,1040,233,369,311.0,0.2845528455284553,38.0,0.15718157181571815,228,131,0,10,0,0,33,165,171,0,170,121,0,114,198,0.6178861788617886,0.3089430894308943,0.5365853658536586,78263.0,45466.0,57,0.15447154471544716,post_authorization
4+,months_since_cert_n >   5.5 & months_since_cert_n <=  11.5 & shelter_expenses_by_hh_size > 103.0 & total_deductions_by_hh_size <= 141.0,test_2024,national,415,86,150,311.0,0.28,38.0,0.13333333333333333,82,58,1,0,8,1,12,75,62,0,80,45,0,52,87,0.5466666666666666,0.3466666666666667,0.58,36152.0,17302.0,23,0.15333333333333332,post_authorization
4+,months_since_cert_n >   5.5 & months_since_cert_n <=  11.5 & shelter_expenses_by_hh_size > 103.0 & total_deductions_by_hh_size <= 141.0,test_2024,deployed,15,7,19,311.0,0.21052631578947367,52.0,0.15789473684210525,19,0,0,0,0,0,0,4,15,0,7,12,0,15,4,1.0,0.7894736842105263,0.21052631578947367,4125.0,1477.0,3,0.15789473684210525,post_authorization
4+,months_since_cert_n >   5.5 & shelter_expenses_by_hh_size > 100.0 & total_deductions_by_hh_size <= 125.0,train_2022_23,national,1036,226,373,311.0,0.27882037533512066,38.0,0.16085790884718498,235,126,0,12,0,0,38,151,184,0,156,122,0,120,189,0.6300268096514745,0.32171581769436997,0.5067024128686327,84108.0,46249.0,55,0.14745308310991956,post_authorization
4+,months_since_cert_n >   5.5 & shelter_expenses_by_hh_size > 100.0 & total_deductions_by_hh_size <= 125.0,test_2024,national,350,75,127,311.0,0.23622047244094488,38.0,0.14173228346456693,76,42,1,1,6,1,8,54,64,0,64,41,0,55,62,0.5984251968503937,0.4330708661417323,0.4881889763779528,29677.0,16856.0,18,0.14173228346456693,post_authorization
4+,months_since_cert_n >   5.5 & shelter_expenses_by_hh_size > 100.0 & total_deductions_by_hh_size <= 125.0,test_2024,deployed,16,7,17,311.0,0.23529411764705882,52.0,0.17647058823529413,16,1,0,0,0,0,0,4,13,0,8,9,0,15,4,0.9411764705882353,0.8823529411764706,0.23529411764705882,4315.0,1917.0,3,0.17647058823529413,post_authorization
4+,count_divisible_by_100 <=   0.500 & months_since_cert_n >   5.500 & total_deductions_by_hh_size <= 123.000 & unc_rawben_rel_max <=   0.901,train_2022_23,national,1009,233,385,311.0,0.2987012987012987,38.0,0.17922077922077922,242,126,1,16,0,0,36,160,189,0,158,138,1,123,196,0.6285714285714286,0.3194805194805195,0.509090909090909,80198.0,47178.0,57,0.14805194805194805,post_authorization
4+,count_divisible_by_100 <=   0.500 & months_since_cert_n >   5.500 & total_deductions_by_hh_size <= 123.000 & unc_rawben_rel_max <=   0.901,test_2024,national,368,90,155,311.0,0.27741935483870966,35.0,0.13548387096774195,87,58,1,1,7,1,10,71,73,0,82,46,0,54,81,0.5612903225806452,0.34838709677419355,0.5225806451612903,37843.0,25613.0,18,0.11612903225806452,post_authorization
4+,count_divisible_by_100 <=   0.500 & months_since_cert_n >   5.500 & total_deductions_by_hh_size <= 123.000 & unc_rawben_rel_max <=   0.901,test_2024,deployed,19,6,15,311.0,0.2,44.0,0.2,15,0,0,0,0,0,0,3,12,0,5,10,0,14,3,1.0,0.9333333333333333,0.2,3090.0,1077.0,2,0.13333333333333333,post_authorization
4+,HH_size_n <=   9.5 & months_since_cert_n >   5.5 & shelter_expenses_by_hh_size > 102.0 & shelter_expenses_by_hh_size <= 212.0,train_2022_23,national,1062,225,358,311.0,0.32122905027932963,38.0,0.15363128491620112,223,125,0,10,0,0,33,156,169,0,164,102,0,120,189,0.6229050279329609,0.33519553072625696,0.5279329608938548,83111.0,44215.0,57,0.15921787709497207,post_authorization
4+,HH_size_n <=   9.5 & months_since_cert_n >   5.5 & shelter_expenses_by_hh_size > 102.0 & shelter_expenses_by_hh_size <= 212.0,test_2024,national,363,76,124,311.0,0.31451612903225806,38.0,0.1532258064516129,74,37,0,1,11,1,9,57,56,0,51,42,0,46,66,0.5967741935483871,0.3709677419354839,0.532258064516129,29863.0,13165.0,18,0.14516129032258066,post_authorization
4+,HH_size_n <=   9.5 & months_since_cert_n >   5.5 & shelter_expenses_by_hh_size > 102.0 & shelter_expenses_by_hh_size <= 212.0,test_2024,deployed,14,4,7,350.0,0.2857142857142857,44.0,0.2857142857142857,7,0,0,0,0,0,0,3,4,0,2,5,0,6,3,1.0,0.8571428571428571,0.42857142857142855,1729.0,972.0,2,0.2857142857142857,mixed
4+,expedited_i <=   0.5 & months_since_cert_n >   5.5 & shelter_expenses_by_hh_size > 103.0 & total_deductions_by_hh_size <= 150.0,train_2022_23,national,1317,288,452,311.0,0.29867256637168144,38.0,0.16150442477876106,278,160,0,12,0,2,44,199,207,0,195,143,0,135,243,0.6150442477876106,0.29867256637168144,0.5376106194690266,94358.0,52175.0,64,0.1415929203539823,post_authorization
4+,expedited_i <=   0.5 & months_since_cert_n >   5.5 & shelter_expenses_by_hh_size > 103.0 & total_deductions_by_hh_size <= 150.0,test_2024,national,473,114,199,311.0,0.271356783919598,38.0,0.1457286432160804,107,75,2,3,11,1,15,87,94,0,101,62,0,73,102,0.5376884422110553,0.36683417085427134,0.5125628140703518,48449.0,24544.0,27,0.135678391959799,post_authorization
4+,expedited_i <=   0.5 & months_since_cert_n >   5.5 & shelter_expenses_by_hh_size > 103.0 & total_deductions_by_hh_size <= 150.0,test_2024,deployed,19,9,21,311.0,0.2857142857142857,39.0,0.14285714285714285,20,1,0,0,0,0,0,4,17,0,8,13,0,16,4,0.9523809523809523,0.7619047619047619,0.19047619047619047,4905.0,2257.0,3,0.14285714285714285,post_authorization
2-3,children_i > 0.500 & months_since_cert_n > 4.500 & months_since_cert_n <= 6.500 & rawben_rel_max <= 0.931,train_2022_23,national,1156,214,329,311.0,0.3343465045592705,38.0,0.1641337386018237,192,127,0,9,0,1,16,205,107,0,151,99,0,100,221,0.5835866261398176,0.303951367781155,0.6717325227963525,56779.0,36036.0,61,0.18541033434650456,post_authorization
2-3,children_i > 0.500 & months_since_cert_n > 4.500 & months_since_cert_n <= 6.500 & rawben_rel_max <= 0.931,test_2024,national,610,127,190,311.0,0.37894736842105264,38.0,0.15789473684210525,83,82,1,6,18,0,15,100,68,0,103,46,0,43,115,0.4368421052631579,0.22631578947368422,0.6052631578947368,39036.0,25629.0,28,0.14736842105263157,post_authorization
2-3,children_i > 0.500 & months_since_cert_n > 4.500 & months_since_cert_n <= 6.500 & rawben_rel_max <= 0.931,test_2024,deployed,12,4,7,311.0,0.5714285714285714,38.0,0.14285714285714285,5,2,0,0,0,0,0,4,3,0,6,1,0,3,4,0.7142857142857143,0.42857142857142855,0.5714285714285714,2737.0,1524.0,2,0.2857142857142857,mixed
4+,months_since_cert_n >   1.500 & percent_abawd <=   0.292 & shelter_expenses_by_hh_size > 101.000 & total_deductions_by_hh_size <=  97.300,train_2022_23,national,1224,249,387,311.0,0.21188630490956073,52.0,0.15503875968992248,248,130,0,9,0,0,39,190,158,0,132,148,3,125,229,0.6408268733850129,0.32299741602067183,0.5917312661498708,81154.0,45315.0,65,0.16795865633074936,post_authorization
4+,months_since_cert_n >   1.500 & percent_abawd <=   0.292 & shelter_expenses_by_hh_size > 101.000 & total_deductions_by_hh_size <=  97.300,test_2024,national,554,111,175,311.0,0.19428571428571428,38.0,0.1657142857142857,93,64,0,3,15,0,13,116,46,0,90,59,0,65,129,0.5314285714285715,0.37142857142857144,0.7371428571428571,34464.0,24033.0,30,0.17142857142857143,post_authorization
4+,months_since_cert_n >   1.500 & percent_abawd <=   0.292 & shelter_expenses_by_hh_size > 101.000 & total_deductions_by_hh_size <=  97.300,test_2024,deployed,30,7,13,350.0,0.15384615384615385,44.0,0.3076923076923077,11,1,0,0,1,0,0,5,8,0,5,8,0,11,5,0.8461538461538461,0.8461538461538461,0.38461538461538464,3230.0,1682.0,3,0.23076923076923078,post_authorization
4+,months_since_cert_n >=   5 & shelter_expenses_by_hh_size >= 106 & shelter_expenses_by_hh_size < 169,train_2022_23,national,798,165,257,311.0,0.3035019455252918,38.0,0.1556420233463035,155,92,0,10,0,0,29,101,127,0,108,87,0,89,130,0.603112840466926,0.3463035019455253,0.5058365758754864,58465.0,31652.0,34,0.13229571984435798,post_authorization
4+,months_since_cert_n >=   5 & shelter_expenses_by_hh_size >= 106 & shelter_expenses_by_hh_size < 169,test_2024,national,265,55,88,311.0,0.29545454545454547,44.0,0.13636363636363635,51,27,0,1,8,1,9,46,29,0,39,30,0,32,55,0.5795454545454546,0.36363636363636365,0.625,21499.0,11375.0,15,0.17045454545454544,post_authorization
4+,months_since_cert_n >=   5 & shelter_expenses_by_hh_size >= 106 & shelter_expenses_by_hh_size < 169,test_2024,deployed,14,4,7,350.0,0.2857142857142857,44.0,0.2857142857142857,7,0,0,0,0,0,0,3,4,0,3,4,0,6,3,1.0,0.8571428571428571,0.42857142857142855,1831.0,1074.0,2,0.2857142857142857,mixed
4+,months_since_cert_n >=   6 & shelter_expenses_by_hh_size >=  71 & total_deductions_by_hh_size < 122,train_2022_23,national,1219,263,428,311.0,0.2897196261682243,38.0,0.1542056074766355,267,146,0,15,0,0,45,171,212,0,189,131,0,133,216,0.6238317757009346,0.3107476635514019,0.5046728971962616,96737.0,52931.0,62,0.14485981308411214,post_authorization
4+,months_since_cert_n >=   6 & shelter_expenses_by_hh_size >=  71 & total_deductions_by_hh_size < 122,test_2024,national,414,97,166,311.0,0.24096385542168675,38.0,0.12048192771084337,99,57,1,2,6,1,13,76,76,0,87,51,0,64,89,0.5963855421686747,0.3855421686746988,0.536144578313253,40231.0,24082.0,25,0.15060240963855423,post_authorization
4+,months_since_cert_n >=   6 & shelter_expenses_by_hh_size >=  71 & total_deductions_by_hh_size < 122,test_2024,deployed,18,7,14,311.0,0.21428571428571427,44.0,0.14285714285714285,13,1,0,0,0,0,0,4,10,0,5,9,0,12,4,0.9285714285714286,0.8571428571428571,0.2857142857142857,3527.0,1771.0,3,0.21428571428571427,post_authorization
4+,months_since_cert_n >=   5.000 & rawben_rel_max <   0.901 & total_deductions_by_hh_size < 126.000,train_2022_23,national,1453,346,554,311.0,0.30324909747292417,38.0,0.16606498194945848,346,188,1,19,0,0,50,258,246,0,230,197,1,168,308,0.6245487364620939,0.30324909747292417,0.555956678700361,111845.0,66008.0,87,0.15703971119133575,post_authorization
4+,months_since_cert_n >=   5.000 & rawben_rel_max <   0.901 & total_deductions_by_hh_size < 126.000,test_2024,national,571,143,241,311.0,0.26556016597510373,35.0,0.14522821576763487,132,95,1,3,9,1,18,128,93,0,120,67,0,83,146,0.5477178423236515,0.34439834024896265,0.6058091286307054,55403.0,36153.0,37,0.15352697095435686,post_authorization
4+,months_since_cert_n >=   5.000 & rawben_rel_max <   0.901 & total_deductions_by_hh_size < 126.000,test_2024,deployed,27,8,18,311.0,0.2222222222222222,44.0,0.2222222222222222,18,0,0,0,0,0,0,4,14,0,7,11,0,17,4,1.0,0.9444444444444444,0.2222222222222222,3715.0,1453.0,3,0.16666666666666666,post_authorization
4+,months_since_cert_n >=   6.0 & total_deductions_by_hh_size >=  24.8 & total_deductions_by_hh_size < 115.0,train_2022_23,national,1032,239,390,311.0,0.36153846153846153,38.0,0.18205128205128204,249,130,1,10,0,0,32,167,191,0,189,99,0,122,199,0.6384615384615384,0.3128205128205128,0.5102564102564102,87930.0,48912.0,58,0.14871794871794872,post_authorization
4+,months_since_cert_n >=   6.0 & total_deductions_by_hh_size >=  24.8 & total_deductions_by_hh_size < 115.0,test_2024,national,342,82,145,311.0,0.2620689655172414,38.0,0.1310344827586207,78,59,1,2,5,0,14,57,74,0,84,33,0,49,71,0.5379310344827586,0.33793103448275863,0.4896551724137931,37432.0,21193.0,18,0.12413793103448276,post_authorization
4+,months_since_cert_n >=   6.0 & total_deductions_by_hh_size >=  24.8 & total_deductions_by_hh_size < 115.0,test_2024,deployed,18,7,13,311.0,0.3076923076923077,52.0,0.15384615384615385,12,1,0,0,0,0,0,2,11,0,5,8,0,12,2,0.9230769230769231,0.9230769230769231,0.15384615384615385,3283.0,1704.0,2,0.15384615384615385,post_authorization
2-3,medical_deductions > 366.000 & months_since_cert_n <=  13.500 & rawben_rel_max >   0.301,train_2022_23,national,46,26,54,365.0,0.46296296296296297,53.0,0.48148148148148145,36,18,0,0,0,0,11,35,8,0,44,1,0,18,46,0.6666666666666666,0.3333333333333333,0.8518518518518519,9106.0,4829.0,13,0.24074074074074073,post_authorization
2-3,medical_deductions > 366.000 & months_since_cert_n <=  13.500 & rawben_rel_max >   0.301,test_2024,national,16,5,5,365.0,0.8,53.0,0.4,3,1,0,0,1,0,1,4,0,0,4,1,0,2,5,0.6,0.4,1.0,942.0,671.0,1,0.2,post_authorization
2-3,medical_deductions > 366.000 & months_since_cert_n <=  13.500 & rawben_rel_max >   0.301,test_2024,deployed,4,2,2,363.0,0.5,52.0,0.5,2,0,0,0,0,0,0,2,0,0,1,1,0,0,2,1.0,0.0,1.0,125.0,125.0,0,0.0,insufficient
4+,shelter_expenses_by_hh_size < 341.00 & total_deductions_by_hh_size >= 323.00 & unc_rawben_rel_max <   1.02 & utilities >= 368.00,train_2022_23,national,62,29,47,311.0,0.2765957446808511,53.0,0.2127659574468085,29,17,0,1,0,0,4,33,10,0,26,7,0,19,37,0.6170212765957447,0.40425531914893614,0.7872340425531915,10299.0,6908.0,14,0.2978723404255319,mixed
4+,shelter_expenses_by_hh_size < 341.00 & total_deductions_by_hh_size >= 323.00 & unc_rawben_rel_max <   1.02 & utilities >= 368.00,test_2024,national,22,11,15,323.0,0.3333333333333333,56.0,0.26666666666666666,9,4,0,0,2,0,2,11,2,0,8,0,0,7,13,0.6,0.4666666666666667,0.8666666666666667,2759.0,1351.0,4,0.26666666666666666,mixed
4+,shelter_expenses_by_hh_size < 341.00 & total_deductions_by_hh_size >= 323.00 & unc_rawben_rel_max <   1.02 & utilities >= 368.00,test_2024,deployed,4,2,3,323.0,0.6666666666666666,56.0,1.0,2,1,0,0,0,0,0,3,0,0,1,0,0,1,3,0.6666666666666666,0.3333333333333333,1.0,396.0,182.0,1,0.3333333333333333,insufficient
2-3,elderly_disabled_i >=   1 & shelter_expenses_by_hh_size < 640 & total_deductions_by_hh_size >= 493,train_2022_23,national,92,40,66,365.0,0.24242424242424243,53.0,0.3484848484848485,44,21,0,1,0,0,11,44,11,0,52,3,0,22,55,0.6666666666666666,0.3333333333333333,0.8333333333333334,15022.0,9969.0,18,0.2727272727272727,mixed
2-3,elderly_disabled_i >=   1 & shelter_expenses_by_hh_size < 640 & total_deductions_by_hh_size >= 493,test_2024,national,31,9,17,363.0,0.29411764705882354,53.0,0.17647058823529413,8,7,0,0,2,0,1,8,8,0,10,0,0,6,9,0.47058823529411764,0.35294117647058826,0.5294117647058824,4793.0,1106.0,4,0.23529411764705882,post_authorization
2-3,elderly_disabled_i >=   1 & shelter_expenses_by_hh_size < 640 & total_deductions_by_hh_size >= 493,test_2024,deployed,1,0,0,,,,,0,0,0,0,0,0,0,0,0,0,0,0,0,0,0,0.0,0.0,0.0,0.0,0.0,0,0.0,insufficient
4+,HH_size_n >   4.500 & married <=   0.500 & total_deductions_by_hh_size > 223.000 & unc_rawben_rel_max <=   0.983,train_2022_23,national,149,56,100,311.0,0.21,52.0,0.18,55,42,1,2,0,0,4,69,27,0,51,16,0,30,73,0.55,0.3,0.73,22654.0,14641.0,20,0.2,post_authorization
4+,HH_size_n >   4.500 & married <=   0.500 & total_deductions_by_hh_size > 223.000 & unc_rawben_rel_max <=   0.983,test_2024,national,164,50,84,311.0,0.39285714285714285,56.0,0.17857142857142858,45,34,0,0,5,0,2,53,27,0,39,8,0,21,55,0.5357142857142857,0.25,0.6547619047619048,20386.0,10926.0,18,0.21428571428571427,post_authorization
4+,HH_size_n >   4.500 & married <=   0.500 & total_deductions_by_hh_size > 223.000 & unc_rawben_rel_max <=   0.983,test_2024,deployed,16,4,5,363.0,0.4,56.0,0.4,3,2,0,0,0,0,0,5,0,0,5,0,0,1,5,0.6,0.2,1.0,1016.0,908.0,1,0.2,post_authorization
1,cat_elig >=   1 & rawben_rel_max <   1 & total_deductions_by_hh_size >= 450 & utilities < 277,train_2022_23,national,525,176,276,363.0,0.36231884057971014,53.0,0.5072463768115942,119,143,5,9,0,0,40,163,73,0,195,20,0,34,203,0.4311594202898551,0.12318840579710146,0.7355072463768116,40653.0,25662.0,18,0.06521739130434782,post_authorization
1,cat_elig >=   1 & rawben_rel_max <   1 & total_deductions_by_hh_size >= 450 & utilities < 277,test_2024,national,373,107,179,363.0,0.4301675977653631,53.0,0.39664804469273746,86,88,0,2,3,0,20,117,42,0,130,13,0,27,137,0.48044692737430167,0.15083798882681565,0.7653631284916201,29317.0,20065.0,17,0.09497206703910614,post_authorization
1,cat_elig >=   1 & rawben_rel_max <   1 & total_deductions_by_hh_size >= 450 & utilities < 277,test_2024,deployed,55,9,15,364.0,0.4,53.0,0.2,10,5,0,0,0,0,0,13,2,0,13,1,0,2,13,0.6666666666666666,0.13333333333333333,0.8666666666666667,2462.0,2297.0,1,0.06666666666666667,post_authorization
2-3,total_deductions_by_hh_size > 519 & utilities <= 560,train_2022_23,national,390,131,243,311.0,0.2345679012345679,53.0,0.205761316872428,128,107,0,8,0,0,25,138,80,0,136,22,1,53,163,0.5267489711934157,0.21810699588477367,0.6707818930041153,50485.0,26300.0,36,0.14814814814814814,post_authorization
2-3,total_deductions_by_hh_size > 519 & utilities <= 560,test_2024,national,277,91,141,311.0,0.2765957446808511,56.0,0.15602836879432624,66,61,0,2,12,0,14,94,32,1,89,14,0,38,108,0.46808510638297873,0.2695035460992908,0.7659574468085106,29182.0,16349.0,23,0.16312056737588654,post_authorization
2-3,total_deductions_by_hh_size > 519 & utilities <= 560,test_2024,deployed,8,2,2,323.0,0.5,56.0,1.0,2,0,0,0,0,0,0,2,0,0,2,0,0,0,2,1.0,0.0,1.0,191.0,191.0,0,0.0,insufficient
2-3,elderly_disabled_i >=   1.000 & HH_size_n >=   3.000 & total_deductions_by_hh_size >= 290.000 & unc_rawben_rel_max <   0.976,train_2022_23,national,120,45,64,363.0,0.296875,53.0,0.171875,37,25,0,2,0,0,5,44,15,0,32,19,0,12,49,0.578125,0.1875,0.765625,11597.0,8187.0,9,0.140625,post_authorization
2-3,elderly_disabled_i >=   1.000 & HH_size_n >=   3.000 & total_deductions_by_hh_size >= 290.000 & unc_rawben_rel_max <   0.976,test_2024,national,75,21,32,363.0,0.34375,52.0,0.125,11,14,0,5,2,0,6,19,7,0,10,9,0,3,25,0.34375,0.09375,0.78125,5409.0,2947.0,0,0.0,post_authorization
2-3,elderly_disabled_i >=   1.000 & HH_size_n >=   3.000 & total_deductions_by_hh_size >= 290.000 & unc_rawben_rel_max <   0.976,test_2024,deployed,8,1,1,363.0,1.0,56.0,1.0,0,1,0,0,0,0,1,0,0,0,1,0,0,0,1,0.0,0.0,1.0,176.0,176.0,0,0.0,insufficient
4+,months_since_cert_n >=   4 & total_deductions_by_hh_size >= 217 & total_deductions_by_hh_size < 261,train_2022_23,national,376,125,213,311.0,0.3380281690140845,38.0,0.19718309859154928,118,81,1,13,0,0,18,124,71,0,102,52,2,53,142,0.5539906103286385,0.24882629107981222,0.6666666666666666,44854.0,33955.0,29,0.13615023474178403,post_authorization
4+,months_since_cert_n >=   4 & total_deductions_by_hh_size >= 217 & total_deductions_by_hh_size < 261,test_2024,national,252,70,114,311.0,0.3684210526315789,38.0,0.17543859649122806,59,46,0,1,8,0,4,57,52,0,60,16,0,33,61,0.5175438596491229,0.2894736842105263,0.5350877192982456,31343.0,14135.0,17,0.14912280701754385,post_authorization
4+,months_since_cert_n >=   4 & total_deductions_by_hh_size >= 217 & total_deductions_by_hh_size < 261,test_2024,deployed,4,2,2,311.0,0.5,38.0,0.5,2,0,0,0,0,0,0,2,0,0,1,1,0,0,2,1.0,0.0,1.0,571.0,571.0,0,0.0,insufficient
4+,months_since_cert_n >=  3.000 & rawben_rel_max >=  0.794 & total_deductions_by_hh_size >= 27.000 & unc_rawben_rel_max <  0.821,train_2022_23,national,183,65,88,311.0,0.2840909090909091,53.0,0.20454545454545456,47,38,0,3,0,0,14,42,32,0,45,15,0,26,56,0.5340909090909091,0.29545454545454547,0.6363636363636364,15486.0,9315.0,12,0.13636363636363635,post_authorization
4+,months_since_cert_n >=  3.000 & rawben_rel_max >=  0.794 & total_deductions_by_hh_size >= 27.000 & unc_rawben_rel_max <  0.821,test_2024,national,74,21,39,363.0,0.20512820512820512,38.0,0.1282051282051282,23,14,0,1,1,0,2,19,18,0,17,11,0,14,21,0.5897435897435898,0.358974358974359,0.5384615384615384,11817.0,4232.0,6,0.15384615384615385,post_authorization
4+,months_since_cert_n >=  3.000 & rawben_rel_max >=  0.794 & total_deductions_by_hh_size >= 27.000 & unc_rawben_rel_max <  0.821,test_2024,deployed,6,1,1,346.0,1.0,98.0,1.0,1,0,0,0,0,0,0,1,0,0,1,0,0,0,1,1.0,0.0,1.0,127.0,127.0,0,0.0,insufficient
2-3,HH_size_n >   2.500 & rawben_rel_max >   0.581 & total_deductions_by_hh_size > 338.000 & utilities >  29.500,train_2022_23,national,341,114,184,311.0,0.2391304347826087,53.0,0.17391304347826086,102,79,0,3,0,0,19,112,53,0,89,35,0,39,131,0.5543478260869565,0.21195652173913043,0.7119565217391305,36785.0,23039.0,28,0.15217391304347827,post_authorization
2-3,HH_size_n >   2.500 & rawben_rel_max >   0.581 & total_deductions_by_hh_size > 338.000 & utilities >  29.500,test_2024,national,307,76,111,311.0,0.34234234234234234,38.0,0.18018018018018017,45,52,0,4,10,0,11,80,18,0,66,20,0,21,91,0.40540540540540543,0.1891891891891892,0.8198198198198198,24664.0,12573.0,13,0.11711711711711711,post_authorization
2-3,HH_size_n >   2.500 & rawben_rel_max >   0.581 & total_deductions_by_hh_size > 338.000 & utilities >  29.500,test_2024,deployed,27,4,4,363.0,0.5,41.0,0.25,1,3,0,0,0,0,0,3,1,0,2,2,0,1,3,0.25,0.25,0.75,697.0,699.0,1,0.25,insufficient
4+,homeless <=  0.5 & utilities > 30.5 & utilities <= 35.5,train_2022_23,national,30,14,18,311.0,0.4444444444444444,44.0,0.2222222222222222,12,6,0,0,0,0,0,10,8,0,5,13,0,8,10,0.6666666666666666,0.4444444444444444,0.5555555555555556,2594.0,2162.0,3,0.16666666666666666,post_authorization
4+,homeless <=  0.5 & utilities > 30.5 & utilities <= 35.5,test_2024,national,24,11,12,364.0,0.3333333333333333,52.0,0.4166666666666667,7,1,0,0,4,0,0,5,5,0,2,6,0,4,5,0.5833333333333334,0.3333333333333333,0.4166666666666667,1367.0,1046.0,2,0.16666666666666666,post_authorization
4+,homeless <=  0.5 & utilities > 30.5 & utilities <= 35.5,test_2024,deployed,5,1,1,334.0,1.0,38.0,1.0,0,0,0,0,1,0,0,0,1,0,1,0,0,0,0,0.0,0.0,0.0,99.0,99.0,0,0.0,insufficient
4+,rawben_rel_max >=   0.477 & rawben_rel_max <   0.718 & shelter_expenses_by_hh_size < 454.000 & total_deductions_by_hh_size >= 268.000,train_2022_23,national,155,55,91,311.0,0.24175824175824176,53.0,0.21978021978021978,45,43,0,3,0,0,7,67,17,0,46,19,0,25,74,0.4945054945054945,0.27472527472527475,0.8131868131868132,17820.0,12451.0,19,0.2087912087912088,post_authorization
4+,rawben_rel_max >=   0.477 & rawben_rel_max <   0.718 & shelter_expenses_by_hh_size < 454.000 & total_deductions_by_hh_size >= 268.000,test_2024,national,127,43,70,311.0,0.35714285714285715,56.0,0.2,35,30,0,1,4,0,6,50,14,0,32,11,0,16,56,0.5,0.22857142857142856,0.8,18522.0,9869.0,11,0.15714285714285714,post_authorization
4+,rawben_rel_max >=   0.477 & rawben_rel_max <   0.718 & shelter_expenses_by_hh_size < 454.000 & total_deductions_by_hh_size >= 268.000,test_2024,deployed,13,3,3,311.0,0.6666666666666666,56.0,0.3333333333333333,1,1,0,0,1,0,0,3,0,0,2,1,0,1,3,0.3333333333333333,0.3333333333333333,1.0,476.0,476.0,1,0.3333333333333333,insufficient
4+,months_since_cert_n >   5.50 & months_since_cert_n <=  17.50 & shelter_expenses_by_hh_size > 254.00 & unc_rawben_rel_max <=   0.99,train_2022_23,national,915,279,427,311.0,0.3442622950819672,38.0,0.1920374707259953,222,184,0,19,0,2,27,211,187,0,214,115,2,109,238,0.5199063231850117,0.25526932084309134,0.5573770491803278,90048.0,61042.0,56,0.13114754098360656,post_authorization
4+,months_since_cert_n >   5.50 & months_since_cert_n <=  17.50 & shelter_expenses_by_hh_size > 254.00 & unc_rawben_rel_max <=   0.99,test_2024,national,536,172,264,311.0,0.38636363636363635,38.0,0.16287878787878787,125,122,1,3,13,0,12,120,128,1,144,59,0,58,132,0.4734848484848485,0.2196969696969697,0.5,66774.0,39522.0,27,0.10227272727272728,post_authorization
4+,months_since_cert_n >   5.50 & months_since_cert_n <=  17.50 & shelter_expenses_by_hh_size > 254.00 & unc_rawben_rel_max <=   0.99,test_2024,deployed,12,4,5,311.0,0.4,38.0,0.4,3,2,0,0,0,0,0,4,1,0,0,1,0,3,4,0.6,0.6,0.8,861.0,0.0,2,0.4,mixed
4+,cat_elig > 0.5 & HH_size_n > 5.5 & married <= 0.5 & rawben_rel_max <= 0.9,train_2022_23,national,581,182,295,311.0,0.30847457627118646,38.0,0.14915254237288136,183,103,1,8,0,0,20,205,70,0,133,64,0,84,225,0.6203389830508474,0.2847457627118644,0.7627118644067796,65952.0,36596.0,60,0.2033898305084746,post_authorization
4+,cat_elig > 0.5 & HH_size_n > 5.5 & married <= 0.5 & rawben_rel_max <= 0.9,test_2024,national,301,105,170,311.0,0.32941176470588235,35.0,0.15294117647058825,89,72,0,2,7,0,5,115,50,0,74,44,1,43,120,0.5235294117647059,0.2529411764705882,0.7058823529411765,44778.0,25823.0,26,0.15294117647058825,post_authorization
4+,cat_elig > 0.5 & HH_size_n > 5.5 & married <= 0.5 & rawben_rel_max <= 0.9,test_2024,deployed,21,8,10,350.0,0.2,35.0,0.3,6,3,0,0,1,0,1,6,3,0,5,3,0,3,7,0.6,0.3,0.7,2078.0,1354.0,2,0.2,post_authorization
4+,shelter_expenses_by_hh_size <= 494.000 & total_deductions_by_hh_size > 235.000 & unc_rawben_rel_max <=   0.997 & utilities > 373.000,train_2022_23,national,689,213,332,311.0,0.3313253012048193,53.0,0.18373493975903615,186,135,0,11,0,0,25,229,78,0,173,75,0,96,254,0.5602409638554217,0.2891566265060241,0.7650602409638554,64248.0,46318.0,69,0.20783132530120482,post_authorization
4+,shelter_expenses_by_hh_size <= 494.000 & total_deductions_by_hh_size > 235.000 & unc_rawben_rel_max <=   0.997 & utilities > 373.000,test_2024,national,578,167,276,311.0,0.34782608695652173,56.0,0.17753623188405798,147,99,1,2,27,0,18,181,73,0,135,42,0,72,199,0.532608695652174,0.2608695652173913,0.7210144927536232,58393.0,30649.0,44,0.15942028985507245,post_authorization
4+,shelter_expenses_by_hh_size <= 494.000 & total_deductions_by_hh_size > 235.000 & unc_rawben_rel_max <=   0.997 & utilities > 373.000,test_2024,deployed,28,6,6,311.0,0.6666666666666666,53.0,0.16666666666666666,3,2,0,0,1,0,0,5,1,0,4,2,0,1,5,0.5,0.16666666666666666,0.8333333333333334,1065.0,1065.0,1,0.16666666666666666,post_authorization
4+,HH_size_n >=   5.000 & rawben_rel_max <   0.837 & shelter_expenses_by_hh_size < 268.000 & total_deductions_by_hh_size >= 176.000,train_2022_23,national,147,52,80,311.0,0.25,38.0,0.25,45,32,2,1,0,0,4,58,18,0,34,18,0,21,62,0.5625,0.2625,0.775,18277.0,12372.0,14,0.175,post_authorization
4+,HH_size_n >=   5.000 & rawben_rel_max <   0.837 & shelter_expenses_by_hh_size < 268.000 & total_deductions_by_hh_size >= 176.000,test_2024,national,80,28,48,311.0,0.3958333333333333,38.0,0.1875,24,22,0,0,2,0,1,32,14,0,22,9,0,6,33,0.5,0.125,0.6875,15391.0,5253.0,3,0.0625,post_authorization
4+,HH_size_n >=   5.000 & rawben_rel_max <   0.837 & shelter_expenses_by_hh_size < 268.000 & total_deductions_by_hh_size >= 176.000,test_2024,deployed,5,1,1,312.0,1.0,44.0,1.0,1,0,0,0,0,0,0,1,0,0,0,1,0,1,1,1.0,1.0,1.0,232.0,232.0,1,1.0,insufficient
4+,months_since_cert_n >=   5.000 & rawben_rel_max <   0.613 & utilities < 303.000,train_2022_23,national,207,70,102,311.0,0.37254901960784315,52.0,0.13725490196078433,59,40,0,3,0,0,8,38,56,0,39,46,1,26,46,0.5784313725490197,0.2549019607843137,0.45098039215686275,21785.0,13254.0,13,0.12745098039215685,post_authorization
4+,months_since_cert_n >=   5.000 & rawben_rel_max <   0.613 & utilities < 303.000,test_2024,national,82,20,29,311.0,0.3793103448275862,38.0,0.1724137931034483,14,14,0,0,1,0,2,12,14,0,17,4,1,4,14,0.4827586206896552,0.13793103448275862,0.4827586206896552,6235.0,3944.0,1,0.034482758620689655,post_authorization
4+,months_since_cert_n >=   5.000 & rawben_rel_max <   0.613 & utilities < 303.000,test_2024,deployed,2,0,0,,,,,0,0,0,0,0,0,0,0,0,0,0,0,0,0,0,0.0,0.0,0.0,0.0,0.0,0,0.0,insufficient
2-3,medical_deductions > 128.000 & rawben_rel_max >   0.156 & shelter_expenses_by_hh_size > 249.000 & utilities > 434.000,train_2022_23,national,261,86,140,363.0,0.32142857142857145,53.0,0.4142857142857143,82,52,1,5,0,0,14,97,29,0,98,22,0,47,111,0.5857142857142857,0.3357142857142857,0.7928571428571428,20202.0,15044.0,37,0.2642857142857143,mixed
2-3,medical_deductions > 128.000 & rawben_rel_max >   0.156 & shelter_expenses_by_hh_size > 249.000 & utilities > 434.000,test_2024,national,167,45,65,363.0,0.3076923076923077,56.0,0.3230769230769231,43,19,0,0,3,0,5,42,16,2,46,5,0,17,47,0.6615384615384615,0.26153846153846155,0.7230769230769231,11298.0,7313.0,9,0.13846153846153847,post_authorization
2-3,medical_deductions > 128.000 & rawben_rel_max >   0.156 & shelter_expenses_by_hh_size > 249.000 & utilities > 434.000,test_2024,deployed,5,2,2,363.0,0.5,56.0,1.0,1,1,0,0,0,0,0,2,0,0,2,0,0,0,2,0.5,0.0,1.0,137.0,137.0,0,0.0,insufficient
2-3,shelter_expenses_by_hh_size < 622 & total_deductions_by_hh_size >= 466 & utilities < 612,train_2022_23,national,248,82,137,311.0,0.29927007299270075,53.0,0.2116788321167883,63,67,0,7,0,0,22,78,37,0,85,9,1,31,100,0.45985401459854014,0.22627737226277372,0.7299270072992701,27025.0,15267.0,23,0.1678832116788321,post_authorization
2-3,shelter_expenses_by_hh_size < 622 & total_deductions_by_hh_size >= 466 & utilities < 612,test_2024,national,158,44,77,311.0,0.2987012987012987,56.0,0.15584415584415584,36,31,0,2,8,0,7,50,20,0,32,14,0,22,57,0.4675324675324675,0.2857142857142857,0.7402597402597403,17721.0,6203.0,13,0.16883116883116883,post_authorization
2-3,shelter_expenses_by_hh_size < 622 & total_deductions_by_hh_size >= 466 & utilities < 612,test_2024,deployed,6,2,2,323.0,0.5,56.0,0.5,2,0,0,0,0,0,0,2,0,0,1,1,0,1,2,1.0,0.5,1.0,253.0,253.0,1,0.5,insufficient
2-3,elderly_disabled_i >   0.50 & shelter_expenses_by_hh_size <= 676.00 & unc_rawben_rel_max >   1.59,train_2022_23,national,60,32,44,331.0,0.2727272727272727,37.0,0.25,29,13,0,2,0,0,4,29,11,0,37,0,0,14,33,0.6590909090909091,0.3181818181818182,0.75,11548.0,8921.0,12,0.2727272727272727,mixed
2-3,elderly_disabled_i >   0.50 & shelter_expenses_by_hh_size <= 676.00 & unc_rawben_rel_max >   1.59,test_2024,national,20,9,20,363.0,0.25,37.0,0.25,11,6,0,1,2,0,0,8,12,0,9,1,0,6,8,0.55,0.3,0.4,8005.0,1822.0,2,0.1,post_authorization
2-3,elderly_disabled_i >   0.50 & shelter_expenses_by_hh_size <= 676.00 & unc_rawben_rel_max >   1.59,test_2024,deployed,1,0,0,,,,,0,0,0,0,0,0,0,0,0,0,0,0,0,0,0,0.0,0.0,0.0,0.0,0.0,0,0.0,insufficient
1,rawben_rel_max <=   0.994 & total_deductions_by_hh_size > 534.000 & unc_rawben_rel_max >   0.987 & utilities <= 466.000,train_2022_23,national,164,77,106,363.0,0.6792452830188679,53.0,0.6792452830188679,49,56,1,0,0,0,14,73,19,0,77,2,0,12,87,0.46226415094339623,0.11320754716981132,0.8207547169811321,16192.0,8383.0,6,0.05660377358490566,post_authorization
1,rawben_rel_max <=   0.994 & total_deductions_by_hh_size > 534.000 & unc_rawben_rel_max >   0.987 & utilities <= 466.000,test_2024,national,93,52,80,363.0,0.6375,56.0,0.375,38,40,0,2,0,0,7,47,26,0,63,0,0,10,54,0.475,0.125,0.675,13398.0,9645.0,4,0.05,post_authorization
1,rawben_rel_max <=   0.994 & total_deductions_by_hh_size > 534.000 & unc_rawben_rel_max >   0.987 & utilities <= 466.000,test_2024,deployed,11,2,3,363.0,0.6666666666666666,56.0,0.6666666666666666,2,1,0,0,0,0,0,1,2,0,1,0,0,0,1,0.6666666666666666,0.0,0.3333333333333333,244.0,82.0,0,0.0,insufficient
1,rawben_rel_max >   0.998 & shelter_expenses_by_hh_size <= 942.000 & unc_rawben_rel_max >   1.930 & utilities <= 680.000,train_2022_23,national,191,82,122,331.0,0.4672131147540984,37.0,0.2540983606557377,82,33,2,5,0,0,14,41,67,0,99,1,0,44,55,0.6721311475409836,0.36065573770491804,0.45081967213114754,19036.0,13138.0,15,0.12295081967213115,post_authorization
1,rawben_rel_max >   0.998 & shelter_expenses_by_hh_size <= 942.000 & unc_rawben_rel_max >   1.930 & utilities <= 680.000,test_2024,national,51,25,42,331.0,0.35714285714285715,37.0,0.2857142857142857,32,9,0,0,1,0,2,26,14,0,26,0,0,13,28,0.7619047619047619,0.30952380952380953,0.6666666666666666,7497.0,3389.0,8,0.19047619047619047,post_authorization
1,rawben_rel_max >   0.998 & shelter_expenses_by_hh_size <= 942.000 & unc_rawben_rel_max >   1.930 & utilities <= 680.000,test_2024,deployed,2,1,1,331.0,1.0,37.0,1.0,1,0,0,0,0,0,0,0,1,0,1,0,0,0,0,1.0,0.0,0.0,64.0,64.0,0,0.0,insufficient
4+,count_divisible_by_100 >   1.5 & HH_size_n <=   4.5 & months_since_cert_n <=  10.5 & utilities <= 588.0,train_2022_23,national,33,17,27,311.0,0.4074074074074074,53.0,0.18518518518518517,12,15,0,0,0,0,2,18,7,0,12,4,0,6,20,0.4444444444444444,0.2222222222222222,0.7407407407407407,5212.0,2003.0,5,0.18518518518518517,post_authorization
4+,count_divisible_by_100 >   1.5 & HH_size_n <=   4.5 & months_since_cert_n <=  10.5 & utilities <= 588.0,test_2024,national,16,4,4,150.0,0.25,7.0,0.25,2,2,0,0,0,0,1,2,1,0,3,1,0,0,3,0.5,0.0,0.75,1188.0,995.0,0,0.0,insufficient
4+,count_divisible_by_100 >   1.5 & HH_size_n <=   4.5 & months_since_cert_n <=  10.5 & utilities <= 588.0,test_2024,deployed,6,2,2,336.0,0.5,35.0,0.5,1,1,0,0,0,0,1,1,0,0,2,0,0,0,2,0.5,0.0,1.0,727.0,534.0,0,0.0,insufficient
4+,expedited_i >   0.500 & months_since_cert_n >   5.500 & unc_rawben_rel_max <=   0.912 & utilities <= 356.000,train_2022_23,national,33,17,29,311.0,0.3103448275862069,44.0,0.13793103448275862,18,10,1,0,0,0,3,9,17,0,13,14,0,11,12,0.6206896551724138,0.3793103448275862,0.41379310344827586,6645.0,4770.0,2,0.06896551724137931,post_authorization
4+,expedited_i >   0.500 & months_since_cert_n >   5.500 & unc_rawben_rel_max <=   0.912 & utilities <= 356.000,test_2024,national,13,1,1,350.0,1.0,111.0,1.0,1,0,0,0,0,0,0,0,1,0,0,0,0,1,0,1.0,1.0,0.0,69.0,0.0,0,0.0,insufficient
4+,expedited_i >   0.500 & months_since_cert_n >   5.500 & unc_rawben_rel_max <=   0.912 & utilities <= 356.000,test_2024,deployed,8,1,1,350.0,1.0,111.0,1.0,1,0,0,0,0,0,0,0,1,0,0,0,0,1,0,1.0,1.0,0.0,69.0,0.0,0,0.0,insufficient
4+,HH_size_n >=   5 & shelter_expenses_by_hh_size < 293 & total_deductions_by_hh_size >= 212,train_2022_23,national,115,49,86,311.0,0.2558139534883721,38.0,0.23255813953488372,51,32,1,2,0,0,3,65,18,0,37,14,0,24,68,0.5930232558139535,0.27906976744186046,0.7906976744186046,20102.0,12367.0,18,0.20930232558139536,post_authorization
4+,HH_size_n >=   5 & shelter_expenses_by_hh_size < 293 & total_deductions_by_hh_size >= 212,test_2024,national,61,23,31,311.0,0.3548387096774194,56.0,0.22580645161290322,13,16,0,0,2,0,3,22,6,0,17,2,0,7,25,0.41935483870967744,0.22580645161290322,0.8064516129032258,7760.0,3470.0,4,0.12903225806451613,post_authorization
4+,HH_size_n >=   5 & shelter_expenses_by_hh_size < 293 & total_deductions_by_hh_size >= 212,test_2024,deployed,7,2,2,311.0,0.5,35.0,0.5,0,2,0,0,0,0,0,2,0,0,2,0,0,0,2,0.0,0.0,1.0,401.0,401.0,0,0.0,insufficient
1,rawben_rel_max >=    0.236 & shelter_expenses_by_hh_size < 1680.000 & total_deductions_by_hh_size >= 1280.000 & unc_rawben_rel_max >=    2.490,train_2022_23,national,75,33,49,331.0,0.32653061224489793,35.0,0.30612244897959184,27,22,0,0,0,0,2,25,22,0,36,2,0,14,27,0.5510204081632653,0.2857142857142857,0.5510204081632653,9988.0,8007.0,6,0.12244897959183673,post_authorization
1,rawben_rel_max >=    0.236 & shelter_expenses_by_hh_size < 1680.000 & total_deductions_by_hh_size >= 1280.000 & unc_rawben_rel_max >=    2.490,test_2024,national,59,24,35,331.0,0.2857142857142857,35.0,0.34285714285714286,16,13,0,2,4,0,4,19,12,0,32,0,0,7,23,0.45714285714285713,0.2,0.6571428571428571,6808.0,5444.0,3,0.08571428571428572,post_authorization
1,rawben_rel_max >=    0.236 & shelter_expenses_by_hh_size < 1680.000 & total_deductions_by_hh_size >= 1280.000 & unc_rawben_rel_max >=    2.490,test_2024,deployed,5,3,3,331.0,0.6666666666666666,38.0,0.6666666666666666,1,1,0,0,1,0,1,2,0,0,3,0,0,0,3,0.3333333333333333,0.0,1.0,272.0,272.0,0,0.0,insufficient
4+,expedited_i > 0.500 & months_since_cert_n > 4.500 & rawben_rel_max <= 0.921 & unc_rawben_rel_max > 0.766,train_2022_23,national,52,24,36,311.0,0.2777777777777778,38.0,0.25,24,12,0,0,0,0,4,15,17,0,18,11,0,13,19,0.6666666666666666,0.3611111111111111,0.5277777777777778,8068.0,5590.0,7,0.19444444444444445,post_authorization
4+,expedited_i > 0.500 & months_since_cert_n > 4.500 & rawben_rel_max <= 0.921 & unc_rawben_rel_max > 0.766,test_2024,national,23,7,11,311.0,0.36363636363636365,35.0,0.18181818181818182,6,4,0,0,1,0,0,1,10,0,5,2,0,4,1,0.5454545454545454,0.36363636363636365,0.09090909090909091,4561.0,1780.0,0,0.0,post_authorization
4+,expedited_i > 0.500 & months_since_cert_n > 4.500 & rawben_rel_max <= 0.921 & unc_rawben_rel_max > 0.766,test_2024,deployed,3,1,2,364.0,0.5,52.0,0.5,2,0,0,0,0,0,0,0,2,0,0,2,0,2,0,1.0,1.0,0.0,242.0,144.0,0,0.0,insufficient
2-3,HH_size_n >   2.5 & medical_deductions > 131.0 & months_since_cert_n <=   7.5 & shelter_expenses_by_hh_size > 298.0,train_2022_23,national,34,17,30,363.0,0.3,53.0,0.3,19,9,0,2,0,0,2,23,5,0,14,3,0,11,25,0.6333333333333333,0.36666666666666664,0.8333333333333334,4944.0,3135.0,8,0.26666666666666666,mixed
2-3,HH_size_n >   2.5 & medical_deductions > 131.0 & months_since_cert_n <=   7.5 & shelter_expenses_by_hh_size > 298.0,test_2024,national,29,6,11,350.0,0.2727272727272727,56.0,0.2727272727272727,6,5,0,0,0,0,3,7,1,0,6,1,0,1,10,0.5454545454545454,0.09090909090909091,0.9090909090909091,2166.0,1154.0,1,0.09090909090909091,post_authorization
2-3,HH_size_n >   2.5 & medical_deductions > 131.0 & months_since_cert_n <=   7.5 & shelter_expenses_by_hh_size > 298.0,test_2024,deployed,15,1,3,363.0,0.3333333333333333,56.0,0.3333333333333333,3,0,0,0,0,0,0,3,0,0,0,0,0,0,3,1.0,0.0,1.0,462.0,154.0,0,0.0,insufficient
2-3,months_since_cert_n >=   6.000 & rawben_rel_max <   0.876 & total_deductions_by_hh_size >= 353.000 & utilities < 462.000,train_2022_23,national,214,81,153,311.0,0.30718954248366015,53.0,0.20261437908496732,57,87,0,9,0,0,32,57,64,0,106,18,0,27,89,0.37254901960784315,0.17647058823529413,0.5816993464052288,30466.0,13620.0,16,0.10457516339869281,post_authorization
2-3,months_since_cert_n >=   6.000 & rawben_rel_max <   0.876 & total_deductions_by_hh_size >= 353.000 & utilities < 462.000,test_2024,national,75,26,33,311.0,0.3939393939393939,53.0,0.24242424242424243,12,16,1,1,3,0,4,17,12,0,19,4,0,13,21,0.36363636363636365,0.3939393939393939,0.6363636363636364,6070.0,3749.0,8,0.24242424242424243,post_authorization
2-3,months_since_cert_n >=   6.000 & rawben_rel_max <   0.876 & total_deductions_by_hh_size >= 353.000 & utilities < 462.000,test_2024,deployed,23,8,9,311.0,0.6666666666666666,52.0,0.2222222222222222,2,6,0,0,1,0,0,3,6,0,2,0,0,3,3,0.2222222222222222,0.3333333333333333,0.3333333333333333,1857.0,332.0,2,0.2222222222222222,post_authorization
4+,months_since_cert_n >   4.5 & total_deductions_by_hh_size > 215.0 & utilities <= 442.0,train_2022_23,national,220,83,135,311.0,0.31851851851851853,38.0,0.22962962962962963,57,64,0,14,0,0,17,62,56,0,84,12,0,23,79,0.4222222222222222,0.17037037037037037,0.5851851851851851,33102.0,17285.0,10,0.07407407407407407,post_authorization
4+,months_since_cert_n >   4.5 & total_deductions_by_hh_size > 215.0 & utilities <= 442.0,test_2024,national,89,26,40,311.0,0.3,38.0,0.175,16,22,0,1,1,0,3,22,15,0,26,4,1,5,25,0.4,0.125,0.625,10280.0,5883.0,3,0.075,post_authorization
4+,months_since_cert_n >   4.5 & total_deductions_by_hh_size > 215.0 & utilities <= 442.0,test_2024,deployed,1,0,0,,,,,0,0,0,0,0,0,0,0,0,0,0,0,0,0,0,0.0,0.0,0.0,0.0,0.0,0,0.0,insufficient
4+,HH_size_n >=   7 & months_since_cert_n >=  11 & utilities < 612,train_2022_23,national,31,15,20,311.0,0.5,41.0,0.2,12,6,0,2,0,0,3,8,9,0,9,9,0,8,11,0.6,0.4,0.55,3365.0,2154.0,3,0.15,post_authorization
4+,HH_size_n >=   7 & months_since_cert_n >=  11 & utilities < 612,test_2024,national,12,8,15,311.0,0.26666666666666666,52.0,0.26666666666666666,8,6,0,0,1,0,0,9,6,0,6,4,0,7,9,0.5333333333333333,0.4666666666666667,0.6,3977.0,2282.0,4,0.26666666666666666,mixed
4+,HH_size_n >=   7 & months_since_cert_n >=  11 & utilities < 612,test_2024,deployed,2,1,3,150.0,0.3333333333333333,12.0,0.3333333333333333,1,1,0,0,1,0,0,0,3,0,2,1,0,0,0,0.3333333333333333,0.0,0.0,576.0,629.0,0,0.0,insufficient
2-3,count_divisible_by_100 <=   0.500 & medical_deductions > 144.000 & unc_rawben_rel_max >   0.131,train_2022_23,national,279,96,163,365.0,0.3558282208588957,53.0,0.44171779141104295,97,62,0,4,0,0,25,103,35,0,104,21,0,48,128,0.5950920245398773,0.294478527607362,0.7852760736196319,22762.0,14217.0,33,0.20245398773006135,post_authorization
2-3,count_divisible_by_100 <=   0.500 & medical_deductions > 144.000 & unc_rawben_rel_max >   0.131,test_2024,national,157,47,66,365.0,0.3333333333333333,56.0,0.22727272727272727,42,17,1,1,5,0,8,35,22,1,38,5,0,21,43,0.6363636363636364,0.3181818181818182,0.6515151515151515,11651.0,5552.0,9,0.13636363636363635,post_authorization
2-3,count_divisible_by_100 <=   0.500 & medical_deductions > 144.000 & unc_rawben_rel_max >   0.131,test_2024,deployed,6,1,1,365.0,1.0,52.0,1.0,1,0,0,0,0,0,1,0,0,0,0,1,0,1,1,1.0,1.0,1.0,88.0,88.0,1,1.0,insufficient
2-3,months_since_cert_n >=   2.0 & total_deductions_by_hh_size >= 341.0 & unc_rawben_rel_max >=   1.5,train_2022_23,national,156,67,85,311.0,0.24705882352941178,38.0,0.27058823529411763,48,33,0,4,0,0,9,43,33,0,67,2,0,26,52,0.5647058823529412,0.3058823529411765,0.611764705882353,21254.0,19026.0,18,0.21176470588235294,post_authorization
2-3,months_since_cert_n >=   2.0 & total_deductions_by_hh_size >= 341.0 & unc_rawben_rel_max >=   1.5,test_2024,national,97,30,50,331.0,0.18,37.0,0.22,22,21,0,1,6,0,3,27,20,0,31,2,0,10,30,0.44,0.2,0.6,18050.0,9087.0,4,0.08,post_authorization
2-3,months_since_cert_n >=   2.0 & total_deductions_by_hh_size >= 341.0 & unc_rawben_rel_max >=   1.5,test_2024,deployed,4,1,3,363.0,0.3333333333333333,52.0,0.3333333333333333,1,2,0,0,0,0,0,3,0,0,0,0,0,0,3,0.3333333333333333,0.0,1.0,354.0,0.0,0,0.0,insufficient
2-3,HH_size_n >=   3 & shelter_expenses_by_hh_size < 655 & total_deductions_by_hh_size >= 466,train_2022_23,national,114,48,85,311.0,0.24705882352941178,53.0,0.25882352941176473,42,40,0,3,0,0,7,57,21,0,48,5,0,14,64,0.49411764705882355,0.16470588235294117,0.7529411764705882,17470.0,8886.0,10,0.11764705882352941,post_authorization
2-3,HH_size_n >=   3 & shelter_expenses_by_hh_size < 655 & total_deductions_by_hh_size >= 466,test_2024,national,75,21,37,311.0,0.32432432432432434,52.0,0.16216216216216217,21,12,1,1,2,0,3,26,8,0,14,16,0,9,29,0.5675675675675675,0.24324324324324326,0.7837837837837838,11374.0,4796.0,9,0.24324324324324326,post_authorization
2-3,HH_size_n >=   3 & shelter_expenses_by_hh_size < 655 & total_deductions_by_hh_size >= 466,test_2024,deployed,7,1,1,311.0,1.0,38.0,1.0,1,0,0,0,0,0,0,1,0,0,0,0,0,0,1,1.0,0.0,1.0,65.0,0.0,0,0.0,insufficient
2-3,cat_elig > 0.500 & percent_abawd > 0.125 & unc_rawben_rel_max > 0.673 & unc_rawben_rel_max <= 0.710,train_2022_23,national,45,21,34,311.0,0.2647058823529412,7.0,0.20588235294117646,15,18,0,1,0,0,7,24,3,0,20,8,0,4,31,0.4411764705882353,0.11764705882352941,0.9117647058823529,5082.0,3045.0,4,0.11764705882352941,post_authorization
2-3,cat_elig > 0.500 & percent_abawd > 0.125 & unc_rawben_rel_max > 0.673 & unc_rawben_rel_max <= 0.710,test_2024,national,18,4,7,346.0,0.14285714285714285,35.0,0.2857142857142857,4,2,0,0,1,0,3,4,0,0,4,2,0,0,7,0.5714285714285714,0.0,1.0,1458.0,1312.0,0,0.0,post_authorization
2-3,cat_elig > 0.500 & percent_abawd > 0.125 & unc_rawben_rel_max > 0.673 & unc_rawben_rel_max <= 0.710,test_2024,deployed,4,1,1,311.0,1.0,44.0,1.0,0,0,0,0,1,0,0,1,0,0,0,1,0,0,1,0.0,0.0,1.0,85.0,85.0,0,0.0,insufficient
4+,count_divisible_by_100 > 1.5 & months_since_cert_n > 5.5,train_2022_23,national,37,17,27,311.0,0.4444444444444444,38.0,0.14814814814814814,14,12,0,1,0,0,2,17,8,0,16,8,0,5,19,0.5185185185185185,0.18518518518518517,0.7037037037037037,7613.0,4455.0,3,0.1111111111111111,post_authorization
4+,count_divisible_by_100 > 1.5 & months_since_cert_n > 5.5,test_2024,national,20,8,16,312.0,0.25,35.0,0.25,7,7,0,0,2,0,1,6,7,0,6,4,0,3,7,0.4375,0.1875,0.4375,3343.0,1697.0,3,0.1875,post_authorization
4+,count_divisible_by_100 > 1.5 & months_since_cert_n > 5.5,test_2024,deployed,1,1,3,363.0,0.3333333333333333,52.0,0.6666666666666666,3,0,0,0,0,0,0,3,0,0,0,0,0,3,3,1.0,1.0,1.0,228.0,0.0,3,1.0,insufficient
4+,months_since_cert_n >= 10.000 & rawben_rel_max >=  0.683 & rawben_rel_max <  0.820,train_2022_23,national,221,78,127,311.0,0.33070866141732286,38.0,0.18110236220472442,73,49,0,5,0,0,11,55,61,0,58,37,0,37,66,0.5748031496062992,0.29133858267716534,0.5196850393700787,27284.0,16331.0,20,0.15748031496062992,post_authorization
4+,months_since_cert_n >= 10.000 & rawben_rel_max >=  0.683 & rawben_rel_max <  0.820,test_2024,national,72,25,45,311.0,0.3333333333333333,35.0,0.17777777777777778,24,16,1,1,3,0,3,15,27,0,26,5,0,11,18,0.5333333333333333,0.24444444444444444,0.4,11118.0,6307.0,1,0.022222222222222223,post_authorization
4+,months_since_cert_n >= 10.000 & rawben_rel_max >=  0.683 & rawben_rel_max <  0.820,test_2024,deployed,4,1,1,311.0,1.0,35.0,1.0,0,1,0,0,0,0,0,1,0,0,0,0,0,1,1,0.0,1.0,1.0,568.0,0.0,0,0.0,insufficient
2-3,HH_size_n >   2.500 & rawben_rel_max >   0.457 & shelter_expenses_by_hh_size > 456.000 & total_deductions_by_hh_size > 387.000,train_2022_23,national,154,56,83,311.0,0.21686746987951808,53.0,0.2289156626506024,43,38,0,2,0,0,10,50,23,0,48,13,0,15,60,0.5180722891566265,0.18072289156626506,0.7228915662650602,17659.0,12119.0,12,0.14457831325301204,post_authorization
2-3,HH_size_n >   2.500 & rawben_rel_max >   0.457 & shelter_expenses_by_hh_size > 456.000 & total_deductions_by_hh_size > 387.000,test_2024,national,143,33,50,311.0,0.34,38.0,0.2,22,24,0,3,1,0,8,28,14,0,25,12,0,5,36,0.44,0.1,0.72,14031.0,5550.0,4,0.08,post_authorization
2-3,HH_size_n >   2.500 & rawben_rel_max >   0.457 & shelter_expenses_by_hh_size > 456.000 & total_deductions_by_hh_size > 387.000,test_2024,deployed,3,0,0,,,,,0,0,0,0,0,0,0,0,0,0,0,0,0,0,0,0.0,0.0,0.0,0.0,0.0,0,0.0,insufficient
4+,count_divisible_by_100 > 0.500 & months_since_cert_n > 5.500 & rawben_rel_max <= 0.947,train_2022_23,national,211,74,123,311.0,0.2845528455284553,35.0,0.16260162601626016,66,52,1,4,0,0,8,74,41,0,65,29,2,36,82,0.5365853658536586,0.2926829268292683,0.6666666666666666,27007.0,18263.0,19,0.15447154471544716,post_authorization
4+,count_divisible_by_100 > 0.500 & months_since_cert_n > 5.500 & rawben_rel_max <= 0.947,test_2024,national,77,23,35,311.0,0.2857142857142857,35.0,0.2857142857142857,14,19,0,0,2,0,4,18,11,0,19,6,0,6,22,0.4,0.17142857142857143,0.6285714285714286,7389.0,5093.0,5,0.14285714285714285,post_authorization
4+,count_divisible_by_100 > 0.500 & months_since_cert_n > 5.500 & rawben_rel_max <= 0.947,test_2024,deployed,7,2,4,363.0,0.5,52.0,0.5,3,1,0,0,0,0,0,4,0,0,0,0,0,3,4,0.75,0.75,1.0,285.0,57.0,3,0.75,insufficient
4+,months_since_cert_n >= 9.000 & rawben_rel_max < 0.822 & unc_rawben_rel_max >= 0.725,train_2022_23,national,213,74,119,311.0,0.2857142857142857,38.0,0.16806722689075632,69,46,0,4,0,0,14,52,53,0,53,40,0,33,66,0.5798319327731093,0.2773109243697479,0.5546218487394958,27289.0,15627.0,19,0.15966386554621848,post_authorization
4+,months_since_cert_n >= 9.000 & rawben_rel_max < 0.822 & unc_rawben_rel_max >= 0.725,test_2024,national,89,31,48,311.0,0.3541666666666667,35.0,0.16666666666666666,20,22,1,1,4,0,4,18,26,0,28,6,0,10,22,0.4166666666666667,0.20833333333333334,0.4583333333333333,12919.0,7930.0,2,0.041666666666666664,post_authorization
4+,months_since_cert_n >= 9.000 & rawben_rel_max < 0.822 & unc_rawben_rel_max >= 0.725,test_2024,deployed,4,1,1,363.0,1.0,52.0,1.0,1,0,0,0,0,0,0,1,0,0,0,0,0,1,1,1.0,1.0,1.0,201.0,0.0,1,1.0,insufficient
4+,months_since_cert_n >=   8.000 & rawben_rel_max <   0.988 & total_deductions_by_hh_size >=  87.300 & utilities < 283.000,train_2022_23,national,85,33,59,311.0,0.3559322033898305,38.0,0.2033898305084746,31,23,0,5,0,0,1,27,31,0,31,12,0,14,28,0.5254237288135594,0.23728813559322035,0.4745762711864407,16174.0,7955.0,6,0.1016949152542373,post_authorization
4+,months_since_cert_n >=   8.000 & rawben_rel_max <   0.988 & total_deductions_by_hh_size >=  87.300 & utilities < 283.000,test_2024,national,40,12,25,311.0,0.28,52.0,0.16,16,8,1,0,0,0,2,8,15,0,12,11,0,9,10,0.64,0.36,0.4,3816.0,2570.0,3,0.12,post_authorization
4+,months_since_cert_n >=   8.000 & rawben_rel_max <   0.988 & total_deductions_by_hh_size >=  87.300 & utilities < 283.000,test_2024,deployed,3,0,0,,,,,0,0,0,0,0,0,0,0,0,0,0,0,0,0,0,0.0,0.0,0.0,0.0,0.0,0,0.0,insufficient
4+,HH_size_n >= 6.000 & months_since_cert_n >= 6.000 & rawben_rel_max >= 0.391 & rawben_rel_max < 0.920,train_2022_23,national,417,136,208,311.0,0.34615384615384615,38.0,0.15865384615384615,137,62,0,9,0,0,15,107,86,0,102,60,0,69,122,0.6586538461538461,0.3317307692307692,0.5865384615384616,46191.0,26068.0,36,0.17307692307692307,post_authorization
4+,HH_size_n >= 6.000 & months_since_cert_n >= 6.000 & rawben_rel_max >= 0.391 & rawben_rel_max < 0.920,test_2024,national,203,66,101,311.0,0.38613861386138615,38.0,0.19801980198019803,46,46,0,1,7,1,8,42,47,1,50,28,0,26,50,0.45544554455445546,0.25742574257425743,0.49504950495049505,25333.0,17818.0,13,0.12871287128712872,post_authorization
4+,HH_size_n >= 6.000 & months_since_cert_n >= 6.000 & rawben_rel_max >= 0.391 & rawben_rel_max < 0.920,test_2024,deployed,21,7,11,363.0,0.2727272727272727,52.0,0.36363636363636365,8,3,0,0,0,0,1,7,3,0,1,3,0,7,8,0.7272727272727273,0.6363636363636364,0.7272727272727273,2314.0,478.0,4,0.36363636363636365,mixed
4+,months_since_cert_n >=   3 & shelter_expenses_by_hh_size >= 137 & total_deductions_by_hh_size >= 217 & utilities < 471,train_2022_23,national,401,131,205,311.0,0.3463414634146341,38.0,0.2048780487804878,96,95,0,14,0,0,18,115,72,0,103,34,0,40,133,0.4682926829268293,0.1951219512195122,0.6487804878048781,45608.0,24497.0,25,0.12195121951219512,post_authorization
4+,months_since_cert_n >=   3 & shelter_expenses_by_hh_size >= 137 & total_deductions_by_hh_size >= 217 & utilities < 471,test_2024,national,200,65,100,311.0,0.34,38.0,0.17,43,53,1,1,2,0,8,60,32,0,53,11,2,17,68,0.43,0.17,0.68,26435.0,13292.0,10,0.1,post_authorization
4+,months_since_cert_n >=   3 & shelter_expenses_by_hh_size >= 137 & total_deductions_by_hh_size >= 217 & utilities < 471,test_2024,deployed,11,4,5,311.0,0.4,38.0,0.4,4,1,0,0,0,0,0,3,2,0,0,2,0,4,3,0.8,0.8,0.6,917.0,0.0,2,0.4,mixed
4+,married > 0.500 & months_since_cert_n > 5.500 & rawben_rel_max <= 0.990 & unc_rawben_rel_max > 0.508,train_2022_23,national,588,186,293,311.0,0.33447098976109213,38.0,0.20477815699658702,190,99,1,3,0,0,19,150,124,0,144,84,0,81,169,0.6484641638225256,0.2764505119453925,0.5767918088737202,64210.0,36871.0,41,0.13993174061433447,post_authorization
4+,married > 0.500 & months_since_cert_n > 5.500 & rawben_rel_max <= 0.990 & unc_rawben_rel_max > 0.508,test_2024,national,266,84,133,311.0,0.3383458646616541,38.0,0.18045112781954886,74,48,0,2,8,1,10,59,60,1,66,42,0,41,69,0.556390977443609,0.3082706766917293,0.518796992481203,33331.0,17941.0,19,0.14285714285714285,post_authorization
4+,married > 0.500 & months_since_cert_n > 5.500 & rawben_rel_max <= 0.990 & unc_rawben_rel_max > 0.508,test_2024,deployed,19,6,8,312.0,0.375,52.0,0.375,5,3,0,0,0,0,1,7,0,0,0,1,0,6,8,0.625,0.75,1.0,1916.0,0.0,5,0.625,pre_authorization
4+,months_since_cert_n >   5.500 & shelter_expenses_by_hh_size > 197.000 & unc_rawben_rel_max >   0.405 & unc_rawben_rel_max <=   0.998,train_2022_23,national,1057,322,503,311.0,0.3121272365805169,38.0,0.18687872763419483,279,205,1,16,0,2,33,255,213,0,268,128,2,123,288,0.5546719681908548,0.24453280318091453,0.5725646123260437,102554.0,65755.0,67,0.13320079522862824,post_authorization
4+,months_since_cert_n >   5.500 & shelter_expenses_by_hh_size > 197.000 & unc_rawben_rel_max >   0.405 & unc_rawben_rel_max <=   0.998,test_2024,national,571,184,292,311.0,0.3287671232876712,38.0,0.17123287671232876,140,129,2,4,17,0,14,126,148,1,165,63,0,66,140,0.4794520547945205,0.22602739726027396,0.4794520547945205,69737.0,41419.0,27,0.09246575342465753,post_authorization
4+,months_since_cert_n >   5.500 & shelter_expenses_by_hh_size > 197.000 & unc_rawben_rel_max >   0.405 & unc_rawben_rel_max <=   0.998,test_2024,deployed,48,11,17,311.0,0.35294117647058826,38.0,0.23529411764705882,9,8,0,0,0,0,0,10,7,0,5,4,0,6,10,0.5294117647058824,0.35294117647058826,0.5882352941176471,3088.0,1307.0,4,0.23529411764705882,post_authorization
4+,cat_elig > 0.500 & HH_size_n > 5.500 & married <= 0.500 & unc_rawben_rel_max <= 0.962,train_2022_23,national,640,199,315,311.0,0.30793650793650795,38.0,0.15873015873015872,196,109,1,9,0,0,23,214,78,0,143,68,0,93,237,0.6222222222222222,0.29523809523809524,0.7523809523809524,71375.0,39251.0,63,0.2,post_authorization
4+,cat_elig > 0.500 & HH_size_n > 5.500 & married <= 0.500 & unc_rawben_rel_max <= 0.962,test_2024,national,331,113,179,311.0,0.33519553072625696,35.0,0.1564245810055866,93,76,0,2,8,0,6,119,54,0,79,47,1,45,125,0.5195530726256983,0.25139664804469275,0.6983240223463687,47634.0,28142.0,26,0.1452513966480447,post_authorization
4+,cat_elig > 0.500 & HH_size_n > 5.500 & married <= 0.500 & unc_rawben_rel_max <= 0.962,test_2024,deployed,8,2,2,311.0,1.0,35.0,1.0,0,2,0,0,0,0,0,2,0,0,0,0,0,1,2,0.0,0.5,1.0,777.0,0.0,0,0.0,insufficient
4+,HH_size_n > 4.500 & months_since_cert_n > 5.500 & rawben_rel_max <= 0.998 & unc_rawben_rel_max > 0.502,train_2022_23,national,884,269,433,311.0,0.3140877598152425,38.0,0.18475750577367206,261,159,1,12,0,0,33,224,176,0,228,105,0,132,257,0.6027713625866051,0.30484988452655887,0.5935334872979214,94730.0,51224.0,70,0.16166281755196305,post_authorization
4+,HH_size_n > 4.500 & months_since_cert_n > 5.500 & rawben_rel_max <= 0.998 & unc_rawben_rel_max > 0.502,test_2024,national,394,126,200,311.0,0.335,38.0,0.17,103,83,0,2,11,1,13,85,98,1,106,47,0,59,98,0.515,0.295,0.49,55577.0,30878.0,22,0.11,post_authorization
4+,HH_size_n > 4.500 & months_since_cert_n > 5.500 & rawben_rel_max <= 0.998 & unc_rawben_rel_max > 0.502,test_2024,deployed,31,13,20,311.0,0.35,52.0,0.25,15,5,0,0,0,0,1,14,5,0,3,6,0,12,15,0.75,0.6,0.75,4133.0,707.0,7,0.35,mixed
4+,months_since_cert_n >= 6.000 & rawben_rel_max >= 0.798 & rawben_rel_max < 0.938 & total_deductions_by_hh_size >= 9.200,train_2022_23,national,464,147,221,311.0,0.31221719457013575,38.0,0.1583710407239819,126,84,1,10,0,0,27,99,95,0,119,57,0,74,126,0.5701357466063348,0.334841628959276,0.5701357466063348,49271.0,27312.0,27,0.12217194570135746,post_authorization
4+,months_since_cert_n >= 6.000 & rawben_rel_max >= 0.798 & rawben_rel_max < 0.938 & total_deductions_by_hh_size >= 9.200,test_2024,national,200,65,103,311.0,0.3300970873786408,38.0,0.1553398058252427,61,33,0,0,8,1,6,45,48,0,43,33,0,29,51,0.5922330097087378,0.2815533980582524,0.49514563106796117,28389.0,14011.0,9,0.08737864077669903,post_authorization
4+,months_since_cert_n >= 6.000 & rawben_rel_max >= 0.798 & rawben_rel_max < 0.938 & total_deductions_by_hh_size >= 9.200,test_2024,deployed,8,2,4,363.0,0.25,52.0,0.5,3,1,0,0,0,0,1,3,0,0,0,0,0,3,4,0.75,0.75,1.0,1062.0,0.0,3,0.75,insufficient
4+,cat_elig >   0.500 & HH_size_n >   4.500 & rawben_rel_max <=   0.976 & shelter_expenses_by_hh_size > 251.000,train_2022_23,national,1048,315,495,311.0,0.3151515151515151,38.0,0.1898989898989899,307,169,1,17,0,1,39,316,139,0,212,125,0,143,355,0.6202020202020202,0.28888888888888886,0.7171717171717171,105132.0,72628.0,101,0.20404040404040405,post_authorization
4+,cat_elig >   0.500 & HH_size_n >   4.500 & rawben_rel_max <=   0.976 & shelter_expenses_by_hh_size > 251.000,test_2024,national,736,217,331,311.0,0.39274924471299094,38.0,0.21148036253776434,165,133,1,4,28,0,14,208,101,1,170,61,1,81,222,0.4984894259818731,0.24471299093655588,0.6706948640483383,88840.0,51110.0,44,0.13293051359516617,post_authorization
4+,cat_elig >   0.500 & HH_size_n >   4.500 & rawben_rel_max <=   0.976 & shelter_expenses_by_hh_size > 251.000,test_2024,deployed,8,7,8,311.0,0.5,38.0,0.375,4,3,0,0,1,0,0,6,2,0,0,2,0,5,6,0.5,0.625,0.75,1371.0,0.0,2,0.25,mixed
4+,months_since_cert_n >   5.500 & rawben_rel_max >   0.476 & shelter_expenses_by_hh_size > 160.000 & unc_rawben_rel_max <=   0.997,train_2022_23,national,1150,344,541,311.0,0.3068391866913124,38.0,0.18853974121996303,309,212,1,17,0,2,42,269,228,0,286,134,0,145,311,0.5711645101663586,0.2680221811460259,0.5748613678373382,111708.0,65064.0,76,0.14048059149722736,post_authorization
4+,months_since_cert_n >   5.500 & rawben_rel_max >   0.476 & shelter_expenses_by_hh_size > 160.000 & unc_rawben_rel_max <=   0.997,test_2024,national,572,183,295,311.0,0.3016949152542373,38.0,0.16610169491525423,148,122,2,3,20,0,14,126,151,1,162,65,0,70,140,0.5016949152542373,0.23728813559322035,0.4745762711864407,69307.0,39915.0,27,0.09152542372881356,post_authorization
4+,months_since_cert_n >   5.500 & rawben_rel_max >   0.476 & shelter_expenses_by_hh_size > 160.000 & unc_rawben_rel_max <=   0.997,test_2024,deployed,20,5,6,311.0,0.5,38.0,0.3333333333333333,3,3,0,0,0,0,0,5,1,0,0,1,0,3,5,0.5,0.5,0.8333333333333334,1170.0,0.0,2,0.3333333333333333,mixed
1,cat_elig >=   1 & medical_deductions >= 227 & shelter_expenses_by_hh_size >= 387 & utilities < 456,train_2022_23,national,109,40,55,365.0,0.6181818181818182,53.0,0.6727272727272727,35,14,3,3,0,0,15,33,7,0,42,4,0,13,48,0.6363636363636364,0.23636363636363636,0.8727272727272727,7691.0,5504.0,8,0.14545454545454545,post_authorization
1,cat_elig >=   1 & medical_deductions >= 227 & shelter_expenses_by_hh_size >= 387 & utilities < 456,test_2024,national,53,13,21,365.0,0.5714285714285714,53.0,0.47619047619047616,16,3,0,2,0,0,0,18,3,0,13,0,0,8,18,0.7619047619047619,0.38095238095238093,0.8571428571428571,3344.0,1769.0,6,0.2857142857142857,mixed
1,cat_elig >=   1 & medical_deductions >= 227 & shelter_expenses_by_hh_size >= 387 & utilities < 456,test_2024,deployed,4,0,0,,,,,0,0,0,0,0,0,0,0,0,0,0,0,0,0,0,0.0,0.0,0.0,0.0,0.0,0,0.0,insufficient
4+,cat_elig > 0.500 & HH_size_n > 5.500 & rawben_rel_max <= 0.962 & unc_rawben_rel_max > 0.508,train_2022_23,national,925,278,426,311.0,0.3075117370892019,38.0,0.1784037558685446,268,140,1,17,0,0,44,274,108,0,201,107,0,128,318,0.6291079812206573,0.3004694835680751,0.7464788732394366,103262.0,61138.0,81,0.19014084507042253,post_authorization
4+,cat_elig > 0.500 & HH_size_n > 5.500 & rawben_rel_max <= 0.962 & unc_rawben_rel_max > 0.508,test_2024,national,507,156,239,311.0,0.30962343096234307,38.0,0.1589958158995816,122,94,2,4,17,0,18,149,69,1,110,76,0,68,167,0.5104602510460251,0.28451882845188287,0.698744769874477,59083.0,33686.0,36,0.1506276150627615,post_authorization
4+,cat_elig > 0.500 & HH_size_n > 5.500 & rawben_rel_max <= 0.962 & unc_rawben_rel_max > 0.508,test_2024,deployed,17,6,8,311.0,0.375,52.0,0.375,5,3,0,0,0,0,1,7,0,0,0,0,0,5,8,0.625,0.625,1.0,2251.0,0.0,4,0.5,pre_authorization
4+,months_since_cert_n >=   4.000 & rawben_rel_max <   0.996 & shelter_expenses_by_hh_size >= 324.000 & utilities < 456.000,train_2022_23,national,239,79,121,311.0,0.33884297520661155,38.0,0.2231404958677686,57,57,0,7,0,0,11,58,52,0,62,23,0,30,69,0.47107438016528924,0.24793388429752067,0.5702479338842975,27883.0,14722.0,15,0.12396694214876033,post_authorization
4+,months_since_cert_n >=   4.000 & rawben_rel_max <   0.996 & shelter_expenses_by_hh_size >= 324.000 & utilities < 456.000,test_2024,national,125,38,63,363.0,0.23809523809523808,56.0,0.15873015873015872,27,34,1,0,1,0,5,40,18,0,29,17,2,12,45,0.42857142857142855,0.19047619047619047,0.7142857142857143,15708.0,7074.0,9,0.14285714285714285,post_authorization
4+,months_since_cert_n >=   4.000 & rawben_rel_max <   0.996 & shelter_expenses_by_hh_size >= 324.000 & utilities < 456.000,test_2024,deployed,11,3,4,311.0,0.25,38.0,0.25,4,0,0,0,0,0,0,2,2,0,0,2,0,3,2,1.0,0.75,0.5,602.0,0.0,2,0.5,insufficient
4+,months_since_cert_n > 5.500 & rawben_rel_max <= 0.997 & total_deductions_by_hh_size > 9.060 & unc_rawben_rel_max > 0.422,train_2022_23,national,1806,519,808,311.0,0.3415841584158416,38.0,0.17574257425742573,462,312,2,30,0,2,66,392,348,0,414,212,2,221,458,0.5717821782178217,0.27351485148514854,0.5668316831683168,174978.0,105838.0,110,0.13613861386138615,post_authorization
4+,months_since_cert_n > 5.500 & rawben_rel_max <= 0.997 & total_deductions_by_hh_size > 9.060 & unc_rawben_rel_max > 0.422,test_2024,national,814,247,401,311.0,0.32418952618453867,38.0,0.15211970074812967,202,167,2,5,24,1,27,171,197,1,215,92,0,100,198,0.5037406483790524,0.24937655860349128,0.4937655860349127,98838.0,57135.0,43,0.10723192019950124,post_authorization
4+,months_since_cert_n > 5.500 & rawben_rel_max <= 0.997 & total_deductions_by_hh_size > 9.060 & unc_rawben_rel_max > 0.422,test_2024,deployed,30,9,12,311.0,0.3333333333333333,52.0,0.3333333333333333,8,4,0,0,0,0,1,10,1,0,0,1,0,8,11,0.6666666666666666,0.6666666666666666,0.9166666666666666,2664.0,0.0,7,0.5833333333333334,pre_authorization
4+,months_since_cert_n >  12.5 & total_deductions_by_hh_size > 231.0,train_2022_23,national,32,19,42,311.0,0.3333333333333333,99.0,0.16666666666666666,17,17,0,8,0,0,9,16,17,0,25,7,2,7,25,0.40476190476190477,0.16666666666666666,0.5952380952380952,12777.0,10926.0,4,0.09523809523809523,post_authorization
4+,months_since_cert_n >  12.5 & total_deductions_by_hh_size > 231.0,test_2024,national,10,3,7,363.0,0.42857142857142855,56.0,0.2857142857142857,6,1,0,0,0,0,1,1,5,0,7,0,0,2,2,0.8571428571428571,0.2857142857142857,0.2857142857142857,1408.0,305.0,1,0.14285714285714285,post_authorization
4+,months_since_cert_n >  12.5 & total_deductions_by_hh_size > 231.0,test_2024,deployed,7,2,6,363.0,0.5,54.0,0.3333333333333333,5,1,0,0,0,0,1,0,5,0,6,0,0,2,1,0.8333333333333334,0.3333333333333333,0.16666666666666666,1262.0,159.0,1,0.16666666666666666,post_authorization
2-3,medical_deductions >= 175.000 & rawben_rel_max >=   0.806 & shelter_expenses_by_hh_size < 797.000 & total_deductions_by_hh_size >=  75.000,train_2022_23,national,30,17,32,365.0,0.46875,53.0,0.5625,25,5,0,2,0,0,5,20,7,0,27,1,0,14,25,0.78125,0.4375,0.78125,6986.0,4026.0,10,0.3125,mixed
2-3,medical_deductions >= 175.000 & rawben_rel_max >=   0.806 & shelter_expenses_by_hh_size < 797.000 & total_deductions_by_hh_size >=  75.000,test_2024,national,11,4,5,365.0,0.8,53.0,0.4,3,1,1,0,0,0,2,1,2,0,4,1,0,4,3,0.6,0.8,0.6,1406.0,275.0,1,0.2,post_authorization
2-3,medical_deductions >= 175.000 & rawben_rel_max >=   0.806 & shelter_expenses_by_hh_size < 797.000 & total_deductions_by_hh_size >=  75.000,test_2024,deployed,1,0,0,,,,,0,0,0,0,0,0,0,0,0,0,0,0,0,0,0,0.0,0.0,0.0,0.0,0.0,0,0.0,insufficient
4+,months_since_cert_n >   5.5 & total_deductions_by_hh_size > 215.0 & utilities <= 442.0,train_2022_23,national,149,66,117,311.0,0.3076923076923077,38.0,0.21367521367521367,49,55,0,13,0,0,12,53,52,0,71,10,0,20,65,0.4188034188034188,0.17094017094017094,0.5555555555555556,30221.0,14964.0,9,0.07692307692307693,post_authorization
4+,months_since_cert_n >   5.5 & total_deductions_by_hh_size > 215.0 & utilities <= 442.0,test_2024,national,51,15,28,311.0,0.32142857142857145,38.0,0.21428571428571427,12,15,0,0,1,0,1,15,12,0,20,1,0,2,16,0.42857142857142855,0.07142857142857142,0.5714285714285714,7715.0,3768.0,1,0.03571428571428571,post_authorization
4+,months_since_cert_n >   5.5 & total_deductions_by_hh_size > 215.0 & utilities <= 442.0,test_2024,deployed,27,8,17,311.0,0.29411764705882354,38.0,0.23529411764705882,7,9,0,0,1,0,1,10,6,0,12,0,0,1,11,0.4117647058823529,0.058823529411764705,0.6470588235294118,4223.0,739.0,1,0.058823529411764705,post_authorization
1,months_since_cert_n >   5.5 & shelter_expenses_by_hh_size > 408.0 & total_deductions_by_hh_size > 647.0 & utilities <=  28.5,train_2022_23,national,80,38,73,363.0,0.3287671232876712,53.0,0.5342465753424658,39,30,0,4,0,0,8,37,28,0,56,1,0,11,45,0.5342465753424658,0.1506849315068493,0.6164383561643836,12526.0,7551.0,4,0.0547945205479452,post_authorization
1,months_since_cert_n >   5.5 & shelter_expenses_by_hh_size > 408.0 & total_deductions_by_hh_size > 647.0 & utilities <=  28.5,test_2024,national,64,31,54,363.0,0.37037037037037035,53.0,0.35185185185185186,19,33,0,2,0,0,3,24,27,0,53,0,0,11,27,0.35185185185185186,0.2037037037037037,0.5,10778.0,9294.0,4,0.07407407407407407,post_authorization
1,months_since_cert_n >   5.5 & shelter_expenses_by_hh_size > 408.0 & total_deductions_by_hh_size > 647.0 & utilities <=  28.5,test_2024,deployed,2,0,0,,,,,0,0,0,0,0,0,0,0,0,0,0,0,0,0,0,0.0,0.0,0.0,0.0,0.0,0,0.0,insufficient
2-3,elderly_disabled_i >=   1.000 & medical_deductions >= 500.000 & rawben_rel_max >=   0.234 & unc_rawben_rel_max >=   0.198,train_2022_23,national,38,20,37,365.0,0.5135135135135135,53.0,0.5135135135135135,26,11,0,0,0,0,6,25,6,0,32,0,0,13,31,0.7027027027027027,0.35135135135135137,0.8378378378378378,7173.0,4288.0,10,0.2702702702702703,mixed
2-3,elderly_disabled_i >=   1.000 & medical_deductions >= 500.000 & rawben_rel_max >=   0.234 & unc_rawben_rel_max >=   0.198,test_2024,national,17,7,8,365.0,0.75,56.0,0.375,6,1,0,0,1,0,1,5,2,0,6,2,0,5,6,0.75,0.625,0.75,1870.0,739.0,2,0.25,mixed
2-3,elderly_disabled_i >=   1.000 & medical_deductions >= 500.000 & rawben_rel_max >=   0.234 & unc_rawben_rel_max >=   0.198,test_2024,deployed,1,0,0,,,,,0,0,0,0,0,0,0,0,0,0,0,0,0,0,0,0.0,0.0,0.0,0.0,0.0,0,0.0,insufficient
1,months_since_cert_n >=   7.00 & shelter_expenses_by_hh_size >= 462.00 & unc_rawben_rel_max >=   1.67 & utilities < 462.00,train_2022_23,national,287,110,195,311.0,0.24102564102564103,35.0,0.16923076923076924,100,85,3,7,0,0,20,51,124,0,169,1,0,36,71,0.5128205128205128,0.18461538461538463,0.3641025641025641,37179.0,23686.0,15,0.07692307692307693,post_authorization
1,months_since_cert_n >=   7.00 & shelter_expenses_by_hh_size >= 462.00 & unc_rawben_rel_max >=   1.67 & utilities < 462.00,test_2024,national,96,43,62,331.0,0.25806451612903225,35.0,0.3225806451612903,30,29,1,1,1,0,6,20,35,0,49,0,0,16,26,0.4838709677419355,0.25806451612903225,0.41935483870967744,12668.0,8571.0,7,0.11290322580645161,post_authorization
1,months_since_cert_n >=   7.00 & shelter_expenses_by_hh_size >= 462.00 & unc_rawben_rel_max >=   1.67 & utilities < 462.00,test_2024,deployed,15,6,9,311.0,0.2222222222222222,35.0,0.3333333333333333,4,4,0,0,1,0,1,1,6,0,4,0,0,2,2,0.4444444444444444,0.2222222222222222,0.2222222222222222,2041.0,395.0,0,0.0,post_authorization
2-3,medical_deductions > 140.00 & rawben_rel_max >   0.64 & shelter_expenses_by_hh_size <= 417.00,train_2022_23,national,30,15,31,365.0,0.41935483870967744,53.0,0.5483870967741935,19,11,0,1,0,0,5,20,6,0,20,1,0,10,25,0.6129032258064516,0.3225806451612903,0.8064516129032258,5364.0,2717.0,6,0.1935483870967742,post_authorization
2-3,medical_deductions > 140.00 & rawben_rel_max >   0.64 & shelter_expenses_by_hh_size <= 417.00,test_2024,national,19,4,5,365.0,0.6,53.0,0.4,3,0,0,1,1,0,0,2,3,0,2,1,0,1,2,0.6,0.2,0.4,1274.0,250.0,0,0.0,post_authorization
2-3,medical_deductions > 140.00 & rawben_rel_max >   0.64 & shelter_expenses_by_hh_size <= 417.00,test_2024,deployed,5,1,2,365.0,0.5,56.0,0.5,1,0,0,1,0,0,0,0,2,0,0,0,0,0,0,0.5,0.0,0.0,1024.0,0.0,0,0.0,insufficient
1,months_since_cert_n >=   7.000 & rawben_rel_max >=   0.992 & unc_rawben_rel_max >=   1.550 & utilities < 392.000,train_2022_23,national,319,115,200,331.0,0.27,35.0,0.205,91,98,2,9,0,0,18,49,133,0,173,0,0,27,67,0.455,0.135,0.335,39604.0,25797.0,12,0.06,post_authorization
1,months_since_cert_n >=   7.000 & rawben_rel_max >=   0.992 & unc_rawben_rel_max >=   1.550 & utilities < 392.000,test_2024,national,95,39,52,331.0,0.3076923076923077,35.0,0.3269230769230769,27,23,1,1,0,0,7,17,28,0,48,0,0,12,24,0.5192307692307693,0.23076923076923078,0.46153846153846156,11086.0,9207.0,5,0.09615384615384616,post_authorization
1,months_since_cert_n >=   7.000 & rawben_rel_max >=   0.992 & unc_rawben_rel_max >=   1.550 & utilities < 392.000,test_2024,deployed,12,3,4,111.0,0.25,7.0,0.25,2,2,0,0,0,0,1,2,1,0,4,0,0,0,3,0.5,0.0,0.75,907.0,371.0,0,0.0,insufficient
4+,expedited_i >   0.500 & months_since_cert_n >   5.500 & unc_rawben_rel_max <=   0.977 & utilities <= 373.000,train_2022_23,national,38,18,30,311.0,0.3,53.0,0.16666666666666666,18,11,1,0,0,0,4,9,17,0,13,14,0,11,13,0.6,0.36666666666666664,0.43333333333333335,6943.0,4770.0,2,0.06666666666666667,post_authorization
4+,expedited_i >   0.500 & months_since_cert_n >   5.500 & unc_rawben_rel_max <=   0.977 & utilities <= 373.000,test_2024,national,17,3,4,350.0,0.5,12.0,0.25,3,1,0,0,0,0,0,1,3,0,0,3,0,4,1,0.75,1.0,0.25,659.0,492.0,0,0.0,insufficient
4+,expedited_i >   0.500 & months_since_cert_n >   5.500 & unc_rawben_rel_max <=   0.977 & utilities <= 373.000,test_2024,deployed,1,0,0,,,,,0,0,0,0,0,0,0,0,0,0,0,0,0,0,0,0.0,0.0,0.0,0.0,0.0,0,0.0,insufficient
2-3,cat_elig >  0.50 & count_divisible_by_100 >  0.50 & months_since_cert_n <= 26.50 & unc_rawben_rel_max >  1.46,train_2022_23,national,31,15,19,342.0,0.21052631578947367,35.0,0.42105263157894735,7,12,0,0,0,0,0,13,6,0,13,0,2,1,13,0.3684210526315789,0.05263157894736842,0.6842105263157895,3748.0,2831.0,1,0.05263157894736842,post_authorization
2-3,cat_elig >  0.50 & count_divisible_by_100 >  0.50 & months_since_cert_n <= 26.50 & unc_rawben_rel_max >  1.46,test_2024,national,23,9,14,311.0,0.21428571428571427,53.0,0.2857142857142857,4,10,0,0,0,0,0,10,4,0,10,0,0,0,10,0.2857142857142857,0.0,0.7142857142857143,5638.0,3709.0,0,0.0,post_authorization
2-3,cat_elig >  0.50 & count_divisible_by_100 >  0.50 & months_since_cert_n <= 26.50 & unc_rawben_rel_max >  1.46,test_2024,deployed,2,0,0,,,,,0,0,0,0,0,0,0,0,0,0,0,0,0,0,0,0.0,0.0,0.0,0.0,0.0,0,0.0,insufficient
4+,count_divisible_by_100 >   1.5 & utilities > 373.0 & utilities <= 494.0,train_2022_23,national,39,18,30,311.0,0.36666666666666664,38.0,0.2,19,10,0,1,0,0,4,19,7,0,13,6,0,5,23,0.6333333333333333,0.16666666666666666,0.7666666666666667,6177.0,4509.0,3,0.1,post_authorization
4+,count_divisible_by_100 >   1.5 & utilities > 373.0 & utilities <= 494.0,test_2024,national,19,4,9,363.0,0.2222222222222222,38.0,0.3333333333333333,6,3,0,0,0,0,1,7,1,0,2,0,0,3,8,0.6666666666666666,0.3333333333333333,0.8888888888888888,1667.0,534.0,3,0.3333333333333333,mixed
4+,count_divisible_by_100 >   1.5 & utilities > 373.0 & utilities <= 494.0,test_2024,deployed,5,0,0,,,,,0,0,0,0,0,0,0,0,0,0,0,0,0,0,0,0.0,0.0,0.0,0.0,0.0,0,0.0,insufficient
4+,HH_size_n > 4.500 & HH_size_n <= 6.500 & months_since_cert_n > 3.500 & unc_rawben_rel_max <= 0.852,train_2022_23,national,1365,358,577,311.0,0.3327556325823224,38.0,0.19064124783362218,340,212,2,23,0,0,43,311,223,0,258,168,0,156,354,0.5892547660311959,0.2703639514731369,0.6135181975736569,120477.0,76432.0,99,0.17157712305025996,post_authorization
4+,HH_size_n > 4.500 & HH_size_n <= 6.500 & months_since_cert_n > 3.500 & unc_rawben_rel_max <= 0.852,test_2024,national,742,209,335,311.0,0.3850746268656716,38.0,0.1791044776119403,179,130,0,5,21,0,19,176,134,1,176,83,0,98,195,0.5343283582089552,0.29253731343283584,0.582089552238806,87338.0,52626.0,48,0.14328358208955225,post_authorization
4+,HH_size_n > 4.500 & HH_size_n <= 6.500 & months_since_cert_n > 3.500 & unc_rawben_rel_max <= 0.852,test_2024,deployed,20,8,8,311.0,0.625,41.0,0.25,4,4,0,0,0,0,1,2,5,0,5,3,0,0,3,0.5,0.0,0.375,2808.0,2808.0,0,0.0,post_authorization
4+,HH_size_n > 4.500 & months_since_cert_n > 3.500 & rawben_rel_max > 0.315 & rawben_rel_max <= 0.853,train_2022_23,national,1452,390,618,311.0,0.343042071197411,38.0,0.18932038834951456,367,226,2,23,0,0,51,328,239,0,296,176,1,164,379,0.5938511326860841,0.26537216828478966,0.6132686084142395,127099.0,78313.0,106,0.1715210355987055,post_authorization
4+,HH_size_n > 4.500 & months_since_cert_n > 3.500 & rawben_rel_max > 0.315 & rawben_rel_max <= 0.853,test_2024,national,815,234,366,311.0,0.38524590163934425,38.0,0.18032786885245902,188,147,0,5,26,0,20,189,150,1,189,82,0,108,209,0.5136612021857924,0.29508196721311475,0.5710382513661202,89683.0,51503.0,53,0.1448087431693989,post_authorization
4+,HH_size_n > 4.500 & months_since_cert_n > 3.500 & rawben_rel_max > 0.315 & rawben_rel_max <= 0.853,test_2024,deployed,17,5,5,311.0,0.8,35.0,0.4,2,3,0,0,0,0,1,1,3,0,4,1,0,0,2,0.4,0.0,0.4,2330.0,2330.0,0,0.0,post_authorization
4+,months_since_cert_n >  4.500 & rawben_rel_max >  0.315 & rawben_rel_max <=  0.853 & shelter_expenses_by_hh_size > 86.500,train_2022_23,national,1972,518,804,311.0,0.32338308457711445,38.0,0.18159203980099503,445,328,1,28,0,2,74,394,334,0,382,239,2,204,468,0.5534825870646766,0.2537313432835821,0.582089552238806,155632.0,97962.0,113,0.14054726368159204,post_authorization
4+,months_since_cert_n >  4.500 & rawben_rel_max >  0.315 & rawben_rel_max <=  0.853 & shelter_expenses_by_hh_size > 86.500,test_2024,national,981,274,428,311.0,0.35514018691588783,38.0,0.15186915887850466,216,178,2,5,27,0,27,194,200,1,222,107,1,121,221,0.5046728971962616,0.2827102803738318,0.5163551401869159,94971.0,58514.0,55,0.12850467289719625,post_authorization
4+,months_since_cert_n >  4.500 & rawben_rel_max >  0.315 & rawben_rel_max <=  0.853 & shelter_expenses_by_hh_size > 86.500,test_2024,deployed,27,7,7,311.0,0.7142857142857143,35.0,0.2857142857142857,2,4,0,0,1,0,1,2,4,0,6,1,0,1,3,0.2857142857142857,0.14285714285714285,0.42857142857142855,2942.0,2942.0,0,0.0,post_authorization
4+,months_since_cert_n >   4.500 & rawben_rel_max >   0.313 & shelter_expenses_by_hh_size > 121.000 & unc_rawben_rel_max <=   0.928,train_2022_23,national,1964,533,833,311.0,0.3157262905162065,38.0,0.18487394957983194,463,339,1,28,0,2,77,410,344,0,415,227,2,215,487,0.5558223289315727,0.2581032412965186,0.5846338535414166,165957.0,102313.0,118,0.14165666266506602,post_authorization
4+,months_since_cert_n >   4.500 & rawben_rel_max >   0.313 & shelter_expenses_by_hh_size > 121.000 & unc_rawben_rel_max <=   0.928,test_2024,national,1031,299,462,311.0,0.3463203463203463,38.0,0.15584415584415584,237,187,2,4,31,1,27,208,217,1,243,119,1,125,235,0.512987012987013,0.27056277056277056,0.5086580086580087,103139.0,63114.0,54,0.11688311688311688,post_authorization
4+,months_since_cert_n >   4.500 & rawben_rel_max >   0.313 & shelter_expenses_by_hh_size > 121.000 & unc_rawben_rel_max <=   0.928,test_2024,deployed,31,9,9,311.0,0.5555555555555556,35.0,0.2222222222222222,3,4,0,0,2,0,1,3,5,0,8,1,0,1,4,0.3333333333333333,0.1111111111111111,0.4444444444444444,3259.0,3259.0,0,0.0,post_authorization
4+,months_since_cert_n >  4.500 & rawben_rel_max >  0.315 & shelter_expenses_by_hh_size > 74.400 & unc_rawben_rel_max <=  0.928,train_2022_23,national,2305,597,929,311.0,0.3143164693218515,38.0,0.17545748116254037,524,370,1,32,0,2,87,457,383,0,453,269,2,247,544,0.5640473627556513,0.2658772874058127,0.5855758880516685,186148.0,116003.0,136,0.14639397201291712,post_authorization
4+,months_since_cert_n >  4.500 & rawben_rel_max >  0.315 & shelter_expenses_by_hh_size > 74.400 & unc_rawben_rel_max <=  0.928,test_2024,national,1157,328,509,311.0,0.35363457760314343,38.0,0.1512770137524558,266,203,2,5,32,1,33,235,230,1,263,130,1,140,268,0.5225933202357563,0.275049115913556,0.5265225933202358,114544.0,70019.0,66,0.12966601178781925,post_authorization
4+,months_since_cert_n >  4.500 & rawben_rel_max >  0.315 & shelter_expenses_by_hh_size > 74.400 & unc_rawben_rel_max <=  0.928,test_2024,deployed,33,10,10,311.0,0.6,35.0,0.2,3,5,0,0,2,0,2,3,5,0,9,1,0,1,5,0.3,0.1,0.5,3687.0,3687.0,0,0.0,post_authorization
4+,months_since_cert_n > 3.500 & percent_abawd <= 0.208 & unc_rawben_rel_max > 0.313 & unc_rawben_rel_max <= 0.853,train_2022_23,national,2784,703,1096,311.0,0.32755474452554745,38.0,0.17974452554744524,640,413,3,38,0,2,93,571,430,0,503,325,3,284,664,0.583941605839416,0.2591240875912409,0.6058394160583942,215842.0,129210.0,171,0.15602189781021897,post_authorization
4+,months_since_cert_n > 3.500 & percent_abawd <= 0.208 & unc_rawben_rel_max > 0.313 & unc_rawben_rel_max <= 0.853,test_2024,national,1444,387,597,311.0,0.35510887772194305,38.0,0.15912897822445563,306,240,2,8,41,0,46,296,246,1,305,146,2,174,342,0.5125628140703518,0.2914572864321608,0.5728643216080402,128917.0,75542.0,89,0.1490787269681742,post_authorization
4+,months_since_cert_n > 3.500 & percent_abawd <= 0.208 & unc_rawben_rel_max > 0.313 & unc_rawben_rel_max <= 0.853,test_2024,deployed,33,8,8,311.0,0.75,35.0,0.25,2,5,0,0,1,0,2,2,4,0,7,1,0,1,4,0.25,0.125,0.5,3370.0,3370.0,0,0.0,post_authorization
4+,homeless <= 0.500 & months_since_cert_n > 2.500 & rawben_rel_max > 0.312 & rawben_rel_max <= 0.851,train_2022_23,national,3560,884,1361,311.0,0.32770022042615726,38.0,0.1792799412196914,803,509,3,44,0,2,123,739,497,0,625,396,3,346,862,0.5900073475385745,0.2542248346803821,0.633357825128582,266702.0,166706.0,225,0.16531961792799413,post_authorization
4+,homeless <= 0.500 & months_since_cert_n > 2.500 & rawben_rel_max > 0.312 & rawben_rel_max <= 0.851,test_2024,national,1859,489,751,311.0,0.3488681757656458,38.0,0.15712383488681758,385,300,3,12,51,0,65,398,279,1,367,210,3,220,463,0.5126498002663116,0.2929427430093209,0.6165113182423435,168752.0,101950.0,117,0.15579227696404793,post_authorization
4+,homeless <= 0.500 & months_since_cert_n > 2.500 & rawben_rel_max > 0.312 & rawben_rel_max <= 0.851,test_2024,deployed,38,8,8,311.0,0.75,35.0,0.25,2,5,0,0,1,0,2,2,4,0,7,1,0,1,4,0.25,0.125,0.5,3370.0,3370.0,0,0.0,post_authorization
4+,months_since_cert_n >   4.500 & rawben_rel_max <=   0.853 & total_deductions_by_hh_size >  56.600 & utilities > 980.000,train_2022_23,national,71,32,32,311.0,0.5,38.0,0.3125,14,17,0,1,0,0,4,19,9,0,23,9,0,4,23,0.4375,0.125,0.71875,6233.0,5074.0,3,0.09375,post_authorization
4+,months_since_cert_n >   4.500 & rawben_rel_max <=   0.853 & total_deductions_by_hh_size >  56.600 & utilities > 980.000,test_2024,national,63,16,16,311.0,0.625,38.0,0.25,8,6,0,0,2,0,1,5,10,0,13,3,0,2,6,0.5,0.125,0.375,5400.0,5015.0,0,0.0,post_authorization
4+,months_since_cert_n >   4.500 & rawben_rel_max <=   0.853 & total_deductions_by_hh_size >  56.600 & utilities > 980.000,test_2024,deployed,31,10,10,311.0,0.7,41.0,0.2,3,5,0,0,2,0,1,3,6,0,8,2,0,2,4,0.3,0.2,0.4,3328.0,3328.0,0,0.0,post_authorization
2-3,cat_elig >   0.50 & shelter_expenses_by_hh_size > 246.00 & unc_rawben_rel_max >   1.63,train_2022_23,national,111,55,74,331.0,0.22972972972972974,38.0,0.25675675675675674,42,27,0,5,0,0,7,39,28,0,60,1,0,20,46,0.5675675675675675,0.2702702702702703,0.6216216216216216,18619.0,16772.0,14,0.1891891891891892,post_authorization
2-3,cat_elig >   0.50 & shelter_expenses_by_hh_size > 246.00 & unc_rawben_rel_max >   1.63,test_2024,national,57,23,39,331.0,0.2564102564102564,37.0,0.28205128205128205,16,17,0,0,6,0,3,19,17,0,24,2,0,7,22,0.41025641025641024,0.1794871794871795,0.5641025641025641,15469.0,7994.0,2,0.05128205128205128,post_authorization
2-3,cat_elig >   0.50 & shelter_expenses_by_hh_size > 246.00 & unc_rawben_rel_max >   1.63,test_2024,deployed,9,4,4,331.0,0.75,37.0,0.5,1,1,0,0,2,0,1,3,0,0,4,0,0,0,4,0.25,0.0,1.0,1732.0,1732.0,0,0.0,insufficient
4+,HH_size_n >   4.500 & months_since_cert_n >   3.500 & rawben_rel_max >   0.332 & shelter_expenses_by_hh_size > 192.000,train_2022_23,national,985,262,410,311.0,0.3170731707317073,38.0,0.1975609756097561,243,148,2,17,0,0,31,220,159,0,206,112,0,121,251,0.5926829268292683,0.2951219512195122,0.6121951219512195,91800.0,56897.0,78,0.1902439024390244,post_authorization
4+,HH_size_n >   4.500 & months_since_cert_n >   3.500 & rawben_rel_max >   0.332 & shelter_expenses_by_hh_size > 192.000,test_2024,national,653,189,284,311.0,0.38028169014084506,38.0,0.2007042253521127,139,126,0,1,18,0,11,137,129,1,155,58,0,75,148,0.4894366197183099,0.2640845070422535,0.5211267605633803,78014.0,42012.0,29,0.10211267605633803,post_authorization
4+,HH_size_n >   4.500 & months_since_cert_n >   3.500 & rawben_rel_max >   0.332 & shelter_expenses_by_hh_size > 192.000,test_2024,deployed,17,7,7,311.0,0.5714285714285714,35.0,0.42857142857142855,2,4,0,0,1,0,1,2,4,0,6,1,0,0,3,0.2857142857142857,0.0,0.42857142857142855,2742.0,2742.0,0,0.0,post_authorization
4+,HH_size_n > 4.5 & HH_size_n <= 6.5 & months_since_cert_n > 4.5,train_2022_23,national,1764,426,655,311.0,0.3251908396946565,38.0,0.183206106870229,392,243,1,19,0,0,50,338,267,0,316,166,0,196,388,0.5984732824427481,0.29923664122137406,0.5923664122137404,149159.0,85395.0,105,0.16030534351145037,post_authorization
4+,HH_size_n > 4.5 & HH_size_n <= 6.5 & months_since_cert_n > 4.5,test_2024,national,862,217,342,311.0,0.3684210526315789,38.0,0.16666666666666666,174,144,0,3,21,0,25,154,158,1,192,73,0,99,179,0.5087719298245614,0.2894736842105263,0.5233918128654971,94825.0,54396.0,33,0.09649122807017543,post_authorization
4+,HH_size_n > 4.5 & HH_size_n <= 6.5 & months_since_cert_n > 4.5,test_2024,deployed,19,9,9,311.0,0.5555555555555556,41.0,0.2222222222222222,4,4,0,0,1,0,1,3,5,0,6,3,0,0,4,0.4444444444444444,0.0,0.4444444444444444,2913.0,2913.0,0,0.0,post_authorization
4+,HH_size_n <=  6.500 & months_since_cert_n >  4.500 & rawben_rel_max <=  0.853 & total_deductions_by_hh_size > 73.400,train_2022_23,national,1820,474,734,311.0,0.35149863760217986,38.0,0.19482288828337874,399,301,1,31,0,2,61,376,295,0,355,201,2,187,437,0.5435967302452316,0.2547683923705722,0.5953678474114441,148187.0,96526.0,105,0.14305177111716622,post_authorization
4+,HH_size_n <=  6.500 & months_since_cert_n >  4.500 & rawben_rel_max <=  0.853 & total_deductions_by_hh_size > 73.400,test_2024,national,907,249,388,311.0,0.38144329896907214,38.0,0.15463917525773196,194,159,2,4,29,0,27,171,184,1,207,90,1,96,198,0.5,0.24742268041237114,0.5103092783505154,89506.0,53865.0,43,0.11082474226804123,post_authorization
4+,HH_size_n <=  6.500 & months_since_cert_n >  4.500 & rawben_rel_max <=  0.853 & total_deductions_by_hh_size > 73.400,test_2024,deployed,34,11,11,311.0,0.6363636363636364,41.0,0.18181818181818182,4,5,0,0,2,0,1,4,6,0,8,3,0,2,5,0.36363636363636365,0.18181818181818182,0.45454545454545453,3485.0,3485.0,0,0.0,post_authorization
4+,months_since_cert_n >   4.500 & shelter_expenses_by_hh_size > 192.000 & total_deductions_by_hh_size >  73.400 & unc_rawben_rel_max >   0.336,train_2022_23,national,1912,464,697,311.0,0.3285509325681492,38.0,0.18507890961262555,379,292,1,23,0,2,56,363,276,0,377,162,2,177,419,0.5437589670014347,0.2539454806312769,0.6011477761836442,145391.0,95907.0,94,0.13486370157819225,post_authorization
4+,months_since_cert_n >   4.500 & shelter_expenses_by_hh_size > 192.000 & total_deductions_by_hh_size >  73.400 & unc_rawben_rel_max >   0.336,test_2024,national,1030,286,438,311.0,0.3561643835616438,38.0,0.1552511415525114,207,196,2,5,28,0,26,184,219,1,249,90,1,105,210,0.4726027397260274,0.23972602739726026,0.4794520547945205,107414.0,62193.0,40,0.091324200913242,post_authorization
4+,months_since_cert_n >   4.500 & shelter_expenses_by_hh_size > 192.000 & total_deductions_by_hh_size >  73.400 & unc_rawben_rel_max >   0.336,test_2024,deployed,35,12,12,311.0,0.4166666666666667,7.0,0.25,3,7,0,0,2,0,1,3,8,0,11,1,0,2,4,0.25,0.16666666666666666,0.3333333333333333,3980.0,3980.0,0,0.0,post_authorization
4+,HH_size_n > 4.500 & married <= 0.500 & rawben_rel_max <= 0.928,train_2022_23,national,1885,486,745,311.0,0.3073825503355705,38.0,0.17583892617449665,452,267,1,24,0,1,58,489,197,0,338,190,0,201,547,0.6067114093959731,0.2697986577181208,0.7342281879194631,152459.0,88152.0,140,0.18791946308724833,post_authorization
4+,HH_size_n > 4.500 & married <= 0.500 & rawben_rel_max <= 0.928,test_2024,national,1064,292,467,311.0,0.3533190578158458,38.0,0.15417558886509636,255,174,0,10,28,0,16,301,145,0,203,124,1,130,317,0.5460385438972163,0.278372591006424,0.6788008565310493,112590.0,62252.0,74,0.15845824411134904,post_authorization
4+,HH_size_n > 4.500 & married <= 0.500 & rawben_rel_max <= 0.928,test_2024,deployed,12,4,4,311.0,0.5,41.0,0.5,3,1,0,0,0,0,0,1,3,0,1,3,0,0,1,0.75,0.0,0.25,613.0,613.0,0,0.0,insufficient
4+,HH_size_n >  4.500 & rawben_rel_max >  0.312 & rawben_rel_max <=  0.852 & total_deductions_by_hh_size > 10.500,train_2022_23,national,2489,630,966,311.0,0.34886128364389235,38.0,0.18633540372670807,600,337,2,27,0,0,73,620,273,0,444,240,1,264,693,0.6211180124223602,0.2732919254658385,0.717391304347826,200867.0,126024.0,195,0.20186335403726707,post_authorization
4+,HH_size_n >  4.500 & rawben_rel_max >  0.312 & rawben_rel_max <=  0.852 & total_deductions_by_hh_size > 10.500,test_2024,national,1410,392,601,311.0,0.3610648918469218,38.0,0.18469217970049917,322,219,2,10,48,0,30,388,175,1,285,146,1,169,418,0.5357737104825291,0.281198003327787,0.6955074875207987,135434.0,75169.0,95,0.15806988352745424,post_authorization
4+,HH_size_n >  4.500 & rawben_rel_max >  0.312 & rawben_rel_max <=  0.852 & total_deductions_by_hh_size > 10.500,test_2024,deployed,23,6,6,311.0,0.8333333333333334,35.0,0.3333333333333333,3,3,0,0,0,0,1,2,3,0,5,1,0,0,3,0.5,0.0,0.5,2448.0,2448.0,0,0.0,post_authorization
4+,HH_size_n > 4.500 & HH_size_n <= 6.500 & rawben_rel_max > 0.415 & rawben_rel_max <= 0.928,train_2022_23,national,2233,566,869,311.0,0.3187571921749137,38.0,0.18181818181818182,536,305,2,26,0,0,67,564,238,0,395,233,0,257,631,0.616800920598389,0.2957422324510932,0.7261219792865362,179657.0,107453.0,179,0.20598388952819333,post_authorization
4+,HH_size_n > 4.500 & HH_size_n <= 6.500 & rawben_rel_max > 0.415 & rawben_rel_max <= 0.928,test_2024,national,1256,342,529,311.0,0.33081285444234404,38.0,0.17958412098298676,304,177,1,9,38,0,25,350,146,1,248,134,0,147,375,0.5746691871455577,0.277882797731569,0.7088846880907372,123622.0,68561.0,85,0.16068052930056712,post_authorization
4+,HH_size_n > 4.500 & HH_size_n <= 6.500 & rawben_rel_max > 0.415 & rawben_rel_max <= 0.928,test_2024,deployed,21,7,7,311.0,0.5714285714285714,35.0,0.2857142857142857,3,3,0,0,1,0,1,3,3,0,6,1,0,0,4,0.42857142857142855,0.0,0.5714285714285714,2480.0,2480.0,0,0.0,post_authorization
4+,rawben_rel_max >   0.331 & shelter_expenses_by_hh_size >  82.500 & shelter_expenses_by_hh_size <= 484.000 & unc_rawben_rel_max <=   0.852,train_2022_23,national,4344,1020,1560,311.0,0.3153846153846154,38.0,0.1762820512820513,937,567,3,51,0,2,131,988,439,0,690,429,0,426,1119,0.6006410256410256,0.27307692307692305,0.7173076923076923,290675.0,176838.0,305,0.1955128205128205,post_authorization
4+,rawben_rel_max >   0.331 & shelter_expenses_by_hh_size >  82.500 & shelter_expenses_by_hh_size <= 484.000 & unc_rawben_rel_max <=   0.852,test_2024,national,2288,590,912,311.0,0.3333333333333333,38.0,0.16666666666666666,484,337,5,13,73,0,63,573,264,2,413,247,1,254,636,0.5307017543859649,0.27850877192982454,0.6973684210526315,190638.0,106293.0,143,0.15679824561403508,post_authorization
4+,rawben_rel_max >   0.331 & shelter_expenses_by_hh_size >  82.500 & shelter_expenses_by_hh_size <= 484.000 & unc_rawben_rel_max <=   0.852,test_2024,deployed,35,7,7,311.0,0.8571428571428571,38.0,0.2857142857142857,2,5,0,0,0,0,2,2,3,0,6,1,0,0,4,0.2857142857142857,0.0,0.5714285714285714,2353.0,2353.0,0,0.0,post_authorization
4+,months_since_cert_n >   2.500 & unc_rawben_rel_max <=   0.851 & utilities > 331.000,train_2022_23,national,3280,773,1230,311.0,0.3178861788617886,38.0,0.18699186991869918,725,452,2,49,0,2,115,677,436,0,553,357,2,325,792,0.5894308943089431,0.26422764227642276,0.6439024390243903,243539.0,155418.0,204,0.16585365853658537,post_authorization
4+,months_since_cert_n >   2.500 & unc_rawben_rel_max <=   0.851 & utilities > 331.000,test_2024,national,1773,464,739,311.0,0.35182679296346414,38.0,0.15426251691474965,386,299,2,6,46,0,56,406,270,1,377,180,2,218,462,0.5223274695534507,0.29499323410013534,0.625169147496617,181939.0,106173.0,120,0.16238159675236807,post_authorization
4+,months_since_cert_n >   2.500 & unc_rawben_rel_max <=   0.851 & utilities > 331.000,test_2024,deployed,49,12,12,311.0,0.6666666666666666,41.0,0.16666666666666666,4,6,0,0,2,0,2,4,6,0,9,3,0,2,6,0.3333333333333333,0.16666666666666666,0.5,3913.0,3913.0,0,0.0,post_authorization
4+,rawben_rel_max >   0.123 & total_deductions_by_hh_size >  65.600 & total_deductions_by_hh_size <= 182.000 & unc_rawben_rel_max <=   0.970,train_2022_23,national,3538,768,1149,311.0,0.3577023498694517,38.0,0.1906005221932115,700,417,2,27,0,3,108,710,328,0,512,316,4,305,818,0.6092254134029591,0.2654482158398607,0.7119234116623151,233327.0,143355.0,218,0.18973020017406442,post_authorization
4+,rawben_rel_max >   0.123 & total_deductions_by_hh_size >  65.600 & total_deductions_by_hh_size <= 182.000 & unc_rawben_rel_max <=   0.970,test_2024,national,1742,443,655,311.0,0.3450381679389313,38.0,0.15877862595419848,343,244,4,9,54,1,64,403,179,0,305,205,1,172,467,0.5236641221374045,0.26259541984732826,0.7129770992366412,143077.0,80526.0,91,0.13893129770992366,post_authorization
4+,rawben_rel_max >   0.123 & total_deductions_by_hh_size >  65.600 & total_deductions_by_hh_size <= 182.000 & unc_rawben_rel_max <=   0.970,test_2024,deployed,28,12,14,363.0,0.2857142857142857,52.0,0.2857142857142857,9,4,0,0,1,0,3,11,0,0,6,8,0,5,14,0.6428571428571429,0.35714285714285715,1.0,2272.0,2272.0,3,0.21428571428571427,post_authorization
2-3,children_i >  0.500 & rawben_rel_max >  0.495 & rawben_rel_max <=  0.872 & total_deductions_by_hh_size > 56.300,train_2022_23,national,3387,709,1089,311.0,0.3241505968778696,38.0,0.18365472910927455,617,430,1,37,0,4,102,663,319,1,512,291,1,295,765,0.566574839302112,0.27089072543618,0.7024793388429752,175426.0,105001.0,183,0.16804407713498623,post_authorization
2-3,children_i >  0.500 & rawben_rel_max >  0.495 & rawben_rel_max <=  0.872 & total_deductions_by_hh_size > 56.300,test_2024,national,1778,396,567,311.0,0.35802469135802467,38.0,0.1710758377425044,265,233,3,15,51,0,42,360,158,0,277,147,0,114,402,0.4673721340388007,0.20105820105820105,0.708994708994709,96095.0,60231.0,66,0.1164021164021164,post_authorization
2-3,children_i >  0.500 & rawben_rel_max >  0.495 & rawben_rel_max <=  0.872 & total_deductions_by_hh_size > 56.300,test_2024,deployed,28,10,12,363.0,0.4166666666666667,52.0,0.25,8,3,0,1,0,0,1,8,3,0,5,7,0,5,9,0.6666666666666666,0.4166666666666667,0.75,2162.0,2162.0,4,0.3333333333333333,mixed
2-3,elderly_disabled_i <= 0.500 & unc_rawben_rel_max > 0.495 & unc_rawben_rel_max <= 0.719,train_2022_23,national,1777,399,622,311.0,0.39228295819935693,38.0,0.19292604501607716,337,262,1,22,0,0,54,355,213,0,280,189,0,156,409,0.5418006430868167,0.2508038585209003,0.657556270096463,108187.0,62831.0,89,0.14308681672025725,post_authorization
2-3,elderly_disabled_i <= 0.500 & unc_rawben_rel_max > 0.495 & unc_rawben_rel_max <= 0.719,test_2024,national,951,222,315,311.0,0.4031746031746032,38.0,0.1619047619047619,157,118,1,10,29,0,25,204,81,1,163,80,0,77,229,0.4984126984126984,0.24444444444444444,0.726984126984127,55492.0,38089.0,47,0.1492063492063492,post_authorization
2-3,elderly_disabled_i <= 0.500 & unc_rawben_rel_max > 0.495 & unc_rawben_rel_max <= 0.719,test_2024,deployed,14,5,7,363.0,0.5714285714285714,52.0,0.42857142857142855,7,0,0,0,0,0,1,6,0,0,1,6,0,4,7,1.0,0.5714285714285714,1.0,873.0,873.0,4,0.5714285714285714,pre_authorization
4+,shelter_expenses_by_hh_size <= 176.0 & total_deductions_by_hh_size >  15.8 & utilities <= 468.0,train_2022_23,national,2458,502,763,311.0,0.3905635648754915,38.0,0.15727391874180865,447,285,2,28,0,1,71,446,244,1,334,190,1,208,517,0.5858453473132372,0.272608125819135,0.6775884665792923,172656.0,92231.0,119,0.1559633027522936,post_authorization
4+,shelter_expenses_by_hh_size <= 176.0 & total_deductions_by_hh_size >  15.8 & utilities <= 468.0,test_2024,national,907,185,292,311.0,0.3253424657534247,38.0,0.14726027397260275,147,117,1,6,20,1,38,183,68,1,137,73,0,73,221,0.5034246575342466,0.25,0.7568493150684932,66502.0,35778.0,41,0.1404109589041096,post_authorization
4+,shelter_expenses_by_hh_size <= 176.0 & total_deductions_by_hh_size >  15.8 & utilities <= 468.0,test_2024,deployed,6,2,2,350.0,0.5,111.0,0.5,1,1,0,0,0,0,0,2,0,0,2,0,0,1,2,0.5,0.5,1.0,1130.0,1130.0,1,0.5,insufficient
4+,rawben_rel_max >   0.174 & total_deductions_by_hh_size >  15.300 & total_deductions_by_hh_size <= 177.000 & utilities <= 468.000,train_2022_23,national,4034,796,1225,311.0,0.34775510204081633,38.0,0.17795918367346938,739,443,2,40,0,1,125,743,355,1,544,279,1,335,868,0.603265306122449,0.27346938775510204,0.7085714285714285,259173.0,137128.0,212,0.1730612244897959,post_authorization
4+,rawben_rel_max >   0.174 & total_deductions_by_hh_size >  15.300 & total_deductions_by_hh_size <= 177.000 & utilities <= 468.000,test_2024,national,1466,337,513,311.0,0.3216374269005848,38.0,0.15984405458089668,252,218,3,8,31,1,58,317,134,1,236,127,0,129,375,0.49122807017543857,0.25146198830409355,0.7309941520467836,111463.0,54639.0,66,0.1286549707602339,post_authorization
4+,rawben_rel_max >   0.174 & total_deductions_by_hh_size >  15.300 & total_deductions_by_hh_size <= 177.000 & utilities <= 468.000,test_2024,deployed,9,3,3,350.0,0.3333333333333333,111.0,0.3333333333333333,2,1,0,0,0,0,1,2,0,0,2,1,0,1,3,0.6666666666666666,0.3333333333333333,1.0,631.0,631.0,1,0.3333333333333333,insufficient
4+,total_deductions_by_hh_size >   2.860 & total_deductions_by_hh_size <= 201.000 & unc_rawben_rel_max >   0.129 & utilities <= 468.000,train_2022_23,national,4619,912,1407,311.0,0.3326226012793177,38.0,0.1791044776119403,835,524,3,44,0,1,142,864,399,1,628,315,1,366,1006,0.5934612651030562,0.2601279317697228,0.7149964463397299,301279.0,159429.0,233,0.1656005685856432,post_authorization
4+,total_deductions_by_hh_size >   2.860 & total_deductions_by_hh_size <= 201.000 & unc_rawben_rel_max >   0.129 & utilities <= 468.000,test_2024,national,1669,387,583,311.0,0.3293310463121784,38.0,0.1646655231560892,285,248,3,9,37,1,62,366,151,1,274,135,0,146,428,0.4888507718696398,0.2504288164665523,0.7341337907375644,135777.0,62944.0,72,0.1234991423670669,post_authorization
4+,total_deductions_by_hh_size >   2.860 & total_deductions_by_hh_size <= 201.000 & unc_rawben_rel_max >   0.129 & utilities <= 468.000,test_2024,deployed,10,3,3,350.0,0.3333333333333333,111.0,0.3333333333333333,2,1,0,0,0,0,1,2,0,0,2,1,0,1,3,0.6666666666666666,0.3333333333333333,1.0,631.0,631.0,1,0.3333333333333333,insufficient
2-3,count_divisible_by_100 <=   0.5 & HH_size_n <=   2.5 & medical_deductions > 366.0 & total_deductions_by_hh_size > 519.0,train_2022_23,national,38,22,40,365.0,0.525,53.0,0.525,25,15,0,0,0,0,11,24,5,0,34,1,0,15,35,0.625,0.375,0.875,6372.0,3712.0,12,0.3,mixed
2-3,count_divisible_by_100 <=   0.5 & HH_size_n <=   2.5 & medical_deductions > 366.0 & total_deductions_by_hh_size > 519.0,test_2024,national,18,6,7,365.0,0.8571428571428571,56.0,0.42857142857142855,5,1,0,0,1,0,1,4,2,0,6,1,0,5,5,0.7142857142857143,0.7142857142857143,0.7142857142857143,1811.0,680.0,2,0.2857142857142857,mixed
2-3,count_divisible_by_100 <=   0.5 & HH_size_n <=   2.5 & medical_deductions > 366.0 & total_deductions_by_hh_size > 519.0,test_2024,deployed,2,1,1,365.0,1.0,56.0,1.0,1,0,0,0,0,0,0,1,0,0,1,0,0,1,1,1.0,1.0,1.0,68.0,68.0,1,1.0,insufficient
1,cat_elig >   0.500 & medical_deductions > 602.000 & rawben_rel_max <=   0.991,train_2022_23,national,34,20,30,365.0,0.6,53.0,0.6666666666666666,22,5,2,1,0,0,5,19,6,0,17,1,0,9,24,0.7333333333333333,0.3,0.8,5732.0,2927.0,4,0.13333333333333333,post_authorization
1,cat_elig >   0.500 & medical_deductions > 602.000 & rawben_rel_max <=   0.991,test_2024,national,23,12,22,365.0,0.5454545454545454,56.0,0.3181818181818182,14,5,0,2,1,0,0,16,6,0,14,4,0,10,16,0.6363636363636364,0.45454545454545453,0.7272727272727273,3707.0,2008.0,5,0.22727272727272727,post_authorization
1,cat_elig >   0.500 & medical_deductions > 602.000 & rawben_rel_max <=   0.991,test_2024,deployed,10,3,6,365.0,0.5,57.0,0.5,4,2,0,0,0,0,0,1,5,0,3,3,0,2,1,0.6666666666666666,0.3333333333333333,0.16666666666666666,579.0,207.0,0,0.0,post_authorization
2-3,married <=   0.5 & medical_deductions > 140.0 & total_deductions_by_hh_size > 411.0,train_2022_23,national,36,19,36,365.0,0.3055555555555556,53.0,0.4166666666666667,21,14,0,1,0,0,6,24,6,0,23,5,0,11,30,0.5833333333333334,0.3055555555555556,0.8333333333333334,6180.0,4218.0,8,0.2222222222222222,post_authorization
2-3,married <=   0.5 & medical_deductions > 140.0 & total_deductions_by_hh_size > 411.0,test_2024,national,20,7,12,363.0,0.4166666666666667,56.0,0.3333333333333333,6,4,0,0,2,0,0,6,6,0,5,0,0,1,6,0.5,0.08333333333333333,0.5,2849.0,1124.0,0,0.0,post_authorization
2-3,married <=   0.5 & medical_deductions > 140.0 & total_deductions_by_hh_size > 411.0,test_2024,deployed,6,2,2,363.0,0.5,56.0,0.5,0,2,0,0,0,0,0,1,1,0,2,0,0,0,1,0.0,0.0,0.5,626.0,626.0,0,0.0,insufficient
2-3,medical_deductions > 143 & total_deductions_by_hh_size > 503,train_2022_23,national,107,48,84,365.0,0.39285714285714285,53.0,0.4880952380952381,50,34,0,0,0,0,16,52,16,0,65,8,0,26,68,0.5952380952380952,0.30952380952380953,0.8095238095238095,13478.0,8590.0,20,0.23809523809523808,post_authorization
2-3,medical_deductions > 143 & total_deductions_by_hh_size > 503,test_2024,national,61,28,39,365.0,0.3076923076923077,56.0,0.3333333333333333,19,14,1,0,5,0,3,22,14,0,27,2,0,13,25,0.48717948717948717,0.3333333333333333,0.6410256410256411,7922.0,4743.0,5,0.1282051282051282,post_authorization
2-3,medical_deductions > 143 & total_deductions_by_hh_size > 503,test_2024,deployed,25,9,11,331.0,0.2727272727272727,35.0,0.2727272727272727,5,5,0,0,1,0,1,5,5,0,9,2,0,3,6,0.45454545454545453,0.2727272727272727,0.5454545454545454,2959.0,1889.0,1,0.09090909090909091,post_authorization
1,cat_elig >   0.500 & medical_deductions > 498.000 & months_since_cert_n <=  10.500 & unc_rawben_rel_max <=   0.998,train_2022_23,national,40,20,30,365.0,0.5666666666666667,53.0,0.6666666666666666,21,7,2,0,0,0,4,21,5,0,18,1,0,8,25,0.7,0.26666666666666666,0.8333333333333334,5171.0,2819.0,4,0.13333333333333333,post_authorization
1,cat_elig >   0.500 & medical_deductions > 498.000 & months_since_cert_n <=  10.500 & unc_rawben_rel_max <=   0.998,test_2024,national,29,7,13,365.0,0.5384615384615384,53.0,0.38461538461538464,9,2,0,2,0,0,1,10,2,0,7,2,0,8,11,0.6923076923076923,0.6153846153846154,0.8461538461538461,2114.0,1230.0,4,0.3076923076923077,mixed
1,cat_elig >   0.500 & medical_deductions > 498.000 & months_since_cert_n <=  10.500 & unc_rawben_rel_max <=   0.998,test_2024,deployed,8,0,0,,,,,0,0,0,0,0,0,0,0,0,0,0,0,0,0,0,0.0,0.0,0.0,0.0,0.0,0,0.0,insufficient
1,medical_deductions >   2.500 & medical_deductions <= 203.000 & rawben_rel_max >   0.565 & rawben_rel_max <=   0.973,train_2022_23,national,765,169,226,365.0,0.5088495575221239,53.0,0.5265486725663717,163,53,2,8,0,0,30,141,54,1,159,22,0,86,171,0.7212389380530974,0.3805309734513274,0.7566371681415929,22070.0,14844.0,55,0.24336283185840707,post_authorization
1,medical_deductions >   2.500 & medical_deductions <= 203.000 & rawben_rel_max >   0.565 & rawben_rel_max <=   0.973,test_2024,national,388,80,116,365.0,0.4224137931034483,53.0,0.4396551724137931,76,34,0,0,6,0,8,83,25,0,77,9,0,36,91,0.6551724137931034,0.3103448275862069,0.7844827586206896,12215.0,7232.0,25,0.21551724137931033,post_authorization
1,medical_deductions >   2.500 & medical_deductions <= 203.000 & rawben_rel_max >   0.565 & rawben_rel_max <=   0.973,test_2024,deployed,21,4,6,363.0,0.3333333333333333,53.0,0.6666666666666666,1,3,0,0,2,0,0,4,2,0,6,0,0,0,4,0.16666666666666666,0.0,0.6666666666666666,669.0,669.0,0,0.0,post_authorization
1,elderly_disabled_i >=   1.00 & expedited_i <   1.00 & shelter_expenses_by_hh_size < 922.00 & unc_rawben_rel_max >=   1.82,train_2022_23,national,204,81,118,331.0,0.5169491525423728,37.0,0.2711864406779661,85,26,3,4,0,0,12,40,66,0,95,1,0,46,52,0.7203389830508474,0.3898305084745763,0.4406779661016949,16917.0,11282.0,17,0.1440677966101695,post_authorization
1,elderly_disabled_i >=   1.00 & expedited_i <   1.00 & shelter_expenses_by_hh_size < 922.00 & unc_rawben_rel_max >=   1.82,test_2024,national,83,35,54,331.0,0.3888888888888889,37.0,0.2777777777777778,30,18,1,0,5,0,6,25,23,0,38,0,0,15,31,0.5555555555555556,0.2777777777777778,0.5740740740740741,9027.0,6218.0,9,0.16666666666666666,post_authorization
1,elderly_disabled_i >=   1.00 & expedited_i <   1.00 & shelter_expenses_by_hh_size < 922.00 & unc_rawben_rel_max >=   1.82,test_2024,deployed,9,3,3,346.0,1.0,35.0,1.0,0,3,0,0,0,0,2,1,0,0,3,0,0,0,3,0.0,0.0,1.0,804.0,804.0,0,0.0,insufficient
1,months_since_cert_n <=    5.500 & rawben_rel_max <=    0.998 & total_deductions_by_hh_size > 1330.000,train_2022_23,national,54,25,39,363.0,0.3333333333333333,53.0,0.4358974358974359,22,14,2,1,0,0,3,28,8,0,22,5,0,12,31,0.5641025641025641,0.3076923076923077,0.7948717948717948,6122.0,2920.0,7,0.1794871794871795,post_authorization
1,months_since_cert_n <=    5.500 & rawben_rel_max <=    0.998 & total_deductions_by_hh_size > 1330.000,test_2024,national,47,18,30,363.0,0.3,56.0,0.2,19,8,0,0,3,0,1,26,3,0,19,8,0,9,27,0.6333333333333333,0.3,0.9,4574.0,2291.0,8,0.26666666666666666,mixed
1,months_since_cert_n <=    5.500 & rawben_rel_max <=    0.998 & total_deductions_by_hh_size > 1330.000,test_2024,deployed,7,2,4,363.0,0.5,53.0,0.75,0,4,0,0,0,0,0,4,0,0,4,0,0,0,4,0.0,0.0,1.0,535.0,353.0,0,0.0,insufficient
1,medical_deductions > 610.00 & total_deductions_by_hh_size >   8.80 & unc_rawben_rel_max <=   1.05 & utilities <= 636.00,train_2022_23,national,37,21,30,365.0,0.6333333333333333,53.0,0.6666666666666666,23,4,2,1,0,0,6,19,5,0,17,1,0,7,25,0.7666666666666667,0.23333333333333334,0.8333333333333334,5509.0,3259.0,3,0.1,post_authorization
1,medical_deductions > 610.00 & total_deductions_by_hh_size >   8.80 & unc_rawben_rel_max <=   1.05 & utilities <= 636.00,test_2024,national,23,9,16,365.0,0.5625,53.0,0.375,10,3,0,2,1,0,0,15,1,0,11,1,0,7,15,0.625,0.4375,0.9375,3238.0,1911.0,5,0.3125,mixed
1,medical_deductions > 610.00 & total_deductions_by_hh_size >   8.80 & unc_rawben_rel_max <=   1.05 & utilities <= 636.00,test_2024,deployed,6,1,2,363.0,0.5,57.0,0.5,2,0,0,0,0,0,0,2,0,0,0,0,0,1,2,1.0,0.5,1.0,204.0,0.0,1,0.5,insufficient
4+,rawben_rel_max >   0.55 & shelter_expenses_by_hh_size > 161.00 & total_deductions_by_hh_size <= 168.00 & unc_rawben_rel_max <=   1.23,train_2022_23,national,1823,374,550,311.0,0.27454545454545454,38.0,0.1690909090909091,336,198,0,14,0,2,63,323,162,0,268,140,0,156,386,0.610909090909091,0.28363636363636363,0.7018181818181818,120443.0,75266.0,104,0.1890909090909091,post_authorization
4+,rawben_rel_max >   0.55 & shelter_expenses_by_hh_size > 161.00 & total_deductions_by_hh_size <= 168.00 & unc_rawben_rel_max <=   1.23,test_2024,national,890,212,310,311.0,0.2709677419354839,38.0,0.17096774193548386,163,121,3,2,21,0,21,198,89,0,165,85,0,85,219,0.5258064516129032,0.27419354838709675,0.7064516129032258,70708.0,42003.0,45,0.14516129032258066,post_authorization
4+,rawben_rel_max >   0.55 & shelter_expenses_by_hh_size > 161.00 & total_deductions_by_hh_size <= 168.00 & unc_rawben_rel_max <=   1.23,test_2024,deployed,20,6,8,363.0,0.375,35.0,0.25,3,5,0,0,0,0,0,7,1,0,0,0,0,0,7,0.375,0.0,0.875,1646.0,0.0,0,0.0,post_authorization
4+,HH_size_n >   5.5 & months_since_cert_n >   0.5 & shelter_expenses_by_hh_size > 154.0,train_2022_23,national,1078,266,406,311.0,0.31773399014778325,38.0,0.1921182266009852,269,126,1,10,0,0,34,257,115,0,170,95,0,116,291,0.6625615763546798,0.2857142857142857,0.7167487684729064,97951.0,61800.0,81,0.19950738916256158,post_authorization
4+,HH_size_n >   5.5 & months_since_cert_n >   0.5 & shelter_expenses_by_hh_size > 154.0,test_2024,national,646,183,274,311.0,0.33211678832116787,38.0,0.17883211678832117,138,119,1,0,16,0,18,149,104,1,139,67,1,56,167,0.5036496350364964,0.20437956204379562,0.6094890510948905,75021.0,42361.0,27,0.09854014598540146,post_authorization
4+,HH_size_n >   5.5 & months_since_cert_n >   0.5 & shelter_expenses_by_hh_size > 154.0,test_2024,deployed,16,3,5,311.0,0.4,35.0,0.6,0,5,0,0,0,0,0,4,1,0,0,0,0,0,4,0.0,0.0,0.8,1126.0,0.0,0,0.0,post_authorization
4+,months_since_cert_n >   3.50 & shelter_expenses_by_hh_size > 204.00 & unc_rawben_rel_max <=   1.08 & utilities > 590.00,train_2022_23,national,799,216,326,311.0,0.3282208588957055,38.0,0.15337423312883436,191,123,0,10,0,2,25,164,135,0,175,103,0,105,189,0.5858895705521472,0.3220858895705521,0.5797546012269938,74288.0,49646.0,51,0.15644171779141106,post_authorization
4+,months_since_cert_n >   3.50 & shelter_expenses_by_hh_size > 204.00 & unc_rawben_rel_max <=   1.08 & utilities > 590.00,test_2024,national,580,161,242,311.0,0.36363636363636365,38.0,0.13636363636363635,130,94,0,1,17,0,16,112,111,1,133,54,0,65,128,0.5371900826446281,0.26859504132231404,0.5289256198347108,59865.0,43659.0,35,0.1446280991735537,post_authorization
4+,months_since_cert_n >   3.50 & shelter_expenses_by_hh_size > 204.00 & unc_rawben_rel_max <=   1.08 & utilities > 590.00,test_2024,deployed,38,6,14,311.0,0.2857142857142857,38.0,0.21428571428571427,9,5,0,0,0,0,0,5,9,0,0,0,0,8,5,0.6428571428571429,0.5714285714285714,0.35714285714285715,3492.0,0.0,3,0.21428571428571427,post_authorization
4+,shelter_expenses_by_hh_size > 198 & total_deductions_by_hh_size <= 136,train_2022_23,national,1206,248,395,311.0,0.25569620253164554,38.0,0.18227848101265823,255,129,0,10,0,1,33,248,113,0,168,104,0,106,281,0.6455696202531646,0.2683544303797468,0.7113924050632912,87820.0,46819.0,80,0.20253164556962025,post_authorization
4+,shelter_expenses_by_hh_size > 198 & total_deductions_by_hh_size <= 136,test_2024,national,620,149,230,311.0,0.24782608695652175,38.0,0.14782608695652175,127,87,4,1,11,0,14,138,78,0,115,74,0,66,152,0.5521739130434783,0.28695652173913044,0.6608695652173913,55075.0,31932.0,28,0.12173913043478261,post_authorization
4+,shelter_expenses_by_hh_size > 198 & total_deductions_by_hh_size <= 136,test_2024,deployed,19,3,3,312.0,0.3333333333333333,39.0,0.3333333333333333,2,1,0,0,0,0,0,2,1,0,0,0,0,0,2,0.6666666666666666,0.0,0.6666666666666666,702.0,0.0,0,0.0,insufficient
1,shelter_expenses_by_hh_size < 961.00 & total_deductions_by_hh_size >=   5.00 & unc_rawben_rel_max >=   2.01 & utilities < 681.00,train_2022_23,national,150,63,93,331.0,0.46236559139784944,37.0,0.25806451612903225,59,28,2,4,0,0,13,31,49,0,76,1,0,31,44,0.6344086021505376,0.3333333333333333,0.4731182795698925,14819.0,10416.0,11,0.11827956989247312,post_authorization
1,shelter_expenses_by_hh_size < 961.00 & total_deductions_by_hh_size >=   5.00 & unc_rawben_rel_max >=   2.01 & utilities < 681.00,test_2024,national,35,16,27,331.0,0.4074074074074074,52.0,0.25925925925925924,21,6,0,0,0,0,1,15,11,0,17,0,0,3,16,0.7777777777777778,0.1111111111111111,0.5925925925925926,4767.0,1810.0,1,0.037037037037037035,post_authorization
1,shelter_expenses_by_hh_size < 961.00 & total_deductions_by_hh_size >=   5.00 & unc_rawben_rel_max >=   2.01 & utilities < 681.00,test_2024,deployed,2,2,3,331.0,0.6666666666666666,38.0,0.3333333333333333,2,1,0,0,0,0,0,2,1,0,0,0,0,0,2,0.6666666666666666,0.0,0.6666666666666666,312.0,0.0,0,0.0,insufficient
1,rawben_rel_max >   0.112 & shelter_expenses_by_hh_size <= 592.000 & unc_rawben_rel_max <=   0.978 & utilities >  55.500,train_2022_23,national,4204,385,530,363.0,0.3113207547169811,52.0,0.3433962264150943,367,136,3,24,0,0,39,330,161,0,183,228,0,131,369,0.6924528301886792,0.24716981132075472,0.6962264150943396,55223.0,37175.0,86,0.16226415094339622,post_authorization
1,rawben_rel_max >   0.112 & shelter_expenses_by_hh_size <= 592.000 & unc_rawben_rel_max <=   0.978 & utilities >  55.500,test_2024,national,1659,164,221,363.0,0.3257918552036199,52.0,0.37104072398190047,153,47,2,8,11,0,21,141,57,0,73,89,0,65,162,0.6923076923076923,0.29411764705882354,0.7330316742081447,25957.0,15411.0,48,0.2171945701357466,post_authorization
1,rawben_rel_max >   0.112 & shelter_expenses_by_hh_size <= 592.000 & unc_rawben_rel_max <=   0.978 & utilities >  55.500,test_2024,deployed,4,1,1,364.0,1.0,52.0,1.0,0,1,0,0,0,0,0,1,0,0,0,1,0,0,1,0.0,0.0,1.0,149.0,149.0,0,0.0,insufficient
4+,months_since_cert_n >  10.5 & shelter_expenses_by_hh_size > 349.0 & total_deductions_by_hh_size > 168.0,train_2022_23,national,92,39,66,311.0,0.30303030303030304,38.0,0.15151515151515152,36,29,0,1,0,0,4,28,34,0,36,23,2,21,32,0.5454545454545454,0.3181818181818182,0.48484848484848486,13364.0,12799.0,8,0.12121212121212122,post_authorization
4+,months_since_cert_n >  10.5 & shelter_expenses_by_hh_size > 349.0 & total_deductions_by_hh_size > 168.0,test_2024,national,45,17,34,311.0,0.35294117647058826,35.0,0.17647058823529413,13,19,0,1,1,0,1,8,25,0,23,2,0,7,9,0.38235294117647056,0.20588235294117646,0.2647058823529412,10874.0,6091.0,4,0.11764705882352941,post_authorization
4+,months_since_cert_n >  10.5 & shelter_expenses_by_hh_size > 349.0 & total_deductions_by_hh_size > 168.0,test_2024,deployed,2,1,1,346.0,1.0,38.0,1.0,0,1,0,0,0,0,0,0,1,0,1,0,0,0,0,0.0,0.0,0.0,859.0,859.0,0,0.0,insufficient
1,shelter_expenses_by_hh_size < 601 & total_deductions_by_hh_size < 199 & utilities >= 240,train_2022_23,national,3624,223,295,363.0,0.423728813559322,52.0,0.488135593220339,220,53,1,21,0,0,30,166,99,0,61,188,0,86,196,0.7457627118644068,0.29152542372881357,0.6644067796610169,32657.0,23799.0,48,0.16271186440677965,post_authorization
1,shelter_expenses_by_hh_size < 601 & total_deductions_by_hh_size < 199 & utilities >= 240,test_2024,national,1497,95,126,363.0,0.5,52.0,0.5555555555555556,94,21,1,4,6,0,19,75,31,0,26,64,0,38,94,0.746031746031746,0.30158730158730157,0.746031746031746,17337.0,10148.0,27,0.21428571428571427,post_authorization
1,shelter_expenses_by_hh_size < 601 & total_deductions_by_hh_size < 199 & utilities >= 240,test_2024,deployed,2,0,0,,,,,0,0,0,0,0,0,0,0,0,0,0,0,0,0,0,0.0,0.0,0.0,0.0,0.0,0,0.0,insufficient
1,shelter_expenses_by_hh_size > 2070.000 & unc_rawben_rel_max <=    0.991,train_2022_23,national,90,38,48,363.0,0.3333333333333333,53.0,0.25,27,19,0,2,0,0,7,25,16,0,28,10,0,9,32,0.5625,0.1875,0.6666666666666666,8060.0,5749.0,5,0.10416666666666667,post_authorization
1,shelter_expenses_by_hh_size > 2070.000 & unc_rawben_rel_max <=    0.991,test_2024,national,91,29,47,311.0,0.2765957446808511,35.0,0.2553191489361702,16,28,0,0,3,0,4,22,21,0,38,4,0,7,26,0.3404255319148936,0.14893617021276595,0.5531914893617021,8654.0,5964.0,2,0.0425531914893617,post_authorization
1,shelter_expenses_by_hh_size > 2070.000 & unc_rawben_rel_max <=    0.991,test_2024,deployed,9,3,5,365.0,0.2,56.0,0.2,2,3,0,0,0,0,1,3,1,0,1,4,0,1,4,0.4,0.2,0.8,861.0,896.0,1,0.2,post_authorization
2-3,cat_elig >=   1.000 & medical_deductions >= 179.000 & rawben_rel_max >=   0.137 & total_deductions_by_hh_size >= 242.000,train_2022_23,national,146,58,98,365.0,0.4387755102040816,53.0,0.4489795918367347,63,32,0,3,0,0,15,60,23,0,69,14,0,32,75,0.6428571428571429,0.32653061224489793,0.7653061224489796,14501.0,10276.0,22,0.22448979591836735,post_authorization
2-3,cat_elig >=   1.000 & medical_deductions >= 179.000 & rawben_rel_max >=   0.137 & total_deductions_by_hh_size >= 242.000,test_2024,national,74,27,35,365.0,0.37142857142857144,56.0,0.2857142857142857,23,9,1,0,2,0,4,19,12,0,24,3,0,14,23,0.6571428571428571,0.4,0.6571428571428571,5780.0,3537.0,6,0.17142857142857143,post_authorization
2-3,cat_elig >=   1.000 & medical_deductions >= 179.000 & rawben_rel_max >=   0.137 & total_deductions_by_hh_size >= 242.000,test_2024,deployed,20,7,9,331.0,0.3333333333333333,37.0,0.3333333333333333,5,3,0,0,1,0,1,4,4,0,7,2,0,2,5,0.5555555555555556,0.2222222222222222,0.5555555555555556,2360.0,1290.0,0,0.0,post_authorization
1,total_deductions_by_hh_size <= 209.0000 & unc_rawben_rel_max >  -0.0302 & utilities > 222.0000,train_2022_23,national,3374,243,321,363.0,0.411214953271028,52.0,0.4735202492211838,241,58,2,20,0,0,31,187,103,0,63,208,0,95,218,0.7507788161993769,0.29595015576323985,0.6791277258566978,35932.0,25685.0,54,0.16822429906542055,post_authorization
1,total_deductions_by_hh_size <= 209.0000 & unc_rawben_rel_max >  -0.0302 & utilities > 222.0000,test_2024,national,1498,114,154,363.0,0.4935064935064935,52.0,0.5584415584415584,117,26,1,4,6,0,23,91,39,0,31,82,0,45,114,0.7597402597402597,0.2922077922077922,0.7402597402597403,20384.0,12640.0,33,0.21428571428571427,post_authorization
1,total_deductions_by_hh_size <= 209.0000 & unc_rawben_rel_max >  -0.0302 & utilities > 222.0000,test_2024,deployed,6,1,2,363.0,0.5,57.0,0.5,2,0,0,0,0,0,0,0,2,0,0,2,0,0,0,1.0,0.0,0.0,256.0,256.0,0,0.0,insufficient
1,cat_elig >=    1 & rawben_rel_max <    1 & total_deductions_by_hh_size >= 1340,train_2022_23,national,125,50,74,363.0,0.32432432432432434,53.0,0.43243243243243246,45,26,2,1,0,0,7,47,20,0,45,9,0,21,54,0.6081081081081081,0.28378378378378377,0.7297297297297297,11907.0,7373.0,10,0.13513513513513514,post_authorization
1,cat_elig >=    1 & rawben_rel_max <    1 & total_deductions_by_hh_size >= 1340,test_2024,national,110,39,63,363.0,0.2857142857142857,56.0,0.2222222222222222,36,21,0,2,4,0,3,43,17,0,48,9,0,22,46,0.5714285714285714,0.3492063492063492,0.7301587301587301,9229.0,6182.0,11,0.1746031746031746,post_authorization
1,cat_elig >=    1 & rawben_rel_max <    1 & total_deductions_by_hh_size >= 1340,test_2024,deployed,7,0,0,,,,,0,0,0,0,0,0,0,0,0,0,0,0,0,0,0,0.0,0.0,0.0,0.0,0.0,0,0.0,insufficient
2-3,rawben_rel_max <   0.749 & total_deductions_by_hh_size >= 602.000 & total_deductions_by_hh_size < 683.000,train_2022_23,national,77,32,67,311.0,0.2537313432835821,35.0,0.1791044776119403,34,29,0,4,0,0,8,38,21,0,35,11,1,12,46,0.5074626865671642,0.1791044776119403,0.6865671641791045,11154.0,5434.0,4,0.05970149253731343,post_authorization
2-3,rawben_rel_max <   0.749 & total_deductions_by_hh_size >= 602.000 & total_deductions_by_hh_size < 683.000,test_2024,national,76,18,22,311.0,0.3181818181818182,35.0,0.3181818181818182,6,14,0,1,1,0,6,12,4,0,18,0,0,4,18,0.2727272727272727,0.18181818181818182,0.8181818181818182,4038.0,2743.0,3,0.13636363636363635,post_authorization
2-3,rawben_rel_max <   0.749 & total_deductions_by_hh_size >= 602.000 & total_deductions_by_hh_size < 683.000,test_2024,deployed,7,1,1,363.0,1.0,53.0,1.0,0,1,0,0,0,0,0,1,0,0,1,0,0,0,1,0.0,0.0,1.0,163.0,163.0,0,0.0,insufficient
4+,expedited_i >   0.500 & months_since_cert_n >   5.500 & total_deductions_by_hh_size <= 181.000 & unc_rawben_rel_max <=   0.935,train_2022_23,national,83,34,55,311.0,0.32727272727272727,38.0,0.2,35,18,1,1,0,0,4,20,31,0,22,22,0,18,24,0.6363636363636364,0.32727272727272727,0.43636363636363634,13962.0,8673.0,5,0.09090909090909091,post_authorization
4+,expedited_i >   0.500 & months_since_cert_n >   5.500 & total_deductions_by_hh_size <= 181.000 & unc_rawben_rel_max <=   0.935,test_2024,national,35,9,14,311.0,0.42857142857142855,38.0,0.2857142857142857,9,3,0,0,2,0,0,3,11,0,8,2,0,5,3,0.6428571428571429,0.35714285714285715,0.21428571428571427,3752.0,1947.0,1,0.07142857142857142,post_authorization
4+,expedited_i >   0.500 & months_since_cert_n >   5.500 & total_deductions_by_hh_size <= 181.000 & unc_rawben_rel_max <=   0.935,test_2024,deployed,2,2,3,363.0,0.3333333333333333,56.0,0.3333333333333333,0,1,0,0,2,0,0,1,2,0,3,0,0,0,1,0.0,0.0,0.3333333333333333,1325.0,1325.0,0,0.0,insufficient
1,rawben_rel_max <   0.968 & shelter_expenses_by_hh_size < 595.000 & utilities >= 149.000,train_2022_23,national,5073,389,534,363.0,0.31835205992509363,52.0,0.34831460674157305,379,124,2,29,0,0,42,326,166,0,182,236,0,141,368,0.7097378277153558,0.2640449438202247,0.6891385767790262,57807.0,39011.0,91,0.1704119850187266,post_authorization
1,rawben_rel_max <   0.968 & shelter_expenses_by_hh_size < 595.000 & utilities >= 149.000,test_2024,national,1942,155,205,363.0,0.37073170731707317,52.0,0.4,145,39,2,8,11,0,23,131,49,0,65,83,0,64,154,0.7073170731707317,0.3121951219512195,0.751219512195122,25867.0,15523.0,48,0.23414634146341465,post_authorization
1,rawben_rel_max <   0.968 & shelter_expenses_by_hh_size < 595.000 & utilities >= 149.000,test_2024,deployed,7,1,1,364.0,1.0,52.0,1.0,0,1,0,0,0,0,0,1,0,0,0,1,0,0,1,0.0,0.0,1.0,149.0,149.0,0,0.0,insufficient
4+,rawben_rel_max <=   0.783 & total_deductions_by_hh_size >  11.600 & total_deductions_by_hh_size <= 129.000 & unc_rawben_rel_max >   0.527,train_2022_23,national,1147,285,445,311.0,0.37303370786516854,38.0,0.17752808988764046,272,160,1,11,0,1,53,257,134,0,199,123,0,110,310,0.6112359550561798,0.24719101123595505,0.6966292134831461,87857.0,50085.0,80,0.1797752808988764,post_authorization
4+,rawben_rel_max <=   0.783 & total_deductions_by_hh_size >  11.600 & total_deductions_by_hh_size <= 129.000 & unc_rawben_rel_max >   0.527,test_2024,national,508,122,193,311.0,0.29533678756476683,38.0,0.17616580310880828,95,77,3,5,13,0,15,134,44,0,100,56,0,66,149,0.49222797927461137,0.34196891191709844,0.772020725388601,41404.0,25740.0,39,0.20207253886010362,post_authorization
4+,rawben_rel_max <=   0.783 & total_deductions_by_hh_size >  11.600 & total_deductions_by_hh_size <= 129.000 & unc_rawben_rel_max >   0.527,test_2024,deployed,22,11,11,311.0,0.8181818181818182,38.0,0.45454545454545453,1,8,0,1,1,0,0,3,8,0,8,3,0,1,3,0.09090909090909091,0.09090909090909091,0.2727272727272727,1504.0,1504.0,0,0.0,post_authorization
4+,count_divisible_by_100 <= 0.500 & months_since_cert_n > 3.500 & unc_rawben_rel_max > 0.440 & unc_rawben_rel_max <= 0.772,train_2022_23,national,1679,440,694,311.0,0.3400576368876081,38.0,0.1844380403458213,413,251,2,26,0,2,62,356,274,0,308,216,0,187,418,0.5951008645533141,0.26945244956772335,0.6023054755043228,133718.0,79304.0,119,0.17146974063400577,post_authorization
4+,count_divisible_by_100 <= 0.500 & months_since_cert_n > 3.500 & unc_rawben_rel_max > 0.440 & unc_rawben_rel_max <= 0.772,test_2024,national,877,228,352,311.0,0.3494318181818182,38.0,0.1590909090909091,178,145,2,4,23,0,21,176,148,1,191,77,1,94,197,0.5056818181818182,0.26704545454545453,0.5596590909090909,83261.0,52416.0,52,0.14772727272727273,post_authorization
4+,count_divisible_by_100 <= 0.500 & months_since_cert_n > 3.500 & unc_rawben_rel_max > 0.440 & unc_rawben_rel_max <= 0.772,test_2024,deployed,18,7,7,311.0,0.7142857142857143,41.0,0.42857142857142855,0,7,0,0,0,0,1,0,6,0,6,1,0,1,1,0.0,0.14285714285714285,0.14285714285714285,1538.0,1538.0,0,0.0,post_authorization
4+,HH_size_n >  4.500 & rawben_rel_max >  0.541 & rawben_rel_max <=  0.783 & total_deductions_by_hh_size > 40.800,train_2022_23,national,1075,286,435,311.0,0.36551724137931035,38.0,0.20689655172413793,266,157,1,11,0,0,34,280,121,0,203,112,0,117,314,0.6114942528735632,0.2689655172413793,0.7218390804597701,92302.0,54341.0,87,0.2,post_authorization
4+,HH_size_n >  4.500 & rawben_rel_max >  0.541 & rawben_rel_max <=  0.783 & total_deductions_by_hh_size > 40.800,test_2024,national,633,174,257,311.0,0.4085603112840467,38.0,0.1828793774319066,129,106,2,3,17,0,15,177,64,1,148,55,0,62,192,0.5019455252918288,0.24124513618677043,0.7470817120622568,59346.0,33853.0,39,0.1517509727626459,post_authorization
4+,HH_size_n >  4.500 & rawben_rel_max >  0.541 & rawben_rel_max <=  0.783 & total_deductions_by_hh_size > 40.800,test_2024,deployed,16,10,10,311.0,1.0,41.0,0.6,0,10,0,0,0,0,0,3,7,0,6,4,0,1,3,0.0,0.1,0.3,1796.0,1796.0,0,0.0,post_authorization
4+,count_divisible_by_100 <=   0.500 & total_deductions_by_hh_size <= 132.000 & unc_rawben_rel_max >   0.541 & unc_rawben_rel_max <=   0.780,train_2022_23,national,1238,290,451,311.0,0.3392461197339246,38.0,0.18181818181818182,285,152,1,12,0,1,54,259,137,0,199,136,0,119,313,0.6319290465631929,0.2638580931263858,0.6940133037694013,87191.0,50734.0,87,0.19290465631929046,post_authorization
4+,count_divisible_by_100 <=   0.500 & total_deductions_by_hh_size <= 132.000 & unc_rawben_rel_max >   0.541 & unc_rawben_rel_max <=   0.780,test_2024,national,577,125,185,311.0,0.2810810810810811,38.0,0.16756756756756758,101,71,3,3,7,0,11,125,49,0,96,47,0,63,136,0.5459459459459459,0.34054054054054056,0.7351351351351352,40908.0,25941.0,35,0.1891891891891892,post_authorization
4+,count_divisible_by_100 <=   0.500 & total_deductions_by_hh_size <= 132.000 & unc_rawben_rel_max >   0.541 & unc_rawben_rel_max <=   0.780,test_2024,deployed,29,11,11,311.0,0.7272727272727273,41.0,0.36363636363636365,1,9,0,1,0,0,1,2,8,0,8,3,0,1,3,0.09090909090909091,0.09090909090909091,0.2727272727272727,2157.0,2157.0,0,0.0,post_authorization
4+,elderly_disabled_i <   1.000 & rawben_rel_max <   0.918 & shelter_expenses_by_hh_size >=  64.000 & shelter_expenses_by_hh_size < 152.000,train_2022_23,national,1048,241,360,311.0,0.3972222222222222,44.0,0.14722222222222223,216,128,1,15,0,0,24,226,110,0,141,106,0,88,250,0.6,0.24444444444444444,0.6944444444444444,77917.0,48580.0,59,0.1638888888888889,post_authorization
4+,elderly_disabled_i <   1.000 & rawben_rel_max <   0.918 & shelter_expenses_by_hh_size >=  64.000 & shelter_expenses_by_hh_size < 152.000,test_2024,national,467,110,196,311.0,0.3520408163265306,38.0,0.15306122448979592,102,66,1,9,17,1,21,131,39,1,80,59,0,64,152,0.5204081632653061,0.32653061224489793,0.7755102040816326,44848.0,23477.0,42,0.21428571428571427,post_authorization
4+,elderly_disabled_i <   1.000 & rawben_rel_max <   0.918 & shelter_expenses_by_hh_size >=  64.000 & shelter_expenses_by_hh_size < 152.000,test_2024,deployed,22,8,8,311.0,0.875,41.0,0.375,0,6,0,1,1,0,1,3,4,0,5,3,0,0,4,0.0,0.0,0.5,1469.0,1469.0,0,0.0,post_authorization
4+,elderly_disabled_i <=   0.500 & rawben_rel_max <=   0.783 & total_deductions_by_hh_size <= 122.000 & unc_rawben_rel_max >   0.474,train_2022_23,national,1075,262,418,311.0,0.37559808612440193,38.0,0.1674641148325359,262,144,1,10,0,1,34,248,135,0,170,128,0,110,282,0.6267942583732058,0.2631578947368421,0.6746411483253588,83507.0,46476.0,77,0.18421052631578946,post_authorization
4+,elderly_disabled_i <=   0.500 & rawben_rel_max <=   0.783 & total_deductions_by_hh_size <= 122.000 & unc_rawben_rel_max >   0.474,test_2024,national,495,112,173,311.0,0.3352601156069364,38.0,0.13872832369942195,84,66,2,6,15,0,9,124,39,0,81,55,0,56,133,0.48554913294797686,0.3236994219653179,0.7687861271676301,40043.0,26348.0,35,0.2023121387283237,post_authorization
4+,elderly_disabled_i <=   0.500 & rawben_rel_max <=   0.783 & total_deductions_by_hh_size <= 122.000 & unc_rawben_rel_max >   0.474,test_2024,deployed,27,12,12,311.0,0.9166666666666666,41.0,0.5,0,10,0,1,1,0,0,3,9,0,8,4,0,1,3,0.0,0.08333333333333333,0.25,1620.0,1620.0,0,0.0,post_authorization
4+,months_since_cert_n >=   1.000 & rawben_rel_max <   0.776 & total_deductions_by_hh_size >=  11.500 & total_deductions_by_hh_size < 122.000,train_2022_23,national,1793,410,656,311.0,0.36585365853658536,38.0,0.17530487804878048,407,223,1,23,0,2,59,374,221,0,288,190,4,165,433,0.6204268292682927,0.25152439024390244,0.6600609756097561,132422.0,78517.0,117,0.17835365853658536,post_authorization
4+,months_since_cert_n >=   1.000 & rawben_rel_max <   0.776 & total_deductions_by_hh_size >=  11.500 & total_deductions_by_hh_size < 122.000,test_2024,national,747,169,275,311.0,0.29818181818181816,38.0,0.16,140,108,3,4,20,0,19,173,82,0,139,75,0,89,192,0.509090909090909,0.3236363636363636,0.6981818181818182,63674.0,35958.0,47,0.1709090909090909,post_authorization
4+,months_since_cert_n >=   1.000 & rawben_rel_max <   0.776 & total_deductions_by_hh_size >=  11.500 & total_deductions_by_hh_size < 122.000,test_2024,deployed,31,16,16,311.0,0.8125,41.0,0.4375,1,14,0,0,1,0,0,3,13,0,10,6,0,1,3,0.0625,0.0625,0.1875,1920.0,1920.0,0,0.0,post_authorization
4+,HH_size_n > 4.500 & months_since_cert_n > 1.500 & unc_rawben_rel_max <= 0.783,train_2022_23,national,2155,539,852,311.0,0.323943661971831,38.0,0.19131455399061034,522,300,1,28,0,1,62,508,281,0,361,241,1,239,570,0.6126760563380281,0.2805164319248826,0.6690140845070423,170453.0,110321.0,165,0.1936619718309859,post_authorization
4+,HH_size_n > 4.500 & months_since_cert_n > 1.500 & unc_rawben_rel_max <= 0.783,test_2024,national,1207,326,510,311.0,0.39019607843137255,38.0,0.1843137254901961,255,208,1,9,37,0,32,300,171,1,258,129,1,139,332,0.5,0.2725490196078431,0.6509803921568628,132402.0,75642.0,77,0.15098039215686274,post_authorization
4+,HH_size_n > 4.500 & months_since_cert_n > 1.500 & unc_rawben_rel_max <= 0.783,test_2024,deployed,32,13,13,311.0,1.0,41.0,0.6153846153846154,0,12,0,0,1,0,0,3,10,0,9,4,0,1,3,0.0,0.07692307692307693,0.23076923076923078,1897.0,1897.0,0,0.0,post_authorization
4+,shelter_expenses_by_hh_size <= 151.000 & total_deductions_by_hh_size >  40.800 & unc_rawben_rel_max <=   0.783,train_2022_23,national,1061,227,347,311.0,0.48703170028818443,38.0,0.17579250720461095,206,126,2,13,0,0,29,215,103,0,151,94,1,80,244,0.5936599423631124,0.23054755043227665,0.7031700288184438,80908.0,46919.0,57,0.1642651296829971,post_authorization
4+,shelter_expenses_by_hh_size <= 151.000 & total_deductions_by_hh_size >  40.800 & unc_rawben_rel_max <=   0.783,test_2024,national,466,98,162,311.0,0.37037037037037035,38.0,0.14814814814814814,72,70,1,4,15,0,17,110,32,0,77,43,0,48,127,0.4444444444444444,0.2962962962962963,0.7839506172839507,35507.0,18299.0,26,0.16049382716049382,post_authorization
4+,shelter_expenses_by_hh_size <= 151.000 & total_deductions_by_hh_size >  40.800 & unc_rawben_rel_max <=   0.783,test_2024,deployed,28,15,15,311.0,0.7333333333333333,41.0,0.4,0,14,0,0,1,0,0,6,9,0,10,5,0,1,6,0.0,0.06666666666666667,0.4,2001.0,2001.0,0,0.0,post_authorization
4+,elderly_disabled_i <=  0.500 & rawben_rel_max <=  0.944 & total_deductions_by_hh_size > 11.800 & total_deductions_by_hh_size <= 89.000,train_2022_23,national,1006,262,395,311.0,0.38734177215189874,38.0,0.1620253164556962,253,130,1,10,0,1,34,246,114,0,155,125,0,88,280,0.640506329113924,0.22278481012658227,0.7088607594936709,83822.0,48440.0,59,0.14936708860759493,post_authorization
4+,elderly_disabled_i <=  0.500 & rawben_rel_max <=  0.944 & total_deductions_by_hh_size > 11.800 & total_deductions_by_hh_size <= 89.000,test_2024,national,417,116,185,311.0,0.32432432432432434,38.0,0.20540540540540542,94,68,1,8,14,0,14,132,38,1,81,53,0,54,146,0.5081081081081081,0.2918918918918919,0.7891891891891892,39631.0,25321.0,39,0.21081081081081082,post_authorization
4+,elderly_disabled_i <=  0.500 & rawben_rel_max <=  0.944 & total_deductions_by_hh_size > 11.800 & total_deductions_by_hh_size <= 89.000,test_2024,deployed,26,13,13,311.0,0.8461538461538461,38.0,0.38461538461538464,0,12,0,1,0,0,1,3,9,0,8,5,0,0,4,0.0,0.0,0.3076923076923077,2060.0,2060.0,0,0.0,post_authorization
4+,married <=   0.500 & shelter_expenses_by_hh_size <= 122.000 & total_deductions_by_hh_size >  11.900 & unc_rawben_rel_max <=   0.947,train_2022_23,national,828,215,327,311.0,0.41590214067278286,44.0,0.17737003058103976,208,109,1,8,0,1,22,220,84,0,134,96,0,80,242,0.636085626911315,0.24464831804281345,0.7400611620795107,73604.0,41134.0,50,0.1529051987767584,post_authorization
4+,married <=   0.500 & shelter_expenses_by_hh_size <= 122.000 & total_deductions_by_hh_size >  11.900 & unc_rawben_rel_max <=   0.947,test_2024,national,362,87,138,311.0,0.4057971014492754,38.0,0.1956521739130435,55,66,0,6,11,0,7,93,37,0,60,36,0,31,100,0.39855072463768115,0.2246376811594203,0.7246376811594203,31796.0,19998.0,17,0.12318840579710146,post_authorization
4+,married <=   0.500 & shelter_expenses_by_hh_size <= 122.000 & total_deductions_by_hh_size >  11.900 & unc_rawben_rel_max <=   0.947,test_2024,deployed,30,16,16,311.0,0.75,38.0,0.375,0,15,0,1,0,0,1,5,10,0,10,6,0,1,6,0.0,0.0625,0.375,2236.0,2236.0,0,0.0,post_authorization
2-3,medical_deductions >= 179.00 & rawben_rel_max >=   0.57 & shelter_expenses_by_hh_size >= 261.00 & utilities < 921.00,train_2022_23,national,69,31,58,365.0,0.41379310344827586,53.0,0.4827586206896552,39,17,0,2,0,0,11,37,10,0,45,5,0,21,48,0.6724137931034483,0.3620689655172414,0.8275862068965517,10599.0,6801.0,16,0.27586206896551724,mixed
2-3,medical_deductions >= 179.00 & rawben_rel_max >=   0.57 & shelter_expenses_by_hh_size >= 261.00 & utilities < 921.00,test_2024,national,33,15,19,365.0,0.47368421052631576,53.0,0.42105263157894735,10,4,1,0,4,0,3,10,6,0,13,1,0,8,13,0.5263157894736842,0.42105263157894735,0.6842105263157895,3360.0,2346.0,3,0.15789473684210525,post_authorization
2-3,medical_deductions >= 179.00 & rawben_rel_max >=   0.57 & shelter_expenses_by_hh_size >= 261.00 & utilities < 921.00,test_2024,deployed,3,0,0,,,,,0,0,0,0,0,0,0,0,0,0,0,0,0,0,0,0.0,0.0,0.0,0.0,0.0,0,0.0,insufficient
4+,months_since_cert_n >  0.500 & rawben_rel_max >  0.474 & total_deductions_by_hh_size > 12.000 & unc_rawben_rel_max <=  0.784,train_2022_23,national,2677,668,1053,311.0,0.345679012345679,38.0,0.18518518518518517,615,393,2,40,0,3,100,635,315,0,491,283,0,257,735,0.584045584045584,0.24406457739791074,0.698005698005698,203938.0,123657.0,181,0.17188983855650522,post_authorization
4+,months_since_cert_n >  0.500 & rawben_rel_max >  0.474 & total_deductions_by_hh_size > 12.000 & unc_rawben_rel_max <=  0.784,test_2024,national,1442,376,588,311.0,0.35714285714285715,38.0,0.16666666666666666,288,240,5,9,46,0,42,364,175,1,289,136,2,149,406,0.4897959183673469,0.2534013605442177,0.6904761904761905,131410.0,74930.0,88,0.14965986394557823,post_authorization
4+,months_since_cert_n >  0.500 & rawben_rel_max >  0.474 & total_deductions_by_hh_size > 12.000 & unc_rawben_rel_max <=  0.784,test_2024,deployed,38,19,19,311.0,0.9473684210526315,41.0,0.5789473684210527,1,17,0,0,1,0,0,4,15,0,11,8,0,1,4,0.05263157894736842,0.05263157894736842,0.21052631578947367,2781.0,2781.0,0,0.0,post_authorization
4+,cat_elig <=  0.500 & medical_deductions <= 37.500 & months_since_cert_n >  4.500 & rawben_rel_max <=  0.944,train_2022_23,national,385,94,128,311.0,0.4140625,38.0,0.1796875,54,67,0,7,0,0,16,57,55,0,89,35,0,26,73,0.421875,0.203125,0.5703125,23563.0,16655.0,14,0.109375,post_authorization
4+,cat_elig <=  0.500 & medical_deductions <= 37.500 & months_since_cert_n >  4.500 & rawben_rel_max <=  0.944,test_2024,national,148,34,45,311.0,0.4444444444444444,38.0,0.15555555555555556,24,16,0,1,3,1,0,14,28,0,27,14,0,10,14,0.5333333333333333,0.2222222222222222,0.3111111111111111,8458.0,5756.0,2,0.044444444444444446,post_authorization
4+,cat_elig <=  0.500 & medical_deductions <= 37.500 & months_since_cert_n >  4.500 & rawben_rel_max <=  0.944,test_2024,deployed,17,5,5,311.0,0.8,41.0,0.4,0,5,0,0,0,0,0,0,5,0,3,2,0,1,0,0.0,0.2,0.0,620.0,620.0,0,0.0,post_authorization
4+,months_since_cert_n >   4.500 & total_deductions_by_hh_size <= 129.000 & unc_rawben_rel_max <=   0.968,train_2022_23,national,1668,392,621,311.0,0.3027375201288245,38.0,0.16908212560386474,385,213,1,22,0,0,59,280,282,0,257,217,1,195,339,0.6199677938808373,0.3140096618357488,0.5458937198067633,125483.0,72960.0,96,0.15458937198067632,post_authorization
4+,months_since_cert_n >   4.500 & total_deductions_by_hh_size <= 129.000 & unc_rawben_rel_max <=   0.968,test_2024,national,663,168,282,311.0,0.2695035460992908,35.0,0.13829787234042554,152,112,1,6,10,1,25,143,112,0,144,77,0,100,168,0.5390070921985816,0.3546099290780142,0.5957446808510638,66877.0,41693.0,42,0.14893617021276595,post_authorization
4+,months_since_cert_n >   4.500 & total_deductions_by_hh_size <= 129.000 & unc_rawben_rel_max <=   0.968,test_2024,deployed,17,6,6,311.0,0.6666666666666666,44.0,0.3333333333333333,0,6,0,0,0,0,0,0,6,0,3,3,0,1,0,0.0,0.16666666666666666,0.0,717.0,717.0,0,0.0,post_authorization
4+,count_divisible_by_100 <= 0.500 & HH_size_n > 4.500 & married <= 0.500 & rawben_rel_max <= 0.783,train_2022_23,national,1236,328,515,311.0,0.32427184466019415,38.0,0.18058252427184465,317,178,1,18,0,1,41,334,139,0,220,139,0,145,375,0.6155339805825243,0.2815533980582524,0.7281553398058253,100429.0,58880.0,105,0.20388349514563106,post_authorization
4+,count_divisible_by_100 <= 0.500 & HH_size_n > 4.500 & married <= 0.500 & rawben_rel_max <= 0.783,test_2024,national,746,201,321,311.0,0.3613707165109034,38.0,0.16822429906542055,167,132,0,3,19,0,8,206,103,0,140,72,1,91,214,0.5202492211838006,0.2834890965732087,0.6666666666666666,80679.0,43829.0,55,0.17133956386292834,post_authorization
4+,count_divisible_by_100 <= 0.500 & HH_size_n > 4.500 & married <= 0.500 & rawben_rel_max <= 0.783,test_2024,deployed,24,10,10,311.0,1.0,41.0,0.5,0,9,0,0,1,0,0,3,7,0,9,1,0,1,3,0.0,0.1,0.3,1585.0,1585.0,0,0.0,post_authorization
2-3,married <   1.000 & rawben_rel_max >=   0.933 & total_deductions_by_hh_size >= 308.000 & unc_rawben_rel_max >=   1.510,train_2022_23,national,99,47,62,311.0,0.25806451612903225,38.0,0.2903225806451613,34,27,0,1,0,0,6,34,22,0,49,1,0,17,40,0.5483870967741935,0.27419354838709675,0.6451612903225806,13932.0,12314.0,13,0.20967741935483872,post_authorization
2-3,married <   1.000 & rawben_rel_max >=   0.933 & total_deductions_by_hh_size >= 308.000 & unc_rawben_rel_max >=   1.510,test_2024,national,67,21,32,311.0,0.3125,99.0,0.1875,11,16,0,0,5,0,2,24,6,0,20,1,0,6,26,0.34375,0.1875,0.8125,11043.0,5732.0,4,0.125,post_authorization
2-3,married <   1.000 & rawben_rel_max >=   0.933 & total_deductions_by_hh_size >= 308.000 & unc_rawben_rel_max >=   1.510,test_2024,deployed,5,1,1,312.0,1.0,45.0,1.0,0,0,0,0,1,0,0,1,0,0,1,0,0,1,1,0.0,1.0,1.0,117.0,117.0,0,0.0,insufficient
4+,months_since_cert_n >  6.500 & total_deductions_by_hh_size > 26.600 & unc_rawben_rel_max >  0.427 & unc_rawben_rel_max <=  1.030,train_2022_23,national,1487,423,670,311.0,0.3373134328358209,38.0,0.1761194029850746,383,258,2,25,0,2,55,302,311,0,350,173,2,189,357,0.5716417910447761,0.282089552238806,0.5328358208955224,142831.0,85598.0,89,0.1328358208955224,post_authorization
4+,months_since_cert_n >  6.500 & total_deductions_by_hh_size > 26.600 & unc_rawben_rel_max >  0.427 & unc_rawben_rel_max <=  1.030,test_2024,national,677,212,350,311.0,0.32285714285714284,38.0,0.14857142857142858,176,148,2,4,19,1,24,140,180,1,192,78,0,91,164,0.5028571428571429,0.26,0.4685714285714286,89455.0,51207.0,37,0.10571428571428572,post_authorization
4+,months_since_cert_n >  6.500 & total_deductions_by_hh_size > 26.600 & unc_rawben_rel_max >  0.427 & unc_rawben_rel_max <=  1.030,test_2024,deployed,17,7,9,311.0,0.4444444444444444,38.0,0.3333333333333333,5,3,0,0,1,0,0,3,6,0,7,2,0,1,3,0.5555555555555556,0.1111111111111111,0.3333333333333333,1806.0,1403.0,0,0.0,post_authorization
4+,months_since_cert_n > 6.500 & percent_abawd <= 0.125 & rawben_rel_max <= 0.998,train_2022_23,national,2004,511,805,311.0,0.3130434782608696,38.0,0.1701863354037267,467,304,2,30,0,2,63,353,387,0,378,240,2,236,416,0.5801242236024845,0.29316770186335406,0.5167701863354037,164081.0,97328.0,114,0.14161490683229813,post_authorization
4+,months_since_cert_n > 6.500 & percent_abawd <= 0.125 & rawben_rel_max <= 0.998,test_2024,national,890,260,428,311.0,0.3317757009345794,38.0,0.14719626168224298,213,182,2,4,26,1,30,174,218,1,229,95,0,129,204,0.4976635514018692,0.3014018691588785,0.4766355140186916,103379.0,56863.0,47,0.10981308411214953,post_authorization
4+,months_since_cert_n > 6.500 & percent_abawd <= 0.125 & rawben_rel_max <= 0.998,test_2024,deployed,19,7,9,311.0,0.4444444444444444,38.0,0.3333333333333333,5,3,0,0,1,0,0,3,6,0,7,2,0,1,3,0.5555555555555556,0.1111111111111111,0.3333333333333333,1806.0,1403.0,0,0.0,post_authorization
4+,months_since_cert_n >   5.50 & shelter_expenses_by_hh_size > 182.00 & unc_rawben_rel_max <=   1.01 & utilities > 241.00,train_2022_23,national,1495,413,647,311.0,0.3168469860896445,38.0,0.19629057187017002,367,256,1,21,0,2,53,309,283,0,326,177,2,163,362,0.5672333848531684,0.25193199381761977,0.5595054095826894,134402.0,85084.0,83,0.12828438948995363,post_authorization
4+,months_since_cert_n >   5.50 & shelter_expenses_by_hh_size > 182.00 & unc_rawben_rel_max <=   1.01 & utilities > 241.00,test_2024,national,757,229,370,311.0,0.34594594594594597,38.0,0.16756756756756758,179,166,1,4,20,0,16,157,193,1,202,83,0,92,173,0.4837837837837838,0.24864864864864866,0.46756756756756757,88137.0,51386.0,35,0.0945945945945946,post_authorization
4+,months_since_cert_n >   5.50 & shelter_expenses_by_hh_size > 182.00 & unc_rawben_rel_max <=   1.01 & utilities > 241.00,test_2024,deployed,16,6,10,311.0,0.3,38.0,0.3,4,4,0,1,1,0,0,4,6,0,8,2,0,1,4,0.4,0.1,0.4,2075.0,1396.0,0,0.0,post_authorization
4+,cat_elig <=  0.500 & months_since_cert_n >  5.500 & rawben_rel_max <=  0.998 & utilities > 69.000,train_2022_23,national,255,63,94,311.0,0.3723404255319149,53.0,0.22340425531914893,46,42,0,6,0,0,13,42,39,0,74,20,0,22,55,0.48936170212765956,0.23404255319148937,0.5851063829787234,16690.0,10618.0,10,0.10638297872340426,post_authorization
4+,cat_elig <=  0.500 & months_since_cert_n >  5.500 & rawben_rel_max <=  0.998 & utilities > 69.000,test_2024,national,79,20,26,363.0,0.38461538461538464,38.0,0.15384615384615385,15,8,0,1,1,1,0,7,18,0,16,8,0,3,7,0.5769230769230769,0.11538461538461539,0.2692307692307692,4675.0,3318.0,1,0.038461538461538464,post_authorization
4+,cat_elig <=  0.500 & months_since_cert_n >  5.500 & rawben_rel_max <=  0.998 & utilities > 69.000,test_2024,deployed,22,6,7,311.0,0.5714285714285714,38.0,0.42857142857142855,4,2,0,0,1,0,0,2,5,0,5,2,0,0,2,0.5714285714285714,0.0,0.2857142857142857,1488.0,1244.0,0,0.0,post_authorization
4+,expedited_i <=   0.5 & months_since_cert_n >   5.5 & shelter_expenses_by_hh_size > 183.0 & shelter_expenses_by_hh_size <= 302.0,train_2022_23,national,1017,236,368,311.0,0.3233695652173913,38.0,0.21467391304347827,219,137,1,11,0,0,36,187,145,0,187,95,0,79,223,0.595108695652174,0.21467391304347827,0.6059782608695652,76912.0,44760.0,43,0.11684782608695653,post_authorization
4+,expedited_i <=   0.5 & months_since_cert_n >   5.5 & shelter_expenses_by_hh_size > 183.0 & shelter_expenses_by_hh_size <= 302.0,test_2024,national,406,113,188,311.0,0.32978723404255317,38.0,0.1595744680851064,87,91,1,1,8,0,16,75,94,1,106,50,0,50,91,0.4627659574468085,0.26595744680851063,0.48404255319148937,44121.0,23832.0,14,0.07446808510638298,post_authorization
4+,expedited_i <=   0.5 & months_since_cert_n >   5.5 & shelter_expenses_by_hh_size > 183.0 & shelter_expenses_by_hh_size <= 302.0,test_2024,deployed,18,5,9,363.0,0.3333333333333333,38.0,0.3333333333333333,4,4,0,1,0,0,0,3,6,0,7,2,0,1,3,0.4444444444444444,0.1111111111111111,0.3333333333333333,1704.0,1025.0,0,0.0,post_authorization
4+,months_since_cert_n > 5.5000 & percent_abawd <= 0.0714 & rawben_rel_max <= 0.9980,train_2022_23,national,2405,614,965,311.0,0.3150259067357513,38.0,0.17098445595854922,560,369,2,32,0,2,77,437,449,0,450,276,3,274,514,0.5803108808290155,0.2839378238341969,0.5326424870466321,202987.0,119215.0,133,0.1378238341968912,post_authorization
4+,months_since_cert_n > 5.5000 & percent_abawd <= 0.0714 & rawben_rel_max <= 0.9980,test_2024,national,1081,308,501,311.0,0.3313373253493014,38.0,0.1536926147704591,249,213,2,6,30,1,33,218,244,1,260,112,0,145,251,0.49700598802395207,0.2894211576846307,0.500998003992016,117179.0,63974.0,56,0.11177644710578842,post_authorization
4+,months_since_cert_n > 5.5000 & percent_abawd <= 0.0714 & rawben_rel_max <= 0.9980,test_2024,deployed,28,8,12,311.0,0.3333333333333333,38.0,0.3333333333333333,6,4,0,1,1,0,0,5,7,0,10,2,0,1,5,0.5,0.08333333333333333,0.4166666666666667,2220.0,1541.0,0,0.0,post_authorization
1,medical_deductions >= 201.000 & rawben_rel_max >=   0.762 & rawben_rel_max <   0.936 & total_deductions_by_hh_size >= 784.000,train_2022_23,national,71,31,45,365.0,0.6444444444444445,53.0,0.7555555555555555,35,8,1,1,0,0,7,32,6,0,32,2,0,11,39,0.7777777777777778,0.24444444444444444,0.8666666666666667,8098.0,5062.0,7,0.15555555555555556,post_authorization
1,medical_deductions >= 201.000 & rawben_rel_max >=   0.762 & rawben_rel_max <   0.936 & total_deductions_by_hh_size >= 784.000,test_2024,national,39,12,19,365.0,0.631578947368421,56.0,0.3684210526315789,13,5,0,0,1,0,0,17,2,0,13,2,0,9,17,0.6842105263157895,0.47368421052631576,0.8947368421052632,3344.0,1811.0,6,0.3157894736842105,mixed
1,medical_deductions >= 201.000 & rawben_rel_max >=   0.762 & rawben_rel_max <   0.936 & total_deductions_by_hh_size >= 784.000,test_2024,deployed,10,1,2,346.0,0.5,35.0,0.5,0,2,0,0,0,0,0,2,0,0,2,0,0,0,2,0.0,0.0,1.0,240.0,120.0,0,0.0,insufficient
1,medical_deductions >   96.200 & total_deductions_by_hh_size > 1370.000 & unc_rawben_rel_max >    0.326 & unc_rawben_rel_max <=    0.998,train_2022_23,national,74,31,52,365.0,0.36538461538461536,53.0,0.4807692307692308,31,19,2,0,0,0,6,31,15,0,31,5,0,18,37,0.5961538461538461,0.34615384615384615,0.7115384615384616,8280.0,4688.0,8,0.15384615384615385,post_authorization
1,medical_deductions >   96.200 & total_deductions_by_hh_size > 1370.000 & unc_rawben_rel_max >    0.326 & unc_rawben_rel_max <=    0.998,test_2024,national,63,20,32,365.0,0.4375,56.0,0.3125,17,10,0,2,3,0,1,27,4,0,22,7,0,14,28,0.53125,0.4375,0.875,4745.0,3627.0,8,0.25,mixed
1,medical_deductions >   96.200 & total_deductions_by_hh_size > 1370.000 & unc_rawben_rel_max >    0.326 & unc_rawben_rel_max <=    0.998,test_2024,deployed,4,0,0,,,,,0,0,0,0,0,0,0,0,0,0,0,0,0,0,0,0.0,0.0,0.0,0.0,0.0,0,0.0,insufficient
4+,expedited_i <=   0.5 & months_since_cert_n >   5.5 & shelter_expenses_by_hh_size > 183.0,train_2022_23,national,1762,450,696,311.0,0.32471264367816094,38.0,0.1867816091954023,392,279,1,22,0,2,55,344,295,0,350,179,2,173,399,0.5632183908045977,0.24856321839080459,0.5732758620689655,149754.0,95182.0,86,0.1235632183908046,post_authorization
4+,expedited_i <=   0.5 & months_since_cert_n >   5.5 & shelter_expenses_by_hh_size > 183.0,test_2024,national,853,244,393,311.0,0.3384223918575064,38.0,0.16030534351145037,190,176,2,4,21,0,21,165,201,1,220,93,0,101,186,0.48346055979643765,0.25699745547073793,0.4732824427480916,96968.0,55610.0,34,0.08651399491094147,post_authorization
4+,expedited_i <=   0.5 & months_since_cert_n >   5.5 & shelter_expenses_by_hh_size > 183.0,test_2024,deployed,22,6,10,311.0,0.3,38.0,0.3,4,4,0,1,1,0,0,4,6,0,8,2,0,1,4,0.4,0.1,0.4,2075.0,1396.0,0,0.0,post_authorization
1,months_since_cert_n >=   5.00 & total_deductions_by_hh_size < 946.00 & unc_rawben_rel_max >=   1.77 & utilities < 471.00,train_2022_23,national,356,124,212,311.0,0.3113207547169811,35.0,0.2028301886792453,93,109,3,7,0,0,17,50,145,0,178,1,0,39,67,0.4386792452830189,0.18396226415094338,0.3160377358490566,40616.0,26478.0,15,0.07075471698113207,post_authorization
1,months_since_cert_n >=   5.00 & total_deductions_by_hh_size < 946.00 & unc_rawben_rel_max >=   1.77 & utilities < 471.00,test_2024,national,114,44,60,311.0,0.26666666666666666,35.0,0.31666666666666665,25,32,1,0,2,0,5,19,35,0,44,2,0,13,24,0.4166666666666667,0.21666666666666667,0.4,12672.0,7352.0,5,0.08333333333333333,post_authorization
1,months_since_cert_n >=   5.00 & total_deductions_by_hh_size < 946.00 & unc_rawben_rel_max >=   1.77 & utilities < 471.00,test_2024,deployed,5,2,2,311.0,0.5,35.0,0.5,1,1,0,0,0,0,0,1,1,0,2,0,0,0,1,0.5,0.0,0.5,417.0,417.0,0,0.0,insufficient
2-3,medical_deductions >= 151.000 & rawben_rel_max >=   0.145 & shelter_expenses_by_hh_size >= 455.000 & unc_rawben_rel_max >=  -0.205,train_2022_23,national,169,63,105,365.0,0.3523809523809524,53.0,0.4,62,41,0,2,0,0,18,65,22,0,69,18,0,30,83,0.5904761904761905,0.2857142857142857,0.7904761904761904,13921.0,8919.0,22,0.20952380952380953,post_authorization
2-3,medical_deductions >= 151.000 & rawben_rel_max >=   0.145 & shelter_expenses_by_hh_size >= 455.000 & unc_rawben_rel_max >=  -0.205,test_2024,national,101,36,47,365.0,0.2978723404255319,56.0,0.2553191489361702,26,15,1,0,5,0,7,25,15,0,30,3,0,16,32,0.5531914893617021,0.3404255319148936,0.6808510638297872,8035.0,4769.0,6,0.1276595744680851,post_authorization
2-3,medical_deductions >= 151.000 & rawben_rel_max >=   0.145 & shelter_expenses_by_hh_size >= 455.000 & unc_rawben_rel_max >=  -0.205,test_2024,deployed,8,1,1,363.0,1.0,56.0,1.0,0,1,0,0,0,0,1,0,0,0,1,0,0,0,1,0.0,0.0,1.0,112.0,112.0,0,0.0,insufficient
1,expedited_i <   1.000 & medical_deductions >= 478.000 & rawben_rel_max >=   0.580 & rawben_rel_max <   0.988,train_2022_23,national,53,23,33,365.0,0.6363636363636364,53.0,0.6666666666666666,25,5,2,1,0,0,6,20,7,0,23,1,0,13,26,0.7575757575757576,0.3939393939393939,0.7878787878787878,6706.0,3810.0,6,0.18181818181818182,post_authorization
1,expedited_i <   1.000 & medical_deductions >= 478.000 & rawben_rel_max >=   0.580 & rawben_rel_max <   0.988,test_2024,national,30,11,16,365.0,0.625,56.0,0.375,11,4,0,0,1,0,1,12,3,0,9,4,0,5,13,0.6875,0.3125,0.8125,3028.0,1638.0,3,0.1875,post_authorization
1,expedited_i <   1.000 & medical_deductions >= 478.000 & rawben_rel_max >=   0.580 & rawben_rel_max <   0.988,test_2024,deployed,4,1,2,346.0,0.5,38.0,0.5,0,2,0,0,0,0,0,2,0,0,2,0,0,0,2,0.0,0.0,1.0,246.0,123.0,0,0.0,insufficient
1,medical_deductions >= 117.000 & medical_deductions < 130.000 & rawben_rel_max >=   0.498,train_2022_23,national,81,35,42,365.0,0.6904761904761905,53.0,0.7380952380952381,37,4,1,0,0,0,3,27,12,0,33,0,0,19,30,0.8809523809523809,0.4523809523809524,0.7142857142857143,4126.0,2714.0,12,0.2857142857142857,mixed
1,medical_deductions >= 117.000 & medical_deductions < 130.000 & rawben_rel_max >=   0.498,test_2024,national,20,4,6,365.0,0.6666666666666666,53.0,0.6666666666666666,2,2,0,0,2,0,0,4,2,0,5,0,0,1,4,0.3333333333333333,0.16666666666666666,0.6666666666666666,363.0,302.0,1,0.16666666666666666,post_authorization
1,medical_deductions >= 117.000 & medical_deductions < 130.000 & rawben_rel_max >=   0.498,test_2024,deployed,6,1,1,365.0,1.0,53.0,1.0,1,0,0,0,0,0,0,1,0,0,1,0,0,0,1,1.0,0.0,1.0,61.0,61.0,0,0.0,insufficient
4+,married >=   1.000 & months_since_cert_n >=   7.000 & shelter_expenses_by_hh_size >= 336.000 & unc_rawben_rel_max >=   0.282,train_2022_23,national,175,68,104,311.0,0.3173076923076923,38.0,0.21153846153846154,55,47,0,2,0,0,5,44,55,0,55,34,0,26,49,0.5288461538461539,0.25,0.47115384615384615,23515.0,15757.0,8,0.07692307692307693,post_authorization
4+,married >=   1.000 & months_since_cert_n >=   7.000 & shelter_expenses_by_hh_size >= 336.000 & unc_rawben_rel_max >=   0.282,test_2024,national,103,22,36,311.0,0.4166666666666667,38.0,0.16666666666666666,15,20,0,0,1,0,1,9,26,0,23,7,0,7,10,0.4166666666666667,0.19444444444444445,0.2777777777777778,7892.0,6081.0,2,0.05555555555555555,post_authorization
4+,married >=   1.000 & months_since_cert_n >=   7.000 & shelter_expenses_by_hh_size >= 336.000 & unc_rawben_rel_max >=   0.282,test_2024,deployed,19,4,5,311.0,0.4,16.0,0.2,2,3,0,0,0,0,1,1,3,0,4,1,0,2,2,0.4,0.4,0.4,772.0,772.0,2,0.4,mixed
1,medical_deductions >= 171.000 & rawben_rel_max >=   0.904 & rawben_rel_max <   0.957 & unc_rawben_rel_max >=   0.808,train_2022_23,national,62,26,34,365.0,0.7352941176470589,53.0,0.8529411764705882,23,8,2,1,0,0,10,21,3,0,26,1,0,11,31,0.6764705882352942,0.3235294117647059,0.9117647058823529,4326.0,3019.0,8,0.23529411764705882,post_authorization
1,medical_deductions >= 171.000 & rawben_rel_max >=   0.904 & rawben_rel_max <   0.957 & unc_rawben_rel_max >=   0.808,test_2024,national,27,10,15,365.0,0.6666666666666666,53.0,0.5333333333333333,12,2,0,0,1,0,1,10,4,0,13,0,0,7,11,0.8,0.4666666666666667,0.7333333333333333,2006.0,1126.0,3,0.2,post_authorization
1,medical_deductions >= 171.000 & rawben_rel_max >=   0.904 & rawben_rel_max <   0.957 & unc_rawben_rel_max >=   0.808,test_2024,deployed,1,1,2,363.0,0.5,56.0,0.5,1,1,0,0,0,0,0,2,0,0,2,0,0,0,2,0.5,0.0,1.0,192.0,100.0,0,0.0,insufficient
4+,shelter_expenses_by_hh_size > 187.000 & shelter_expenses_by_hh_size <= 266.000 & unc_rawben_rel_max <=   0.956,train_2022_23,national,1668,370,577,311.0,0.3119584055459272,38.0,0.1975736568457539,371,196,2,7,0,1,39,372,165,0,255,159,3,161,411,0.6429809358752167,0.27902946273830154,0.7123050259965338,113949.0,73777.0,116,0.20103986135181975,post_authorization
4+,shelter_expenses_by_hh_size > 187.000 & shelter_expenses_by_hh_size <= 266.000 & unc_rawben_rel_max <=   0.956,test_2024,national,839,209,316,311.0,0.34177215189873417,38.0,0.17721518987341772,164,122,1,3,26,0,21,187,106,0,156,91,1,80,208,0.5189873417721519,0.25316455696202533,0.6582278481012658,66831.0,39641.0,33,0.10443037974683544,post_authorization
4+,shelter_expenses_by_hh_size > 187.000 & shelter_expenses_by_hh_size <= 266.000 & unc_rawben_rel_max <=   0.956,test_2024,deployed,19,3,5,311.0,0.4,44.0,0.4,2,3,0,0,0,0,2,1,2,0,2,3,0,0,3,0.4,0.0,0.6,823.0,1057.0,0,0.0,post_authorization
2-3,medical_deductions >= 201.000 & rawben_rel_max >=   0.632 & total_deductions_by_hh_size >= 341.000 & utilities < 827.000,train_2022_23,national,37,22,39,365.0,0.46153846153846156,53.0,0.5641025641025641,27,10,0,2,0,0,10,22,7,0,30,1,0,15,32,0.6923076923076923,0.38461538461538464,0.8205128205128205,7586.0,4055.0,10,0.2564102564102564,mixed
2-3,medical_deductions >= 201.000 & rawben_rel_max >=   0.632 & total_deductions_by_hh_size >= 341.000 & utilities < 827.000,test_2024,national,16,11,12,365.0,0.5,53.0,0.4166666666666667,5,3,1,0,3,0,3,8,1,0,8,2,0,6,11,0.4166666666666667,0.5,0.9166666666666666,2276.0,1847.0,2,0.16666666666666666,post_authorization
2-3,medical_deductions >= 201.000 & rawben_rel_max >=   0.632 & total_deductions_by_hh_size >= 341.000 & utilities < 827.000,test_2024,deployed,1,0,0,,,,,0,0,0,0,0,0,0,0,0,0,0,0,0,0,0,0.0,0.0,0.0,0.0,0.0,0,0.0,insufficient
1,homeless <=   0.500 & medical_deductions > 400.000 & rawben_rel_max <=   0.996 & unc_rawben_rel_max >   0.828,train_2022_23,national,41,22,30,365.0,0.7,53.0,0.7,26,3,0,1,0,0,6,18,6,0,22,1,0,11,24,0.8666666666666667,0.36666666666666664,0.8,5982.0,3487.0,7,0.23333333333333334,post_authorization
1,homeless <=   0.500 & medical_deductions > 400.000 & rawben_rel_max <=   0.996 & unc_rawben_rel_max >   0.828,test_2024,national,23,9,14,365.0,0.6428571428571429,56.0,0.5,9,3,0,2,0,0,1,12,1,0,12,0,0,5,13,0.6428571428571429,0.35714285714285715,0.9285714285714286,3012.0,2289.0,2,0.14285714285714285,post_authorization
1,homeless <=   0.500 & medical_deductions > 400.000 & rawben_rel_max <=   0.996 & unc_rawben_rel_max >   0.828,test_2024,deployed,1,0,0,,,,,0,0,0,0,0,0,0,0,0,0,0,0,0,0,0,0.0,0.0,0.0,0.0,0.0,0,0.0,insufficient
2-3,HH_size_n >=   3.000 & months_since_cert_n <   7.000 & total_deductions_by_hh_size >= 432.000 & unc_rawben_rel_max <   0.997,train_2022_23,national,130,52,92,311.0,0.2391304347826087,53.0,0.2717391304347826,44,45,0,3,0,0,5,64,23,0,48,12,0,16,69,0.4782608695652174,0.17391304347826086,0.75,17798.0,8919.0,13,0.14130434782608695,post_authorization
2-3,HH_size_n >=   3.000 & months_since_cert_n <   7.000 & total_deductions_by_hh_size >= 432.000 & unc_rawben_rel_max <   0.997,test_2024,national,112,33,52,311.0,0.36538461538461536,35.0,0.17307692307692307,23,23,1,2,3,0,8,36,8,0,30,18,0,9,44,0.4423076923076923,0.17307692307692307,0.8461538461538461,13106.0,7933.0,8,0.15384615384615385,post_authorization
2-3,HH_size_n >=   3.000 & months_since_cert_n <   7.000 & total_deductions_by_hh_size >= 432.000 & unc_rawben_rel_max <   0.997,test_2024,deployed,7,2,4,311.0,0.25,97.0,0.25,2,1,0,0,1,0,0,4,0,0,2,2,0,1,4,0.5,0.25,1.0,1418.0,669.0,1,0.25,insufficient
4+,HH_size_n >    4.5 & months_since_cert_n >    5.5 & shelter_expenses_by_hh_size >  332.0 & utilities <= 1050.0,train_2022_23,national,183,68,121,311.0,0.2892561983471074,38.0,0.17355371900826447,70,47,0,4,0,0,5,63,53,0,63,26,0,36,68,0.5785123966942148,0.2975206611570248,0.5619834710743802,30191.0,18083.0,19,0.15702479338842976,post_authorization
4+,HH_size_n >    4.5 & months_since_cert_n >    5.5 & shelter_expenses_by_hh_size >  332.0 & utilities <= 1050.0,test_2024,national,127,38,55,311.0,0.4909090909090909,38.0,0.23636363636363636,28,26,0,0,1,0,0,20,35,0,36,11,0,11,20,0.509090909090909,0.2,0.36363636363636365,18699.0,11471.0,5,0.09090909090909091,post_authorization
4+,HH_size_n >    4.5 & months_since_cert_n >    5.5 & shelter_expenses_by_hh_size >  332.0 & utilities <= 1050.0,test_2024,deployed,4,2,5,311.0,0.4,33.0,0.4,5,0,0,0,0,0,0,4,1,0,0,0,0,2,4,1.0,0.4,0.8,2448.0,0.0,2,0.4,mixed
4+,expedited_i <=   0.500 & months_since_cert_n >   4.500 & total_deductions_by_hh_size > 219.000 & unc_rawben_rel_max <=   0.988,train_2022_23,national,554,183,296,311.0,0.31756756756756754,38.0,0.1858108108108108,150,126,0,20,0,0,23,161,112,0,150,63,2,75,184,0.5067567567567568,0.2533783783783784,0.6216216216216216,61129.0,40173.0,40,0.13513513513513514,post_authorization
4+,expedited_i <=   0.500 & months_since_cert_n >   4.500 & total_deductions_by_hh_size > 219.000 & unc_rawben_rel_max <=   0.988,test_2024,national,383,110,167,311.0,0.38323353293413176,38.0,0.15568862275449102,86,69,0,2,10,0,7,84,74,0,102,25,1,34,91,0.5149700598802395,0.20359281437125748,0.5449101796407185,45906.0,27936.0,19,0.11377245508982035,post_authorization
4+,expedited_i <=   0.500 & months_since_cert_n >   4.500 & total_deductions_by_hh_size > 219.000 & unc_rawben_rel_max <=   0.988,test_2024,deployed,30,5,5,323.0,0.4,53.0,0.4,5,0,0,0,0,0,0,4,1,0,2,3,0,0,4,1.0,0.0,0.8,806.0,806.0,0,0.0,post_authorization
1,percent_abawd <=    0.750 & rawben_rel_max <=    0.998 & shelter_expenses_by_hh_size > 1700.000 & total_deductions_by_hh_size > 1130.000,train_2022_23,national,201,72,100,363.0,0.41,53.0,0.37,51,46,0,3,0,0,7,64,29,0,64,14,0,23,71,0.51,0.23,0.71,16150.0,10364.0,9,0.09,post_authorization
1,percent_abawd <=    0.750 & rawben_rel_max <=    0.998 & shelter_expenses_by_hh_size > 1700.000 & total_deductions_by_hh_size > 1130.000,test_2024,national,195,51,78,363.0,0.3717948717948718,56.0,0.23076923076923078,35,33,0,0,10,0,9,45,24,0,65,9,0,17,54,0.44871794871794873,0.21794871794871795,0.6923076923076923,12840.0,9450.0,7,0.08974358974358974,post_authorization
1,percent_abawd <=    0.750 & rawben_rel_max <=    0.998 & shelter_expenses_by_hh_size > 1700.000 & total_deductions_by_hh_size > 1130.000,test_2024,deployed,9,2,2,311.0,0.5,35.0,0.5,2,0,0,0,0,0,0,2,0,0,1,1,0,0,2,1.0,0.0,1.0,191.0,191.0,0,0.0,insufficient
2-3,HH_size_n >   2.5 & shelter_expenses_by_hh_size <= 592.0 & total_deductions_by_hh_size > 522.0 & utilities >  37.5,train_2022_23,national,66,31,61,323.0,0.22950819672131148,53.0,0.29508196721311475,31,27,0,3,0,0,6,38,17,0,31,3,0,10,44,0.5081967213114754,0.16393442622950818,0.7213114754098361,13759.0,6968.0,8,0.13114754098360656,post_authorization
2-3,HH_size_n >   2.5 & shelter_expenses_by_hh_size <= 592.0 & total_deductions_by_hh_size > 522.0 & utilities >  37.5,test_2024,national,38,14,25,311.0,0.32,52.0,0.16,14,9,1,0,1,0,3,18,4,0,11,10,0,7,21,0.56,0.28,0.84,7272.0,2994.0,7,0.28,mixed
2-3,HH_size_n >   2.5 & shelter_expenses_by_hh_size <= 592.0 & total_deductions_by_hh_size > 522.0 & utilities >  37.5,test_2024,deployed,6,0,0,,,,,0,0,0,0,0,0,0,0,0,0,0,0,0,0,0,0.0,0.0,0.0,0.0,0.0,0,0.0,insufficient
2-3,HH_size_n <   3 & months_since_cert_n >=   3 & shelter_expenses_by_hh_size >= 706 & utilities < 347,train_2022_23,national,69,30,49,311.0,0.30612244897959184,35.0,0.14285714285714285,22,26,0,1,0,0,6,22,21,0,32,6,0,5,28,0.4489795918367347,0.10204081632653061,0.5714285714285714,11689.0,8888.0,2,0.04081632653061224,post_authorization
2-3,HH_size_n <   3 & months_since_cert_n >=   3 & shelter_expenses_by_hh_size >= 706 & utilities < 347,test_2024,national,17,5,5,363.0,0.6,53.0,0.4,1,4,0,0,0,0,0,2,3,0,5,0,0,1,2,0.2,0.2,0.4,1425.0,1170.0,1,0.2,post_authorization
2-3,HH_size_n <   3 & months_since_cert_n >=   3 & shelter_expenses_by_hh_size >= 706 & utilities < 347,test_2024,deployed,2,0,0,,,,,0,0,0,0,0,0,0,0,0,0,0,0,0,0,0,0.0,0.0,0.0,0.0,0.0,0,0.0,insufficient
4+,shelter_expenses_by_hh_size > 487 & total_deductions_by_hh_size > 245 & total_deductions_by_hh_size <= 260,train_2022_23,national,30,15,32,311.0,0.34375,38.0,0.125,14,17,0,1,0,0,9,14,9,0,16,9,2,5,23,0.4375,0.15625,0.71875,7049.0,6961.0,4,0.125,post_authorization
4+,shelter_expenses_by_hh_size > 487 & total_deductions_by_hh_size > 245 & total_deductions_by_hh_size <= 260,test_2024,national,28,15,27,311.0,0.2962962962962963,38.0,0.18518518518518517,15,9,0,0,3,0,1,17,9,0,16,3,0,4,18,0.5555555555555556,0.14814814814814814,0.6666666666666666,6784.0,2660.0,3,0.1111111111111111,post_authorization
4+,shelter_expenses_by_hh_size > 487 & total_deductions_by_hh_size > 245 & total_deductions_by_hh_size <= 260,test_2024,deployed,1,1,1,311.0,1.0,37.0,1.0,1,0,0,0,0,0,0,1,0,0,1,0,0,0,1,1.0,0.0,1.0,297.0,297.0,0,0.0,insufficient
4+,rawben_rel_max <   0.635 & shelter_expenses_by_hh_size >= 407.000 & shelter_expenses_by_hh_size < 424.000 & total_deductions_by_hh_size < 275.000,train_2022_23,national,38,18,26,363.0,0.2692307692307692,38.0,0.19230769230769232,12,12,0,2,0,0,0,21,5,0,15,6,0,7,21,0.46153846153846156,0.2692307692307692,0.8076923076923077,4247.0,2876.0,4,0.15384615384615385,post_authorization
4+,rawben_rel_max <   0.635 & shelter_expenses_by_hh_size >= 407.000 & shelter_expenses_by_hh_size < 424.000 & total_deductions_by_hh_size < 275.000,test_2024,national,29,12,24,311.0,0.3333333333333333,38.0,0.16666666666666666,17,7,0,0,0,0,1,14,9,0,13,4,0,3,15,0.7083333333333334,0.125,0.625,7496.0,3729.0,2,0.08333333333333333,post_authorization
4+,rawben_rel_max <   0.635 & shelter_expenses_by_hh_size >= 407.000 & shelter_expenses_by_hh_size < 424.000 & total_deductions_by_hh_size < 275.000,test_2024,deployed,1,0,0,,,,,0,0,0,0,0,0,0,0,0,0,0,0,0,0,0,0.0,0.0,0.0,0.0,0.0,0,0.0,insufficient
1,shelter_expenses_by_hh_size > 929.000 & total_deductions_by_hh_size > 341.000 & unc_rawben_rel_max <=   0.995 & utilities <=  29.500,train_2022_23,national,139,54,97,363.0,0.4742268041237113,53.0,0.5979381443298969,43,47,2,5,0,0,9,58,30,0,79,4,0,11,67,0.44329896907216493,0.1134020618556701,0.6907216494845361,15011.0,9860.0,4,0.041237113402061855,post_authorization
1,shelter_expenses_by_hh_size > 929.000 & total_deductions_by_hh_size > 341.000 & unc_rawben_rel_max <=   0.995 & utilities <=  29.500,test_2024,national,107,46,85,363.0,0.47058823529411764,53.0,0.4470588235294118,37,46,0,2,0,0,4,56,25,0,74,2,0,12,60,0.43529411764705883,0.1411764705882353,0.7058823529411765,15328.0,11556.0,4,0.047058823529411764,post_authorization
1,shelter_expenses_by_hh_size > 929.000 & total_deductions_by_hh_size > 341.000 & unc_rawben_rel_max <=   0.995 & utilities <=  29.500,test_2024,deployed,12,4,4,363.0,0.5,52.0,0.25,2,2,0,0,0,0,0,2,2,0,3,1,0,0,2,0.5,0.0,0.5,1087.0,1087.0,0,0.0,insufficient
4+,rawben_rel_max <   0.739 & total_deductions_by_hh_size >= 249.000 & total_deductions_by_hh_size < 261.000 & utilities < 580.000,train_2022_23,national,83,33,58,311.0,0.3103448275862069,38.0,0.1724137931034483,25,29,0,4,0,0,7,37,14,0,26,10,0,13,44,0.43103448275862066,0.22413793103448276,0.7586206896551724,10814.0,4300.0,12,0.20689655172413793,post_authorization
4+,rawben_rel_max <   0.739 & total_deductions_by_hh_size >= 249.000 & total_deductions_by_hh_size < 261.000 & utilities < 580.000,test_2024,national,41,10,21,311.0,0.23809523809523808,38.0,0.38095238095238093,14,5,0,0,2,0,0,16,4,0,4,5,0,4,16,0.6666666666666666,0.19047619047619047,0.7619047619047619,3395.0,742.0,2,0.09523809523809523,post_authorization
4+,rawben_rel_max <   0.739 & total_deductions_by_hh_size >= 249.000 & total_deductions_by_hh_size < 261.000 & utilities < 580.000,test_2024,deployed,2,0,0,,,,,0,0,0,0,0,0,0,0,0,0,0,0,0,0,0,0.0,0.0,0.0,0.0,0.0,0,0.0,insufficient
2-3,cat_elig > 0.50 & months_since_cert_n > 1.50 & unc_rawben_rel_max > 1.69,train_2022_23,national,85,45,57,311.0,0.2631578947368421,38.0,0.2631578947368421,31,22,0,4,0,0,5,26,26,0,44,1,0,15,31,0.543859649122807,0.2631578947368421,0.543859649122807,14398.0,13812.0,9,0.15789473684210525,post_authorization
2-3,cat_elig > 0.50 & months_since_cert_n > 1.50 & unc_rawben_rel_max > 1.69,test_2024,national,39,17,29,331.0,0.27586206896551724,37.0,0.3448275862068966,14,10,0,0,5,0,3,11,15,0,21,2,0,6,14,0.4827586206896552,0.20689655172413793,0.4827586206896552,10604.0,6320.0,2,0.06896551724137931,post_authorization
2-3,cat_elig > 0.50 & months_since_cert_n > 1.50 & unc_rawben_rel_max > 1.69,test_2024,deployed,6,2,2,331.0,1.0,38.0,0.5,1,0,0,0,1,0,1,1,0,0,2,0,0,0,2,0.5,0.0,1.0,570.0,570.0,0,0.0,insufficient
2-3,medical_deductions >   3.500 & rawben_rel_max <=   0.998 & shelter_expenses_by_hh_size > 953.000,train_2022_23,national,39,20,32,363.0,0.375,53.0,0.46875,19,13,0,0,0,0,5,21,6,0,23,3,0,4,26,0.59375,0.125,0.8125,4802.0,3795.0,3,0.09375,post_authorization
2-3,medical_deductions >   3.500 & rawben_rel_max <=   0.998 & shelter_expenses_by_hh_size > 953.000,test_2024,national,35,17,21,363.0,0.42857142857142855,56.0,0.38095238095238093,11,8,0,0,2,0,0,18,3,0,15,1,0,7,18,0.5238095238095238,0.3333333333333333,0.8571428571428571,3238.0,2764.0,4,0.19047619047619047,post_authorization
2-3,medical_deductions >   3.500 & rawben_rel_max <=   0.998 & shelter_expenses_by_hh_size > 953.000,test_2024,deployed,12,5,5,363.0,0.6,56.0,0.4,2,2,0,0,1,0,0,5,0,0,4,1,0,2,5,0.4,0.4,1.0,727.0,727.0,1,0.2,post_authorization
2-3,HH_size_n <=   2.5 & medical_deductions > 179.0 & total_deductions_by_hh_size > 441.0,train_2022_23,national,109,46,84,365.0,0.4166666666666667,53.0,0.4642857142857143,51,32,0,1,0,0,17,46,21,0,68,8,0,29,63,0.6071428571428571,0.34523809523809523,0.75,11932.0,7801.0,21,0.25,mixed
2-3,HH_size_n <=   2.5 & medical_deductions > 179.0 & total_deductions_by_hh_size > 441.0,test_2024,national,55,21,30,365.0,0.4,56.0,0.3333333333333333,16,10,1,0,3,0,2,17,11,0,23,1,0,12,19,0.5333333333333333,0.4,0.6333333333333333,5622.0,3583.0,5,0.16666666666666666,post_authorization
2-3,HH_size_n <=   2.5 & medical_deductions > 179.0 & total_deductions_by_hh_size > 441.0,test_2024,deployed,2,0,0,,,,,0,0,0,0,0,0,0,0,0,0,0,0,0,0,0,0.0,0.0,0.0,0.0,0.0,0,0.0,insufficient
2-3,HH_size_n >   2.5 & total_deductions_by_hh_size > 516.0,train_2022_23,national,124,51,93,323.0,0.21505376344086022,53.0,0.27956989247311825,44,46,0,3,0,0,11,57,25,0,55,8,0,15,68,0.4731182795698925,0.16129032258064516,0.7311827956989247,21480.0,13027.0,12,0.12903225806451613,post_authorization
2-3,HH_size_n >   2.5 & total_deductions_by_hh_size > 516.0,test_2024,national,80,23,41,311.0,0.3170731707317073,56.0,0.17073170731707318,21,17,1,1,1,0,9,26,6,0,26,11,0,10,35,0.5121951219512195,0.24390243902439024,0.8536585365853658,12581.0,5860.0,9,0.21951219512195122,post_authorization
2-3,HH_size_n >   2.5 & total_deductions_by_hh_size > 516.0,test_2024,deployed,5,1,2,350.0,0.5,35.0,0.5,1,1,0,0,0,0,0,2,0,0,2,0,0,0,2,0.5,0.0,1.0,898.0,429.0,0,0.0,insufficient
4+,cat_elig >   0.5 & HH_size_n >   5.5 & total_deductions_by_hh_size > 180.0 & utilities > 821.0,train_2022_23,national,40,19,25,311.0,0.4,53.0,0.2,9,11,0,5,0,0,2,15,8,0,15,10,0,5,17,0.36,0.2,0.68,5245.0,4357.0,4,0.16,post_authorization
4+,cat_elig >   0.5 & HH_size_n >   5.5 & total_deductions_by_hh_size > 180.0 & utilities > 821.0,test_2024,national,31,11,13,311.0,0.5384615384615384,38.0,0.38461538461538464,7,3,0,0,3,0,2,6,5,0,9,4,0,4,8,0.5384615384615384,0.3076923076923077,0.6153846153846154,2122.0,1876.0,2,0.15384615384615385,post_authorization
4+,cat_elig >   0.5 & HH_size_n >   5.5 & total_deductions_by_hh_size > 180.0 & utilities > 821.0,test_2024,deployed,9,2,4,311.0,0.5,43.0,0.25,2,0,0,0,2,0,2,1,1,0,1,3,0,3,3,0.5,0.75,0.75,568.0,399.0,2,0.5,insufficient
2-3,elderly_disabled_i >=   1.00 & shelter_expenses_by_hh_size < 680.00 & unc_rawben_rel_max >=   1.34,train_2022_23,national,130,52,72,331.0,0.2638888888888889,37.0,0.2638888888888889,45,24,0,3,0,0,11,41,20,0,57,2,2,22,52,0.625,0.3055555555555556,0.7222222222222222,19066.0,13166.0,17,0.2361111111111111,post_authorization
2-3,elderly_disabled_i >=   1.00 & shelter_expenses_by_hh_size < 680.00 & unc_rawben_rel_max >=   1.34,test_2024,national,65,19,33,363.0,0.21212121212121213,37.0,0.18181818181818182,18,11,0,1,3,0,0,20,13,0,19,1,0,9,20,0.5454545454545454,0.2727272727272727,0.6060606060606061,13034.0,3667.0,5,0.15151515151515152,post_authorization
2-3,elderly_disabled_i >=   1.00 & shelter_expenses_by_hh_size < 680.00 & unc_rawben_rel_max >=   1.34,test_2024,deployed,3,0,0,,,,,0,0,0,0,0,0,0,0,0,0,0,0,0,0,0,0.0,0.0,0.0,0.0,0.0,0,0.0,insufficient
4+,months_since_cert_n >   5.5 & total_deductions_by_hh_size > 215.0 & total_deductions_by_hh_size <= 251.0,train_2022_23,national,198,75,124,311.0,0.3467741935483871,38.0,0.20967741935483872,72,45,0,7,0,0,12,65,47,0,65,22,2,27,77,0.5806451612903226,0.21774193548387097,0.6209677419354839,27443.0,19973.0,15,0.12096774193548387,post_authorization
4+,months_since_cert_n >   5.5 & total_deductions_by_hh_size > 215.0 & total_deductions_by_hh_size <= 251.0,test_2024,national,118,40,62,311.0,0.41935483870967744,35.0,0.16129032258064516,27,32,0,0,3,0,0,26,36,0,41,5,0,12,26,0.43548387096774194,0.1935483870967742,0.41935483870967744,20176.0,10971.0,6,0.0967741935483871,post_authorization
4+,months_since_cert_n >   5.5 & total_deductions_by_hh_size > 215.0 & total_deductions_by_hh_size <= 251.0,test_2024,deployed,5,1,2,311.0,0.5,35.0,0.5,1,1,0,0,0,0,0,2,0,0,2,0,0,1,2,0.5,0.5,1.0,838.0,838.0,1,0.5,insufficient
2-3,elderly_disabled_i >    0.50 & shelter_expenses_by_hh_size <= 1150.00 & unc_rawben_rel_max >    1.39,train_2022_23,national,170,65,90,331.0,0.24444444444444444,37.0,0.23333333333333334,57,28,0,5,0,0,8,55,27,0,67,7,2,29,63,0.6333333333333333,0.32222222222222224,0.7,23775.0,18524.0,20,0.2222222222222222,post_authorization
2-3,elderly_disabled_i >    0.50 & shelter_expenses_by_hh_size <= 1150.00 & unc_rawben_rel_max >    1.39,test_2024,national,91,25,40,331.0,0.225,37.0,0.275,23,12,0,1,4,0,1,22,17,0,25,2,0,11,23,0.575,0.275,0.575,15204.0,6163.0,6,0.15,post_authorization
2-3,elderly_disabled_i >    0.50 & shelter_expenses_by_hh_size <= 1150.00 & unc_rawben_rel_max >    1.39,test_2024,deployed,4,1,1,311.0,1.0,33.0,1.0,1,0,0,0,0,0,0,1,0,0,0,1,0,1,1,1.0,1.0,1.0,138.0,138.0,1,1.0,insufficient
2-3,elderly_disabled_i >=   1.00 & shelter_expenses_by_hh_size < 455.00 & unc_rawben_rel_max >=   1.25 & utilities < 447.00,train_2022_23,national,31,18,25,333.0,0.24,37.0,0.32,10,12,0,3,0,0,8,8,9,0,20,0,0,5,16,0.4,0.2,0.64,7205.0,4260.0,3,0.12,post_authorization
2-3,elderly_disabled_i >=   1.00 & shelter_expenses_by_hh_size < 455.00 & unc_rawben_rel_max >=   1.25 & utilities < 447.00,test_2024,national,16,6,8,346.0,0.25,53.0,0.25,1,5,0,1,1,0,0,6,2,0,6,0,0,0,6,0.125,0.0,0.75,2622.0,935.0,0,0.0,post_authorization
2-3,elderly_disabled_i >=   1.00 & shelter_expenses_by_hh_size < 455.00 & unc_rawben_rel_max >=   1.25 & utilities < 447.00,test_2024,deployed,6,2,3,363.0,0.3333333333333333,53.0,0.6666666666666666,0,3,0,0,0,0,0,3,0,0,3,0,0,0,3,0.0,0.0,1.0,987.0,324.0,0,0.0,insufficient
2-3,months_since_cert_n >=  14 & total_deductions_by_hh_size >= 245,train_2022_23,national,393,93,168,363.0,0.23214285714285715,53.0,0.17261904761904762,83,77,0,8,0,0,24,49,95,0,123,33,0,45,73,0.49404761904761907,0.26785714285714285,0.43452380952380953,31192.0,20232.0,24,0.14285714285714285,post_authorization
2-3,months_since_cert_n >=  14 & total_deductions_by_hh_size >= 245,test_2024,national,217,53,77,363.0,0.3116883116883117,56.0,0.16883116883116883,41,30,0,0,6,0,3,29,45,0,57,8,0,12,32,0.5324675324675324,0.15584415584415584,0.4155844155844156,18120.0,12286.0,3,0.03896103896103896,post_authorization
2-3,months_since_cert_n >=  14 & total_deductions_by_hh_size >= 245,test_2024,deployed,3,1,1,342.0,1.0,37.0,1.0,1,0,0,0,0,0,0,0,1,0,1,0,0,0,0,1.0,0.0,0.0,84.0,84.0,0,0.0,insufficient
2-3,elderly_disabled_i <=  0.500 & months_since_cert_n > 13.500 & percent_abawd <=  0.583 & rawben_rel_max <=  0.971,train_2022_23,national,173,47,96,311.0,0.2916666666666667,52.0,0.19791666666666666,54,35,0,4,0,3,16,37,40,0,51,28,0,25,53,0.5625,0.2604166666666667,0.5520833333333334,17306.0,7353.0,18,0.1875,post_authorization
2-3,elderly_disabled_i <=  0.500 & months_since_cert_n > 13.500 & percent_abawd <=  0.583 & rawben_rel_max <=  0.971,test_2024,national,19,6,9,311.0,0.3333333333333333,52.0,0.3333333333333333,4,5,0,0,0,0,0,2,7,0,4,4,0,0,2,0.4444444444444444,0.0,0.2222222222222222,2238.0,1034.0,0,0.0,post_authorization
2-3,elderly_disabled_i <=  0.500 & months_since_cert_n > 13.500 & percent_abawd <=  0.583 & rawben_rel_max <=  0.971,test_2024,deployed,4,1,3,372.0,0.3333333333333333,29.0,0.6666666666666666,0,3,0,0,0,0,0,0,3,0,3,0,0,0,0,0.0,0.0,0.0,1479.0,493.0,0,0.0,insufficient
2-3,total_deductions_by_hh_size > 340.000 & unc_rawben_rel_max <=   0.631,train_2022_23,national,1407,313,537,311.0,0.28677839851024206,53.0,0.16945996275605213,262,259,0,16,0,0,64,310,162,1,321,88,1,109,374,0.48789571694599626,0.20297951582867785,0.6964618249534451,96492.0,53891.0,67,0.12476722532588454,post_authorization
2-3,total_deductions_by_hh_size > 340.000 & unc_rawben_rel_max <=   0.631,test_2024,national,864,205,320,311.0,0.3375,38.0,0.1625,145,140,1,6,28,0,31,185,103,1,191,66,0,71,216,0.453125,0.221875,0.675,61025.0,43091.0,39,0.121875,post_authorization
2-3,total_deductions_by_hh_size > 340.000 & unc_rawben_rel_max <=   0.631,test_2024,deployed,30,6,11,311.0,0.45454545454545453,44.0,0.18181818181818182,7,4,0,0,0,0,0,11,0,0,10,1,0,0,11,0.6363636363636364,0.0,1.0,2764.0,1404.0,0,0.0,post_authorization
2-3,rawben_rel_max <=   0.947 & shelter_expenses_by_hh_size > 447.000 & total_deductions_by_hh_size > 371.000,train_2022_23,national,1844,425,696,311.0,0.28879310344827586,53.0,0.1867816091954023,362,315,0,19,0,0,72,403,221,0,421,130,1,156,475,0.5201149425287356,0.22413793103448276,0.6824712643678161,123936.0,73960.0,93,0.1336206896551724,post_authorization
2-3,rawben_rel_max <=   0.947 & shelter_expenses_by_hh_size > 447.000 & total_deductions_by_hh_size > 371.000,test_2024,national,1174,294,431,311.0,0.3433874709976798,38.0,0.1740139211136891,190,195,2,5,39,0,39,252,137,1,261,78,0,102,291,0.4408352668213457,0.23665893271461716,0.6751740139211136,81552.0,56327.0,52,0.12064965197215777,post_authorization
2-3,rawben_rel_max <=   0.947 & shelter_expenses_by_hh_size > 447.000 & total_deductions_by_hh_size > 371.000,test_2024,deployed,31,11,19,311.0,0.3157894736842105,38.0,0.15789473684210525,9,10,0,0,0,0,1,15,3,0,13,4,0,1,16,0.47368421052631576,0.05263157894736842,0.8421052631578947,4705.0,2444.0,1,0.05263157894736842,post_authorization
2-3,total_deductions_by_hh_size >= 311.000 & total_deductions_by_hh_size < 493.000 & unc_rawben_rel_max <   0.948,train_2022_23,national,2277,490,769,311.0,0.29908972691807545,53.0,0.16124837451235371,401,344,1,23,0,0,79,455,234,1,421,163,1,195,534,0.5214564369310793,0.2535760728218466,0.694408322496749,136050.0,83410.0,115,0.14954486345903772,post_authorization
2-3,total_deductions_by_hh_size >= 311.000 & total_deductions_by_hh_size < 493.000 & unc_rawben_rel_max <   0.948,test_2024,national,1339,294,418,311.0,0.35645933014354064,38.0,0.17703349282296652,183,179,0,10,46,0,34,247,129,0,223,91,0,85,281,0.43779904306220097,0.20334928229665072,0.6722488038277512,74013.0,46641.0,39,0.09330143540669857,post_authorization
2-3,total_deductions_by_hh_size >= 311.000 & total_deductions_by_hh_size < 493.000 & unc_rawben_rel_max <   0.948,test_2024,deployed,37,11,14,363.0,0.42857142857142855,44.0,0.21428571428571427,9,5,0,0,0,0,0,13,1,0,8,6,0,1,13,0.6428571428571429,0.07142857142857142,0.9285714285714286,2047.0,1740.0,1,0.07142857142857142,post_authorization
2-3,total_deductions_by_hh_size > 260.000 & total_deductions_by_hh_size <= 476.000 & unc_rawben_rel_max <=   0.688 & utilities >  23.000,train_2022_23,national,1928,396,623,311.0,0.27447833065810595,53.0,0.16051364365971107,331,274,2,16,0,0,64,380,178,1,307,148,0,148,444,0.5313001605136437,0.2375601926163724,0.7126805778491172,100755.0,58997.0,90,0.14446227929373998,post_authorization
2-3,total_deductions_by_hh_size > 260.000 & total_deductions_by_hh_size <= 476.000 & unc_rawben_rel_max <=   0.688 & utilities >  23.000,test_2024,national,1009,206,308,311.0,0.33766233766233766,38.0,0.14935064935064934,147,122,0,5,34,0,24,175,99,1,166,78,0,75,199,0.4772727272727273,0.2435064935064935,0.6461038961038961,53378.0,32589.0,34,0.11038961038961038,post_authorization
2-3,total_deductions_by_hh_size > 260.000 & total_deductions_by_hh_size <= 476.000 & unc_rawben_rel_max <=   0.688 & utilities >  23.000,test_2024,deployed,37,11,14,363.0,0.35714285714285715,44.0,0.21428571428571427,7,7,0,0,0,0,1,13,0,0,11,3,0,0,14,0.5,0.0,1.0,2108.0,1743.0,0,0.0,post_authorization
2-3,homeless <=   0.500 & rawben_rel_max <=   0.688 & total_deductions_by_hh_size > 249.000,train_2022_23,national,2718,583,950,311.0,0.28842105263157897,53.0,0.15894736842105264,494,427,2,27,0,0,96,563,290,1,502,208,1,220,659,0.52,0.23157894736842105,0.6936842105263158,159753.0,91334.0,132,0.13894736842105262,post_authorization
2-3,homeless <=   0.500 & rawben_rel_max <=   0.688 & total_deductions_by_hh_size > 249.000,test_2024,national,1535,352,537,311.0,0.3240223463687151,38.0,0.1452513966480447,259,217,1,8,52,0,45,315,166,2,313,119,0,129,360,0.4823091247672253,0.24022346368715083,0.6703910614525139,97496.0,65679.0,69,0.12849162011173185,post_authorization
2-3,homeless <=   0.500 & rawben_rel_max <=   0.688 & total_deductions_by_hh_size > 249.000,test_2024,deployed,53,16,24,311.0,0.3333333333333333,38.0,0.16666666666666666,13,11,0,0,0,0,1,22,1,0,20,4,0,0,23,0.5416666666666666,0.0,0.9583333333333334,4616.0,2782.0,0,0.0,post_authorization
2-3,total_deductions_by_hh_size > 257.000 & unc_rawben_rel_max <=   0.721 & utilities >  89.500,train_2022_23,national,2654,564,918,311.0,0.2875816993464052,53.0,0.15904139433551198,480,412,2,24,0,0,94,541,282,1,501,193,1,218,635,0.5228758169934641,0.2374727668845316,0.6917211328976035,152045.0,89910.0,133,0.144880174291939,post_authorization
2-3,total_deductions_by_hh_size > 257.000 & unc_rawben_rel_max <=   0.721 & utilities >  89.500,test_2024,national,1510,354,540,311.0,0.3277777777777778,38.0,0.15185185185185185,259,220,1,8,52,0,44,321,167,2,311,121,0,129,365,0.47962962962962963,0.2388888888888889,0.6759259259259259,98501.0,65572.0,68,0.1259259259259259,post_authorization
2-3,total_deductions_by_hh_size > 257.000 & unc_rawben_rel_max <=   0.721 & utilities >  89.500,test_2024,deployed,50,16,26,311.0,0.34615384615384615,38.0,0.19230769230769232,12,14,0,0,0,0,2,22,2,0,21,3,0,0,24,0.46153846153846156,0.0,0.9230769230769231,5545.0,2993.0,0,0.0,post_authorization
2-3,cat_elig >   0.50 & unc_rawben_rel_max >   1.63 & utilities <= 873.00,train_2022_23,national,100,52,71,311.0,0.22535211267605634,38.0,0.22535211267605634,38,28,0,5,0,0,5,39,27,0,57,1,0,19,44,0.5352112676056338,0.2676056338028169,0.6197183098591549,17710.0,15863.0,13,0.18309859154929578,post_authorization
2-3,cat_elig >   0.50 & unc_rawben_rel_max >   1.63 & utilities <= 873.00,test_2024,national,46,18,32,331.0,0.21875,37.0,0.28125,12,15,0,0,5,0,2,17,13,0,18,1,0,5,19,0.375,0.15625,0.59375,12299.0,6196.0,2,0.0625,post_authorization
2-3,cat_elig >   0.50 & unc_rawben_rel_max >   1.63 & utilities <= 873.00,test_2024,deployed,2,2,3,331.0,0.6666666666666666,37.0,0.6666666666666666,0,2,0,0,1,0,0,2,1,0,3,0,0,0,2,0.0,0.0,0.6666666666666666,1412.0,1414.0,0,0.0,insufficient
2-3,cat_elig >  0.50 & unc_rawben_rel_max >  1.52 & utilities > 39.00,train_2022_23,national,161,70,90,311.0,0.23333333333333334,38.0,0.25555555555555554,54,31,0,5,0,0,10,49,31,0,71,2,2,27,59,0.6,0.3,0.6555555555555556,23324.0,21127.0,20,0.2222222222222222,post_authorization
2-3,cat_elig >  0.50 & unc_rawben_rel_max >  1.52 & utilities > 39.00,test_2024,national,92,32,52,331.0,0.19230769230769232,37.0,0.25,22,23,0,1,6,0,3,29,20,0,32,2,0,9,32,0.4230769230769231,0.17307692307692307,0.6153846153846154,19027.0,9833.0,4,0.07692307692307693,post_authorization
2-3,cat_elig >  0.50 & unc_rawben_rel_max >  1.52 & utilities > 39.00,test_2024,deployed,12,4,4,331.0,0.75,37.0,0.5,1,1,0,0,2,0,1,3,0,0,4,0,0,0,4,0.25,0.0,1.0,1732.0,1732.0,0,0.0,insufficient
4+,months_since_cert_n >   4.500 & rawben_rel_max <=   0.611 & total_deductions_by_hh_size >   0.600 & utilities > 984.000,train_2022_23,national,34,18,18,311.0,0.6111111111111112,38.0,0.4444444444444444,8,9,0,1,0,0,1,13,4,0,14,4,0,4,14,0.4444444444444444,0.2222222222222222,0.7777777777777778,3565.0,2814.0,3,0.16666666666666666,post_authorization
4+,months_since_cert_n >   4.500 & rawben_rel_max <=   0.611 & total_deductions_by_hh_size >   0.600 & utilities > 984.000,test_2024,national,41,9,9,311.0,0.7777777777777778,41.0,0.2222222222222222,4,4,0,0,1,0,1,2,6,0,7,2,0,1,3,0.4444444444444444,0.1111111111111111,0.3333333333333333,3400.0,3400.0,0,0.0,post_authorization
4+,months_since_cert_n >   4.500 & rawben_rel_max <=   0.611 & total_deductions_by_hh_size >   0.600 & utilities > 984.000,test_2024,deployed,20,2,2,311.0,0.5,38.0,0.5,2,0,0,0,0,0,0,1,1,0,2,0,0,0,1,1.0,0.0,0.5,1409.0,1409.0,0,0.0,insufficient
2-3,months_since_cert_n >=  12.0 & shelter_expenses_by_hh_size >= 399.0 & unc_rawben_rel_max >=   1.4,train_2022_23,national,37,19,32,311.0,0.1875,37.0,0.15625,18,13,0,1,0,0,2,6,24,0,31,0,0,3,8,0.5625,0.09375,0.25,9574.0,7389.0,1,0.03125,post_authorization
2-3,months_since_cert_n >=  12.0 & shelter_expenses_by_hh_size >= 399.0 & unc_rawben_rel_max >=   1.4,test_2024,national,21,10,18,331.0,0.3888888888888889,37.0,0.3333333333333333,11,4,0,0,3,0,0,9,9,0,12,1,0,6,9,0.6111111111111112,0.3333333333333333,0.5,7588.0,4266.0,1,0.05555555555555555,post_authorization
2-3,months_since_cert_n >=  12.0 & shelter_expenses_by_hh_size >= 399.0 & unc_rawben_rel_max >=   1.4,test_2024,deployed,6,1,1,331.0,1.0,38.0,1.0,0,0,0,0,1,0,0,1,0,0,1,0,0,0,1,0.0,0.0,1.0,512.0,512.0,0,0.0,insufficient
4+,months_since_cert_n >   5.5 & shelter_expenses_by_hh_size > 402.0 & utilities > 984.0,train_2022_23,national,41,20,21,311.0,0.42857142857142855,38.0,0.42857142857142855,9,10,0,2,0,0,3,14,4,0,18,3,0,4,17,0.42857142857142855,0.19047619047619047,0.8095238095238095,4806.0,3223.0,2,0.09523809523809523,post_authorization
4+,months_since_cert_n >   5.5 & shelter_expenses_by_hh_size > 402.0 & utilities > 984.0,test_2024,national,32,8,9,311.0,0.4444444444444444,45.0,0.2222222222222222,4,4,0,0,1,0,0,3,6,0,8,1,0,2,3,0.4444444444444444,0.2222222222222222,0.3333333333333333,2648.0,1872.0,0,0.0,post_authorization
4+,months_since_cert_n >   5.5 & shelter_expenses_by_hh_size > 402.0 & utilities > 984.0,test_2024,deployed,17,4,5,311.0,0.4,38.0,0.2,3,2,0,0,0,0,0,2,3,0,5,0,0,1,2,0.6,0.2,0.4,1231.0,455.0,0,0.0,post_authorization
1,medical_deductions <=  604.000 & rawben_rel_max >    0.987 & rawben_rel_max <=    0.998 & shelter_expenses_by_hh_size > 1270.000,train_2022_23,national,101,43,58,363.0,0.6896551724137931,53.0,0.6379310344827587,31,27,0,0,0,0,9,43,6,0,44,1,0,10,52,0.5344827586206896,0.1724137931034483,0.896551724137931,10836.0,6907.0,8,0.13793103448275862,post_authorization
1,medical_deductions <=  604.000 & rawben_rel_max >    0.987 & rawben_rel_max <=    0.998 & shelter_expenses_by_hh_size > 1270.000,test_2024,national,82,34,43,363.0,0.7906976744186046,56.0,0.5116279069767442,19,23,0,0,1,0,5,23,15,0,41,0,0,5,28,0.4418604651162791,0.11627906976744186,0.6511627906976745,7363.0,5600.0,3,0.06976744186046512,post_authorization
1,medical_deductions <=  604.000 & rawben_rel_max >    0.987 & rawben_rel_max <=    0.998 & shelter_expenses_by_hh_size > 1270.000,test_2024,deployed,7,3,3,363.0,1.0,56.0,0.6666666666666666,0,2,0,0,1,0,0,1,2,0,3,0,0,0,1,0.0,0.0,0.3333333333333333,537.0,537.0,0,0.0,insufficient
4+,HH_size_n >  4.500 & months_since_cert_n >  5.500 & percent_abawd >  0.268 & utilities > 30.500,train_2022_23,national,39,19,28,311.0,0.25,7.0,0.17857142857142858,16,12,0,0,0,0,5,16,7,0,15,13,0,7,21,0.5714285714285714,0.25,0.75,5654.0,5930.0,4,0.14285714285714285,post_authorization
4+,HH_size_n >  4.500 & months_since_cert_n >  5.500 & percent_abawd >  0.268 & utilities > 30.500,test_2024,national,14,7,12,311.0,0.4166666666666667,35.0,0.3333333333333333,4,8,0,0,0,0,0,6,6,0,10,2,0,2,6,0.3333333333333333,0.16666666666666666,0.5,8549.0,7336.0,1,0.08333333333333333,post_authorization
4+,HH_size_n >  4.500 & months_since_cert_n >  5.500 & percent_abawd >  0.268 & utilities > 30.500,test_2024,deployed,1,1,1,311.0,1.0,35.0,1.0,0,1,0,0,0,0,0,0,1,0,1,0,0,0,0,0.0,0.0,0.0,940.0,940.0,0,0.0,insufficient
1,elderly_disabled_i >    0.500 & shelter_expenses_by_hh_size > 2070.000 & unc_rawben_rel_max <=    0.991,train_2022_23,national,55,25,34,363.0,0.47058823529411764,53.0,0.35294117647058826,19,14,0,1,0,0,4,19,11,0,18,7,0,9,23,0.5588235294117647,0.2647058823529412,0.6764705882352942,5286.0,2975.0,5,0.14705882352941177,post_authorization
1,elderly_disabled_i >    0.500 & shelter_expenses_by_hh_size > 2070.000 & unc_rawben_rel_max <=    0.991,test_2024,national,61,22,34,363.0,0.3235294117647059,56.0,0.23529411764705882,15,16,0,0,3,0,4,18,12,0,30,2,0,6,22,0.4411764705882353,0.17647058823529413,0.6470588235294118,5373.0,3487.0,2,0.058823529411764705,post_authorization
1,elderly_disabled_i >    0.500 & shelter_expenses_by_hh_size > 2070.000 & unc_rawben_rel_max <=    0.991,test_2024,deployed,3,2,2,150.0,0.5,99.0,0.5,1,0,0,0,1,0,1,1,0,0,2,0,0,0,2,0.5,0.0,1.0,332.0,332.0,0,0.0,insufficient
2-3,elderly_disabled_i >    0.500 & rawben_rel_max <=    0.997 & shelter_expenses_by_hh_size > 1100.000 & total_deductions_by_hh_size >  103.000,train_2022_23,national,45,21,36,363.0,0.4166666666666667,53.0,0.2777777777777778,19,17,0,0,0,0,11,17,8,0,28,2,0,4,28,0.5277777777777778,0.1111111111111111,0.7777777777777778,6855.0,4733.0,3,0.08333333333333333,post_authorization
2-3,elderly_disabled_i >    0.500 & rawben_rel_max <=    0.997 & shelter_expenses_by_hh_size > 1100.000 & total_deductions_by_hh_size >  103.000,test_2024,national,49,23,32,363.0,0.53125,56.0,0.40625,11,16,1,0,4,0,1,23,8,0,24,3,0,8,24,0.34375,0.25,0.75,5375.0,4472.0,5,0.15625,post_authorization
2-3,elderly_disabled_i >    0.500 & rawben_rel_max <=    0.997 & shelter_expenses_by_hh_size > 1100.000 & total_deductions_by_hh_size >  103.000,test_2024,deployed,6,1,1,331.0,1.0,38.0,1.0,0,1,0,0,0,0,0,1,0,0,0,1,0,0,1,0.0,0.0,1.0,58.0,58.0,0,0.0,insufficient
2-3,count_divisible_by_100 <=   2.5 & HH_size_n >   2.5 & shelter_expenses_by_hh_size <= 730.0 & total_deductions_by_hh_size > 436.0,train_2022_23,national,191,73,122,311.0,0.2459016393442623,53.0,0.2459016393442623,65,54,0,3,0,0,7,84,31,0,72,12,0,22,91,0.5327868852459017,0.18032786885245902,0.7459016393442623,24311.0,13540.0,18,0.14754098360655737,post_authorization
2-3,count_divisible_by_100 <=   2.5 & HH_size_n >   2.5 & shelter_expenses_by_hh_size <= 730.0 & total_deductions_by_hh_size > 436.0,test_2024,national,131,32,53,311.0,0.32075471698113206,56.0,0.16981132075471697,29,19,1,2,2,0,5,36,12,0,24,19,0,12,41,0.5471698113207547,0.22641509433962265,0.7735849056603774,14028.0,7018.0,11,0.20754716981132076,post_authorization
2-3,count_divisible_by_100 <=   2.5 & HH_size_n >   2.5 & shelter_expenses_by_hh_size <= 730.0 & total_deductions_by_hh_size > 436.0,test_2024,deployed,2,1,1,333.0,1.0,33.0,1.0,0,0,0,1,0,0,0,0,1,0,1,0,0,0,0,0.0,0.0,0.0,118.0,118.0,0,0.0,insufficient
2-3,months_since_cert_n >   2.500 & months_since_cert_n <=  18.000 & rawben_rel_max <=   0.903 & utilities > 967.000,train_2022_23,national,152,30,32,311.0,0.40625,38.0,0.28125,22,10,0,0,0,0,6,17,9,0,24,8,0,4,23,0.6875,0.125,0.71875,6671.0,5846.0,2,0.0625,post_authorization
2-3,months_since_cert_n >   2.500 & months_since_cert_n <=  18.000 & rawben_rel_max <=   0.903 & utilities > 967.000,test_2024,national,146,25,27,311.0,0.3333333333333333,38.0,0.2222222222222222,16,7,0,1,3,0,1,11,15,0,19,8,0,1,12,0.5925925925925926,0.037037037037037035,0.4444444444444444,5277.0,4253.0,0,0.0,post_authorization
2-3,months_since_cert_n >   2.500 & months_since_cert_n <=  18.000 & rawben_rel_max <=   0.903 & utilities > 967.000,test_2024,deployed,27,11,11,311.0,0.45454545454545453,38.0,0.2727272727272727,7,3,0,1,0,0,1,5,5,0,8,3,0,0,6,0.6363636363636364,0.0,0.5454545454545454,2593.0,2593.0,0,0.0,post_authorization
2-3,elderly_disabled_i >= 1.00 & married < 1.00 & unc_rawben_rel_max >= 1.42,train_2022_23,national,69,37,50,331.0,0.26,38.0,0.26,32,17,0,1,0,0,8,29,13,0,41,0,0,18,37,0.64,0.36,0.74,12426.0,10054.0,13,0.26,mixed
2-3,elderly_disabled_i >= 1.00 & married < 1.00 & unc_rawben_rel_max >= 1.42,test_2024,national,44,13,19,363.0,0.21052631578947367,99.0,0.21052631578947367,8,7,0,0,4,0,0,15,4,0,11,0,0,4,15,0.42105263157894735,0.21052631578947367,0.7894736842105263,7962.0,2844.0,3,0.15789473684210525,post_authorization
2-3,elderly_disabled_i >= 1.00 & married < 1.00 & unc_rawben_rel_max >= 1.42,test_2024,deployed,8,2,2,344.0,0.5,37.0,0.5,1,1,0,0,0,0,0,2,0,0,2,0,0,0,2,0.5,0.0,1.0,579.0,579.0,0,0.0,insufficient
2-3,HH_size_n > 2.500 & rawben_rel_max > 0.986 & unc_rawben_rel_max > 1.440,train_2022_23,national,47,22,28,311.0,0.21428571428571427,38.0,0.32142857142857145,17,11,0,0,0,0,4,15,9,0,22,1,0,9,19,0.6071428571428571,0.32142857142857145,0.6785714285714286,7278.0,6626.0,8,0.2857142857142857,mixed
2-3,HH_size_n > 2.500 & rawben_rel_max > 0.986 & unc_rawben_rel_max > 1.440,test_2024,national,21,10,17,311.0,0.23529411764705882,37.0,0.17647058823529413,6,9,0,0,2,0,2,14,1,0,9,0,0,3,16,0.35294117647058826,0.17647058823529413,0.9411764705882353,4144.0,1493.0,2,0.11764705882352941,post_authorization
2-3,HH_size_n > 2.500 & rawben_rel_max > 0.986 & unc_rawben_rel_max > 1.440,test_2024,deployed,4,2,3,344.0,0.3333333333333333,37.0,0.6666666666666666,1,1,0,0,1,0,0,3,0,0,3,0,0,1,3,0.3333333333333333,0.3333333333333333,1.0,551.0,309.0,0,0.0,insufficient
1,medical_deductions > 132.00 & unc_rawben_rel_max >   2.03 & utilities >  29.50,train_2022_23,national,32,16,26,331.0,0.4230769230769231,35.0,0.23076923076923078,14,11,1,0,0,0,2,12,12,0,23,2,0,9,14,0.5384615384615384,0.34615384615384615,0.5384615384615384,5223.0,4660.0,4,0.15384615384615385,post_authorization
1,medical_deductions > 132.00 & unc_rawben_rel_max >   2.03 & utilities >  29.50,test_2024,national,26,9,16,331.0,0.4375,38.0,0.3125,9,3,0,1,3,0,1,10,5,0,8,0,0,4,11,0.5625,0.25,0.6875,2500.0,1139.0,0,0.0,post_authorization
1,medical_deductions > 132.00 & unc_rawben_rel_max >   2.03 & utilities >  29.50,test_2024,deployed,4,2,3,331.0,0.6666666666666666,38.0,0.6666666666666666,0,0,0,1,2,0,0,3,0,0,3,0,0,1,3,0.0,0.3333333333333333,1.0,502.0,300.0,0,0.0,insufficient
2-3,expedited_i <=    0.5 & medical_deductions >  104.0 & total_deductions_by_hh_size >  493.0 & total_deductions_by_hh_size <= 1440.0,train_2022_23,national,141,56,96,365.0,0.3229166666666667,53.0,0.4583333333333333,59,37,0,0,0,0,15,62,19,0,68,14,0,25,77,0.6145833333333334,0.2604166666666667,0.8020833333333334,15636.0,11311.0,19,0.19791666666666666,post_authorization
2-3,expedited_i <=    0.5 & medical_deductions >  104.0 & total_deductions_by_hh_size >  493.0 & total_deductions_by_hh_size <= 1440.0,test_2024,national,78,36,47,363.0,0.3404255319148936,56.0,0.3617021276595745,24,16,1,0,6,0,3,31,12,1,34,2,0,15,34,0.5106382978723404,0.3191489361702128,0.723404255319149,9246.0,5531.0,6,0.1276595744680851,post_authorization
2-3,expedited_i <=    0.5 & medical_deductions >  104.0 & total_deductions_by_hh_size >  493.0 & total_deductions_by_hh_size <= 1440.0,test_2024,deployed,1,1,1,331.0,1.0,37.0,1.0,1,0,0,0,0,0,0,1,0,0,1,0,0,0,1,1.0,0.0,1.0,258.0,258.0,0,0.0,insufficient
2-3,married <   1.000 & months_since_cert_n >=   5.000 & total_deductions_by_hh_size >= 654.000 & unc_rawben_rel_max >=   0.274,train_2022_23,national,64,28,49,311.0,0.24489795918367346,53.0,0.24489795918367346,27,22,0,0,0,0,6,24,19,0,29,4,0,8,30,0.5510204081632653,0.16326530612244897,0.6122448979591837,10731.0,7768.0,6,0.12244897959183673,post_authorization
2-3,married <   1.000 & months_since_cert_n >=   5.000 & total_deductions_by_hh_size >= 654.000 & unc_rawben_rel_max >=   0.274,test_2024,national,66,25,37,311.0,0.2972972972972973,35.0,0.16216216216216217,13,16,1,1,6,0,5,22,10,0,24,7,0,8,27,0.35135135135135137,0.21621621621621623,0.7297297297297297,8540.0,5849.0,7,0.1891891891891892,post_authorization
2-3,married <   1.000 & months_since_cert_n >=   5.000 & total_deductions_by_hh_size >= 654.000 & unc_rawben_rel_max >=   0.274,test_2024,deployed,1,0,0,,,,,0,0,0,0,0,0,0,0,0,0,0,0,0,0,0,0.0,0.0,0.0,0.0,0.0,0,0.0,insufficient
4+,months_since_cert_n >  1.500 & rawben_rel_max <=  0.983 & total_deductions_by_hh_size > 31.000 & unc_rawben_rel_max >  0.776,train_2022_23,national,1467,382,555,311.0,0.3171171171171171,38.0,0.17297297297297298,325,213,1,16,0,0,58,311,186,0,286,130,0,175,369,0.5855855855855856,0.3153153153153153,0.6648648648648648,127267.0,77796.0,95,0.17117117117117117,post_authorization
4+,months_since_cert_n >  1.500 & rawben_rel_max <=  0.983 & total_deductions_by_hh_size > 31.000 & unc_rawben_rel_max >  0.776,test_2024,national,760,219,329,311.0,0.2917933130699088,38.0,0.13677811550151975,175,120,0,6,27,1,26,184,112,1,162,97,1,89,210,0.5319148936170213,0.270516717325228,0.6382978723404256,80344.0,44256.0,39,0.11854103343465046,post_authorization
4+,months_since_cert_n >  1.500 & rawben_rel_max <=  0.983 & total_deductions_by_hh_size > 31.000 & unc_rawben_rel_max >  0.776,test_2024,deployed,21,3,3,364.0,0.3333333333333333,52.0,0.6666666666666666,3,0,0,0,0,0,0,3,0,0,1,2,0,0,3,1.0,0.0,1.0,379.0,379.0,0,0.0,insufficient
4+,months_since_cert_n > 0.500 & rawben_rel_max > 0.793 & unc_rawben_rel_max <= 0.879,train_2022_23,national,930,235,342,311.0,0.26608187134502925,38.0,0.1608187134502924,207,122,1,12,0,0,37,211,94,0,165,86,0,106,248,0.6052631578947368,0.30994152046783624,0.7251461988304093,72164.0,45787.0,59,0.17251461988304093,post_authorization
4+,months_since_cert_n > 0.500 & rawben_rel_max > 0.793 & unc_rawben_rel_max <= 0.879,test_2024,national,435,112,163,311.0,0.26993865030674846,38.0,0.15337423312883436,97,50,0,2,13,1,9,104,48,0,69,57,0,53,113,0.5950920245398773,0.32515337423312884,0.6932515337423313,36994.0,20741.0,27,0.1656441717791411,post_authorization
4+,months_since_cert_n > 0.500 & rawben_rel_max > 0.793 & unc_rawben_rel_max <= 0.879,test_2024,deployed,9,2,2,323.0,0.5,53.0,0.5,2,0,0,0,0,0,0,2,0,0,1,1,0,1,2,1.0,0.5,1.0,317.0,317.0,1,0.5,insufficient
2-3,total_deductions_by_hh_size >= 625.000 & unc_rawben_rel_max <   0.997 & utilities < 875.000,train_2022_23,national,164,61,114,311.0,0.21929824561403508,53.0,0.2807017543859649,56,55,0,3,0,0,16,61,37,0,81,8,0,16,77,0.49122807017543857,0.14035087719298245,0.6754385964912281,22080.0,11296.0,8,0.07017543859649122,post_authorization
2-3,total_deductions_by_hh_size >= 625.000 & unc_rawben_rel_max <   0.997 & utilities < 875.000,test_2024,national,127,57,89,363.0,0.24719101123595505,56.0,0.24719101123595505,38,36,2,3,10,0,9,62,18,0,60,12,0,20,71,0.42696629213483145,0.2247191011235955,0.797752808988764,18509.0,11061.0,14,0.15730337078651685,post_authorization
2-3,total_deductions_by_hh_size >= 625.000 & unc_rawben_rel_max <   0.997 & utilities < 875.000,test_2024,deployed,8,2,5,331.0,0.2,37.0,0.2,2,1,1,0,1,0,0,4,1,0,2,3,0,1,4,0.4,0.2,0.8,2602.0,1118.0,1,0.2,post_authorization
4+,rawben_rel_max >  0.776 & total_deductions_by_hh_size > 31.700 & unc_rawben_rel_max <=  0.983,train_2022_23,national,1810,458,663,311.0,0.3137254901960784,38.0,0.17194570135746606,381,262,1,19,0,0,74,398,191,0,335,153,0,193,472,0.5746606334841629,0.2911010558069382,0.7119155354449472,151580.0,91698.0,110,0.16591251885369532,post_authorization
4+,rawben_rel_max >  0.776 & total_deductions_by_hh_size > 31.700 & unc_rawben_rel_max <=  0.983,test_2024,national,970,278,407,311.0,0.28746928746928746,38.0,0.14250614250614252,217,151,0,6,32,1,32,253,113,2,199,113,1,103,285,0.5331695331695332,0.25307125307125306,0.7002457002457002,97996.0,54305.0,51,0.12530712530712532,post_authorization
4+,rawben_rel_max >  0.776 & total_deductions_by_hh_size > 31.700 & unc_rawben_rel_max <=  0.983,test_2024,deployed,24,5,5,364.0,0.4,52.0,0.8,5,0,0,0,0,0,0,5,0,0,2,3,0,1,5,1.0,0.2,1.0,719.0,719.0,1,0.2,post_authorization
4+,months_since_cert_n >=   5.000 & rawben_rel_max >=   0.536 & shelter_expenses_by_hh_size < 504.000 & total_deductions_by_hh_size >= 234.000,train_2022_23,national,272,96,146,311.0,0.3356164383561644,38.0,0.2328767123287671,74,61,0,11,0,0,17,75,54,0,84,26,0,37,92,0.5068493150684932,0.2534246575342466,0.6301369863013698,32299.0,16845.0,20,0.136986301369863,post_authorization
4+,months_since_cert_n >=   5.000 & rawben_rel_max >=   0.536 & shelter_expenses_by_hh_size < 504.000 & total_deductions_by_hh_size >= 234.000,test_2024,national,173,42,71,311.0,0.3380281690140845,38.0,0.14084507042253522,38,26,0,1,6,0,3,25,40,0,43,5,0,22,28,0.5352112676056338,0.30985915492957744,0.39436619718309857,18413.0,8764.0,6,0.08450704225352113,post_authorization
4+,months_since_cert_n >=   5.000 & rawben_rel_max >=   0.536 & shelter_expenses_by_hh_size < 504.000 & total_deductions_by_hh_size >= 234.000,test_2024,deployed,18,5,12,323.0,0.16666666666666666,38.0,0.3333333333333333,10,0,0,0,2,0,0,5,7,0,1,0,0,7,5,0.8333333333333334,0.5833333333333334,0.4166666666666667,2857.0,157.0,1,0.08333333333333333,post_authorization
2-3,cat_elig >=   1.000 & medical_deductions >= 179.000 & rawben_rel_max >=   0.137,train_2022_23,national,183,66,109,365.0,0.44036697247706424,53.0,0.45871559633027525,71,35,0,3,0,0,16,65,28,0,75,16,0,38,81,0.6513761467889908,0.3486238532110092,0.7431192660550459,15385.0,10736.0,24,0.22018348623853212,post_authorization
2-3,cat_elig >=   1.000 & medical_deductions >= 179.000 & rawben_rel_max >=   0.137,test_2024,national,93,34,49,365.0,0.3469387755102041,53.0,0.24489795918367346,33,13,1,0,2,0,5,26,17,1,31,3,0,18,31,0.673469387755102,0.3673469387755102,0.6326530612244898,7205.0,4024.0,8,0.16326530612244897,post_authorization
2-3,cat_elig >=   1.000 & medical_deductions >= 179.000 & rawben_rel_max >=   0.137,test_2024,deployed,1,0,0,,,,,0,0,0,0,0,0,0,0,0,0,0,0,0,0,0,0.0,0.0,0.0,0.0,0.0,0,0.0,insufficient
1,medical_deductions >= 358.000 & rawben_rel_max >=   0.833 & rawben_rel_max <   0.916 & unc_rawben_rel_max <   1.520,train_2022_23,national,32,21,29,365.0,0.7241379310344828,53.0,0.7241379310344828,24,3,1,1,0,0,6,18,5,0,19,1,0,8,24,0.8275862068965517,0.27586206896551724,0.8275862068965517,5824.0,3328.0,4,0.13793103448275862,post_authorization
1,medical_deductions >= 358.000 & rawben_rel_max >=   0.833 & rawben_rel_max <   0.916 & unc_rawben_rel_max <   1.520,test_2024,national,16,6,8,365.0,0.75,53.0,0.5,8,0,0,0,0,0,1,5,2,0,6,0,0,2,6,1.0,0.25,0.75,1725.0,1258.0,1,0.125,post_authorization
1,medical_deductions >= 358.000 & rawben_rel_max >=   0.833 & rawben_rel_max <   0.916 & unc_rawben_rel_max <   1.520,test_2024,deployed,1,0,0,,,,,0,0,0,0,0,0,0,0,0,0,0,0,0,0,0,0.0,0.0,0.0,0.0,0.0,0,0.0,insufficient
1,expedited_i <=   0.50 & percent_abawd <=   0.50 & shelter_expenses_by_hh_size <= 850.00 & unc_rawben_rel_max >   1.93,train_2022_23,national,111,49,73,331.0,0.5205479452054794,37.0,0.2876712328767123,52,16,2,3,0,0,9,27,37,0,58,0,0,24,36,0.7123287671232876,0.3287671232876712,0.4931506849315068,10354.0,6199.0,8,0.1095890410958904,post_authorization
1,expedited_i <=   0.50 & percent_abawd <=   0.50 & shelter_expenses_by_hh_size <= 850.00 & unc_rawben_rel_max >   1.93,test_2024,national,44,20,39,331.0,0.28205128205128205,37.0,0.2564102564102564,29,7,0,0,3,0,2,26,11,0,25,0,0,15,28,0.7435897435897436,0.38461538461538464,0.717948717948718,6469.0,3339.0,9,0.23076923076923078,post_authorization
1,expedited_i <=   0.50 & percent_abawd <=   0.50 & shelter_expenses_by_hh_size <= 850.00 & unc_rawben_rel_max >   1.93,test_2024,deployed,1,1,2,331.0,0.5,38.0,1.0,0,0,0,0,2,0,0,2,0,0,2,0,0,0,2,0.0,0.0,1.0,404.0,202.0,0,0.0,insufficient
1,rawben_rel_max >=   0.988 & rawben_rel_max <   0.992 & total_deductions_by_hh_size >= 495.000 & utilities < 850.000,train_2022_23,national,345,128,171,363.0,0.7251461988304093,53.0,0.6549707602339181,77,92,1,1,0,0,26,111,34,0,127,2,0,21,137,0.4502923976608187,0.12280701754385964,0.8011695906432749,24572.0,14294.0,14,0.08187134502923976,post_authorization
1,rawben_rel_max >=   0.988 & rawben_rel_max <   0.992 & total_deductions_by_hh_size >= 495.000 & utilities < 850.000,test_2024,national,195,93,128,363.0,0.71875,56.0,0.4140625,65,61,0,2,0,0,11,72,45,0,98,0,0,20,83,0.5078125,0.15625,0.6484375,19182.0,14019.0,10,0.078125,post_authorization
1,rawben_rel_max >=   0.988 & rawben_rel_max <   0.992 & total_deductions_by_hh_size >= 495.000 & utilities < 850.000,test_2024,deployed,1,0,0,,,,,0,0,0,0,0,0,0,0,0,0,0,0,0,0,0,0.0,0.0,0.0,0.0,0.0,0,0.0,insufficient
1,rawben_rel_max <   1.000 & total_deductions_by_hh_size >= 425.000 & unc_rawben_rel_max >=   0.986 & utilities < 800.000,train_2022_23,national,422,137,183,363.0,0.6939890710382514,53.0,0.644808743169399,81,100,1,1,0,0,27,121,35,0,131,2,0,22,148,0.4426229508196721,0.12021857923497267,0.8087431693989071,25874.0,14558.0,15,0.08196721311475409,post_authorization
1,rawben_rel_max <   1.000 & total_deductions_by_hh_size >= 425.000 & unc_rawben_rel_max >=   0.986 & utilities < 800.000,test_2024,national,244,97,133,363.0,0.6992481203007519,56.0,0.40601503759398494,69,62,0,2,0,0,11,77,45,0,102,0,0,21,88,0.518796992481203,0.15789473684210525,0.6616541353383458,19779.0,14334.0,11,0.08270676691729323,post_authorization
1,rawben_rel_max <   1.000 & total_deductions_by_hh_size >= 425.000 & unc_rawben_rel_max >=   0.986 & utilities < 800.000,test_2024,deployed,2,0,0,,,,,0,0,0,0,0,0,0,0,0,0,0,0,0,0,0,0.0,0.0,0.0,0.0,0.0,0,0.0,insufficient
2-3,HH_size_n >   2.5 & months_since_cert_n <=  10.5 & shelter_expenses_by_hh_size > 279.0 & total_deductions_by_hh_size > 402.0,train_2022_23,national,277,93,152,311.0,0.25,53.0,0.24342105263157895,78,70,0,4,0,0,14,100,38,0,90,17,0,29,114,0.5131578947368421,0.19078947368421054,0.75,31706.0,19800.0,22,0.14473684210526316,post_authorization
2-3,HH_size_n >   2.5 & months_since_cert_n <=  10.5 & shelter_expenses_by_hh_size > 279.0 & total_deductions_by_hh_size > 402.0,test_2024,national,230,59,92,311.0,0.32608695652173914,38.0,0.13043478260869565,42,38,1,4,7,0,13,65,14,0,43,30,0,20,78,0.45652173913043476,0.21739130434782608,0.8478260869565217,23199.0,11839.0,14,0.15217391304347827,post_authorization
2-3,HH_size_n >   2.5 & months_since_cert_n <=  10.5 & shelter_expenses_by_hh_size > 279.0 & total_deductions_by_hh_size > 402.0,test_2024,deployed,9,3,7,363.0,0.2857142857142857,38.0,0.2857142857142857,2,2,1,0,2,0,0,6,1,0,1,4,0,2,6,0.2857142857142857,0.2857142857142857,0.8571428571428571,2590.0,1020.0,1,0.14285714285714285,post_authorization
1,elderly_disabled_i >   0.500 & rawben_rel_max >   0.994 & shelter_expenses_by_hh_size <= 814.000 & unc_rawben_rel_max >   1.470,train_2022_23,national,429,136,190,331.0,0.531578947368421,37.0,0.3,132,50,3,5,0,0,17,65,108,0,153,2,0,60,82,0.6947368421052632,0.3157894736842105,0.43157894736842106,31427.0,22104.0,23,0.12105263157894737,post_authorization
1,elderly_disabled_i >   0.500 & rawben_rel_max >   0.994 & shelter_expenses_by_hh_size <= 814.000 & unc_rawben_rel_max >   1.470,test_2024,national,198,64,90,331.0,0.4222222222222222,37.0,0.2777777777777778,51,32,1,2,4,0,13,30,46,0,68,0,0,29,43,0.5666666666666667,0.32222222222222224,0.4777777777777778,17070.0,11629.0,14,0.15555555555555556,post_authorization
1,elderly_disabled_i >   0.500 & rawben_rel_max >   0.994 & shelter_expenses_by_hh_size <= 814.000 & unc_rawben_rel_max >   1.470,test_2024,deployed,1,0,0,,,,,0,0,0,0,0,0,0,0,0,0,0,0,0,0,0,0.0,0.0,0.0,0.0,0.0,0,0.0,insufficient
4+,months_since_cert_n >=  11 & total_deductions_by_hh_size >= 228,train_2022_23,national,89,41,73,311.0,0.3424657534246575,38.0,0.1780821917808219,35,29,0,9,0,0,10,30,33,0,43,19,2,20,40,0.4794520547945205,0.273972602739726,0.547945205479452,17305.0,15021.0,8,0.1095890410958904,post_authorization
4+,months_since_cert_n >=  11 & total_deductions_by_hh_size >= 228,test_2024,national,41,13,24,311.0,0.375,35.0,0.16666666666666666,12,10,0,1,1,0,1,7,16,0,17,0,0,5,8,0.5,0.20833333333333334,0.3333333333333333,5793.0,3579.0,4,0.16666666666666666,post_authorization
4+,months_since_cert_n >=  11 & total_deductions_by_hh_size >= 228,test_2024,deployed,2,1,1,323.0,1.0,52.0,1.0,1,0,0,0,0,0,0,1,0,0,0,0,0,1,1,1.0,1.0,1.0,66.0,0.0,1,1.0,insufficient
4+,HH_size_n >   4.5 & shelter_expenses_by_hh_size <= 268.0 & total_deductions_by_hh_size > 222.0,train_2022_23,national,70,33,59,323.0,0.23728813559322035,52.0,0.2542372881355932,34,22,1,2,0,0,3,48,8,0,25,13,0,17,51,0.576271186440678,0.288135593220339,0.864406779661017,14518.0,9205.0,12,0.2033898305084746,post_authorization
4+,HH_size_n >   4.5 & shelter_expenses_by_hh_size <= 268.0 & total_deductions_by_hh_size > 222.0,test_2024,national,34,13,17,311.0,0.35294117647058826,56.0,0.23529411764705882,7,9,0,0,1,0,0,14,3,0,8,2,0,3,14,0.4117647058823529,0.17647058823529413,0.8235294117647058,3996.0,2416.0,2,0.11764705882352941,post_authorization
4+,HH_size_n >   4.5 & shelter_expenses_by_hh_size <= 268.0 & total_deductions_by_hh_size > 222.0,test_2024,deployed,1,0,0,,,,,0,0,0,0,0,0,0,0,0,0,0,0,0,0,0,0.0,0.0,0.0,0.0,0.0,0,0.0,insufficient
4+,months_since_cert_n >  10.5 & shelter_expenses_by_hh_size > 251.0 & total_deductions_by_hh_size > 208.0 & total_deductions_by_hh_size <= 278.0,train_2022_23,national,72,32,56,311.0,0.2857142857142857,38.0,0.16071428571428573,36,20,0,0,0,0,4,29,23,0,33,17,2,16,33,0.6428571428571429,0.2857142857142857,0.5892857142857143,10460.0,10508.0,6,0.10714285714285714,post_authorization
4+,months_since_cert_n >  10.5 & shelter_expenses_by_hh_size > 251.0 & total_deductions_by_hh_size > 208.0 & total_deductions_by_hh_size <= 278.0,test_2024,national,30,10,19,311.0,0.42105263157894735,38.0,0.21052631578947367,8,11,0,0,0,0,0,7,12,0,10,0,0,7,7,0.42105263157894735,0.3684210526315789,0.3684210526315789,6717.0,3786.0,6,0.3157894736842105,mixed
4+,months_since_cert_n >  10.5 & shelter_expenses_by_hh_size > 251.0 & total_deductions_by_hh_size > 208.0 & total_deductions_by_hh_size <= 278.0,test_2024,deployed,3,2,5,363.0,0.4,52.0,0.4,4,1,0,0,0,0,0,3,2,0,0,0,0,4,3,0.8,0.8,0.6,360.0,0.0,3,0.6,pre_authorization
2-3,elderly_disabled_i >   0.5 & married <=   0.5 & total_deductions_by_hh_size > 724.0,train_2022_23,national,32,16,21,363.0,0.23809523809523808,53.0,0.23809523809523808,14,7,0,0,0,0,3,12,6,0,17,2,0,7,15,0.6666666666666666,0.3333333333333333,0.7142857142857143,5718.0,6847.0,5,0.23809523809523808,post_authorization
2-3,elderly_disabled_i >   0.5 & married <=   0.5 & total_deductions_by_hh_size > 724.0,test_2024,national,49,15,22,363.0,0.36363636363636365,56.0,0.3181818181818182,2,15,1,1,3,0,3,15,4,0,17,1,0,2,18,0.09090909090909091,0.09090909090909091,0.8181818181818182,6458.0,3983.0,1,0.045454545454545456,post_authorization
2-3,elderly_disabled_i >   0.5 & married <=   0.5 & total_deductions_by_hh_size > 724.0,test_2024,deployed,3,0,0,,,,,0,0,0,0,0,0,0,0,0,0,0,0,0,0,0,0.0,0.0,0.0,0.0,0.0,0,0.0,insufficient
1,expedited_i <=   0.50 & shelter_expenses_by_hh_size <= 968.00 & unc_rawben_rel_max >   1.93,train_2022_23,national,191,74,109,331.0,0.46788990825688076,37.0,0.24770642201834864,73,30,2,4,0,0,11,43,55,0,88,0,0,41,54,0.6697247706422018,0.3761467889908257,0.4954128440366973,16533.0,10764.0,16,0.14678899082568808,post_authorization
1,expedited_i <=   0.50 & shelter_expenses_by_hh_size <= 968.00 & unc_rawben_rel_max >   1.93,test_2024,national,74,32,56,331.0,0.35714285714285715,37.0,0.2857142857142857,41,12,0,0,3,0,4,31,21,0,33,0,0,19,35,0.7321428571428571,0.3392857142857143,0.625,9017.0,4464.0,10,0.17857142857142858,post_authorization
1,expedited_i <=   0.50 & shelter_expenses_by_hh_size <= 968.00 & unc_rawben_rel_max >   1.93,test_2024,deployed,3,2,4,363.0,0.25,37.0,0.5,4,0,0,0,0,0,0,3,1,0,0,0,0,1,3,1.0,0.25,0.75,472.0,0.0,1,0.25,insufficient
1,homeless >   0.500 & rawben_rel_max <=   0.991 & shelter_expenses_by_hh_size > 672.000 & unc_rawben_rel_max >   0.792,train_2022_23,national,60,26,34,363.0,0.6764705882352942,53.0,0.6470588235294118,13,20,1,0,0,0,2,18,14,0,26,0,0,4,20,0.38235294117647056,0.11764705882352941,0.5882352941176471,4823.0,3471.0,2,0.058823529411764705,post_authorization
1,homeless >   0.500 & rawben_rel_max <=   0.991 & shelter_expenses_by_hh_size > 672.000 & unc_rawben_rel_max >   0.792,test_2024,national,31,11,14,363.0,0.6428571428571429,53.0,0.7857142857142857,4,10,0,0,0,0,1,7,6,0,11,1,0,3,8,0.2857142857142857,0.21428571428571427,0.5714285714285714,2250.0,1762.0,3,0.21428571428571427,post_authorization
1,homeless >   0.500 & rawben_rel_max <=   0.991 & shelter_expenses_by_hh_size > 672.000 & unc_rawben_rel_max >   0.792,test_2024,deployed,3,2,2,364.0,0.5,54.0,0.5,2,0,0,0,0,0,0,2,0,0,0,0,0,1,2,1.0,0.5,1.0,199.0,65.0,1,0.5,insufficient
4+,cat_elig >   0.500 & months_since_cert_n >   5.500 & rawben_rel_max <=   0.976 & shelter_expenses_by_hh_size > 350.000,train_2022_23,national,423,145,232,311.0,0.3103448275862069,38.0,0.16379310344827586,117,106,0,9,0,0,10,116,106,0,124,67,2,60,126,0.5043103448275862,0.25862068965517243,0.5431034482758621,49987.0,37426.0,28,0.1206896551724138,post_authorization
4+,cat_elig >   0.500 & months_since_cert_n >   5.500 & rawben_rel_max <=   0.976 & shelter_expenses_by_hh_size > 350.000,test_2024,national,282,86,140,311.0,0.4,38.0,0.17142857142857143,67,63,1,1,8,0,2,64,73,0,74,32,0,31,66,0.4785714285714286,0.22142857142857142,0.4714285714285714,36811.0,21491.0,17,0.12142857142857143,post_authorization
4+,cat_elig >   0.500 & months_since_cert_n >   5.500 & rawben_rel_max <=   0.976 & shelter_expenses_by_hh_size > 350.000,test_2024,deployed,42,12,24,311.0,0.3333333333333333,38.0,0.25,16,6,0,0,2,0,0,11,13,0,1,3,0,10,11,0.6666666666666666,0.4166666666666667,0.4583333333333333,5279.0,987.0,4,0.16666666666666666,post_authorization
4+,count_divisible_by_100 > 0.500 & HH_size_n > 5.500 & months_since_cert_n > 5.500 & rawben_rel_max <= 0.845,train_2022_23,national,32,15,28,311.0,0.39285714285714285,99.0,0.2857142857142857,20,8,0,0,0,0,0,18,10,0,14,5,0,6,18,0.7142857142857143,0.21428571428571427,0.6428571428571429,7197.0,3225.0,4,0.14285714285714285,post_authorization
4+,count_divisible_by_100 > 0.500 & HH_size_n > 5.500 & months_since_cert_n > 5.500 & rawben_rel_max <= 0.845,test_2024,national,17,6,11,311.0,0.2727272727272727,38.0,0.36363636363636365,5,6,0,0,0,0,0,7,4,0,4,0,0,3,7,0.45454545454545453,0.2727272727272727,0.6363636363636364,1878.0,579.0,3,0.2727272727272727,mixed
4+,count_divisible_by_100 > 0.500 & HH_size_n > 5.500 & months_since_cert_n > 5.500 & rawben_rel_max <= 0.845,test_2024,deployed,4,2,3,311.0,0.3333333333333333,40.0,0.3333333333333333,0,3,0,0,0,0,0,2,1,0,0,0,0,0,2,0.0,0.0,0.6666666666666666,265.0,57.0,0,0.0,insufficient
4+,months_since_cert_n >   5.500 & rawben_rel_max >   0.661 & rawben_rel_max <=   0.997 & shelter_expenses_by_hh_size > 161.000,train_2022_23,national,722,230,337,311.0,0.2997032640949555,38.0,0.17804154302670624,193,132,1,9,0,2,33,169,133,0,184,85,0,96,202,0.5727002967359051,0.28486646884273,0.599406528189911,68996.0,43473.0,52,0.1543026706231454,post_authorization
4+,months_since_cert_n >   5.500 & rawben_rel_max >   0.661 & rawben_rel_max <=   0.997 & shelter_expenses_by_hh_size > 161.000,test_2024,national,365,124,193,311.0,0.32642487046632124,38.0,0.17098445595854922,95,82,1,2,13,0,11,76,103,0,110,42,0,41,87,0.49222797927461137,0.21243523316062177,0.45077720207253885,45024.0,26300.0,11,0.05699481865284974,post_authorization
4+,months_since_cert_n >   5.500 & rawben_rel_max >   0.661 & rawben_rel_max <=   0.997 & shelter_expenses_by_hh_size > 161.000,test_2024,deployed,21,7,17,311.0,0.23529411764705882,35.0,0.23529411764705882,9,5,0,0,3,0,0,6,11,0,0,0,0,6,6,0.5294117647058824,0.35294117647058826,0.35294117647058826,4401.0,0.0,0,0.0,post_authorization
1,months_since_cert_n >   5.50 & shelter_expenses_by_hh_size <= 652.00 & unc_rawben_rel_max >   1.87 & utilities <= 508.00,train_2022_23,national,46,25,40,331.0,0.3,38.0,0.275,25,13,1,1,0,0,1,12,27,0,30,0,0,9,13,0.625,0.225,0.325,6831.0,3722.0,1,0.025,post_authorization
1,months_since_cert_n >   5.50 & shelter_expenses_by_hh_size <= 652.00 & unc_rawben_rel_max >   1.87 & utilities <= 508.00,test_2024,national,5,3,4,346.0,0.25,35.0,0.75,0,4,0,0,0,0,1,1,2,0,4,0,0,0,2,0.0,0.0,0.5,882.0,346.0,0,0.0,insufficient
1,months_since_cert_n >   5.50 & shelter_expenses_by_hh_size <= 652.00 & unc_rawben_rel_max >   1.87 & utilities <= 508.00,test_2024,deployed,2,1,2,312.0,0.5,35.0,0.5,0,2,0,0,0,0,1,0,1,0,2,0,0,0,1,0.0,0.0,0.5,536.0,0.0,0,0.0,insufficient
4+,HH_size_n >   5.5 & months_since_cert_n >  10.5 & utilities <= 390.0,train_2022_23,national,51,24,45,311.0,0.3111111111111111,99.0,0.17777777777777778,32,10,0,3,0,0,1,31,13,0,18,14,0,22,32,0.7111111111111111,0.4888888888888889,0.7111111111111111,8162.0,3021.0,12,0.26666666666666666,mixed
4+,HH_size_n >   5.5 & months_since_cert_n >  10.5 & utilities <= 390.0,test_2024,national,11,5,11,311.0,0.2727272727272727,35.0,0.36363636363636365,2,8,0,0,1,0,1,6,4,0,8,2,0,5,7,0.18181818181818182,0.45454545454545453,0.6363636363636364,5556.0,4176.0,0,0.0,post_authorization
4+,HH_size_n >   5.5 & months_since_cert_n >  10.5 & utilities <= 390.0,test_2024,deployed,5,2,4,311.0,0.25,35.0,0.5,0,3,0,0,1,0,0,2,2,0,4,0,0,3,2,0.0,0.75,0.5,448.0,0.0,0,0.0,insufficient
2-3,rawben_rel_max >   0.635 & rawben_rel_max <=   0.872 & shelter_expenses_by_hh_size > 365.000,train_2022_23,national,1600,352,532,311.0,0.2593984962406015,38.0,0.15413533834586465,286,227,0,19,0,0,48,336,148,0,305,131,1,140,384,0.5375939849624061,0.2631578947368421,0.7218045112781954,86977.0,58464.0,85,0.15977443609022557,post_authorization
2-3,rawben_rel_max >   0.635 & rawben_rel_max <=   0.872 & shelter_expenses_by_hh_size > 365.000,test_2024,national,955,218,298,311.0,0.3187919463087248,38.0,0.17114093959731544,132,133,2,4,27,0,19,193,82,0,160,60,0,60,212,0.4429530201342282,0.20134228187919462,0.7114093959731543,54605.0,34452.0,26,0.087248322147651,post_authorization
2-3,rawben_rel_max >   0.635 & rawben_rel_max <=   0.872 & shelter_expenses_by_hh_size > 365.000,test_2024,deployed,12,5,10,363.0,0.3,35.0,0.3,1,9,0,0,0,0,0,4,6,0,8,2,0,0,4,0.1,0.0,0.4,2209.0,122.0,0,0.0,post_authorization
1,rawben_rel_max >   0.397 & rawben_rel_max <=   0.995 & shelter_expenses_by_hh_size > 934.000 & total_deductions_by_hh_size > 639.000,train_2022_23,national,3504,623,891,363.0,0.37149270482603813,53.0,0.44219977553310885,486,368,5,30,0,2,100,536,252,1,609,85,1,197,636,0.5454545454545454,0.22109988776655443,0.7138047138047138,117522.0,75500.0,105,0.11784511784511785,post_authorization
1,rawben_rel_max >   0.397 & rawben_rel_max <=   0.995 & shelter_expenses_by_hh_size > 934.000 & total_deductions_by_hh_size > 639.000,test_2024,national,2501,398,550,363.0,0.42363636363636364,53.0,0.28545454545454546,264,253,0,3,30,0,44,342,160,1,403,34,0,99,386,0.48,0.18,0.7018181818181818,77824.0,54831.0,50,0.09090909090909091,post_authorization
1,rawben_rel_max >   0.397 & rawben_rel_max <=   0.995 & shelter_expenses_by_hh_size > 934.000 & total_deductions_by_hh_size > 639.000,test_2024,deployed,22,6,7,363.0,0.7142857142857143,56.0,0.7142857142857143,2,5,0,0,0,0,2,5,0,0,7,0,0,0,7,0.2857142857142857,0.0,1.0,1141.0,0.0,0,0.0,post_authorization
4+,elderly_disabled_i <=   0.500 & rawben_rel_max <=   0.796 & shelter_expenses_by_hh_size <= 380.000 & unc_rawben_rel_max >   0.405,train_2022_23,national,2702,651,1000,311.0,0.37,38.0,0.182,624,344,3,26,0,3,69,652,276,0,425,288,0,260,721,0.624,0.26,0.721,189158.0,115166.0,198,0.198,post_authorization
4+,elderly_disabled_i <=   0.500 & rawben_rel_max <=   0.796 & shelter_expenses_by_hh_size <= 380.000 & unc_rawben_rel_max >   0.405,test_2024,national,1365,341,523,311.0,0.361376673040153,38.0,0.15487571701720843,257,203,4,9,50,0,33,330,150,2,240,146,1,147,363,0.491395793499044,0.28107074569789675,0.6940726577437859,110649.0,65947.0,84,0.16061185468451242,post_authorization
4+,elderly_disabled_i <=   0.500 & rawben_rel_max <=   0.796 & shelter_expenses_by_hh_size <= 380.000 & unc_rawben_rel_max >   0.405,test_2024,deployed,20,9,19,311.0,0.42105263157894735,38.0,0.2631578947368421,8,9,0,0,2,0,0,15,4,0,10,3,0,2,15,0.42105263157894735,0.10526315789473684,0.7894736842105263,2896.0,1553.0,2,0.10526315789473684,post_authorization
4+,shelter_expenses_by_hh_size <= 380.000 & total_deductions_by_hh_size >  56.000 & unc_rawben_rel_max >   0.357 & unc_rawben_rel_max <=   0.811,train_2022_23,national,3147,753,1155,311.0,0.3575757575757576,38.0,0.19134199134199134,709,407,3,34,0,2,96,739,318,0,514,311,1,291,835,0.6138528138528139,0.2519480519480519,0.7229437229437229,218104.0,131931.0,227,0.19653679653679654,post_authorization
4+,shelter_expenses_by_hh_size <= 380.000 & total_deductions_by_hh_size >  56.000 & unc_rawben_rel_max >   0.357 & unc_rawben_rel_max <=   0.811,test_2024,national,1581,411,621,311.0,0.3607085346215781,38.0,0.16586151368760063,311,238,5,6,61,0,47,376,187,2,287,169,1,162,423,0.500805152979066,0.2608695652173913,0.6811594202898551,123796.0,69073.0,88,0.14170692431561996,post_authorization
4+,shelter_expenses_by_hh_size <= 380.000 & total_deductions_by_hh_size >  56.000 & unc_rawben_rel_max >   0.357 & unc_rawben_rel_max <=   0.811,test_2024,deployed,25,9,19,311.0,0.42105263157894735,38.0,0.2631578947368421,8,9,0,0,2,0,0,15,4,0,10,3,0,2,15,0.42105263157894735,0.10526315789473684,0.7894736842105263,2896.0,1553.0,2,0.10526315789473684,post_authorization
4+,shelter_expenses_by_hh_size <= 384.000 & total_deductions_by_hh_size >  95.900 & unc_rawben_rel_max >   0.419 & unc_rawben_rel_max <=   0.965,train_2022_23,national,2815,703,1062,311.0,0.3418079096045198,38.0,0.192090395480226,636,388,3,33,0,2,92,686,282,0,503,259,0,295,778,0.5988700564971752,0.2777777777777778,0.7325800376647834,209329.0,129717.0,213,0.20056497175141244,post_authorization
4+,shelter_expenses_by_hh_size <= 384.000 & total_deductions_by_hh_size >  95.900 & unc_rawben_rel_max >   0.419 & unc_rawben_rel_max <=   0.965,test_2024,national,1538,411,616,311.0,0.3392857142857143,38.0,0.1444805194805195,323,230,4,4,54,1,40,385,176,1,298,157,1,159,425,0.5243506493506493,0.25811688311688313,0.689935064935065,132035.0,72271.0,86,0.1396103896103896,post_authorization
4+,shelter_expenses_by_hh_size <= 384.000 & total_deductions_by_hh_size >  95.900 & unc_rawben_rel_max >   0.419 & unc_rawben_rel_max <=   0.965,test_2024,deployed,25,11,21,311.0,0.42857142857142855,38.0,0.19047619047619047,9,9,0,0,3,0,0,13,8,0,11,4,0,1,13,0.42857142857142855,0.047619047619047616,0.6190476190476191,5425.0,3091.0,1,0.047619047619047616,post_authorization
4+,rawben_rel_max >   0.422 & shelter_expenses_by_hh_size <= 382.000 & unc_rawben_rel_max <=   0.831,train_2022_23,national,3829,905,1384,311.0,0.3273121387283237,38.0,0.17485549132947978,849,487,4,41,0,3,123,878,380,0,589,392,0,369,1001,0.6134393063583815,0.2666184971098266,0.7232658959537572,264864.0,159623.0,270,0.19508670520231214,post_authorization
4+,rawben_rel_max >   0.422 & shelter_expenses_by_hh_size <= 382.000 & unc_rawben_rel_max <=   0.831,test_2024,national,1913,466,706,311.0,0.32294617563739375,38.0,0.16147308781869688,364,269,5,11,57,0,48,451,196,2,329,195,1,200,499,0.5155807365439093,0.28328611898017,0.7067988668555241,145525.0,87034.0,115,0.16288951841359772,post_authorization
4+,rawben_rel_max >   0.422 & shelter_expenses_by_hh_size <= 382.000 & unc_rawben_rel_max <=   0.831,test_2024,deployed,23,9,19,311.0,0.42105263157894735,38.0,0.2631578947368421,8,9,0,0,2,0,0,15,4,0,10,3,0,2,15,0.42105263157894735,0.10526315789473684,0.7894736842105263,2896.0,1553.0,2,0.10526315789473684,post_authorization
4+,elderly_disabled_i <=   0.500 & HH_size_n >   4.500 & rawben_rel_max <=   0.831 & total_deductions_by_hh_size <= 248.000,train_2022_23,national,2249,521,789,311.0,0.37896070975918883,38.0,0.18377693282636248,501,266,2,19,0,1,47,510,231,0,343,210,1,208,557,0.6349809885931559,0.26362484157160965,0.70595690747782,162147.0,104066.0,153,0.19391634980988592,post_authorization
4+,elderly_disabled_i <=   0.500 & HH_size_n >   4.500 & rawben_rel_max <=   0.831 & total_deductions_by_hh_size <= 248.000,test_2024,national,1170,305,475,311.0,0.3873684210526316,38.0,0.1726315789473684,244,180,2,9,40,0,28,297,143,1,241,122,1,124,325,0.5136842105263157,0.26105263157894737,0.6842105263157895,124096.0,67956.0,71,0.14947368421052631,post_authorization
4+,elderly_disabled_i <=   0.500 & HH_size_n >   4.500 & rawben_rel_max <=   0.831 & total_deductions_by_hh_size <= 248.000,test_2024,deployed,20,7,16,311.0,0.375,38.0,0.25,6,9,0,0,1,0,0,9,7,0,10,3,0,1,9,0.375,0.0625,0.5625,5197.0,2011.0,1,0.0625,post_authorization
4+,elderly_disabled_i <=   0.500 & unc_rawben_rel_max >   0.529 & unc_rawben_rel_max <=   0.965 & utilities > 260.000,train_2022_23,national,2893,725,1088,311.0,0.35661764705882354,38.0,0.1875,620,429,3,34,0,2,102,684,300,0,539,249,0,280,786,0.5698529411764706,0.25735294117647056,0.7224264705882353,227523.0,138561.0,185,0.17003676470588236,post_authorization
4+,elderly_disabled_i <=   0.500 & unc_rawben_rel_max >   0.529 & unc_rawben_rel_max <=   0.965 & utilities > 260.000,test_2024,national,1603,442,662,311.0,0.3595166163141994,38.0,0.16163141993957703,342,253,3,8,55,1,47,441,165,3,346,160,1,163,488,0.5166163141993958,0.24622356495468278,0.7371601208459214,155515.0,92253.0,99,0.14954682779456194,post_authorization
4+,elderly_disabled_i <=   0.500 & unc_rawben_rel_max >   0.529 & unc_rawben_rel_max <=   0.965 & utilities > 260.000,test_2024,deployed,35,16,27,311.0,0.48148148148148145,35.0,0.18518518518518517,14,10,0,0,3,0,0,18,9,0,17,5,0,2,18,0.5185185185185185,0.07407407407407407,0.6666666666666666,6721.0,4574.0,2,0.07407407407407407,post_authorization
4+,elderly_disabled_i <=  0.500 & HH_size_n >  4.500 & months_since_cert_n <= 12.500 & rawben_rel_max <=  0.826,train_2022_23,national,2309,552,839,311.0,0.36471990464839094,38.0,0.17878426698450536,530,284,1,23,0,1,47,560,231,0,353,223,1,229,607,0.6317044100119189,0.2729439809296782,0.7234803337306317,172528.0,115159.0,174,0.20738974970202623,post_authorization
4+,elderly_disabled_i <=  0.500 & HH_size_n >  4.500 & months_since_cert_n <= 12.500 & rawben_rel_max <=  0.826,test_2024,national,1310,351,551,311.0,0.3938294010889292,38.0,0.17422867513611615,283,214,2,9,43,0,32,350,161,1,283,133,1,144,382,0.5136116152450091,0.2613430127041742,0.6932849364791288,140298.0,77143.0,88,0.15970961887477314,post_authorization
4+,elderly_disabled_i <=  0.500 & HH_size_n >  4.500 & months_since_cert_n <= 12.500 & rawben_rel_max <=  0.826,test_2024,deployed,25,10,21,311.0,0.47619047619047616,38.0,0.23809523809523808,7,13,0,0,1,0,0,13,8,0,14,3,0,1,13,0.3333333333333333,0.047619047619047616,0.6190476190476191,5809.0,2504.0,1,0.047619047619047616,post_authorization
4+,elderly_disabled_i <=  0.5 & HH_size_n >  4.5 & rawben_rel_max >  0.5 & total_deductions_by_hh_size > 52.1,train_2022_23,national,2388,530,786,311.0,0.35368956743002544,38.0,0.17938931297709923,475,288,2,21,0,0,66,502,218,0,401,169,0,218,568,0.6043256997455471,0.27735368956743,0.72264631043257,185050.0,111967.0,148,0.18829516539440203,post_authorization
4+,elderly_disabled_i <=  0.5 & HH_size_n >  4.5 & rawben_rel_max >  0.5 & total_deductions_by_hh_size > 52.1,test_2024,national,1389,329,499,311.0,0.35671342685370744,38.0,0.1683366733466934,260,201,2,4,31,1,36,319,137,1,266,108,0,121,355,0.5210420841683366,0.24248496993987975,0.7114228456913828,130717.0,67382.0,69,0.13827655310621242,post_authorization
4+,elderly_disabled_i <=  0.5 & HH_size_n >  4.5 & rawben_rel_max >  0.5 & total_deductions_by_hh_size > 52.1,test_2024,deployed,26,10,21,311.0,0.42857142857142855,35.0,0.2857142857142857,7,12,0,0,2,0,2,14,5,0,14,3,0,1,16,0.3333333333333333,0.047619047619047616,0.7619047619047619,5193.0,2822.0,1,0.047619047619047616,post_authorization
4+,HH_size_n >   4.500 & shelter_expenses_by_hh_size <= 392.000 & total_deductions_by_hh_size >  54.300 & unc_rawben_rel_max <=   0.803,train_2022_23,national,2204,532,814,311.0,0.35872235872235875,38.0,0.19656019656019655,520,268,1,24,0,1,58,541,214,0,351,218,1,220,599,0.6388206388206388,0.2702702702702703,0.7358722358722358,162973.0,102088.0,173,0.21253071253071254,post_authorization
4+,HH_size_n >   4.500 & shelter_expenses_by_hh_size <= 392.000 & total_deductions_by_hh_size >  54.300 & unc_rawben_rel_max <=   0.803,test_2024,national,1176,317,479,311.0,0.3966597077244259,38.0,0.18580375782881003,246,183,2,7,41,0,29,304,139,1,229,122,1,122,333,0.5135699373695198,0.2546972860125261,0.6951983298538622,112529.0,60863.0,66,0.13778705636743216,post_authorization
4+,HH_size_n >   4.500 & shelter_expenses_by_hh_size <= 392.000 & total_deductions_by_hh_size >  54.300 & unc_rawben_rel_max <=   0.803,test_2024,deployed,20,8,15,311.0,0.4666666666666667,38.0,0.26666666666666666,7,7,0,0,1,0,0,11,4,0,7,4,0,2,11,0.4666666666666667,0.13333333333333333,0.7333333333333333,3282.0,2230.0,1,0.06666666666666667,post_authorization
4+,HH_size_n >   4.500 & rawben_rel_max >   0.153 & utilities <= 451.000,train_2022_23,national,2971,630,972,311.0,0.3117283950617284,38.0,0.17695473251028807,565,369,1,37,0,0,91,602,279,0,448,224,1,257,693,0.581275720164609,0.26440329218106995,0.7129629629629629,210675.0,113891.0,163,0.16769547325102882,post_authorization
4+,HH_size_n >   4.500 & rawben_rel_max >   0.153 & utilities <= 451.000,test_2024,national,1185,280,449,311.0,0.30957683741648107,38.0,0.1514476614699332,245,174,0,10,20,0,42,284,121,0,195,112,0,120,326,0.5456570155902004,0.267260579064588,0.7260579064587973,112956.0,51019.0,59,0.13140311804008908,post_authorization
4+,HH_size_n >   4.500 & rawben_rel_max >   0.153 & utilities <= 451.000,test_2024,deployed,4,0,0,,,,,0,0,0,0,0,0,0,0,0,0,0,0,0,0,0,0.0,0.0,0.0,0.0,0.0,0,0.0,insufficient
4+,elderly_disabled_i <=  0.500 & total_deductions_by_hh_size > 99.000 & unc_rawben_rel_max >  0.370 & unc_rawben_rel_max <=  0.775,train_2022_23,national,2292,531,820,311.0,0.3597560975609756,38.0,0.1878048780487805,482,316,2,18,0,2,64,535,219,0,386,208,3,210,599,0.5878048780487805,0.25609756097560976,0.7304878048780488,153825.0,104097.0,171,0.20853658536585365,post_authorization
4+,elderly_disabled_i <=  0.500 & total_deductions_by_hh_size > 99.000 & unc_rawben_rel_max >  0.370 & unc_rawben_rel_max <=  0.775,test_2024,national,1357,351,539,311.0,0.37662337662337664,38.0,0.15955473098330242,277,202,3,5,52,0,38,334,159,1,264,123,2,131,372,0.5139146567717996,0.24304267161410018,0.6901669758812616,111462.0,61977.0,75,0.1391465677179963,post_authorization
4+,elderly_disabled_i <=  0.500 & total_deductions_by_hh_size > 99.000 & unc_rawben_rel_max >  0.370 & unc_rawben_rel_max <=  0.775,test_2024,deployed,29,13,24,311.0,0.4583333333333333,35.0,0.16666666666666666,12,10,0,0,2,0,0,17,7,0,12,5,0,1,17,0.5,0.041666666666666664,0.7083333333333334,4176.0,2709.0,1,0.041666666666666664,post_authorization
4+,rawben_rel_max >   0.405 & total_deductions_by_hh_size <= 248.000 & unc_rawben_rel_max <=   0.899,train_2022_23,national,4640,1078,1653,311.0,0.3218390804597701,38.0,0.1724137931034483,1020,577,4,49,0,3,145,1032,473,0,723,462,0,450,1177,0.617059891107078,0.27223230490018147,0.7120387174833636,329017.0,193532.0,307,0.18572292800967938,post_authorization
4+,rawben_rel_max >   0.405 & total_deductions_by_hh_size <= 248.000 & unc_rawben_rel_max <=   0.899,test_2024,national,2291,565,841,311.0,0.31747919143876335,38.0,0.16527942925089179,439,314,4,15,68,1,54,532,245,2,395,244,1,234,586,0.5219976218787158,0.27824019024970276,0.6967895362663495,182450.0,110782.0,131,0.15576694411414982,post_authorization
4+,rawben_rel_max >   0.405 & total_deductions_by_hh_size <= 248.000 & unc_rawben_rel_max <=   0.899,test_2024,deployed,25,9,19,311.0,0.42105263157894735,38.0,0.2631578947368421,8,8,0,0,3,0,0,13,6,0,11,3,0,2,13,0.42105263157894735,0.10526315789473684,0.6842105263157895,4640.0,2425.0,2,0.10526315789473684,post_authorization
4+,elderly_disabled_i <=   0.500 & rawben_rel_max <=   0.796 & shelter_expenses_by_hh_size > 165.000 & shelter_expenses_by_hh_size <= 380.000,train_2022_23,national,2365,527,818,311.0,0.3422982885085575,38.0,0.19193154034229828,520,279,1,15,0,3,48,551,216,0,347,228,0,218,599,0.6356968215158925,0.2665036674816626,0.7322738386308069,147304.0,89749.0,177,0.21638141809290953,post_authorization
4+,elderly_disabled_i <=   0.500 & rawben_rel_max <=   0.796 & shelter_expenses_by_hh_size > 165.000 & shelter_expenses_by_hh_size <= 380.000,test_2024,national,1237,321,490,311.0,0.3877551020408163,38.0,0.1673469387755102,244,191,3,4,48,0,32,300,151,1,227,129,1,128,332,0.49795918367346936,0.2612244897959184,0.6775510204081633,108651.0,62555.0,68,0.13877551020408163,post_authorization
4+,elderly_disabled_i <=   0.500 & rawben_rel_max <=   0.796 & shelter_expenses_by_hh_size > 165.000 & shelter_expenses_by_hh_size <= 380.000,test_2024,deployed,26,8,17,311.0,0.4117647058823529,38.0,0.23529411764705882,7,8,0,0,2,0,0,13,4,0,8,3,0,1,13,0.4117647058823529,0.058823529411764705,0.7647058823529411,2752.0,1409.0,1,0.058823529411764705,post_authorization
4+,elderly_disabled_i <=   0.50 & rawben_rel_max >   0.37 & total_deductions_by_hh_size >  89.60 & utilities <= 451.00,train_2022_23,national,2518,537,816,311.0,0.3590686274509804,38.0,0.1948529411764706,457,332,2,25,0,0,75,498,242,1,386,164,1,208,573,0.5600490196078431,0.2549019607843137,0.7022058823529411,173495.0,91430.0,144,0.17647058823529413,post_authorization
4+,elderly_disabled_i <=   0.50 & rawben_rel_max >   0.37 & total_deductions_by_hh_size >  89.60 & utilities <= 451.00,test_2024,national,973,225,330,311.0,0.34545454545454546,38.0,0.17272727272727273,162,148,2,2,16,0,40,209,79,0,156,68,2,71,249,0.4909090909090909,0.21515151515151515,0.7545454545454545,75896.0,32740.0,36,0.10909090909090909,post_authorization
4+,elderly_disabled_i <=   0.50 & rawben_rel_max >   0.37 & total_deductions_by_hh_size >  89.60 & utilities <= 451.00,test_2024,deployed,2,0,0,,,,,0,0,0,0,0,0,0,0,0,0,0,0,0,0,0,0.0,0.0,0.0,0.0,0.0,0,0.0,insufficient
2-3,medical_deductions > 366.000 & shelter_expenses_by_hh_size > 559.000 & total_deductions_by_hh_size >  35.100 & unc_rawben_rel_max >   0.153,train_2022_23,national,32,17,31,365.0,0.5161290322580645,53.0,0.4838709677419355,18,13,0,0,0,0,6,21,4,0,26,0,0,9,27,0.5806451612903226,0.2903225806451613,0.8709677419354839,3818.0,2037.0,7,0.22580645161290322,post_authorization
2-3,medical_deductions > 366.000 & shelter_expenses_by_hh_size > 559.000 & total_deductions_by_hh_size >  35.100 & unc_rawben_rel_max >   0.153,test_2024,national,14,5,6,365.0,0.8333333333333334,56.0,0.3333333333333333,4,1,0,0,1,0,1,3,2,0,5,1,0,4,4,0.6666666666666666,0.6666666666666666,0.6666666666666666,1540.0,680.0,1,0.16666666666666666,post_authorization
2-3,medical_deductions > 366.000 & shelter_expenses_by_hh_size > 559.000 & total_deductions_by_hh_size >  35.100 & unc_rawben_rel_max >   0.153,test_2024,deployed,1,0,0,,,,,0,0,0,0,0,0,0,0,0,0,0,0,0,0,0,0.0,0.0,0.0,0.0,0.0,0,0.0,insufficient
1,elderly_disabled_i >   0.500 & rawben_rel_max >   0.315 & shelter_expenses_by_hh_size <= 810.000 & unc_rawben_rel_max >   1.790,train_2022_23,national,203,84,125,331.0,0.504,37.0,0.272,89,29,3,4,0,0,15,38,72,0,99,2,0,42,53,0.712,0.336,0.424,18516.0,12152.0,17,0.136,post_authorization
1,elderly_disabled_i >   0.500 & rawben_rel_max >   0.315 & shelter_expenses_by_hh_size <= 810.000 & unc_rawben_rel_max >   1.790,test_2024,national,80,37,56,331.0,0.39285714285714285,35.0,0.26785714285714285,29,22,1,0,4,0,8,20,27,0,40,0,0,16,28,0.5178571428571429,0.2857142857142857,0.5,10117.0,6511.0,9,0.16071428571428573,post_authorization
1,elderly_disabled_i >   0.500 & rawben_rel_max >   0.315 & shelter_expenses_by_hh_size <= 810.000 & unc_rawben_rel_max >   1.790,test_2024,deployed,3,1,1,333.0,1.0,37.0,1.0,1,0,0,0,0,0,0,1,0,0,1,0,0,1,1,1.0,1.0,1.0,118.0,118.0,1,1.0,insufficient
4+,HH_size_n >=   5 & total_deductions_by_hh_size >= 358,train_2022_23,national,33,17,29,311.0,0.3103448275862069,52.0,0.2413793103448276,18,8,0,3,0,0,4,24,1,0,8,9,0,9,28,0.6206896551724138,0.3103448275862069,0.9655172413793104,6006.0,6891.0,8,0.27586206896551724,mixed
4+,HH_size_n >=   5 & total_deductions_by_hh_size >= 358,test_2024,national,33,14,22,323.0,0.36363636363636365,56.0,0.3181818181818182,8,12,0,0,2,0,1,14,7,0,14,0,0,4,15,0.36363636363636365,0.18181818181818182,0.6818181818181818,4432.0,2370.0,2,0.09090909090909091,post_authorization
4+,HH_size_n >=   5 & total_deductions_by_hh_size >= 358,test_2024,deployed,2,0,0,,,,,0,0,0,0,0,0,0,0,0,0,0,0,0,0,0,0.0,0.0,0.0,0.0,0.0,0,0.0,insufficient
2-3,shelter_expenses_by_hh_size < 720 & total_deductions_by_hh_size >= 625,train_2022_23,national,134,53,93,323.0,0.1827956989247312,53.0,0.3118279569892473,46,45,0,2,0,0,15,56,22,0,66,7,0,18,71,0.4946236559139785,0.1935483870967742,0.7634408602150538,18628.0,10988.0,15,0.16129032258064516,post_authorization
2-3,shelter_expenses_by_hh_size < 720 & total_deductions_by_hh_size >= 625,test_2024,national,75,30,48,323.0,0.3125,56.0,0.1875,23,15,1,2,7,0,4,29,15,0,30,8,0,13,33,0.4791666666666667,0.2708333333333333,0.6875,12950.0,5588.0,8,0.16666666666666666,post_authorization
2-3,shelter_expenses_by_hh_size < 720 & total_deductions_by_hh_size >= 625,test_2024,deployed,2,1,1,311.0,1.0,35.0,1.0,0,1,0,0,0,0,0,0,1,0,1,0,0,0,0,0.0,0.0,0.0,261.0,261.0,0,0.0,insufficient
4+,HH_size_n >   5.5000 & percent_abawd >   0.0885 & total_deductions_by_hh_size > 107.0000,train_2022_23,national,67,29,42,311.0,0.3333333333333333,38.0,0.16666666666666666,30,12,0,0,0,0,3,29,10,0,19,16,0,12,32,0.7142857142857143,0.2857142857142857,0.7619047619047619,9343.0,8852.0,10,0.23809523809523808,post_authorization
4+,HH_size_n >   5.5000 & percent_abawd >   0.0885 & total_deductions_by_hh_size > 107.0000,test_2024,national,15,3,5,363.0,0.4,35.0,0.2,1,4,0,0,0,0,0,3,2,0,5,0,0,0,3,0.2,0.0,0.6,1452.0,1176.0,0,0.0,post_authorization
4+,HH_size_n >   5.5000 & percent_abawd >   0.0885 & total_deductions_by_hh_size > 107.0000,test_2024,deployed,1,0,0,,,,,0,0,0,0,0,0,0,0,0,0,0,0,0,0,0,0.0,0.0,0.0,0.0,0.0,0,0.0,insufficient
2-3,rawben_rel_max <   0.586 & total_deductions_by_hh_size >= 625.000 & total_deductions_by_hh_size < 683.000,train_2022_23,national,38,18,33,311.0,0.30303030303030304,53.0,0.18181818181818182,16,14,0,3,0,0,6,13,14,0,23,6,0,7,19,0.48484848484848486,0.21212121212121213,0.5757575757575758,4938.0,3094.0,1,0.030303030303030304,post_authorization
2-3,rawben_rel_max <   0.586 & total_deductions_by_hh_size >= 625.000 & total_deductions_by_hh_size < 683.000,test_2024,national,29,10,12,311.0,0.3333333333333333,56.0,0.3333333333333333,3,8,0,1,0,0,3,6,3,0,10,0,0,1,9,0.25,0.08333333333333333,0.75,2123.0,1712.0,1,0.08333333333333333,post_authorization
2-3,rawben_rel_max <   0.586 & total_deductions_by_hh_size >= 625.000 & total_deductions_by_hh_size < 683.000,test_2024,deployed,2,1,1,363.0,1.0,53.0,1.0,0,1,0,0,0,0,0,1,0,0,1,0,0,0,1,0.0,0.0,1.0,163.0,163.0,0,0.0,insufficient
4+,rawben_rel_max >   0.483 & shelter_expenses_by_hh_size > 305.000 & unc_rawben_rel_max <=   0.960,train_2022_23,national,1266,324,489,311.0,0.3210633946830266,38.0,0.19427402862985685,277,197,0,13,0,2,50,304,133,0,255,108,0,139,354,0.5664621676891616,0.2842535787321063,0.7239263803680982,106773.0,61215.0,97,0.1983640081799591,post_authorization
4+,rawben_rel_max >   0.483 & shelter_expenses_by_hh_size > 305.000 & unc_rawben_rel_max <=   0.960,test_2024,national,894,254,389,311.0,0.32390745501285345,38.0,0.15938303341902313,198,154,3,3,31,0,26,251,104,1,196,77,2,80,277,0.5089974293059126,0.20565552699228792,0.712082262210797,92347.0,53238.0,49,0.12596401028277635,post_authorization
4+,rawben_rel_max >   0.483 & shelter_expenses_by_hh_size > 305.000 & unc_rawben_rel_max <=   0.960,test_2024,deployed,30,10,10,311.0,0.5,37.0,0.3,8,2,0,0,0,0,1,7,2,0,6,4,0,5,8,0.8,0.5,0.8,2188.0,2188.0,4,0.4,mixed
2-3,months_since_cert_n <=  18.000 & rawben_rel_max <=   0.922 & shelter_expenses_by_hh_size > 815.000,train_2022_23,national,559,144,256,311.0,0.28515625,53.0,0.15234375,128,123,1,4,0,0,27,138,91,0,159,37,1,54,165,0.5,0.2109375,0.64453125,55179.0,32575.0,35,0.13671875,post_authorization
2-3,months_since_cert_n <=  18.000 & rawben_rel_max <=   0.922 & shelter_expenses_by_hh_size > 815.000,test_2024,national,414,118,179,311.0,0.2569832402234637,35.0,0.15083798882681565,79,94,1,0,5,0,20,108,50,1,131,26,0,37,128,0.441340782122905,0.20670391061452514,0.7150837988826816,37765.0,30806.0,25,0.13966480446927373,post_authorization
2-3,months_since_cert_n <=  18.000 & rawben_rel_max <=   0.922 & shelter_expenses_by_hh_size > 815.000,test_2024,deployed,23,5,12,150.0,0.16666666666666666,35.0,0.16666666666666666,3,9,0,0,0,0,0,3,9,0,10,2,0,3,3,0.25,0.25,0.25,3399.0,3399.0,1,0.08333333333333333,post_authorization
2-3,months_since_cert_n >= 3.000 & months_since_cert_n < 9.000 & rawben_rel_max >= 0.414 & rawben_rel_max < 0.952,train_2022_23,national,3640,706,1043,311.0,0.3029721955896453,38.0,0.16490891658676893,593,417,0,32,0,1,85,607,349,1,511,291,1,304,692,0.5685522531160115,0.2914669223394056,0.663470757430489,168235.0,106486.0,169,0.16203259827420902,post_authorization
2-3,months_since_cert_n >= 3.000 & months_since_cert_n < 9.000 & rawben_rel_max >= 0.414 & rawben_rel_max < 0.952,test_2024,national,1890,387,552,311.0,0.32971014492753625,38.0,0.1358695652173913,266,232,2,15,37,0,36,326,181,1,284,146,0,135,362,0.48188405797101447,0.24456521739130435,0.6557971014492754,101446.0,62167.0,79,0.1431159420289855,post_authorization
2-3,months_since_cert_n >= 3.000 & months_since_cert_n < 9.000 & rawben_rel_max >= 0.414 & rawben_rel_max < 0.952,test_2024,deployed,36,15,24,311.0,0.3333333333333333,44.0,0.16666666666666666,9,12,0,0,3,0,0,7,14,0,14,7,0,4,7,0.375,0.16666666666666666,0.2916666666666667,4324.0,3611.0,0,0.0,post_authorization
2-3,elderly_disabled_i <=   0.500 & total_deductions_by_hh_size <= 378.000 & unc_rawben_rel_max <=   0.892 & utilities <= 798.000,train_2022_23,national,4453,883,1383,311.0,0.33694866232827186,38.0,0.16558206796818511,846,488,3,37,1,8,109,851,414,1,508,472,1,395,960,0.6117136659436009,0.2856109906001446,0.6941431670281996,222383.0,125993.0,252,0.1822125813449024,post_authorization
2-3,elderly_disabled_i <=   0.500 & total_deductions_by_hh_size <= 378.000 & unc_rawben_rel_max <=   0.892 & utilities <= 798.000,test_2024,national,2065,455,664,311.0,0.37349397590361444,38.0,0.15060240963855423,341,251,2,15,55,0,50,442,156,1,296,205,0,174,492,0.5135542168674698,0.2620481927710843,0.7409638554216867,124840.0,76979.0,112,0.1686746987951807,post_authorization
2-3,elderly_disabled_i <=   0.500 & total_deductions_by_hh_size <= 378.000 & unc_rawben_rel_max <=   0.892 & utilities <= 798.000,test_2024,deployed,23,9,17,311.0,0.23529411764705882,44.0,0.23529411764705882,10,4,0,0,3,0,0,6,8,0,9,5,0,5,6,0.5882352941176471,0.29411764705882354,0.35294117647058826,5918.0,4951.0,1,0.058823529411764705,post_authorization
2-3,children_i <=   0.5 & months_since_cert_n <=  20.5 & total_deductions_by_hh_size > 312.0,train_2022_23,national,1265,278,441,363.0,0.272108843537415,53.0,0.2562358276643991,219,207,0,15,0,0,64,257,120,0,304,47,2,86,321,0.4965986394557823,0.19501133786848074,0.7278911564625851,80121.0,54411.0,50,0.11337868480725624,post_authorization
2-3,children_i <=   0.5 & months_since_cert_n <=  20.5 & total_deductions_by_hh_size > 312.0,test_2024,national,779,173,252,363.0,0.2857142857142857,56.0,0.15873015873015872,121,112,1,2,16,0,22,161,67,1,166,40,0,55,183,0.4801587301587302,0.21825396825396826,0.7261904761904762,54393.0,35447.0,31,0.12301587301587301,post_authorization
2-3,children_i <=   0.5 & months_since_cert_n <=  20.5 & total_deductions_by_hh_size > 312.0,test_2024,deployed,25,8,19,363.0,0.2631578947368421,35.0,0.2631578947368421,0,18,0,0,1,0,0,5,13,0,17,1,0,0,5,0.0,0.0,0.2631578947368421,4812.0,4559.0,0,0.0,post_authorization
4+,total_deductions_by_hh_size >  14.600 & unc_rawben_rel_max >   0.363 & utilities <= 156.000,train_2022_23,national,924,214,334,311.0,0.3712574850299401,38.0,0.16766467065868262,208,115,1,9,0,1,27,203,103,0,157,90,1,90,230,0.6227544910179641,0.2694610778443114,0.688622754491018,76607.0,42783.0,60,0.17964071856287425,post_authorization
4+,total_deductions_by_hh_size >  14.600 & unc_rawben_rel_max >   0.363 & utilities <= 156.000,test_2024,national,489,101,148,311.0,0.2972972972972973,53.0,0.14189189189189189,68,64,1,4,11,0,18,85,43,0,77,42,1,32,103,0.4594594594594595,0.21621621621621623,0.6959459459459459,27177.0,18107.0,16,0.10810810810810811,post_authorization
4+,total_deductions_by_hh_size >  14.600 & unc_rawben_rel_max >   0.363 & utilities <= 156.000,test_2024,deployed,15,1,1,350.0,1.0,38.0,1.0,0,1,0,0,0,0,0,1,0,0,1,0,0,0,1,0.0,0.0,1.0,110.0,110.0,0,0.0,insufficient
2-3,married <   1.00 & total_deductions_by_hh_size >= 392.00 & unc_rawben_rel_max >=   1.42,train_2022_23,national,90,40,53,311.0,0.2830188679245283,38.0,0.2830188679245283,27,25,0,1,0,0,6,26,21,0,41,1,0,12,32,0.5094339622641509,0.22641509433962265,0.6037735849056604,12325.0,11049.0,9,0.16981132075471697,post_authorization
2-3,married <   1.00 & total_deductions_by_hh_size >= 392.00 & unc_rawben_rel_max >=   1.42,test_2024,national,66,22,36,311.0,0.3055555555555556,99.0,0.16666666666666666,14,15,0,0,7,0,2,28,6,0,21,1,0,8,30,0.3888888888888889,0.2222222222222222,0.8333333333333334,12925.0,5122.0,5,0.1388888888888889,post_authorization
2-3,married <   1.00 & total_deductions_by_hh_size >= 392.00 & unc_rawben_rel_max >=   1.42,test_2024,deployed,3,1,1,342.0,1.0,99.0,1.0,1,0,0,0,0,0,0,1,0,0,1,0,0,0,1,1.0,0.0,1.0,169.0,169.0,0,0.0,insufficient
4+,total_deductions_by_hh_size > 37.500 & total_deductions_by_hh_size <= 89.300 & unc_rawben_rel_max <=  0.998,train_2022_23,national,1383,310,480,311.0,0.3375,38.0,0.15,293,171,1,15,0,0,49,284,147,0,188,138,3,118,333,0.6104166666666667,0.24583333333333332,0.69375,102342.0,60021.0,77,0.16041666666666668,post_authorization
4+,total_deductions_by_hh_size > 37.500 & total_deductions_by_hh_size <= 89.300 & unc_rawben_rel_max <=  0.998,test_2024,national,555,143,219,311.0,0.2831050228310502,38.0,0.182648401826484,104,90,1,7,17,0,21,147,50,1,111,62,0,64,168,0.4748858447488584,0.2922374429223744,0.7671232876712328,44324.0,28017.0,36,0.1643835616438356,post_authorization
4+,total_deductions_by_hh_size > 37.500 & total_deductions_by_hh_size <= 89.300 & unc_rawben_rel_max <=  0.998,test_2024,deployed,34,9,10,311.0,0.4,52.0,0.3,7,3,0,0,0,0,0,10,0,0,7,3,0,1,10,0.7,0.1,1.0,1868.0,1865.0,1,0.1,post_authorization
4+,rawben_rel_max >=   0.623 & rawben_rel_max <   0.860 & total_deductions_by_hh_size < 105.000,train_2022_23,national,1204,270,404,311.0,0.29455445544554454,38.0,0.15594059405940594,249,146,1,8,0,0,41,260,103,0,171,125,0,106,301,0.6163366336633663,0.2623762376237624,0.745049504950495,78119.0,49077.0,73,0.1806930693069307,post_authorization
4+,rawben_rel_max >=   0.623 & rawben_rel_max <   0.860 & total_deductions_by_hh_size < 105.000,test_2024,national,554,129,190,311.0,0.28421052631578947,38.0,0.1631578947368421,102,68,2,6,12,0,16,129,44,1,82,71,0,54,145,0.5368421052631579,0.28421052631578947,0.7631578947368421,39094.0,27377.0,36,0.18947368421052632,post_authorization
4+,rawben_rel_max >=   0.623 & rawben_rel_max <   0.860 & total_deductions_by_hh_size < 105.000,test_2024,deployed,31,6,6,363.0,0.5,52.0,0.6666666666666666,5,1,0,0,0,0,0,6,0,0,3,3,0,0,6,0.8333333333333334,0.0,1.0,885.0,885.0,0,0.0,post_authorization
4+,rawben_rel_max >=  0.756 & rawben_rel_max <  0.998 & total_deductions_by_hh_size < 93.300,train_2022_23,national,1151,234,342,311.0,0.23976608187134502,44.0,0.15497076023391812,209,121,0,12,0,0,33,206,103,0,139,102,0,93,239,0.6111111111111112,0.2719298245614035,0.6988304093567251,75705.0,45947.0,47,0.13742690058479531,post_authorization
4+,rawben_rel_max >=  0.756 & rawben_rel_max <  0.998 & total_deductions_by_hh_size < 93.300,test_2024,national,561,124,180,311.0,0.25555555555555554,52.0,0.15,99,58,1,9,13,0,16,123,40,1,69,67,0,47,139,0.55,0.2611111111111111,0.7722222222222223,37831.0,23511.0,26,0.14444444444444443,post_authorization
4+,rawben_rel_max >=  0.756 & rawben_rel_max <  0.998 & total_deductions_by_hh_size < 93.300,test_2024,deployed,26,8,11,363.0,0.36363636363636365,52.0,0.5454545454545454,7,3,0,1,0,0,0,11,0,0,4,7,0,1,11,0.6363636363636364,0.09090909090909091,1.0,1880.0,1877.0,1,0.09090909090909091,post_authorization
4+,months_since_cert_n >   5.500 & percent_abawd <=   0.268 & shelter_expenses_by_hh_size <= 500.000 & total_deductions_by_hh_size > 228.000,train_2022_23,national,337,124,201,311.0,0.3283582089552239,38.0,0.17412935323383086,99,87,0,15,0,0,17,101,83,0,109,46,0,47,118,0.4925373134328358,0.23383084577114427,0.5870646766169154,44424.0,28072.0,24,0.11940298507462686,post_authorization
4+,months_since_cert_n >   5.500 & percent_abawd <=   0.268 & shelter_expenses_by_hh_size <= 500.000 & total_deductions_by_hh_size > 228.000,test_2024,national,220,62,109,311.0,0.3486238532110092,38.0,0.14678899082568808,59,41,0,0,9,0,3,40,63,0,63,14,0,32,43,0.5412844036697247,0.29357798165137616,0.3944954128440367,27237.0,14065.0,13,0.11926605504587157,post_authorization
4+,months_since_cert_n >   5.500 & percent_abawd <=   0.268 & shelter_expenses_by_hh_size <= 500.000 & total_deductions_by_hh_size > 228.000,test_2024,deployed,9,1,2,311.0,0.5,38.0,0.5,0,2,0,0,0,0,0,0,2,0,0,0,0,0,0,0.0,0.0,0.0,220.0,110.0,0,0.0,insufficient
2-3,cat_elig >   0.5 & HH_size_n >   2.5 & total_deductions_by_hh_size > 437.0 & unc_rawben_rel_max <=   1.0,train_2022_23,national,156,61,107,311.0,0.2616822429906542,53.0,0.24299065420560748,52,52,0,3,0,0,11,66,30,0,56,15,0,18,77,0.48598130841121495,0.16822429906542055,0.719626168224299,21065.0,10557.0,14,0.1308411214953271,post_authorization
2-3,cat_elig >   0.5 & HH_size_n >   2.5 & total_deductions_by_hh_size > 437.0 & unc_rawben_rel_max <=   1.0,test_2024,national,125,34,56,311.0,0.375,56.0,0.14285714285714285,24,25,1,3,3,0,7,38,11,0,29,23,0,9,45,0.42857142857142855,0.16071428571428573,0.8035714285714286,14234.0,8639.0,8,0.14285714285714285,post_authorization
2-3,cat_elig >   0.5 & HH_size_n >   2.5 & total_deductions_by_hh_size > 437.0 & unc_rawben_rel_max <=   1.0,test_2024,deployed,1,0,0,,,,,0,0,0,0,0,0,0,0,0,0,0,0,0,0,0,0.0,0.0,0.0,0.0,0.0,0,0.0,insufficient
2-3,expedited_i >=   1.000 & rawben_rel_max <   0.909 & total_deductions_by_hh_size >=  23.500 & utilities < 285.000,train_2022_23,national,108,40,66,311.0,0.2878787878787879,38.0,0.21212121212121213,41,22,0,3,0,0,0,41,25,0,22,22,0,18,41,0.6212121212121212,0.2727272727272727,0.6212121212121212,13023.0,5690.0,12,0.18181818181818182,post_authorization
2-3,expedited_i >=   1.000 & rawben_rel_max <   0.909 & total_deductions_by_hh_size >=  23.500 & utilities < 285.000,test_2024,national,38,14,18,311.0,0.2777777777777778,35.0,0.2222222222222222,7,11,0,0,0,0,1,10,7,0,14,3,0,1,11,0.3888888888888889,0.05555555555555555,0.6111111111111112,3389.0,3436.0,0,0.0,post_authorization
2-3,expedited_i >=   1.000 & rawben_rel_max <   0.909 & total_deductions_by_hh_size >=  23.500 & utilities < 285.000,test_2024,deployed,5,0,0,,,,,0,0,0,0,0,0,0,0,0,0,0,0,0,0,0,0.0,0.0,0.0,0.0,0.0,0,0.0,insufficient
4+,months_since_cert_n >  4.500 & months_since_cert_n <=  9.500 & shelter_expenses_by_hh_size > 74.000 & unc_rawben_rel_max >  0.422,train_2022_23,national,2117,479,701,311.0,0.31383737517831667,38.0,0.16547788873038516,393,281,1,24,0,2,66,366,267,0,357,186,0,195,432,0.5606276747503567,0.2781740370898716,0.6162624821683309,156922.0,97223.0,104,0.14835948644793154,post_authorization
4+,months_since_cert_n >  4.500 & months_since_cert_n <=  9.500 & shelter_expenses_by_hh_size > 74.000 & unc_rawben_rel_max >  0.422,test_2024,national,1109,266,413,311.0,0.3220338983050847,35.0,0.15254237288135594,205,178,1,3,25,1,27,200,176,1,238,83,1,90,227,0.4963680387409201,0.2179176755447942,0.549636803874092,102355.0,59168.0,43,0.10411622276029056,post_authorization
4+,months_since_cert_n >  4.500 & months_since_cert_n <=  9.500 & shelter_expenses_by_hh_size > 74.000 & unc_rawben_rel_max >  0.422,test_2024,deployed,18,4,5,311.0,0.6,35.0,0.6,0,3,0,0,2,0,0,4,0,0,4,0,0,2,4,0.0,0.4,0.8,1245.0,817.0,0,0.0,post_authorization
4+,months_since_cert_n >  4.500 & rawben_rel_max >  0.401 & rawben_rel_max <=  0.950 & shelter_expenses_by_hh_size > 90.900,train_2022_23,national,2004,544,838,311.0,0.31742243436754175,38.0,0.16945107398568018,469,335,1,31,0,2,81,412,343,0,408,243,2,231,493,0.5596658711217184,0.2756563245823389,0.5883054892601431,169839.0,106968.0,126,0.15035799522673032,post_authorization
4+,months_since_cert_n >  4.500 & rawben_rel_max >  0.401 & rawben_rel_max <=  0.950 & shelter_expenses_by_hh_size > 90.900,test_2024,national,1020,287,453,311.0,0.32671081677704195,38.0,0.1479028697571744,237,177,2,5,31,1,28,207,207,1,237,116,1,121,235,0.5231788079470199,0.2671081677704194,0.5187637969094923,106144.0,61771.0,52,0.11479028697571744,post_authorization
4+,months_since_cert_n >  4.500 & rawben_rel_max >  0.401 & rawben_rel_max <=  0.950 & shelter_expenses_by_hh_size > 90.900,test_2024,deployed,14,2,3,311.0,0.6666666666666666,35.0,0.6666666666666666,0,2,0,0,1,0,0,2,0,0,2,0,0,2,2,0.0,0.6666666666666666,0.6666666666666666,800.0,372.0,0,0.0,insufficient
4+,cat_elig <=  0.500 & months_since_cert_n >  4.500 & total_deductions_by_hh_size > 65.700 & unc_rawben_rel_max <=  0.947,train_2022_23,national,289,71,98,311.0,0.45918367346938777,53.0,0.20408163265306123,39,53,0,6,0,0,13,48,37,0,72,24,0,24,61,0.3979591836734694,0.24489795918367346,0.6224489795918368,16713.0,12017.0,13,0.1326530612244898,post_authorization
4+,cat_elig <=  0.500 & months_since_cert_n >  4.500 & total_deductions_by_hh_size > 65.700 & unc_rawben_rel_max <=  0.947,test_2024,national,111,26,35,311.0,0.45714285714285713,56.0,0.17142857142857143,19,11,0,1,3,1,0,10,22,0,20,11,0,7,10,0.5428571428571428,0.2,0.2857142857142857,6445.0,4022.0,2,0.05714285714285714,post_authorization
4+,cat_elig <=  0.500 & months_since_cert_n >  4.500 & total_deductions_by_hh_size > 65.700 & unc_rawben_rel_max <=  0.947,test_2024,deployed,11,1,1,311.0,1.0,97.0,1.0,0,0,0,0,1,0,0,0,0,0,0,0,0,0,0,0.0,0.0,0.0,56.0,0.0,0,0.0,insufficient
4+,HH_size_n >  4.500 & months_since_cert_n >  3.500 & unc_rawben_rel_max >  0.405 & utilities > 32.500,train_2022_23,national,1963,472,732,311.0,0.3333333333333333,38.0,0.17759562841530055,449,252,2,29,0,0,57,396,279,0,360,188,0,221,453,0.6133879781420765,0.30191256830601093,0.6188524590163934,167112.0,95078.0,126,0.1721311475409836,post_authorization
4+,HH_size_n >  4.500 & months_since_cert_n >  3.500 & unc_rawben_rel_max >  0.405 & utilities > 32.500,test_2024,national,1043,264,424,311.0,0.33254716981132076,38.0,0.16037735849056603,223,171,0,4,25,1,24,211,179,1,219,91,0,118,235,0.5259433962264151,0.2783018867924528,0.5542452830188679,116325.0,59765.0,51,0.12028301886792453,post_authorization
4+,HH_size_n >  4.500 & months_since_cert_n >  3.500 & unc_rawben_rel_max >  0.405 & utilities > 32.500,test_2024,deployed,21,4,9,311.0,0.4444444444444444,52.0,0.2222222222222222,5,3,0,0,1,0,0,8,0,0,8,0,0,4,8,0.5555555555555556,0.4444444444444444,0.8888888888888888,1559.0,625.0,2,0.2222222222222222,post_authorization
4+,expedited_i <=  0.500 & rawben_rel_max >  0.738 & rawben_rel_max <=  0.970 & utilities > 17.500,train_2022_23,national,2036,504,751,311.0,0.2956058588548602,38.0,0.170439414114514,427,296,1,27,0,0,86,460,205,0,375,192,0,214,546,0.5685752330226365,0.28495339547270304,0.7270306258322237,167044.0,99492.0,119,0.1584553928095872,post_authorization
4+,expedited_i <=  0.500 & rawben_rel_max >  0.738 & rawben_rel_max <=  0.970 & utilities > 17.500,test_2024,national,1086,300,435,311.0,0.2735632183908046,38.0,0.135632183908046,243,150,1,8,32,1,35,287,104,1,208,124,0,103,322,0.5586206896551724,0.2367816091954023,0.7402298850574712,95318.0,57295.0,56,0.12873563218390804,post_authorization
4+,expedited_i <=  0.500 & rawben_rel_max >  0.738 & rawben_rel_max <=  0.970 & utilities > 17.500,test_2024,deployed,30,3,7,311.0,0.42857142857142855,52.0,0.2857142857142857,6,1,0,0,0,0,0,7,0,0,7,0,0,2,7,0.8571428571428571,0.2857142857142857,1.0,912.0,406.0,2,0.2857142857142857,mixed
4+,total_deductions_by_hh_size >=  89.10 & unc_rawben_rel_max <   1.03 & utilities < 417.00,train_2022_23,national,2202,498,784,311.0,0.34438775510204084,38.0,0.20153061224489796,451,301,2,30,0,0,79,508,197,0,314,169,1,182,587,0.5752551020408163,0.23214285714285715,0.7487244897959183,161568.0,77226.0,135,0.17219387755102042,post_authorization
4+,total_deductions_by_hh_size >=  89.10 & unc_rawben_rel_max <   1.03 & utilities < 417.00,test_2024,national,799,219,342,311.0,0.31871345029239767,38.0,0.16374269005847952,166,152,3,2,19,0,28,234,78,0,147,75,2,65,262,0.4853801169590643,0.19005847953216373,0.7660818713450293,79470.0,32293.0,29,0.0847953216374269,post_authorization
4+,total_deductions_by_hh_size >=  89.10 & unc_rawben_rel_max <   1.03 & utilities < 417.00,test_2024,deployed,12,3,3,311.0,0.6666666666666666,97.0,0.3333333333333333,1,1,0,0,1,0,0,2,0,0,1,1,0,0,2,0.3333333333333333,0.0,0.6666666666666666,386.0,330.0,0,0.0,insufficient
4+,months_since_cert_n >  2.500 & rawben_rel_max >  0.721 & utilities > 32.500,train_2022_23,national,2993,597,871,311.0,0.3099885189437428,38.0,0.16647531572904709,499,339,2,31,0,0,86,460,324,1,465,183,0,250,546,0.5729047072330654,0.2870264064293915,0.6268656716417911,204330.0,118108.0,115,0.13203214695752008,post_authorization
4+,months_since_cert_n >  2.500 & rawben_rel_max >  0.721 & utilities > 32.500,test_2024,national,1486,328,495,311.0,0.28484848484848485,35.0,0.13737373737373737,268,188,2,7,29,1,35,269,183,0,268,114,1,137,304,0.5414141414141415,0.2767676767676768,0.6141414141414141,129468.0,68571.0,59,0.1191919191919192,post_authorization
4+,months_since_cert_n >  2.500 & rawben_rel_max >  0.721 & utilities > 32.500,test_2024,deployed,35,7,11,311.0,0.45454545454545453,52.0,0.18181818181818182,8,2,0,0,1,0,0,11,0,0,10,1,0,3,11,0.7272727272727273,0.2727272727272727,1.0,2317.0,1811.0,3,0.2727272727272727,mixed
4+,expedited_i <= 0.500 & HH_size_n > 5.500 & unc_rawben_rel_max <= 0.718,train_2022_23,national,1123,269,411,311.0,0.34549878345498786,38.0,0.1678832116788321,264,136,0,11,0,0,24,268,119,0,169,104,1,123,292,0.6423357664233577,0.29927007299270075,0.7104622871046229,90128.0,55965.0,91,0.22141119221411193,post_authorization
4+,expedited_i <= 0.500 & HH_size_n > 5.500 & unc_rawben_rel_max <= 0.718,test_2024,national,620,170,270,311.0,0.35555555555555557,38.0,0.15555555555555556,138,113,1,3,15,0,23,166,79,1,129,74,1,59,189,0.5111111111111111,0.21851851851851853,0.7,74096.0,40611.0,37,0.13703703703703704,post_authorization
4+,expedited_i <= 0.500 & HH_size_n > 5.500 & unc_rawben_rel_max <= 0.718,test_2024,deployed,14,4,7,311.0,0.2857142857142857,35.0,0.42857142857142855,3,4,0,0,0,0,0,7,0,0,0,0,0,0,7,0.42857142857142855,0.0,1.0,1493.0,0.0,0,0.0,post_authorization
4+,shelter_expenses_by_hh_size > 213 & shelter_expenses_by_hh_size <= 334 & total_deductions_by_hh_size > 121 & utilities > 390,train_2022_23,national,1699,367,524,311.0,0.3473282442748092,38.0,0.17938931297709923,308,199,2,15,0,0,41,332,151,0,285,113,0,135,373,0.5877862595419847,0.25763358778625955,0.7118320610687023,99879.0,64762.0,88,0.16793893129770993,post_authorization
4+,shelter_expenses_by_hh_size > 213 & shelter_expenses_by_hh_size <= 334 & total_deductions_by_hh_size > 121 & utilities > 390,test_2024,national,1017,240,358,311.0,0.388268156424581,38.0,0.17318435754189945,177,144,0,4,33,0,27,205,117,1,169,69,1,101,232,0.49441340782122906,0.28212290502793297,0.6480446927374302,84570.0,45883.0,52,0.1452513966480447,post_authorization
4+,shelter_expenses_by_hh_size > 213 & shelter_expenses_by_hh_size <= 334 & total_deductions_by_hh_size > 121 & utilities > 390,test_2024,deployed,39,11,19,311.0,0.42105263157894735,99.0,0.3157894736842105,11,5,0,1,2,0,1,16,2,0,0,0,0,8,17,0.5789473684210527,0.42105263157894735,0.8947368421052632,3509.0,0.0,5,0.2631578947368421,mixed
4+,HH_size_n >   5.5 & months_since_cert_n <=   8.0 & shelter_expenses_by_hh_size > 116.0,train_2022_23,national,1216,278,408,311.0,0.31862745098039214,38.0,0.17892156862745098,262,138,1,7,0,0,34,287,87,0,165,95,0,123,321,0.6421568627450981,0.3014705882352941,0.7867647058823529,104235.0,63796.0,93,0.22794117647058823,post_authorization
4+,HH_size_n >   5.5 & months_since_cert_n <=   8.0 & shelter_expenses_by_hh_size > 116.0,test_2024,national,735,194,291,311.0,0.32989690721649484,38.0,0.15120274914089346,155,118,1,0,16,1,18,187,83,1,150,65,1,62,205,0.5326460481099656,0.21305841924398625,0.7044673539518901,77339.0,42667.0,38,0.13058419243986255,post_authorization
4+,HH_size_n >   5.5 & months_since_cert_n <=   8.0 & shelter_expenses_by_hh_size > 116.0,test_2024,deployed,22,3,7,363.0,0.2857142857142857,35.0,0.2857142857142857,3,4,0,0,0,0,0,7,0,0,0,0,0,0,7,0.42857142857142855,0.0,1.0,1504.0,0.0,0,0.0,post_authorization
4+,HH_size_n >   5.5 & months_since_cert_n >   1.5 & utilities > 202.0,train_2022_23,national,1499,355,534,311.0,0.33707865168539325,38.0,0.19662921348314608,333,180,1,20,0,0,46,310,178,0,237,136,0,160,356,0.6235955056179775,0.299625468164794,0.6666666666666666,130205.0,78184.0,100,0.18726591760299627,post_authorization
4+,HH_size_n >   5.5 & months_since_cert_n >   1.5 & utilities > 202.0,test_2024,national,799,215,329,311.0,0.3586626139817629,38.0,0.1641337386018237,166,140,1,1,20,1,27,174,124,1,182,81,1,88,201,0.5045592705167173,0.2674772036474164,0.6109422492401215,91902.0,53683.0,46,0.1398176291793313,post_authorization
4+,HH_size_n >   5.5 & months_since_cert_n >   1.5 & utilities > 202.0,test_2024,deployed,16,5,6,363.0,0.3333333333333333,52.0,0.3333333333333333,3,3,0,0,0,0,0,6,0,0,0,0,0,0,6,0.5,0.0,1.0,1373.0,0.0,0,0.0,post_authorization
4+,count_divisible_by_100 >= 1.000 & HH_size_n >= 6.000 & rawben_rel_max >= 0.465 & rawben_rel_max < 0.891,train_2022_23,national,78,31,50,311.0,0.32,35.0,0.2,33,17,0,0,0,0,1,41,8,0,25,11,0,10,42,0.66,0.2,0.84,12803.0,6306.0,9,0.18,post_authorization
4+,count_divisible_by_100 >= 1.000 & HH_size_n >= 6.000 & rawben_rel_max >= 0.465 & rawben_rel_max < 0.891,test_2024,national,51,20,36,311.0,0.2777777777777778,38.0,0.2222222222222222,18,12,0,2,4,0,3,24,9,0,18,11,0,12,27,0.5,0.3333333333333333,0.75,6308.0,3536.0,9,0.25,mixed
4+,count_divisible_by_100 >= 1.000 & HH_size_n >= 6.000 & rawben_rel_max >= 0.465 & rawben_rel_max < 0.891,test_2024,deployed,2,0,0,,,,,0,0,0,0,0,0,0,0,0,0,0,0,0,0,0,0.0,0.0,0.0,0.0,0.0,0,0.0,insufficient
4+,expedited_i >  0.500 & total_deductions_by_hh_size > 12.700 & unc_rawben_rel_max >  0.469 & unc_rawben_rel_max <=  0.935,train_2022_23,national,218,76,131,311.0,0.2748091603053435,38.0,0.22137404580152673,87,38,1,5,0,0,19,66,46,0,55,33,0,36,85,0.6641221374045801,0.2748091603053435,0.648854961832061,24094.0,13171.0,24,0.183206106870229,post_authorization
4+,expedited_i >  0.500 & total_deductions_by_hh_size > 12.700 & unc_rawben_rel_max >  0.469 & unc_rawben_rel_max <=  0.935,test_2024,national,88,31,46,311.0,0.41304347826086957,35.0,0.1956521739130435,21,20,0,0,5,0,2,24,19,1,25,10,1,11,26,0.45652173913043476,0.2391304347826087,0.5652173913043478,14606.0,8531.0,10,0.21739130434782608,post_authorization
4+,expedited_i >  0.500 & total_deductions_by_hh_size > 12.700 & unc_rawben_rel_max >  0.469 & unc_rawben_rel_max <=  0.935,test_2024,deployed,2,0,0,,,,,0,0,0,0,0,0,0,0,0,0,0,0,0,0,0,0.0,0.0,0.0,0.0,0.0,0,0.0,insufficient
1,total_deductions_by_hh_size > 647 & utilities <= 276,train_2022_23,national,318,105,182,363.0,0.3076923076923077,53.0,0.46153846153846156,94,76,5,7,0,0,24,104,54,0,124,7,0,27,128,0.5164835164835165,0.14835164835164835,0.7032967032967034,29981.0,17415.0,10,0.054945054945054944,post_authorization
1,total_deductions_by_hh_size > 647 & utilities <= 276,test_2024,national,337,92,152,363.0,0.3618421052631579,53.0,0.3355263157894737,78,70,0,2,2,0,11,89,52,0,121,4,0,30,100,0.5131578947368421,0.19736842105263158,0.6578947368421053,29745.0,20956.0,14,0.09210526315789473,post_authorization
1,total_deductions_by_hh_size > 647 & utilities <= 276,test_2024,deployed,10,0,0,,,,,0,0,0,0,0,0,0,0,0,0,0,0,0,0,0,0.0,0.0,0.0,0.0,0.0,0,0.0,insufficient
1,rawben_rel_max <   1 & total_deductions_by_hh_size >= 450 & utilities < 277,train_2022_23,national,580,182,285,363.0,0.35789473684210527,53.0,0.5052631578947369,128,143,5,9,0,0,42,167,76,0,203,21,0,36,209,0.44912280701754387,0.12631578947368421,0.7333333333333333,41715.0,26454.0,18,0.06315789473684211,post_authorization
1,rawben_rel_max <   1 & total_deductions_by_hh_size >= 450 & utilities < 277,test_2024,national,411,114,189,363.0,0.42857142857142855,53.0,0.4021164021164021,93,91,0,2,3,0,20,122,47,0,139,14,0,28,142,0.49206349206349204,0.14814814814814814,0.7513227513227513,30885.0,21207.0,17,0.08994708994708994,post_authorization
1,rawben_rel_max <   1 & total_deductions_by_hh_size >= 450 & utilities < 277,test_2024,deployed,10,1,2,364.0,0.5,53.0,1.0,0,2,0,0,0,0,2,0,0,0,0,0,0,0,2,0.0,0.0,1.0,334.0,0.0,0,0.0,insufficient
4+,rawben_rel_max <   0.965 & shelter_expenses_by_hh_size >= 466.000 & shelter_expenses_by_hh_size < 569.000 & total_deductions_by_hh_size < 255.000,train_2022_23,national,105,39,70,311.0,0.2857142857142857,38.0,0.21428571428571427,38,31,0,1,0,0,7,35,28,0,38,18,2,15,42,0.5428571428571428,0.21428571428571427,0.6,18713.0,14796.0,7,0.1,post_authorization
4+,rawben_rel_max <   0.965 & shelter_expenses_by_hh_size >= 466.000 & shelter_expenses_by_hh_size < 569.000 & total_deductions_by_hh_size < 255.000,test_2024,national,67,17,23,311.0,0.30434782608695654,35.0,0.17391304347826086,10,9,0,0,4,0,0,16,6,1,13,4,0,5,16,0.43478260869565216,0.21739130434782608,0.6956521739130435,6218.0,3637.0,4,0.17391304347826086,post_authorization
4+,rawben_rel_max <   0.965 & shelter_expenses_by_hh_size >= 466.000 & shelter_expenses_by_hh_size < 569.000 & total_deductions_by_hh_size < 255.000,test_2024,deployed,2,1,1,130.0,1.0,6.0,1.0,1,0,0,0,0,0,0,1,0,0,0,1,0,1,1,1.0,1.0,1.0,196.0,196.0,1,1.0,insufficient
1,rawben_rel_max >=   0.988 & rawben_rel_max <   1.000 & utilities < 580.000,train_2022_23,national,375,119,158,363.0,0.689873417721519,53.0,0.6582278481012658,73,84,1,0,0,0,22,108,28,0,114,3,0,19,130,0.4620253164556962,0.12025316455696203,0.8227848101265823,23011.0,12964.0,12,0.0759493670886076,post_authorization
1,rawben_rel_max >=   0.988 & rawben_rel_max <   1.000 & utilities < 580.000,test_2024,national,191,69,99,363.0,0.6666666666666666,56.0,0.40404040404040403,51,46,0,2,0,0,7,63,29,0,76,0,0,15,70,0.5151515151515151,0.15151515151515152,0.7070707070707071,15582.0,10944.0,8,0.08080808080808081,post_authorization
1,rawben_rel_max >=   0.988 & rawben_rel_max <   1.000 & utilities < 580.000,test_2024,deployed,7,1,1,363.0,1.0,53.0,1.0,1,0,0,0,0,0,0,1,0,0,1,0,0,1,1,1.0,1.0,1.0,66.0,66.0,1,1.0,insufficient
2-3,cat_elig >   0.5 & HH_size_n >   2.5 & total_deductions_by_hh_size > 642.0,train_2022_23,national,46,22,39,323.0,0.3076923076923077,53.0,0.3333333333333333,18,21,0,0,0,0,7,22,10,0,29,1,0,8,29,0.46153846153846156,0.20512820512820512,0.7435897435897436,9710.0,6984.0,5,0.1282051282051282,post_authorization
2-3,cat_elig >   0.5 & HH_size_n >   2.5 & total_deductions_by_hh_size > 642.0,test_2024,national,32,14,24,311.0,0.25,56.0,0.25,9,12,1,1,1,0,5,15,4,0,18,6,0,4,20,0.375,0.16666666666666666,0.8333333333333334,8770.0,3954.0,3,0.125,post_authorization
2-3,cat_elig >   0.5 & HH_size_n >   2.5 & total_deductions_by_hh_size > 642.0,test_2024,deployed,1,0,0,,,,,0,0,0,0,0,0,0,0,0,0,0,0,0,0,0,0.0,0.0,0.0,0.0,0.0,0,0.0,insufficient
2-3,HH_size_n >=   3.000 & rawben_rel_max >=   0.663 & total_deductions_by_hh_size >= 501.000,train_2022_23,national,88,38,61,323.0,0.19672131147540983,53.0,0.2459016393442623,32,28,0,1,0,0,7,42,12,0,34,5,0,13,49,0.5245901639344263,0.21311475409836064,0.8032786885245902,14180.0,10516.0,12,0.19672131147540983,post_authorization
2-3,HH_size_n >=   3.000 & rawben_rel_max >=   0.663 & total_deductions_by_hh_size >= 501.000,test_2024,national,56,14,23,311.0,0.2608695652173913,35.0,0.2608695652173913,10,12,0,1,0,0,6,13,4,0,15,4,0,3,19,0.43478260869565216,0.13043478260869565,0.8260869565217391,7985.0,3239.0,3,0.13043478260869565,post_authorization
2-3,HH_size_n >=   3.000 & rawben_rel_max >=   0.663 & total_deductions_by_hh_size >= 501.000,test_2024,deployed,1,0,0,,,,,0,0,0,0,0,0,0,0,0,0,0,0,0,0,0,0.0,0.0,0.0,0.0,0.0,0,0.0,insufficient
2-3,medical_deductions >= 146 & months_since_cert_n >=   8 & total_deductions_by_hh_size >= 441,train_2022_23,national,61,27,46,365.0,0.41304347826086957,53.0,0.5434782608695652,27,18,0,1,0,0,11,16,19,0,41,3,0,16,27,0.5869565217391305,0.34782608695652173,0.5869565217391305,5919.0,4011.0,10,0.21739130434782608,post_authorization
2-3,medical_deductions >= 146 & months_since_cert_n >=   8 & total_deductions_by_hh_size >= 441,test_2024,national,28,14,23,363.0,0.34782608695652173,56.0,0.34782608695652173,11,9,0,0,3,0,0,10,13,0,16,1,0,6,10,0.4782608695652174,0.2608695652173913,0.43478260869565216,5298.0,2760.0,2,0.08695652173913043,post_authorization
2-3,medical_deductions >= 146 & months_since_cert_n >=   8 & total_deductions_by_hh_size >= 441,test_2024,deployed,2,1,2,365.0,0.5,57.0,0.5,2,0,0,0,0,0,0,0,2,0,1,1,0,2,0,1.0,1.0,0.0,860.0,0.0,0,0.0,insufficient
2-3,months_since_cert_n >=   5 & shelter_expenses_by_hh_size >= 452 & utilities >=  56 & utilities < 281,train_2022_23,national,30,16,31,363.0,0.25806451612903225,53.0,0.25806451612903225,18,13,0,0,0,0,7,15,9,0,10,7,0,7,22,0.5806451612903226,0.22580645161290322,0.7096774193548387,4340.0,1561.0,3,0.0967741935483871,post_authorization
2-3,months_since_cert_n >=   5 & shelter_expenses_by_hh_size >= 452 & utilities >=  56 & utilities < 281,test_2024,national,6,0,0,,,,,0,0,0,0,0,0,0,0,0,0,0,0,0,0,0,0.0,0.0,0.0,0.0,0.0,0,0.0,insufficient
2-3,months_since_cert_n >=   5 & shelter_expenses_by_hh_size >= 452 & utilities >=  56 & utilities < 281,test_2024,deployed,1,0,0,,,,,0,0,0,0,0,0,0,0,0,0,0,0,0,0,0,0.0,0.0,0.0,0.0,0.0,0,0.0,insufficient
2-3,months_since_cert_n >=   3.00 & percent_abawd <   0.50 & rawben_rel_max <   0.71 & total_deductions_by_hh_size >= 204.00,train_2022_23,national,2234,483,776,311.0,0.2963917525773196,53.0,0.15077319587628865,407,337,2,30,0,0,78,390,307,1,413,204,0,216,468,0.5244845360824743,0.27835051546391754,0.6030927835051546,129462.0,77636.0,108,0.13917525773195877,post_authorization
2-3,months_since_cert_n >=   3.00 & percent_abawd <   0.50 & rawben_rel_max <   0.71 & total_deductions_by_hh_size >= 204.00,test_2024,national,1223,282,425,311.0,0.30823529411764705,38.0,0.13411764705882354,197,177,1,9,41,0,38,213,161,3,243,79,0,101,251,0.46352941176470586,0.2376470588235294,0.5905882352941176,76875.0,52218.0,44,0.10352941176470588,post_authorization
2-3,months_since_cert_n >=   3.00 & percent_abawd <   0.50 & rawben_rel_max <   0.71 & total_deductions_by_hh_size >= 204.00,test_2024,deployed,27,9,12,311.0,0.5,37.0,0.25,4,7,0,0,1,0,1,8,3,0,9,3,0,2,9,0.3333333333333333,0.16666666666666666,0.75,1946.0,1447.0,2,0.16666666666666666,post_authorization
2-3,married <=   0.500 & percent_abawd <=   0.417 & rawben_rel_max <=   0.711 & total_deductions_by_hh_size > 218.000,train_2022_23,national,2232,455,735,311.0,0.33877551020408164,38.0,0.1564625850340136,398,307,1,29,0,0,57,448,230,0,370,188,1,191,505,0.5414965986394558,0.2598639455782313,0.6870748299319728,124089.0,70647.0,112,0.1523809523809524,post_authorization
2-3,married <=   0.500 & percent_abawd <=   0.417 & rawben_rel_max <=   0.711 & total_deductions_by_hh_size > 218.000,test_2024,national,1278,285,420,311.0,0.3595238095238095,38.0,0.17857142857142858,197,163,1,9,50,0,36,247,127,0,230,95,0,99,283,0.46904761904761905,0.2357142857142857,0.6738095238095239,74430.0,50782.0,51,0.12142857142857143,post_authorization
2-3,married <=   0.500 & percent_abawd <=   0.417 & rawben_rel_max <=   0.711 & total_deductions_by_hh_size > 218.000,test_2024,deployed,21,10,14,311.0,0.5,99.0,0.14285714285714285,5,8,0,0,1,0,1,11,2,0,10,4,0,2,12,0.35714285714285715,0.14285714285714285,0.8571428571428571,2334.0,2098.0,2,0.14285714285714285,post_authorization
2-3,married <= 0.500 & rawben_rel_max > 0.997 & unc_rawben_rel_max > 1.510,train_2022_23,national,100,47,62,311.0,0.25806451612903225,38.0,0.2903225806451613,34,27,0,1,0,0,6,34,22,0,49,1,0,17,40,0.5483870967741935,0.27419354838709675,0.6451612903225806,13932.0,12314.0,13,0.20967741935483872,post_authorization
2-3,married <= 0.500 & rawben_rel_max > 0.997 & unc_rawben_rel_max > 1.510,test_2024,national,67,21,32,311.0,0.3125,99.0,0.1875,11,16,0,0,5,0,2,24,6,0,20,1,0,6,26,0.34375,0.1875,0.8125,11043.0,5732.0,4,0.125,post_authorization
2-3,married <= 0.500 & rawben_rel_max > 0.997 & unc_rawben_rel_max > 1.510,test_2024,deployed,1,0,0,,,,,0,0,0,0,0,0,0,0,0,0,0,0,0,0,0,0.0,0.0,0.0,0.0,0.0,0,0.0,insufficient
1,unc_rawben_rel_max >=   2.49 & utilities < 827.00,train_2022_23,national,142,55,88,331.0,0.3068181818181818,35.0,0.2727272727272727,46,38,0,4,0,0,10,40,38,0,66,2,0,19,50,0.5227272727272727,0.2159090909090909,0.5681818181818182,17045.0,13362.0,10,0.11363636363636363,post_authorization
1,unc_rawben_rel_max >=   2.49 & utilities < 827.00,test_2024,national,76,27,43,331.0,0.27906976744186046,35.0,0.3023255813953488,17,20,0,2,4,0,3,23,17,0,35,0,0,9,26,0.3953488372093023,0.20930232558139536,0.6046511627906976,7911.0,6014.0,3,0.06976744186046512,post_authorization
1,unc_rawben_rel_max >=   2.49 & utilities < 827.00,test_2024,deployed,3,1,3,311.0,0.3333333333333333,35.0,0.6666666666666666,0,3,0,0,0,0,0,3,0,0,0,0,0,0,3,0.0,0.0,1.0,180.0,60.0,0,0.0,insufficient
2-3,children_i <   1 & total_deductions_by_hh_size >= 570 & utilities < 553,train_2022_23,national,88,36,68,363.0,0.29411764705882354,53.0,0.29411764705882354,40,28,0,0,0,0,8,50,10,0,46,5,0,14,58,0.5882352941176471,0.20588235294117646,0.8529411764705882,14667.0,9710.0,11,0.16176470588235295,post_authorization
2-3,children_i <   1 & total_deductions_by_hh_size >= 570 & utilities < 553,test_2024,national,63,30,44,363.0,0.3409090909090909,56.0,0.20454545454545456,16,20,0,1,7,0,5,29,10,0,34,0,0,9,34,0.36363636363636365,0.20454545454545456,0.7727272727272727,10148.0,6770.0,5,0.11363636363636363,post_authorization
2-3,children_i <   1 & total_deductions_by_hh_size >= 570 & utilities < 553,test_2024,deployed,4,2,2,346.0,0.5,37.0,0.5,1,1,0,0,0,0,0,2,0,0,0,0,0,0,2,0.5,0.0,1.0,647.0,647.0,0,0.0,insufficient
4+,elderly_disabled_i <=   0.500 & months_since_cert_n >   5.500 & rawben_rel_max >   0.767 & shelter_expenses_by_hh_size > 166.000,train_2022_23,national,719,171,245,311.0,0.37142857142857144,38.0,0.17142857142857143,139,99,1,6,0,0,19,128,98,0,139,43,0,62,147,0.5673469387755102,0.2530612244897959,0.6,58518.0,35050.0,27,0.11020408163265306,post_authorization
4+,elderly_disabled_i <=   0.500 & months_since_cert_n >   5.500 & rawben_rel_max >   0.767 & shelter_expenses_by_hh_size > 166.000,test_2024,national,309,79,125,311.0,0.36,35.0,0.192,61,56,0,0,8,0,8,52,61,0,68,31,0,32,60,0.488,0.256,0.48,39265.0,19266.0,7,0.056,post_authorization
4+,elderly_disabled_i <=   0.500 & months_since_cert_n >   5.500 & rawben_rel_max >   0.767 & shelter_expenses_by_hh_size > 166.000,test_2024,deployed,5,0,0,,,,,0,0,0,0,0,0,0,0,0,0,0,0,0,0,0,0.0,0.0,0.0,0.0,0.0,0,0.0,insufficient
2-3,shelter_expenses_by_hh_size > 770.000 & shelter_expenses_by_hh_size <= 782.000 & unc_rawben_rel_max <=   0.998,train_2022_23,national,70,28,36,311.0,0.2777777777777778,53.0,0.19444444444444445,18,18,0,0,0,0,6,18,12,0,28,7,0,9,24,0.5,0.25,0.6666666666666666,6540.0,4867.0,5,0.1388888888888889,post_authorization
2-3,shelter_expenses_by_hh_size > 770.000 & shelter_expenses_by_hh_size <= 782.000 & unc_rawben_rel_max <=   0.998,test_2024,national,32,5,6,363.0,0.3333333333333333,52.0,0.3333333333333333,5,1,0,0,0,0,1,1,3,1,3,3,0,0,2,0.8333333333333334,0.0,0.3333333333333333,781.0,711.0,0,0.0,post_authorization
2-3,shelter_expenses_by_hh_size > 770.000 & shelter_expenses_by_hh_size <= 782.000 & unc_rawben_rel_max <=   0.998,test_2024,deployed,1,0,0,,,,,0,0,0,0,0,0,0,0,0,0,0,0,0,0,0,0.0,0.0,0.0,0.0,0.0,0,0.0,insufficient
2-3,rawben_rel_max <   0.577 & total_deductions_by_hh_size >= 451.000 & utilities < 488.000,train_2022_23,national,214,74,140,311.0,0.3142857142857143,38.0,0.16428571428571428,55,75,0,10,0,0,19,75,46,0,88,10,1,22,94,0.39285714285714285,0.15714285714285714,0.6714285714285714,27705.0,11840.0,14,0.1,post_authorization
2-3,rawben_rel_max <   0.577 & total_deductions_by_hh_size >= 451.000 & utilities < 488.000,test_2024,national,108,35,57,311.0,0.3333333333333333,38.0,0.14035087719298245,22,30,0,2,3,0,5,39,13,0,39,7,0,10,44,0.38596491228070173,0.17543859649122806,0.7719298245614035,11665.0,8214.0,5,0.08771929824561403,post_authorization
2-3,rawben_rel_max <   0.577 & total_deductions_by_hh_size >= 451.000 & utilities < 488.000,test_2024,deployed,9,2,2,311.0,0.5,35.0,1.0,0,2,0,0,0,0,0,1,1,0,0,0,0,0,1,0.0,0.0,0.5,647.0,647.0,0,0.0,insufficient
1,elderly_disabled_i >=   1.000 & rawben_rel_max >=   0.992 & unc_rawben_rel_max >=   1.550 & utilities < 612.000,train_2022_23,national,591,186,265,331.0,0.4679245283018868,37.0,0.28679245283018867,164,87,4,10,0,0,31,100,134,0,205,6,0,72,131,0.6188679245283019,0.27169811320754716,0.49433962264150944,45317.0,32776.0,31,0.1169811320754717,post_authorization
1,elderly_disabled_i >=   1.000 & rawben_rel_max >=   0.992 & unc_rawben_rel_max >=   1.550 & utilities < 612.000,test_2024,national,305,89,127,331.0,0.3700787401574803,35.0,0.25984251968503935,68,50,1,4,4,0,12,55,59,0,93,0,0,33,67,0.5354330708661418,0.25984251968503935,0.5275590551181102,23707.0,15413.0,15,0.11811023622047244,post_authorization
1,elderly_disabled_i >=   1.000 & rawben_rel_max >=   0.992 & unc_rawben_rel_max >=   1.550 & utilities < 612.000,test_2024,deployed,7,2,6,363.0,0.3333333333333333,35.0,0.6666666666666666,0,6,0,0,0,0,1,3,2,0,0,0,0,0,4,0.0,0.0,0.6666666666666666,984.0,328.0,0,0.0,post_authorization
1,shelter_expenses_by_hh_size > 1990.000 & total_deductions_by_hh_size >  828.000 & unc_rawben_rel_max <=    0.998,train_2022_23,national,114,42,56,363.0,0.35714285714285715,53.0,0.2857142857142857,36,18,0,2,0,0,6,30,20,0,36,8,0,15,36,0.6428571428571429,0.26785714285714285,0.6428571428571429,8869.0,6098.0,7,0.125,post_authorization
1,shelter_expenses_by_hh_size > 1990.000 & total_deductions_by_hh_size >  828.000 & unc_rawben_rel_max <=    0.998,test_2024,national,103,36,54,363.0,0.2962962962962963,56.0,0.16666666666666666,20,28,0,0,6,0,4,30,20,0,40,6,0,10,34,0.37037037037037035,0.18518518518518517,0.6296296296296297,9363.0,6139.0,3,0.05555555555555555,post_authorization
1,shelter_expenses_by_hh_size > 1990.000 & total_deductions_by_hh_size >  828.000 & unc_rawben_rel_max <=    0.998,test_2024,deployed,2,1,1,311.0,1.0,97.0,1.0,0,0,0,0,1,0,0,0,1,0,0,0,0,0,0,0.0,0.0,0.0,206.0,0.0,0,0.0,insufficient
4+,months_since_cert_n >   5.500 & percent_abawd >   0.279 & total_deductions_by_hh_size <= 153.000 & utilities > 396.000,train_2022_23,national,30,15,22,311.0,0.36363636363636365,38.0,0.18181818181818182,12,10,0,0,0,0,3,11,8,0,12,6,0,2,14,0.5454545454545454,0.09090909090909091,0.6363636363636364,5923.0,4782.0,1,0.045454545454545456,post_authorization
4+,months_since_cert_n >   5.500 & percent_abawd >   0.279 & total_deductions_by_hh_size <= 153.000 & utilities > 396.000,test_2024,national,11,3,3,311.0,0.3333333333333333,35.0,1.0,0,3,0,0,0,0,0,1,2,0,3,0,0,0,1,0.0,0.0,0.3333333333333333,1151.0,1151.0,0,0.0,insufficient
4+,months_since_cert_n >   5.500 & percent_abawd >   0.279 & total_deductions_by_hh_size <= 153.000 & utilities > 396.000,test_2024,deployed,1,0,0,,,,,0,0,0,0,0,0,0,0,0,0,0,0,0,0,0,0.0,0.0,0.0,0.0,0.0,0,0.0,insufficient
1,elderly_disabled_i <  1.00000 & medical_deductions <  3.00000 & unc_rawben_rel_max >= -0.00400 & unc_rawben_rel_max <  0.00356,train_2022_23,national,75,30,43,311.0,0.3488372093023256,44.0,0.4186046511627907,31,6,2,4,0,0,6,22,15,0,2,32,0,13,28,0.7209302325581395,0.3023255813953488,0.6511627906976745,8214.0,5240.0,7,0.16279069767441862,post_authorization
1,elderly_disabled_i <  1.00000 & medical_deductions <  3.00000 & unc_rawben_rel_max >= -0.00400 & unc_rawben_rel_max <  0.00356,test_2024,national,20,8,11,311.0,0.6363636363636364,43.0,0.18181818181818182,7,3,0,0,1,0,0,8,3,0,0,8,0,3,8,0.6363636363636364,0.2727272727272727,0.7272727272727273,2647.0,1866.0,2,0.18181818181818182,post_authorization
1,elderly_disabled_i <  1.00000 & medical_deductions <  3.00000 & unc_rawben_rel_max >= -0.00400 & unc_rawben_rel_max <  0.00356,test_2024,deployed,1,0,0,,,,,0,0,0,0,0,0,0,0,0,0,0,0,0,0,0,0.0,0.0,0.0,0.0,0.0,0,0.0,insufficient
2-3,cat_elig >   0.500 & medical_deductions > 131.000 & rawben_rel_max >   0.222 & rawben_rel_max <=   0.988,train_2022_23,national,271,92,152,365.0,0.3223684210526316,53.0,0.42105263157894735,91,56,0,5,0,0,15,107,30,0,91,22,0,46,122,0.5986842105263158,0.3026315789473684,0.8026315789473685,19273.0,11935.0,29,0.19078947368421054,post_authorization
2-3,cat_elig >   0.500 & medical_deductions > 131.000 & rawben_rel_max >   0.222 & rawben_rel_max <=   0.988,test_2024,national,164,50,73,365.0,0.2465753424657534,56.0,0.2054794520547945,43,28,1,0,1,0,8,39,25,1,51,3,0,19,47,0.589041095890411,0.2602739726027397,0.6438356164383562,10368.0,6904.0,8,0.1095890410958904,post_authorization
2-3,cat_elig >   0.500 & medical_deductions > 131.000 & rawben_rel_max >   0.222 & rawben_rel_max <=   0.988,test_2024,deployed,4,1,1,311.0,1.0,38.0,1.0,0,1,0,0,0,0,0,1,0,0,1,0,0,0,1,0.0,0.0,1.0,141.0,141.0,0,0.0,insufficient
2-3,rawben_rel_max >=   0.466 & rawben_rel_max <   0.856 & shelter_expenses_by_hh_size < 350.000 & total_deductions_by_hh_size >=  91.100,train_2022_23,national,1438,299,470,311.0,0.3276595744680851,38.0,0.19148936170212766,280,174,1,11,0,4,37,276,152,1,202,132,0,124,313,0.5957446808510638,0.26382978723404255,0.6659574468085107,74039.0,41757.0,72,0.15319148936170213,post_authorization
2-3,rawben_rel_max >=   0.466 & rawben_rel_max <   0.856 & shelter_expenses_by_hh_size < 350.000 & total_deductions_by_hh_size >=  91.100,test_2024,national,613,140,208,311.0,0.35096153846153844,38.0,0.15384615384615385,112,74,2,8,12,0,10,143,55,0,93,59,0,53,153,0.5384615384615384,0.2548076923076923,0.7355769230769231,37011.0,23754.0,37,0.1778846153846154,post_authorization
2-3,rawben_rel_max >=   0.466 & rawben_rel_max <   0.856 & shelter_expenses_by_hh_size < 350.000 & total_deductions_by_hh_size >=  91.100,test_2024,deployed,21,4,6,311.0,0.3333333333333333,38.0,0.3333333333333333,4,2,0,0,0,0,0,2,4,0,2,4,0,1,2,0.6666666666666666,0.16666666666666666,0.3333333333333333,1088.0,909.0,1,0.16666666666666666,post_authorization
1,rawben_rel_max <   0.988 & total_deductions_by_hh_size >= 495.000 & utilities < 281.000,train_2022_23,national,434,139,215,363.0,0.3395348837209302,53.0,0.5023255813953489,103,99,4,9,0,0,29,132,54,0,157,16,0,31,161,0.4790697674418605,0.14418604651162792,0.7488372093023256,29488.0,20672.0,16,0.07441860465116279,post_authorization
1,rawben_rel_max <   0.988 & total_deductions_by_hh_size >= 495.000 & utilities < 281.000,test_2024,national,282,70,114,363.0,0.35964912280701755,53.0,0.42105263157894735,56,55,0,0,3,0,14,77,23,0,81,10,0,16,91,0.49122807017543857,0.14035087719298245,0.7982456140350878,18266.0,12574.0,12,0.10526315789473684,post_authorization
1,rawben_rel_max <   0.988 & total_deductions_by_hh_size >= 495.000 & utilities < 281.000,test_2024,deployed,5,1,1,363.0,1.0,97.0,1.0,0,0,0,0,1,0,0,0,1,0,1,0,0,0,0,0.0,0.0,0.0,131.0,131.0,0,0.0,insufficient
1,medical_deductions >  116.000 & medical_deductions <=  124.000 & rawben_rel_max <=    0.998 & shelter_expenses_by_hh_size <= 1200.000,train_2022_23,national,48,20,23,365.0,0.8260869565217391,53.0,0.9130434782608695,19,3,0,1,0,0,2,16,5,0,17,1,0,9,18,0.8260869565217391,0.391304347826087,0.782608695652174,1426.0,1100.0,6,0.2608695652173913,mixed
1,medical_deductions >  116.000 & medical_deductions <=  124.000 & rawben_rel_max <=    0.998 & shelter_expenses_by_hh_size <= 1200.000,test_2024,national,20,3,3,365.0,1.0,53.0,1.0,3,0,0,0,0,0,0,3,0,0,2,0,0,3,3,1.0,1.0,1.0,174.0,116.0,3,1.0,insufficient
1,medical_deductions >  116.000 & medical_deductions <=  124.000 & rawben_rel_max <=    0.998 & shelter_expenses_by_hh_size <= 1200.000,test_2024,deployed,1,0,0,,,,,0,0,0,0,0,0,0,0,0,0,0,0,0,0,0,0.0,0.0,0.0,0.0,0.0,0,0.0,insufficient
2-3,medical_deductions >= 172.00 & total_deductions_by_hh_size >= 451.00 & unc_rawben_rel_max <   1.77 & utilities < 600.00,train_2022_23,national,49,26,50,365.0,0.42,53.0,0.52,33,17,0,0,0,0,15,28,7,0,39,1,0,16,43,0.66,0.32,0.86,8057.0,3864.0,12,0.24,post_authorization
2-3,medical_deductions >= 172.00 & total_deductions_by_hh_size >= 451.00 & unc_rawben_rel_max <   1.77 & utilities < 600.00,test_2024,national,24,13,15,365.0,0.5333333333333333,56.0,0.4666666666666667,7,5,1,0,2,0,2,11,2,0,14,0,0,7,13,0.4666666666666667,0.4666666666666667,0.8666666666666667,2340.0,1904.0,3,0.2,post_authorization
2-3,medical_deductions >= 172.00 & total_deductions_by_hh_size >= 451.00 & unc_rawben_rel_max <   1.77 & utilities < 600.00,test_2024,deployed,3,0,0,,,,,0,0,0,0,0,0,0,0,0,0,0,0,0,0,0,0.0,0.0,0.0,0.0,0.0,0,0.0,insufficient
4+,months_since_cert_n >=   9 & total_deductions_by_hh_size >= 150 & utilities < 270,train_2022_23,national,31,16,31,311.0,0.2903225806451613,38.0,0.1935483870967742,9,18,0,4,0,0,2,11,18,0,16,1,0,5,13,0.2903225806451613,0.16129032258064516,0.41935483870967744,8509.0,2409.0,4,0.12903225806451613,post_authorization
4+,months_since_cert_n >=   9 & total_deductions_by_hh_size >= 150 & utilities < 270,test_2024,national,4,2,2,150.0,0.5,12.0,0.5,0,2,0,0,0,0,1,1,0,0,0,1,0,0,2,0.0,0.0,1.0,398.0,163.0,0,0.0,insufficient
4+,months_since_cert_n >=   9 & total_deductions_by_hh_size >= 150 & utilities < 270,test_2024,deployed,1,1,1,363.0,1.0,53.0,1.0,0,1,0,0,0,0,0,1,0,0,0,0,0,0,1,0.0,0.0,1.0,235.0,0.0,0,0.0,insufficient
2-3,months_since_cert_n >=   2.00 & shelter_expenses_by_hh_size >= 640.00 & unc_rawben_rel_max >=   1.47 & utilities < 388.00,train_2022_23,national,37,18,28,311.0,0.35714285714285715,35.0,0.32142857142857145,15,13,0,0,0,0,0,12,16,0,21,0,0,4,12,0.5357142857142857,0.14285714285714285,0.42857142857142855,8652.0,7209.0,2,0.07142857142857142,post_authorization
2-3,months_since_cert_n >=   2.00 & shelter_expenses_by_hh_size >= 640.00 & unc_rawben_rel_max >=   1.47 & utilities < 388.00,test_2024,national,11,4,11,311.0,0.18181818181818182,98.0,0.2727272727272727,7,4,0,0,0,0,5,4,2,0,9,0,0,0,9,0.6363636363636364,0.0,0.8181818181818182,3322.0,2298.0,0,0.0,post_authorization
2-3,months_since_cert_n >=   2.00 & shelter_expenses_by_hh_size >= 640.00 & unc_rawben_rel_max >=   1.47 & utilities < 388.00,test_2024,deployed,1,1,2,346.0,0.5,38.0,0.5,0,2,0,0,0,0,0,1,1,0,0,0,0,0,1,0.0,0.0,0.5,1024.0,0.0,0,0.0,insufficient
4+,HH_size_n >=   5 & shelter_expenses_by_hh_size < 449 & total_deductions_by_hh_size >= 268,train_2022_23,national,115,46,72,311.0,0.25,52.0,0.2222222222222222,43,26,0,3,0,0,4,55,13,0,25,19,0,24,59,0.5972222222222222,0.3333333333333333,0.8194444444444444,15050.0,12349.0,18,0.25,mixed
4+,HH_size_n >=   5 & shelter_expenses_by_hh_size < 449 & total_deductions_by_hh_size >= 268,test_2024,national,87,32,51,311.0,0.27450980392156865,56.0,0.23529411764705882,33,16,0,0,2,0,2,37,12,0,21,3,0,18,39,0.6470588235294118,0.35294117647058826,0.7647058823529411,13418.0,5782.0,12,0.23529411764705882,post_authorization
4+,HH_size_n >=   5 & shelter_expenses_by_hh_size < 449 & total_deductions_by_hh_size >= 268,test_2024,deployed,2,1,1,350.0,1.0,37.0,1.0,0,0,0,0,1,0,0,1,0,0,0,0,0,1,1,0.0,1.0,1.0,97.0,0.0,0,0.0,insufficient
4+,count_divisible_by_100 >   0.500 & expedited_i <=   0.500 & rawben_rel_max <=   0.533 & total_deductions_by_hh_size > 232.000,train_2022_23,national,52,23,42,311.0,0.3333333333333333,35.0,0.16666666666666666,19,21,0,2,0,0,2,36,4,0,18,7,2,10,38,0.4523809523809524,0.23809523809523808,0.9047619047619048,9600.0,10872.0,10,0.23809523809523808,post_authorization
4+,count_divisible_by_100 >   0.500 & expedited_i <=   0.500 & rawben_rel_max <=   0.533 & total_deductions_by_hh_size > 232.000,test_2024,national,27,7,9,311.0,0.5555555555555556,35.0,0.4444444444444444,3,5,0,0,1,0,1,6,2,0,9,0,0,0,7,0.3333333333333333,0.0,0.7777777777777778,2328.0,2328.0,0,0.0,post_authorization
4+,count_divisible_by_100 >   0.500 & expedited_i <=   0.500 & rawben_rel_max <=   0.533 & total_deductions_by_hh_size > 232.000,test_2024,deployed,1,0,0,,,,,0,0,0,0,0,0,0,0,0,0,0,0,0,0,0,0.0,0.0,0.0,0.0,0.0,0,0.0,insufficient
