"rank","role","rule","hh","pool","engines","mined_frames","n_flagged_train","precision_train","precision_train_lcb","dollars_per_flag_train","mm_share_flags","mm_share_errors","mm_inflation","n_flagged_state","n_new_at_rank","n_error_cases_national","element_groups_to_75","nature_groups_to_75","found_in_case_record","share_overissuance","timing_at_certification","cause_agency"
1,"core","rawben_rel_max >= 0.897 & shelter_expenses_by_hh_size >= 866 & unc_rawben_rel_max < 1.01 & utilities_sua < 1","1","national","xgboost","any_error",69,0.7971,0.6649,145.93,0.0145,0,0,3,3,55,"shelter deduction 0.48; utility allowance 0.36","wrong include/exclude decision 0.66; change in circumstances 0.13",0.25,0.981818181818182,0.538461538461538,0.432692307692308
2,"core","elderly_disabled_i >= 1 & months_since_cert_n <= 7.5 & rawben_rel_max > 0.999 & unc_rawben_rel_max <= 1","2-3","national","ranger","any_error",79,0.6835,0.5534,145.25,0,0,0,2,2,54,"shelter deduction 0.56; medical deduction 0.12; unearned income 0.12","wrong include/exclude decision 0.50; wrong amount, known item 0.30",0.225,0.981481481481482,0.775,0.4625
3,"core","elderly_disabled_i >= 1 & rawben_rel_max >= 1 & shelter_expenses_by_hh_size < 848 & unc_rawben_rel_max < 1.02","1","national","xgboost","any_error",376,0.609,0.5494,101.59,0,0,0,9,9,229,"unearned income 0.63; shelter deduction 0.16","wrong include/exclude decision 0.56; unreported source of income 0.15; wrong amount, known item 0.14",0.5,0.995633187772926,0.468553459119497,0.686520376175549
4,"core","earned_by_hh_size <= 9.25 & rawben_rel_max > 0.999 & unc_rawben_rel_max <= 1 & unearned_by_hh_size > 457","2-3","national","ranger","any_error",79,0.6709,0.5405,140.99,0,0,0,3,2,53,"shelter deduction 0.59; medical deduction 0.18","wrong include/exclude decision 0.48; wrong amount, known item 0.36",0.328767123287671,0.981132075471698,0.73972602739726,0.561643835616438
5,"core","total_deductions_by_hh_size <= 548 & unc_rawben_rel_max > 1 & unc_rawben_rel_max <= 1.02 & unearned_by_hh_size > 308","1","national","ranger","any_error",98,0.6531,0.5359,132.49,0,0,0,1,1,64,"unearned income 0.81","wrong include/exclude decision 0.56; unreported source of income 0.25",0.407407407407407,1,0.555555555555556,0.580246913580247
6,"core","shelter_expenses_by_hh_size >= 682 & shelter_expenses_by_hh_size < 983 & unc_rawben_rel_max >= 1.01 & unc_rawben_rel_max < 1.02","1","national","xgboost","any_error",147,0.6259,0.5301,94.63,0,0,0,4,2,92,"unearned income 0.75; shelter deduction 0.18","wrong include/exclude decision 0.49; wrong amount, known item 0.25; unreported source of income 0.13",0.514925373134328,1,0.470149253731343,0.73134328358209
7,"core","medical_deductions > 167 & rawben_rel_max > 0.998 & unc_rawben_rel_max <= 1.03","1","national","ranger","any_error",146,0.6027,0.5065,99.46,0,0,0,4,3,88,"medical deduction 0.53; shelter deduction 0.20; unearned income 0.18","wrong include/exclude decision 0.68; wrong amount, known item 0.16",0.518248175182482,1,0.664233576642336,0.722627737226277
8,"core","gross_by_hh_size >= 965 & rawben_rel_max >= 0.484 & shelter_expenses_by_hh_size >= 1120 & utilities_sua < 1","1","national","xgboost","any_error",110,0.6091,0.4982,111.19,0.0364,0.0299,0.0182,6,3,67,"shelter deduction 0.44; utility allowance 0.32","wrong include/exclude decision 0.59; wrong amount, known item 0.14; change in circumstances 0.13",0.221311475409836,0.985074626865672,0.573770491803279,0.467213114754098
9,"core","HH_size_n >= 5 & married <= 0 & shelter_expenses_by_hh_size < 300 & total_deductions_by_hh_size >= 341","4+","national","xgboost","any_error",33,0.697,0.4945,183.45,0.0303,0.0435,0.0303,1,1,23,"dep care or child support deduction 0.29; earned income 0.22; shelter deduction 0.20; unearned income 0.13","wrong include/exclude decision 0.42; wrong amount, known item 0.29; unreported source of income 0.11",0.444444444444444,0.869565217391304,0.844444444444444,0.511111111111111
10,"core","rawben_rel_max > 0.996 & total_deductions_by_hh_size > 548 & unc_rawben_rel_max <= 1","2-3","national","ranger","any_error",74,0.6216,0.4865,172.12,0.0405,0.0217,0.0135,1,1,46,"shelter deduction 0.45; dep care or child support deduction 0.18; medical deduction 0.17","wrong amount, known item 0.42; wrong include/exclude decision 0.40",0.323076923076923,0.978260869565217,0.769230769230769,0.6
11,"core","months_since_cert_n >= 16 & rawben_rel_max >= 1 & unc_rawben_rel_max < 1.02 & unearned_by_hh_size < 980","1","national","xgboost","any_error",164,0.5427,0.4523,85.87,0,0,0,4,2,89,"unearned income 0.64; shelter deduction 0.22","wrong include/exclude decision 0.47; unreported source of income 0.17; wrong amount, known item 0.16",0.4921875,1,0.3671875,0.553846153846154
12,"core","bbce_state_i >= 1 & medical_deductions > 667 & shelter_expenses_by_hh_size <= 1750 & unc_rawben_rel_max <= 1.03","1","national","ranger","any_error",62,0.5968,0.4498,106.94,0,0,0,1,1,37,"medical deduction 0.60; shelter deduction 0.16","wrong include/exclude decision 0.58; wrong amount, known item 0.30",0.614035087719298,0.918918918918919,0.649122807017544,0.754385964912281
13,"core","medical_deductions >= 196 & months_since_cert_n < 29 & rawben_rel_max >= 0.979 & unc_rawben_rel_max < 1.05","1","national","xgboost","any_error",132,0.5455,0.4448,88.61,0,0,0,1,1,72,"medical deduction 0.60; shelter deduction 0.19","wrong include/exclude decision 0.66; wrong amount, known item 0.17",0.514018691588785,0.986111111111111,0.635514018691589,0.691588785046729
14,"core","medical_deductions >= 234 & rawben_rel_max >= 0.171 & shelter_expenses_by_hh_size < 846 & total_deductions_by_hh_size >= 642","2-3","national","xgboost","any_error",48,0.6042,0.4376,112.54,0,0,0,1,1,29,"medical deduction 0.53; unearned income 0.22; shelter deduction 0.18","wrong include/exclude decision 0.59; wrong amount, known item 0.18",0.627450980392157,1,0.549019607843137,0.705882352941177
15,"core","rawben_rel_max <= 0.621 & shelter_expenses_by_hh_size <= 516 & total_deductions_by_hh_size > 529","4+","national","ranger","any_error",30,0.6333,0.4235,143.03,0,0,0,1,1,19,"dep care or child support deduction 0.41; earned income 0.29; shelter deduction 0.17","wrong amount, known item 0.46; wrong include/exclude decision 0.32",0.439024390243902,0.842105263157895,0.804878048780488,0.51219512195122
16,"core","count_divisible_by_100 < 1 & earned_by_hh_size >= 142 & unc_rawben_rel_max >= 1.08 & unc_rawben_rel_max < 1.1","4+","national","xgboost","any_error",124,0.5242,0.4211,171.98,0,0,0,5,5,65,"earned income 0.72; shelter deduction 0.10","unreported source of income 0.33; wrong include/exclude decision 0.22; wrong amount, known item 0.19; change in circumstances 0.10",0.444444444444444,0.984615384615385,0.655555555555556,0.5
17,"core","earned_by_hh_size > 368 & gross_by_hh_size <= 702 & total_deductions_by_hh_size > 1080 & unc_rawben_rel_max <= 1.55","1","national","ranger","any_error",268,0.4851,0.4151,103.69,0,0,0,1,1,130,"earned income 0.66; other element 0.13","unreported source of income 0.29; change in circumstances 0.21; wrong amount, known item 0.18; wrong include/exclude decision 0.17",0.256281407035176,0.984615384615385,0.361809045226131,0.28643216080402
18,"core","total_deductions_by_hh_size >= 806 & unc_rawben_rel_max >= 0.473 & unearned_by_hh_size >= 1130 & utilities_sua < 1","1","national","xgboost","any_error",107,0.5234,0.4127,90.36,0.0093,0.0179,0.0093,6,4,56,"shelter deduction 0.38; utility allowance 0.27; medical deduction 0.17","wrong include/exclude decision 0.62; change in circumstances 0.12; wrong amount, known item 0.11",0.317307692307692,0.964285714285714,0.576923076923077,0.5
19,"core","earned_by_hh_size > 123 & rawben_rel_max > 0.961 & total_deductions_by_hh_size > 277 & total_deductions_by_hh_size <= 282","4+","national","ranger","any_error",86,0.5349,0.4115,170.7,0,0,0,3,2,46,"earned income 0.73; shelter deduction 0.08","unreported source of income 0.37; wrong include/exclude decision 0.22; wrong amount, known item 0.17",0.349206349206349,1,0.619047619047619,0.476190476190476
20,"core","gross_by_hh_size > 578 & rawben_rel_max > 0.452 & shelter_expenses_by_hh_size > 269 & utilities_sua > 1.5","4+","state","ranger","any_error",31,0.6129,0.4076,112.42,0.0323,0.0526,0.0323,31,31,372,"earned income 0.39; shelter deduction 0.20; unearned income 0.16; dep care or child support deduction 0.14","wrong amount, known item 0.35; wrong include/exclude decision 0.27; unreported source of income 0.10; method or computation 0.08",0.390070921985816,0.706989247311828,0.671985815602837,0.554770318021201
21,"core","expedited_i <= 0 & gross_by_hh_size > 1170 & unc_rawben_rel_max > 0.998 & unc_rawben_rel_max <= 1.03","1","national","ranger","any_error",335,0.4687,0.4062,84.73,0,0,0,4,2,157,"shelter deduction 0.37; unearned income 0.27; medical deduction 0.25","wrong include/exclude decision 0.52; wrong amount, known item 0.22; unreported source of income 0.12",0.415525114155251,1,0.639269406392694,0.611872146118721
22,"core","months_since_cert_n > 10.5 & rawben_rel_max > 0.747 & total_deductions_by_hh_size > 580 & utilities_sua <= 0.5","1","national","ranger","any_error",131,0.5038,0.4041,91.42,0.0153,0.0303,0.0153,6,3,66,"shelter deduction 0.36; utility allowance 0.31; unearned income 0.13","wrong include/exclude decision 0.59; wrong amount, known item 0.14; change in circumstances 0.13",0.286885245901639,0.954545454545455,0.401639344262295,0.459016393442623
23,"core","earned_by_hh_size > 358 & total_deductions_by_hh_size > 547 & total_deductions_by_hh_size <= 553 & unc_rawben_rel_max > 1","2-3","national","ranger","any_error",149,0.4899,0.3967,151.46,0,0,0,1,1,73,"earned income 0.82","change in circumstances 0.28; unreported source of income 0.27; wrong amount, known item 0.23",0.210526315789474,0.986301369863014,0.452631578947368,0.452631578947368
24,"core","gross_by_hh_size >= 264 & unc_rawben_rel_max >= 0.986 & unc_rawben_rel_max < 1.03 & utilities_sua < 2","1","national","xgboost","any_error",448,0.4487,0.3949,79.36,0.0201,0.0199,0.0089,6,3,201,"unearned income 0.38; shelter deduction 0.29; utility allowance 0.21","wrong include/exclude decision 0.62; wrong amount, known item 0.14",0.402061855670103,0.990049751243781,0.56701030927835,0.577319587628866
25,"core","gross_by_hh_size > 198 & HH_size_n > 2.5 & total_deductions_by_hh_size > 691 & unearned_by_hh_size > 66.8","2-3","national","ranger","any_error",59,0.5424,0.3944,156.36,0,0,0,1,1,32,"earned income 0.25; unearned income 0.25; dep care or child support deduction 0.22; shelter deduction 0.17","wrong include/exclude decision 0.32; wrong amount, known item 0.24; unreported source of income 0.17; other 0.11",0.19047619047619,0.84375,0.587301587301587,0.428571428571429
26,"core","children_i <= 0 & earned_by_hh_size > 126 & expedited_i >= 1 & rawben_rel_max <= 0.959","2-3","national","ranger","any_error",57,0.5439,0.3934,125.91,0.0526,0.0968,0.0526,1,1,31,"earned income 0.42; other element 0.33","household composition 0.25; wrong amount, known item 0.19; unreported source of income 0.17; wrong include/exclude decision 0.10; other 0.10",0.352941176470588,0.709677419354839,0.627450980392157,0.442307692307692
27,"core","earned_by_hh_size >= 552 & months_since_cert_n >= 6 & unc_rawben_rel_max >= 1.32","1","national","xgboost","any_error",250,0.46,0.3883,102.78,0,0,0,1,1,115,"earned income 0.65; other element 0.15","unreported source of income 0.28; change in circumstances 0.26; wrong include/exclude decision 0.15; wrong amount, known item 0.12",0.251366120218579,0.991304347826087,0.207650273224044,0.282608695652174
28,"core","rawben_rel_max > 0.155 & unearned_by_hh_size > 1310","2-3","national","ranger","any_error",84,0.5119,0.3882,68.04,0,0,0,1,1,43,"shelter deduction 0.41; medical deduction 0.29; unearned income 0.21","wrong include/exclude decision 0.49; wrong amount, known item 0.19; method or computation 0.09",0.382352941176471,0.883720930232558,0.720588235294118,0.617647058823529
29,"core","elderly_disabled_i <= 0 & rawben_rel_max >= 1 & unc_rawben_rel_max < 1.02 & unearned_by_hh_size >= 622","1","national","xgboost","any_error",74,0.5135,0.3821,98.88,0,0,0,1,1,38,"unearned income 0.84","unreported source of income 0.40; wrong include/exclude decision 0.36",0.181818181818182,1,0.590909090909091,0.355555555555556
30,"core","earned_by_hh_size > 677 & earned_by_hh_size <= 702 & elderly_disabled_i <= 0 & gross_by_hh_size > 484","1","national","ranger","any_error",259,0.4517,0.3815,96.4,0.0116,0.0256,0.0116,1,1,117,"earned income 0.66; shelter deduction 0.12","unreported source of income 0.29; change in circumstances 0.19; wrong amount, known item 0.19; wrong include/exclude decision 0.19",0.25414364640884,0.982905982905983,0.425414364640884,0.287292817679558
31,"core","shelter_expenses_by_hh_size >= 274 & unc_rawben_rel_max >= 1.06 & unc_rawben_rel_max < 1.09 & unearned_by_hh_size < 26.3","4+","national","xgboost","any_error",116,0.4828,0.378,157.22,0,0,0,3,2,56,"earned income 0.72; other element 0.09","unreported source of income 0.29; wrong include/exclude decision 0.23; wrong amount, known item 0.20; change in circumstances 0.13",0.443037974683544,0.964285714285714,0.658227848101266,0.506329113924051
32,"core","total_deductions_by_hh_size > 547 & total_deductions_by_hh_size <= 553 & unc_rawben_rel_max > 1","2-3","national","ranger","any_error",172,0.4593,0.3735,139.46,0,0,0,2,1,79,"earned income 0.77","unreported source of income 0.27; change in circumstances 0.26; wrong amount, known item 0.23",0.211538461538462,0.974683544303797,0.451923076923077,0.442307692307692
33,"core","earned_by_hh_size >= 448 & months_since_cert_n >= 6 & unc_rawben_rel_max >= 1.32","1","national","xgboost","any_error",309,0.4369,0.3729,96.91,0,0,0,3,2,135,"earned income 0.66; shelter deduction 0.13","unreported source of income 0.29; change in circumstances 0.24; wrong include/exclude decision 0.16; wrong amount, known item 0.13",0.232227488151659,0.992592592592593,0.227488151658768,0.283018867924528
34,"core","earned_by_hh_size > 75.1 & expedited_i >= 1 & medical_deductions <= 80.5 & unearned_by_hh_size > 386","2-3","national","ranger","any_error",38,0.5526,0.3704,105.47,0.0263,0.0476,0.0263,1,1,21,"earned income 0.37; unearned income 0.29; shelter deduction 0.20","wrong amount, known item 0.34; wrong include/exclude decision 0.20; unreported source of income 0.17; method or computation 0.06",0.529411764705882,0.571428571428571,0.5,0.514285714285714
35,"core","bbce_state_i >= 1 & earned_by_hh_size >= 254 & gross_by_hh_size < 261 & months_since_cert_n < 13","2-3","national","xgboost","any_error",67,0.5075,0.3702,129.03,0,0,0,3,3,34,"earned income 0.71; shelter deduction 0.19","wrong include/exclude decision 0.29; wrong amount, known item 0.27; unreported source of income 0.23",0.333333333333333,0.970588235294118,0.520833333333333,0.5
36,"core","earned_by_hh_size > 354 & months_since_cert_n > 5.5 & months_since_cert_n <= 10.5 & rawben_rel_max > 0.464","4+","state","ranger","any_error",36,0.5556,0.3685,92.22,0,0,0,36,21,263,"earned income 0.47; shelter deduction 0.17; unearned income 0.12","wrong amount, known item 0.35; wrong include/exclude decision 0.22; change in circumstances 0.12; unreported source of income 0.11",0.365671641791045,0.695817490494297,0.490049751243781,0.512376237623762
37,"core","married >= 1 & percent_abawd <= 0.167 & rawben_rel_max > 0.998 & unc_rawben_rel_max <= 1","2-3","national","ranger","any_error",47,0.5319,0.3683,127.85,0,0,0,1,1,25,"shelter deduction 0.56; medical deduction 0.18; utility allowance 0.09","wrong include/exclude decision 0.47; wrong amount, known item 0.41",0.588235294117647,0.92,0.764705882352941,0.794117647058823
38,"core","medical_deductions >= 336 & rawben_rel_max >= 0.61 & unearned_by_hh_size >= 441","2-3","national","xgboost","any_error",47,0.5319,0.3683,118.32,0,0,0,2,2,25,"medical deduction 0.48; shelter deduction 0.25; unearned income 0.19","wrong include/exclude decision 0.60; wrong amount, known item 0.15",0.479166666666667,0.96,0.583333333333333,0.708333333333333
39,"core","gross_by_hh_size > 492 & percent_abawd <= 0.5 & rawben_rel_max > 0.993 & utilities_sua <= 0.5","1","national","ranger","any_error",239,0.4393,0.3668,79.26,0.0042,0,0,2,1,105,"shelter deduction 0.31; unearned income 0.25; utility allowance 0.21","wrong include/exclude decision 0.57; wrong amount, known item 0.16; unreported source of income 0.12",0.456140350877193,1,0.526315789473684,0.56140350877193
40,"core","children_i >= 1 & count_divisible_by_100 <= 0.5 & elderly_disabled_i >= 1 & percent_abawd <= 0.5","1","national","ranger","any_error",34,0.5588,0.3666,112.35,0.0294,0.0526,0.0294,1,1,19,"other element 0.65; shelter deduction 0.12","household composition 0.65; wrong include/exclude decision 0.19",0.615384615384615,0.210526315789474,0.653846153846154,0.653846153846154
41,"core","elderly_disabled_i >= 1 & months_since_cert_n > 6.5 & unc_rawben_rel_max <= 1 & unearned_by_hh_size <= 124","4+","national","ranger","any_error",45,0.5333,0.3663,111.89,0.0222,0.0417,0.0222,5,4,24,"unearned income 0.32; earned income 0.30; shelter deduction 0.19","wrong amount, known item 0.27; wrong include/exclude decision 0.24; unreported source of income 0.14; change in circumstances 0.11",0.444444444444444,0.833333333333333,0.333333333333333,0.540540540540541
42,"core","medical_deductions > 160 & total_deductions_by_hh_size > 650 & unc_rawben_rel_max > 0.16","2-3","national","ranger","any_error",163,0.454,0.3662,79.21,0.0061,0.0135,0.0061,1,1,74,"medical deduction 0.38; shelter deduction 0.27; unearned income 0.23","wrong include/exclude decision 0.53; wrong amount, known item 0.21; unreported source of income 0.08",0.471074380165289,0.972972972972973,0.611570247933884,0.644628099173554
43,"core","gross_by_hh_size > 324 & months_since_cert_n <= 3.5 & rawben_rel_max > 0.997 & unc_rawben_rel_max <= 1.01","1","national","ranger","any_error",288,0.4271,0.3612,70.31,0,0,0,6,4,123,"shelter deduction 0.45; unearned income 0.25; medical deduction 0.16","wrong include/exclude decision 0.64; wrong amount, known item 0.13",0.353658536585366,1,0.780487804878049,0.536585365853659
44,"core","shelter_expenses_by_hh_size <= 487 & total_deductions_by_hh_size > 691 & unc_rawben_rel_max <= 1","2-3","national","ranger","any_error",64,0.5,0.3604,109.95,0.0312,0.0312,0.0156,5,3,32,"dep care or child support deduction 0.29; earned income 0.27; shelter deduction 0.20","wrong include/exclude decision 0.39; wrong amount, known item 0.29; other 0.14",0.321428571428571,0.8125,0.75,0.464285714285714
45,"core","gross_by_hh_size >= 1130 & shelter_expenses_by_hh_size < 884 & total_deductions_by_hh_size >= 717 & unearned_by_hh_size >= 147","2-3","national","xgboost","any_error",49,0.5102,0.3516,112.35,0,0,0,1,1,25,"medical deduction 0.24; earned income 0.20; shelter deduction 0.16; unearned income 0.14","wrong include/exclude decision 0.41; wrong amount, known item 0.22; unreported source of income 0.08; method or computation 0.08",0.408163265306122,0.92,0.489795918367347,0.489795918367347
46,"core","gross_by_hh_size >= 1090 & rawben_rel_max >= 0.636 & unc_rawben_rel_max < 1.2","2-3","national","xgboost","any_error",97,0.4639,0.3512,110.62,0.0103,0.0222,0.0103,1,1,45,"shelter deduction 0.31; earned income 0.26; medical deduction 0.15; dep care or child support deduction 0.13","wrong include/exclude decision 0.46; wrong amount, known item 0.28; unreported source of income 0.11",0.39344262295082,0.866666666666667,0.754098360655738,0.557377049180328
47,"core","bbce_state_i >= 1 & HH_size_n > 5.5 & total_deductions_by_hh_size > 242 & unearned_by_hh_size > 0.25","4+","national","ranger","any_error",162,0.4383,0.351,122.86,0.0123,0.0282,0.0123,2,2,71,"earned income 0.32; unearned income 0.24; shelter deduction 0.18; dep care or child support deduction 0.12","wrong amount, known item 0.31; wrong include/exclude decision 0.25; unreported source of income 0.14; method or computation 0.08",0.346456692913386,0.732394366197183,0.559055118110236,0.52755905511811
48,"core","earned_by_hh_size > 392 & earned_by_hh_size <= 702 & elderly_disabled_i <= 0 & total_deductions_by_hh_size > 1070","1","national","ranger","any_error",313,0.4121,0.3495,87.39,0,0,0,3,2,129,"earned income 0.66; other element 0.13","unreported source of income 0.28; change in circumstances 0.21; wrong amount, known item 0.18; wrong include/exclude decision 0.17",0.257575757575758,0.984496124031008,0.388888888888889,0.297979797979798
49,"core","months_since_cert_n > 8.5 & percent_abawd <= 0.167 & rawben_rel_max <= 0.365 & total_deductions_by_hh_size > 602","2-3","national","ranger","any_error",95,0.4632,0.3494,81.52,0.0737,0.1591,0.0737,1,1,44,"shelter deduction 0.26; earned income 0.26; unearned income 0.16; other element 0.16","wrong include/exclude decision 0.29; wrong amount, known item 0.28; other 0.10; change in circumstances 0.09",0.36046511627907,0.863636363636364,0.27906976744186,0.441860465116279
50,"core","earned_by_hh_size >= 248 & earned_by_hh_size < 256 & gross_by_hh_size < 261","2-3","national","xgboost","any_error",105,0.4571,0.3489,146.51,0,0,0,2,1,48,"earned income 0.75","wrong amount, known item 0.31; wrong include/exclude decision 0.22; unreported source of income 0.22; change in circumstances 0.15",0.353846153846154,1,0.476923076923077,0.523076923076923
51,"core","earned_by_hh_size < 126 & gross_by_hh_size >= 221 & total_deductions_by_hh_size >= 717 & unc_rawben_rel_max < 1.04","2-3","national","xgboost","any_error",251,0.4183,0.3484,78.5,0.008,0.019,0.008,1,1,105,"shelter deduction 0.39; unearned income 0.24; medical deduction 0.24","wrong include/exclude decision 0.45; wrong amount, known item 0.23; unreported source of income 0.14",0.363636363636364,0.914285714285714,0.694805194805195,0.532467532467532
52,"core","unc_rawben_rel_max > 0.998 & unc_rawben_rel_max <= 1.01 & unearned_by_hh_size > 304","1","national","ranger","any_error",1113,0.3783,0.3451,58.74,0,0,0,27,15,421,"shelter deduction 0.47; unearned income 0.25; medical deduction 0.16","wrong include/exclude decision 0.57; wrong amount, known item 0.18",0.361510791366906,0.997624703087886,0.595323741007194,0.55475763016158
53,"core","earned_by_hh_size >= 280 & earned_by_hh_size < 474 & months_since_cert_n >= 9 & rawben_rel_max >= 0.641","4+","national","xgboost","any_error",264,0.4129,0.3448,95.64,0.0114,0.0275,0.0114,11,6,109,"earned income 0.50; other element 0.16; shelter deduction 0.13","wrong amount, known item 0.30; wrong include/exclude decision 0.17; change in circumstances 0.16; method or computation 0.09; household composition 0.08",0.450617283950617,0.761467889908257,0.425925925925926,0.545454545454545
54,"core","earned_by_hh_size > 42.2 & HH_size_n > 5.5 & married <= 0 & unearned_by_hh_size > 234","4+","national","ranger","any_error",74,0.473,0.3445,149.27,0.0135,0.0286,0.0135,1,1,35,"earned income 0.35; unearned income 0.33; other element 0.15","wrong amount, known item 0.39; wrong include/exclude decision 0.18; unreported source of income 0.17; household composition 0.15",0.348484848484849,0.485714285714286,0.757575757575758,0.575757575757576
55,"core","gross_by_hh_size >= 360 & total_deductions_by_hh_size < 691 & unc_rawben_rel_max >= 1.16 & unc_rawben_rel_max < 1.22","2-3","national","xgboost","any_error",187,0.4225,0.3418,126.81,0,0,0,2,2,79,"earned income 0.58; unearned income 0.23","wrong include/exclude decision 0.27; wrong amount, known item 0.25; unreported source of income 0.23",0.297297297297297,0.987341772151899,0.567567567567568,0.522522522522523
56,"core","shelter_expenses_by_hh_size > 269 & unc_rawben_rel_max > 0.507 & unc_rawben_rel_max <= 1.06 & unearned_by_hh_size <= 220","4+","state","ranger","any_error",60,0.4833,0.341,79.67,0.0167,0.0345,0.0167,60,31,653,"earned income 0.46; shelter deduction 0.18; unearned income 0.14","wrong amount, known item 0.34; wrong include/exclude decision 0.22; unreported source of income 0.13; method or computation 0.09",0.375770020533881,0.738131699846861,0.64476386036961,0.564154786150713
57,"core","earned_by_hh_size >= 24.9 & months_since_cert_n >= 12 & rawben_rel_max >= 0.569 & total_deductions_by_hh_size < 217","4+","national","xgboost","any_error",76,0.4605,0.3346,124.49,0.0263,0.0571,0.0263,1,1,35,"earned income 0.51; shelter deduction 0.16; other element 0.13","wrong include/exclude decision 0.28; wrong amount, known item 0.26; change in circumstances 0.15; other 0.13",0.491803278688525,0.771428571428571,0.459016393442623,0.60655737704918
58,"core","shelter_expenses_by_hh_size > 277 & total_deductions_by_hh_size > 850 & unc_rawben_rel_max <= 1","2-3","national","ranger","any_error",272,0.4007,0.3342,83.01,0.0147,0.0367,0.0147,1,1,109,"shelter deduction 0.23; earned income 0.22; dep care or child support deduction 0.15; unearned income 0.15","wrong include/exclude decision 0.38; wrong amount, known item 0.31; unreported source of income 0.10",0.361702127659574,0.871559633027523,0.606382978723404,0.521276595744681
59,"core","earned_by_hh_size >= 87.4 & earned_by_hh_size < 176 & gross_by_hh_size < 496 & rawben_rel_max < 0.876","4+","national","xgboost","any_error",186,0.414,0.3336,81.09,0.0054,0.013,0.0054,5,5,77,"earned income 0.40; unearned income 0.24; shelter deduction 0.15","wrong amount, known item 0.37; wrong include/exclude decision 0.22; unreported source of income 0.11; household composition 0.10",0.553846153846154,0.623376623376623,0.561538461538462,0.653846153846154
60,"core","medical_deductions >= 158 & months_since_cert_n < 14 & rawben_rel_max >= 0.68 & shelter_expenses_by_hh_size < 675","2-3","national","xgboost","any_error",84,0.4524,0.3328,81.11,0.0119,0.0263,0.0119,6,6,38,"medical deduction 0.36; shelter deduction 0.27; unearned income 0.20","wrong include/exclude decision 0.54; wrong amount, known item 0.17; other 0.09",0.542857142857143,0.947368421052632,0.685714285714286,0.628571428571429
61,"core","children_i <= 0 & gross_by_hh_size >= 2140 & rawben_rel_max < 0.381 & unc_rawben_rel_max < 1.17","2-3","national","xgboost","any_error",59,0.4746,0.332,110.97,0.0339,0.0714,0.0339,1,1,28,"other element 0.39; earned income 0.24; shelter deduction 0.19","household composition 0.27; wrong amount, known item 0.20; wrong include/exclude decision 0.16; other 0.14",0.228571428571429,1,0.542857142857143,0.3
62,"core","HH_size_n >= 5 & months_since_cert_n >= 6 & percent_abawd >= 0.3 & total_deductions_by_hh_size >= 138","4+","national","xgboost","any_error",42,0.5,0.3311,164.14,0.0714,0.1429,0.0714,2,2,21,"earned income 0.48; other element 0.23; shelter deduction 0.13","wrong amount, known item 0.23; household composition 0.23; change in circumstances 0.16; unreported source of income 0.13; wrong include/exclude decision 0.13",0.290322580645161,0.666666666666667,0.483870967741935,0.516129032258065
63,"core","gross_by_hh_size >= 373 & total_deductions_by_hh_size >= 538 & unc_rawben_rel_max >= 1.16 & unc_rawben_rel_max < 1.22","2-3","national","xgboost","any_error",201,0.408,0.3308,122.23,0,0,0,4,2,82,"earned income 0.54; unearned income 0.25","wrong amount, known item 0.26; wrong include/exclude decision 0.25; unreported source of income 0.20; change in circumstances 0.14",0.288135593220339,0.98780487804878,0.584745762711864,0.508474576271186
64,"core","earned_by_hh_size >= 81.7 & gross_by_hh_size < 261 & unc_rawben_rel_max >= 1.06 & unc_rawben_rel_max < 1.12","2-3","national","xgboost","any_error",245,0.4,0.3301,111.25,0,0,0,6,5,98,"earned income 0.70; shelter deduction 0.14","wrong amount, known item 0.29; unreported source of income 0.24; wrong include/exclude decision 0.23",0.314285714285714,0.959183673469388,0.528571428571429,0.485714285714286
65,"core","medical_deductions >= 172 & months_since_cert_n >= 5 & rawben_rel_max >= 0.139 & shelter_expenses_by_hh_size >= 591","2-3","national","xgboost","any_error",143,0.4196,0.3282,55.26,0.007,0.0167,0.007,2,1,60,"medical deduction 0.43; shelter deduction 0.27; unearned income 0.20","wrong include/exclude decision 0.56; wrong amount, known item 0.22",0.472527472527473,0.95,0.505494505494505,0.626373626373626
66,"core","unc_rawben_rel_max > 0.673 & unearned_by_hh_size > 727 & utilities_sua <= 0.5","1","national","ranger","any_error",411,0.382,0.3281,57.99,0.0073,0.0064,0.0024,20,11,157,"shelter deduction 0.40; utility allowance 0.28; unearned income 0.16","wrong include/exclude decision 0.63; wrong amount, known item 0.14",0.319391634980989,0.955414012738854,0.585551330798479,0.501901140684411
67,"core","earned_by_hh_size > 123 & months_since_cert_n <= 4.5 & total_deductions_by_hh_size > 807 & unearned_by_hh_size > 135","2-3","national","ranger","any_error",40,0.5,0.3274,141.38,0,0,0,1,1,20,"earned income 0.32; unearned income 0.24; shelter deduction 0.21","wrong amount, known item 0.47; wrong include/exclude decision 0.24; unreported source of income 0.08",0.236842105263158,0.85,0.605263157894737,0.394736842105263
68,"core","count_divisible_by_100 > 0.5 & months_since_cert_n > 6.5 & rawben_rel_max <= 0.905 & shelter_expenses_by_hh_size > 217","4+","national","ranger","any_error",136,0.4191,0.3257,85.32,0,0,0,3,3,57,"earned income 0.38; unearned income 0.24; shelter deduction 0.19","wrong include/exclude decision 0.28; wrong amount, known item 0.27; unreported source of income 0.19; household composition 0.07",0.367816091954023,0.736842105263158,0.64367816091954,0.460674157303371
69,"core","medical_deductions >= 176 & rawben_rel_max >= 0.952 & shelter_expenses_by_hh_size >= 667 & unc_rawben_rel_max < 1.16","1","national","xgboost","any_error",241,0.3942,0.3241,57.83,0.0083,0.0211,0.0083,12,6,95,"medical deduction 0.51; shelter deduction 0.22; unearned income 0.16","wrong include/exclude decision 0.62; wrong amount, known item 0.17",0.496503496503497,0.989473684210526,0.601398601398601,0.692307692307692
70,"core","earned_by_hh_size >= 248 & gross_by_hh_size < 280 & HH_size_n >= 3 & rawben_rel_max >= 0.212","2-3","national","xgboost","any_error",181,0.4033,0.3225,107.81,0,0,0,7,5,73,"earned income 0.68; shelter deduction 0.14","wrong amount, known item 0.27; wrong include/exclude decision 0.24; unreported source of income 0.20; change in circumstances 0.14",0.330097087378641,0.917808219178082,0.543689320388349,0.485436893203884
71,"core","HH_size_n > 5.5 & months_since_cert_n > 5.5 & unc_rawben_rel_max > 0.684 & unc_rawben_rel_max <= 0.961","4+","national","ranger","any_error",336,0.381,0.3217,89.09,0.0149,0.0391,0.0149,20,14,128,"earned income 0.43; unearned income 0.19; shelter deduction 0.18","wrong amount, known item 0.34; wrong include/exclude decision 0.18; unreported source of income 0.12; change in circumstances 0.09; other 0.08",0.443850267379679,0.640625,0.475935828877005,0.603174603174603
72,"core","earned_by_hh_size >= 317 & married <= 0 & total_deductions_by_hh_size >= 550 & unc_rawben_rel_max >= 1.14","2-3","national","xgboost","any_error",226,0.3938,0.3215,124.35,0,0,0,7,5,89,"earned income 0.77","wrong amount, known item 0.26; change in circumstances 0.24; unreported source of income 0.23; wrong include/exclude decision 0.18",0.235294117647059,1,0.470588235294118,0.445378151260504
73,"core","count_divisible_by_100 >= 1 & months_since_cert_n >= 6 & total_deductions_by_hh_size >= 308 & utilities_sua >= 2","4+","national","xgboost","any_error",69,0.4493,0.3188,109.88,0,0,0,2,1,31,"earned income 0.31; unearned income 0.26; shelter deduction 0.17; dep care or child support deduction 0.13","wrong include/exclude decision 0.31; wrong amount, known item 0.24; unreported source of income 0.13; other 0.11",0.388888888888889,0.806451612903226,0.703703703703704,0.388888888888889
74,"core","months_since_cert_n < 21 & rawben_rel_max >= 0.163 & unc_rawben_rel_max < 1.23 & unearned_by_hh_size >= 1100","2-3","national","xgboost","any_error",249,0.3855,0.317,58.86,0,0,0,2,1,96,"shelter deduction 0.34; unearned income 0.25; medical deduction 0.25","wrong include/exclude decision 0.49; wrong amount, known item 0.22; unreported source of income 0.11",0.389705882352941,0.885416666666667,0.669117647058823,0.580882352941177
75,"core","medical_deductions >= 205 & rawben_rel_max >= 0.325","2-3","national","xgboost","any_error",202,0.3911,0.3151,63.37,0,0,0,6,3,79,"medical deduction 0.45; unearned income 0.26; shelter deduction 0.21","wrong include/exclude decision 0.60; wrong amount, known item 0.24",0.537190082644628,0.936708860759494,0.537190082644628,0.735537190082645
76,"core","earned_by_hh_size > 13.2 & months_since_cert_n > 5.5 & shelter_expenses_by_hh_size > 302 & shelter_expenses_by_hh_size <= 317","2-3","national","ranger","any_error",49,0.4694,0.315,77.33,0,0,0,1,1,23,"earned income 0.48; shelter deduction 0.24; dep care or child support deduction 0.07","wrong include/exclude decision 0.31; wrong amount, known item 0.24; change in circumstances 0.21",0.261904761904762,0.608695652173913,0.285714285714286,0.523809523809524
77,"core","earned_by_hh_size <= 166 & elderly_disabled_i >= 1 & rawben_rel_max > 0.994 & unc_rawben_rel_max <= 1","4+","national","ranger","any_error",44,0.4773,0.3145,81.84,0,0,0,3,3,21,"shelter deduction 0.61; other element 0.18","wrong include/exclude decision 0.55; wrong amount, known item 0.15; other 0.12",0.121212121212121,1,0.575757575757576,0.363636363636364
78,"core","earned_by_hh_size > 59.7 & total_deductions_by_hh_size <= 84.5 & unearned_by_hh_size > 73.8","4+","national","ranger","any_error",97,0.4227,0.3132,108.08,0.0103,0.0244,0.0103,4,2,41,"earned income 0.42; unearned income 0.25; other element 0.14","wrong amount, known item 0.37; wrong include/exclude decision 0.13; other 0.13; unreported source of income 0.13; household composition 0.10",0.442857142857143,0.439024390243902,0.614285714285714,0.542857142857143
79,"core","earned_by_hh_size <= 126 & total_deductions_by_hh_size > 641 & unc_rawben_rel_max <= 1","2-3","national","ranger","any_error",401,0.3666,0.3127,65.09,0.005,0.0136,0.005,4,2,147,"shelter deduction 0.40; unearned income 0.24; medical deduction 0.23","wrong include/exclude decision 0.49; wrong amount, known item 0.22; unreported source of income 0.11",0.383561643835616,0.91156462585034,0.63013698630137,0.538812785388128
80,"core","bbce_state_i >= 1 & earned_by_hh_size > 42.2 & earned_by_hh_size <= 346 & HH_size_n > 5.5","4+","national","ranger","any_error",666,0.3544,0.3126,101.73,0.0195,0.0508,0.018,30,15,236,"earned income 0.44; unearned income 0.18; shelter deduction 0.16","wrong amount, known item 0.34; wrong include/exclude decision 0.22; household composition 0.12; unreported source of income 0.12",0.430851063829787,0.656779661016949,0.686170212765957,0.619047619047619
81,"core","bbce_state_i >= 1 & earned_by_hh_size > 85.9 & expedited_i <= 0 & total_deductions_by_hh_size > 583","4+","national","ranger","any_error",73,0.4384,0.3122,117.88,0,0,0,2,1,32,"dep care or child support deduction 0.37; earned income 0.25; unearned income 0.15","wrong amount, known item 0.35; wrong include/exclude decision 0.27; unreported source of income 0.13",0.344827586206897,0.90625,0.689655172413793,0.433333333333333
82,"core","gross_by_hh_size < 913 & months_since_cert_n >= 9 & total_deductions_by_hh_size >= 325 & total_deductions_by_hh_size < 379","4+","national","xgboost","any_error",136,0.4044,0.312,77.32,0,0,0,2,1,55,"earned income 0.37; shelter deduction 0.22; unearned income 0.18","wrong amount, known item 0.30; wrong include/exclude decision 0.17; change in circumstances 0.15; method or computation 0.13",0.32967032967033,0.818181818181818,0.406593406593407,0.489130434782609
83,"core","rawben_rel_max < 0.738 & unc_rawben_rel_max >= 0.193 & unearned_by_hh_size >= 986 & utilities_sua < 2","2-3","national","xgboost","any_error",32,0.5,0.3099,64.91,0,0,0,1,1,16,"shelter deduction 0.33; utility allowance 0.19; dep care or child support deduction 0.14; unearned income 0.14","wrong include/exclude decision 0.62; other 0.14",0.333333333333333,0.75,0.761904761904762,0.666666666666667
84,"buffer","expedited_i <= 0 & rawben_rel_max > 0.998 & unc_rawben_rel_max <= 1.02 & utilities_sua <= 1.5","1","national","ranger","any_error",494,0.3603,0.3118,60.19,0,0,0,6,3,178,"unearned income 0.43; shelter deduction 0.27; utility allowance 0.19","wrong include/exclude decision 0.59; unreported source of income 0.15; wrong amount, known item 0.12",0.400793650793651,0.99438202247191,0.555555555555556,0.55952380952381
85,"buffer","gross_by_hh_size >= 236 & gross_by_hh_size < 261 & shelter_expenses_by_hh_size >= 383 & unearned_by_hh_size < 245","2-3","national","xgboost","any_error",180,0.3889,0.3088,107.91,0,0,0,4,2,70,"earned income 0.54; unearned income 0.21; shelter deduction 0.18","wrong amount, known item 0.28; wrong include/exclude decision 0.25; unreported source of income 0.24",0.235294117647059,1,0.568627450980392,0.42156862745098
86,"buffer","bbce_state_i >= 1 & gross_by_hh_size > 198 & medical_deductions > 172 & rawben_rel_max > 0.15","2-3","national","ranger","any_error",379,0.3615,0.3064,52.6,0.0053,0.0146,0.0053,33,19,137,"medical deduction 0.36; unearned income 0.25; shelter deduction 0.25","wrong include/exclude decision 0.55; wrong amount, known item 0.21",0.519047619047619,0.905109489051095,0.614285714285714,0.676190476190476
87,"buffer","gross_by_hh_size > 107 & HH_size_n > 5.5 & months_since_cert_n > 11.5","4+","national","ranger","any_error",77,0.4286,0.3064,90.47,0.026,0.0303,0.013,1,1,33,"earned income 0.34; unearned income 0.25; shelter deduction 0.16","wrong amount, known item 0.29; wrong include/exclude decision 0.23; other 0.16; unreported source of income 0.12",0.553571428571429,0.696969696969697,0.535714285714286,0.678571428571429
88,"buffer","earned_by_hh_size > 338 & months_since_cert_n > 5.5 & unc_rawben_rel_max > 1.26","1","national","ranger","any_error",434,0.3571,0.3057,78.88,0,0,0,6,3,155,"earned income 0.66; other element 0.14","unreported source of income 0.29; change in circumstances 0.24; wrong include/exclude decision 0.15; wrong amount, known item 0.12",0.236514522821577,0.987096774193548,0.232365145228216,0.28099173553719
89,"buffer","count_divisible_by_100 <= 0.5 & earned_by_hh_size > 166 & percent_abawd <= 0.417 & unearned_by_hh_size > 46.9","2-3","state","ranger","any_error",53,0.4528,0.3056,78.6,0,0,0,53,47,497,"earned income 0.41; unearned income 0.23; shelter deduction 0.16","wrong amount, known item 0.33; wrong include/exclude decision 0.21; unreported source of income 0.11; other 0.10; change in circumstances 0.10",0.392059553349876,0.643863179074447,0.557071960297767,0.537515375153752
90,"buffer","earned_by_hh_size <= 10.8 & elderly_disabled_i >= 1 & shelter_expenses_by_hh_size > 1020 & unc_rawben_rel_max <= 1","2-3","national","ranger","any_error",212,0.3774,0.3039,66.66,0.0094,0.025,0.0094,1,1,80,"shelter deduction 0.44; unearned income 0.30; medical deduction 0.15","wrong include/exclude decision 0.42; wrong amount, known item 0.29; unreported source of income 0.14",0.345132743362832,0.8625,0.628318584070796,0.530973451327434
91,"buffer","earned_by_hh_size <= 1270 & shelter_expenses_by_hh_size > 1220 & total_deductions_by_hh_size > 488 & unearned_by_hh_size > 467","2-3","national","ranger","any_error",126,0.3968,0.3017,91.48,0.0238,0.06,0.0238,1,1,50,"shelter deduction 0.43; unearned income 0.24; earned income 0.19","wrong include/exclude decision 0.37; wrong amount, known item 0.35; unreported source of income 0.15",0.352941176470588,0.9,0.647058823529412,0.588235294117647
92,"buffer","earned_by_hh_size >= 679 & unc_rawben_rel_max >= 1.25","1","national","xgboost","any_error",446,0.352,0.3015,76.91,0,0,0,1,1,157,"earned income 0.64; other element 0.13","unreported source of income 0.29; change in circumstances 0.20; wrong include/exclude decision 0.18; wrong amount, known item 0.16",0.235772357723577,0.987261146496815,0.373983739837398,0.307692307692308
93,"buffer","earned_by_hh_size >= 365 & earned_by_hh_size < 401 & unc_rawben_rel_max >= 1","2-3","national","xgboost","any_error",202,0.3762,0.3012,115.11,0,0,0,5,4,76,"earned income 0.80","change in circumstances 0.27; unreported source of income 0.27; wrong amount, known item 0.22",0.237113402061856,0.960526315789474,0.422680412371134,0.463917525773196
94,"buffer","earned_by_hh_size >= 469 & gross_by_hh_size < 1280 & shelter_expenses_by_hh_size < 894 & unc_rawben_rel_max >= 1.36","1","national","xgboost","any_error",132,0.3939,0.3011,87.38,0,0,0,1,1,52,"earned income 0.63; shelter deduction 0.16","unreported source of income 0.29; wrong amount, known item 0.20; change in circumstances 0.18; wrong include/exclude decision 0.16",0.259259259259259,1,0.493827160493827,0.292682926829268
95,"buffer","gross_by_hh_size > 76.2 & HH_size_n > 5.5 & married <= 0 & total_deductions_by_hh_size > 278","4+","national","ranger","any_error",98,0.4082,0.3004,93.64,0.0102,0.025,0.0102,2,1,40,"earned income 0.34; dep care or child support deduction 0.20; shelter deduction 0.17; unearned income 0.12","wrong amount, known item 0.29; wrong include/exclude decision 0.28; other 0.12; household composition 0.08",0.476923076923077,0.75,0.661538461538462,0.584615384615385
96,"buffer","earned_by_hh_size <= 382 & elderly_disabled_i <= 0 & rawben_rel_max > 0.989 & total_deductions_by_hh_size > 547","2-3","national","ranger","any_error",215,0.3721,0.2994,115.28,0,0,0,2,1,80,"earned income 0.77","change in circumstances 0.27; unreported source of income 0.26; wrong amount, known item 0.21; wrong include/exclude decision 0.14",0.219047619047619,0.9625,0.476190476190476,0.438095238095238
97,"buffer","count_divisible_by_100 > 1.5 & married >= 1 & rawben_rel_max > 0.634","4+","national","ranger","any_error",33,0.4848,0.2994,111.33,0,0,0,1,1,16,"earned income 0.55; shelter deduction 0.24","wrong amount, known item 0.34; wrong include/exclude decision 0.24; unreported source of income 0.17",0.259259259259259,0.6875,0.666666666666667,0.448275862068966
98,"buffer","earned_by_hh_size >= 270 & gross_by_hh_size < 438 & unearned_by_hh_size >= 0.2","4+","national","xgboost","any_error",267,0.3633,0.2982,79.34,0.0075,0.0103,0.0037,2,1,97,"earned income 0.45; unearned income 0.27; shelter deduction 0.14","wrong amount, known item 0.39; wrong include/exclude decision 0.22; unreported source of income 0.12; change in circumstances 0.07",0.390728476821192,0.711340206185567,0.781456953642384,0.585526315789474
99,"buffer","rawben_rel_max < 0.882 & unc_rawben_rel_max >= 0.871 & utilities_sua >= 1","4+","national","xgboost","any_error",145,0.3862,0.2979,78.03,0,0,0,1,1,56,"earned income 0.35; unearned income 0.21; shelter deduction 0.20","wrong amount, known item 0.35; wrong include/exclude decision 0.26; change in circumstances 0.09; unreported source of income 0.07",0.443037974683544,0.660714285714286,0.746835443037975,0.6875
100,"buffer","earned_by_hh_size >= 21.7 & earned_by_hh_size < 264 & gross_by_hh_size >= 250 & unc_rawben_rel_max >= 1.06","2-3","national","xgboost","any_error",296,0.3581,0.2964,97.52,0,0,0,7,4,106,"earned income 0.70; shelter deduction 0.13","wrong amount, known item 0.36; wrong include/exclude decision 0.20; unreported source of income 0.17; change in circumstances 0.15",0.356643356643357,0.981132075471698,0.531468531468531,0.548611111111111
101,"buffer","medical_deductions > 160 & unc_rawben_rel_max > 0.32 & unc_rawben_rel_max <= 1.03 & utilities_sua <= 1.5","1","national","ranger","any_error",257,0.3619,0.2957,44.77,0.0039,0.0108,0.0039,14,9,93,"medical deduction 0.45; shelter deduction 0.20; unearned income 0.16","wrong include/exclude decision 0.66; wrong amount, known item 0.20",0.486842105263158,0.956989247311828,0.651315789473684,0.671052631578947
102,"buffer","months_since_cert_n >= 8 & rawben_rel_max >= 0.905 & rawben_rel_max < 0.927","4+","national","xgboost","any_error",63,0.4286,0.2949,83.19,0.0317,0.0741,0.0317,4,2,27,"unearned income 0.38; earned income 0.28; shelter deduction 0.15","wrong amount, known item 0.28; wrong include/exclude decision 0.23; unreported source of income 0.21; other 0.05",0.461538461538462,0.592592592592593,0.333333333333333,0.564102564102564
103,"buffer","HH_size_n <= 4.5 & total_deductions_by_hh_size > 268 & total_deductions_by_hh_size <= 282 & unc_rawben_rel_max > 0.976","4+","national","ranger","any_error",150,0.38,0.2935,119.95,0,0,0,8,4,57,"earned income 0.68; other element 0.10","unreported source of income 0.35; wrong include/exclude decision 0.21; wrong amount, known item 0.20",0.358024691358025,0.947368421052632,0.654320987654321,0.481481481481481
104,"buffer","earned_by_hh_size > 484 & unc_rawben_rel_max > 1.33","1","national","ranger","any_error",673,0.3343,0.2935,72.09,0,0,0,2,1,225,"earned income 0.65; shelter deduction 0.13","unreported source of income 0.29; change in circumstances 0.20; wrong include/exclude decision 0.17; wrong amount, known item 0.17",0.250720461095101,0.991111111111111,0.380403458213256,0.301724137931034
105,"buffer","earned_by_hh_size > 11.4 & total_deductions_by_hh_size > 804 & unc_rawben_rel_max <= 1","2-3","national","ranger","any_error",244,0.3607,0.2929,72.58,0.0205,0.0568,0.0205,2,1,88,"earned income 0.35; dep care or child support deduction 0.21; unearned income 0.15; shelter deduction 0.14","wrong amount, known item 0.38; wrong include/exclude decision 0.26; unreported source of income 0.13",0.308176100628931,0.818181818181818,0.522012578616352,0.459119496855346
106,"buffer","gross_by_hh_size > 201 & shelter_expenses_by_hh_size <= 102 & unearned_by_hh_size > 27.3 & unearned_by_hh_size <= 212","4+","national","ranger","any_error",284,0.3556,0.2928,74.64,0,0,0,7,4,101,"earned income 0.44; unearned income 0.26; other element 0.15","wrong amount, known item 0.36; wrong include/exclude decision 0.19; household composition 0.12; change in circumstances 0.10",0.398773006134969,0.475247524752475,0.711656441717791,0.613496932515337
107,"buffer","earned_by_hh_size < 541 & gross_by_hh_size >= 459 & shelter_expenses_by_hh_size >= 216 & utilities_sua < 2","4+","national","xgboost","any_error",118,0.3898,0.2924,63.71,0,0,0,1,1,46,"earned income 0.25; unearned income 0.23; shelter deduction 0.20; utility allowance 0.15","wrong include/exclude decision 0.33; wrong amount, known item 0.32; household composition 0.09; unreported source of income 0.06",0.455696202531646,0.565217391304348,0.632911392405063,0.62962962962963
108,"buffer","earned_by_hh_size >= 45 & earned_by_hh_size < 467 & total_deductions_by_hh_size >= 63 & total_deductions_by_hh_size < 82.4","4+","national","xgboost","any_error",178,0.3708,0.2916,86.81,0.0337,0.0909,0.0337,9,5,66,"earned income 0.54; unearned income 0.20; other element 0.11","wrong amount, known item 0.35; unreported source of income 0.19; wrong include/exclude decision 0.14; change in circumstances 0.09",0.452631578947368,0.560606060606061,0.6,0.536842105263158
109,"buffer","earned_by_hh_size > 426 & months_since_cert_n > 5.5 & rawben_rel_max > 0.285 & utilities_sua <= 0.5","1","national","ranger","any_error",151,0.3775,0.2915,70.42,0.0728,0.1754,0.0662,6,4,57,"earned income 0.59; shelter deduction 0.18","wrong include/exclude decision 0.28; unreported source of income 0.24; change in circumstances 0.19; wrong amount, known item 0.17",0.252631578947368,0.789473684210526,0.294736842105263,0.273684210526316
110,"buffer","earned_by_hh_size >= 448 & shelter_expenses_by_hh_size < 667 & unc_rawben_rel_max >= 1.3","1","national","xgboost","any_error",42,0.4524,0.2896,111.05,0,0,0,1,1,19,"earned income 0.64; other element 0.11","unreported source of income 0.32; wrong include/exclude decision 0.18; change in circumstances 0.18; wrong amount, known item 0.14",0.142857142857143,1,0.535714285714286,0.321428571428571
111,"buffer","shelter_expenses_by_hh_size >= 1920 & total_deductions_by_hh_size < 1250 & unc_rawben_rel_max < 1.01 & unearned_by_hh_size < 1380","1","national","xgboost","any_error",67,0.4179,0.2891,73.66,0.1045,0.2143,0.0896,1,1,28,"unearned income 0.54; earned income 0.28","wrong amount, known item 0.38; unreported source of income 0.28; wrong include/exclude decision 0.21",0.282051282051282,0.75,0.461538461538462,0.461538461538462
112,"buffer","gross_by_hh_size > 222 & total_deductions_by_hh_size <= 370 & unc_rawben_rel_max > 1.07","2-3","national","ranger","any_error",302,0.3477,0.2871,99.66,0,0,0,7,4,105,"earned income 0.59; unearned income 0.19","wrong amount, known item 0.26; unreported source of income 0.23; wrong include/exclude decision 0.22; change in circumstances 0.12",0.298611111111111,0.971428571428571,0.569444444444444,0.430555555555556
113,"buffer","earned_by_hh_size >= 5.5 & rawben_rel_max >= 0.353 & unearned_by_hh_size >= 146 & unearned_by_hh_size < 174","4+","national","xgboost","any_error",255,0.3529,0.287,82.02,0.0157,0.0444,0.0157,5,3,90,"earned income 0.42; unearned income 0.24; shelter deduction 0.14","wrong amount, known item 0.39; wrong include/exclude decision 0.16; change in circumstances 0.12; unreported source of income 0.08",0.43046357615894,0.666666666666667,0.576158940397351,0.568627450980392
114,"buffer","earned_by_hh_size >= 471 & months_since_cert_n >= 8 & percent_abawd >= 0.333 & rawben_rel_max >= 0.5","2-3","national","xgboost","any_error",82,0.4024,0.2863,95.18,0.0488,0.1212,0.0488,1,1,33,"earned income 0.49; other element 0.23; shelter deduction 0.11","wrong amount, known item 0.28; wrong include/exclude decision 0.21; unreported source of income 0.11; household composition 0.10; other 0.10",0.327868852459016,0.848484848484849,0.459016393442623,0.459016393442623
115,"buffer","gross_by_hh_size >= 322 & gross_by_hh_size < 384 & HH_size_n < 3 & total_deductions_by_hh_size >= 502","2-3","national","xgboost","any_error",253,0.3518,0.2857,109.31,0,0,0,2,1,89,"earned income 0.74; shelter deduction 0.10","unreported source of income 0.27; change in circumstances 0.24; wrong amount, known item 0.22; wrong include/exclude decision 0.17",0.2,0.97752808988764,0.466666666666667,0.416666666666667
116,"buffer","bbce_state_i >= 1 & earned_by_hh_size > 205 & expedited_i >= 1 & rawben_rel_max <= 0.906","2-3","national","ranger","any_error",317,0.3438,0.2849,74.09,0.0284,0.0826,0.0284,9,7,109,"earned income 0.44; other element 0.21; shelter deduction 0.15","wrong amount, known item 0.27; wrong include/exclude decision 0.21; household composition 0.14; unreported source of income 0.14",0.353260869565217,0.596330275229358,0.543478260869565,0.572972972972973
117,"buffer","count_divisible_by_100 > 0.5 & married >= 1 & shelter_expenses_by_hh_size > 245 & total_deductions_by_hh_size <= 273","4+","national","ranger","any_error",106,0.3868,0.2848,73.92,0.0094,0,0,3,2,41,"earned income 0.40; unearned income 0.21; shelter deduction 0.19","unreported source of income 0.27; wrong include/exclude decision 0.27; wrong amount, known item 0.19; method or computation 0.10",0.266666666666667,0.731707317073171,0.7,0.483870967741935
118,"buffer","rawben_rel_max >= 0.926 & shelter_expenses_by_hh_size < 714 & unearned_by_hh_size >= 529","2-3","national","xgboost","any_error",71,0.4085,0.284,93.2,0,0,0,1,1,29,"medical deduction 0.32; shelter deduction 0.25; unearned income 0.18","wrong include/exclude decision 0.52; wrong amount, known item 0.27",0.431818181818182,1,0.613636363636364,0.727272727272727
119,"buffer","bbce_state_i >= 1 & earned_by_hh_size >= 5.5 & months_since_cert_n >= 11 & rawben_rel_max >= 0.712","4+","national","xgboost","any_error",239,0.3515,0.2836,94.42,0.0251,0.0714,0.0251,10,5,84,"earned income 0.53; shelter deduction 0.17; unearned income 0.12","wrong amount, known item 0.27; change in circumstances 0.20; wrong include/exclude decision 0.20; unreported source of income 0.12",0.377777777777778,0.75,0.414814814814815,0.554744525547445
120,"buffer","gross_by_hh_size <= 834 & months_since_cert_n > 7.5 & total_deductions_by_hh_size > 559 & unc_rawben_rel_max <= 1.03","1","national","ranger","any_error",355,0.338,0.2825,49.09,0.0085,0.0083,0.0028,23,18,120,"unearned income 0.60; shelter deduction 0.20","wrong include/exclude decision 0.43; wrong amount, known item 0.25; unreported source of income 0.10",0.505208333333333,0.933333333333333,0.322916666666667,0.725388601036269
121,"buffer","gross_by_hh_size >= 1790 & rawben_rel_max >= 0.972","1","national","xgboost","any_error",107,0.3832,0.282,78.54,0,0,0,1,1,41,"shelter deduction 0.35; medical deduction 0.32; unearned income 0.22","wrong include/exclude decision 0.55; wrong amount, known item 0.20",0.516666666666667,1,0.733333333333333,0.6
122,"buffer","percent_abawd < 0.333 & unc_rawben_rel_max >= 0.193 & unearned_by_hh_size >= 1050","2-3","national","xgboost","any_error",346,0.3382,0.2819,51.02,0.0029,0.0085,0.0029,2,1,117,"shelter deduction 0.35; unearned income 0.27; medical deduction 0.22","wrong include/exclude decision 0.47; wrong amount, known item 0.25; unreported source of income 0.11",0.397515527950311,0.88034188034188,0.633540372670807,0.577639751552795
123,"buffer","gross_by_hh_size >= 698 & rawben_rel_max < 0.39 & unc_rawben_rel_max >= 0.372 & unearned_by_hh_size < 123","4+","national","xgboost","any_error",117,0.3761,0.2796,81.44,0,0,0,2,2,44,"earned income 0.43; other element 0.16; shelter deduction 0.14; unearned income 0.13","wrong amount, known item 0.31; wrong include/exclude decision 0.25; unreported source of income 0.12; household composition 0.09",0.38961038961039,0.681818181818182,0.480519480519481,0.623376623376623
124,"buffer","earned_by_hh_size >= 706 & earned_by_hh_size < 969 & months_since_cert_n >= 2 & shelter_expenses_by_hh_size >= 894","2-3","national","xgboost","any_error",105,0.381,0.2791,82.26,0.0095,0.025,0.0095,1,1,40,"earned income 0.51; unearned income 0.21; other element 0.13","wrong amount, known item 0.26; unreported source of income 0.18; change in circumstances 0.16; other 0.16",0.442622950819672,0.8,0.311475409836066,0.540983606557377
125,"buffer","gross_by_hh_size >= 290 & gross_by_hh_size < 392 & shelter_expenses_by_hh_size >= 329 & shelter_expenses_by_hh_size < 360","4+","national","xgboost","any_error",93,0.3871,0.2789,99.66,0.043,0.1111,0.043,1,1,36,"earned income 0.48; shelter deduction 0.23; other element 0.15","wrong include/exclude decision 0.29; wrong amount, known item 0.21; other 0.15; unreported source of income 0.12",0.319148936170213,0.916666666666667,0.723404255319149,0.625
126,"buffer","shelter_expenses_by_hh_size >= 99.4 & total_deductions_by_hh_size < 308 & unc_rawben_rel_max >= 1.06 & unc_rawben_rel_max < 1.09","4+","national","xgboost","any_error",353,0.3343,0.2788,100.14,0,0,0,10,5,118,"earned income 0.55; unearned income 0.22","unreported source of income 0.27; wrong include/exclude decision 0.22; wrong amount, known item 0.22; change in circumstances 0.10",0.433734939759036,0.966101694915254,0.608433734939759,0.530120481927711
127,"buffer","months_since_cert_n > 10.5 & unc_rawben_rel_max > 0.727 & unc_rawben_rel_max <= 0.976 & utilities_sua > 0.5","4+","national","ranger","any_error",272,0.3419,0.2787,74.25,0.0221,0.0538,0.0184,4,3,93,"earned income 0.36; unearned income 0.21; shelter deduction 0.16; other element 0.14","wrong amount, known item 0.27; wrong include/exclude decision 0.22; change in circumstances 0.13; unreported source of income 0.10; other 0.10",0.534591194968553,0.645161290322581,0.446540880503145,0.639751552795031
128,"buffer","earned_by_hh_size > 13 & earned_by_hh_size <= 82.2 & medical_deductions <= 24.5 & unc_rawben_rel_max <= 1","2-3","national","ranger","any_error",164,0.3598,0.2784,61.98,0.0244,0.0339,0.0122,3,2,59,"earned income 0.49; unearned income 0.24; shelter deduction 0.16","unreported source of income 0.30; wrong amount, known item 0.27; wrong include/exclude decision 0.16; change in circumstances 0.10",0.386363636363636,0.745762711864407,0.636363636363636,0.465909090909091
129,"buffer","earned_by_hh_size >= 451 & gross_by_hh_size < 608 & percent_abawd >= 0.333 & shelter_expenses_by_hh_size < 369","2-3","national","xgboost","any_error",55,0.4182,0.2777,84.11,0.0545,0.1304,0.0545,3,3,23,"earned income 0.42; shelter deduction 0.25; other element 0.23","wrong amount, known item 0.30; wrong include/exclude decision 0.30; other 0.17",0.325,0.521739130434783,0.65,0.45
130,"buffer","earned_by_hh_size > 54.8 & months_since_cert_n > 8.5 & shelter_expenses_by_hh_size > 769","2-3","national","ranger","any_error",257,0.3424,0.2774,78.79,0.0233,0.0568,0.0195,2,1,88,"earned income 0.48; other element 0.17; shelter deduction 0.15","wrong amount, known item 0.25; unreported source of income 0.20; wrong include/exclude decision 0.17; change in circumstances 0.15",0.28476821192053,0.806818181818182,0.317880794701987,0.357615894039735
131,"buffer","HH_size_n > 2.5 & rawben_rel_max <= 0.957 & total_deductions_by_hh_size > 605 & unearned_by_hh_size <= 266","2-3","national","ranger","any_error",149,0.3624,0.2771,62.05,0,0,0,4,2,54,"earned income 0.39; dep care or child support deduction 0.28; unearned income 0.14","wrong include/exclude decision 0.32; wrong amount, known item 0.26; unreported source of income 0.13; other 0.11",0.28735632183908,0.722222222222222,0.597701149425287,0.517241379310345
132,"buffer","married <= 0 & total_deductions_by_hh_size > 334 & unearned_by_hh_size > 154 & utilities_sua > 0.5","4+","national","ranger","any_error",227,0.3436,0.2747,76.76,0.0132,0.0385,0.0132,2,1,78,"unearned income 0.26; earned income 0.25; shelter deduction 0.20; other element 0.13","wrong amount, known item 0.36; wrong include/exclude decision 0.24; other 0.08; unreported source of income 0.08",0.404255319148936,0.717948717948718,0.645390070921986,0.573426573426573
133,"buffer","bbce_state_i >= 1 & expedited_i >= 1 & rawben_rel_max <= 0.967 & utilities_sua > 0.5","4+","national","ranger","any_error",306,0.3333,0.274,80.22,0.0131,0.0294,0.0098,9,6,102,"earned income 0.35; unearned income 0.22; shelter deduction 0.17; other element 0.16","wrong amount, known item 0.35; wrong include/exclude decision 0.25; household composition 0.10; change in circumstances 0.09",0.471590909090909,0.637254901960784,0.494318181818182,0.596590909090909
134,"buffer","bbce_state_i >= 1 & earned_by_hh_size > 55 & earned_by_hh_size <= 60.2 & HH_size_n > 2.5","2-3","national","ranger","any_error",33,0.4545,0.274,64.12,0,0,0,3,3,15,"earned income 0.58; unearned income 0.16; other element 0.11","unreported source of income 0.53; wrong amount, known item 0.16; other 0.11",0.368421052631579,0.866666666666667,0.631578947368421,0.315789473684211
135,"buffer","earned_by_hh_size > 95.1 & months_since_cert_n > 5.5 & shelter_expenses_by_hh_size > 417","4+","national","ranger","any_error",490,0.3204,0.2736,76.97,0.0082,0.0255,0.0082,2,1,157,"earned income 0.48; shelter deduction 0.16; unearned income 0.15","wrong amount, known item 0.33; unreported source of income 0.17; wrong include/exclude decision 0.17; change in circumstances 0.13",0.330612244897959,0.694267515923567,0.473469387755102,0.502040816326531
136,"buffer","gross_by_hh_size < 1040 & rawben_rel_max < 0.244 & total_deductions_by_hh_size >= 213 & total_deductions_by_hh_size < 220","1","national","xgboost","any_error",53,0.4151,0.2728,32.64,0,0,0,1,1,22,"shelter deduction 0.88","wrong include/exclude decision 0.92",0.64,0,0.56,0.88
137,"buffer","earned_by_hh_size > 79.8 & gross_by_hh_size > 249 & HH_size_n > 2.5 & shelter_expenses_by_hh_size > 741","2-3","national","ranger","any_error",331,0.3293,0.2724,71.15,0.003,0.0092,0.003,2,1,109,"earned income 0.52; unearned income 0.16; shelter deduction 0.14","wrong amount, known item 0.34; unreported source of income 0.16; wrong include/exclude decision 0.16; change in circumstances 0.09; household composition 0.07",0.37888198757764,0.743119266055046,0.608695652173913,0.527950310559006
138,"buffer","rawben_rel_max < 0.9 & total_deductions_by_hh_size >= 56 & unearned_by_hh_size >= 25.2 & unearned_by_hh_size < 30.6","4+","national","xgboost","any_error",56,0.4107,0.2723,83.96,0,0,0,2,1,23,"earned income 0.51; unearned income 0.19; shelter deduction 0.11","wrong amount, known item 0.41; wrong include/exclude decision 0.24; change in circumstances 0.14",0.297297297297297,0.739130434782609,0.594594594594595,0.432432432432432
139,"buffer","earned_by_hh_size > 7.83 & gross_by_hh_size > 222 & HH_size_n > 2.5 & total_deductions_by_hh_size <= 129","2-3","national","ranger","any_error",117,0.3675,0.2718,62.31,0,0,0,2,2,43,"earned income 0.52; unearned income 0.24","wrong amount, known item 0.27; wrong include/exclude decision 0.23; unreported source of income 0.15; change in circumstances 0.15",0.47887323943662,0.395348837209302,0.704225352112676,0.619718309859155
140,"buffer","bbce_state_i >= 1 & gross_by_hh_size <= 1330 & medical_deductions > 176 & unc_rawben_rel_max <= 1.07","1","national","ranger","any_error",403,0.3226,0.2711,34.8,0.0025,0.0077,0.0025,55,37,130,"medical deduction 0.50; shelter deduction 0.21; unearned income 0.16","wrong include/exclude decision 0.66; wrong amount, known item 0.17",0.476683937823834,0.953846153846154,0.632124352331606,0.632124352331606
141,"buffer","total_deductions_by_hh_size >= 550 & total_deductions_by_hh_size < 634 & unc_rawben_rel_max >= 1.16","2-3","national","xgboost","any_error",191,0.3455,0.2708,106.19,0,0,0,2,1,66,"earned income 0.66; unearned income 0.18","wrong amount, known item 0.28; unreported source of income 0.23; wrong include/exclude decision 0.22; change in circumstances 0.17",0.264367816091954,0.984848484848485,0.494252873563218,0.505747126436782
142,"buffer","HH_size_n <= 2.5 & married >= 1 & rawben_rel_max <= 0.97 & total_deductions_by_hh_size > 634","2-3","national","ranger","any_error",397,0.3224,0.2706,56.92,0.0176,0.0547,0.0176,1,1,128,"shelter deduction 0.26; earned income 0.20; unearned income 0.19; medical deduction 0.17","wrong include/exclude decision 0.39; wrong amount, known item 0.20; unreported source of income 0.14; household composition 0.09",0.396135265700483,0.9140625,0.560386473429952,0.48792270531401
143,"buffer","count_divisible_by_100 >= 1 & earned_by_hh_size < 1480 & shelter_expenses_by_hh_size >= 730 & unc_rawben_rel_max < 0.647","2-3","national","xgboost","any_error",124,0.3629,0.2702,61.65,0.0081,0.0222,0.0081,1,1,45,"unearned income 0.33; shelter deduction 0.25; earned income 0.24","wrong amount, known item 0.37; unreported source of income 0.20; wrong include/exclude decision 0.17; other 0.11",0.276315789473684,0.822222222222222,0.578947368421053,0.394736842105263
144,"buffer","earned_by_hh_size > 584 & months_since_cert_n > 4.5 & total_deductions_by_hh_size > 1040 & unc_rawben_rel_max > 1.08","1","national","ranger","any_error",381,0.3228,0.2699,72.06,0,0,0,5,4,123,"earned income 0.62; other element 0.17","unreported source of income 0.28; change in circumstances 0.25; wrong include/exclude decision 0.15; limits and thresholds 0.12",0.236180904522613,0.975609756097561,0.221105527638191,0.281407035175879
145,"buffer","gross_by_hh_size >= 632 & HH_size_n >= 3 & rawben_rel_max >= 0.624 & total_deductions_by_hh_size >= 444","2-3","national","xgboost","any_error",406,0.3202,0.269,62.88,0.0074,0.0154,0.0049,14,7,130,"earned income 0.35; shelter deduction 0.18; dep care or child support deduction 0.16; unearned income 0.16","wrong amount, known item 0.30; wrong include/exclude decision 0.24; unreported source of income 0.13; other 0.10",0.340314136125654,0.7,0.675392670157068,0.49740932642487
146,"buffer","rawben_rel_max > 0.0441 & shelter_expenses_by_hh_size > 653 & unc_rawben_rel_max <= 1.34 & utilities_sua <= 1.5","2-3","national","ranger","any_error",252,0.3333,0.2684,67.88,0.0119,0.0238,0.0079,1,1,84,"shelter deduction 0.26; earned income 0.26; unearned income 0.18; utility allowance 0.13","wrong include/exclude decision 0.34; wrong amount, known item 0.26; unreported source of income 0.14; other 0.10",0.24,0.869047619047619,0.704,0.528
147,"buffer","months_since_cert_n >= 8 & rawben_rel_max >= 0.461 & shelter_expenses_by_hh_size >= 171 & total_deductions_by_hh_size < 168","4+","national","xgboost","any_error",180,0.3444,0.2677,70.02,0,0,0,7,5,62,"unearned income 0.40; earned income 0.20; shelter deduction 0.19","wrong amount, known item 0.35; wrong include/exclude decision 0.23; unreported source of income 0.13; household composition 0.08",0.576576576576577,0.67741935483871,0.387387387387387,0.702702702702703
148,"buffer","HH_size_n > 7.5 & total_deductions_by_hh_size <= 228 & utilities_sua <= 1.5","4+","national","ranger","any_error",72,0.3889,0.2675,89.08,0,0,0,1,1,28,"earned income 0.34; unearned income 0.24; shelter deduction 0.16; utility allowance 0.16","wrong include/exclude decision 0.29; wrong amount, known item 0.26; unreported source of income 0.13; household composition 0.11",0.447368421052632,0.678571428571429,0.605263157894737,0.552631578947368
149,"buffer","children_i >= 1 & count_divisible_by_100 <= 1.5 & total_deductions_by_hh_size <= 366 & utilities_sua > 0.5","1","national","ranger","any_error",31,0.4516,0.2668,63.94,0.0645,0.0714,0.0323,1,1,14,"other element 0.41; unearned income 0.29; shelter deduction 0.18","household composition 0.35; wrong amount, known item 0.24; wrong include/exclude decision 0.24",0.470588235294118,0.357142857142857,0.823529411764706,0.647058823529412
150,"buffer","months_since_cert_n >= 7 & rawben_rel_max < 0.765 & shelter_expenses_by_hh_size < 846 & total_deductions_by_hh_size >= 642","2-3","national","xgboost","any_error",132,0.3561,0.2665,63.11,0.0076,0.0213,0.0076,4,2,47,"earned income 0.44; shelter deduction 0.16; medical deduction 0.12; dep care or child support deduction 0.10","wrong include/exclude decision 0.38; wrong amount, known item 0.29; unreported source of income 0.14",0.465753424657534,0.808510638297872,0.397260273972603,0.506849315068493
151,"buffer","earned_by_hh_size >= 32.3 & percent_abawd >= 0.333 & total_deductions_by_hh_size >= 194 & unearned_by_hh_size >= 238","2-3","national","xgboost","any_error",165,0.3455,0.2655,72.75,0.0182,0.0526,0.0182,1,1,57,"earned income 0.41; unearned income 0.19; other element 0.19","wrong amount, known item 0.22; unreported source of income 0.19; wrong include/exclude decision 0.17; household composition 0.13; other 0.10",0.276190476190476,0.754385964912281,0.523809523809524,0.509433962264151
152,"buffer","count_divisible_by_100 > 0.5 & earned_by_hh_size > 108 & unc_rawben_rel_max > 0.444 & unearned_by_hh_size > 138","2-3","national","ranger","any_error",205,0.3366,0.2649,58.25,0.0049,0.0145,0.0049,4,4,69,"earned income 0.50; unearned income 0.22; shelter deduction 0.19","wrong amount, known item 0.35; wrong include/exclude decision 0.24; unreported source of income 0.17",0.269230769230769,0.681159420289855,0.653846153846154,0.509615384615385
153,"buffer","gross_by_hh_size >= 673 & percent_abawd >= 0.333 & shelter_expenses_by_hh_size < 846 & unc_rawben_rel_max >= 0.356","2-3","national","xgboost","any_error",313,0.3227,0.2647,55.88,0.0192,0.0594,0.0192,5,3,101,"earned income 0.41; shelter deduction 0.17; other element 0.16; unearned income 0.15","wrong amount, known item 0.28; wrong include/exclude decision 0.26; unreported source of income 0.12; household composition 0.10",0.41025641025641,0.712871287128713,0.608974358974359,0.525641025641026
154,"buffer","bbce_state_i >= 1 & shelter_expenses_by_hh_size >= 421 & total_deductions_by_hh_size >= 330 & total_deductions_by_hh_size < 344","4+","national","xgboost","any_error",133,0.3534,0.2644,76.44,0,0,0,2,1,47,"earned income 0.42; shelter deduction 0.21; unearned income 0.12","wrong amount, known item 0.33; wrong include/exclude decision 0.21; unreported source of income 0.15; other 0.11",0.3875,0.765957446808511,0.625,0.6375
155,"buffer","bbce_state_i >= 1 & gross_by_hh_size > 304 & rawben_rel_max <= 0.0822 & unc_rawben_rel_max > 0.0787","1","national","ranger","any_error",545,0.3083,0.2643,47.79,0.0018,0.006,0.0018,7,7,168,"unearned income 0.35; shelter deduction 0.30; earned income 0.15","wrong include/exclude decision 0.42; wrong amount, known item 0.29; other 0.13",0.525,0.0119047619047619,0.620833333333333,0.758333333333333
156,"buffer","earned_by_hh_size > 84.6 & shelter_expenses_by_hh_size <= 112 & total_deductions_by_hh_size > 105 & total_deductions_by_hh_size <= 120","2-3","national","ranger","any_error",37,0.4324,0.2639,68.73,0,0,0,2,2,16,"earned income 0.52; utility allowance 0.17; other element 0.17","wrong amount, known item 0.39; wrong include/exclude decision 0.17; method or computation 0.13; change in circumstances 0.13",0.608695652173913,0.3125,0.565217391304348,0.739130434782609
157,"buffer","earned_by_hh_size < 259 & total_deductions_by_hh_size >= 369 & unc_rawben_rel_max >= 1.09 & unc_rawben_rel_max < 1.11","2-3","national","xgboost","any_error",153,0.3464,0.2636,80.46,0,0,0,5,4,53,"unearned income 0.36; earned income 0.36; shelter deduction 0.10","unreported source of income 0.33; wrong include/exclude decision 0.21; wrong amount, known item 0.18; change in circumstances 0.12",0.273972602739726,0.981132075471698,0.534246575342466,0.452054794520548
158,"buffer","gross_by_hh_size < 1370 & medical_deductions >= 200 & medical_deductions < 333 & months_since_cert_n >= 9","2-3","national","xgboost","any_error",70,0.3857,0.2633,45.01,0,0,0,2,2,27,"unearned income 0.38; medical deduction 0.31; shelter deduction 0.21","wrong include/exclude decision 0.52; wrong amount, known item 0.27",0.520833333333333,0.851851851851852,0.458333333333333,0.6875
159,"buffer","HH_size_n >= 5 & months_since_cert_n >= 4 & rawben_rel_max >= 0.353 & rawben_rel_max < 0.371","4+","national","xgboost","any_error",67,0.3881,0.263,69.34,0,0,0,1,1,26,"earned income 0.55; unearned income 0.21","wrong amount, known item 0.34; wrong include/exclude decision 0.32; unreported source of income 0.13",0.473684210526316,0.653846153846154,0.394736842105263,0.684210526315789
160,"buffer","earned_by_hh_size >= 361 & earned_by_hh_size < 387 & total_deductions_by_hh_size < 190","2-3","national","xgboost","any_error",61,0.3934,0.2624,72.3,0,0,0,1,1,24,"earned income 0.47; unearned income 0.33","wrong amount, known item 0.31; wrong include/exclude decision 0.17; other 0.17; unreported source of income 0.14",0.222222222222222,0.5,0.527777777777778,0.416666666666667
161,"buffer","gross_by_hh_size >= 573 & months_since_cert_n >= 11 & rawben_rel_max >= 0.393 & shelter_expenses_by_hh_size >= 79.6","4+","national","xgboost","any_error",144,0.3472,0.262,61.01,0,0,0,2,1,50,"earned income 0.40; shelter deduction 0.19; unearned income 0.12; dep care or child support deduction 0.12","wrong amount, known item 0.33; wrong include/exclude decision 0.29; other 0.10; change in circumstances 0.08",0.416666666666667,0.74,0.5,0.55952380952381
162,"buffer","bbce_state_i >= 1 & shelter_expenses_by_hh_size >= 482 & unc_rawben_rel_max < 1.2 & utilities_sua < 2","2-3","national","xgboost","any_error",617,0.3031,0.2619,61.98,0.0113,0.0321,0.0097,5,3,187,"earned income 0.28; shelter deduction 0.26; utility allowance 0.17; unearned income 0.14","wrong include/exclude decision 0.38; wrong amount, known item 0.24; unreported source of income 0.13; change in circumstances 0.09",0.284246575342466,0.828877005347594,0.636986301369863,0.5
163,"buffer","count_divisible_by_100 < 1 & earned_by_hh_size >= 270 & rawben_rel_max >= 0.911 & total_deductions_by_hh_size < 283","4+","national","xgboost","any_error",86,0.3721,0.2618,110.66,0.0465,0.125,0.0465,2,1,32,"earned income 0.57; shelter deduction 0.17; other element 0.13","wrong amount, known item 0.32; wrong include/exclude decision 0.23; method or computation 0.11; household composition 0.11",0.51063829787234,0.59375,0.765957446808511,0.659574468085106
164,"buffer","medical_deductions >= 209 & rawben_rel_max >= 0.947 & shelter_expenses_by_hh_size < 1120","1","national","xgboost","any_error",118,0.3559,0.2618,60.83,0,0,0,1,1,42,"medical deduction 0.69; shelter deduction 0.16","wrong include/exclude decision 0.69; wrong amount, known item 0.17",0.551724137931034,0.976190476190476,0.620689655172414,0.758620689655172
165,"buffer","gross_by_hh_size >= 763 & percent_abawd >= 0.333 & rawben_rel_max >= 0.212 & unearned_by_hh_size >= 8.5","2-3","national","xgboost","any_error",164,0.3415,0.2616,58.37,0.0061,0.0179,0.0061,2,1,56,"earned income 0.33; shelter deduction 0.24; unearned income 0.24","wrong include/exclude decision 0.34; wrong amount, known item 0.25; unreported source of income 0.17",0.319148936170213,0.714285714285714,0.691489361702128,0.6
166,"buffer","earned_by_hh_size > 35.2 & months_since_cert_n > 8.5 & total_deductions_by_hh_size > 450 & unc_rawben_rel_max <= 1.2","2-3","national","ranger","any_error",635,0.3008,0.2603,61.74,0.0126,0.0366,0.011,13,7,191,"earned income 0.49; other element 0.17; shelter deduction 0.15","wrong amount, known item 0.24; wrong include/exclude decision 0.20; change in circumstances 0.16; unreported source of income 0.15; household composition 0.08",0.311111111111111,0.785340314136126,0.320634920634921,0.413249211356467
167,"buffer","months_since_cert_n < 4 & shelter_expenses_by_hh_size >= 288 & unc_rawben_rel_max >= 1.08 & unc_rawben_rel_max < 1.15","4+","national","xgboost","any_error",109,0.3578,0.2601,113.06,0,0,0,3,2,39,"earned income 0.71; other element 0.10","unreported source of income 0.29; wrong include/exclude decision 0.25; wrong amount, known item 0.24",0.490196078431373,0.923076923076923,0.705882352941177,0.529411764705882
168,"buffer","HH_size_n > 6.5 & married <= 0 & months_since_cert_n <= 5.5 & rawben_rel_max <= 0.975","4+","national","ranger","any_error",322,0.3168,0.2599,81.73,0.0093,0.0294,0.0093,8,4,102,"earned income 0.34; unearned income 0.20; shelter deduction 0.19; other element 0.16","wrong include/exclude decision 0.30; wrong amount, known item 0.27; household composition 0.14; unreported source of income 0.10",0.36875,0.588235294117647,0.74375,0.577639751552795
169,"buffer","unc_rawben_rel_max >= 0.514 & unearned_by_hh_size >= 883","2-3","national","xgboost","any_error",292,0.3185,0.2589,62.67,0.0034,0.0108,0.0034,2,1,93,"shelter deduction 0.36; unearned income 0.25; medical deduction 0.22","wrong include/exclude decision 0.47; wrong amount, known item 0.18; unreported source of income 0.14",0.364285714285714,0.924731182795699,0.614285714285714,0.492857142857143
170,"buffer","earned_by_hh_size >= 5.5 & months_since_cert_n >= 6 & total_deductions_by_hh_size >= 325 & total_deductions_by_hh_size < 338","4+","national","xgboost","any_error",87,0.3678,0.2586,83.3,0,0,0,2,1,32,"earned income 0.48; shelter deduction 0.19; unearned income 0.15","wrong amount, known item 0.31; wrong include/exclude decision 0.22; unreported source of income 0.13; method or computation 0.13",0.296296296296296,0.71875,0.5,0.462962962962963
171,"buffer","rawben_rel_max >= 0.345 & rawben_rel_max < 0.386 & shelter_expenses_by_hh_size >= 405","4+","national","xgboost","any_error",100,0.36,0.2582,70.59,0,0,0,1,1,36,"earned income 0.40; unearned income 0.21; shelter deduction 0.19","wrong amount, known item 0.32; unreported source of income 0.21; wrong include/exclude decision 0.16; other 0.11",0.263157894736842,0.694444444444444,0.56140350877193,0.421052631578947
172,"buffer","earned_by_hh_size <= 59.6 & rawben_rel_max <= 0.365 & unc_rawben_rel_max > 0.344 & unc_rawben_rel_max <= 1.02","4+","national","ranger","any_error",32,0.4375,0.2577,66.53,0,0,0,1,1,14,"unearned income 0.52; other element 0.30","wrong amount, known item 0.26; household composition 0.22; other 0.17; wrong include/exclude decision 0.13",0.347826086956522,0.5,0.521739130434783,0.391304347826087
173,"buffer","earned_by_hh_size >= 915 & earned_by_hh_size < 956 & rawben_rel_max >= 0.256 & total_deductions_by_hh_size < 330","2-3","national","xgboost","any_error",59,0.3898,0.2574,70.92,0.0508,0.1304,0.0508,2,2,23,"earned income 0.51; shelter deduction 0.16; unearned income 0.14","wrong amount, known item 0.30; unreported source of income 0.24; wrong include/exclude decision 0.19; household composition 0.08",0.540540540540541,0.521739130434783,0.702702702702703,0.594594594594595
174,"buffer","gross_by_hh_size <= 258 & HH_size_n > 2.5 & rawben_rel_max > 0.957 & total_deductions_by_hh_size > 358","2-3","national","ranger","any_error",177,0.3333,0.2569,109.29,0,0,0,8,4,59,"earned income 0.71; shelter deduction 0.14","wrong amount, known item 0.30; wrong include/exclude decision 0.22; unreported source of income 0.20; change in circumstances 0.13",0.329113924050633,0.932203389830508,0.493670886075949,0.506329113924051
175,"buffer","earned_by_hh_size > 145 & months_since_cert_n <= 16.5 & percent_abawd > 0.167 & percent_abawd <= 0.417","2-3","national","ranger","any_error",263,0.3194,0.2567,65.47,0.0152,0.0476,0.0152,5,3,84,"earned income 0.42; other element 0.18; shelter deduction 0.17","wrong amount, known item 0.31; other 0.16; wrong include/exclude decision 0.15; household composition 0.10; change in circumstances 0.09",0.434210526315789,0.607142857142857,0.625,0.61437908496732
176,"buffer","gross_by_hh_size < 470 & rawben_rel_max < 0.791 & shelter_expenses_by_hh_size < 1140 & unearned_by_hh_size < 264","2-3","national","xgboost","any_error",274,0.3175,0.2562,40.88,0,0,0,9,6,87,"earned income 0.50; unearned income 0.19; utility allowance 0.10","wrong amount, known item 0.31; wrong include/exclude decision 0.20; method or computation 0.11; change in circumstances 0.10; unreported source of income 0.08",0.439024390243902,0.402298850574713,0.634146341463415,0.666666666666667
177,"buffer","earned_by_hh_size > 42.2 & shelter_expenses_by_hh_size > 92.5 & shelter_expenses_by_hh_size <= 95.2","4+","national","ranger","any_error",44,0.4091,0.256,78.45,0,0,0,1,1,18,"earned income 0.55; other element 0.21","change in circumstances 0.21; wrong amount, known item 0.17; household composition 0.17; wrong include/exclude decision 0.17; method or computation 0.10",0.379310344827586,0.388888888888889,0.827586206896552,0.689655172413793
178,"buffer","bbce_state_i >= 1 & earned_by_hh_size > 4.75 & gross_by_hh_size > 198 & months_since_cert_n > 8.5","2-3","national","ranger","any_error",1535,0.2814,0.2555,56.12,0.0124,0.0394,0.0111,66,35,432,"earned income 0.46; other element 0.17; shelter deduction 0.16","wrong amount, known item 0.25; wrong include/exclude decision 0.19; change in circumstances 0.14; unreported source of income 0.12; other 0.10",0.37997256515775,0.712962962962963,0.366255144032922,0.491156462585034
179,"buffer","gross_by_hh_size > 1130 & rawben_rel_max > 0.312 & utilities_sua <= 1.5","1","national","ranger","any_error",771,0.2918,0.2553,39.17,0.0078,0.0178,0.0052,18,9,225,"shelter deduction 0.33; utility allowance 0.27; medical deduction 0.14; earned income 0.12","wrong include/exclude decision 0.56; wrong amount, known item 0.20",0.327731092436975,0.871111111111111,0.661064425770308,0.526610644257703
180,"buffer","bbce_state_i >= 1 & children_i <= 0 & expedited_i >= 1 & gross_by_hh_size > 366","2-3","national","ranger","any_error",199,0.3266,0.2548,76.78,0.0352,0.1077,0.0352,2,1,65,"earned income 0.34; other element 0.23; shelter deduction 0.17; unearned income 0.17","wrong include/exclude decision 0.22; household composition 0.19; unreported source of income 0.18; wrong amount, known item 0.17",0.358695652173913,0.769230769230769,0.597826086956522,0.457446808510638
181,"buffer","earned_by_hh_size > 0.171 & elderly_disabled_i >= 1 & married <= 0","4+","national","ranger","any_error",634,0.2934,0.2532,64.36,0.0016,0.0054,0.0016,14,8,186,"earned income 0.37; unearned income 0.24; shelter deduction 0.16","wrong amount, known item 0.36; wrong include/exclude decision 0.23; unreported source of income 0.10; household composition 0.10",0.394230769230769,0.645161290322581,0.573717948717949,0.538216560509554
182,"buffer","gross_by_hh_size < 712 & rawben_rel_max >= 0.683 & rawben_rel_max < 0.719 & total_deductions_by_hh_size < 126","4+","national","xgboost","any_error",159,0.3333,0.2531,58.58,0.0126,0.0377,0.0126,5,3,53,"earned income 0.37; unearned income 0.29; other element 0.17","wrong amount, known item 0.38; wrong include/exclude decision 0.17; household composition 0.12; unreported source of income 0.11",0.381578947368421,0.509433962264151,0.592105263157895,0.657894736842105
183,"buffer","rawben_rel_max >= 0.436 & unearned_by_hh_size >= 208 & unearned_by_hh_size < 212","4+","national","xgboost","any_error",60,0.3833,0.2528,63.9,0,0,0,1,1,23,"unearned income 0.36; earned income 0.22; shelter deduction 0.19","wrong amount, known item 0.33; wrong include/exclude decision 0.25; unreported source of income 0.11; other 0.11",0.444444444444444,0.739130434782609,0.694444444444444,0.722222222222222
184,"buffer","count_divisible_by_100 > 0.5 & percent_abawd <= 1.42 & shelter_expenses_by_hh_size > 1050","2-3","national","ranger","any_error",76,0.3684,0.2525,82.43,0.0263,0.0714,0.0263,1,1,28,"unearned income 0.40; earned income 0.22; shelter deduction 0.22","wrong amount, known item 0.38; unreported source of income 0.24; wrong include/exclude decision 0.22",0.24,0.928571428571429,0.46,0.3
185,"buffer","elderly_disabled_i <= 0 & months_since_cert_n > 5.5 & rawben_rel_max > 0.274 & unc_rawben_rel_max <= 0.818","1","national","ranger","any_error",513,0.2963,0.2517,37.46,0.037,0.125,0.037,16,12,152,"earned income 0.48; unearned income 0.21; shelter deduction 0.13","wrong amount, known item 0.37; wrong include/exclude decision 0.20; unreported source of income 0.14; change in circumstances 0.09",0.304147465437788,0.638157894736842,0.341013824884793,0.410958904109589
186,"buffer","earned_by_hh_size < 81.7 & married >= 1 & rawben_rel_max >= 0.155 & unearned_by_hh_size >= 965","2-3","national","xgboost","any_error",433,0.3002,0.2517,41.84,0,0,0,2,1,130,"shelter deduction 0.33; unearned income 0.28; medical deduction 0.25","wrong include/exclude decision 0.51; wrong amount, known item 0.22; unreported source of income 0.07",0.394736842105263,0.907692307692308,0.605263157894737,0.589473684210526
187,"buffer","earned_by_hh_size < 692 & gross_by_hh_size >= 708 & gross_by_hh_size < 727","4+","national","xgboost","any_error",116,0.3448,0.2512,64.42,0.0086,0.025,0.0086,2,1,40,"unearned income 0.36; earned income 0.32; dep care or child support deduction 0.14","wrong amount, known item 0.47; wrong include/exclude decision 0.24; unreported source of income 0.12",0.440677966101695,0.55,0.627118644067797,0.711864406779661
188,"buffer","rawben_rel_max >= 0.605 & rawben_rel_max < 0.619 & total_deductions_by_hh_size >= 64.5","4+","national","xgboost","any_error",213,0.3192,0.2502,62.2,0,0,0,8,4,68,"earned income 0.46; unearned income 0.24; shelter deduction 0.11","wrong amount, known item 0.42; wrong include/exclude decision 0.17; unreported source of income 0.12; change in circumstances 0.11",0.43,0.647058823529412,0.69,0.58
189,"buffer","gross_by_hh_size >= 68.2 & HH_size_n >= 6 & shelter_expenses_by_hh_size < 180 & utilities_sua < 2","4+","national","xgboost","any_error",320,0.3062,0.25,76.63,0.025,0.0612,0.0187,4,2,98,"earned income 0.37; unearned income 0.21; other element 0.18","wrong amount, known item 0.34; wrong include/exclude decision 0.23; household composition 0.12; unreported source of income 0.10",0.503448275862069,0.479591836734694,0.613793103448276,0.671232876712329
190,"buffer","elderly_disabled_i <= 0 & months_since_cert_n >= 9 & rawben_rel_max >= 0.616 & shelter_expenses_by_hh_size >= 366","4+","national","xgboost","any_error",217,0.318,0.2496,77.72,0.0138,0.0435,0.0138,3,2,69,"earned income 0.45; unearned income 0.18; other element 0.16","wrong amount, known item 0.30; unreported source of income 0.20; change in circumstances 0.14; household composition 0.09; other 0.08",0.36697247706422,0.797101449275362,0.403669724770642,0.55045871559633
191,"buffer","children_i <= 0 & gross_by_hh_size > 1260 & rawben_rel_max > 0.318 & unearned_by_hh_size <= 1290","1","state","ranger","any_error",30,0.4333,0.2496,48.2,0,0,0,30,19,300,"earned income 0.40; shelter deduction 0.25; unearned income 0.12","wrong include/exclude decision 0.35; wrong amount, known item 0.31; change in circumstances 0.10",0.374717832957111,0.793333333333333,0.589164785553047,0.533482142857143
192,"buffer","count_divisible_by_100 > 1.5 & rawben_rel_max <= 0.495","2-3","national","ranger","any_error",30,0.4333,0.2496,79.93,0,0,0,1,1,13,"earned income 0.36; other element 0.18; shelter deduction 0.18; unearned income 0.18","wrong amount, known item 0.23; unreported source of income 0.23; other 0.18; change in circumstances 0.14",0.363636363636364,0.846153846153846,0.5,0.454545454545455
193,"buffer","medical_deductions >= 199 & months_since_cert_n >= 18 & total_deductions_by_hh_size >= 1120 & unc_rawben_rel_max < 1.01","1","national","xgboost","any_error",100,0.35,0.2494,45.7,0,0,0,1,1,35,"medical deduction 0.44; shelter deduction 0.29; unearned income 0.20","wrong include/exclude decision 0.51; wrong amount, known item 0.25",0.454545454545455,0.971428571428571,0.472727272727273,0.727272727272727
194,"buffer","bbce_state_i >= 1 & shelter_expenses_by_hh_size >= 346 & shelter_expenses_by_hh_size < 360 & unc_rawben_rel_max < 1.06","4+","national","xgboost","any_error",310,0.3065,0.2493,58.13,0.0129,0.0421,0.0129,8,4,95,"earned income 0.35; shelter deduction 0.23; unearned income 0.17","wrong amount, known item 0.30; wrong include/exclude decision 0.23; method or computation 0.12; household composition 0.11",0.431654676258993,0.694736842105263,0.712230215827338,0.602836879432624
195,"buffer","expedited_i >= 1 & rawben_rel_max <= 0.97 & shelter_expenses_by_hh_size > 809","2-3","national","ranger","any_error",148,0.3311,0.2485,82.79,0.0473,0.1224,0.0405,1,1,49,"earned income 0.38; shelter deduction 0.20; unearned income 0.18","wrong amount, known item 0.34; wrong include/exclude decision 0.20; unreported source of income 0.16; household composition 0.09",0.382716049382716,0.775510204081633,0.493827160493827,0.463414634146341
196,"buffer","elderly_disabled_i >= 1 & HH_size_n <= 5.5 & total_deductions_by_hh_size <= 249 & unearned_by_hh_size <= 156","4+","national","ranger","any_error",94,0.3511,0.2475,91.2,0.0106,0.0303,0.0106,2,1,33,"unearned income 0.32; earned income 0.23; shelter deduction 0.16; other element 0.16","wrong include/exclude decision 0.37; wrong amount, known item 0.19; unreported source of income 0.16; household composition 0.11",0.508771929824561,0.696969696969697,0.508771929824561,0.56140350877193
197,"buffer","HH_size_n > 2.5 & months_since_cert_n <= 0.5 & unc_rawben_rel_max <= 0.971 & utilities_sua <= 0.5","2-3","national","ranger","any_error",101,0.3465,0.2468,63.06,0.0099,0.0286,0.0099,4,2,35,"earned income 0.45; unearned income 0.20; other element 0.16","wrong amount, known item 0.37; wrong include/exclude decision 0.24; household composition 0.12; unreported source of income 0.12",0.428571428571429,0.571428571428571,0.836734693877551,0.653061224489796
198,"buffer","expedited_i >= 1 & gross_by_hh_size > 183 & married >= 1 & unc_rawben_rel_max <= 0.677","2-3","national","ranger","any_error",81,0.358,0.2466,85.2,0.0741,0.2069,0.0741,2,1,29,"earned income 0.37; other element 0.22; unearned income 0.17","unreported source of income 0.29; wrong include/exclude decision 0.22; household composition 0.22; wrong amount, known item 0.20",0.414634146341463,0.724137931034483,0.439024390243902,0.463414634146341
199,"buffer","bbce_state_i >= 1 & gross_by_hh_size >= 360 & gross_by_hh_size < 402","2-3","national","xgboost","any_error",722,0.2839,0.2466,68.89,0.0028,0,0,20,10,205,"earned income 0.42; unearned income 0.22; shelter deduction 0.16","wrong include/exclude decision 0.30; wrong amount, known item 0.25; unreported source of income 0.18; change in circumstances 0.12",0.320512820512821,0.819512195121951,0.580128205128205,0.538461538461538
200,"buffer","gross_by_hh_size >= 434 & HH_size_n >= 6 & unc_rawben_rel_max < 0.761 & unearned_by_hh_size >= 198","4+","national","xgboost","any_error",256,0.3086,0.246,83.82,0,0,0,4,2,79,"unearned income 0.40; earned income 0.23; shelter deduction 0.15","wrong amount, known item 0.38; wrong include/exclude decision 0.25; unreported source of income 0.13",0.477611940298507,0.582278481012658,0.746268656716418,0.671641791044776
201,"buffer","bbce_state_i >= 1 & homeless >= 1 & rawben_rel_max >= 0.408 & unearned_by_hh_size >= 962","1","national","xgboost","any_error",160,0.325,0.2458,43.43,0.0063,0.0192,0.0063,1,1,52,"shelter deduction 0.58; utility allowance 0.27","wrong include/exclude decision 0.71; change in circumstances 0.17",0.230769230769231,0.903846153846154,0.476923076923077,0.454545454545455
202,"buffer","gross_by_hh_size < 586 & percent_abawd < 1 & unc_rawben_rel_max < 1.02 & unearned_by_hh_size >= 439","1","national","xgboost","any_error",304,0.3026,0.2452,47.96,0.023,0.0652,0.0197,10,7,92,"unearned income 0.65; utility allowance 0.16","wrong include/exclude decision 0.50; wrong amount, known item 0.21; unreported source of income 0.15",0.421487603305785,0.83695652173913,0.578512396694215,0.685950413223141
203,"buffer","bbce_state_i >= 1 & gross_by_hh_size > 48.2 & utilities_sua > 0.5 & utilities_sua <= 1.5","4+","national","ranger","any_error",931,0.276,0.2433,54.31,0.0107,0.0233,0.0064,16,9,257,"earned income 0.30; unearned income 0.18; utility allowance 0.17; shelter deduction 0.17","wrong amount, known item 0.35; wrong include/exclude decision 0.30; household composition 0.09; unreported source of income 0.07",0.457627118644068,0.540856031128405,0.600484261501211,0.633971291866029
204,"buffer","gross_by_hh_size >= 114 & months_since_cert_n < 2 & unc_rawben_rel_max >= 1.08","4+","national","xgboost","any_error",99,0.3434,0.2431,99.36,0,0,0,2,1,34,"earned income 0.65; unearned income 0.12","wrong include/exclude decision 0.26; wrong amount, known item 0.26; unreported source of income 0.26",0.465116279069767,0.941176470588235,0.813953488372093,0.627906976744186
205,"buffer","count_divisible_by_100 > 0.5 & gross_by_hh_size <= 662 & married >= 1 & months_since_cert_n > 8.5","4+","national","ranger","any_error",59,0.3729,0.243,81.88,0.0169,0,0,2,1,22,"earned income 0.39; shelter deduction 0.24; unearned income 0.21","wrong include/exclude decision 0.27; wrong amount, known item 0.24; household composition 0.12; unreported source of income 0.12",0.483870967741935,0.636363636363636,0.483870967741935,0.666666666666667
206,"buffer","count_divisible_by_100 > 1.5 & earned_by_hh_size <= 123 & gross_by_hh_size > 165","2-3","national","ranger","any_error",40,0.4,0.2424,85.35,0.025,0.0625,0.025,5,4,16,"earned income 0.38; unearned income 0.21; utility allowance 0.18","wrong include/exclude decision 0.32; unreported source of income 0.26; other 0.15; wrong amount, known item 0.09",0.3125,0.9375,0.625,0.470588235294118
207,"buffer","rawben_rel_max <= 0.567 & shelter_expenses_by_hh_size > 334 & shelter_expenses_by_hh_size <= 350 & unc_rawben_rel_max <= 0.975","4+","national","ranger","any_error",184,0.3152,0.2418,64.55,0.0054,0.0172,0.0054,2,1,58,"earned income 0.30; shelter deduction 0.23; unearned income 0.22; other element 0.17","wrong amount, known item 0.39; wrong include/exclude decision 0.32; household composition 0.11",0.579545454545455,0.620689655172414,0.568181818181818,0.670454545454545
208,"buffer","HH_size_n <= 5.5 & rawben_rel_max <= 0.932 & unc_rawben_rel_max > 0.869 & unearned_by_hh_size > 21.3","4+","national","ranger","any_error",470,0.2872,0.2413,61.46,0.0149,0.0519,0.0149,7,4,135,"unearned income 0.32; earned income 0.23; shelter deduction 0.19; other element 0.12","wrong amount, known item 0.31; wrong include/exclude decision 0.28; unreported source of income 0.12; other 0.08",0.434146341463415,0.644444444444444,0.6,0.597087378640777
209,"buffer","earned_by_hh_size >= 790 & gross_by_hh_size < 798","2-3","national","xgboost","any_error",53,0.3774,0.2408,54.13,0,0,0,4,3,20,"earned income 0.52; shelter deduction 0.19; unearned income 0.15","wrong amount, known item 0.41; wrong include/exclude decision 0.22; unreported source of income 0.19",0.296296296296296,0.55,0.703703703703704,0.481481481481481
210,"buffer","shelter_expenses_by_hh_size >= 165 & total_deductions_by_hh_size >= 290 & unearned_by_hh_size >= 193 & unearned_by_hh_size < 244","4+","national","xgboost","any_error",121,0.3306,0.2402,80.35,0.0083,0.025,0.0083,2,1,40,"earned income 0.33; shelter deduction 0.23; unearned income 0.21","wrong amount, known item 0.44; wrong include/exclude decision 0.23; change in circumstances 0.13",0.516666666666667,0.85,0.7,0.540983606557377
211,"buffer","months_since_cert_n >= 4 & months_since_cert_n < 23 & shelter_expenses_by_hh_size >= 348 & unearned_by_hh_size >= 492","4+","national","xgboost","any_error",157,0.3185,0.2393,61.27,0.0064,0.02,0.0064,2,1,50,"unearned income 0.34; shelter deduction 0.28; other element 0.17","wrong include/exclude decision 0.39; wrong amount, known item 0.19; other 0.11; household composition 0.09",0.41025641025641,0.72,0.67948717948718,0.474358974358974
212,"buffer","expedited_i >= 1 & months_since_cert_n > 6.5 & total_deductions_by_hh_size > 496 & utilities_sua > 0.5","2-3","national","ranger","any_error",125,0.328,0.2392,87.7,0.024,0.0732,0.024,2,1,41,"earned income 0.55; shelter deduction 0.18; other element 0.12","wrong amount, known item 0.30; wrong include/exclude decision 0.18; unreported source of income 0.13; change in circumstances 0.13; household composition 0.07",0.263157894736842,0.853658536585366,0.403508771929825,0.372881355932203
213,"buffer","gross_by_hh_size >= 704 & gross_by_hh_size < 722 & rawben_rel_max < 0.511 & unc_rawben_rel_max < 1.24","4+","national","xgboost","any_error",212,0.3066,0.2385,57.17,0.0047,0.0154,0.0047,8,4,65,"earned income 0.42; unearned income 0.24; shelter deduction 0.12","wrong amount, known item 0.47; wrong include/exclude decision 0.20; unreported source of income 0.10",0.34,0.6,0.53,0.613861386138614
214,"buffer","earned_by_hh_size <= 129 & elderly_disabled_i >= 1 & gross_by_hh_size > 952 & rawben_rel_max > 0.168","2-3","national","ranger","any_error",739,0.2747,0.2382,39.59,0.0014,0.0049,0.0014,11,6,203,"shelter deduction 0.34; unearned income 0.27; medical deduction 0.20","wrong include/exclude decision 0.45; wrong amount, known item 0.23; unreported source of income 0.10",0.375,0.881773399014778,0.625,0.547297297297297
215,"buffer","children_i <= 0 & homeless <= 0 & rawben_rel_max <= 0.985 & unc_rawben_rel_max <= -0.615","2-3","national","ranger","any_error",94,0.3404,0.2382,77.16,0.0106,0.0312,0.0106,2,1,32,"other element 0.43; earned income 0.24; shelter deduction 0.17","household composition 0.32; other 0.20; wrong amount, known item 0.16; wrong include/exclude decision 0.15",0.2,1,0.546666666666667,0.32
216,"buffer","rawben_rel_max >= 0.13 & shelter_expenses_by_hh_size >= 304 & total_deductions_by_hh_size < 265 & unc_rawben_rel_max < 0.272","4+","national","xgboost","any_error",165,0.3152,0.238,52.27,0,0,0,1,1,52,"earned income 0.26; shelter deduction 0.26; unearned income 0.19; utility allowance 0.14","wrong amount, known item 0.36; wrong include/exclude decision 0.30; method or computation 0.10",0.511904761904762,0.519230769230769,0.595238095238095,0.761904761904762
217,"buffer","earned_by_hh_size > 374 & expedited_i >= 1 & gross_by_hh_size <= 1720 & shelter_expenses_by_hh_size <= 112","1","national","ranger","any_error",74,0.3514,0.2365,59.51,0.0946,0.2308,0.0811,4,3,26,"earned income 0.63; other element 0.21","unreported source of income 0.24; change in circumstances 0.18; wrong include/exclude decision 0.18; limits and thresholds 0.16",0.236842105263158,0.653846153846154,0.368421052631579,0.289473684210526
218,"buffer","count_divisible_by_100 < 2 & shelter_expenses_by_hh_size >= 865 & total_deductions_by_hh_size >= 594 & total_deductions_by_hh_size < 660","2-3","national","xgboost","any_error",259,0.2973,0.2359,63.23,0.027,0.0649,0.0193,1,1,77,"earned income 0.46; shelter deduction 0.21; unearned income 0.18","wrong amount, known item 0.29; wrong include/exclude decision 0.23; unreported source of income 0.17; change in circumstances 0.12",0.376068376068376,0.805194805194805,0.547008547008547,0.495726495726496
219,"buffer","children_i <= 0 & gross_by_hh_size > 480 & gross_by_hh_size <= 702 & unearned_by_hh_size <= 314","1","national","ranger","any_error",790,0.2709,0.2358,56.31,0.0165,0.0514,0.0139,16,9,214,"earned income 0.64; shelter deduction 0.13","unreported source of income 0.29; change in circumstances 0.19; wrong amount, known item 0.18; wrong include/exclude decision 0.17",0.272727272727273,0.97196261682243,0.424242424242424,0.305135951661631
220,"buffer","earned_by_hh_size < 424 & shelter_expenses_by_hh_size >= 469 & unc_rawben_rel_max < 1.32 & utilities_sua < 2","2-3","national","xgboost","any_error",431,0.2831,0.2355,59.89,0.0093,0.0164,0.0046,2,1,122,"shelter deduction 0.25; unearned income 0.23; utility allowance 0.20; earned income 0.18","wrong include/exclude decision 0.43; wrong amount, known item 0.20; unreported source of income 0.17",0.284916201117318,0.811475409836066,0.64804469273743,0.513966480446927
221,"buffer","gross_by_hh_size >= 681 & months_since_cert_n >= 4 & percent_abawd >= 1 & shelter_expenses_by_hh_size >= 1180","1","national","xgboost","any_error",267,0.2959,0.2355,54.33,0.0412,0.1139,0.0337,1,1,79,"earned income 0.47; unearned income 0.17; shelter deduction 0.16","wrong amount, known item 0.32; wrong include/exclude decision 0.21; change in circumstances 0.18; unreported source of income 0.15",0.35042735042735,0.835443037974684,0.307692307692308,0.440677966101695
222,"buffer","expedited_i >= 1 & unc_rawben_rel_max > 1 & unc_rawben_rel_max <= 1.03","1","national","ranger","any_error",260,0.2962,0.235,56.69,0,0,0,4,2,77,"unearned income 0.73; shelter deduction 0.13","wrong include/exclude decision 0.43; unreported source of income 0.30; wrong amount, known item 0.11",0.367924528301887,0.987012987012987,0.424528301886792,0.485981308411215
223,"buffer","HH_size_n >= 3 & total_deductions_by_hh_size >= 444 & unearned_by_hh_size >= 291 & unearned_by_hh_size < 712","2-3","national","xgboost","any_error",201,0.3035,0.234,74.62,0,0,0,2,1,61,"unearned income 0.26; shelter deduction 0.26; earned income 0.24","wrong amount, known item 0.28; wrong include/exclude decision 0.25; unreported source of income 0.15; other 0.10",0.364583333333333,0.704918032786885,0.677083333333333,0.552083333333333
224,"buffer","earned_by_hh_size >= 715 & rawben_rel_max >= 0.497 & shelter_expenses_by_hh_size < 237","2-3","national","xgboost","any_error",35,0.4,0.2336,87.37,0.0571,0.1429,0.0571,3,2,14,"earned income 0.33; other element 0.24; dep care or child support deduction 0.19","wrong amount, known item 0.29; wrong include/exclude decision 0.29; household composition 0.24",0.523809523809524,0.571428571428571,0.666666666666667,0.761904761904762
225,"buffer","rawben_rel_max < 0.899 & total_deductions_by_hh_size >= 606 & total_deductions_by_hh_size < 614","2-3","national","xgboost","any_error",68,0.3529,0.2336,72.04,0.0147,0.0417,0.0147,1,1,24,"earned income 0.44; unearned income 0.21; shelter deduction 0.21","wrong amount, known item 0.29; wrong include/exclude decision 0.24; change in circumstances 0.24",0.382352941176471,0.625,0.529411764705882,0.5
226,"buffer","earned_by_hh_size < 43.3 & total_deductions_by_hh_size >= 538 & unc_rawben_rel_max >= 1 & unc_rawben_rel_max < 1.07","2-3","national","xgboost","any_error",128,0.3203,0.2334,77.36,0,0,0,1,1,41,"shelter deduction 0.49; medical deduction 0.20; dep care or child support deduction 0.08","wrong include/exclude decision 0.46; wrong amount, known item 0.37",0.355932203389831,0.951219512195122,0.76271186440678,0.661016949152542
227,"buffer","rawben_rel_max >= 0.621 & shelter_expenses_by_hh_size < 490 & unearned_by_hh_size >= 426 & unearned_by_hh_size < 441","2-3","national","xgboost","any_error",89,0.3371,0.2329,63.16,0.0337,0.0667,0.0225,4,2,30,"unearned income 0.41; shelter deduction 0.16; earned income 0.14; utility allowance 0.12","wrong amount, known item 0.37; wrong include/exclude decision 0.33; unreported source of income 0.14",0.346938775510204,0.666666666666667,0.551020408163265,0.571428571428571
228,"buffer","medical_deductions >= 158 & months_since_cert_n < 3 & rawben_rel_max >= 0.392 & unearned_by_hh_size >= 1610","1","national","xgboost","any_error",65,0.3538,0.2321,51.26,0,0,0,1,1,23,"medical deduction 0.39; shelter deduction 0.27; unearned income 0.17","wrong include/exclude decision 0.63; wrong amount, known item 0.15",0.463414634146341,0.869565217391304,0.853658536585366,0.634146341463415
229,"buffer","months_since_cert_n > 12.5 & shelter_expenses_by_hh_size > 16 & unc_rawben_rel_max > 0.488 & utilities_sua <= 1.5","1","national","ranger","any_error",631,0.271,0.2319,39.63,0.0222,0.0643,0.0174,22,12,171,"utility allowance 0.32; shelter deduction 0.32; unearned income 0.18","wrong include/exclude decision 0.49; wrong amount, known item 0.21; change in circumstances 0.10",0.332191780821918,0.906432748538012,0.448630136986301,0.534246575342466
230,"buffer","rawben_rel_max >= 0.845 & rawben_rel_max < 0.878 & shelter_expenses_by_hh_size < 440 & unearned_by_hh_size >= 340","2-3","national","xgboost","any_error",93,0.3333,0.2316,58.27,0.0108,0.0323,0.0108,2,1,31,"unearned income 0.42; shelter deduction 0.29; earned income 0.12","wrong include/exclude decision 0.33; wrong amount, known item 0.23; change in circumstances 0.15; unreported source of income 0.15",0.25,0.709677419354839,0.708333333333333,0.458333333333333
231,"buffer","gross_by_hh_size >= 826 & months_since_cert_n >= 16 & rawben_rel_max >= 0.61","2-3","national","xgboost","any_error",62,0.3548,0.2304,68.23,0.0161,0.0455,0.0161,1,1,22,"shelter deduction 0.43; unearned income 0.21; earned income 0.18","wrong include/exclude decision 0.32; other 0.18; wrong amount, known item 0.18; unreported source of income 0.14",0.357142857142857,0.954545454545455,0.214285714285714,0.428571428571429
232,"buffer","earned_by_hh_size >= 850 & rawben_rel_max >= 0.464 & total_deductions_by_hh_size < 579","1","national","xgboost","any_error",90,0.3333,0.2301,41.18,0.0444,0.1333,0.0444,2,2,30,"earned income 0.66; other element 0.12","wrong amount, known item 0.29; wrong include/exclude decision 0.22; method or computation 0.12; unreported source of income 0.12",0.292682926829268,0.433333333333333,0.682926829268293,0.560975609756098
233,"buffer","months_since_cert_n >= 5 & months_since_cert_n < 10 & rawben_rel_max < 0.55 & unc_rawben_rel_max >= 0.535","2-3","national","xgboost","any_error",90,0.3333,0.2301,64.5,0.0222,0.0667,0.0222,4,2,30,"earned income 0.32; unearned income 0.23; shelter deduction 0.20","wrong include/exclude decision 0.27; unreported source of income 0.20; wrong amount, known item 0.20; change in circumstances 0.14",0.340909090909091,0.6,0.659090909090909,0.386363636363636
234,"buffer","bbce_state_i >= 1 & rawben_rel_max > 0.852 & rawben_rel_max <= 0.94 & shelter_expenses_by_hh_size > 661","2-3","national","ranger","any_error",316,0.2848,0.2298,57.25,0.0158,0.0444,0.0127,6,3,90,"earned income 0.38; shelter deduction 0.30; unearned income 0.16","wrong amount, known item 0.33; wrong include/exclude decision 0.32; unreported source of income 0.14",0.32520325203252,0.822222222222222,0.626016260162602,0.472
235,"buffer","elderly_disabled_i >= 1 & gross_by_hh_size >= 221 & total_deductions_by_hh_size < 204 & unearned_by_hh_size < 266","2-3","national","xgboost","any_error",52,0.3654,0.2297,65.94,0,0,0,1,1,19,"earned income 0.42; unearned income 0.25; other element 0.17","wrong amount, known item 0.25; change in circumstances 0.21; wrong include/exclude decision 0.21; household composition 0.12",0.416666666666667,0.368421052631579,0.458333333333333,0.666666666666667
236,"buffer","HH_size_n >= 3 & rawben_rel_max >= 0.561 & unearned_by_hh_size >= 565","2-3","national","xgboost","any_error",194,0.299,0.2288,57.13,0.0052,0.0172,0.0052,8,4,58,"shelter deduction 0.32; unearned income 0.29; other element 0.15","wrong include/exclude decision 0.38; wrong amount, known item 0.26; other 0.11",0.303030303030303,0.637931034482759,0.616161616161616,0.494949494949495
237,"buffer","rawben_rel_max < 0.596 & unc_rawben_rel_max >= 0.54 & unc_rawben_rel_max < 0.551 & unearned_by_hh_size < 0.5","2-3","national","xgboost","any_error",87,0.3333,0.2286,60.55,0.0115,0.0345,0.0115,3,2,29,"earned income 0.53; other element 0.22","wrong amount, known item 0.29; wrong include/exclude decision 0.22; household composition 0.20; unreported source of income 0.11",0.177777777777778,0.724137931034483,0.6,0.311111111111111
238,"buffer","bbce_state_i >= 1 & shelter_expenses_by_hh_size > 1670 & unc_rawben_rel_max > 0.264 & unc_rawben_rel_max <= 1.03","1","national","ranger","any_error",1166,0.2564,0.2279,37.92,0.0129,0.0401,0.0103,8,6,299,"shelter deduction 0.37; unearned income 0.26; earned income 0.14","wrong include/exclude decision 0.39; wrong amount, known item 0.24; unreported source of income 0.15",0.34390243902439,0.872909698996655,0.578048780487805,0.491484184914842
239,"buffer","earned_by_hh_size > 87.3 & HH_size_n > 5.5 & months_since_cert_n > 2.5 & rawben_rel_max <= 0.461","4+","national","ranger","any_error",420,0.2738,0.2263,63.16,0,0,0,12,6,115,"earned income 0.51; other element 0.15; shelter deduction 0.12","wrong amount, known item 0.31; wrong include/exclude decision 0.20; household composition 0.13; change in circumstances 0.12",0.410112359550562,0.591304347826087,0.533707865168539,0.606741573033708
240,"buffer","earned_by_hh_size >= 158 & gross_by_hh_size < 737 & months_since_cert_n >= 6 & unc_rawben_rel_max >= 1.03","1","national","xgboost","any_error",607,0.2652,0.2258,54.89,0,0,0,14,7,161,"earned income 0.67; other element 0.13","unreported source of income 0.29; change in circumstances 0.24; wrong include/exclude decision 0.17; wrong amount, known item 0.11",0.233606557377049,0.987577639751553,0.274590163934426,0.281632653061224
241,"buffer","earned_by_hh_size >= 1 & months_since_cert_n >= 16 & rawben_rel_max >= 0.505 & shelter_expenses_by_hh_size >= 468","1","national","xgboost","any_error",151,0.3046,0.2255,57.95,0.0066,0.0217,0.0066,1,1,46,"earned income 0.55; other element 0.17; shelter deduction 0.14","unreported source of income 0.34; change in circumstances 0.20; wrong include/exclude decision 0.18; limits and thresholds 0.12",0.204819277108434,0.978260869565217,0.132530120481928,0.240963855421687
242,"buffer","gross_by_hh_size >= 1190 & gross_by_hh_size < 1270 & shelter_expenses_by_hh_size < 781 & total_deductions_by_hh_size >= 774","1","national","xgboost","any_error",33,0.3939,0.2249,49.39,0,0,0,2,2,13,"medical deduction 0.40; earned income 0.33; shelter deduction 0.13","wrong include/exclude decision 0.47; wrong amount, known item 0.33",0.466666666666667,1,0.6,0.733333333333333
243,"buffer","months_since_cert_n >= 5 & rawben_rel_max >= 0.262 & unc_rawben_rel_max < 0.272","4+","national","xgboost","any_error",33,0.3939,0.2249,129.64,0,0,0,1,1,13,"earned income 0.31; other element 0.31; shelter deduction 0.19","wrong amount, known item 0.35; wrong include/exclude decision 0.23; household composition 0.19",0.538461538461538,0.538461538461538,0.5,0.538461538461538
244,"buffer","earned_by_hh_size >= 120 & earned_by_hh_size < 164 & gross_by_hh_size >= 152 & total_deductions_by_hh_size < 519","2-3","national","xgboost","any_error",225,0.2889,0.2242,52.78,0.0222,0.0308,0.0089,4,2,65,"earned income 0.52; unearned income 0.15; shelter deduction 0.12","wrong amount, known item 0.35; wrong include/exclude decision 0.21; other 0.13; change in circumstances 0.09",0.431578947368421,0.707692307692308,0.568421052631579,0.631578947368421
245,"buffer","gross_by_hh_size >= 389 & gross_by_hh_size < 434 & shelter_expenses_by_hh_size < 263 & unc_rawben_rel_max < 0.761","4+","national","xgboost","any_error",389,0.2725,0.2234,53.5,0,0,0,8,4,106,"earned income 0.41; unearned income 0.22; shelter deduction 0.16","wrong amount, known item 0.31; wrong include/exclude decision 0.22; unreported source of income 0.14; change in circumstances 0.09",0.385093167701863,0.641509433962264,0.559006211180124,0.559006211180124
246,"buffer","rawben_rel_max >= 0.896 & total_deductions_by_hh_size >= 828 & total_deductions_by_hh_size < 982 & unearned_by_hh_size >= 924","1","state","xgboost","any_error",30,0.4,0.2232,55.43,0,0,0,30,20,155,"shelter deduction 0.46; utility allowance 0.24; medical deduction 0.12","wrong include/exclude decision 0.57; wrong amount, known item 0.17; change in circumstances 0.10",0.291079812206573,0.987096774193548,0.647887323943662,0.446009389671362
247,"buffer","count_divisible_by_100 > 0.5 & medical_deductions <= 386 & unearned_by_hh_size > 341 & unearned_by_hh_size <= 434","2-3","national","ranger","any_error",164,0.2988,0.2232,56.27,0,0,0,4,2,49,"unearned income 0.41; earned income 0.25; shelter deduction 0.16","wrong include/exclude decision 0.37; wrong amount, known item 0.20; unreported source of income 0.20",0.383561643835616,0.714285714285714,0.73972602739726,0.573333333333333
248,"buffer","homeless >= 1 & rawben_rel_max >= 0.592 & unearned_by_hh_size >= 539","1","national","xgboost","any_error",238,0.2857,0.223,38.84,0.0042,0.0147,0.0042,2,1,68,"shelter deduction 0.43; utility allowance 0.23; unearned income 0.17","wrong include/exclude decision 0.61; change in circumstances 0.14; wrong amount, known item 0.10",0.313131313131313,0.941176470588235,0.525252525252525,0.464646464646465
249,"buffer","gross_by_hh_size >= 679 & rawben_rel_max >= 0.525 & rawben_rel_max < 0.576 & shelter_expenses_by_hh_size < 440","2-3","national","xgboost","any_error",138,0.3043,0.2221,43.65,0.0072,0.0238,0.0072,2,1,42,"earned income 0.37; shelter deduction 0.26; unearned income 0.15","wrong amount, known item 0.36; wrong include/exclude decision 0.30; method or computation 0.08; unreported source of income 0.08",0.301369863013699,0.69047619047619,0.643835616438356,0.547945205479452
250,"buffer","earned_by_hh_size >= 735 & gross_by_hh_size < 1160 & shelter_expenses_by_hh_size >= 54 & total_deductions_by_hh_size >= 1180","1","national","xgboost","any_error",108,0.3148,0.2218,71.26,0.0093,0,0,1,1,34,"earned income 0.69; other element 0.15","unreported source of income 0.31; change in circumstances 0.17; wrong amount, known item 0.17; limits and thresholds 0.12",0.166666666666667,0.970588235294118,0.333333333333333,0.3125
251,"buffer","earned_by_hh_size >= 709 & months_since_cert_n < 1 & rawben_rel_max >= 0.371 & rawben_rel_max < 0.616","4+","national","xgboost","any_error",75,0.3333,0.2218,54.08,0,0,0,2,1,25,"earned income 0.39; dep care or child support deduction 0.21; shelter deduction 0.18","wrong amount, known item 0.32; wrong include/exclude decision 0.26; other 0.11; method or computation 0.11",0.526315789473684,0.72,0.868421052631579,0.552631578947368
252,"buffer","earned_by_hh_size < 862 & gross_by_hh_size >= 753 & HH_size_n >= 6","4+","national","xgboost","any_error",208,0.2885,0.2215,71.04,0,0,0,1,1,60,"earned income 0.43; unearned income 0.19; shelter deduction 0.14","wrong amount, known item 0.30; wrong include/exclude decision 0.28; unreported source of income 0.11; method or computation 0.10",0.428571428571429,0.633333333333333,0.704761904761905,0.704761904761905
