"rank","role","rule","hh","pool","engines","mined_frames","n_flagged_train","precision_train","precision_train_lcb","dollars_per_flag_train","mm_share_flags","mm_share_errors","mm_inflation","n_flagged_state","n_new_at_rank","n_error_cases_national","element_groups_to_75","nature_groups_to_75","found_in_case_record","share_overissuance","timing_at_certification","cause_agency","pile_share_flags","pile_share_errors"
1,"core","rawben_rel_max >= 0.897 & shelter_expenses_by_hh_size >= 866 & unc_rawben_rel_max < 1.01 & utilities_sua < 1","1","national","xgboost","any_error",69,0.7971,0.6649,145.93,0.0145,0,0,3,3,55,"shelter deduction 0.48; utility allowance 0.36","wrong include/exclude decision 0.66; change in circumstances 0.13",0.25,0.981818181818182,0.538461538461538,0.432692307692308,0,0
2,"core","bbce_state_i >= 1 & gross_by_hh_size > 580 & unc_rawben_rel_max > 0.999 & unc_rawben_rel_max <= 1","2-3","national","ranger","any_error",48,0.8125,0.6526,216.88,0,0,0,1,1,39,"shelter deduction 0.48; medical deduction 0.20; dep care or child support deduction 0.17","wrong include/exclude decision 0.41; wrong amount, known item 0.41",0.351851851851852,1,0.796296296296296,0.611111111111111,0,0
3,"core","elderly_disabled_i >= 1 & rawben_rel_max >= 1 & shelter_expenses_by_hh_size < 848 & unc_rawben_rel_max < 1.02","1","national","xgboost","any_error",376,0.609,0.5494,101.59,0,0,0,7,7,229,"unearned income 0.63; shelter deduction 0.16","wrong include/exclude decision 0.56; unreported source of income 0.15; wrong amount, known item 0.14",0.5,0.995633187772926,0.468553459119497,0.686520376175549,0.0931,0.0568
4,"core","earned_by_hh_size <= 9.25 & rawben_rel_max > 0.999 & unc_rawben_rel_max <= 1 & unearned_by_hh_size > 457","2-3","national","ranger","any_error",79,0.6709,0.5405,140.99,0,0,0,3,2,53,"shelter deduction 0.59; medical deduction 0.18","wrong include/exclude decision 0.48; wrong amount, known item 0.36",0.328767123287671,0.981132075471698,0.73972602739726,0.561643835616438,0,0
5,"core","shelter_expenses_by_hh_size >= 682 & shelter_expenses_by_hh_size < 983 & unc_rawben_rel_max >= 1.01 & unc_rawben_rel_max < 1.02","1","national","xgboost","any_error",147,0.6259,0.5301,94.63,0,0,0,4,3,92,"unearned income 0.75; shelter deduction 0.18","wrong include/exclude decision 0.49; wrong amount, known item 0.25; unreported source of income 0.13",0.514925373134328,1,0.470149253731343,0.73134328358209,0,0
6,"core","elderly_disabled_i >= 1 & medical_deductions > 189 & rawben_rel_max > 0.997 & unc_rawben_rel_max <= 1.03","1","national","ranger","any_error",119,0.6303,0.5238,105.82,0,0,0,8,5,75,"medical deduction 0.57; shelter deduction 0.21","wrong include/exclude decision 0.65; wrong amount, known item 0.17",0.539130434782609,1,0.652173913043478,0.721739130434783,0,0
7,"core","gross_by_hh_size >= 965 & rawben_rel_max >= 0.484 & shelter_expenses_by_hh_size >= 1120 & utilities_sua < 1","1","national","xgboost","any_error",110,0.6091,0.4982,111.19,0.0364,0.0299,0.0182,4,3,67,"shelter deduction 0.44; utility allowance 0.32","wrong include/exclude decision 0.59; wrong amount, known item 0.14; change in circumstances 0.13",0.221311475409836,0.985074626865672,0.573770491803279,0.467213114754098,0,0
8,"core","HH_size_n >= 5 & married <= 0 & shelter_expenses_by_hh_size < 300 & total_deductions_by_hh_size >= 341","4+","national","xgboost","any_error",33,0.697,0.4945,183.45,0.0303,0.0435,0.0303,1,1,23,"dep care or child support deduction 0.29; earned income 0.22; shelter deduction 0.20; unearned income 0.13","wrong include/exclude decision 0.42; wrong amount, known item 0.29; unreported source of income 0.11",0.444444444444444,0.869565217391304,0.844444444444444,0.511111111111111,0,0
9,"core","medical_deductions > 666 & rawben_rel_max > 0.887 & unc_rawben_rel_max <= 1.08","1","national","ranger","any_error",38,0.6579,0.4696,142.53,0,0,0,2,1,25,"medical deduction 0.59; shelter deduction 0.15; utility allowance 0.10","wrong include/exclude decision 0.66; wrong amount, known item 0.17",0.658536585365854,0.96,0.707317073170732,0.75609756097561,0,0
10,"core","medical_deductions >= 366 & rawben_rel_max >= 0.718","2-3","national","xgboost","any_error",31,0.6774,0.4689,158.71,0,0,0,2,1,21,"medical deduction 0.49; shelter deduction 0.26; unearned income 0.15","wrong include/exclude decision 0.64; wrong amount, known item 0.13",0.461538461538462,0.952380952380952,0.58974358974359,0.717948717948718,0,0
11,"core","shelter_expenses_by_hh_size >= 2590 & total_deductions_by_hh_size >= 1420 & unc_rawben_rel_max < 1.1","1","national","xgboost","any_error",55,0.6182,0.4618,109.44,0.0545,0.0882,0.0545,2,1,34,"shelter deduction 0.34; unearned income 0.24; earned income 0.20","wrong include/exclude decision 0.36; wrong amount, known item 0.26; unreported source of income 0.22",0.38,0.941176470588235,0.52,0.46,0,0
12,"core","percent_abawd <= 0.583 & rawben_rel_max > 0.978 & shelter_expenses_by_hh_size <= 682 & unearned_by_hh_size > 528","2-3","national","ranger","any_error",30,0.6667,0.4552,160.57,0,0,0,2,1,20,"medical deduction 0.33; shelter deduction 0.30; dep care or child support deduction 0.17","wrong include/exclude decision 0.53; wrong amount, known item 0.23",0.433333333333333,1,0.666666666666667,0.7,0,0
13,"core","rawben_rel_max <= 0.621 & shelter_expenses_by_hh_size <= 516 & total_deductions_by_hh_size > 529","4+","national","ranger","any_error",30,0.6333,0.4235,143.03,0,0,0,1,1,19,"dep care or child support deduction 0.41; earned income 0.29; shelter deduction 0.17","wrong amount, known item 0.46; wrong include/exclude decision 0.32",0.439024390243902,0.842105263157895,0.804878048780488,0.51219512195122,0,0
14,"core","medical_deductions > 160 & unc_rawben_rel_max > 0.477 & unearned_by_hh_size > 1460 & utilities_sua <= 1.5","1","national","ranger","any_error",38,0.6053,0.4191,111.74,0.0263,0.0435,0.0263,2,1,23,"medical deduction 0.36; shelter deduction 0.20; utility allowance 0.18","wrong include/exclude decision 0.59; wrong amount, known item 0.20",0.545454545454545,0.956521739130435,0.636363636363636,0.545454545454545,0,0
15,"core","gross_by_hh_size >= 822 & rawben_rel_max >= 0.639 & unearned_by_hh_size >= 168 & unearned_by_hh_size < 602","2-3","national","xgboost","any_error",51,0.5686,0.4085,129.88,0.0196,0.0345,0.0196,4,3,29,"earned income 0.34; unearned income 0.25; shelter deduction 0.23","wrong amount, known item 0.34; wrong include/exclude decision 0.23; unreported source of income 0.18",0.25,0.793103448275862,0.545454545454545,0.409090909090909,0,0
16,"core","gross_by_hh_size < 917 & rawben_rel_max >= 1 & unc_rawben_rel_max < 1.02 & unearned_by_hh_size >= 207","1","national","xgboost","any_error",713,0.4502,0.4074,73.13,0,0,0,18,9,321,"unearned income 0.73; shelter deduction 0.17","wrong include/exclude decision 0.48; unreported source of income 0.21; wrong amount, known item 0.17",0.444444444444444,0.996884735202492,0.472222222222222,0.610599078341014,0.1992,0.1402
17,"core","earned_by_hh_size > 484 & unc_rawben_rel_max > 1.33 & utilities_sua <= 0.5","1","national","ranger","any_error",41,0.5854,0.4069,143.8,0,0,0,3,3,24,"earned income 0.57; shelter deduction 0.23","wrong include/exclude decision 0.33; unreported source of income 0.25; wrong amount, known item 0.23",0.475,1,0.55,0.525,0.2439,0.2083
18,"core","months_since_cert_n > 10.5 & rawben_rel_max > 0.747 & total_deductions_by_hh_size > 580 & utilities_sua <= 0.5","1","national","ranger","any_error",131,0.5038,0.4041,91.42,0.0153,0.0303,0.0153,2,1,66,"shelter deduction 0.36; utility allowance 0.31; unearned income 0.13","wrong include/exclude decision 0.59; wrong amount, known item 0.14; change in circumstances 0.13",0.286885245901639,0.954545454545455,0.401639344262295,0.459016393442623,0.0076,0
19,"core","HH_size_n >= 5 & rawben_rel_max < 0.801 & shelter_expenses_by_hh_size < 498 & total_deductions_by_hh_size >= 401","4+","national","xgboost","any_error",58,0.5517,0.402,99.64,0,0,0,4,2,32,"dep care or child support deduction 0.33; earned income 0.29; shelter deduction 0.21","wrong include/exclude decision 0.44; wrong amount, known item 0.38",0.557692307692308,0.78125,0.788461538461538,0.596153846153846,0,0
20,"core","homeless >= 1 & shelter_expenses_by_hh_size >= 1100 & unc_rawben_rel_max >= 0.488 & unc_rawben_rel_max < 1.09","1","national","xgboost","any_error",52,0.5577,0.3997,79.77,0,0,0,2,1,29,"shelter deduction 0.57; utility allowance 0.32","wrong include/exclude decision 0.70; change in circumstances 0.19",0.243243243243243,1,0.432432432432432,0.513513513513513,0,0
21,"core","shelter_expenses_by_hh_size > 2580 & unc_rawben_rel_max <= 1.04","1","national","ranger","any_error",82,0.5244,0.3986,96.9,0.0488,0.093,0.0488,4,2,43,"unearned income 0.31; shelter deduction 0.30; earned income 0.18","wrong include/exclude decision 0.33; wrong amount, known item 0.26; unreported source of income 0.23",0.344262295081967,0.883720930232558,0.540983606557377,0.475409836065574,0.0366,0.0698
22,"core","elderly_disabled_i >= 1 & months_since_cert_n > 15.5 & shelter_expenses_by_hh_size > 972 & utilities_sua <= 0.5","1","national","ranger","any_error",59,0.5424,0.3944,97.83,0,0,0,3,2,32,"shelter deduction 0.48; utility allowance 0.39","wrong include/exclude decision 0.56; change in circumstances 0.18; wrong amount, known item 0.15",0.196969696969697,1,0.409090909090909,0.424242424242424,0,0
23,"core","gross_by_hh_size > 198 & HH_size_n > 2.5 & total_deductions_by_hh_size > 691 & unearned_by_hh_size > 66.8","2-3","national","ranger","any_error",59,0.5424,0.3944,156.36,0,0,0,1,1,32,"earned income 0.25; unearned income 0.25; dep care or child support deduction 0.22; shelter deduction 0.17","wrong include/exclude decision 0.32; wrong amount, known item 0.24; unreported source of income 0.17; other 0.11",0.19047619047619,0.84375,0.587301587301587,0.428571428571429,0,0
24,"core","children_i <= 0 & earned_by_hh_size > 126 & expedited_i >= 1 & rawben_rel_max <= 0.959","2-3","national","ranger","any_error",57,0.5439,0.3934,125.91,0.0526,0.0968,0.0526,1,1,31,"earned income 0.42; other element 0.33","household composition 0.25; wrong amount, known item 0.19; unreported source of income 0.17; wrong include/exclude decision 0.10; other 0.10",0.352941176470588,0.709677419354839,0.627450980392157,0.442307692307692,0,0
25,"core","rawben_rel_max > 0.155 & unearned_by_hh_size > 1310","2-3","national","ranger","any_error",84,0.5119,0.3882,68.04,0,0,0,2,2,43,"shelter deduction 0.41; medical deduction 0.29; unearned income 0.21","wrong include/exclude decision 0.49; wrong amount, known item 0.19; method or computation 0.09",0.382352941176471,0.883720930232558,0.720588235294118,0.617647058823529,0,0
26,"core","earned_by_hh_size >= 568 & shelter_expenses_by_hh_size < 1040 & unc_rawben_rel_max >= 1.4 & unearned_by_hh_size < 254","1","national","xgboost","any_error",80,0.5125,0.3859,114.03,0,0,0,4,3,41,"earned income 0.66; other element 0.15","unreported source of income 0.25; change in circumstances 0.23; wrong amount, known item 0.20; limits and thresholds 0.13",0.383333333333333,1,0.533333333333333,0.39344262295082,0,0
27,"core","medical_deductions <= 794 & percent_abawd > 0.167 & total_deductions_by_hh_size > 783 & unc_rawben_rel_max <= 1.02","2-3","national","ranger","any_error",31,0.5806,0.3781,113.94,0,0,0,2,2,18,"earned income 0.38; shelter deduction 0.26; unearned income 0.12","wrong include/exclude decision 0.38; wrong amount, known item 0.32; unreported source of income 0.12",0.147058823529412,0.833333333333333,0.735294117647059,0.5,0,0
28,"core","shelter_expenses_by_hh_size <= 517 & total_deductions_by_hh_size > 696 & unc_rawben_rel_max > 0.0295 & unearned_by_hh_size > 62.2","2-3","national","ranger","any_error",31,0.5806,0.3781,169.84,0,0,0,2,1,18,"dep care or child support deduction 0.27; shelter deduction 0.21; earned income 0.18; unearned income 0.15","wrong include/exclude decision 0.52; wrong amount, known item 0.21; other 0.12",0.333333333333333,0.888888888888889,0.636363636363636,0.484848484848485,0,0
29,"core","earned_by_hh_size > 75.1 & expedited_i >= 1 & medical_deductions <= 80.5 & unearned_by_hh_size > 386","2-3","national","ranger","any_error",38,0.5526,0.3704,105.47,0.0263,0.0476,0.0263,1,1,21,"earned income 0.37; unearned income 0.29; shelter deduction 0.20","wrong amount, known item 0.34; wrong include/exclude decision 0.20; unreported source of income 0.17; method or computation 0.06",0.529411764705882,0.571428571428571,0.5,0.514285714285714,0,0
30,"core","unc_rawben_rel_max > 0.999 & unc_rawben_rel_max <= 1 & unearned_by_hh_size > 110","2-3","national","ranger","any_error",193,0.4508,0.3699,84.59,0,0,0,8,5,87,"shelter deduction 0.58; medical deduction 0.10; unearned income 0.10","wrong include/exclude decision 0.56; wrong amount, known item 0.29",0.306451612903226,0.977011494252874,0.790322580645161,0.491935483870968,0,0
31,"core","elderly_disabled_i >= 1 & gross_by_hh_size > 1350 & rawben_rel_max > 0.155 & shelter_expenses_by_hh_size > 643","2-3","national","ranger","any_error",89,0.4831,0.3645,57.02,0,0,0,2,1,43,"shelter deduction 0.39; medical deduction 0.21; unearned income 0.20","wrong include/exclude decision 0.44; wrong amount, known item 0.28; unreported source of income 0.08",0.333333333333333,0.883720930232558,0.666666666666667,0.506666666666667,0,0
32,"core","unc_rawben_rel_max >= 0.473 & unearned_by_hh_size >= 1130 & utilities_sua < 1","1","national","xgboost","any_error",131,0.458,0.3604,77.67,0.0076,0.0167,0.0076,4,2,60,"shelter deduction 0.39; utility allowance 0.27; medical deduction 0.16","wrong include/exclude decision 0.62; change in circumstances 0.12; wrong amount, known item 0.11",0.3,0.966666666666667,0.581818181818182,0.481818181818182,0,0
33,"core","shelter_expenses_by_hh_size <= 487 & total_deductions_by_hh_size > 691 & unc_rawben_rel_max <= 1","2-3","national","ranger","any_error",64,0.5,0.3604,109.95,0.0312,0.0312,0.0156,2,1,32,"dep care or child support deduction 0.29; earned income 0.27; shelter deduction 0.20","wrong include/exclude decision 0.39; wrong amount, known item 0.29; other 0.14",0.321428571428571,0.8125,0.75,0.464285714285714,0,0
34,"core","gross_by_hh_size > 110 & percent_abawd <= 0.464 & rawben_rel_max <= 0.621 & total_deductions_by_hh_size > 529","4+","national","ranger","any_error",48,0.5208,0.3597,121.71,0,0,0,2,1,25,"dep care or child support deduction 0.37; earned income 0.27; unearned income 0.16","wrong amount, known item 0.41; wrong include/exclude decision 0.31; unreported source of income 0.08",0.411764705882353,0.84,0.803921568627451,0.509803921568627,0,0
35,"core","earned_by_hh_size > 94.8 & gross_by_hh_size <= 463 & total_deductions_by_hh_size > 307 & unearned_by_hh_size > 20.6","4+","national","ranger","any_error",60,0.5,0.3562,137.47,0.0167,0.0333,0.0167,1,1,30,"earned income 0.40; unearned income 0.19; other element 0.13; shelter deduction 0.12","wrong amount, known item 0.27; wrong include/exclude decision 0.23; unreported source of income 0.13; other 0.12",0.48,0.833333333333333,0.5,0.5,0,0
36,"core","months_since_cert_n > 12.5 & total_deductions_by_hh_size > 332 & unc_rawben_rel_max > 0.761 & utilities_sua <= 0.5","1","national","ranger","any_error",141,0.4468,0.3532,81.41,0,0,0,6,3,63,"shelter deduction 0.31; utility allowance 0.30; unearned income 0.24","wrong include/exclude decision 0.56; wrong amount, known item 0.15; change in circumstances 0.11",0.333333333333333,0.968253968253968,0.429824561403509,0.535087719298246,0,0
37,"core","bbce_state_i >= 1 & HH_size_n > 5.5 & total_deductions_by_hh_size > 242 & unearned_by_hh_size > 0.25","4+","national","ranger","any_error",162,0.4383,0.351,122.86,0.0123,0.0282,0.0123,7,6,71,"earned income 0.32; unearned income 0.24; shelter deduction 0.18; dep care or child support deduction 0.12","wrong amount, known item 0.31; wrong include/exclude decision 0.25; unreported source of income 0.14; method or computation 0.08",0.346456692913386,0.732394366197183,0.559055118110236,0.52755905511811,0,0
38,"core","HH_size_n > 4.5 & rawben_rel_max <= 0.946 & total_deductions_by_hh_size > 341 & total_deductions_by_hh_size <= 349","4+","national","ranger","any_error",31,0.5484,0.3492,118.71,0,0,0,1,1,17,"shelter deduction 0.31; earned income 0.25; unearned income 0.16; other element 0.12","wrong amount, known item 0.31; wrong include/exclude decision 0.28; unreported source of income 0.16",0.4375,0.764705882352941,0.6875,0.71875,0,0
39,"core","earned_by_hh_size >= 280 & earned_by_hh_size < 474 & months_since_cert_n >= 9 & rawben_rel_max >= 0.641","4+","national","xgboost","any_error",264,0.4129,0.3448,95.64,0.0114,0.0275,0.0114,1,1,109,"earned income 0.50; other element 0.16; shelter deduction 0.13","wrong amount, known item 0.30; wrong include/exclude decision 0.17; change in circumstances 0.16; method or computation 0.09; household composition 0.08",0.450617283950617,0.761467889908257,0.425925925925926,0.545454545454545,0,0
40,"core","bbce_state_i >= 1 & earned_by_hh_size >= 682 & total_deductions_by_hh_size < 2030 & unc_rawben_rel_max >= 1.44","1","national","xgboost","any_error",74,0.473,0.3445,109.74,0,0,0,3,3,35,"earned income 0.66; other element 0.13","unreported source of income 0.32; change in circumstances 0.19; wrong amount, known item 0.13; other 0.13",0.169811320754717,1,0.320754716981132,0.377358490566038,0,0
41,"core","earned_by_hh_size > 42.2 & HH_size_n > 5.5 & married <= 0 & unearned_by_hh_size > 234","4+","national","ranger","any_error",74,0.473,0.3445,149.27,0.0135,0.0286,0.0135,1,1,35,"earned income 0.35; unearned income 0.33; other element 0.15","wrong amount, known item 0.39; wrong include/exclude decision 0.18; unreported source of income 0.17; household composition 0.15",0.348484848484849,0.485714285714286,0.757575757575758,0.575757575757576,0,0
42,"core","gross_by_hh_size > 1350 & unc_rawben_rel_max > 0.998 & unc_rawben_rel_max <= 1.08","1","national","ranger","any_error",263,0.403,0.3353,77.63,0,0,0,8,4,106,"shelter deduction 0.35; unearned income 0.27; medical deduction 0.27","wrong include/exclude decision 0.52; wrong amount, known item 0.21; unreported source of income 0.14",0.406666666666667,0.990566037735849,0.686666666666667,0.56,0,0
43,"core","earned_by_hh_size >= 87.4 & earned_by_hh_size < 176 & gross_by_hh_size < 496 & rawben_rel_max < 0.876","4+","national","xgboost","any_error",186,0.414,0.3336,81.09,0.0054,0.013,0.0054,1,1,77,"earned income 0.40; unearned income 0.24; shelter deduction 0.15","wrong amount, known item 0.37; wrong include/exclude decision 0.22; unreported source of income 0.11; household composition 0.10",0.553846153846154,0.623376623376623,0.561538461538462,0.653846153846154,0,0
44,"core","months_since_cert_n < 1 & total_deductions_by_hh_size >= 762 & unearned_by_hh_size >= 0.5","2-3","national","xgboost","any_error",37,0.5135,0.3333,128.27,0,0,0,1,1,19,"unearned income 0.33; shelter deduction 0.27; earned income 0.23","wrong amount, known item 0.50; wrong include/exclude decision 0.23; unreported source of income 0.17",0.2,0.842105263157895,0.733333333333333,0.333333333333333,0,0
45,"core","earned_by_hh_size >= 846 & gross_by_hh_size >= 949 & rawben_rel_max >= 0.357 & unearned_by_hh_size < 241","4+","national","xgboost","any_error",37,0.5135,0.3333,120.05,0,0,0,1,1,19,"dep care or child support deduction 0.39; earned income 0.31; shelter deduction 0.14","wrong include/exclude decision 0.33; wrong amount, known item 0.33; other 0.14",0.388888888888889,0.736842105263158,0.694444444444444,0.527777777777778,0,0
46,"core","children_i <= 0 & gross_by_hh_size >= 2140 & rawben_rel_max < 0.381 & unc_rawben_rel_max < 1.17","2-3","national","xgboost","any_error",59,0.4746,0.332,110.97,0.0339,0.0714,0.0339,1,1,28,"other element 0.39; earned income 0.24; shelter deduction 0.19","household composition 0.27; wrong amount, known item 0.20; wrong include/exclude decision 0.16; other 0.14",0.228571428571429,1,0.542857142857143,0.3,0,0
47,"core","medical_deductions > 170 & medical_deductions <= 181 & unc_rawben_rel_max > 0.15 & unearned_by_hh_size > 127","2-3","national","ranger","any_error",42,0.5,0.3311,67.38,0,0,0,4,3,21,"shelter deduction 0.33; unearned income 0.30; earned income 0.09; dep care or child support deduction 0.09","wrong include/exclude decision 0.48; wrong amount, known item 0.30",0.393939393939394,0.80952380952381,0.757575757575758,0.606060606060606,0,0
48,"core","married >= 1 & percent_abawd <= 0.583 & total_deductions_by_hh_size > 690 & unc_rawben_rel_max <= 1","2-3","national","ranger","any_error",291,0.3952,0.331,75.98,0.0172,0.0435,0.0172,10,6,115,"shelter deduction 0.31; medical deduction 0.19; unearned income 0.19; earned income 0.17","wrong include/exclude decision 0.38; wrong amount, known item 0.24; unreported source of income 0.15",0.362694300518135,0.91304347826087,0.590673575129534,0.49740932642487,0,0
49,"core","earned_by_hh_size >= 270 & gross_by_hh_size < 438 & HH_size_n >= 5 & unearned_by_hh_size >= 0.2","4+","national","xgboost","any_error",169,0.4142,0.3301,96.22,0.0059,0.0143,0.0059,2,2,70,"earned income 0.46; unearned income 0.24; shelter deduction 0.17","wrong amount, known item 0.38; wrong include/exclude decision 0.21; unreported source of income 0.13; method or computation 0.07",0.358490566037736,0.714285714285714,0.764150943396226,0.598130841121495,0,0
50,"core","earned_by_hh_size > 947 & rawben_rel_max > 0.356 & rawben_rel_max <= 0.977","4+","national","ranger","any_error",35,0.5143,0.3295,113.91,0,0,0,2,1,18,"dep care or child support deduction 0.35; earned income 0.32; shelter deduction 0.15","wrong include/exclude decision 0.35; wrong amount, known item 0.32; other 0.12",0.441176470588235,0.722222222222222,0.705882352941177,0.588235294117647,0,0
51,"core","medical_deductions >= 172 & months_since_cert_n >= 5 & rawben_rel_max >= 0.139 & shelter_expenses_by_hh_size >= 591","2-3","national","xgboost","any_error",143,0.4196,0.3282,55.26,0.007,0.0167,0.007,4,2,60,"medical deduction 0.43; shelter deduction 0.27; unearned income 0.20","wrong include/exclude decision 0.56; wrong amount, known item 0.22",0.472527472527473,0.95,0.505494505494505,0.626373626373626,0,0
52,"core","elderly_disabled_i <= 0 & gross_by_hh_size > 308 & unc_rawben_rel_max > 0.0787 & unc_rawben_rel_max <= 0.0822","1","national","ranger","any_error",114,0.4298,0.3276,80.79,0,0,0,6,5,49,"unearned income 0.34; earned income 0.33; shelter deduction 0.17","wrong amount, known item 0.39; wrong include/exclude decision 0.27; other 0.14",0.4,0,0.614285714285714,0.714285714285714,0,0
53,"core","earned_by_hh_size >= 87.4 & HH_size_n >= 5 & shelter_expenses_by_hh_size < 352 & total_deductions_by_hh_size >= 278","4+","national","xgboost","any_error",311,0.3891,0.3272,84.44,0.0064,0.0165,0.0064,10,6,121,"earned income 0.36; dep care or child support deduction 0.23; shelter deduction 0.16; unearned income 0.14","wrong include/exclude decision 0.35; wrong amount, known item 0.34; method or computation 0.08",0.480662983425414,0.776859504132231,0.69060773480663,0.60989010989011,0,0
54,"core","HH_size_n >= 5 & months_since_cert_n >= 2 & rawben_rel_max < 0.882 & total_deductions_by_hh_size >= 333","4+","national","xgboost","any_error",250,0.396,0.327,76.24,0,0,0,14,9,99,"earned income 0.35; shelter deduction 0.21; dep care or child support deduction 0.20","wrong amount, known item 0.35; wrong include/exclude decision 0.31; unreported source of income 0.10",0.444444444444444,0.747474747474748,0.654320987654321,0.580246913580247,0,0
55,"core","gross_by_hh_size <= 751 & HH_size_n > 4.5 & total_deductions_by_hh_size > 328 & unc_rawben_rel_max <= 1.01","4+","national","ranger","any_error",198,0.404,0.3265,90.27,0.0101,0.025,0.0101,7,5,80,"earned income 0.26; dep care or child support deduction 0.20; shelter deduction 0.20; unearned income 0.18","wrong amount, known item 0.37; wrong include/exclude decision 0.32; unreported source of income 0.09",0.448529411764706,0.775,0.691176470588235,0.591240875912409,0,0
56,"core","rawben_rel_max > 0.984 & total_deductions_by_hh_size > 548 & unc_rawben_rel_max <= 1","2-3","national","ranger","any_error",117,0.4274,0.3265,115.01,0.0256,0.02,0.0085,2,1,50,"shelter deduction 0.42; dep care or child support deduction 0.19; medical deduction 0.16","wrong amount, known item 0.42; wrong include/exclude decision 0.39",0.304347826086957,0.98,0.768115942028985,0.594202898550725,0,0
57,"core","earned_by_hh_size >= 47.4 & gross_by_hh_size >= 712 & gross_by_hh_size < 740 & total_deductions_by_hh_size >= 333","4+","national","xgboost","any_error",73,0.4521,0.3246,83.59,0,0,0,2,2,33,"earned income 0.36; dep care or child support deduction 0.21; unearned income 0.19","wrong amount, known item 0.47; wrong include/exclude decision 0.19; unreported source of income 0.17",0.191489361702128,0.878787878787879,0.574468085106383,0.425531914893617,0,0
58,"core","gross_by_hh_size > 117 & percent_abawd <= 0.125 & rawben_rel_max <= 0.893 & total_deductions_by_hh_size > 529","4+","national","ranger","any_error",94,0.4362,0.3239,103.28,0,0,0,4,2,41,"dep care or child support deduction 0.42; earned income 0.27; unearned income 0.14","wrong amount, known item 0.41; wrong include/exclude decision 0.30; change in circumstances 0.08",0.36986301369863,0.853658536585366,0.73972602739726,0.479452054794521,0,0
59,"core","months_since_cert_n >= 4 & months_since_cert_n < 7 & shelter_expenses_by_hh_size >= 463 & unearned_by_hh_size >= 500","4+","national","xgboost","any_error",38,0.5,0.3235,97.21,0.0263,0.0526,0.0263,2,2,19,"unearned income 0.29; shelter deduction 0.29; other element 0.12; utility allowance 0.12","wrong include/exclude decision 0.46; wrong amount, known item 0.21; method or computation 0.12",0.416666666666667,0.684210526315789,0.75,0.416666666666667,0,0
60,"core","rawben_rel_max < 0.76 & shelter_expenses_by_hh_size >= 360 & shelter_expenses_by_hh_size < 517 & total_deductions_by_hh_size >= 401","4+","national","xgboost","any_error",145,0.4138,0.3234,76.94,0.0069,0.0167,0.0069,3,2,60,"earned income 0.34; dep care or child support deduction 0.31; shelter deduction 0.18","wrong amount, known item 0.40; wrong include/exclude decision 0.28; other 0.08",0.327102803738318,0.766666666666667,0.672897196261682,0.523364485981308,0,0
61,"core","children_i <= 0 & expedited_i >= 1 & gross_by_hh_size >= 499 & unearned_by_hh_size < 666","2-3","national","xgboost","any_error",97,0.433,0.3226,99.37,0.0722,0.1667,0.0722,2,1,42,"earned income 0.38; other element 0.24; unearned income 0.16","household composition 0.21; unreported source of income 0.21; wrong include/exclude decision 0.17; wrong amount, known item 0.13; other 0.13",0.344262295081967,0.738095238095238,0.655737704918033,0.428571428571429,0,0
62,"core","elderly_disabled_i >= 1 & months_since_cert_n >= 4 & rawben_rel_max >= 0.993 & unc_rawben_rel_max < 1.02","1","national","xgboost","any_error",1353,0.3503,0.3208,52.61,0.0022,0.0021,7e-04,20,10,474,"unearned income 0.42; shelter deduction 0.35","wrong include/exclude decision 0.52; wrong amount, known item 0.20; unreported source of income 0.11",0.431852986217458,0.99789029535865,0.451761102603369,0.603658536585366,0.0214,0.0232
63,"core","bbce_state_i >= 1 & shelter_expenses_by_hh_size > 972 & unc_rawben_rel_max > 0.321 & utilities_sua <= 0.5","1","national","ranger","any_error",300,0.3833,0.3207,66.5,0.02,0.0261,0.01,17,9,115,"shelter deduction 0.45; utility allowance 0.33","wrong include/exclude decision 0.57; wrong amount, known item 0.15; change in circumstances 0.13",0.227488151658768,0.982608695652174,0.601895734597156,0.421800947867299,0.0333,0.0435
64,"core","count_divisible_by_100 > 0.5 & earned_by_hh_size <= 1540 & rawben_rel_max <= 0.98 & total_deductions_by_hh_size > 785","2-3","national","ranger","any_error",41,0.4878,0.3186,73.8,0,0,0,2,1,20,"earned income 0.28; unearned income 0.28; shelter deduction 0.17; dep care or child support deduction 0.14","wrong include/exclude decision 0.33; wrong amount, known item 0.31; unreported source of income 0.25",0.305555555555556,0.9,0.75,0.388888888888889,0,0
65,"core","bbce_state_i >= 1 & earned_by_hh_size >= 635 & shelter_expenses_by_hh_size < 1800 & unc_rawben_rel_max >= 1.38","1","national","xgboost","any_error",109,0.422,0.3182,91.62,0,0,0,2,1,46,"earned income 0.66; other element 0.19","unreported source of income 0.31; change in circumstances 0.19; wrong amount, known item 0.14; limits and thresholds 0.14",0.214285714285714,1,0.271428571428571,0.357142857142857,0,0
66,"core","earned_by_hh_size > 87.9 & homeless <= 0 & total_deductions_by_hh_size > 67.4 & total_deductions_by_hh_size <= 82.1","4+","national","ranger","any_error",101,0.4257,0.318,104,0.0495,0.1163,0.0495,1,1,43,"earned income 0.48; unearned income 0.21; other element 0.14","wrong amount, known item 0.35; unreported source of income 0.15; wrong include/exclude decision 0.14; other 0.12",0.538461538461538,0.465116279069767,0.584615384615385,0.569230769230769,0,0
67,"core","gross_by_hh_size >= 1100 & months_since_cert_n >= 1 & percent_abawd < 0.5 & rawben_rel_max >= 0.529","2-3","national","xgboost","any_error",167,0.4012,0.3174,84.01,0.012,0.0299,0.012,1,1,67,"earned income 0.27; shelter deduction 0.20; dep care or child support deduction 0.18; medical deduction 0.15","wrong include/exclude decision 0.43; wrong amount, known item 0.26; unreported source of income 0.15",0.408602150537634,0.895522388059702,0.634408602150538,0.537634408602151,0,0
68,"core","months_since_cert_n < 21 & rawben_rel_max >= 0.163 & unc_rawben_rel_max < 1.23 & unearned_by_hh_size >= 1100","2-3","national","xgboost","any_error",249,0.3855,0.317,58.86,0,0,0,6,3,96,"shelter deduction 0.34; unearned income 0.25; medical deduction 0.25","wrong include/exclude decision 0.49; wrong amount, known item 0.22; unreported source of income 0.11",0.389705882352941,0.885416666666667,0.669117647058823,0.580882352941177,0,0
69,"core","earned_by_hh_size > 42.6 & earned_by_hh_size <= 367 & HH_size_n > 5.5 & unc_rawben_rel_max <= 0.977","4+","national","ranger","any_error",734,0.3556,0.3157,90.19,0.015,0.0421,0.015,12,8,261,"earned income 0.44; unearned income 0.17; shelter deduction 0.17","wrong amount, known item 0.34; wrong include/exclude decision 0.21; household composition 0.12; unreported source of income 0.12",0.444987775061125,0.60536398467433,0.662591687041565,0.613138686131387,0,0
70,"core","married <= 0 & shelter_expenses_by_hh_size < 311 & total_deductions_by_hh_size >= 333","4+","national","xgboost","any_error",146,0.4041,0.3147,98.92,0.0137,0.0339,0.0137,2,1,59,"earned income 0.29; dep care or child support deduction 0.28; shelter deduction 0.17; unearned income 0.13","wrong include/exclude decision 0.40; wrong amount, known item 0.29; other 0.10",0.436363636363636,0.779661016949153,0.654545454545455,0.5625,0,0
71,"core","earned_by_hh_size <= 166 & elderly_disabled_i >= 1 & rawben_rel_max > 0.994 & unc_rawben_rel_max <= 1","4+","national","ranger","any_error",44,0.4773,0.3145,81.84,0,0,0,2,1,21,"shelter deduction 0.61; other element 0.18","wrong include/exclude decision 0.55; wrong amount, known item 0.15; other 0.12",0.121212121212121,1,0.575757575757576,0.363636363636364,0,0
72,"core","bbce_state_i >= 1 & earned_by_hh_size <= 1010 & shelter_expenses_by_hh_size > 1230 & total_deductions_by_hh_size > 538","2-3","national","ranger","any_error",161,0.3975,0.3125,97.8,0.0248,0.0625,0.0248,3,2,64,"shelter deduction 0.37; earned income 0.27; unearned income 0.23","wrong amount, known item 0.37; wrong include/exclude decision 0.33; unreported source of income 0.13",0.365853658536585,0.90625,0.634146341463415,0.609756097560976,0.0311,0.0625
73,"core","gross_by_hh_size > 485 & rawben_rel_max > 0.997 & shelter_expenses_by_hh_size <= 840 & unearned_by_hh_size > 206","1","national","ranger","any_error",554,0.3574,0.3116,58.25,0,0,0,9,5,198,"unearned income 0.55; shelter deduction 0.17; medical deduction 0.14","wrong include/exclude decision 0.54; unreported source of income 0.16; wrong amount, known item 0.15",0.49290780141844,0.984848484848485,0.5,0.671378091872792,0,0
74,"core","rawben_rel_max >= 0.744 & total_deductions_by_hh_size >= 756 & unc_rawben_rel_max < 1.09 & utilities_sua < 2","1","national","xgboost","any_error",716,0.3506,0.3103,54.9,0.0349,0.0518,0.0182,29,18,251,"shelter deduction 0.35; utility allowance 0.34; unearned income 0.14","wrong include/exclude decision 0.61; wrong amount, known item 0.18",0.326530612244898,0.9800796812749,0.625,0.5,0.007,0.012
75,"core","children_i >= 1 & total_deductions_by_hh_size > 428 & unc_rawben_rel_max > 0.995 & unc_rawben_rel_max <= 1","2-3","national","ranger","any_error",79,0.4304,0.3094,97.99,0.038,0.0294,0.0127,1,1,34,"shelter deduction 0.30; dep care or child support deduction 0.21; unearned income 0.12; other element 0.11; utility allowance 0.11","wrong include/exclude decision 0.43; wrong amount, known item 0.29; other 0.11",0.303571428571429,0.911764705882353,0.785714285714286,0.535714285714286,0,0
76,"core","earned_by_hh_size > 79.2 & months_since_cert_n > 7.5 & rawben_rel_max > 0.585","4+","national","ranger","any_error",1021,0.3418,0.3082,82.05,0.0118,0.0315,0.0108,2,1,349,"earned income 0.51; shelter deduction 0.15; other element 0.12","wrong amount, known item 0.31; wrong include/exclude decision 0.19; change in circumstances 0.14; unreported source of income 0.12",0.433962264150943,0.744985673352435,0.456603773584906,0.542056074766355,0.0176,0.0201
77,"core","shelter_expenses_by_hh_size >= 431 & unc_rawben_rel_max < 1 & unearned_by_hh_size >= 146 & unearned_by_hh_size < 242","4+","national","xgboost","any_error",138,0.3986,0.3072,102.79,0.029,0.0545,0.0217,9,5,55,"earned income 0.33; unearned income 0.29; shelter deduction 0.17","wrong amount, known item 0.38; unreported source of income 0.13; wrong include/exclude decision 0.13; method or computation 0.10; change in circumstances 0.09",0.388888888888889,0.727272727272727,0.644444444444444,0.555555555555556,0,0
78,"core","earned_by_hh_size > 83.4 & gross_by_hh_size <= 455 & total_deductions_by_hh_size > 348","4+","national","ranger","any_error",77,0.4286,0.3064,139.79,0.026,0.0606,0.026,2,2,33,"earned income 0.46; dep care or child support deduction 0.19; shelter deduction 0.12","wrong amount, known item 0.31; wrong include/exclude decision 0.21; unreported source of income 0.13; change in circumstances 0.12",0.392156862745098,0.939393939393939,0.588235294117647,0.519230769230769,0,0
79,"core","gross_by_hh_size >= 1420 & months_since_cert_n < 7 & total_deductions_by_hh_size >= 848 & utilities_sua >= 2","2-3","national","xgboost","any_error",72,0.4306,0.3044,66.03,0.0139,0.0323,0.0139,2,1,31,"earned income 0.27; unearned income 0.20; dep care or child support deduction 0.17; shelter deduction 0.15","wrong amount, known item 0.37; wrong include/exclude decision 0.27; other 0.10; unreported source of income 0.08",0.423728813559322,0.806451612903226,0.728813559322034,0.474576271186441,0,0
80,"core","gross_by_hh_size > 705 & unc_rawben_rel_max > 0.647 & unearned_by_hh_size > 192 & utilities_sua <= 0.5","1","national","ranger","any_error",496,0.3508,0.3028,52.62,0.006,0.0057,0.002,10,5,174,"shelter deduction 0.38; utility allowance 0.27; unearned income 0.17","wrong include/exclude decision 0.60; wrong amount, known item 0.15; change in circumstances 0.10",0.321917808219178,0.942528735632184,0.599315068493151,0.513698630136986,0.0081,0
81,"core","HH_size_n <= 5.5 & total_deductions_by_hh_size > 607 & utilities_sua > 0.5","4+","national","ranger","any_error",67,0.4328,0.3023,113.9,0,0,0,4,2,29,"dep care or child support deduction 0.36; earned income 0.24; shelter deduction 0.15; unearned income 0.13","wrong amount, known item 0.35; wrong include/exclude decision 0.31; unreported source of income 0.11",0.358490566037736,0.931034482758621,0.716981132075472,0.436363636363636,0,0
82,"core","earned_by_hh_size >= 469 & gross_by_hh_size < 1280 & shelter_expenses_by_hh_size < 894 & unc_rawben_rel_max >= 1.36","1","national","xgboost","any_error",132,0.3939,0.3011,87.38,0,0,0,2,1,52,"earned income 0.63; shelter deduction 0.16","unreported source of income 0.29; wrong amount, known item 0.20; change in circumstances 0.18; wrong include/exclude decision 0.16",0.259259259259259,1,0.493827160493827,0.292682926829268,0,0
83,"core","shelter_expenses_by_hh_size > 1460 & unc_rawben_rel_max <= 1.04 & utilities_sua <= 0.5","1","national","ranger","any_error",54,0.4444,0.2995,86.2,0.037,0.0833,0.037,1,1,24,"shelter deduction 0.39; utility allowance 0.33; earned income 0.11","wrong include/exclude decision 0.57; wrong amount, known item 0.15; unreported source of income 0.09",0.152173913043478,0.916666666666667,0.673913043478261,0.391304347826087,0,0
84,"core","earned_by_hh_size >= 126 & gross_by_hh_size < 190 & unc_rawben_rel_max >= 1.08 & unc_rawben_rel_max < 1.11","2-3","national","xgboost","any_error",46,0.4565,0.2994,134.3,0,0,0,1,1,21,"earned income 0.75","unreported source of income 0.32; wrong amount, known item 0.25; wrong include/exclude decision 0.21",0.25,0.952380952380952,0.642857142857143,0.392857142857143,0,0
85,"core","percent_abawd > 0.167 & rawben_rel_max <= 0.996 & total_deductions_by_hh_size > 480 & utilities_sua <= 1.5","2-3","national","ranger","any_error",33,0.4848,0.2994,84.94,0.0303,0.0625,0.0303,2,2,16,"earned income 0.36; other element 0.14; shelter deduction 0.14; dep care or child support deduction 0.14","other 0.21; wrong include/exclude decision 0.21; unreported source of income 0.18; wrong amount, known item 0.18",0.142857142857143,0.875,0.535714285714286,0.214285714285714,0,0
86,"core","count_divisible_by_100 > 1.5 & married >= 1 & rawben_rel_max > 0.634","4+","national","ranger","any_error",33,0.4848,0.2994,111.33,0,0,0,1,1,16,"earned income 0.55; shelter deduction 0.24","wrong amount, known item 0.34; wrong include/exclude decision 0.24; unreported source of income 0.17",0.259259259259259,0.6875,0.666666666666667,0.448275862068966,0,0
87,"core","children_i >= 1 & months_since_cert_n < 4 & shelter_expenses_by_hh_size < 915 & unc_rawben_rel_max < 0.701","1","national","xgboost","any_error",68,0.4265,0.2975,58.4,0.0294,0.069,0.0294,2,2,29,"other element 0.37; shelter deduction 0.21; unearned income 0.18","household composition 0.37; wrong include/exclude decision 0.26; wrong amount, known item 0.18",0.394736842105263,0.137931034482759,0.684210526315789,0.684210526315789,0,0
88,"core","gross_by_hh_size >= 91.5 & rawben_rel_max < 0.699 & shelter_expenses_by_hh_size < 700 & total_deductions_by_hh_size >= 670","2-3","national","xgboost","any_error",119,0.395,0.2975,72.76,0.0168,0.0426,0.0168,2,1,47,"earned income 0.35; dep care or child support deduction 0.24; shelter deduction 0.13; unearned income 0.13","wrong include/exclude decision 0.33; wrong amount, known item 0.26; unreported source of income 0.12; household composition 0.08",0.280898876404494,0.808510638297872,0.629213483146067,0.404494382022472,0,0
89,"core","shelter_expenses_by_hh_size > 1220 & total_deductions_by_hh_size > 481 & unearned_by_hh_size > 62.2","2-3","national","ranger","any_error",157,0.3822,0.2973,85.57,0.0191,0.05,0.0191,3,2,60,"shelter deduction 0.39; earned income 0.23; unearned income 0.23","wrong amount, known item 0.39; wrong include/exclude decision 0.32; unreported source of income 0.12",0.295454545454545,0.916666666666667,0.636363636363636,0.556818181818182,0,0
90,"core","HH_size_n > 2.5 & percent_abawd > 0.167 & shelter_expenses_by_hh_size <= 1700 & total_deductions_by_hh_size > 541","2-3","national","ranger","any_error",36,0.4722,0.2954,85.81,0,0,0,1,1,17,"unearned income 0.28; other element 0.25; shelter deduction 0.19; dep care or child support deduction 0.16","wrong include/exclude decision 0.28; unreported source of income 0.19; wrong amount, known item 0.16; change in circumstances 0.12",0.375,0.882352941176471,0.90625,0.625,0,0
91,"core","HH_size_n >= 7 & rawben_rel_max < 0.782 & shelter_expenses_by_hh_size < 111 & utilities_sua < 2","4+","national","xgboost","any_error",52,0.4423,0.2952,114.27,0,0,0,2,2,23,"earned income 0.35; unearned income 0.26; other element 0.23","wrong amount, known item 0.32; household composition 0.23; wrong include/exclude decision 0.16; unreported source of income 0.16",0.387096774193548,0.565217391304348,0.645161290322581,0.548387096774194,0,0
92,"core","gross_by_hh_size >= 1880 & medical_deductions < 216 & shelter_expenses_by_hh_size >= 1920 & total_deductions_by_hh_size >= 1570","1","national","xgboost","any_error",170,0.3765,0.2951,62.76,0.0353,0.0938,0.0353,6,4,64,"shelter deduction 0.30; unearned income 0.24; earned income 0.20; medical deduction 0.10","wrong include/exclude decision 0.39; wrong amount, known item 0.25; unreported source of income 0.16",0.393258426966292,0.859375,0.550561797752809,0.49438202247191,0,0
93,"core","gross_by_hh_size > 220 & shelter_expenses_by_hh_size > 745 & total_deductions_by_hh_size <= 476 & unearned_by_hh_size <= 262","2-3","national","ranger","any_error",120,0.3917,0.2948,92.19,0.0083,0.0213,0.0083,4,4,47,"earned income 0.70; unearned income 0.12","wrong amount, known item 0.35; unreported source of income 0.23; other 0.11; method or computation 0.11",0.368421052631579,0.851063829787234,0.631578947368421,0.456140350877193,0.1417,0.234
94,"core","bbce_state_i >= 1 & gross_by_hh_size >= 581 & shelter_expenses_by_hh_size < 1100 & unc_rawben_rel_max >= 1.24","2-3","national","xgboost","any_error",44,0.4545,0.2947,137.73,0,0,0,1,1,20,"earned income 0.31; unearned income 0.25; shelter deduction 0.12; dep care or child support deduction 0.09","wrong include/exclude decision 0.41; wrong amount, known item 0.28; change in circumstances 0.09",0.3125,0.9,0.53125,0.5,0,0
95,"core","children_i <= 0 & earned_by_hh_size >= 432 & shelter_expenses_by_hh_size < 940 & unc_rawben_rel_max >= 1.38","1","national","xgboost","any_error",129,0.3876,0.2943,85.73,0,0,0,2,1,50,"earned income 0.63; shelter deduction 0.14","unreported source of income 0.27; wrong include/exclude decision 0.21; change in circumstances 0.18; wrong amount, known item 0.18",0.324675324675325,1,0.545454545454545,0.397435897435897,0,0
96,"core","rawben_rel_max <= 0.99 & total_deductions_by_hh_size > 213 & unearned_by_hh_size > 20.5 & unearned_by_hh_size <= 59.3","4+","national","ranger","any_error",228,0.364,0.2939,72.53,0,0,0,3,2,83,"earned income 0.36; unearned income 0.29; shelter deduction 0.16","wrong amount, known item 0.44; wrong include/exclude decision 0.26; unreported source of income 0.09",0.405797101449275,0.746987951807229,0.58695652173913,0.546762589928058,0,0
97,"core","gross_by_hh_size >= 456 & months_since_cert_n >= 11 & unc_rawben_rel_max >= 1.2","2-3","national","xgboost","any_error",31,0.4839,0.2936,153.23,0,0,0,1,1,15,"unearned income 0.47; earned income 0.21; shelter deduction 0.16","wrong include/exclude decision 0.42; wrong amount, known item 0.26; household composition 0.11",0.421052631578947,0.866666666666667,0.368421052631579,0.526315789473684,0,0
98,"core","HH_size_n > 5.5 & rawben_rel_max <= 0.975 & unearned_by_hh_size > 21.6 & unearned_by_hh_size <= 45.8","4+","national","ranger","any_error",83,0.4096,0.2934,90.84,0,0,0,1,1,34,"earned income 0.49; unearned income 0.24; shelter deduction 0.14","wrong amount, known item 0.42; wrong include/exclude decision 0.20; unreported source of income 0.15",0.322033898305085,0.705882352941177,0.508474576271186,0.440677966101695,0,0
99,"core","gross_by_hh_size > 201 & shelter_expenses_by_hh_size <= 102 & unearned_by_hh_size > 27.3 & unearned_by_hh_size <= 212","4+","national","ranger","any_error",284,0.3556,0.2928,74.64,0,0,0,3,2,101,"earned income 0.44; unearned income 0.26; other element 0.15","wrong amount, known item 0.36; wrong include/exclude decision 0.19; household composition 0.12; change in circumstances 0.10",0.398773006134969,0.475247524752475,0.711656441717791,0.613496932515337,0,0
100,"core","earned_by_hh_size <= 1140 & HH_size_n <= 2.5 & shelter_expenses_by_hh_size > 1410","2-3","national","ranger","any_error",81,0.4074,0.2901,114.47,0.037,0.0909,0.037,1,1,33,"earned income 0.37; shelter deduction 0.32; unearned income 0.20","wrong amount, known item 0.39; wrong include/exclude decision 0.27; unreported source of income 0.20",0.317073170731707,0.909090909090909,0.585365853658537,0.560975609756098,0.0123,0.0303
101,"buffer","earned_by_hh_size < 541 & gross_by_hh_size >= 459 & shelter_expenses_by_hh_size >= 216 & utilities_sua < 2","4+","national","xgboost","any_error",118,0.3898,0.2924,63.71,0,0,0,2,2,46,"earned income 0.25; unearned income 0.23; shelter deduction 0.20; utility allowance 0.15","wrong include/exclude decision 0.33; wrong amount, known item 0.32; household composition 0.09; unreported source of income 0.06",0.455696202531646,0.565217391304348,0.632911392405063,0.62962962962963,0,0
102,"buffer","earned_by_hh_size > 42.2 & earned_by_hh_size <= 413 & gross_by_hh_size > 227 & HH_size_n > 4.5","4+","national","ranger","any_error",1586,0.3178,0.2912,73.68,0.0095,0.0298,0.0095,25,13,504,"earned income 0.45; unearned income 0.19; shelter deduction 0.16","wrong amount, known item 0.36; wrong include/exclude decision 0.20; unreported source of income 0.12; household composition 0.09",0.430025445292621,0.672619047619048,0.648854961832061,0.591139240506329,0,0
103,"buffer","gross_by_hh_size >= 557 & HH_size_n >= 6 & total_deductions_by_hh_size >= 239","4+","national","xgboost","any_error",299,0.3512,0.2901,87.96,0.0033,0.0095,0.0033,17,9,105,"earned income 0.36; shelter deduction 0.19; unearned income 0.17; dep care or child support deduction 0.13","wrong amount, known item 0.31; wrong include/exclude decision 0.28; method or computation 0.10; unreported source of income 0.10",0.38121546961326,0.704761904761905,0.613259668508287,0.546961325966851,0,0
104,"buffer","months_since_cert_n < 3 & shelter_expenses_by_hh_size >= 1020 & unearned_by_hh_size >= 318","2-3","national","xgboost","any_error",116,0.3879,0.2899,76.74,0.0172,0.0444,0.0172,2,2,45,"shelter deduction 0.36; unearned income 0.27; earned income 0.17","wrong amount, known item 0.38; wrong include/exclude decision 0.29; unreported source of income 0.16",0.376623376623377,0.844444444444444,0.831168831168831,0.519480519480519,0.0086,0.0222
105,"buffer","elderly_disabled_i <= 0 & rawben_rel_max <= 0.312 & unc_rawben_rel_max > 0.0769 & unearned_by_hh_size > 268","1","national","ranger","any_error",143,0.3776,0.2894,71.04,0.028,0.0741,0.028,3,2,54,"unearned income 0.56; shelter deduction 0.16; utility allowance 0.10","wrong amount, known item 0.46; wrong include/exclude decision 0.28; other 0.14",0.417721518987342,0.111111111111111,0.658227848101266,0.708860759493671,0,0
106,"buffer","gross_by_hh_size >= 2440 & shelter_expenses_by_hh_size >= 2090 & total_deductions_by_hh_size >= 1240","1","national","xgboost","any_error",70,0.4143,0.2883,75.86,0.1,0.2414,0.1,2,1,29,"earned income 0.27; shelter deduction 0.25; unearned income 0.18; other element 0.11","wrong amount, known item 0.34; wrong include/exclude decision 0.25; unreported source of income 0.18",0.386363636363636,0.896551724137931,0.522727272727273,0.545454545454545,0,0
107,"buffer","earned_by_hh_size > 81.8 & months_since_cert_n > 14.5 & rawben_rel_max <= 0.397 & utilities_sua > 0.5","2-3","national","ranger","any_error",56,0.4286,0.2878,85.3,0.0536,0.125,0.0536,1,1,24,"earned income 0.34; other element 0.29; shelter deduction 0.17","wrong include/exclude decision 0.23; unreported source of income 0.15; wrong amount, known item 0.14; change in circumstances 0.11; limits and thresholds 0.11; household composition 0.09",0.290322580645161,0.708333333333333,0.225806451612903,0.306451612903226,0,0
108,"buffer","gross_by_hh_size >= 425 & months_since_cert_n >= 4 & shelter_expenses_by_hh_size >= 463 & total_deductions_by_hh_size < 384","4+","national","xgboost","any_error",314,0.3471,0.2877,86.03,0.0096,0.0275,0.0096,12,7,109,"earned income 0.40; unearned income 0.20; shelter deduction 0.18","wrong amount, known item 0.29; wrong include/exclude decision 0.21; unreported source of income 0.12; change in circumstances 0.12; method or computation 0.09",0.344632768361582,0.678899082568807,0.514124293785311,0.531073446327684,0,0
109,"buffer","children_i <= 0 & expedited_i >= 1 & gross_by_hh_size >= 518","2-3","national","xgboost","any_error",156,0.3718,0.2875,84.55,0.0449,0.1207,0.0449,4,2,58,"earned income 0.32; other element 0.25; shelter deduction 0.17; unearned income 0.17","wrong include/exclude decision 0.21; household composition 0.20; unreported source of income 0.20; wrong amount, known item 0.14",0.365853658536585,0.741379310344828,0.597560975609756,0.452380952380952,0,0
110,"buffer","earned_by_hh_size >= 704 & unc_rawben_rel_max >= 1.53","1","national","xgboost","any_error",76,0.4079,0.2872,96.41,0,0,0,4,2,31,"earned income 0.62; shelter deduction 0.12","unreported source of income 0.33; change in circumstances 0.21; wrong include/exclude decision 0.19; other 0.12",0.25,1,0.375,0.375,0,0
111,"buffer","earned_by_hh_size > 32.2 & gross_by_hh_size > 190 & shelter_expenses_by_hh_size > 747 & unearned_by_hh_size > 459","2-3","national","ranger","any_error",238,0.3529,0.2849,73.83,0.0084,0.0238,0.0084,6,4,84,"earned income 0.35; shelter deduction 0.23; unearned income 0.20","wrong amount, known item 0.24; unreported source of income 0.20; wrong include/exclude decision 0.20; other 0.12",0.24390243902439,0.833333333333333,0.475609756097561,0.390243902439024,0,0
112,"buffer","bbce_state_i >= 1 & earned_by_hh_size > 205 & expedited_i >= 1 & rawben_rel_max <= 0.906","2-3","national","ranger","any_error",317,0.3438,0.2849,74.09,0.0284,0.0826,0.0284,4,3,109,"earned income 0.44; other element 0.21; shelter deduction 0.15","wrong amount, known item 0.27; wrong include/exclude decision 0.21; household composition 0.14; unreported source of income 0.14",0.353260869565217,0.596330275229358,0.543478260869565,0.572972972972973,0,0
113,"buffer","medical_deductions < 3 & rawben_rel_max < 0.08 & shelter_expenses_by_hh_size < 977 & unc_rawben_rel_max >= 0.076","1","national","xgboost","any_error",106,0.3868,0.2848,64.46,0.0094,0.0244,0.0094,3,3,41,"shelter deduction 0.36; unearned income 0.27; earned income 0.18","wrong include/exclude decision 0.50; wrong amount, known item 0.21; change in circumstances 0.11",0.571428571428571,0.024390243902439,0.732142857142857,0.785714285714286,0,0
114,"buffer","count_divisible_by_100 > 0.5 & married >= 1 & shelter_expenses_by_hh_size > 245 & total_deductions_by_hh_size <= 273","4+","national","ranger","any_error",106,0.3868,0.2848,73.92,0.0094,0,0,3,3,41,"earned income 0.40; unearned income 0.21; shelter deduction 0.19","unreported source of income 0.27; wrong include/exclude decision 0.27; wrong amount, known item 0.19; method or computation 0.10",0.266666666666667,0.731707317073171,0.7,0.483870967741935,0.0189,0.0244
115,"buffer","gross_by_hh_size <= 834 & months_since_cert_n > 7.5 & total_deductions_by_hh_size > 559 & unc_rawben_rel_max <= 1.03","1","national","ranger","any_error",355,0.338,0.2825,49.09,0.0085,0.0083,0.0028,5,3,120,"unearned income 0.60; shelter deduction 0.20","wrong include/exclude decision 0.43; wrong amount, known item 0.25; unreported source of income 0.10",0.505208333333333,0.933333333333333,0.322916666666667,0.725388601036269,0,0
116,"buffer","earned_by_hh_size < 1200 & total_deductions_by_hh_size >= 1110","2-3","national","xgboost","any_error",86,0.3953,0.2824,103.19,0.0116,0.0294,0.0116,2,1,34,"shelter deduction 0.28; earned income 0.20; medical deduction 0.18; unearned income 0.14","wrong include/exclude decision 0.40; wrong amount, known item 0.26; method or computation 0.08; household composition 0.08",0.36,0.911764705882353,0.64,0.52,0,0
117,"buffer","gross_by_hh_size >= 311 & months_since_cert_n < 1 & total_deductions_by_hh_size >= 206 & utilities_sua < 1","2-3","national","xgboost","any_error",104,0.3846,0.282,62.36,0,0,0,2,2,40,"earned income 0.41; shelter deduction 0.23; other element 0.11; unearned income 0.11","wrong amount, known item 0.32; wrong include/exclude decision 0.30; unreported source of income 0.12",0.339285714285714,0.625,0.964285714285714,0.678571428571429,0.0288,0.05
118,"buffer","earned_by_hh_size < 796 & percent_abawd < 0.182 & shelter_expenses_by_hh_size < 424 & total_deductions_by_hh_size >= 351","4+","national","xgboost","any_error",343,0.3382,0.2817,70.74,0.0087,0.0259,0.0087,4,2,116,"earned income 0.33; dep care or child support deduction 0.27; shelter deduction 0.15; unearned income 0.14","wrong include/exclude decision 0.33; wrong amount, known item 0.31; other 0.09; method or computation 0.08",0.441340782122905,0.801724137931034,0.620111731843575,0.551912568306011,0,0
119,"buffer","earned_by_hh_size > 120 & earned_by_hh_size <= 258 & gross_by_hh_size > 244 & unc_rawben_rel_max <= 1.21","2-3","national","ranger","any_error",645,0.3209,0.2798,69.17,0.0078,0.0145,0.0047,14,13,207,"earned income 0.56; unearned income 0.18; shelter deduction 0.14","wrong amount, known item 0.36; wrong include/exclude decision 0.20; unreported source of income 0.14; change in circumstances 0.12",0.397476340694006,0.72463768115942,0.574132492113565,0.569182389937107,0.0853,0.1836
120,"buffer","gross_by_hh_size >= 698 & rawben_rel_max < 0.39 & unc_rawben_rel_max >= 0.372 & unearned_by_hh_size < 123","4+","national","xgboost","any_error",117,0.3761,0.2796,81.44,0,0,0,4,2,44,"earned income 0.43; other element 0.16; shelter deduction 0.14; unearned income 0.13","wrong amount, known item 0.31; wrong include/exclude decision 0.25; unreported source of income 0.12; household composition 0.09",0.38961038961039,0.681818181818182,0.480519480519481,0.623376623376623,0,0
121,"buffer","earned_by_hh_size >= 706 & earned_by_hh_size < 969 & months_since_cert_n >= 2 & shelter_expenses_by_hh_size >= 894","2-3","national","xgboost","any_error",105,0.381,0.2791,82.26,0.0095,0.025,0.0095,4,3,40,"earned income 0.51; unearned income 0.21; other element 0.13","wrong amount, known item 0.26; unreported source of income 0.18; change in circumstances 0.16; other 0.16",0.442622950819672,0.8,0.311475409836066,0.540983606557377,0,0
122,"buffer","earned_by_hh_size > 4.75 & rawben_rel_max > 0.402 & unc_rawben_rel_max <= 1 & unearned_by_hh_size > 236","2-3","national","ranger","any_error",841,0.3151,0.2791,55.97,0.0083,0.0189,0.0059,24,14,265,"earned income 0.43; unearned income 0.22; shelter deduction 0.19","wrong amount, known item 0.32; wrong include/exclude decision 0.23; unreported source of income 0.15; change in circumstances 0.11",0.395238095238095,0.656603773584906,0.583333333333333,0.553444180522565,0.0012,0.0038
123,"buffer","gross_by_hh_size < 669 & rawben_rel_max < 0.942 & shelter_expenses_by_hh_size >= 219 & utilities_sua < 2","4+","national","xgboost","any_error",262,0.3435,0.2791,60.53,0.0038,0.0111,0.0038,9,5,90,"earned income 0.29; shelter deduction 0.24; unearned income 0.19; utility allowance 0.18","wrong include/exclude decision 0.34; wrong amount, known item 0.31; change in circumstances 0.09; unreported source of income 0.07",0.444444444444444,0.677777777777778,0.625,0.564625850340136,0,0
124,"buffer","bbce_state_i >= 1 & rawben_rel_max > 0.624 & total_deductions_by_hh_size > 542 & utilities_sua <= 1.5","2-3","national","ranger","any_error",164,0.3598,0.2784,91.55,0.0122,0.0339,0.0122,5,3,59,"earned income 0.42; shelter deduction 0.25; dep care or child support deduction 0.12","wrong include/exclude decision 0.36; wrong amount, known item 0.31; unreported source of income 0.11",0.273809523809524,0.915254237288136,0.666666666666667,0.547619047619048,0.0671,0.1356
125,"buffer","months_since_cert_n >= 3 & total_deductions_by_hh_size >= 460 & unearned_by_hh_size < 88.8","4+","national","xgboost","any_error",136,0.3676,0.2783,82.49,0,0,0,4,2,50,"dep care or child support deduction 0.44; earned income 0.31","wrong amount, known item 0.37; wrong include/exclude decision 0.32; change in circumstances 0.13",0.323529411764706,0.84,0.676470588235294,0.441176470588235,0,0
126,"buffer","earned_by_hh_size >= 451 & gross_by_hh_size < 608 & percent_abawd >= 0.333 & shelter_expenses_by_hh_size < 369","2-3","national","xgboost","any_error",55,0.4182,0.2777,84.11,0.0545,0.1304,0.0545,1,1,23,"earned income 0.42; shelter deduction 0.25; other element 0.23","wrong amount, known item 0.30; wrong include/exclude decision 0.30; other 0.17",0.325,0.521739130434783,0.65,0.45,0,0
127,"buffer","elderly_disabled_i <= 0 & gross_by_hh_size <= 1150 & rawben_rel_max <= 0.998 & unc_rawben_rel_max <= 0.306","1","national","ranger","any_error",58,0.4138,0.2771,78.38,0.0172,0.0417,0.0172,2,1,24,"unearned income 0.48; shelter deduction 0.21; utility allowance 0.15","wrong amount, known item 0.36; wrong include/exclude decision 0.27; other 0.21",0.545454545454545,0.0416666666666667,0.727272727272727,0.818181818181818,0,0
128,"buffer","bbce_state_i >= 1 & earned_by_hh_size > 42.2 & earned_by_hh_size <= 440 & shelter_expenses_by_hh_size > 311","4+","national","ranger","any_error",990,0.3101,0.277,83.23,0.0101,0.0293,0.0091,28,14,307,"earned income 0.50; unearned income 0.18; shelter deduction 0.14","wrong amount, known item 0.33; unreported source of income 0.19; wrong include/exclude decision 0.18; change in circumstances 0.09",0.423982869379015,0.785016286644951,0.676659528907923,0.575371549893843,0.0505,0.1075
129,"buffer","earned_by_hh_size > 41 & elderly_disabled_i >= 1 & rawben_rel_max > 0.539 & total_deductions_by_hh_size <= 254","2-3","national","ranger","any_error",64,0.4062,0.2762,69.73,0,0,0,2,2,26,"earned income 0.61; unearned income 0.13; shelter deduction 0.11","wrong amount, known item 0.32; wrong include/exclude decision 0.24; unreported source of income 0.21",0.473684210526316,0.653846153846154,0.552631578947368,0.684210526315789,0.0156,0.0385
130,"buffer","married <= 0 & total_deductions_by_hh_size > 335 & total_deductions_by_hh_size <= 340","4+","national","ranger","any_error",67,0.403,0.276,73.31,0,0,0,2,1,27,"earned income 0.39; dep care or child support deduction 0.18; shelter deduction 0.18","wrong amount, known item 0.37; wrong include/exclude decision 0.31; unreported source of income 0.10",0.291666666666667,0.777777777777778,0.645833333333333,0.551020408163265,0,0
131,"buffer","earned_by_hh_size > 45.9 & months_since_cert_n > 2.5 & total_deductions_by_hh_size <= 120 & utilities_sua <= 0.5","4+","national","ranger","any_error",169,0.355,0.2751,88.1,0.0296,0.0833,0.0296,1,1,60,"earned income 0.58; unearned income 0.17","wrong amount, known item 0.36; wrong include/exclude decision 0.22; unreported source of income 0.18",0.348314606741573,0.683333333333333,0.471910112359551,0.48314606741573,0,0
132,"buffer","bbce_state_i >= 1 & gross_by_hh_size > 71.8 & HH_size_n > 5.5 & months_since_cert_n > 4.5","4+","national","ranger","any_error",1039,0.307,0.2748,77.34,0.0096,0.0282,0.0087,14,7,319,"earned income 0.43; unearned income 0.20; shelter deduction 0.16","wrong amount, known item 0.33; wrong include/exclude decision 0.20; unreported source of income 0.11; household composition 0.09; change in circumstances 0.09",0.432377049180328,0.677115987460815,0.495901639344262,0.591836734693878,0,0
133,"buffer","bbce_state_i >= 1 & elderly_disabled_i >= 1 & gross_by_hh_size > 502 & rawben_rel_max > 0.514","4+","national","ranger","any_error",228,0.3421,0.2734,67.31,0.0044,0.0128,0.0044,4,2,78,"unearned income 0.27; earned income 0.26; shelter deduction 0.22","wrong amount, known item 0.38; wrong include/exclude decision 0.32; other 0.06",0.512,0.666666666666667,0.648,0.648,0,0
134,"buffer","gross_by_hh_size < 1280 & months_since_cert_n >= 17 & total_deductions_by_hh_size >= 598 & utilities_sua < 2","1","national","xgboost","any_error",212,0.3443,0.2732,50.56,0.0283,0.0685,0.0236,8,5,73,"utility allowance 0.33; shelter deduction 0.32; unearned income 0.14","wrong include/exclude decision 0.50; wrong amount, known item 0.22; change in circumstances 0.08",0.369230769230769,0.917808219178082,0.446153846153846,0.515384615384615,0,0
135,"buffer","gross_by_hh_size >= 627 & shelter_expenses_by_hh_size < 586 & total_deductions_by_hh_size >= 390 & utilities_sua >= 2","4+","national","xgboost","any_error",417,0.3237,0.273,61.65,0.0048,0.0148,0.0048,16,8,135,"earned income 0.33; dep care or child support deduction 0.28; shelter deduction 0.16","wrong amount, known item 0.35; wrong include/exclude decision 0.31; unreported source of income 0.08; other 0.08",0.441964285714286,0.733333333333333,0.696428571428571,0.586666666666667,0,0
136,"buffer","expedited_i >= 1 & rawben_rel_max > 0.464 & rawben_rel_max <= 0.951 & shelter_expenses_by_hh_size <= 602","4+","national","ranger","any_error",367,0.327,0.2729,70.72,0.0082,0.025,0.0082,1,1,120,"earned income 0.34; unearned income 0.22; other element 0.17; shelter deduction 0.16","wrong amount, known item 0.35; wrong include/exclude decision 0.27; household composition 0.10; change in circumstances 0.10",0.49238578680203,0.583333333333333,0.487309644670051,0.66497461928934,0,0
137,"buffer","shelter_expenses_by_hh_size > 546 & unearned_by_hh_size > 600 & unearned_by_hh_size <= 898 & utilities_sua <= 0.5","1","national","ranger","any_error",161,0.354,0.2724,46.11,0.0062,0,0,2,2,57,"unearned income 0.46; shelter deduction 0.27; utility allowance 0.20","wrong include/exclude decision 0.48; wrong amount, known item 0.27; unreported source of income 0.07",0.433734939759036,0.859649122807018,0.614457831325301,0.578313253012048,0,0
138,"buffer","count_divisible_by_100 >= 1 & earned_by_hh_size >= 1010 & shelter_expenses_by_hh_size >= 741","2-3","national","xgboost","any_error",56,0.4107,0.2723,72.98,0.0357,0.087,0.0357,1,1,23,"earned income 0.35; unearned income 0.28; shelter deduction 0.15","wrong amount, known item 0.33; unreported source of income 0.25; wrong include/exclude decision 0.12; other 0.10",0.275,0.869565217391304,0.5,0.225,0,0
139,"buffer","gross_by_hh_size > 237 & shelter_expenses_by_hh_size > 1140 & unearned_by_hh_size > 244","2-3","national","ranger","any_error",252,0.3373,0.2721,71.17,0.0198,0.0471,0.0159,4,2,85,"shelter deduction 0.38; unearned income 0.28; earned income 0.19","wrong amount, known item 0.34; wrong include/exclude decision 0.30; unreported source of income 0.15",0.32089552238806,0.858823529411765,0.597014925373134,0.552238805970149,0.0238,0.0353
140,"buffer","rawben_rel_max > 0.639 & shelter_expenses_by_hh_size > 769 & total_deductions_by_hh_size > 113 & utilities_sua <= 1.5","2-3","national","ranger","any_error",83,0.3855,0.2719,107.83,0,0,0,2,2,32,"earned income 0.27; unearned income 0.25; shelter deduction 0.23","wrong include/exclude decision 0.32; unreported source of income 0.25; wrong amount, known item 0.20",0.25,0.875,0.613636363636364,0.454545454545455,0.0843,0.1875
141,"buffer","percent_abawd >= 0.182 & rawben_rel_max < 0.966 & shelter_expenses_by_hh_size >= 248 & total_deductions_by_hh_size < 272","4+","national","xgboost","any_error",117,0.3675,0.2718,79.95,0.0256,0.0698,0.0256,3,3,43,"earned income 0.40; unearned income 0.23; shelter deduction 0.21","wrong include/exclude decision 0.31; wrong amount, known item 0.26; unreported source of income 0.11; other 0.11",0.435483870967742,0.627906976744186,0.661290322580645,0.629032258064516,0,0
142,"buffer","gross_by_hh_size >= 567 & gross_by_hh_size < 603 & unc_rawben_rel_max >= 0.611 & unearned_by_hh_size < 58.8","4+","national","xgboost","any_error",155,0.3548,0.2717,83.74,0.0065,0.0182,0.0065,6,4,55,"earned income 0.48; shelter deduction 0.17; dep care or child support deduction 0.13","wrong amount, known item 0.27; wrong include/exclude decision 0.22; unreported source of income 0.18; method or computation 0.12",0.353658536585366,0.690909090909091,0.560975609756098,0.524390243902439,0,0
143,"buffer","bbce_state_i >= 1 & gross_by_hh_size <= 1330 & medical_deductions > 176 & unc_rawben_rel_max <= 1.07","1","national","ranger","any_error",403,0.3226,0.2711,34.8,0.0025,0.0077,0.0025,23,16,130,"medical deduction 0.50; shelter deduction 0.21; unearned income 0.16","wrong include/exclude decision 0.66; wrong amount, known item 0.17",0.476683937823834,0.953846153846154,0.632124352331606,0.632124352331606,0,0
144,"buffer","months_since_cert_n >= 6 & rawben_rel_max >= 0.454 & shelter_expenses_by_hh_size >= 145 & unc_rawben_rel_max < 1.1","4+","national","xgboost","any_error",2282,0.2914,0.2698,67.65,0.0083,0.0271,0.0079,2,1,665,"earned income 0.38; unearned income 0.21; shelter deduction 0.19","wrong amount, known item 0.32; wrong include/exclude decision 0.22; unreported source of income 0.12; change in circumstances 0.11",0.414258188824663,0.72781954887218,0.459537572254335,0.559500959692898,0.0127,0.0226
145,"buffer","gross_by_hh_size >= 1030 & rawben_rel_max >= 0.257 & total_deductions_by_hh_size >= 436","4+","national","xgboost","any_error",42,0.4286,0.2694,93.6,0,0,0,2,1,18,"dep care or child support deduction 0.30; earned income 0.30; shelter deduction 0.21","wrong amount, known item 0.45; wrong include/exclude decision 0.30",0.424242424242424,0.722222222222222,0.696969696969697,0.454545454545455,0,0
146,"buffer","rawben_rel_max <= 0.665 & shelter_expenses_by_hh_size > 314 & unearned_by_hh_size > 153 & utilities_sua <= 1.5","4+","national","ranger","any_error",42,0.4286,0.2694,79.93,0,0,0,1,1,18,"unearned income 0.26; shelter deduction 0.23; earned income 0.18; utility allowance 0.18","wrong amount, known item 0.41; wrong include/exclude decision 0.26; household composition 0.10",0.513513513513513,0.444444444444444,0.810810810810811,0.564102564102564,0,0
147,"buffer","earned_by_hh_size > 506 & expedited_i >= 1 & percent_abawd <= 0.5 & unc_rawben_rel_max > 1.34","1","national","ranger","any_error",93,0.3763,0.2693,80.41,0,0,0,3,2,35,"earned income 0.62; other element 0.16","unreported source of income 0.34; change in circumstances 0.20; wrong include/exclude decision 0.18; other 0.09",0.345454545454545,0.971428571428571,0.290909090909091,0.267857142857143,0.172,0.2286
148,"buffer","earned_by_hh_size > 30.9 & gross_by_hh_size <= 775 & percent_abawd > 0.167 & unc_rawben_rel_max <= 0.795","2-3","national","ranger","any_error",215,0.3395,0.2692,62.45,0.0326,0.0959,0.0326,5,3,73,"earned income 0.50; shelter deduction 0.15; other element 0.14","wrong amount, known item 0.32; wrong include/exclude decision 0.19; other 0.15; change in circumstances 0.12",0.40650406504065,0.616438356164384,0.601626016260163,0.560975609756098,0,0
149,"buffer","gross_by_hh_size >= 632 & HH_size_n >= 3 & rawben_rel_max >= 0.624 & total_deductions_by_hh_size >= 444","2-3","national","xgboost","any_error",406,0.3202,0.269,62.88,0.0074,0.0154,0.0049,7,5,130,"earned income 0.35; shelter deduction 0.18; dep care or child support deduction 0.16; unearned income 0.16","wrong amount, known item 0.30; wrong include/exclude decision 0.24; unreported source of income 0.13; other 0.10",0.340314136125654,0.7,0.675392670157068,0.49740932642487,0,0
150,"buffer","rawben_rel_max > 0.0441 & shelter_expenses_by_hh_size > 653 & unc_rawben_rel_max <= 1.34 & utilities_sua <= 1.5","2-3","national","ranger","any_error",252,0.3333,0.2684,67.88,0.0119,0.0238,0.0079,6,4,84,"shelter deduction 0.26; earned income 0.26; unearned income 0.18; utility allowance 0.13","wrong include/exclude decision 0.34; wrong amount, known item 0.26; unreported source of income 0.14; other 0.10",0.24,0.869047619047619,0.704,0.528,0.0437,0.119
151,"buffer","earned_by_hh_size >= 81.7 & earned_by_hh_size < 221 & gross_by_hh_size >= 265 & unc_rawben_rel_max >= 1.03","2-3","national","xgboost","any_error",128,0.3594,0.2683,76.91,0,0,0,2,1,46,"earned income 0.64; unearned income 0.19","wrong amount, known item 0.41; wrong include/exclude decision 0.23; unreported source of income 0.16",0.412698412698413,0.978260869565217,0.603174603174603,0.625,0,0
152,"buffer","medical_deductions > 160 & months_since_cert_n > 15.5 & unearned_by_hh_size > 138 & unearned_by_hh_size <= 1140","2-3","national","ranger","any_error",51,0.4118,0.2676,60.22,0,0,0,2,1,21,"medical deduction 0.33; unearned income 0.31; shelter deduction 0.23","wrong include/exclude decision 0.54; wrong amount, known item 0.28",0.487179487179487,0.904761904761905,0.333333333333333,0.615384615384615,0,0
153,"buffer","earned_by_hh_size > 72.4 & HH_size_n > 2.5 & unc_rawben_rel_max > 1 & unearned_by_hh_size > 53.8","2-3","national","ranger","any_error",122,0.3607,0.2674,86.96,0,0,0,1,1,44,"earned income 0.62; unearned income 0.21","wrong amount, known item 0.44; wrong include/exclude decision 0.17; unreported source of income 0.16",0.396825396825397,1,0.634920634920635,0.650793650793651,0,0
154,"buffer","gross_by_hh_size > 232 & shelter_expenses_by_hh_size > 746 & utilities_sua > 0.5 & utilities_sua <= 1.5","2-3","national","ranger","any_error",119,0.3613,0.267,75.92,0.0168,0.0465,0.0168,1,1,43,"earned income 0.33; shelter deduction 0.30; unearned income 0.20","wrong include/exclude decision 0.31; wrong amount, known item 0.20; unreported source of income 0.19; change in circumstances 0.11",0.203703703703704,0.906976744186046,0.62962962962963,0.37037037037037,0.042,0.1163
155,"buffer","children_i >= 1 & count_divisible_by_100 <= 1.5 & total_deductions_by_hh_size <= 366 & utilities_sua > 0.5","1","national","ranger","any_error",31,0.4516,0.2668,63.94,0.0645,0.0714,0.0323,1,1,14,"other element 0.41; unearned income 0.29; shelter deduction 0.18","household composition 0.35; wrong amount, known item 0.24; wrong include/exclude decision 0.24",0.470588235294118,0.357142857142857,0.823529411764706,0.647058823529412,0,0
156,"buffer","gross_by_hh_size > 25.2 & HH_size_n > 2.5 & percent_abawd > 0.167 & total_deductions_by_hh_size > 446","2-3","national","ranger","any_error",107,0.3645,0.2652,66.71,0.0093,0.0256,0.0093,2,1,39,"earned income 0.28; other element 0.25; shelter deduction 0.17; unearned income 0.17","wrong amount, known item 0.26; wrong include/exclude decision 0.25; unreported source of income 0.14; household composition 0.13",0.463768115942029,0.743589743589744,0.710144927536232,0.63768115942029,0,0
157,"buffer","earned_by_hh_size < 1480 & gross_by_hh_size >= 1200 & total_deductions_by_hh_size >= 600","2-3","national","xgboost","any_error",579,0.3074,0.2648,53.47,0.019,0.0618,0.019,16,8,178,"shelter deduction 0.27; earned income 0.27; unearned income 0.16; medical deduction 0.10","wrong include/exclude decision 0.35; wrong amount, known item 0.28; unreported source of income 0.11; household composition 0.06",0.370629370629371,0.808988764044944,0.615384615384615,0.493006993006993,0,0
158,"buffer","gross_by_hh_size >= 178 & HH_size_n >= 5 & unearned_by_hh_size >= 160 & unearned_by_hh_size < 195","4+","national","xgboost","any_error",324,0.321,0.264,60.78,0.0123,0.0288,0.0093,6,4,104,"earned income 0.37; unearned income 0.24; shelter deduction 0.17","wrong amount, known item 0.35; wrong include/exclude decision 0.23; household composition 0.09; change in circumstances 0.08",0.464052287581699,0.567307692307692,0.601307189542484,0.619354838709677,0,0
159,"buffer","earned_by_hh_size > 84.6 & shelter_expenses_by_hh_size <= 112 & total_deductions_by_hh_size > 105 & total_deductions_by_hh_size <= 120","2-3","national","ranger","any_error",37,0.4324,0.2639,68.73,0,0,0,1,1,16,"earned income 0.52; utility allowance 0.17; other element 0.17","wrong amount, known item 0.39; wrong include/exclude decision 0.17; method or computation 0.13; change in circumstances 0.13",0.608695652173913,0.3125,0.565217391304348,0.739130434782609,0,0
160,"buffer","medical_deductions >= 468 & months_since_cert_n >= 3 & rawben_rel_max >= 0.626 & total_deductions_by_hh_size < 1710","1","national","xgboost","any_error",73,0.3836,0.2636,70.6,0,0,0,1,1,28,"medical deduction 0.70; shelter deduction 0.14","wrong include/exclude decision 0.68; wrong amount, known item 0.16",0.513513513513513,0.928571428571429,0.648648648648649,0.783783783783784,0,0
161,"buffer","gross_by_hh_size >= 152 & shelter_expenses_by_hh_size >= 70.8 & shelter_expenses_by_hh_size < 79.6","4+","national","xgboost","any_error",186,0.3387,0.2636,69.97,0.0161,0.0476,0.0161,3,2,63,"earned income 0.38; unearned income 0.27; other element 0.18","wrong amount, known item 0.29; wrong include/exclude decision 0.19; unreported source of income 0.14; household composition 0.12; change in circumstances 0.09",0.38,0.571428571428571,0.6,0.5,0,0
162,"buffer","bbce_state_i >= 1 & count_divisible_by_100 > 1.5 & unc_rawben_rel_max > 0.495 & unc_rawben_rel_max <= 0.956","4+","national","ranger","any_error",70,0.3857,0.2633,75.89,0,0,0,2,1,27,"earned income 0.40; unearned income 0.23; shelter deduction 0.21","wrong amount, known item 0.33; wrong include/exclude decision 0.21; unreported source of income 0.19; household composition 0.10",0.28,0.592592592592593,0.6,0.461538461538462,0,0
163,"buffer","HH_size_n > 5.5 & months_since_cert_n > 5.5 & percent_abawd <= 0.05 & total_deductions_by_hh_size > 62.3","4+","national","ranger","any_error",852,0.2981,0.263,73.29,0.0059,0.0197,0.0059,1,1,254,"earned income 0.43; unearned income 0.18; shelter deduction 0.17","wrong amount, known item 0.34; wrong include/exclude decision 0.20; change in circumstances 0.11; household composition 0.09; unreported source of income 0.09",0.435356200527704,0.653543307086614,0.445910290237467,0.606299212598425,0,0
164,"buffer","HH_size_n >= 5 & months_since_cert_n >= 4 & rawben_rel_max >= 0.353 & rawben_rel_max < 0.371","4+","national","xgboost","any_error",67,0.3881,0.263,69.34,0,0,0,1,1,26,"earned income 0.55; unearned income 0.21","wrong amount, known item 0.34; wrong include/exclude decision 0.32; unreported source of income 0.13",0.473684210526316,0.653846153846154,0.394736842105263,0.684210526315789,0,0
165,"buffer","earned_by_hh_size >= 250 & gross_by_hh_size < 624 & months_since_cert_n >= 4 & total_deductions_by_hh_size < 160","2-3","national","xgboost","any_error",92,0.3696,0.2628,49.33,0,0,0,3,3,34,"earned income 0.47; unearned income 0.22; other element 0.18","change in circumstances 0.22; unreported source of income 0.20; wrong amount, known item 0.20; wrong include/exclude decision 0.18",0.313725490196078,0.470588235294118,0.627450980392157,0.490196078431373,0,0
166,"buffer","HH_size_n >= 8 & HH_size_n < 9 & months_since_cert_n < 4 & shelter_expenses_by_hh_size < 207","4+","national","xgboost","any_error",92,0.3696,0.2628,91.63,0.0109,0.0294,0.0109,2,1,34,"earned income 0.41; other element 0.23; shelter deduction 0.18","wrong amount, known item 0.36; wrong include/exclude decision 0.23; household composition 0.18",0.477272727272727,0.470588235294118,0.681818181818182,0.659090909090909,0,0
167,"buffer","earned_by_hh_size >= 361 & earned_by_hh_size < 387 & total_deductions_by_hh_size < 190","2-3","national","xgboost","any_error",61,0.3934,0.2624,72.3,0,0,0,2,1,24,"earned income 0.47; unearned income 0.33","wrong amount, known item 0.31; wrong include/exclude decision 0.17; other 0.17; unreported source of income 0.14",0.222222222222222,0.5,0.527777777777778,0.416666666666667,0.0164,0.0417
168,"buffer","gross_by_hh_size >= 989 & rawben_rel_max >= 0.298 & total_deductions_by_hh_size >= 322","4+","national","xgboost","any_error",52,0.4038,0.262,92.1,0,0,0,1,1,21,"dep care or child support deduction 0.33; earned income 0.26; unearned income 0.16; shelter deduction 0.16","wrong amount, known item 0.47; wrong include/exclude decision 0.33",0.465116279069767,0.761904761904762,0.651162790697674,0.511627906976744,0,0
169,"buffer","bbce_state_i >= 1 & shelter_expenses_by_hh_size >= 482 & unc_rawben_rel_max < 1.2 & utilities_sua < 2","2-3","national","xgboost","any_error",617,0.3031,0.2619,61.98,0.0113,0.0321,0.0097,19,10,187,"earned income 0.28; shelter deduction 0.26; utility allowance 0.17; unearned income 0.14","wrong include/exclude decision 0.38; wrong amount, known item 0.24; unreported source of income 0.13; change in circumstances 0.09",0.284246575342466,0.828877005347594,0.636986301369863,0.5,0.0389,0.0963
170,"buffer","children_i >= 1 & months_since_cert_n < 4 & percent_abawd < 1 & unc_rawben_rel_max < 0.701","1","national","xgboost","any_error",80,0.375,0.2608,49.81,0.025,0.0667,0.025,4,2,30,"other element 0.37; shelter deduction 0.20; unearned income 0.15; utility allowance 0.12","household composition 0.37; wrong include/exclude decision 0.32; wrong amount, known item 0.15",0.439024390243902,0.1,0.634146341463415,0.707317073170732,0,0
171,"buffer","earned_by_hh_size >= 841 & rawben_rel_max >= 0.274 & shelter_expenses_by_hh_size < 486","4+","national","xgboost","any_error",165,0.3394,0.26,63.24,0,0,0,2,1,56,"earned income 0.32; dep care or child support deduction 0.28; shelter deduction 0.21","wrong include/exclude decision 0.38; wrong amount, known item 0.33; change in circumstances 0.08",0.436781609195402,0.696428571428571,0.747126436781609,0.540229885057471,0,0
172,"buffer","gross_by_hh_size >= 534 & percent_abawd >= 0.0769 & total_deductions_by_hh_size >= 335","4+","national","xgboost","any_error",93,0.3656,0.2598,65.74,0,0,0,2,1,34,"earned income 0.42; shelter deduction 0.23; unearned income 0.12","wrong amount, known item 0.30; wrong include/exclude decision 0.25; other 0.13; unreported source of income 0.10",0.3,0.558823529411765,0.633333333333333,0.483333333333333,0,0
173,"buffer","gross_by_hh_size > 1780 & shelter_expenses_by_hh_size > 641","2-3","national","ranger","any_error",132,0.3485,0.2597,95.78,0.0833,0.2391,0.0833,1,1,46,"earned income 0.31; other element 0.30; shelter deduction 0.18","wrong amount, known item 0.23; wrong include/exclude decision 0.18; other 0.14; unreported source of income 0.13; household composition 0.13",0.31858407079646,0.956521739130435,0.47787610619469,0.389380530973451,0,0
174,"buffer","HH_size_n > 5.5 & married <= 0 & unearned_by_hh_size > 161","4+","national","ranger","any_error",492,0.3049,0.2589,72.86,0.0061,0.0133,0.0041,2,1,150,"unearned income 0.36; earned income 0.24; other element 0.16","wrong amount, known item 0.37; wrong include/exclude decision 0.23; household composition 0.12; unreported source of income 0.12",0.457264957264957,0.586666666666667,0.692307692307692,0.58974358974359,0,0
175,"buffer","earned_by_hh_size >= 810 & married <= 0 & total_deductions_by_hh_size >= 848","2-3","national","xgboost","any_error",169,0.3373,0.2589,63.66,0.0118,0.0351,0.0118,2,1,57,"earned income 0.35; dep care or child support deduction 0.27; shelter deduction 0.12; other element 0.11","wrong amount, known item 0.35; wrong include/exclude decision 0.34; unreported source of income 0.09",0.327102803738318,0.789473684210526,0.523364485981308,0.485981308411215,0,0
176,"buffer","percent_abawd >= 0.273 & total_deductions_by_hh_size >= 174 & total_deductions_by_hh_size < 257","4+","national","xgboost","any_error",87,0.3678,0.2586,85.94,0,0,0,2,1,32,"earned income 0.38; other element 0.22; unearned income 0.18","wrong amount, known item 0.22; wrong include/exclude decision 0.20; household composition 0.18; unreported source of income 0.13; method or computation 0.11",0.355555555555556,0.625,0.733333333333333,0.466666666666667,0.0115,0
177,"buffer","gross_by_hh_size > 1480 & medical_deductions > 146 & rawben_rel_max > 0.998 & total_deductions_by_hh_size > 642","1","national","ranger","any_error",166,0.3373,0.2583,66.1,0,0,0,6,3,56,"medical deduction 0.43; shelter deduction 0.24; unearned income 0.20","wrong include/exclude decision 0.60; wrong amount, known item 0.14; unreported source of income 0.10",0.488372093023256,0.982142857142857,0.593023255813954,0.662790697674419,0,0
178,"buffer","count_divisible_by_100 > 1.5 & gross_by_hh_size > 586 & unearned_by_hh_size > 16.8","2-3","national","ranger","any_error",32,0.4375,0.2577,100.12,0,0,0,1,1,14,"earned income 0.38; unearned income 0.28; shelter deduction 0.14","unreported source of income 0.24; wrong include/exclude decision 0.21; wrong amount, known item 0.17; other 0.14",0.310344827586207,0.857142857142857,0.517241379310345,0.448275862068966,0,0
179,"buffer","earned_by_hh_size <= 506 & elderly_disabled_i >= 1 & percent_abawd > 0.5 & rawben_rel_max > 0.767","1","national","ranger","any_error",59,0.3898,0.2574,64.25,0,0,0,1,1,23,"unearned income 0.38; shelter deduction 0.25; other element 0.12","wrong include/exclude decision 0.31; wrong amount, known item 0.22; unreported source of income 0.16; change in circumstances 0.12",0.4375,1,0.46875,0.625,0.0169,0
180,"buffer","earned_by_hh_size >= 915 & earned_by_hh_size < 956 & rawben_rel_max >= 0.256 & total_deductions_by_hh_size < 330","2-3","national","xgboost","any_error",59,0.3898,0.2574,70.92,0.0508,0.1304,0.0508,1,1,23,"earned income 0.51; shelter deduction 0.16; unearned income 0.14","wrong amount, known item 0.30; unreported source of income 0.24; wrong include/exclude decision 0.19; household composition 0.08",0.540540540540541,0.521739130434783,0.702702702702703,0.594594594594595,0,0
181,"buffer","HH_size_n > 2.5 & medical_deductions <= 172 & total_deductions_by_hh_size > 488 & unearned_by_hh_size > 61.6","2-3","national","ranger","any_error",280,0.3179,0.2571,71.21,0,0,0,2,1,89,"unearned income 0.28; earned income 0.26; shelter deduction 0.20; dep care or child support deduction 0.15","wrong include/exclude decision 0.32; wrong amount, known item 0.28; unreported source of income 0.13; other 0.07",0.304635761589404,0.752808988764045,0.602649006622517,0.509933774834437,0,0
182,"buffer","HH_size_n > 5.5 & percent_abawd > 0.155","4+","national","ranger","any_error",130,0.3462,0.257,86.45,0.0308,0.0667,0.0231,2,1,45,"earned income 0.46; other element 0.20; shelter deduction 0.14","wrong amount, known item 0.20; wrong include/exclude decision 0.15; household composition 0.15; unreported source of income 0.15; change in circumstances 0.15",0.378378378378378,0.666666666666667,0.689189189189189,0.567567567567568,0,0
183,"buffer","rawben_rel_max >= 0.205 & unc_rawben_rel_max >= 0.264 & unearned_by_hh_size >= 1020","2-3","national","xgboost","any_error",375,0.3093,0.2569,51.53,0.0027,0.0086,0.0027,8,4,116,"shelter deduction 0.34; unearned income 0.30; medical deduction 0.21","wrong include/exclude decision 0.46; wrong amount, known item 0.24; unreported source of income 0.11",0.366863905325444,0.905172413793103,0.650887573964497,0.556213017751479,0,0
184,"buffer","gross_by_hh_size >= 680 & gross_by_hh_size < 719 & total_deductions_by_hh_size >= 384","4+","national","xgboost","any_error",50,0.4,0.2564,59.76,0,0,0,1,1,20,"dep care or child support deduction 0.32; earned income 0.29; shelter deduction 0.18","wrong amount, known item 0.50; wrong include/exclude decision 0.36",0.5,0.75,0.785714285714286,0.607142857142857,0,0
185,"buffer","earned_by_hh_size > 129 & gross_by_hh_size <= 400 & HH_size_n > 2.5 & unearned_by_hh_size > 44.9","2-3","national","ranger","any_error",147,0.3401,0.2564,68.5,0.0204,0.02,0.0068,2,1,50,"earned income 0.53; unearned income 0.21; shelter deduction 0.15","wrong amount, known item 0.43; wrong include/exclude decision 0.21; unreported source of income 0.13",0.493333333333333,0.78,0.653333333333333,0.64,0,0
186,"buffer","earned_by_hh_size >= 467 & HH_size_n >= 7 & married <= 0 & unc_rawben_rel_max < 0.972","4+","national","xgboost","any_error",91,0.3626,0.2562,104.22,0,0,0,2,1,33,"earned income 0.44; other element 0.21; shelter deduction 0.17","wrong amount, known item 0.29; household composition 0.21; wrong include/exclude decision 0.21; unreported source of income 0.10",0.340425531914894,0.636363636363636,0.680851063829787,0.4375,0,0
187,"buffer","expedited_i >= 1 & rawben_rel_max > 0.352 & total_deductions_by_hh_size > 62.6 & unc_rawben_rel_max <= 1","4+","national","ranger","any_error",433,0.3048,0.2561,66.92,0.0185,0.0379,0.0115,2,1,132,"earned income 0.34; unearned income 0.22; shelter deduction 0.18; other element 0.17","wrong amount, known item 0.34; wrong include/exclude decision 0.26; household composition 0.10; change in circumstances 0.10",0.475770925110132,0.636363636363636,0.515418502202643,0.607929515418502,0,0
188,"buffer","earned_by_hh_size >= 65.5 & shelter_expenses_by_hh_size < 74.5 & total_deductions_by_hh_size < 87.2 & unc_rawben_rel_max < 1.12","4+","national","xgboost","any_error",124,0.3468,0.2557,106.06,0.0403,0.1163,0.0403,2,1,43,"earned income 0.60; unearned income 0.21","wrong amount, known item 0.38; unreported source of income 0.21; wrong include/exclude decision 0.16; household composition 0.09",0.491228070175439,0.581395348837209,0.631578947368421,0.614035087719298,0,0
189,"buffer","medical_deductions < 468 & months_since_cert_n >= 3 & percent_abawd >= 1 & total_deductions_by_hh_size >= 1250","1","national","xgboost","any_error",128,0.3438,0.2542,56.1,0.0625,0.1818,0.0625,8,7,44,"earned income 0.53; shelter deduction 0.16; other element 0.11","wrong amount, known item 0.34; unreported source of income 0.19; wrong include/exclude decision 0.17; change in circumstances 0.14",0.26984126984127,0.886363636363636,0.349206349206349,0.390625,0,0
190,"buffer","count_divisible_by_100 < 1 & earned_by_hh_size >= 142 & earned_by_hh_size < 182 & HH_size_n < 6","4+","national","xgboost","any_error",256,0.3164,0.2532,81.47,0.0117,0.037,0.0117,4,3,81,"earned income 0.53; shelter deduction 0.18; other element 0.12","wrong amount, known item 0.28; wrong include/exclude decision 0.25; unreported source of income 0.19; change in circumstances 0.10",0.512396694214876,0.802469135802469,0.537190082644628,0.553719008264463,0.082,0.1235
191,"buffer","gross_by_hh_size < 712 & rawben_rel_max >= 0.683 & rawben_rel_max < 0.719 & total_deductions_by_hh_size < 126","4+","national","xgboost","any_error",159,0.3333,0.2531,58.58,0.0126,0.0377,0.0126,3,2,53,"earned income 0.37; unearned income 0.29; other element 0.17","wrong amount, known item 0.38; wrong include/exclude decision 0.17; household composition 0.12; unreported source of income 0.11",0.381578947368421,0.509433962264151,0.592105263157895,0.657894736842105,0,0
192,"buffer","gross_by_hh_size < 937 & shelter_expenses_by_hh_size >= 244 & unearned_by_hh_size >= 317 & unearned_by_hh_size < 334","4+","national","xgboost","any_error",76,0.3684,0.2525,72.04,0.0132,0.0357,0.0132,1,1,28,"unearned income 0.38; shelter deduction 0.24; earned income 0.24","wrong include/exclude decision 0.33; wrong amount, known item 0.31; unreported source of income 0.10; other 0.07",0.357142857142857,0.678571428571429,0.619047619047619,0.666666666666667,0,0
193,"buffer","bbce_state_i >= 1 & gross_by_hh_size >= 1190 & medical_deductions < 314 & rawben_rel_max >= 0.417","2-3","national","xgboost","any_error",180,0.3278,0.2525,63.48,0.0111,0.0339,0.0111,2,1,59,"earned income 0.32; shelter deduction 0.27; dep care or child support deduction 0.19","wrong include/exclude decision 0.34; wrong amount, known item 0.32; unreported source of income 0.13",0.288888888888889,0.830508474576271,0.688888888888889,0.488888888888889,0,0
194,"buffer","elderly_disabled_i <= 0 & months_since_cert_n > 5.5 & rawben_rel_max > 0.274 & unc_rawben_rel_max <= 0.818","1","national","ranger","any_error",513,0.2963,0.2517,37.46,0.037,0.125,0.037,4,4,152,"earned income 0.48; unearned income 0.21; shelter deduction 0.13","wrong amount, known item 0.37; wrong include/exclude decision 0.20; unreported source of income 0.14; change in circumstances 0.09",0.304147465437788,0.638157894736842,0.341013824884793,0.410958904109589,0,0
195,"buffer","rawben_rel_max < 0.799 & shelter_expenses_by_hh_size >= 87.5 & shelter_expenses_by_hh_size < 193 & unc_rawben_rel_max >= 0.761","4+","national","xgboost","any_error",202,0.3218,0.2508,66.37,0.005,0.0154,0.005,1,1,65,"earned income 0.40; shelter deduction 0.23; unearned income 0.15","wrong include/exclude decision 0.29; wrong amount, known item 0.22; unreported source of income 0.15; change in circumstances 0.14",0.310344827586207,0.507692307692308,0.609195402298851,0.505747126436782,0,0
196,"buffer","earned_by_hh_size > 4.75 & months_since_cert_n > 5.5 & rawben_rel_max > 0.162 & unc_rawben_rel_max <= 1","2-3","national","ranger","any_error",2495,0.2705,0.2504,46.61,0.0112,0.0326,0.0088,2,1,675,"earned income 0.47; shelter deduction 0.18; unearned income 0.13","wrong amount, known item 0.29; wrong include/exclude decision 0.22; change in circumstances 0.13; unreported source of income 0.11; other 0.10",0.402061855670103,0.672592592592593,0.446110590440487,0.524697110904008,4e-04,0.0015
197,"buffer","HH_size_n >= 3 & rawben_rel_max >= 0.663 & unearned_by_hh_size >= 565","2-3","national","xgboost","any_error",93,0.3548,0.2503,75.91,0,0,0,3,2,33,"shelter deduction 0.32; unearned income 0.29; other element 0.12; medical deduction 0.10","wrong include/exclude decision 0.39; wrong amount, known item 0.24; unreported source of income 0.12; other 0.08",0.254237288135593,0.636363636363636,0.694915254237288,0.457627118644068,0,0
198,"buffer","percent_abawd >= 1 & rawben_rel_max < 0.854 & unearned_by_hh_size >= 137","2-3","national","xgboost","any_error",42,0.4048,0.2495,104.24,0.0476,0.1176,0.0476,1,1,17,"earned income 0.41; unearned income 0.31; shelter deduction 0.17","wrong include/exclude decision 0.24; unreported source of income 0.21; other 0.14; household composition 0.10; wrong amount, known item 0.10",0.428571428571429,0.823529411764706,0.714285714285714,0.517241379310345,0,0
199,"buffer","medical_deductions >= 199 & months_since_cert_n >= 18 & total_deductions_by_hh_size >= 1120 & unc_rawben_rel_max < 1.01","1","national","xgboost","any_error",100,0.35,0.2494,45.7,0,0,0,2,1,35,"medical deduction 0.44; shelter deduction 0.29; unearned income 0.20","wrong include/exclude decision 0.51; wrong amount, known item 0.25",0.454545454545455,0.971428571428571,0.472727272727273,0.727272727272727,0,0
200,"buffer","children_i <= 0 & earned_by_hh_size >= 1520 & months_since_cert_n < 30 & unc_rawben_rel_max < -0.0112","2-3","national","xgboost","any_error",77,0.3636,0.249,93.82,0.0519,0.1429,0.0519,1,1,28,"other element 0.37; earned income 0.33; shelter deduction 0.18","household composition 0.24; wrong include/exclude decision 0.18; wrong amount, known item 0.18; unreported source of income 0.15; other 0.13",0.223880597014925,1,0.492537313432836,0.328358208955224,0,0
201,"buffer","bbce_state_i >= 1 & earned_by_hh_size > 46.3 & HH_size_n > 5.5 & utilities_sua <= 0.5","4+","national","ranger","any_error",97,0.3505,0.2485,109.14,0.0412,0.1176,0.0412,2,1,34,"earned income 0.41; other element 0.17; unearned income 0.17; utility allowance 0.13","wrong include/exclude decision 0.30; wrong amount, known item 0.28; unreported source of income 0.15; household composition 0.13",0.425925925925926,0.617647058823529,0.722222222222222,0.611111111111111,0,0
202,"buffer","married >= 1 & shelter_expenses_by_hh_size < 797 & total_deductions_by_hh_size >= 704","2-3","national","xgboost","any_error",74,0.3649,0.2481,83.89,0.0135,0.037,0.0135,2,1,27,"medical deduction 0.36; earned income 0.23; unearned income 0.16","wrong include/exclude decision 0.39; wrong amount, known item 0.23; unreported source of income 0.11; method or computation 0.11",0.522727272727273,0.888888888888889,0.5,0.545454545454545,0,0
203,"buffer","earned_by_hh_size >= 841 & gross_by_hh_size < 989 & HH_size_n >= 5 & shelter_expenses_by_hh_size >= 262","4+","national","xgboost","any_error",145,0.331,0.2477,72.19,0,0,0,8,4,48,"earned income 0.43; shelter deduction 0.23; unearned income 0.09; other element 0.09","wrong amount, known item 0.32; wrong include/exclude decision 0.29; unreported source of income 0.13; method or computation 0.11",0.316455696202532,0.583333333333333,0.632911392405063,0.468354430379747,0,0
204,"buffer","elderly_disabled_i >= 1 & HH_size_n <= 5.5 & total_deductions_by_hh_size <= 249 & unearned_by_hh_size <= 156","4+","national","ranger","any_error",94,0.3511,0.2475,91.2,0.0106,0.0303,0.0106,1,1,33,"unearned income 0.32; earned income 0.23; shelter deduction 0.16; other element 0.16","wrong include/exclude decision 0.37; wrong amount, known item 0.19; unreported source of income 0.16; household composition 0.11",0.508771929824561,0.696969696969697,0.508771929824561,0.56140350877193,0,0
205,"buffer","rawben_rel_max < 0.0446 & unc_rawben_rel_max >= 0.043","2-3","national","xgboost","any_error",71,0.3662,0.2471,72.11,0,0,0,2,1,26,"shelter deduction 0.31; unearned income 0.28; earned income 0.25","wrong include/exclude decision 0.34; wrong amount, known item 0.28; change in circumstances 0.19",0.4375,0.0384615384615385,0.6875,0.8125,0,0
206,"buffer","HH_size_n > 2.5 & months_since_cert_n <= 0.5 & unc_rawben_rel_max <= 0.971 & utilities_sua <= 0.5","2-3","national","ranger","any_error",101,0.3465,0.2468,63.06,0.0099,0.0286,0.0099,2,1,35,"earned income 0.45; unearned income 0.20; other element 0.16","wrong amount, known item 0.37; wrong include/exclude decision 0.24; household composition 0.12; unreported source of income 0.12",0.428571428571429,0.571428571428571,0.836734693877551,0.653061224489796,0,0
207,"buffer","months_since_cert_n < 3 & shelter_expenses_by_hh_size >= 1180 & unearned_by_hh_size >= 194","2-3","national","xgboost","any_error",55,0.3818,0.2466,67.71,0.0182,0.0476,0.0182,1,1,21,"shelter deduction 0.35; unearned income 0.30; earned income 0.19","wrong amount, known item 0.43; wrong include/exclude decision 0.24; unreported source of income 0.16",0.324324324324324,0.857142857142857,0.864864864864865,0.594594594594595,0,0
208,"buffer","elderly_disabled_i <= 0 & rawben_rel_max >= 0.336 & shelter_expenses_by_hh_size < 730 & unearned_by_hh_size >= 665","1","national","xgboost","any_error",115,0.3391,0.2457,47.57,0,0,0,3,3,39,"unearned income 0.61; shelter deduction 0.12; utility allowance 0.10","wrong amount, known item 0.39; wrong include/exclude decision 0.22; unreported source of income 0.18",0.431372549019608,0.307692307692308,0.647058823529412,0.666666666666667,0,0
209,"buffer","count_divisible_by_100 >= 1 & rawben_rel_max >= 0.386 & rawben_rel_max < 0.544","2-3","national","xgboost","any_error",203,0.3153,0.2451,42.35,0,0,0,6,5,64,"earned income 0.36; unearned income 0.25; shelter deduction 0.25","wrong amount, known item 0.39; wrong include/exclude decision 0.23; unreported source of income 0.13",0.257731958762887,0.671875,0.649484536082474,0.463917525773196,0,0
210,"buffer","earned_by_hh_size >= 958 & gross_by_hh_size < 1010 & married <= 0 & percent_abawd < 0.222","4+","national","xgboost","any_error",49,0.3878,0.2449,80.82,0,0,0,2,1,19,"earned income 0.29; shelter deduction 0.26; dep care or child support deduction 0.16; other element 0.13","wrong include/exclude decision 0.29; wrong amount, known item 0.23; method or computation 0.16; household composition 0.10",0.354838709677419,0.578947368421053,0.645161290322581,0.67741935483871,0,0
211,"buffer","earned_by_hh_size >= 5 & rawben_rel_max < 0.636 & unc_rawben_rel_max >= 0.54 & unc_rawben_rel_max < 0.546","2-3","national","xgboost","any_error",85,0.3529,0.2445,67.75,0.0118,0.0333,0.0118,2,1,30,"earned income 0.45; other element 0.18; unearned income 0.14","wrong amount, known item 0.25; wrong include/exclude decision 0.23; unreported source of income 0.20; household composition 0.18",0.196428571428571,0.833333333333333,0.625,0.375,0,0
212,"buffer","earned_by_hh_size >= 92 & total_deductions_by_hh_size < 231 & unc_rawben_rel_max >= 1.07","4+","national","xgboost","any_error",119,0.3361,0.2445,125.89,0,0,0,3,2,40,"earned income 0.80","wrong amount, known item 0.33; unreported source of income 0.20; change in circumstances 0.16; wrong include/exclude decision 0.16",0.411764705882353,1,0.745098039215686,0.549019607843137,0.1008,0.175
213,"buffer","earned_by_hh_size >= 649 & rawben_rel_max >= 0.633","4+","national","xgboost","any_error",126,0.3333,0.2443,64.54,0,0,0,2,1,42,"dep care or child support deduction 0.35; earned income 0.33; shelter deduction 0.17","wrong amount, known item 0.33; wrong include/exclude decision 0.33; change in circumstances 0.13",0.314814814814815,0.880952380952381,0.592592592592593,0.425925925925926,0,0
214,"buffer","expedited_i >= 1 & gross_by_hh_size > 223 & shelter_expenses_by_hh_size > 166 & utilities_sua <= 1.5","2-3","national","ranger","any_error",154,0.3247,0.2442,75.01,0.026,0.06,0.0195,2,1,50,"earned income 0.36; unearned income 0.20; utility allowance 0.14; shelter deduction 0.14","wrong include/exclude decision 0.26; wrong amount, known item 0.22; unreported source of income 0.16; change in circumstances 0.15",0.345679012345679,0.78,0.580246913580247,0.592592592592593,0.0519,0.16
215,"buffer","earned_by_hh_size > 7.83 & months_since_cert_n > 3.5 & rawben_rel_max > 0.351 & rawben_rel_max <= 0.971","2-3","national","ranger","any_error",3432,0.2611,0.244,45.46,0.0105,0.0335,0.0087,56,28,896,"earned income 0.48; shelter deduction 0.17; unearned income 0.13","wrong amount, known item 0.29; wrong include/exclude decision 0.23; change in circumstances 0.13; unreported source of income 0.11",0.407731582786287,0.651785714285714,0.4945295404814,0.533622559652928,3e-04,0.0011
216,"buffer","married >= 1 & medical_deductions > 174 & medical_deductions <= 252 & unearned_by_hh_size > 200","2-3","national","ranger","any_error",151,0.3245,0.2433,47.21,0.0066,0.0204,0.0066,11,7,49,"shelter deduction 0.28; unearned income 0.24; medical deduction 0.23; other element 0.13","wrong include/exclude decision 0.45; wrong amount, known item 0.16; unreported source of income 0.12; household composition 0.11",0.409638554216867,0.857142857142857,0.626506024096386,0.457831325301205,0,0
217,"buffer","months_since_cert_n > 3.5 & rawben_rel_max > 0.905 & unc_rawben_rel_max <= 0.933 & unearned_by_hh_size > 61.6","4+","national","ranger","any_error",144,0.3264,0.2432,65.22,0.0208,0.0638,0.0208,3,2,47,"unearned income 0.44; other element 0.15; earned income 0.15; shelter deduction 0.14","wrong amount, known item 0.24; wrong include/exclude decision 0.23; unreported source of income 0.17; change in circumstances 0.11; other 0.08",0.53030303030303,0.574468085106383,0.409090909090909,0.575757575757576,0,0
218,"buffer","medical_deductions >= 174 & medical_deductions < 187 & unearned_by_hh_size >= 917 & unearned_by_hh_size < 1030","1","national","xgboost","any_error",43,0.3953,0.2432,34.7,0.0233,0.0588,0.0233,2,1,17,"medical deduction 0.55; shelter deduction 0.23","wrong include/exclude decision 0.91",0.454545454545455,0.941176470588235,0.863636363636364,0.681818181818182,0,0
219,"buffer","rawben_rel_max < 0.905 & shelter_expenses_by_hh_size >= 700 & unc_rawben_rel_max >= 0.85","2-3","national","xgboost","any_error",183,0.3169,0.2432,63.54,0.0109,0.0345,0.0109,4,2,58,"earned income 0.40; shelter deduction 0.31; unearned income 0.10","wrong include/exclude decision 0.40; wrong amount, known item 0.30; unreported source of income 0.14",0.25974025974026,0.793103448275862,0.623376623376623,0.402597402597403,0,0
220,"buffer","HH_size_n >= 5 & total_deductions_by_hh_size >= 96 & total_deductions_by_hh_size < 106","4+","national","xgboost","any_error",194,0.3144,0.2428,60.79,0.0155,0.0164,0.0052,2,1,61,"earned income 0.29; unearned income 0.29; other element 0.17","wrong amount, known item 0.31; wrong include/exclude decision 0.24; household composition 0.14; unreported source of income 0.14",0.451612903225806,0.639344262295082,0.591397849462366,0.559139784946237,0,0
221,"buffer","months_since_cert_n > 3.5 & rawben_rel_max <= 0.0822 & unc_rawben_rel_max > 0.0787 & unearned_by_hh_size > 206","1","national","ranger","any_error",400,0.2925,0.2426,44.09,0.0025,0.0085,0.0025,3,3,117,"unearned income 0.39; shelter deduction 0.30; utility allowance 0.09","wrong include/exclude decision 0.43; wrong amount, known item 0.29; other 0.13",0.514619883040936,0.00854700854700855,0.578947368421053,0.777777777777778,0,0
222,"buffer","rawben_rel_max >= 0.57 & rawben_rel_max < 0.596 & shelter_expenses_by_hh_size >= 109 & unearned_by_hh_size >= 843","2-3","national","xgboost","any_error",40,0.4,0.2424,63.38,0,0,0,1,1,16,"shelter deduction 0.36; unearned income 0.32; medical deduction 0.14","wrong include/exclude decision 0.59; wrong amount, known item 0.18",0.363636363636364,1,0.636363636363636,0.409090909090909,0,0
223,"buffer","earned_by_hh_size >= 442 & earned_by_hh_size < 678 & HH_size_n >= 6 & married <= 0","4+","national","xgboost","any_error",297,0.2997,0.2419,61.81,0,0,0,4,2,89,"earned income 0.35; shelter deduction 0.16; unearned income 0.16; other element 0.15","wrong amount, known item 0.31; wrong include/exclude decision 0.27; household composition 0.11; unreported source of income 0.11",0.385714285714286,0.651685393258427,0.7,0.531914893617021,0,0
224,"buffer","gross_by_hh_size < 736 & unc_rawben_rel_max < 0.272 & unearned_by_hh_size < 647","4+","national","xgboost","any_error",34,0.4118,0.2411,88.94,0,0,0,2,1,14,"earned income 0.33; other element 0.29; unearned income 0.29","wrong amount, known item 0.33; household composition 0.29; wrong include/exclude decision 0.19",0.428571428571429,0.714285714285714,0.666666666666667,0.571428571428571,0,0
225,"buffer","earned_by_hh_size >= 790 & gross_by_hh_size < 798","2-3","national","xgboost","any_error",53,0.3774,0.2408,54.13,0,0,0,1,1,20,"earned income 0.52; shelter deduction 0.19; unearned income 0.15","wrong amount, known item 0.41; wrong include/exclude decision 0.22; unreported source of income 0.19",0.296296296296296,0.55,0.703703703703704,0.481481481481481,0,0
226,"buffer","earned_by_hh_size >= 81.7 & gross_by_hh_size < 157 & total_deductions_by_hh_size >= 146 & total_deductions_by_hh_size < 216","2-3","national","xgboost","any_error",53,0.3774,0.2408,96.75,0,0,0,3,3,20,"earned income 0.69; unearned income 0.09","unreported source of income 0.41; wrong amount, known item 0.22; wrong include/exclude decision 0.22",0.25,0.95,0.5625,0.375,0,0
227,"buffer","earned_by_hh_size > 22.5 & rawben_rel_max > 0.324 & unearned_by_hh_size > 282 & utilities_sua <= 1.5","1","national","ranger","any_error",114,0.3333,0.2403,44.14,0,0,0,7,5,38,"earned income 0.34; shelter deduction 0.27; unearned income 0.19","wrong amount, known item 0.36; wrong include/exclude decision 0.36; unreported source of income 0.19",0.288135593220339,0.842105263157895,0.661016949152542,0.423728813559322,0,0
228,"buffer","gross_by_hh_size > 140 & shelter_expenses_by_hh_size > 295 & shelter_expenses_by_hh_size <= 300","4+","national","ranger","any_error",160,0.3188,0.2402,67.79,0.0187,0.0588,0.0187,3,2,51,"earned income 0.38; shelter deduction 0.21; unearned income 0.21","wrong include/exclude decision 0.38; wrong amount, known item 0.23; unreported source of income 0.15",0.402777777777778,0.784313725490196,0.722222222222222,0.611111111111111,0.0125,0.0196
229,"buffer","earned_by_hh_size >= 120 & earned_by_hh_size < 590 & gross_by_hh_size >= 391 & unc_rawben_rel_max >= 1.18","2-3","national","xgboost","any_error",73,0.3562,0.2399,113.48,0,0,0,2,1,26,"earned income 0.67; dep care or child support deduction 0.13","wrong include/exclude decision 0.26; wrong amount, known item 0.26; change in circumstances 0.15; unreported source of income 0.15",0.384615384615385,0.961538461538462,0.564102564102564,0.538461538461538,0,0
230,"buffer","HH_size_n < 6 & shelter_expenses_by_hh_size < 11.4 & total_deductions_by_hh_size >= 100 & total_deductions_by_hh_size < 140","4+","national","xgboost","any_error",115,0.3304,0.2381,56.7,0,0,0,1,1,38,"earned income 0.52; unearned income 0.16; other element 0.11","wrong amount, known item 0.33; wrong include/exclude decision 0.26; unreported source of income 0.11; change in circumstances 0.11",0.229508196721311,0.578947368421053,0.475409836065574,0.540983606557377,0,0
231,"buffer","elderly_disabled_i >= 1 & shelter_expenses_by_hh_size > 295 & total_deductions_by_hh_size <= 279","4+","national","ranger","any_error",512,0.2812,0.2375,52.65,0.0039,0.0139,0.0039,4,2,144,"unearned income 0.33; shelter deduction 0.24; earned income 0.19","wrong amount, known item 0.37; wrong include/exclude decision 0.29; household composition 0.11",0.440191387559809,0.6875,0.617224880382775,0.550239234449761,0,0
232,"buffer","months_since_cert_n < 1 & rawben_rel_max >= 0.926 & shelter_expenses_by_hh_size >= 904","2-3","national","xgboost","any_error",57,0.3684,0.2373,117.28,0.0175,0.0476,0.0175,2,2,21,"earned income 0.32; unearned income 0.29; shelter deduction 0.18","wrong amount, known item 0.39; unreported source of income 0.18; wrong include/exclude decision 0.18",0.321428571428571,0.80952380952381,0.785714285714286,0.5,0.1053,0.1905
233,"buffer","shelter_expenses_by_hh_size >= 283 & shelter_expenses_by_hh_size < 288 & total_deductions_by_hh_size >= 260","4+","national","xgboost","any_error",44,0.3864,0.2372,80.98,0,0,0,1,1,17,"earned income 0.40; shelter deduction 0.28; dep care or child support deduction 0.12","wrong include/exclude decision 0.40; wrong amount, known item 0.20; unreported source of income 0.12; household composition 0.08",0.36,0.705882352941177,0.72,0.44,0.0455,0.1176
234,"buffer","expedited_i >= 1 & total_deductions_by_hh_size > 329 & unc_rawben_rel_max <= 1.05 & utilities_sua <= 0.5","1","national","ranger","any_error",228,0.3026,0.2371,53.82,0.057,0.1884,0.057,3,2,69,"earned income 0.32; unearned income 0.21; utility allowance 0.19; shelter deduction 0.17","wrong include/exclude decision 0.43; wrong amount, known item 0.16; change in circumstances 0.16; unreported source of income 0.16",0.361111111111111,0.797101449275362,0.5,0.425925925925926,0.0044,0
235,"buffer","children_i <= 0 & rawben_rel_max < 0.86 & total_deductions_by_hh_size < 360 & unearned_by_hh_size < 54.5","2-3","national","xgboost","any_error",217,0.3041,0.237,52.12,0.0184,0.0606,0.0184,3,2,66,"earned income 0.60; other element 0.20","wrong amount, known item 0.29; change in circumstances 0.18; wrong include/exclude decision 0.17; household composition 0.15",0.4375,0.590909090909091,0.583333333333333,0.572916666666667,0,0
236,"buffer","gross_by_hh_size >= 1530 & months_since_cert_n >= 3 & shelter_expenses_by_hh_size >= 940 & total_deductions_by_hh_size >= 717","2-3","national","xgboost","any_error",81,0.3457,0.2359,70.7,0.0617,0.1786,0.0617,2,1,28,"earned income 0.24; shelter deduction 0.20; other element 0.20; unearned income 0.15","wrong amount, known item 0.34; wrong include/exclude decision 0.24; household composition 0.10; other 0.10",0.406779661016949,0.892857142857143,0.457627118644068,0.525423728813559,0,0
237,"buffer","HH_size_n >= 3 & months_since_cert_n >= 4 & rawben_rel_max >= 0.493 & shelter_expenses_by_hh_size >= 660","2-3","national","xgboost","any_error",327,0.2905,0.2359,58.11,0.0061,0.0211,0.0061,14,7,95,"earned income 0.39; unearned income 0.21; shelter deduction 0.16","wrong amount, known item 0.28; wrong include/exclude decision 0.19; unreported source of income 0.17; other 0.11; method or computation 0.09",0.358208955223881,0.684210526315789,0.507462686567164,0.555555555555556,0.0306,0.0632
238,"buffer","bbce_state_i >= 1 & HH_size_n > 2.5 & shelter_expenses_by_hh_size > 321 & utilities_sua <= 0.5","2-3","national","ranger","any_error",109,0.3303,0.2357,80.06,0.0092,0.0278,0.0092,4,2,36,"earned income 0.43; shelter deduction 0.24; other element 0.13","wrong amount, known item 0.31; wrong include/exclude decision 0.22; unreported source of income 0.17; change in circumstances 0.13",0.240740740740741,0.75,0.648148148148148,0.462962962962963,0.0459,0.1389
239,"buffer","gross_by_hh_size >= 1770 & gross_by_hh_size < 1930 & shelter_expenses_by_hh_size >= 2020","1","national","xgboost","any_error",88,0.3409,0.2357,55.85,0.0227,0.0667,0.0227,5,3,30,"unearned income 0.31; shelter deduction 0.31; earned income 0.12; utility allowance 0.10","wrong amount, known item 0.33; wrong include/exclude decision 0.33; other 0.12",0.428571428571429,0.733333333333333,0.595238095238095,0.642857142857143,0,0
240,"buffer","rawben_rel_max >= 0.607 & unc_rawben_rel_max < 0.614","4+","national","xgboost","any_error",120,0.325,0.235,64.49,0,0,0,2,1,39,"earned income 0.49; unearned income 0.19; other element 0.11","wrong amount, known item 0.40; change in circumstances 0.17; wrong include/exclude decision 0.15; unreported source of income 0.09",0.39622641509434,0.717948717948718,0.660377358490566,0.528301886792453,0,0
241,"buffer","gross_by_hh_size <= 1800 & medical_deductions > 203 & shelter_expenses_by_hh_size > 712 & unc_rawben_rel_max <= 1","2-3","national","ranger","any_error",149,0.3154,0.2347,38.64,0,0,0,2,1,47,"medical deduction 0.44; shelter deduction 0.29; unearned income 0.21","wrong include/exclude decision 0.62; wrong amount, known item 0.21",0.480519480519481,0.957446808510638,0.597402597402597,0.636363636363636,0,0
242,"buffer","count_divisible_by_100 <= 0.5 & expedited_i >= 1 & rawben_rel_max > 0.878 & rawben_rel_max <= 0.906","2-3","national","ranger","any_error",61,0.3607,0.2345,84.67,0,0,0,1,1,22,"other element 0.24; earned income 0.21; shelter deduction 0.19; unearned income 0.19","wrong include/exclude decision 0.29; wrong amount, known item 0.17; unreported source of income 0.14; other 0.14; household composition 0.10",0.341463414634146,0.545454545454545,0.560975609756098,0.547619047619048,0,0
243,"buffer","gross_by_hh_size >= 1070 & rawben_rel_max >= 0.132 & shelter_expenses_by_hh_size < 730 & unearned_by_hh_size >= 0.5","2-3","national","xgboost","any_error",231,0.2987,0.2339,51.97,0.0043,0.0145,0.0043,2,2,69,"earned income 0.29; unearned income 0.27; shelter deduction 0.18; dep care or child support deduction 0.11","wrong include/exclude decision 0.35; wrong amount, known item 0.29; unreported source of income 0.12",0.419642857142857,0.768115942028985,0.598214285714286,0.598214285714286,0,0
244,"buffer","months_since_cert_n > 6.5 & total_deductions_by_hh_size > 407 & unc_rawben_rel_max <= 0.937 & unearned_by_hh_size <= 630","2-3","national","ranger","any_error",1066,0.2636,0.2335,49.25,0.0113,0.0427,0.0113,1,1,281,"earned income 0.44; shelter deduction 0.18; other element 0.15","wrong amount, known item 0.30; wrong include/exclude decision 0.23; change in circumstances 0.12; unreported source of income 0.11; other 0.08",0.380129589632829,0.740213523131673,0.390928725701944,0.470967741935484,0,0
245,"buffer","rawben_rel_max < 0.507 & shelter_expenses_by_hh_size >= 829 & unc_rawben_rel_max >= 0.448","2-3","national","xgboost","any_error",103,0.3301,0.2332,55.77,0.0194,0.0588,0.0194,3,2,34,"shelter deduction 0.25; earned income 0.22; unearned income 0.18; other element 0.15","wrong include/exclude decision 0.35; wrong amount, known item 0.31; other 0.11",0.436363636363636,0.823529411764706,0.654545454545455,0.563636363636364,0,0
246,"buffer","percent_abawd > 0.167 & rawben_rel_max <= 0.578 & unearned_by_hh_size > 140 & unearned_by_hh_size <= 469","2-3","national","ranger","any_error",75,0.3467,0.2331,77.21,0.0267,0.0769,0.0267,1,1,26,"earned income 0.39; unearned income 0.22; other element 0.17","wrong amount, known item 0.22; unreported source of income 0.20; wrong include/exclude decision 0.17; household composition 0.15; change in circumstances 0.07",0.525,0.692307692307692,0.65,0.609756097560976,0,0
247,"buffer","gross_by_hh_size > 916 & homeless >= 1 & rawben_rel_max > 0.394 & unc_rawben_rel_max <= 1.03","1","national","ranger","any_error",247,0.2955,0.233,37.43,0.0081,0.0274,0.0081,11,6,73,"shelter deduction 0.52; utility allowance 0.22; earned income 0.14","wrong include/exclude decision 0.67; change in circumstances 0.20",0.279569892473118,0.876712328767123,0.494623655913978,0.457446808510638,0.0081,0
248,"buffer","children_i >= 1 & expedited_i <= 0 & rawben_rel_max <= 0.647 & utilities_sua <= 1.5","1","national","ranger","any_error",58,0.3621,0.233,43.22,0.0345,0.0952,0.0345,1,1,21,"other element 0.38; shelter deduction 0.27; earned income 0.15","household composition 0.38; wrong include/exclude decision 0.27; wrong amount, known item 0.15",0.384615384615385,0.285714285714286,0.615384615384615,0.615384615384615,0.0172,0
249,"buffer","rawben_rel_max < 0.845 & unc_rawben_rel_max >= 0.833 & unearned_by_hh_size < 413","4+","national","xgboost","any_error",202,0.302,0.2328,68.28,0.005,0.0164,0.005,1,1,61,"earned income 0.40; unearned income 0.21; shelter deduction 0.16","wrong amount, known item 0.30; wrong include/exclude decision 0.23; unreported source of income 0.16; household composition 0.11",0.439024390243902,0.688524590163934,0.682926829268293,0.536585365853659,0,0
250,"buffer","medical_deductions > 289 & unc_rawben_rel_max <= 1.03 & utilities_sua <= 1.5","1","national","ranger","any_error",132,0.3182,0.2326,50.12,0,0,0,3,2,42,"medical deduction 0.57; utility allowance 0.16; unearned income 0.10","wrong include/exclude decision 0.65; wrong amount, known item 0.22",0.555555555555556,0.904761904761905,0.587301587301587,0.666666666666667,0,0
251,"buffer","earned_by_hh_size > 126 & expedited_i <= 0 & shelter_expenses_by_hh_size > 744 & shelter_expenses_by_hh_size <= 762","2-3","national","ranger","any_error",125,0.32,0.2322,54.36,0.008,0.025,0.008,6,4,40,"earned income 0.54; unearned income 0.19; shelter deduction 0.19","wrong amount, known item 0.30; wrong include/exclude decision 0.26; unreported source of income 0.19; change in circumstances 0.11",0.358490566037736,0.775,0.566037735849057,0.481481481481481,0.024,0.05
252,"buffer","gross_by_hh_size >= 318 & rawben_rel_max >= 0.845 & rawben_rel_max < 0.932 & shelter_expenses_by_hh_size >= 914","2-3","national","xgboost","any_error",100,0.33,0.2318,83.04,0.02,0.0606,0.02,2,1,33,"earned income 0.36; shelter deduction 0.30; unearned income 0.11","wrong include/exclude decision 0.32; wrong amount, known item 0.30; unreported source of income 0.19",0.25531914893617,0.878787878787879,0.531914893617021,0.404255319148936,0,0
253,"buffer","gross_by_hh_size >= 534 & months_since_cert_n >= 7 & rawben_rel_max >= 0.5 & unearned_by_hh_size < 654","2-3","national","xgboost","any_error",1289,0.2591,0.2318,45.8,0.0093,0.0299,0.0078,2,2,334,"earned income 0.40; shelter deduction 0.20; unearned income 0.16","wrong amount, known item 0.28; wrong include/exclude decision 0.25; change in circumstances 0.11; unreported source of income 0.11; other 0.10",0.393474088291747,0.709580838323353,0.429942418426104,0.509505703422053,0,0
254,"buffer","gross_by_hh_size <= 884 & unc_rawben_rel_max > 1 & unc_rawben_rel_max <= 1.02 & utilities_sua <= 0.5","1","national","ranger","any_error",203,0.3005,0.2316,53.44,0,0,0,6,3,61,"unearned income 0.75","wrong include/exclude decision 0.62; unreported source of income 0.16",0.55,1,0.575,0.7,0,0
255,"buffer","rawben_rel_max >= 0.845 & rawben_rel_max < 0.878 & shelter_expenses_by_hh_size < 440 & unearned_by_hh_size >= 340","2-3","national","xgboost","any_error",93,0.3333,0.2316,58.27,0.0108,0.0323,0.0108,2,2,31,"unearned income 0.42; shelter deduction 0.29; earned income 0.12","wrong include/exclude decision 0.33; wrong amount, known item 0.23; change in circumstances 0.15; unreported source of income 0.15",0.25,0.709677419354839,0.708333333333333,0.458333333333333,0,0
256,"buffer","elderly_disabled_i <= 0 & expedited_i >= 1 & gross_by_hh_size > 190","4+","national","ranger","any_error",423,0.279,0.2313,70.48,0.0142,0.0424,0.0118,2,1,118,"earned income 0.39; unearned income 0.18; other element 0.17","wrong amount, known item 0.33; wrong include/exclude decision 0.21; household composition 0.11; unreported source of income 0.11",0.465,0.635593220338983,0.52,0.565,0.0236,0.0424
257,"buffer","gross_by_hh_size >= 1470 & gross_by_hh_size < 2020 & rawben_rel_max >= 0.0819 & utilities_sua < 1","1","national","xgboost","any_error",111,0.3243,0.2312,52.91,0.036,0.1111,0.036,3,2,36,"utility allowance 0.27; shelter deduction 0.25; earned income 0.19; medical deduction 0.16","wrong include/exclude decision 0.46; wrong amount, known item 0.15; other 0.12; unreported source of income 0.12",0.26865671641791,0.888888888888889,0.597014925373134,0.462686567164179,0,0
258,"buffer","gross_by_hh_size >= 421 & gross_by_hh_size < 528 & rawben_rel_max >= 0.641 & shelter_expenses_by_hh_size < 356","4+","national","xgboost","any_error",606,0.2706,0.2308,56.95,0.0033,0.0122,0.0033,7,4,164,"earned income 0.43; shelter deduction 0.21; unearned income 0.16","wrong amount, known item 0.33; wrong include/exclude decision 0.26; method or computation 0.10; unreported source of income 0.10",0.354838709677419,0.774390243902439,0.649193548387097,0.528,0,0
259,"buffer","elderly_disabled_i <= 0 & gross_by_hh_size >= 294 & shelter_expenses_by_hh_size < 352 & unearned_by_hh_size >= 160","4+","national","xgboost","any_error",740,0.2662,0.2302,54.62,0.0014,0.0051,0.0014,13,8,197,"unearned income 0.33; earned income 0.27; shelter deduction 0.19","wrong amount, known item 0.36; wrong include/exclude decision 0.23; other 0.09; unreported source of income 0.09",0.442815249266862,0.50761421319797,0.624633431085044,0.641399416909621,0,0
260,"buffer","earned_by_hh_size >= 850 & rawben_rel_max >= 0.464 & total_deductions_by_hh_size < 579","1","national","xgboost","any_error",90,0.3333,0.2301,41.18,0.0444,0.1333,0.0444,1,1,30,"earned income 0.66; other element 0.12","wrong amount, known item 0.29; wrong include/exclude decision 0.22; method or computation 0.12; unreported source of income 0.12",0.292682926829268,0.433333333333333,0.682926829268293,0.560975609756098,0,0
261,"buffer","gross_by_hh_size < 1010 & rawben_rel_max >= 0.687 & rawben_rel_max < 0.725 & unc_rawben_rel_max < 0.692","4+","national","xgboost","any_error",90,0.3333,0.2301,57.78,0.0111,0.0333,0.0111,1,1,30,"earned income 0.38; shelter deduction 0.23; other element 0.15","wrong include/exclude decision 0.32; wrong amount, known item 0.30; other 0.15",0.468085106382979,0.6,0.531914893617021,0.702127659574468,0,0
262,"buffer","months_since_cert_n < 2 & rawben_rel_max >= 0.842 & rawben_rel_max < 0.902","2-3","national","xgboost","any_error",289,0.2872,0.2296,45.21,0.0104,0.0361,0.0104,13,10,83,"earned income 0.26; unearned income 0.24; shelter deduction 0.21; other element 0.13","wrong include/exclude decision 0.36; wrong amount, known item 0.26; unreported source of income 0.15",0.401709401709402,0.686746987951807,0.888888888888889,0.598290598290598,0,0
263,"buffer","children_i <= 0 & count_divisible_by_100 < 2 & earned_by_hh_size >= 1240 & unc_rawben_rel_max < 0.043","2-3","national","xgboost","any_error",112,0.3214,0.2291,81.58,0.0357,0.1111,0.0357,2,1,36,"other element 0.38; earned income 0.33; shelter deduction 0.19","household composition 0.25; wrong include/exclude decision 0.18; wrong amount, known item 0.17; unreported source of income 0.14; other 0.13",0.285714285714286,0.972222222222222,0.488095238095238,0.392857142857143,0,0
264,"buffer","earned_by_hh_size > 54.8 & elderly_disabled_i >= 1 & expedited_i >= 1 & medical_deductions <= 162","2-3","national","ranger","any_error",59,0.3559,0.2287,84.46,0.0169,0.0476,0.0169,1,1,21,"earned income 0.47; unearned income 0.21; other element 0.15","wrong amount, known item 0.24; wrong include/exclude decision 0.21; other 0.15; unreported source of income 0.15; household composition 0.12",0.454545454545455,0.619047619047619,0.575757575757576,0.647058823529412,0,0
265,"buffer","gross_by_hh_size >= 305 & months_since_cert_n < 17 & rawben_rel_max >= 0.755 & total_deductions_by_hh_size < 157","4+","national","xgboost","any_error",87,0.3333,0.2286,76.95,0.023,0.069,0.023,1,1,29,"earned income 0.34; unearned income 0.25; other element 0.20","wrong amount, known item 0.34; wrong include/exclude decision 0.23; unreported source of income 0.14; change in circumstances 0.11",0.227272727272727,0.689655172413793,0.5,0.522727272727273,0,0
266,"buffer","bbce_state_i >= 1 & count_divisible_by_100 >= 2 & earned_by_hh_size < 78","2-3","national","xgboost","any_error",49,0.3673,0.2279,90.9,0.0408,0.0556,0.0204,1,1,18,"earned income 0.38; unearned income 0.27; utility allowance 0.16","unreported source of income 0.30; wrong include/exclude decision 0.27; other 0.14; wrong amount, known item 0.11",0.314285714285714,0.944444444444444,0.571428571428571,0.432432432432432,0.0204,0.0556
267,"buffer","gross_by_hh_size >= 656 & married <= 0 & rawben_rel_max >= 0.42 & shelter_expenses_by_hh_size < 422","2-3","national","xgboost","any_error",817,0.2619,0.2278,40.63,0.0098,0.0327,0.0086,12,6,214,"earned income 0.41; shelter deduction 0.21; dep care or child support deduction 0.11; unearned income 0.10","wrong amount, known item 0.33; wrong include/exclude decision 0.27; change in circumstances 0.11; other 0.08",0.356287425149701,0.616822429906542,0.667664670658683,0.550295857988166,0.0012,0.0047
268,"buffer","earned_by_hh_size >= 1560 & expedited_i <= 0 & gross_by_hh_size < 1660 & rawben_rel_max >= 0.467","1","national","xgboost","any_error",84,0.3333,0.227,42.74,0.0357,0.0714,0.0238,4,2,28,"earned income 0.48; shelter deduction 0.26; unearned income 0.11","wrong amount, known item 0.37; wrong include/exclude decision 0.28; change in circumstances 0.11",0.465116279069767,0.821428571428571,0.511627906976744,0.431818181818182,0,0
269,"buffer","elderly_disabled_i >= 1 & shelter_expenses_by_hh_size < 926 & total_deductions_by_hh_size >= 717 & total_deductions_by_hh_size < 762","2-3","national","xgboost","any_error",84,0.3333,0.227,70.65,0,0,0,1,1,28,"unearned income 0.30; earned income 0.20; medical deduction 0.20; shelter deduction 0.15","wrong include/exclude decision 0.38; wrong amount, known item 0.20; change in circumstances 0.10; other 0.10",0.55,0.892857142857143,0.55,0.625,0,0
270,"buffer","earned_by_hh_size > 703 & shelter_expenses_by_hh_size <= 1090 & total_deductions_by_hh_size > 1250","1","national","ranger","any_error",56,0.3571,0.227,67.18,0.0357,0.05,0.0179,1,1,20,"earned income 0.50; dep care or child support deduction 0.19; other element 0.14","wrong include/exclude decision 0.31; unreported source of income 0.19; wrong amount, known item 0.17; change in circumstances 0.14",0.361111111111111,0.9,0.527777777777778,0.555555555555556,0,0
271,"buffer","gross_by_hh_size < 989 & months_since_cert_n >= 8 & total_deductions_by_hh_size < 396 & unc_rawben_rel_max < 1.07","4+","national","xgboost","any_error",2688,0.2455,0.2267,54.51,0.0093,0.0318,0.0078,2,1,660,"earned income 0.37; unearned income 0.22; shelter deduction 0.17","wrong amount, known item 0.31; wrong include/exclude decision 0.21; unreported source of income 0.12; change in circumstances 0.11; household composition 0.09",0.447592067988669,0.662121212121212,0.428706326723324,0.572906867356538,0.0033,0.003
272,"buffer","gross_by_hh_size >= 1350 & rawben_rel_max >= 0.316 & shelter_expenses_by_hh_size < 848","1","national","xgboost","any_error",140,0.3071,0.225,45.62,0.0071,0,0,2,1,43,"medical deduction 0.38; shelter deduction 0.19; earned income 0.12; utility allowance 0.10","wrong include/exclude decision 0.64; wrong amount, known item 0.20",0.470588235294118,0.837209302325581,0.647058823529412,0.710144927536232,0,0
273,"buffer","earned_by_hh_size > 27.5 & months_since_cert_n > 8.5 & rawben_rel_max > 0.273 & rawben_rel_max <= 0.997","1","national","ranger","any_error",472,0.2691,0.2244,39.41,0.0466,0.1496,0.0403,2,1,127,"earned income 0.52; shelter deduction 0.17; other element 0.12","wrong amount, known item 0.27; wrong include/exclude decision 0.22; unreported source of income 0.19; change in circumstances 0.16",0.344186046511628,0.826771653543307,0.255813953488372,0.388888888888889,0,0
274,"buffer","shelter_expenses_by_hh_size > 187 & shelter_expenses_by_hh_size <= 195 & unearned_by_hh_size > 6.88","4+","national","ranger","any_error",175,0.2971,0.2239,53.65,0.0057,0.0192,0.0057,2,1,52,"earned income 0.27; unearned income 0.26; shelter deduction 0.25","wrong amount, known item 0.36; wrong include/exclude decision 0.19; unreported source of income 0.16; household composition 0.10",0.402597402597403,0.653846153846154,0.636363636363636,0.61038961038961,0,0
275,"buffer","months_since_cert_n > 3.5 & shelter_expenses_by_hh_size <= 5.15 & total_deductions_by_hh_size > 62.3","4+","national","ranger","any_error",218,0.289,0.2234,79.73,0.0367,0.127,0.0367,2,2,63,"earned income 0.58; other element 0.19","wrong amount, known item 0.32; wrong include/exclude decision 0.20; unreported source of income 0.16; household composition 0.11",0.384615384615385,0.682539682539683,0.417582417582418,0.538461538461538,0,0
276,"buffer","married <= 0 & months_since_cert_n > 5.5 & shelter_expenses_by_hh_size > 670 & unc_rawben_rel_max <= 1","2-3","national","ranger","any_error",851,0.2562,0.223,47.17,0.0188,0.0596,0.0153,1,1,218,"earned income 0.35; unearned income 0.20; shelter deduction 0.19; other element 0.14","wrong amount, known item 0.29; wrong include/exclude decision 0.24; unreported source of income 0.14; other 0.11",0.380952380952381,0.747706422018349,0.425595238095238,0.473372781065089,0,0
277,"buffer","earned_by_hh_size >= 126 & earned_by_hh_size < 243 & months_since_cert_n < 3 & total_deductions_by_hh_size < 295","2-3","national","xgboost","any_error",149,0.302,0.2227,64.41,0.0134,0.0222,0.0067,6,3,45,"earned income 0.59; unearned income 0.18","wrong amount, known item 0.35; unreported source of income 0.19; wrong include/exclude decision 0.15; method or computation 0.12",0.264705882352941,0.733333333333333,0.823529411764706,0.602941176470588,0,0
278,"buffer","rawben_rel_max >= 0.566 & total_deductions_by_hh_size >= 100 & total_deductions_by_hh_size < 106 & unearned_by_hh_size < 251","4+","national","xgboost","any_error",119,0.3109,0.2223,46.3,0.0252,0.027,0.0084,2,1,37,"earned income 0.31; unearned income 0.21; other element 0.19; shelter deduction 0.13","wrong amount, known item 0.29; wrong include/exclude decision 0.27; household composition 0.13; change in circumstances 0.10",0.384615384615385,0.621621621621622,0.557692307692308,0.557692307692308,0,0
279,"buffer","bbce_state_i >= 1 & homeless >= 1 & total_deductions_by_hh_size > 416 & unc_rawben_rel_max <= 1.09","1","national","ranger","any_error",412,0.2694,0.2218,39.1,0.0291,0.1081,0.0291,18,9,111,"shelter deduction 0.36; earned income 0.21; utility allowance 0.17; unearned income 0.13","wrong include/exclude decision 0.53; change in circumstances 0.15; wrong amount, known item 0.13",0.335483870967742,0.81981981981982,0.470967741935484,0.461538461538462,0.0024,0
280,"buffer","unc_rawben_rel_max < 1.06 & unearned_by_hh_size >= 18.5 & unearned_by_hh_size < 44.8","4+","national","xgboost","any_error",490,0.2653,0.2217,49.67,0,0,0,3,2,130,"earned income 0.40; unearned income 0.30; shelter deduction 0.13","wrong amount, known item 0.38; wrong include/exclude decision 0.23; unreported source of income 0.16",0.320574162679426,0.746153846153846,0.583732057416268,0.485714285714286,0.0776,0.0615
281,"buffer","gross_by_hh_size >= 338 & months_since_cert_n >= 7 & utilities_sua >= 1 & utilities_sua < 2","2-3","national","xgboost","any_error",482,0.2656,0.2216,44.4,0.0083,0.0312,0.0083,6,4,128,"earned income 0.29; utility allowance 0.24; shelter deduction 0.17; other element 0.15","wrong include/exclude decision 0.33; wrong amount, known item 0.24; change in circumstances 0.10; household composition 0.08",0.458100558659218,0.5546875,0.513966480446927,0.549450549450549,0.0062,0.0234
282,"buffer","gross_by_hh_size < 312 & total_deductions_by_hh_size >= 133 & unc_rawben_rel_max >= 1.06 & unc_rawben_rel_max < 1.07","4+","national","xgboost","any_error",112,0.3125,0.2213,77.95,0,0,0,4,2,35,"unearned income 0.41; earned income 0.29; shelter deduction 0.16","unreported source of income 0.29; wrong include/exclude decision 0.22; wrong amount, known item 0.18; household composition 0.08",0.372549019607843,0.942857142857143,0.627450980392157,0.450980392156863,0.0982,0.1143
283,"buffer","earned_by_hh_size >= 715 & earned_by_hh_size < 886 & gross_by_hh_size >= 875 & shelter_expenses_by_hh_size >= 783","2-3","national","xgboost","any_error",68,0.3382,0.2212,79.19,0.0147,0.0435,0.0147,2,1,23,"earned income 0.45; unearned income 0.26; other element 0.13","wrong amount, known item 0.21; wrong include/exclude decision 0.21; unreported source of income 0.18; change in circumstances 0.13; other 0.13",0.447368421052632,0.739130434782609,0.236842105263158,0.631578947368421,0,0
284,"buffer","gross_by_hh_size < 983 & rawben_rel_max < 0.788 & shelter_expenses_by_hh_size >= 1050","2-3","national","xgboost","any_error",61,0.3443,0.2207,78.08,0.0492,0.1429,0.0492,2,1,21,"earned income 0.43; unearned income 0.33","wrong amount, known item 0.30; change in circumstances 0.23; unreported source of income 0.17; wrong include/exclude decision 0.13",0.566666666666667,0.80952380952381,0.466666666666667,0.466666666666667,0,0
285,"buffer","elderly_disabled_i <= 0 & expedited_i >= 1 & total_deductions_by_hh_size <= 638 & unearned_by_hh_size > 498","1","national","ranger","any_error",54,0.3519,0.2206,55.5,0.037,0.1053,0.037,2,1,19,"unearned income 0.54; earned income 0.19; shelter deduction 0.12","wrong amount, known item 0.27; wrong include/exclude decision 0.27; unreported source of income 0.23",0.192307692307692,0.473684210526316,0.538461538461538,0.423076923076923,0,0
286,"buffer","gross_by_hh_size >= 495 & months_since_cert_n < 1 & shelter_expenses_by_hh_size < 342 & total_deductions_by_hh_size >= 330","2-3","national","xgboost","any_error",54,0.3519,0.2206,66.54,0.037,0.1053,0.037,4,3,19,"other element 0.21; earned income 0.21; dep care or child support deduction 0.17; shelter deduction 0.17","wrong include/exclude decision 0.34; wrong amount, known item 0.28; household composition 0.17",0.551724137931034,0.736842105263158,0.827586206896552,0.724137931034483,0,0
287,"buffer","gross_by_hh_size < 518 & rawben_rel_max >= 0.69 & rawben_rel_max < 0.703","2-3","national","xgboost","any_error",124,0.3065,0.2199,48.75,0,0,0,2,2,38,"unearned income 0.37; earned income 0.28; other element 0.16","wrong amount, known item 0.26; wrong include/exclude decision 0.23; household composition 0.16; unreported source of income 0.14",0.403508771929825,0.578947368421053,0.543859649122807,0.631578947368421,0,0
288,"buffer","gross_by_hh_size >= 854 & shelter_expenses_by_hh_size >= 338 & total_deductions_by_hh_size < 255","4+","national","xgboost","any_error",83,0.3253,0.2196,68.51,0,0,0,2,1,27,"earned income 0.24; unearned income 0.24; shelter deduction 0.19; other element 0.16","wrong amount, known item 0.46; wrong include/exclude decision 0.24; household composition 0.14",0.432432432432432,0.555555555555556,0.594594594594595,0.648648648648649,0,0
289,"buffer","count_divisible_by_100 <= 0.5 & earned_by_hh_size > 316 & unc_rawben_rel_max > 1.2","2-3","national","ranger","any_error",98,0.3163,0.2191,97.4,0,0,0,4,2,31,"earned income 0.71; shelter deduction 0.10","wrong amount, known item 0.32; wrong include/exclude decision 0.24; change in circumstances 0.17; unreported source of income 0.15",0.268292682926829,1,0.341463414634146,0.365853658536585,0,0
290,"buffer","earned_by_hh_size >= 29.8 & gross_by_hh_size < 128 & married >= 1 & unc_rawben_rel_max < 1.1","4+","national","xgboost","any_error",76,0.3289,0.2187,98.3,0,0,0,2,1,25,"earned income 0.71; shelter deduction 0.11","unreported source of income 0.26; wrong amount, known item 0.23; wrong include/exclude decision 0.23; change in circumstances 0.11",0.257142857142857,0.96,0.628571428571429,0.371428571428571,0,0
291,"buffer","earned_by_hh_size > 6 & expedited_i >= 1 & rawben_rel_max <= 0.997 & unc_rawben_rel_max > 0.0787","1","national","ranger","any_error",295,0.2746,0.2186,46.13,0.0881,0.2346,0.0644,4,2,81,"earned income 0.56; shelter deduction 0.13; other element 0.13","wrong amount, known item 0.28; change in circumstances 0.22; wrong include/exclude decision 0.21; unreported source of income 0.12",0.377952755905512,0.765432098765432,0.433070866141732,0.401574803149606,0,0
292,"buffer","HH_size_n > 2.5 & months_since_cert_n <= 7.5 & percent_abawd <= 0.167 & unearned_by_hh_size > 899","2-3","national","ranger","any_error",58,0.3448,0.2186,61.38,0.0172,0.05,0.0172,2,1,20,"unearned income 0.37; shelter deduction 0.21; utility allowance 0.11; medical deduction 0.11","wrong include/exclude decision 0.37; wrong amount, known item 0.29; other 0.13",0.526315789473684,0.65,0.789473684210526,0.578947368421053,0,0
293,"buffer","earned_by_hh_size >= 270 & gross_by_hh_size >= 370 & months_since_cert_n >= 5 & rawben_rel_max >= 0.308","1","national","xgboost","any_error",1732,0.2408,0.2177,43.18,0.0219,0.0719,0.0173,20,10,417,"earned income 0.58; shelter deduction 0.14; other element 0.11","wrong amount, known item 0.23; unreported source of income 0.21; change in circumstances 0.20; wrong include/exclude decision 0.18",0.286149162861492,0.870503597122302,0.328767123287671,0.348484848484849,0.0629,0.1679
294,"buffer","HH_size_n >= 6 & HH_size_n < 7 & shelter_expenses_by_hh_size < 269 & total_deductions_by_hh_size >= 189","4+","national","xgboost","any_error",329,0.2705,0.2176,72.52,0.0061,0.0112,0.003,6,3,89,"earned income 0.54; shelter deduction 0.15; other element 0.09","wrong amount, known item 0.41; wrong include/exclude decision 0.23; unreported source of income 0.11",0.3671875,0.752808988764045,0.6171875,0.6796875,0,0
295,"buffer","shelter_expenses_by_hh_size >= 671 & shelter_expenses_by_hh_size < 675","2-3","national","xgboost","any_error",95,0.3158,0.2174,68.45,0.0105,0.0333,0.0105,2,1,30,"earned income 0.31; shelter deduction 0.27; unearned income 0.27","wrong amount, known item 0.35; wrong include/exclude decision 0.29; change in circumstances 0.10; unreported source of income 0.10",0.306122448979592,0.766666666666667,0.591836734693878,0.510204081632653,0.0105,0.0333
296,"buffer","count_divisible_by_100 >= 1 & HH_size_n >= 7 & percent_abawd < 0.125","4+","national","xgboost","any_error",114,0.307,0.2172,68.9,0.0088,0.0286,0.0088,3,2,35,"earned income 0.35; unearned income 0.22; shelter deduction 0.17; other element 0.14","wrong include/exclude decision 0.27; wrong amount, known item 0.24; unreported source of income 0.17; household composition 0.13",0.295081967213115,0.6,0.655737704918033,0.53968253968254,0,0
297,"buffer","children_i <= 0 & earned_by_hh_size > 84.6 & months_since_cert_n <= 7.5 & utilities_sua <= 0.5","2-3","national","ranger","any_error",122,0.3033,0.2165,56.52,0,0,0,2,1,37,"earned income 0.50; other element 0.28","household composition 0.28; wrong include/exclude decision 0.19; unreported source of income 0.17; change in circumstances 0.13",0.314814814814815,0.648648648648649,0.611111111111111,0.555555555555556,0.0574,0.0811
