"rank","role","rule","hh","pool","engines","mined_frames","n_flagged_train","precision_train","precision_train_lcb","dollars_per_flag_train","mm_share_flags","mm_share_errors","mm_inflation","n_flagged_state","n_new_at_rank","n_error_cases_national","element_groups_to_75","nature_groups_to_75","found_in_case_record","share_overissuance","timing_at_certification","cause_agency"
1,"core","rawben_rel_max >= 0.897 & shelter_expenses_by_hh_size >= 866 & unc_rawben_rel_max < 1.01 & utilities_sua < 1","1","national","xgboost","any_error",69,0.7971,0.6649,145.93,0.0145,0,0,3,3,55,"shelter deduction 0.48; utility allowance 0.36","wrong include/exclude decision 0.66; change in circumstances 0.13",0.25,0.981818181818182,0.538461538461538,0.432692307692308
2,"core","bbce_state_i >= 1 & gross_by_hh_size > 580 & unc_rawben_rel_max > 0.999 & unc_rawben_rel_max <= 1","2-3","national","ranger","any_error",48,0.8125,0.6526,216.88,0,0,0,6,6,39,"shelter deduction 0.48; medical deduction 0.20; dep care or child support deduction 0.17","wrong include/exclude decision 0.41; wrong amount, known item 0.41",0.351851851851852,1,0.796296296296296,0.611111111111111
3,"core","rawben_rel_max >= 0.932 & total_deductions_by_hh_size >= 604 & unc_rawben_rel_max < 1.02 & utilities_sua < 1","1","national","xgboost","any_error",147,0.6531,0.5578,110.03,0.0068,0,0,10,7,96,"shelter deduction 0.35; utility allowance 0.28; unearned income 0.23","wrong include/exclude decision 0.62; wrong amount, known item 0.15",0.358490566037736,0.989583333333333,0.534591194968553,0.50314465408805
4,"core","elderly_disabled_i >= 1 & months_since_cert_n <= 7.5 & rawben_rel_max > 0.999 & unc_rawben_rel_max <= 1","2-3","national","ranger","any_error",79,0.6835,0.5534,145.25,0,0,0,8,4,54,"shelter deduction 0.56; medical deduction 0.12; unearned income 0.12","wrong include/exclude decision 0.50; wrong amount, known item 0.30",0.225,0.981481481481482,0.775,0.4625
5,"core","elderly_disabled_i >= 1 & rawben_rel_max >= 1 & shelter_expenses_by_hh_size < 848 & unc_rawben_rel_max < 1.02","1","national","xgboost","any_error",376,0.609,0.5494,101.59,0,0,0,14,14,229,"unearned income 0.63; shelter deduction 0.16","wrong include/exclude decision 0.56; unreported source of income 0.15; wrong amount, known item 0.14",0.5,0.995633187772926,0.468553459119497,0.686520376175549
6,"core","medical_deductions > 196 & rawben_rel_max > 0.998 & unc_rawben_rel_max <= 1.02","1","national","ranger","any_error",95,0.6526,0.5336,106.32,0,0,0,2,1,62,"medical deduction 0.62; shelter deduction 0.18","wrong include/exclude decision 0.67; wrong amount, known item 0.17",0.532608695652174,1,0.66304347826087,0.717391304347826
7,"core","shelter_expenses_by_hh_size >= 682 & shelter_expenses_by_hh_size < 983 & unc_rawben_rel_max >= 1.01 & unc_rawben_rel_max < 1.02","1","national","xgboost","any_error",147,0.6259,0.5301,94.63,0,0,0,4,3,92,"unearned income 0.75; shelter deduction 0.18","wrong include/exclude decision 0.49; wrong amount, known item 0.25; unreported source of income 0.13",0.514925373134328,1,0.470149253731343,0.73134328358209
8,"core","rawben_rel_max >= 0.972 & total_deductions_by_hh_size >= 1830 & unc_rawben_rel_max < 1.04","1","national","xgboost","any_error",53,0.6604,0.5006,136.83,0,0,0,1,1,35,"medical deduction 0.34; shelter deduction 0.32; unearned income 0.24","wrong include/exclude decision 0.64; wrong amount, known item 0.16",0.5,1,0.74,0.58
9,"core","gross_by_hh_size >= 965 & rawben_rel_max >= 0.484 & shelter_expenses_by_hh_size >= 1120 & utilities_sua < 1","1","national","xgboost","any_error",110,0.6091,0.4982,111.19,0.0364,0.0299,0.0182,5,4,67,"shelter deduction 0.44; utility allowance 0.32","wrong include/exclude decision 0.59; wrong amount, known item 0.14; change in circumstances 0.13",0.221311475409836,0.985074626865672,0.573770491803279,0.467213114754098
10,"core","earned_by_hh_size <= 1140 & shelter_expenses_by_hh_size > 1420 & unc_rawben_rel_max <= 1","2-3","national","ranger","any_error",38,0.6579,0.4696,175.42,0.0789,0.12,0.0789,2,1,25,"shelter deduction 0.36; earned income 0.33; unearned income 0.18","wrong amount, known item 0.39; wrong include/exclude decision 0.30; unreported source of income 0.18",0.272727272727273,0.92,0.636363636363636,0.545454545454545
11,"core","medical_deductions >= 366 & rawben_rel_max >= 0.718","2-3","national","xgboost","any_error",31,0.6774,0.4689,158.71,0,0,0,3,2,21,"medical deduction 0.49; shelter deduction 0.26; unearned income 0.15","wrong include/exclude decision 0.64; wrong amount, known item 0.13",0.461538461538462,0.952380952380952,0.58974358974359,0.717948717948718
12,"core","earned_by_hh_size >= 679 & earned_by_hh_size < 694 & shelter_expenses_by_hh_size >= 1090","1","national","xgboost","any_error",141,0.5532,0.4556,116.43,0,0,0,1,1,78,"earned income 0.64; other element 0.14","unreported source of income 0.26; change in circumstances 0.22; wrong amount, known item 0.19; wrong include/exclude decision 0.17",0.264,0.974358974358974,0.4,0.304
13,"core","bbce_state_i >= 1 & medical_deductions > 667 & shelter_expenses_by_hh_size <= 1750 & unc_rawben_rel_max <= 1.03","1","national","ranger","any_error",62,0.5968,0.4498,106.94,0,0,0,1,1,37,"medical deduction 0.60; shelter deduction 0.16","wrong include/exclude decision 0.58; wrong amount, known item 0.30",0.614035087719298,0.918918918918919,0.649122807017544,0.754385964912281
14,"core","earned_by_hh_size >= 678 & gross_by_hh_size < 1030 & months_since_cert_n >= 5 & unc_rawben_rel_max >= 1.34","1","national","xgboost","any_error",112,0.5357,0.427,122.03,0,0,0,1,1,60,"earned income 0.65; other element 0.18","unreported source of income 0.31; change in circumstances 0.25; wrong include/exclude decision 0.16; limits and thresholds 0.11",0.237113402061856,1,0.134020618556701,0.216494845360825
15,"core","shelter_expenses_by_hh_size >= 692 & total_deductions_by_hh_size < 738 & unc_rawben_rel_max >= 1.01","1","national","xgboost","any_error",59,0.5763,0.4265,94.1,0,0,0,3,3,34,"unearned income 0.65; shelter deduction 0.23","wrong include/exclude decision 0.40; wrong amount, known item 0.29; unreported source of income 0.13",0.538461538461538,0.970588235294118,0.480769230769231,0.730769230769231
16,"core","bbce_state_i >= 1 & rawben_rel_max >= 0.966 & unc_rawben_rel_max < 1.04 & unearned_by_hh_size >= 1530","1","national","xgboost","any_error",125,0.528,0.4252,105.38,0,0,0,6,4,66,"shelter deduction 0.33; medical deduction 0.32; unearned income 0.29","wrong include/exclude decision 0.52; wrong amount, known item 0.24",0.440860215053763,0.984848484848485,0.688172043010753,0.580645161290323
17,"core","count_divisible_by_100 < 1 & earned_by_hh_size >= 142 & unc_rawben_rel_max >= 1.08 & unc_rawben_rel_max < 1.1","4+","national","xgboost","any_error",124,0.5242,0.4211,171.98,0,0,0,2,2,65,"earned income 0.72; shelter deduction 0.10","unreported source of income 0.33; wrong include/exclude decision 0.22; wrong amount, known item 0.19; change in circumstances 0.10",0.444444444444444,0.984615384615385,0.655555555555556,0.5
18,"core","earned_by_hh_size > 639 & gross_by_hh_size <= 702 & total_deductions_by_hh_size > 1070 & unearned_by_hh_size <= 206","1","national","ranger","any_error",263,0.4867,0.416,103.92,0,0,0,5,3,128,"earned income 0.66; other element 0.13","unreported source of income 0.28; change in circumstances 0.21; wrong amount, known item 0.18; wrong include/exclude decision 0.17",0.253807106598985,0.984375,0.365482233502538,0.289340101522843
19,"core","gross_by_hh_size >= 822 & rawben_rel_max >= 0.639 & unearned_by_hh_size >= 168 & unearned_by_hh_size < 602","2-3","national","xgboost","any_error",51,0.5686,0.4085,129.88,0.0196,0.0345,0.0196,2,2,29,"earned income 0.34; unearned income 0.25; shelter deduction 0.23","wrong amount, known item 0.34; wrong include/exclude decision 0.23; unreported source of income 0.18",0.25,0.793103448275862,0.545454545454545,0.409090909090909
20,"core","gross_by_hh_size > 365 & gross_by_hh_size <= 382 & total_deductions_by_hh_size > 549 & unc_rawben_rel_max > 1","2-3","national","ranger","any_error",132,0.5076,0.4081,161.98,0,0,0,1,1,67,"earned income 0.84","change in circumstances 0.30; unreported source of income 0.29; wrong amount, known item 0.21",0.186046511627907,1,0.430232558139535,0.406976744186047
21,"core","expedited_i <= 0 & gross_by_hh_size > 1170 & unc_rawben_rel_max > 0.998 & unc_rawben_rel_max <= 1.03","1","national","ranger","any_error",335,0.4687,0.4062,84.73,0,0,0,11,6,157,"shelter deduction 0.37; unearned income 0.27; medical deduction 0.25","wrong include/exclude decision 0.52; wrong amount, known item 0.22; unreported source of income 0.12",0.415525114155251,1,0.639269406392694,0.611872146118721
22,"core","HH_size_n >= 5 & rawben_rel_max < 0.801 & shelter_expenses_by_hh_size < 498 & total_deductions_by_hh_size >= 401","4+","national","xgboost","any_error",58,0.5517,0.402,99.64,0,0,0,1,1,32,"dep care or child support deduction 0.33; earned income 0.29; shelter deduction 0.21","wrong include/exclude decision 0.44; wrong amount, known item 0.38",0.557692307692308,0.78125,0.788461538461538,0.596153846153846
23,"core","homeless >= 1 & shelter_expenses_by_hh_size >= 1100 & unc_rawben_rel_max >= 0.488 & unc_rawben_rel_max < 1.09","1","national","xgboost","any_error",52,0.5577,0.3997,79.77,0,0,0,2,2,29,"shelter deduction 0.57; utility allowance 0.32","wrong include/exclude decision 0.70; change in circumstances 0.19",0.243243243243243,1,0.432432432432432,0.513513513513513
24,"core","medical_deductions < 125 & shelter_expenses_by_hh_size < 1040 & unc_rawben_rel_max >= 1.01 & unc_rawben_rel_max < 1.02","1","national","xgboost","any_error",297,0.4646,0.3986,72.19,0,0,0,14,9,138,"unearned income 0.75","wrong include/exclude decision 0.47; wrong amount, known item 0.22; unreported source of income 0.17",0.505208333333333,1,0.390625,0.671875
25,"core","earned_by_hh_size > 358 & total_deductions_by_hh_size > 547 & total_deductions_by_hh_size <= 553 & unc_rawben_rel_max > 1","2-3","national","ranger","any_error",149,0.4899,0.3967,151.46,0,0,0,2,1,73,"earned income 0.82","change in circumstances 0.28; unreported source of income 0.27; wrong amount, known item 0.23",0.210526315789474,0.986301369863014,0.452631578947368,0.452631578947368
26,"core","gross_by_hh_size > 198 & HH_size_n > 2.5 & total_deductions_by_hh_size > 691 & unearned_by_hh_size > 66.8","2-3","national","ranger","any_error",59,0.5424,0.3944,156.36,0,0,0,2,1,32,"earned income 0.25; unearned income 0.25; dep care or child support deduction 0.22; shelter deduction 0.17","wrong include/exclude decision 0.32; wrong amount, known item 0.24; unreported source of income 0.17; other 0.11",0.19047619047619,0.84375,0.587301587301587,0.428571428571429
27,"core","bbce_state_i >= 1 & earned_by_hh_size >= 678 & unc_rawben_rel_max >= 1.32","1","national","xgboost","any_error",340,0.4529,0.3914,98.98,0,0,0,6,3,154,"earned income 0.65; shelter deduction 0.12","unreported source of income 0.30; change in circumstances 0.20; wrong include/exclude decision 0.17; wrong amount, known item 0.16",0.219917012448133,0.993506493506494,0.369294605809129,0.29045643153527
28,"core","medical_deductions > 158 & rawben_rel_max > 0.171 & total_deductions_by_hh_size > 639 & unc_rawben_rel_max <= 1","2-3","national","ranger","any_error",140,0.4857,0.3898,76.59,0.0071,0.0147,0.0071,9,5,68,"medical deduction 0.42; shelter deduction 0.28; unearned income 0.20","wrong include/exclude decision 0.54; wrong amount, known item 0.19; unreported source of income 0.09",0.455357142857143,0.985294117647059,0.625,0.625
29,"core","rawben_rel_max > 0.155 & unearned_by_hh_size > 1310","2-3","national","ranger","any_error",84,0.5119,0.3882,68.04,0,0,0,1,1,43,"shelter deduction 0.41; medical deduction 0.29; unearned income 0.21","wrong include/exclude decision 0.49; wrong amount, known item 0.19; method or computation 0.09",0.382352941176471,0.883720930232558,0.720588235294118,0.617647058823529
30,"core","earned_by_hh_size > 376 & percent_abawd <= 0.5 & unc_rawben_rel_max > 1.27 & utilities_sua <= 0.5","1","national","ranger","any_error",45,0.5556,0.3867,141.49,0,0,0,2,2,25,"earned income 0.64; shelter deduction 0.18","unreported source of income 0.28; wrong include/exclude decision 0.28; wrong amount, known item 0.26",0.41025641025641,1,0.487179487179487,0.435897435897436
31,"core","earned_by_hh_size >= 568 & shelter_expenses_by_hh_size < 1040 & unc_rawben_rel_max >= 1.4 & unearned_by_hh_size < 254","1","national","xgboost","any_error",80,0.5125,0.3859,114.03,0,0,0,3,2,41,"earned income 0.66; other element 0.15","unreported source of income 0.25; change in circumstances 0.23; wrong amount, known item 0.20; limits and thresholds 0.13",0.383333333333333,1,0.533333333333333,0.39344262295082
32,"core","elderly_disabled_i <= 0 & rawben_rel_max >= 1 & unc_rawben_rel_max < 1.02 & unearned_by_hh_size >= 622","1","national","xgboost","any_error",74,0.5135,0.3821,98.88,0,0,0,1,1,38,"unearned income 0.84","unreported source of income 0.40; wrong include/exclude decision 0.36",0.181818181818182,1,0.590909090909091,0.355555555555556
33,"core","medical_deductions <= 794 & percent_abawd > 0.167 & total_deductions_by_hh_size > 783 & unc_rawben_rel_max <= 1.02","2-3","national","ranger","any_error",31,0.5806,0.3781,113.94,0,0,0,1,1,18,"earned income 0.38; shelter deduction 0.26; unearned income 0.12","wrong include/exclude decision 0.38; wrong amount, known item 0.32; unreported source of income 0.12",0.147058823529412,0.833333333333333,0.735294117647059,0.5
34,"core","gross_by_hh_size > 424 & rawben_rel_max > 0.997 & shelter_expenses_by_hh_size <= 1180 & unc_rawben_rel_max <= 1.02","1","national","ranger","any_error",918,0.4139,0.3767,63.63,0,0,0,48,25,380,"unearned income 0.50; shelter deduction 0.28","wrong include/exclude decision 0.55; wrong amount, known item 0.18; unreported source of income 0.11",0.44721689059501,0.997368421052632,0.514395393474088,0.623326959847036
35,"core","earned_by_hh_size >= 763 & total_deductions_by_hh_size >= 812 & unearned_by_hh_size >= 8.5","2-3","national","xgboost","any_error",44,0.5455,0.3756,117.64,0.0227,0.0417,0.0227,1,1,24,"earned income 0.38; unearned income 0.23; dep care or child support deduction 0.15","wrong amount, known item 0.50; wrong include/exclude decision 0.23; unreported source of income 0.10",0.1875,0.916666666666667,0.458333333333333,0.395833333333333
36,"core","earned_by_hh_size > 75.1 & expedited_i >= 1 & medical_deductions <= 80.5 & unearned_by_hh_size > 386","2-3","national","ranger","any_error",38,0.5526,0.3704,105.47,0.0263,0.0476,0.0263,1,1,21,"earned income 0.37; unearned income 0.29; shelter deduction 0.20","wrong amount, known item 0.34; wrong include/exclude decision 0.20; unreported source of income 0.17; method or computation 0.06",0.529411764705882,0.571428571428571,0.5,0.514285714285714
37,"core","earned_by_hh_size >= 248 & earned_by_hh_size < 259 & months_since_cert_n < 10 & unearned_by_hh_size < 3.5","2-3","national","xgboost","any_error",128,0.4688,0.3695,145.51,0,0,0,2,2,60,"earned income 0.74; shelter deduction 0.15","wrong amount, known item 0.31; wrong include/exclude decision 0.25; unreported source of income 0.20",0.320987654320988,0.983333333333333,0.518518518518518,0.506172839506173
38,"core","earned_by_hh_size > 186 & expedited_i >= 1 & unearned_by_hh_size > 271","2-3","national","ranger","any_error",56,0.5179,0.368,107,0.0179,0.0345,0.0179,1,1,29,"earned income 0.47; shelter deduction 0.19; unearned income 0.17","wrong amount, known item 0.23; unreported source of income 0.23; wrong include/exclude decision 0.17; change in circumstances 0.11; household composition 0.09",0.391304347826087,0.586206896551724,0.456521739130435,0.574468085106383
39,"core","children_i >= 1 & count_divisible_by_100 <= 0.5 & elderly_disabled_i >= 1 & percent_abawd <= 0.5","1","national","ranger","any_error",34,0.5588,0.3666,112.35,0.0294,0.0526,0.0294,2,2,19,"other element 0.65; shelter deduction 0.12","household composition 0.65; wrong include/exclude decision 0.19",0.615384615384615,0.210526315789474,0.653846153846154,0.653846153846154
40,"core","count_divisible_by_100 > 1.5 & months_since_cert_n > 5.5 & total_deductions_by_hh_size <= 249 & unc_rawben_rel_max <= 0.975","4+","national","ranger","any_error",32,0.5625,0.3646,104.28,0,0,0,1,1,18,"earned income 0.50; unearned income 0.25","wrong amount, known item 0.34; unreported source of income 0.19; wrong include/exclude decision 0.12; change in circumstances 0.09",0.3,0.555555555555556,0.533333333333333,0.5
41,"core","gross_by_hh_size >= 1190 & percent_abawd < 1 & shelter_expenses_by_hh_size < 758 & unc_rawben_rel_max >= 0.484","2-3","national","xgboost","any_error",43,0.5349,0.3642,113.02,0,0,0,2,1,23,"earned income 0.37; dep care or child support deduction 0.24; shelter deduction 0.18","wrong include/exclude decision 0.37; wrong amount, known item 0.26; method or computation 0.11; change in circumstances 0.08",0.5,0.826086956521739,0.526315789473684,0.657894736842105
42,"core","elderly_disabled_i >= 1 & total_deductions_by_hh_size > 755 & unc_rawben_rel_max <= 1.03 & utilities_sua <= 0.5","1","national","ranger","any_error",334,0.4251,0.3639,65.94,0.009,0.007,0.003,17,9,142,"shelter deduction 0.41; utility allowance 0.31; medical deduction 0.13","wrong include/exclude decision 0.61; wrong amount, known item 0.14; change in circumstances 0.12",0.289156626506024,0.950704225352113,0.586345381526104,0.485943775100402
43,"core","count_divisible_by_100 > 1.5 & months_since_cert_n > 5.5 & rawben_rel_max <= 0.975 & utilities_sua > 0.5","4+","national","ranger","any_error",41,0.5366,0.362,114.27,0,0,0,2,1,22,"earned income 0.50; unearned income 0.21; shelter deduction 0.16","wrong amount, known item 0.29; unreported source of income 0.18; wrong include/exclude decision 0.16; household composition 0.11; change in circumstances 0.08",0.305555555555556,0.590909090909091,0.555555555555556,0.5
44,"core","rawben_rel_max > 0.961 & total_deductions_by_hh_size > 277 & total_deductions_by_hh_size <= 282","4+","national","ranger","any_error",97,0.4742,0.3608,151.34,0,0,0,5,3,46,"earned income 0.73; shelter deduction 0.08","unreported source of income 0.37; wrong include/exclude decision 0.22; wrong amount, known item 0.17",0.349206349206349,1,0.619047619047619,0.476190476190476
45,"core","shelter_expenses_by_hh_size <= 487 & total_deductions_by_hh_size > 691 & unc_rawben_rel_max <= 1","2-3","national","ranger","any_error",64,0.5,0.3604,109.95,0.0312,0.0312,0.0156,1,1,32,"dep care or child support deduction 0.29; earned income 0.27; shelter deduction 0.20","wrong include/exclude decision 0.39; wrong amount, known item 0.29; other 0.14",0.321428571428571,0.8125,0.75,0.464285714285714
46,"core","HH_size_n < 5 & rawben_rel_max >= 0.785 & rawben_rel_max < 0.789","4+","national","xgboost","any_error",39,0.5385,0.3597,118.31,0,0,0,1,1,21,"earned income 0.58; shelter deduction 0.10; unearned income 0.10","wrong amount, known item 0.39; wrong include/exclude decision 0.16; change in circumstances 0.16; unreported source of income 0.13",0.333333333333333,0.666666666666667,0.466666666666667,0.419354838709677
47,"core","gross_by_hh_size > 110 & percent_abawd <= 0.464 & rawben_rel_max <= 0.621 & total_deductions_by_hh_size > 529","4+","national","ranger","any_error",48,0.5208,0.3597,121.71,0,0,0,1,1,25,"dep care or child support deduction 0.37; earned income 0.27; unearned income 0.16","wrong amount, known item 0.41; wrong include/exclude decision 0.31; unreported source of income 0.08",0.411764705882353,0.84,0.803921568627451,0.509803921568627
48,"core","HH_size_n > 5.5 & rawben_rel_max <= 0.976 & shelter_expenses_by_hh_size <= 454 & total_deductions_by_hh_size > 340","4+","national","ranger","any_error",37,0.5405,0.3573,148.08,0.027,0.05,0.027,1,1,20,"earned income 0.37; shelter deduction 0.23; dep care or child support deduction 0.23","wrong include/exclude decision 0.40; wrong amount, known item 0.20; method or computation 0.17",0.566666666666667,0.6,0.733333333333333,0.633333333333333
49,"core","rawben_rel_max < 0.712 & shelter_expenses_by_hh_size >= 275 & shelter_expenses_by_hh_size < 306 & total_deductions_by_hh_size >= 310","4+","national","xgboost","any_error",37,0.5405,0.3573,113.24,0,0,0,1,1,20,"dep care or child support deduction 0.28; shelter deduction 0.24; earned income 0.21; unearned income 0.14","wrong include/exclude decision 0.48; wrong amount, known item 0.21; other 0.10",0.482758620689655,0.6,0.758620689655172,0.655172413793103
50,"core","earned_by_hh_size > 94.8 & gross_by_hh_size <= 463 & total_deductions_by_hh_size > 307 & unearned_by_hh_size > 20.6","4+","national","ranger","any_error",60,0.5,0.3562,137.47,0.0167,0.0333,0.0167,1,1,30,"earned income 0.40; unearned income 0.19; other element 0.13; shelter deduction 0.12","wrong amount, known item 0.27; wrong include/exclude decision 0.23; unreported source of income 0.13; other 0.12",0.48,0.833333333333333,0.5,0.5
51,"core","rawben_rel_max >= 0.0436 & shelter_expenses_by_hh_size >= 1100 & unearned_by_hh_size >= 1300","2-3","national","xgboost","any_error",65,0.4923,0.3543,68.68,0.0154,0.0312,0.0154,2,1,32,"shelter deduction 0.49; unearned income 0.23; medical deduction 0.19","wrong include/exclude decision 0.55; wrong amount, known item 0.26",0.297872340425532,0.8125,0.723404255319149,0.617021276595745
52,"core","gross_by_hh_size >= 360 & total_deductions_by_hh_size < 642 & unc_rawben_rel_max >= 1.16","2-3","national","xgboost","any_error",166,0.4398,0.3535,135.27,0,0,0,2,1,73,"earned income 0.63; unearned income 0.21","wrong include/exclude decision 0.26; wrong amount, known item 0.26; unreported source of income 0.24",0.295918367346939,0.986301369863014,0.510204081632653,0.520408163265306
53,"core","earned_by_hh_size < 370 & gross_by_hh_size >= 360 & gross_by_hh_size < 384 & shelter_expenses_by_hh_size >= 679","2-3","national","xgboost","any_error",70,0.4857,0.3529,136,0,0,0,2,1,34,"unearned income 0.39; earned income 0.37","unreported source of income 0.39; wrong include/exclude decision 0.18; change in circumstances 0.18",0.183673469387755,0.970588235294118,0.489795918367347,0.36734693877551
54,"core","gross_by_hh_size >= 1130 & shelter_expenses_by_hh_size < 884 & total_deductions_by_hh_size >= 717 & unearned_by_hh_size >= 147","2-3","national","xgboost","any_error",49,0.5102,0.3516,112.35,0,0,0,2,1,25,"medical deduction 0.24; earned income 0.20; shelter deduction 0.16; unearned income 0.14","wrong include/exclude decision 0.41; wrong amount, known item 0.22; unreported source of income 0.08; method or computation 0.08",0.408163265306122,0.92,0.489795918367347,0.489795918367347
55,"core","bbce_state_i >= 1 & HH_size_n > 5.5 & total_deductions_by_hh_size > 242 & unearned_by_hh_size > 0.25","4+","national","ranger","any_error",162,0.4383,0.351,122.86,0.0123,0.0282,0.0123,4,3,71,"earned income 0.32; unearned income 0.24; shelter deduction 0.18; dep care or child support deduction 0.12","wrong amount, known item 0.31; wrong include/exclude decision 0.25; unreported source of income 0.14; method or computation 0.08",0.346456692913386,0.732394366197183,0.559055118110236,0.52755905511811
56,"core","HH_size_n > 4.5 & total_deductions_by_hh_size > 492","4+","national","ranger","any_error",40,0.525,0.3496,104.85,0,0,0,1,1,21,"dep care or child support deduction 0.41; earned income 0.30; shelter deduction 0.16","wrong include/exclude decision 0.35; wrong amount, known item 0.35; unreported source of income 0.08",0.540540540540541,0.857142857142857,0.810810810810811,0.540540540540541
57,"core","HH_size_n > 4.5 & rawben_rel_max <= 0.946 & total_deductions_by_hh_size > 341 & total_deductions_by_hh_size <= 349","4+","national","ranger","any_error",31,0.5484,0.3492,118.71,0,0,0,1,1,17,"shelter deduction 0.31; earned income 0.25; unearned income 0.16; other element 0.12","wrong amount, known item 0.31; wrong include/exclude decision 0.28; unreported source of income 0.16",0.4375,0.764705882352941,0.6875,0.71875
58,"core","rawben_rel_max > 0.999 & total_deductions_by_hh_size > 546 & total_deductions_by_hh_size <= 554","2-3","national","ranger","any_error",189,0.4286,0.348,129.76,0,0,0,4,2,81,"earned income 0.74; other element 0.09","unreported source of income 0.27; change in circumstances 0.25; wrong amount, known item 0.24",0.201834862385321,0.975308641975309,0.467889908256881,0.440366972477064
59,"core","bbce_state_i >= 1 & gross_by_hh_size >= 351 & total_deductions_by_hh_size < 552 & unc_rawben_rel_max >= 1.11","2-3","national","xgboost","any_error",162,0.4321,0.3452,137.6,0,0,0,3,2,70,"earned income 0.62; unearned income 0.15","wrong amount, known item 0.26; change in circumstances 0.25; unreported source of income 0.22; wrong include/exclude decision 0.20",0.303921568627451,0.985714285714286,0.490196078431373,0.509803921568627
60,"core","earned_by_hh_size > 42.2 & HH_size_n > 5.5 & married <= 0 & unearned_by_hh_size > 234","4+","national","ranger","any_error",74,0.473,0.3445,149.27,0.0135,0.0286,0.0135,3,3,35,"earned income 0.35; unearned income 0.33; other element 0.15","wrong amount, known item 0.39; wrong include/exclude decision 0.18; unreported source of income 0.17; household composition 0.15",0.348484848484849,0.485714285714286,0.757575757575758,0.575757575757576
61,"core","gross_by_hh_size >= 937 & HH_size_n < 6 & rawben_rel_max >= 0.427","4+","national","xgboost","any_error",36,0.5278,0.3437,117.25,0,0,0,2,1,19,"dep care or child support deduction 0.38; earned income 0.26; unearned income 0.21","wrong amount, known item 0.41; wrong include/exclude decision 0.31; other 0.08",0.487179487179487,0.736842105263158,0.794871794871795,0.564102564102564
62,"core","earned_by_hh_size > 87.4 & rawben_rel_max > 0.982 & unc_rawben_rel_max > 1.06 & unc_rawben_rel_max <= 1.1","4+","national","ranger","any_error",272,0.4081,0.3412,136.35,0,0,0,5,3,111,"earned income 0.74; shelter deduction 0.10","unreported source of income 0.28; wrong amount, known item 0.26; wrong include/exclude decision 0.21; change in circumstances 0.10",0.422818791946309,0.981981981981982,0.664429530201342,0.496644295302013
63,"core","count_divisible_by_100 > 0.5 & rawben_rel_max <= 0.998 & shelter_expenses_by_hh_size > 1030 & unc_rawben_rel_max <= 0.685","2-3","national","ranger","any_error",41,0.5122,0.3401,97.34,0.0488,0.0952,0.0488,1,1,21,"unearned income 0.35; shelter deduction 0.22; earned income 0.19","wrong amount, known item 0.38; wrong include/exclude decision 0.22; unreported source of income 0.16",0.324324324324324,0.857142857142857,0.459459459459459,0.405405405405405
64,"core","total_deductions_by_hh_size > 1120 & unc_rawben_rel_max <= 1.41","2-3","national","ranger","any_error",80,0.4625,0.3394,105.92,0.0125,0.027,0.0125,2,1,37,"shelter deduction 0.27; earned income 0.27; medical deduction 0.15; unearned income 0.12","wrong include/exclude decision 0.36; wrong amount, known item 0.36; other 0.08",0.322033898305085,0.945945945945946,0.711864406779661,0.508474576271186
65,"core","months_since_cert_n >= 9 & shelter_expenses_by_hh_size >= 55.4 & total_deductions_by_hh_size >= 249 & utilities_sua < 2","4+","national","xgboost","any_error",39,0.5128,0.3368,103.62,0,0,0,2,2,20,"earned income 0.29; shelter deduction 0.20; unearned income 0.17; utility allowance 0.15","wrong amount, known item 0.27; change in circumstances 0.20; wrong include/exclude decision 0.20; other 0.12",0.333333333333333,0.65,0.333333333333333,0.439024390243902
66,"core","earned_by_hh_size >= 87.4 & earned_by_hh_size < 176 & gross_by_hh_size < 496 & rawben_rel_max < 0.876","4+","national","xgboost","any_error",186,0.414,0.3336,81.09,0.0054,0.013,0.0054,4,3,77,"earned income 0.40; unearned income 0.24; shelter deduction 0.15","wrong amount, known item 0.37; wrong include/exclude decision 0.22; unreported source of income 0.11; household composition 0.10",0.553846153846154,0.623376623376623,0.561538461538462,0.653846153846154
67,"core","children_i >= 1 & elderly_disabled_i >= 1 & utilities_sua > 1.5","1","national","ranger","any_error",30,0.5333,0.3332,105.83,0,0,0,1,1,16,"other element 0.64; earned income 0.14","household composition 0.64; wrong include/exclude decision 0.18",0.636363636363636,0.1875,0.681818181818182,0.681818181818182
68,"core","HH_size_n >= 5 & rawben_rel_max < 0.801 & total_deductions_by_hh_size >= 401","4+","national","xgboost","any_error",84,0.4524,0.3328,80.95,0,0,0,2,1,38,"earned income 0.32; dep care or child support deduction 0.27; shelter deduction 0.23","wrong include/exclude decision 0.39; wrong amount, known item 0.37",0.5,0.763157894736842,0.758064516129032,0.580645161290323
69,"core","gross_by_hh_size >= 140 & HH_size_n >= 6 & HH_size_n < 7 & total_deductions_by_hh_size >= 315","4+","national","xgboost","any_error",84,0.4524,0.3328,103.39,0,0,0,1,1,38,"earned income 0.32; dep care or child support deduction 0.21; shelter deduction 0.19; unearned income 0.17","wrong amount, known item 0.35; wrong include/exclude decision 0.29; method or computation 0.10; household composition 0.08",0.523809523809524,0.684210526315789,0.634920634920635,0.603174603174603
70,"core","earned_by_hh_size >= 391 & months_since_cert_n >= 6 & unc_rawben_rel_max >= 1.3","1","national","xgboost","any_error",374,0.3877,0.3311,86.24,0,0,0,2,1,145,"earned income 0.66; other element 0.14","unreported source of income 0.29; change in circumstances 0.24; wrong include/exclude decision 0.16; wrong amount, known item 0.13",0.227678571428571,0.986206896551724,0.236607142857143,0.275555555555556
71,"core","elderly_disabled_i <= 0 & shelter_expenses_by_hh_size <= 424 & total_deductions_by_hh_size > 529 & unc_rawben_rel_max <= 0.957","4+","national","ranger","any_error",42,0.5,0.3311,110.55,0,0,0,1,1,21,"dep care or child support deduction 0.47; earned income 0.22; shelter deduction 0.14","wrong include/exclude decision 0.39; wrong amount, known item 0.31; change in circumstances 0.14",0.444444444444444,0.80952380952381,0.722222222222222,0.555555555555556
72,"core","elderly_disabled_i <= 0 & gross_by_hh_size > 164 & HH_size_n <= 4.5 & unc_rawben_rel_max > 1.08","4+","national","ranger","any_error",126,0.4286,0.3311,133.25,0,0,0,4,2,54,"earned income 0.72; other element 0.08","unreported source of income 0.36; wrong include/exclude decision 0.20; wrong amount, known item 0.16; change in circumstances 0.12",0.405405405405405,1,0.540540540540541,0.460526315789474
73,"core","earned_by_hh_size >= 81.7 & gross_by_hh_size < 261 & unc_rawben_rel_max >= 1.06 & unc_rawben_rel_max < 1.12","2-3","national","xgboost","any_error",245,0.4,0.3301,111.25,0,0,0,2,1,98,"earned income 0.70; shelter deduction 0.14","wrong amount, known item 0.29; unreported source of income 0.24; wrong include/exclude decision 0.23",0.314285714285714,0.959183673469388,0.528571428571429,0.485714285714286
74,"core","elderly_disabled_i <= 0 & gross_by_hh_size > 308 & unc_rawben_rel_max > 0.0787 & unc_rawben_rel_max <= 0.0822","1","national","ranger","any_error",114,0.4298,0.3276,80.79,0,0,0,4,4,49,"unearned income 0.34; earned income 0.33; shelter deduction 0.17","wrong amount, known item 0.39; wrong include/exclude decision 0.27; other 0.14",0.4,0,0.614285714285714,0.714285714285714
75,"core","gross_by_hh_size >= 351 & gross_by_hh_size < 382 & rawben_rel_max >= 0.86 & shelter_expenses_by_hh_size >= 730","2-3","national","xgboost","any_error",114,0.4298,0.3276,122.96,0,0,0,5,3,49,"earned income 0.50; unearned income 0.27","unreported source of income 0.36; change in circumstances 0.21; wrong include/exclude decision 0.15; wrong amount, known item 0.14",0.196969696969697,0.979591836734694,0.424242424242424,0.393939393939394
76,"core","earned_by_hh_size > 123 & months_since_cert_n <= 4.5 & total_deductions_by_hh_size > 807 & unearned_by_hh_size > 135","2-3","national","ranger","any_error",40,0.5,0.3274,141.38,0,0,0,2,1,20,"earned income 0.32; unearned income 0.24; shelter deduction 0.21","wrong amount, known item 0.47; wrong include/exclude decision 0.24; unreported source of income 0.08",0.236842105263158,0.85,0.605263157894737,0.394736842105263
77,"core","earned_by_hh_size > 59.7 & shelter_expenses_by_hh_size <= 567 & total_deductions_by_hh_size > 529 & unearned_by_hh_size <= 227","4+","national","ranger","any_error",101,0.4356,0.3271,105.97,0,0,0,2,1,44,"dep care or child support deduction 0.45; earned income 0.28; shelter deduction 0.11","wrong amount, known item 0.36; wrong include/exclude decision 0.29; change in circumstances 0.11",0.36986301369863,0.840909090909091,0.712328767123288,0.44
78,"core","HH_size_n >= 5 & months_since_cert_n >= 2 & rawben_rel_max < 0.882 & total_deductions_by_hh_size >= 333","4+","national","xgboost","any_error",250,0.396,0.327,76.24,0,0,0,9,5,99,"earned income 0.35; shelter deduction 0.21; dep care or child support deduction 0.20","wrong amount, known item 0.35; wrong include/exclude decision 0.31; unreported source of income 0.10",0.444444444444444,0.747474747474748,0.654320987654321,0.580246913580247
79,"core","elderly_disabled_i >= 1 & gross_by_hh_size > 480 & rawben_rel_max > 0.998 & utilities_sua <= 1.5","1","national","ranger","any_error",455,0.378,0.3269,64.04,0,0,0,44,23,172,"shelter deduction 0.30; utility allowance 0.28; unearned income 0.26","wrong include/exclude decision 0.61; wrong amount, known item 0.15",0.40080971659919,0.994186046511628,0.51417004048583,0.550607287449393
80,"core","elderly_disabled_i >= 1 & HH_size_n > 2.5 & shelter_expenses_by_hh_size > 646 & unc_rawben_rel_max <= 1","2-3","national","ranger","any_error",141,0.4184,0.3266,77.54,0,0,0,6,3,59,"unearned income 0.33; shelter deduction 0.31; earned income 0.17","wrong include/exclude decision 0.36; wrong amount, known item 0.29; unreported source of income 0.10",0.348314606741573,0.627118644067797,0.629213483146067,0.51685393258427
81,"core","rawben_rel_max < 0.76 & shelter_expenses_by_hh_size < 517 & total_deductions_by_hh_size >= 401","4+","national","xgboost","any_error",207,0.401,0.3252,75.57,0.0048,0.012,0.0048,4,2,83,"dep care or child support deduction 0.32; earned income 0.29; shelter deduction 0.19","wrong amount, known item 0.39; wrong include/exclude decision 0.34; other 0.08",0.388157894736842,0.783132530120482,0.703947368421053,0.559210526315789
82,"core","medical_deductions >= 176 & rawben_rel_max >= 0.952 & shelter_expenses_by_hh_size >= 667 & unc_rawben_rel_max < 1.16","1","national","xgboost","any_error",241,0.3942,0.3241,57.83,0.0083,0.0211,0.0083,2,1,95,"medical deduction 0.51; shelter deduction 0.22; unearned income 0.16","wrong include/exclude decision 0.62; wrong amount, known item 0.17",0.496503496503497,0.989473684210526,0.601398601398601,0.692307692307692
83,"core","months_since_cert_n >= 4 & months_since_cert_n < 7 & shelter_expenses_by_hh_size >= 463 & unearned_by_hh_size >= 500","4+","national","xgboost","any_error",38,0.5,0.3235,97.21,0.0263,0.0526,0.0263,4,3,19,"unearned income 0.29; shelter deduction 0.29; other element 0.12; utility allowance 0.12","wrong include/exclude decision 0.46; wrong amount, known item 0.21; method or computation 0.12",0.416666666666667,0.684210526315789,0.75,0.416666666666667
84,"core","children_i <= 0 & expedited_i >= 1 & gross_by_hh_size >= 499 & unearned_by_hh_size < 666","2-3","national","xgboost","any_error",97,0.433,0.3226,99.37,0.0722,0.1667,0.0722,1,1,42,"earned income 0.38; other element 0.24; unearned income 0.16","household composition 0.21; unreported source of income 0.21; wrong include/exclude decision 0.17; wrong amount, known item 0.13; other 0.13",0.344262295081967,0.738095238095238,0.655737704918033,0.428571428571429
85,"core","earned_by_hh_size >= 248 & gross_by_hh_size < 280 & HH_size_n >= 3 & rawben_rel_max >= 0.212","2-3","national","xgboost","any_error",181,0.4033,0.3225,107.81,0,0,0,6,4,73,"earned income 0.68; shelter deduction 0.14","wrong amount, known item 0.27; wrong include/exclude decision 0.24; unreported source of income 0.20; change in circumstances 0.14",0.330097087378641,0.917808219178082,0.543689320388349,0.485436893203884
86,"core","shelter_expenses_by_hh_size < 485 & total_deductions_by_hh_size >= 606 & unc_rawben_rel_max < 1.03","2-3","national","xgboost","any_error",117,0.4188,0.3186,84.46,0.0171,0.0204,0.0085,5,3,49,"earned income 0.30; dep care or child support deduction 0.24; shelter deduction 0.17; other element 0.11","wrong include/exclude decision 0.37; wrong amount, known item 0.26; other 0.12",0.30952380952381,0.795918367346939,0.666666666666667,0.44047619047619
87,"core","count_divisible_by_100 > 0.5 & earned_by_hh_size <= 1540 & rawben_rel_max <= 0.98 & total_deductions_by_hh_size > 785","2-3","national","ranger","any_error",41,0.4878,0.3186,73.8,0,0,0,2,1,20,"earned income 0.28; unearned income 0.28; shelter deduction 0.17; dep care or child support deduction 0.14","wrong include/exclude decision 0.33; wrong amount, known item 0.31; unreported source of income 0.25",0.305555555555556,0.9,0.75,0.388888888888889
88,"core","earned_by_hh_size > 42.6 & earned_by_hh_size <= 367 & HH_size_n > 5.5 & unc_rawben_rel_max <= 0.977","4+","national","ranger","any_error",734,0.3556,0.3157,90.19,0.015,0.0421,0.015,11,10,261,"earned income 0.44; unearned income 0.17; shelter deduction 0.17","wrong amount, known item 0.34; wrong include/exclude decision 0.21; household composition 0.12; unreported source of income 0.12",0.444987775061125,0.60536398467433,0.662591687041565,0.613138686131387
89,"core","married >= 1 & shelter_expenses_by_hh_size < 797 & total_deductions_by_hh_size >= 704 & unc_rawben_rel_max < 1","2-3","national","xgboost","any_error",34,0.5,0.3147,69.79,0.0294,0.0588,0.0294,2,1,17,"medical deduction 0.31; earned income 0.22; unearned income 0.19; other element 0.12","wrong include/exclude decision 0.38; wrong amount, known item 0.25; unreported source of income 0.12",0.46875,0.882352941176471,0.5625,0.5
90,"core","earned_by_hh_size <= 166 & elderly_disabled_i >= 1 & rawben_rel_max > 0.994 & unc_rawben_rel_max <= 1","4+","national","ranger","any_error",44,0.4773,0.3145,81.84,0,0,0,1,1,21,"shelter deduction 0.61; other element 0.18","wrong include/exclude decision 0.55; wrong amount, known item 0.15; other 0.12",0.121212121212121,1,0.575757575757576,0.363636363636364
91,"core","gross_by_hh_size > 93.5 & HH_size_n > 5.5 & total_deductions_by_hh_size > 307 & utilities_sua > 0.5","4+","national","ranger","any_error",133,0.406,0.3125,104.94,0.0075,0.0185,0.0075,4,2,54,"earned income 0.29; dep care or child support deduction 0.20; unearned income 0.19; shelter deduction 0.18","wrong include/exclude decision 0.29; wrong amount, known item 0.29; method or computation 0.11; unreported source of income 0.11",0.451612903225806,0.703703703703704,0.623655913978495,0.548387096774194
92,"core","rawben_rel_max < 0.738 & unc_rawben_rel_max >= 0.193 & unearned_by_hh_size >= 986 & utilities_sua < 2","2-3","national","xgboost","any_error",32,0.5,0.3099,64.91,0,0,0,3,2,16,"shelter deduction 0.33; utility allowance 0.19; dep care or child support deduction 0.14; unearned income 0.14","wrong include/exclude decision 0.62; other 0.14",0.333333333333333,0.75,0.761904761904762,0.666666666666667
93,"core","bbce_state_i >= 1 & medical_deductions > 665 & total_deductions_by_hh_size > 560 & unearned_by_hh_size > 290","1","national","ranger","any_error",98,0.4184,0.3097,74.61,0,0,0,2,1,41,"medical deduction 0.58; shelter deduction 0.18","wrong include/exclude decision 0.57; wrong amount, known item 0.26",0.6,0.902439024390244,0.646153846153846,0.738461538461539
94,"core","gross_by_hh_size >= 333 & total_deductions_by_hh_size < 784 & unc_rawben_rel_max >= 1.16 & unc_rawben_rel_max < 1.24","2-3","national","xgboost","any_error",281,0.3737,0.3095,113.9,0,0,0,6,3,105,"earned income 0.53; unearned income 0.24","wrong amount, known item 0.26; wrong include/exclude decision 0.24; unreported source of income 0.21; change in circumstances 0.13",0.317567567567568,0.961904761904762,0.574324324324324,0.5
95,"core","gross_by_hh_size >= 236 & gross_by_hh_size < 261 & shelter_expenses_by_hh_size >= 383 & unearned_by_hh_size < 245","2-3","national","xgboost","any_error",180,0.3889,0.3088,107.91,0,0,0,4,3,70,"earned income 0.54; unearned income 0.21; shelter deduction 0.18","wrong amount, known item 0.28; wrong include/exclude decision 0.25; unreported source of income 0.24",0.235294117647059,1,0.568627450980392,0.42156862745098
96,"buffer","rawben_rel_max >= 0.744 & total_deductions_by_hh_size >= 756 & unc_rawben_rel_max < 1.09 & utilities_sua < 2","1","national","xgboost","any_error",716,0.3506,0.3103,54.9,0.0349,0.0518,0.0182,70,38,251,"shelter deduction 0.35; utility allowance 0.34; unearned income 0.14","wrong include/exclude decision 0.61; wrong amount, known item 0.18",0.326530612244898,0.9800796812749,0.625,0.5
97,"buffer","earned_by_hh_size > 0.155 & gross_by_hh_size <= 446 & unc_rawben_rel_max <= 1 & unearned_by_hh_size > 2.78","4+","national","ranger","any_error",961,0.3424,0.3077,78.78,0.0104,0.0274,0.0094,16,9,329,"earned income 0.41; unearned income 0.25; shelter deduction 0.16","wrong amount, known item 0.32; wrong include/exclude decision 0.23; unreported source of income 0.14; change in circumstances 0.09",0.414233576642336,0.677811550151976,0.636861313868613,0.578181818181818
98,"buffer","earned_by_hh_size > 826 & total_deductions_by_hh_size > 529","4+","national","ranger","any_error",58,0.4483,0.3074,101.03,0,0,0,2,1,26,"dep care or child support deduction 0.44; earned income 0.31","wrong amount, known item 0.38; wrong include/exclude decision 0.31; change in circumstances 0.11",0.333333333333333,0.807692307692308,0.733333333333333,0.444444444444444
99,"buffer","shelter_expenses_by_hh_size >= 431 & unc_rawben_rel_max < 1 & unearned_by_hh_size >= 146 & unearned_by_hh_size < 242","4+","national","xgboost","any_error",138,0.3986,0.3072,102.79,0.029,0.0545,0.0217,4,3,55,"earned income 0.33; unearned income 0.29; shelter deduction 0.17","wrong amount, known item 0.38; unreported source of income 0.13; wrong include/exclude decision 0.13; method or computation 0.10; change in circumstances 0.09",0.388888888888889,0.727272727272727,0.644444444444444,0.555555555555556
100,"buffer","gross_by_hh_size > 1120 & unc_rawben_rel_max > 0.384 & utilities_sua <= 0.5","1","national","ranger","any_error",245,0.3755,0.307,60.33,0.0163,0.0326,0.0122,11,6,92,"shelter deduction 0.36; utility allowance 0.26; medical deduction 0.13","wrong include/exclude decision 0.59; wrong amount, known item 0.17",0.279503105590062,0.91304347826087,0.596273291925466,0.478260869565217
101,"buffer","gross_by_hh_size >= 382 & gross_by_hh_size < 446 & rawben_rel_max >= 0.9","4+","national","xgboost","any_error",53,0.4528,0.3056,155.72,0.0189,0.0417,0.0189,1,1,24,"earned income 0.43; other element 0.18; dep care or child support deduction 0.16","wrong amount, known item 0.34; change in circumstances 0.16; other 0.14; wrong include/exclude decision 0.11",0.255813953488372,0.875,0.418604651162791,0.386363636363636
102,"buffer","months_since_cert_n > 12.5 & rawben_rel_max > 0.995 & unc_rawben_rel_max <= 1.03","1","national","ranger","any_error",629,0.3482,0.3055,55.22,0.0016,0,0,2,2,219,"unearned income 0.43; shelter deduction 0.34","wrong include/exclude decision 0.48; wrong amount, known item 0.20; unreported source of income 0.13",0.44794952681388,1,0.38801261829653,0.589341692789969
103,"buffer","HH_size_n > 5.5 & rawben_rel_max > 0.889 & rawben_rel_max <= 0.894","4+","national","ranger","any_error",30,0.5,0.3046,158.07,0.0667,0.1333,0.0667,1,1,15,"earned income 0.48; dep care or child support deduction 0.13; shelter deduction 0.13; unearned income 0.13","wrong amount, known item 0.39; wrong include/exclude decision 0.26; change in circumstances 0.13",0.391304347826087,0.533333333333333,0.304347826086957,0.521739130434783
104,"buffer","shelter_expenses_by_hh_size >= 2300 & total_deductions_by_hh_size >= 1450 & unc_rawben_rel_max < 1.01","1","national","xgboost","any_error",108,0.4074,0.3044,70.52,0.0556,0.1364,0.0556,1,1,44,"shelter deduction 0.35; earned income 0.23; unearned income 0.15; medical deduction 0.11","wrong include/exclude decision 0.40; wrong amount, known item 0.28; unreported source of income 0.15",0.415384615384615,0.886363636363636,0.553846153846154,0.569230769230769
105,"buffer","gross_by_hh_size > 705 & unc_rawben_rel_max > 0.647 & unearned_by_hh_size > 192 & utilities_sua <= 0.5","1","national","ranger","any_error",496,0.3508,0.3028,52.62,0.006,0.0057,0.002,39,21,174,"shelter deduction 0.38; utility allowance 0.27; unearned income 0.17","wrong include/exclude decision 0.60; wrong amount, known item 0.15; change in circumstances 0.10",0.321917808219178,0.942528735632184,0.599315068493151,0.513698630136986
106,"buffer","count_divisible_by_100 > 0.5 & rawben_rel_max <= 0.998 & shelter_expenses_by_hh_size > 1030","2-3","national","ranger","any_error",59,0.4407,0.3017,82.08,0.0339,0.0769,0.0339,2,1,26,"unearned income 0.39; shelter deduction 0.23; earned income 0.18","wrong amount, known item 0.36; wrong include/exclude decision 0.23; unreported source of income 0.20",0.272727272727273,0.884615384615385,0.5,0.363636363636364
107,"buffer","total_deductions_by_hh_size > 612 & unc_rawben_rel_max <= 1 & unearned_by_hh_size > 49.2","2-3","national","ranger","any_error",799,0.3392,0.3014,63.73,0.0075,0.0221,0.0075,37,20,271,"shelter deduction 0.29; unearned income 0.23; earned income 0.20; medical deduction 0.12","wrong include/exclude decision 0.37; wrong amount, known item 0.26; unreported source of income 0.14",0.331111111111111,0.874538745387454,0.553333333333333,0.484444444444444
108,"buffer","earned_by_hh_size >= 469 & gross_by_hh_size < 1280 & shelter_expenses_by_hh_size < 894 & unc_rawben_rel_max >= 1.36","1","national","xgboost","any_error",132,0.3939,0.3011,87.38,0,0,0,4,3,52,"earned income 0.63; shelter deduction 0.16","unreported source of income 0.29; wrong amount, known item 0.20; change in circumstances 0.18; wrong include/exclude decision 0.16",0.259259259259259,1,0.493827160493827,0.292682926829268
109,"buffer","bbce_state_i >= 1 & earned_by_hh_size > 42.6 & total_deductions_by_hh_size > 305 & unearned_by_hh_size > 18.9","4+","national","ranger","any_error",513,0.345,0.2981,72.34,0.0058,0.0169,0.0058,21,11,177,"earned income 0.32; unearned income 0.25; shelter deduction 0.17; dep care or child support deduction 0.14","wrong amount, known item 0.38; wrong include/exclude decision 0.23; unreported source of income 0.09; other 0.08",0.408227848101266,0.711864406779661,0.629746835443038,0.559748427672956
110,"buffer","rawben_rel_max < 0.882 & unc_rawben_rel_max >= 0.871 & utilities_sua >= 1","4+","national","xgboost","any_error",145,0.3862,0.2979,78.03,0,0,0,4,3,56,"earned income 0.35; unearned income 0.21; shelter deduction 0.20","wrong amount, known item 0.35; wrong include/exclude decision 0.26; change in circumstances 0.09; unreported source of income 0.07",0.443037974683544,0.660714285714286,0.746835443037975,0.6875
111,"buffer","children_i >= 1 & months_since_cert_n < 4 & shelter_expenses_by_hh_size < 915 & unc_rawben_rel_max < 0.701","1","national","xgboost","any_error",68,0.4265,0.2975,58.4,0.0294,0.069,0.0294,3,2,29,"other element 0.37; shelter deduction 0.21; unearned income 0.18","household composition 0.37; wrong include/exclude decision 0.26; wrong amount, known item 0.18",0.394736842105263,0.137931034482759,0.684210526315789,0.684210526315789
112,"buffer","gross_by_hh_size >= 91.5 & rawben_rel_max < 0.699 & shelter_expenses_by_hh_size < 700 & total_deductions_by_hh_size >= 670","2-3","national","xgboost","any_error",119,0.395,0.2975,72.76,0.0168,0.0426,0.0168,5,3,47,"earned income 0.35; dep care or child support deduction 0.24; shelter deduction 0.13; unearned income 0.13","wrong include/exclude decision 0.33; wrong amount, known item 0.26; unreported source of income 0.12; household composition 0.08",0.280898876404494,0.808510638297872,0.629213483146067,0.404494382022472
113,"buffer","earned_by_hh_size >= 21.7 & earned_by_hh_size < 264 & gross_by_hh_size >= 250 & unc_rawben_rel_max >= 1.06","2-3","national","xgboost","any_error",296,0.3581,0.2964,97.52,0,0,0,6,3,106,"earned income 0.70; shelter deduction 0.13","wrong amount, known item 0.36; wrong include/exclude decision 0.20; unreported source of income 0.17; change in circumstances 0.15",0.356643356643357,0.981132075471698,0.531468531468531,0.548611111111111
114,"buffer","medical_deductions > 160 & unc_rawben_rel_max > 0.32 & unc_rawben_rel_max <= 1.03 & utilities_sua <= 1.5","1","national","ranger","any_error",257,0.3619,0.2957,44.77,0.0039,0.0108,0.0039,6,4,93,"medical deduction 0.45; shelter deduction 0.20; unearned income 0.16","wrong include/exclude decision 0.66; wrong amount, known item 0.20",0.486842105263158,0.956989247311828,0.651315789473684,0.671052631578947
115,"buffer","HH_size_n >= 7 & rawben_rel_max < 0.782 & shelter_expenses_by_hh_size < 111 & utilities_sua < 2","4+","national","xgboost","any_error",52,0.4423,0.2952,114.27,0,0,0,3,2,23,"earned income 0.35; unearned income 0.26; other element 0.23","wrong amount, known item 0.32; household composition 0.23; wrong include/exclude decision 0.16; unreported source of income 0.16",0.387096774193548,0.565217391304348,0.645161290322581,0.548387096774194
116,"buffer","gross_by_hh_size > 220 & shelter_expenses_by_hh_size > 745 & total_deductions_by_hh_size <= 476 & unearned_by_hh_size <= 262","2-3","national","ranger","any_error",120,0.3917,0.2948,92.19,0.0083,0.0213,0.0083,1,1,47,"earned income 0.70; unearned income 0.12","wrong amount, known item 0.35; unreported source of income 0.23; other 0.11; method or computation 0.11",0.368421052631579,0.851063829787234,0.631578947368421,0.456140350877193
117,"buffer","months_since_cert_n > 5.5 & shelter_expenses_by_hh_size > 182 & unc_rawben_rel_max > 0.704 & unc_rawben_rel_max <= 0.975","4+","national","ranger","any_error",863,0.3302,0.2942,75.89,0.0139,0.0386,0.0127,4,2,285,"earned income 0.41; unearned income 0.20; shelter deduction 0.18","wrong amount, known item 0.34; wrong include/exclude decision 0.19; unreported source of income 0.12; change in circumstances 0.11",0.402843601895735,0.708771929824561,0.490521327014218,0.557647058823529
118,"buffer","HH_size_n <= 2.5 & married <= 0 & rawben_rel_max <= 0.97 & total_deductions_by_hh_size > 822","2-3","national","ranger","any_error",171,0.3743,0.2933,66.22,0.0234,0.0625,0.0234,2,1,64,"earned income 0.31; shelter deduction 0.21; dep care or child support deduction 0.19; other element 0.13","wrong amount, known item 0.37; wrong include/exclude decision 0.31; method or computation 0.07; unreported source of income 0.07",0.351351351351351,0.8125,0.567567567567568,0.531531531531532
119,"buffer","earned_by_hh_size >= 116 & earned_by_hh_size < 270 & shelter_expenses_by_hh_size >= 298 & total_deductions_by_hh_size < 283","4+","national","xgboost","any_error",299,0.3545,0.2933,105.87,0.0167,0.0472,0.0167,8,4,106,"earned income 0.54; unearned income 0.18; other element 0.12","unreported source of income 0.28; wrong amount, known item 0.27; wrong include/exclude decision 0.18; household composition 0.09",0.430379746835443,0.80188679245283,0.670886075949367,0.531645569620253
120,"buffer","earned_by_hh_size < 541 & gross_by_hh_size >= 459 & shelter_expenses_by_hh_size >= 216 & utilities_sua < 2","4+","national","xgboost","any_error",118,0.3898,0.2924,63.71,0,0,0,8,7,46,"earned income 0.25; unearned income 0.23; shelter deduction 0.20; utility allowance 0.15","wrong include/exclude decision 0.33; wrong amount, known item 0.32; household composition 0.09; unreported source of income 0.06",0.455696202531646,0.565217391304348,0.632911392405063,0.62962962962963
121,"buffer","earned_by_hh_size <= 108 & rawben_rel_max <= 0.882 & total_deductions_by_hh_size > 481 & utilities_sua <= 1.5","2-3","national","ranger","any_error",39,0.4615,0.2922,82.28,0,0,0,6,3,18,"shelter deduction 0.46; utility allowance 0.15; unearned income 0.12; medical deduction 0.12","wrong include/exclude decision 0.69; wrong amount, known item 0.12",0.307692307692308,0.944444444444444,0.769230769230769,0.461538461538462
122,"buffer","earned_by_hh_size > 368 & gross_by_hh_size <= 420 & unc_rawben_rel_max > 1","2-3","national","ranger","any_error",208,0.3654,0.2921,111,0,0,0,6,3,76,"earned income 0.80","change in circumstances 0.28; unreported source of income 0.26; wrong amount, known item 0.22",0.22680412371134,0.973684210526316,0.43298969072165,0.463917525773196
123,"buffer","HH_size_n >= 8 & rawben_rel_max >= 0.679 & total_deductions_by_hh_size < 100 & unc_rawben_rel_max < 0.935","4+","national","xgboost","any_error",72,0.4167,0.292,89.88,0.0139,0.0333,0.0139,2,2,30,"earned income 0.33; unearned income 0.23; shelter deduction 0.17; other element 0.17","wrong amount, known item 0.33; wrong include/exclude decision 0.23; unreported source of income 0.17; household composition 0.10",0.55,0.533333333333333,0.675,0.65
124,"buffer","earned_by_hh_size > 426 & months_since_cert_n > 5.5 & rawben_rel_max > 0.285 & utilities_sua <= 0.5","1","national","ranger","any_error",151,0.3775,0.2915,70.42,0.0728,0.1754,0.0662,1,1,57,"earned income 0.59; shelter deduction 0.18","wrong include/exclude decision 0.28; unreported source of income 0.24; change in circumstances 0.19; wrong amount, known item 0.17",0.252631578947368,0.789473684210526,0.294736842105263,0.273684210526316
125,"buffer","gross_by_hh_size > 793 & HH_size_n > 2.5 & total_deductions_by_hh_size > 598","2-3","national","ranger","any_error",176,0.3693,0.2898,74.67,0,0,0,5,3,65,"earned income 0.32; dep care or child support deduction 0.24; unearned income 0.18; shelter deduction 0.12","wrong include/exclude decision 0.30; wrong amount, known item 0.27; unreported source of income 0.13; other 0.12",0.336134453781513,0.707692307692308,0.621848739495798,0.478991596638655
126,"buffer","earned_by_hh_size >= 709 & earned_by_hh_size < 761 & rawben_rel_max >= 0.467 & unc_rawben_rel_max >= 0.454","4+","national","xgboost","any_error",171,0.3684,0.2879,70.16,0,0,0,6,3,63,"earned income 0.35; shelter deduction 0.19; dep care or child support deduction 0.18; unearned income 0.14","wrong amount, known item 0.41; wrong include/exclude decision 0.26; other 0.08; unreported source of income 0.08",0.343434343434343,0.777777777777778,0.626262626262626,0.51
127,"buffer","HH_size_n > 5.5 & percent_abawd > 0.155 & rawben_rel_max <= 0.959","4+","national","ranger","any_error",108,0.3889,0.2876,97.19,0.0185,0.0476,0.0185,1,1,42,"earned income 0.45; other element 0.20; shelter deduction 0.14","wrong amount, known item 0.20; wrong include/exclude decision 0.15; change in circumstances 0.15; household composition 0.14; unreported source of income 0.14",0.394366197183099,0.642857142857143,0.690140845070423,0.563380281690141
128,"buffer","earned_by_hh_size > 484 & shelter_expenses_by_hh_size > 1690 & unc_rawben_rel_max > 1.33 & utilities_sua > 0.5","1","national","ranger","any_error",114,0.386,0.2874,81.91,0,0,0,2,1,44,"earned income 0.67; shelter deduction 0.15","unreported source of income 0.31; wrong include/exclude decision 0.22; change in circumstances 0.21; wrong amount, known item 0.21",0.26865671641791,1,0.388059701492537,0.313432835820896
129,"buffer","count_divisible_by_100 <= 1.5 & elderly_disabled_i >= 1 & gross_by_hh_size > 189 & unearned_by_hh_size <= 122","4+","national","ranger","any_error",138,0.3768,0.2872,93.13,0.0072,0.0192,0.0072,4,2,52,"earned income 0.35; unearned income 0.20; shelter deduction 0.18; other element 0.18","wrong amount, known item 0.32; wrong include/exclude decision 0.21; household composition 0.15; unreported source of income 0.12",0.320987654320988,0.692307692307692,0.481481481481481,0.524390243902439
130,"buffer","HH_size_n >= 5 & months_since_cert_n >= 4 & months_since_cert_n < 7 & total_deductions_by_hh_size >= 285","4+","national","xgboost","any_error",253,0.3518,0.2857,85.09,0.004,0.0112,0.004,7,4,89,"earned income 0.37; shelter deduction 0.21; dep care or child support deduction 0.18","wrong amount, known item 0.38; wrong include/exclude decision 0.30; unreported source of income 0.08",0.513888888888889,0.764044943820225,0.625,0.6
131,"buffer","medical_deductions <= 315 & months_since_cert_n > 8.5 & total_deductions_by_hh_size > 492 & unearned_by_hh_size > 1040","2-3","national","ranger","any_error",100,0.39,0.285,72.86,0.02,0.0513,0.02,2,1,39,"shelter deduction 0.39; unearned income 0.26; medical deduction 0.16","wrong include/exclude decision 0.40; wrong amount, known item 0.32; unreported source of income 0.09",0.245614035087719,0.897435897435897,0.43859649122807,0.456140350877193
132,"buffer","bbce_state_i >= 1 & earned_by_hh_size > 205 & expedited_i >= 1 & rawben_rel_max <= 0.906","2-3","national","ranger","any_error",317,0.3438,0.2849,74.09,0.0284,0.0826,0.0284,5,4,109,"earned income 0.44; other element 0.21; shelter deduction 0.15","wrong amount, known item 0.27; wrong include/exclude decision 0.21; household composition 0.14; unreported source of income 0.14",0.353260869565217,0.596330275229358,0.543478260869565,0.572972972972973
133,"buffer","medical_deductions < 3 & rawben_rel_max < 0.08 & shelter_expenses_by_hh_size < 977 & unc_rawben_rel_max >= 0.076","1","national","xgboost","any_error",106,0.3868,0.2848,64.46,0.0094,0.0244,0.0094,4,4,41,"shelter deduction 0.36; unearned income 0.27; earned income 0.18","wrong include/exclude decision 0.50; wrong amount, known item 0.21; change in circumstances 0.11",0.571428571428571,0.024390243902439,0.732142857142857,0.785714285714286
134,"buffer","months_since_cert_n >= 5 & total_deductions_by_hh_size >= 896 & unc_rawben_rel_max < 1.44 & unearned_by_hh_size < 1070","2-3","national","xgboost","any_error",112,0.3839,0.2847,92.05,0.0179,0.0465,0.0179,2,1,43,"earned income 0.35; shelter deduction 0.20; dep care or child support deduction 0.13; other element 0.13","wrong include/exclude decision 0.34; wrong amount, known item 0.31; other 0.10; unreported source of income 0.08",0.408450704225352,0.906976744186046,0.450704225352113,0.535211267605634
135,"buffer","gross_by_hh_size >= 171 & HH_size_n < 5 & unc_rawben_rel_max >= 1.08","4+","national","xgboost","any_error",176,0.3636,0.2845,117.62,0,0,0,6,3,64,"earned income 0.64; unearned income 0.11","unreported source of income 0.33; wrong include/exclude decision 0.21; wrong amount, known item 0.18; change in circumstances 0.12",0.388888888888889,0.984375,0.555555555555556,0.423913043478261
136,"buffer","gross_by_hh_size <= 387 & percent_abawd > 0.05 & rawben_rel_max <= 0.982 & shelter_expenses_by_hh_size > 25.2","4+","national","ranger","any_error",170,0.3647,0.2842,106.69,0.0588,0.129,0.0471,2,2,62,"earned income 0.44; other element 0.18; shelter deduction 0.18","wrong amount, known item 0.23; wrong include/exclude decision 0.22; unreported source of income 0.14; household composition 0.14; change in circumstances 0.12",0.427083333333333,0.709677419354839,0.625,0.572916666666667
137,"buffer","gross_by_hh_size <= 353 & shelter_expenses_by_hh_size > 643 & total_deductions_by_hh_size > 328 & unc_rawben_rel_max <= 1.11","2-3","national","ranger","any_error",32,0.4688,0.2834,134,0,0,0,1,1,15,"earned income 0.94","unreported source of income 0.31; change in circumstances 0.31; wrong amount, known item 0.19",0.25,1,0.5,0.375
138,"buffer","months_since_cert_n < 5 & rawben_rel_max >= 0.996 & unearned_by_hh_size >= 612","2-3","national","xgboost","any_error",54,0.4259,0.2833,134,0,0,0,7,4,23,"shelter deduction 0.47; unearned income 0.30","wrong amount, known item 0.50; wrong include/exclude decision 0.27",0.4,0.956521739130435,0.7,0.633333333333333
139,"buffer","medical_deductions >= 301 & rawben_rel_max >= 0.665 & shelter_expenses_by_hh_size < 735","1","national","xgboost","any_error",77,0.4026,0.2832,74.13,0,0,0,2,1,31,"medical deduction 0.71; shelter deduction 0.10","wrong include/exclude decision 0.71; wrong amount, known item 0.17",0.571428571428571,0.935483870967742,0.619047619047619,0.761904761904762
140,"buffer","gross_by_hh_size <= 834 & months_since_cert_n > 7.5 & total_deductions_by_hh_size > 559 & unc_rawben_rel_max <= 1.03","1","national","ranger","any_error",355,0.338,0.2825,49.09,0.0085,0.0083,0.0028,12,7,120,"unearned income 0.60; shelter deduction 0.20","wrong include/exclude decision 0.43; wrong amount, known item 0.25; unreported source of income 0.10",0.505208333333333,0.933333333333333,0.322916666666667,0.725388601036269
141,"buffer","earned_by_hh_size >= 872 & rawben_rel_max >= 0.391 & shelter_expenses_by_hh_size < 956 & unearned_by_hh_size >= 12.7","2-3","national","xgboost","any_error",86,0.3953,0.2824,71.41,0.0116,0.0294,0.0116,1,1,34,"earned income 0.41; unearned income 0.25; shelter deduction 0.14","wrong amount, known item 0.38; wrong include/exclude decision 0.27; unreported source of income 0.16",0.34375,0.823529411764706,0.53125,0.5625
142,"buffer","gross_by_hh_size >= 401 & shelter_expenses_by_hh_size >= 136 & shelter_expenses_by_hh_size < 243 & total_deductions_by_hh_size >= 268","4+","national","xgboost","any_error",107,0.3832,0.282,78.58,0,0,0,2,2,41,"dep care or child support deduction 0.36; earned income 0.29; unearned income 0.17","wrong amount, known item 0.39; wrong include/exclude decision 0.36",0.439393939393939,0.75609756097561,0.712121212121212,0.696969696969697
143,"buffer","gross_by_hh_size >= 311 & months_since_cert_n < 1 & total_deductions_by_hh_size >= 206 & utilities_sua < 1","2-3","national","xgboost","any_error",104,0.3846,0.282,62.36,0,0,0,4,2,40,"earned income 0.41; shelter deduction 0.23; other element 0.11; unearned income 0.11","wrong amount, known item 0.32; wrong include/exclude decision 0.30; unreported source of income 0.12",0.339285714285714,0.625,0.964285714285714,0.678571428571429
144,"buffer","gross_by_hh_size >= 230 & HH_size_n >= 5 & unearned_by_hh_size >= 153 & unearned_by_hh_size < 250","4+","national","xgboost","any_error",525,0.3276,0.2819,69.86,0.0076,0.0233,0.0076,5,3,172,"earned income 0.32; unearned income 0.26; shelter deduction 0.19","wrong amount, known item 0.37; wrong include/exclude decision 0.24; unreported source of income 0.10; method or computation 0.07",0.505226480836237,0.61046511627907,0.620209059233449,0.641379310344828
145,"buffer","earned_by_hh_size > 488 & earned_by_hh_size <= 702 & medical_deductions <= 413 & months_since_cert_n > 5.5","1","national","ranger","any_error",411,0.3333,0.2817,70.91,0.0122,0.0292,0.0097,3,3,137,"earned income 0.62; shelter deduction 0.14","unreported source of income 0.25; change in circumstances 0.25; wrong include/exclude decision 0.17; wrong amount, known item 0.14",0.251162790697674,0.956204379562044,0.255813953488372,0.305555555555556
146,"buffer","earned_by_hh_size >= 5 & rawben_rel_max < 0.0763 & total_deductions_by_hh_size >= 447 & unearned_by_hh_size >= 495","2-3","national","xgboost","any_error",63,0.4127,0.281,92.17,0.0317,0.0769,0.0317,2,1,26,"other element 0.34; earned income 0.31; shelter deduction 0.19","wrong amount, known item 0.16; household composition 0.16; wrong include/exclude decision 0.16; unreported source of income 0.15; other 0.13",0.194029850746269,0.884615384615385,0.343283582089552,0.328358208955224
147,"buffer","bbce_state_i >= 1 & earned_by_hh_size > 404 & expedited_i >= 1 & months_since_cert_n > 6.5","1","national","ranger","any_error",219,0.3516,0.281,72.73,0.0776,0.2208,0.0776,2,2,77,"earned income 0.58; other element 0.21","unreported source of income 0.25; change in circumstances 0.23; wrong include/exclude decision 0.15; limits and thresholds 0.15",0.263565891472868,0.857142857142857,0.131782945736434,0.230769230769231
148,"buffer","months_since_cert_n < 5 & shelter_expenses_by_hh_size >= 666 & shelter_expenses_by_hh_size < 675 & unearned_by_hh_size >= 36.7","2-3","national","xgboost","any_error",46,0.4348,0.2807,98.39,0,0,0,4,2,20,"unearned income 0.37; earned income 0.27; shelter deduction 0.23","wrong amount, known item 0.43; wrong include/exclude decision 0.23; change in circumstances 0.10",0.333333333333333,0.95,0.733333333333333,0.566666666666667
149,"buffer","earned_by_hh_size > 365 & expedited_i <= 0 & percent_abawd > 0.5 & unc_rawben_rel_max > 1.32","1","national","ranger","any_error",169,0.3609,0.2806,80,0,0,0,2,1,61,"earned income 0.67; other element 0.14","unreported source of income 0.27; change in circumstances 0.23; wrong include/exclude decision 0.19; wrong amount, known item 0.14",0.258064516129032,1,0.451612903225806,0.32258064516129
150,"buffer","earned_by_hh_size >= 277 & earned_by_hh_size < 319 & months_since_cert_n < 9 & shelter_expenses_by_hh_size < 43","4+","national","xgboost","any_error",35,0.4571,0.2805,88.94,0,0,0,1,1,16,"earned income 0.54; unearned income 0.23","wrong include/exclude decision 0.23; wrong amount, known item 0.23; unreported source of income 0.19; change in circumstances 0.15",0.269230769230769,0.75,0.576923076923077,0.538461538461538
151,"buffer","earned_by_hh_size > 116 & gross_by_hh_size > 931 & rawben_rel_max > 0.361 & unearned_by_hh_size > 51.5","2-3","national","ranger","any_error",277,0.343,0.2802,59.94,0.0036,0.0105,0.0036,7,4,95,"earned income 0.44; unearned income 0.23; shelter deduction 0.16","wrong amount, known item 0.37; wrong include/exclude decision 0.22; unreported source of income 0.14; other 0.08",0.335570469798658,0.768421052631579,0.590604026845638,0.529411764705882
152,"buffer","earned_by_hh_size > 120 & earned_by_hh_size <= 258 & gross_by_hh_size > 244 & unc_rawben_rel_max <= 1.21","2-3","national","ranger","any_error",645,0.3209,0.2798,69.17,0.0078,0.0145,0.0047,13,8,207,"earned income 0.56; unearned income 0.18; shelter deduction 0.14","wrong amount, known item 0.36; wrong include/exclude decision 0.20; unreported source of income 0.14; change in circumstances 0.12",0.397476340694006,0.72463768115942,0.574132492113565,0.569182389937107
153,"buffer","gross_by_hh_size <= 446 & months_since_cert_n > 5.5 & rawben_rel_max <= 0.976 & unearned_by_hh_size <= 249","4+","national","ranger","any_error",1055,0.3118,0.2797,74.04,0.018,0.0456,0.0142,2,1,329,"earned income 0.44; unearned income 0.18; shelter deduction 0.16","wrong amount, known item 0.29; wrong include/exclude decision 0.21; unreported source of income 0.12; change in circumstances 0.12; household composition 0.08",0.467196819085487,0.64741641337386,0.467196819085487,0.577075098814229
154,"buffer","gross_by_hh_size >= 698 & rawben_rel_max < 0.39 & unc_rawben_rel_max >= 0.372 & unearned_by_hh_size < 123","4+","national","xgboost","any_error",117,0.3761,0.2796,81.44,0,0,0,2,2,44,"earned income 0.43; other element 0.16; shelter deduction 0.14; unearned income 0.13","wrong amount, known item 0.31; wrong include/exclude decision 0.25; unreported source of income 0.12; household composition 0.09",0.38961038961039,0.681818181818182,0.480519480519481,0.623376623376623
155,"buffer","HH_size_n >= 6 & rawben_rel_max >= 0.176 & rawben_rel_max < 0.226","4+","national","xgboost","any_error",49,0.4286,0.2795,87.43,0,0,0,1,1,21,"earned income 0.47; unearned income 0.17; shelter deduction 0.14","wrong amount, known item 0.33; wrong include/exclude decision 0.25; method or computation 0.14; household composition 0.11",0.305555555555556,0.523809523809524,0.861111111111111,0.611111111111111
156,"buffer","gross_by_hh_size < 669 & rawben_rel_max < 0.942 & shelter_expenses_by_hh_size >= 219 & utilities_sua < 2","4+","national","xgboost","any_error",262,0.3435,0.2791,60.53,0.0038,0.0111,0.0038,20,10,90,"earned income 0.29; shelter deduction 0.24; unearned income 0.19; utility allowance 0.18","wrong include/exclude decision 0.34; wrong amount, known item 0.31; change in circumstances 0.09; unreported source of income 0.07",0.444444444444444,0.677777777777778,0.625,0.564625850340136
157,"buffer","expedited_i >= 1 & rawben_rel_max <= 0.961 & total_deductions_by_hh_size > 64.2 & unc_rawben_rel_max > 0.486","4+","national","ranger","any_error",330,0.3364,0.2789,73.66,0.0091,0.027,0.0091,5,3,111,"earned income 0.35; unearned income 0.22; other element 0.18","wrong amount, known item 0.37; wrong include/exclude decision 0.25; household composition 0.11; change in circumstances 0.10",0.47027027027027,0.630630630630631,0.508108108108108,0.627027027027027
158,"buffer","gross_by_hh_size >= 290 & gross_by_hh_size < 392 & shelter_expenses_by_hh_size >= 329 & shelter_expenses_by_hh_size < 360","4+","national","xgboost","any_error",93,0.3871,0.2789,99.66,0.043,0.1111,0.043,2,1,36,"earned income 0.48; shelter deduction 0.23; other element 0.15","wrong include/exclude decision 0.29; wrong amount, known item 0.21; other 0.15; unreported source of income 0.12",0.319148936170213,0.916666666666667,0.723404255319149,0.625
159,"buffer","bbce_state_i >= 1 & rawben_rel_max > 0.624 & total_deductions_by_hh_size > 542 & utilities_sua <= 1.5","2-3","national","ranger","any_error",164,0.3598,0.2784,91.55,0.0122,0.0339,0.0122,11,6,59,"earned income 0.42; shelter deduction 0.25; dep care or child support deduction 0.12","wrong include/exclude decision 0.36; wrong amount, known item 0.31; unreported source of income 0.11",0.273809523809524,0.915254237288136,0.666666666666667,0.547619047619048
160,"buffer","earned_by_hh_size > 13 & earned_by_hh_size <= 82.2 & medical_deductions <= 24.5 & unc_rawben_rel_max <= 1","2-3","national","ranger","any_error",164,0.3598,0.2784,61.98,0.0244,0.0339,0.0122,4,3,59,"earned income 0.49; unearned income 0.24; shelter deduction 0.16","unreported source of income 0.30; wrong amount, known item 0.27; wrong include/exclude decision 0.16; change in circumstances 0.10",0.386363636363636,0.745762711864407,0.636363636363636,0.465909090909091
161,"buffer","medical_deductions < 332 & months_since_cert_n < 13 & unc_rawben_rel_max >= 0.412 & unearned_by_hh_size >= 1790","1","national","xgboost","any_error",162,0.358,0.2763,55.07,0.0062,0.0172,0.0062,8,6,58,"shelter deduction 0.37; unearned income 0.24; medical deduction 0.24","wrong include/exclude decision 0.52; wrong amount, known item 0.24",0.455696202531646,0.793103448275862,0.79746835443038,0.607594936708861
162,"buffer","shelter_expenses_by_hh_size > 2620 & total_deductions_by_hh_size > 1080 & total_deductions_by_hh_size <= 2870 & utilities_sua > 0.5","1","national","ranger","any_error",103,0.3786,0.2762,71.53,0.0388,0.1026,0.0388,1,1,39,"shelter deduction 0.30; earned income 0.28; unearned income 0.25","wrong include/exclude decision 0.32; wrong amount, known item 0.26; unreported source of income 0.26",0.333333333333333,0.897435897435897,0.526315789473684,0.385964912280702
163,"buffer","earned_by_hh_size >= 399 & rawben_rel_max >= 0.592 & shelter_expenses_by_hh_size < 102 & utilities_sua >= 2","4+","national","xgboost","any_error",33,0.4545,0.274,114.33,0,0,0,1,1,15,"earned income 0.71; shelter deduction 0.10","change in circumstances 0.29; wrong amount, known item 0.29; unreported source of income 0.19",0.380952380952381,0.533333333333333,0.571428571428571,0.523809523809524
164,"buffer","gross_by_hh_size < 1280 & months_since_cert_n >= 17 & total_deductions_by_hh_size >= 598 & utilities_sua < 2","1","national","xgboost","any_error",212,0.3443,0.2732,50.56,0.0283,0.0685,0.0236,1,1,73,"utility allowance 0.33; shelter deduction 0.32; unearned income 0.14","wrong include/exclude decision 0.50; wrong amount, known item 0.22; change in circumstances 0.08",0.369230769230769,0.917808219178082,0.446153846153846,0.515384615384615
165,"buffer","earned_by_hh_size >= 11 & rawben_rel_max >= 0.826 & shelter_expenses_by_hh_size >= 764 & total_deductions_by_hh_size < 465","2-3","national","xgboost","any_error",53,0.4151,0.2728,105.25,0,0,0,2,1,22,"earned income 0.74; shelter deduction 0.11","wrong amount, known item 0.33; unreported source of income 0.22; change in circumstances 0.11; wrong include/exclude decision 0.11",0.296296296296296,0.818181818181818,0.592592592592593,0.444444444444444
166,"buffer","gross_by_hh_size >= 862 & rawben_rel_max < 0.619 & shelter_expenses_by_hh_size >= 439 & shelter_expenses_by_hh_size < 463","4+","national","xgboost","any_error",53,0.4151,0.2728,90.08,0,0,0,4,2,22,"earned income 0.46; shelter deduction 0.20; dep care or child support deduction 0.17","wrong amount, known item 0.43; wrong include/exclude decision 0.31; other 0.11",0.314285714285714,0.5,0.685714285714286,0.514285714285714
167,"buffer","gross_by_hh_size >= 2440 & total_deductions_by_hh_size >= 1520 & unc_rawben_rel_max < 1.02","1","national","xgboost","any_error",92,0.3804,0.2725,63.09,0.087,0.2286,0.087,2,1,35,"earned income 0.28; shelter deduction 0.20; medical deduction 0.19; unearned income 0.15","wrong include/exclude decision 0.33; wrong amount, known item 0.33; unreported source of income 0.13",0.37037037037037,0.885714285714286,0.518518518518518,0.574074074074074
168,"buffer","earned_by_hh_size > 79.8 & gross_by_hh_size > 249 & HH_size_n > 2.5 & shelter_expenses_by_hh_size > 741","2-3","national","ranger","any_error",331,0.3293,0.2724,71.15,0.003,0.0092,0.003,10,5,109,"earned income 0.52; unearned income 0.16; shelter deduction 0.14","wrong amount, known item 0.34; unreported source of income 0.16; wrong include/exclude decision 0.16; change in circumstances 0.09; household composition 0.07",0.37888198757764,0.743119266055046,0.608695652173913,0.527950310559006
169,"buffer","bbce_state_i >= 1 & rawben_rel_max >= 0.54 & shelter_expenses_by_hh_size < 740 & unearned_by_hh_size >= 1140","1","national","xgboost","any_error",56,0.4107,0.2723,65.2,0,0,0,1,1,23,"medical deduction 0.56; shelter deduction 0.25","wrong include/exclude decision 0.61; wrong amount, known item 0.22",0.5,0.869565217391304,0.722222222222222,0.777777777777778
170,"buffer","percent_abawd >= 0.182 & rawben_rel_max < 0.966 & shelter_expenses_by_hh_size >= 248 & total_deductions_by_hh_size < 272","4+","national","xgboost","any_error",117,0.3675,0.2718,79.95,0.0256,0.0698,0.0256,1,1,43,"earned income 0.40; unearned income 0.23; shelter deduction 0.21","wrong include/exclude decision 0.31; wrong amount, known item 0.26; unreported source of income 0.11; other 0.11",0.435483870967742,0.627906976744186,0.661290322580645,0.629032258064516
171,"buffer","earned_by_hh_size >= 11 & months_since_cert_n >= 7 & rawben_rel_max >= 0.212 & unearned_by_hh_size >= 133","2-3","national","xgboost","any_error",548,0.3157,0.2715,55.21,0.0055,0.0173,0.0055,2,2,173,"earned income 0.46; unearned income 0.21; shelter deduction 0.14","wrong amount, known item 0.24; wrong include/exclude decision 0.22; unreported source of income 0.14; change in circumstances 0.14; other 0.10",0.413669064748201,0.635838150289017,0.460431654676259,0.55
172,"buffer","bbce_state_i >= 1 & children_i <= 0 & expedited_i >= 1 & rawben_rel_max < 0.902","2-3","national","xgboost","any_error",130,0.3615,0.2709,80.72,0.0462,0.1277,0.0462,1,1,47,"other element 0.30; earned income 0.28; unearned income 0.18","household composition 0.24; wrong include/exclude decision 0.23; unreported source of income 0.16; wrong amount, known item 0.16",0.356164383561644,0.680851063829787,0.643835616438356,0.459459459459459
173,"buffer","months_since_cert_n >= 4 & months_since_cert_n < 7 & unearned_by_hh_size >= 78.4 & unearned_by_hh_size < 84.8","4+","national","xgboost","any_error",39,0.4359,0.2705,106.18,0.0513,0,0,4,2,17,"unearned income 0.47; earned income 0.27; shelter deduction 0.13","wrong amount, known item 0.33; unreported source of income 0.23; wrong include/exclude decision 0.20",0.266666666666667,0.705882352941177,0.733333333333333,0.433333333333333
174,"buffer","gross_by_hh_size >= 588 & rawben_rel_max >= 0.648 & rawben_rel_max < 0.752","4+","national","xgboost","any_error",188,0.3457,0.2704,63.99,0.0106,0.0308,0.0106,4,2,65,"earned income 0.44; shelter deduction 0.21; dep care or child support deduction 0.15","wrong amount, known item 0.35; wrong include/exclude decision 0.29; other 0.10; method or computation 0.09",0.359550561797753,0.707692307692308,0.617977528089888,0.550561797752809
175,"buffer","gross_by_hh_size >= 202 & gross_by_hh_size < 542 & unearned_by_hh_size >= 134 & unearned_by_hh_size < 212","4+","national","xgboost","any_error",465,0.3183,0.2704,68.83,0.0108,0.0338,0.0108,5,3,148,"earned income 0.35; unearned income 0.24; shelter deduction 0.18","wrong amount, known item 0.33; wrong include/exclude decision 0.25; unreported source of income 0.10; change in circumstances 0.09",0.475609756097561,0.675675675675676,0.609756097560976,0.598393574297189
176,"buffer","gross_by_hh_size >= 1030 & rawben_rel_max >= 0.257 & total_deductions_by_hh_size >= 436","4+","national","xgboost","any_error",42,0.4286,0.2694,93.6,0,0,0,3,2,18,"dep care or child support deduction 0.30; earned income 0.30; shelter deduction 0.21","wrong amount, known item 0.45; wrong include/exclude decision 0.30",0.424242424242424,0.722222222222222,0.696969696969697,0.454545454545455
177,"buffer","earned_by_hh_size >= 81.7 & earned_by_hh_size < 221 & gross_by_hh_size >= 265 & unc_rawben_rel_max >= 1.03","2-3","national","xgboost","any_error",128,0.3594,0.2683,76.91,0,0,0,2,1,46,"earned income 0.64; unearned income 0.19","wrong amount, known item 0.41; wrong include/exclude decision 0.23; unreported source of income 0.16",0.412698412698413,0.978260869565217,0.603174603174603,0.625
178,"buffer","gross_by_hh_size >= 554 & gross_by_hh_size < 596 & shelter_expenses_by_hh_size >= 509","4+","national","xgboost","any_error",48,0.4167,0.268,95.02,0,0,0,1,1,20,"earned income 0.41; shelter deduction 0.16; unearned income 0.14; other element 0.14","wrong include/exclude decision 0.27; wrong amount, known item 0.24; unreported source of income 0.16; method or computation 0.11",0.378378378378378,0.75,0.432432432432432,0.594594594594595
179,"buffer","children_i <= 0 & earned_by_hh_size > 126 & expedited_i >= 1","2-3","national","ranger","any_error",106,0.3679,0.2679,91.03,0.0377,0.1026,0.0377,2,1,39,"earned income 0.48; other element 0.30","household composition 0.23; wrong amount, known item 0.18; unreported source of income 0.18; wrong include/exclude decision 0.12; other 0.08",0.389830508474576,0.743589743589744,0.593220338983051,0.466666666666667
180,"buffer","HH_size_n > 7.5 & total_deductions_by_hh_size <= 228 & utilities_sua <= 1.5","4+","national","ranger","any_error",72,0.3889,0.2675,89.08,0,0,0,2,1,28,"earned income 0.34; unearned income 0.24; shelter deduction 0.16; utility allowance 0.16","wrong include/exclude decision 0.29; wrong amount, known item 0.26; unreported source of income 0.13; household composition 0.11",0.447368421052632,0.678571428571429,0.605263157894737,0.552631578947368
181,"buffer","months_since_cert_n < 7 & rawben_rel_max >= 0.302 & unc_rawben_rel_max >= 0.076 & unearned_by_hh_size >= 1880","1","national","xgboost","any_error",122,0.3607,0.2674,50.54,0.0082,0.0227,0.0082,5,3,44,"medical deduction 0.36; shelter deduction 0.32; unearned income 0.17","wrong include/exclude decision 0.61; wrong amount, known item 0.23",0.46969696969697,0.75,0.727272727272727,0.621212121212121
182,"buffer","HH_size_n >= 6 & months_since_cert_n >= 11 & total_deductions_by_hh_size < 308 & unearned_by_hh_size < 180","4+","national","xgboost","any_error",151,0.351,0.2672,88.25,0.0132,0.0189,0.0066,1,1,53,"earned income 0.48; shelter deduction 0.16; other element 0.15","wrong amount, known item 0.26; wrong include/exclude decision 0.21; change in circumstances 0.11; other 0.11; household composition 0.09",0.478723404255319,0.622641509433962,0.48936170212766,0.59375
183,"buffer","children_i >= 1 & count_divisible_by_100 <= 1.5 & total_deductions_by_hh_size <= 366 & utilities_sua > 0.5","1","national","ranger","any_error",31,0.4516,0.2668,63.94,0.0645,0.0714,0.0323,1,1,14,"other element 0.41; unearned income 0.29; shelter deduction 0.18","household composition 0.35; wrong amount, known item 0.24; wrong include/exclude decision 0.24",0.470588235294118,0.357142857142857,0.823529411764706,0.647058823529412
184,"buffer","months_since_cert_n >= 8 & rawben_rel_max >= 0.163 & unearned_by_hh_size >= 892 & utilities_sua < 2","2-3","national","xgboost","any_error",31,0.4516,0.2668,54.39,0,0,0,1,1,14,"shelter deduction 0.40; utility allowance 0.27; medical deduction 0.13","wrong include/exclude decision 0.73; wrong amount, known item 0.13",0.466666666666667,0.785714285714286,0.733333333333333,0.533333333333333
185,"buffer","earned_by_hh_size > 127 & months_since_cert_n > 5.5 & unearned_by_hh_size > 40.4 & unearned_by_hh_size <= 96","2-3","national","ranger","any_error",149,0.349,0.2649,56.19,0,0,0,1,1,52,"earned income 0.40; unearned income 0.26; shelter deduction 0.11","wrong amount, known item 0.41; wrong include/exclude decision 0.14; other 0.14; unreported source of income 0.13",0.436781609195402,0.692307692307692,0.459770114942529,0.471264367816092
186,"buffer","gross_by_hh_size >= 282 & percent_abawd >= 0.222 & percent_abawd < 0.429 & unearned_by_hh_size < 342","4+","national","xgboost","any_error",242,0.3306,0.2646,75.1,0.0041,0.0125,0.0041,1,1,80,"earned income 0.43; shelter deduction 0.20; other element 0.16","wrong amount, known item 0.25; wrong include/exclude decision 0.24; change in circumstances 0.14; unreported source of income 0.09; household composition 0.09",0.366906474820144,0.5875,0.561151079136691,0.517985611510791
187,"buffer","gross_by_hh_size >= 178 & HH_size_n >= 5 & unearned_by_hh_size >= 160 & unearned_by_hh_size < 195","4+","national","xgboost","any_error",324,0.321,0.264,60.78,0.0123,0.0288,0.0093,3,2,104,"earned income 0.37; unearned income 0.24; shelter deduction 0.17","wrong amount, known item 0.35; wrong include/exclude decision 0.23; household composition 0.09; change in circumstances 0.08",0.464052287581699,0.567307692307692,0.601307189542484,0.619354838709677
188,"buffer","gross_by_hh_size < 1370 & medical_deductions >= 200 & medical_deductions < 333 & months_since_cert_n >= 9","2-3","national","xgboost","any_error",70,0.3857,0.2633,45.01,0,0,0,1,1,27,"unearned income 0.38; medical deduction 0.31; shelter deduction 0.21","wrong include/exclude decision 0.52; wrong amount, known item 0.27",0.520833333333333,0.851851851851852,0.458333333333333,0.6875
189,"buffer","gross_by_hh_size >= 586 & gross_by_hh_size < 898 & shelter_expenses_by_hh_size >= 1800","1","national","xgboost","any_error",111,0.3604,0.2631,81.21,0,0,0,2,1,40,"earned income 0.68; shelter deduction 0.11","unreported source of income 0.32; wrong include/exclude decision 0.25; wrong amount, known item 0.21",0.283018867924528,0.975,0.415094339622642,0.339622641509434
190,"buffer","earned_by_hh_size >= 250 & gross_by_hh_size < 624 & months_since_cert_n >= 4 & total_deductions_by_hh_size < 160","2-3","national","xgboost","any_error",92,0.3696,0.2628,49.33,0,0,0,2,2,34,"earned income 0.47; unearned income 0.22; other element 0.18","change in circumstances 0.22; unreported source of income 0.20; wrong amount, known item 0.20; wrong include/exclude decision 0.18",0.313725490196078,0.470588235294118,0.627450980392157,0.490196078431373
191,"buffer","rawben_rel_max >= 0.331 & unearned_by_hh_size >= 1160 & utilities_sua < 2","1","national","xgboost","any_error",482,0.3091,0.2625,42.42,0.0041,0.0067,0.0021,36,24,149,"shelter deduction 0.38; utility allowance 0.28; medical deduction 0.17","wrong include/exclude decision 0.60; wrong amount, known item 0.17",0.333333333333333,0.89261744966443,0.675,0.520833333333333
192,"buffer","bbce_state_i >= 1 & shelter_expenses_by_hh_size < 813 & total_deductions_by_hh_size >= 1300 & unearned_by_hh_size < 1900","1","national","xgboost","any_error",46,0.413,0.2622,75.28,0,0,0,1,1,19,"medical deduction 0.40; earned income 0.23; shelter deduction 0.17","wrong include/exclude decision 0.53; wrong amount, known item 0.13; other 0.13",0.5,0.894736842105263,0.633333333333333,0.7
193,"buffer","earned_by_hh_size >= 1520 & married >= 1 & rawben_rel_max < 0.193 & total_deductions_by_hh_size >= 292","2-3","national","xgboost","any_error",55,0.4,0.2621,118.16,0.0727,0.1818,0.0727,2,1,22,"earned income 0.37; other element 0.27; shelter deduction 0.20","wrong include/exclude decision 0.25; household composition 0.22; wrong amount, known item 0.20; unreported source of income 0.16",0.274509803921569,0.954545454545455,0.431372549019608,0.352941176470588
194,"buffer","children_i >= 1 & elderly_disabled_i <= 0 & months_since_cert_n < 4 & rawben_rel_max < 0.54","1","national","xgboost","any_error",52,0.4038,0.262,50.1,0.0192,0.0476,0.0192,2,1,21,"other element 0.33; shelter deduction 0.20; unearned income 0.20; earned income 0.17","household composition 0.33; wrong include/exclude decision 0.27; wrong amount, known item 0.23",0.366666666666667,0.19047619047619,0.7,0.733333333333333
195,"buffer","expedited_i >= 1 & unc_rawben_rel_max <= 0.788 & unearned_by_hh_size <= 468 & utilities_sua <= 0.5","2-3","national","ranger","any_error",96,0.3646,0.2604,66.2,0.0104,0.0286,0.0104,1,1,35,"earned income 0.34; unearned income 0.23; other element 0.23","wrong amount, known item 0.26; household composition 0.23; wrong include/exclude decision 0.19; unreported source of income 0.17",0.283018867924528,0.542857142857143,0.509433962264151,0.528301886792453
196,"buffer","gross_by_hh_size >= 2130 & months_since_cert_n < 31 & rawben_rel_max >= 0.256 & rawben_rel_max < 0.567","1","national","xgboost","any_error",77,0.3766,0.2603,34.9,0,0,0,1,1,29,"shelter deduction 0.27; unearned income 0.25; medical deduction 0.23","wrong include/exclude decision 0.39; wrong amount, known item 0.30; unreported source of income 0.11",0.409090909090909,0.827586206896552,0.636363636363636,0.5
197,"buffer","earned_by_hh_size > 35.2 & months_since_cert_n > 8.5 & total_deductions_by_hh_size > 450 & unc_rawben_rel_max <= 1.2","2-3","national","ranger","any_error",635,0.3008,0.2603,61.74,0.0126,0.0366,0.011,3,2,191,"earned income 0.49; other element 0.17; shelter deduction 0.15","wrong amount, known item 0.24; wrong include/exclude decision 0.20; change in circumstances 0.16; unreported source of income 0.15; household composition 0.08",0.311111111111111,0.785340314136126,0.320634920634921,0.413249211356467
198,"buffer","gross_by_hh_size < 787 & months_since_cert_n >= 8 & total_deductions_by_hh_size >= 1050 & unc_rawben_rel_max < 1.41","1","national","xgboost","any_error",162,0.3395,0.2594,75.91,0,0,0,1,1,55,"earned income 0.61; other element 0.21","unreported source of income 0.30; change in circumstances 0.19; wrong include/exclude decision 0.18; limits and thresholds 0.14",0.265957446808511,0.963636363636364,0.159574468085106,0.276595744680851
199,"buffer","count_divisible_by_100 > 1.5 & gross_by_hh_size > 586 & unearned_by_hh_size > 16.8","2-3","national","ranger","any_error",32,0.4375,0.2577,100.12,0,0,0,1,1,14,"earned income 0.38; unearned income 0.28; shelter deduction 0.14","unreported source of income 0.24; wrong include/exclude decision 0.21; wrong amount, known item 0.17; other 0.14",0.310344827586207,0.857142857142857,0.517241379310345,0.448275862068966
200,"buffer","earned_by_hh_size >= 319 & earned_by_hh_size < 332 & rawben_rel_max >= 0.587 & total_deductions_by_hh_size < 141","4+","national","xgboost","any_error",32,0.4375,0.2577,97.16,0,0,0,2,1,14,"earned income 0.50; unearned income 0.22; other element 0.11","wrong amount, known item 0.33; unreported source of income 0.22; wrong include/exclude decision 0.22",0.333333333333333,0.857142857142857,0.5,0.5
201,"buffer","earned_by_hh_size >= 706 & earned_by_hh_size < 969 & shelter_expenses_by_hh_size >= 894","2-3","national","xgboost","any_error",133,0.3459,0.2577,75.08,0.0226,0.0652,0.0226,1,1,46,"earned income 0.53; unearned income 0.19; shelter deduction 0.13","wrong amount, known item 0.29; change in circumstances 0.16; unreported source of income 0.16; other 0.16",0.428571428571429,0.826086956521739,0.385714285714286,0.571428571428571
202,"buffer","earned_by_hh_size >= 915 & earned_by_hh_size < 956 & rawben_rel_max >= 0.256 & total_deductions_by_hh_size < 330","2-3","national","xgboost","any_error",59,0.3898,0.2574,70.92,0.0508,0.1304,0.0508,2,2,23,"earned income 0.51; shelter deduction 0.16; unearned income 0.14","wrong amount, known item 0.30; unreported source of income 0.24; wrong include/exclude decision 0.19; household composition 0.08",0.540540540540541,0.521739130434783,0.702702702702703,0.594594594594595
203,"buffer","count_divisible_by_100 >= 1 & HH_size_n >= 5 & shelter_expenses_by_hh_size >= 378 & total_deductions_by_hh_size < 330","4+","national","xgboost","any_error",59,0.3898,0.2574,99.83,0,0,0,1,1,23,"unearned income 0.32; earned income 0.32; other element 0.18","wrong include/exclude decision 0.26; unreported source of income 0.21; wrong amount, known item 0.21; household composition 0.15",0.323529411764706,0.608695652173913,0.823529411764706,0.529411764705882
204,"buffer","gross_by_hh_size > 152 & married <= 0 & months_since_cert_n > 5.5 & unearned_by_hh_size <= 54.6","4+","national","ranger","any_error",1000,0.289,0.2569,63.74,0.007,0.0242,0.007,3,2,289,"earned income 0.48; shelter deduction 0.16; other element 0.11; unearned income 0.10","wrong amount, known item 0.31; wrong include/exclude decision 0.24; change in circumstances 0.13; unreported source of income 0.10",0.382830626450116,0.719723183391003,0.461716937354988,0.524249422632795
205,"buffer","earned_by_hh_size > 145 & months_since_cert_n <= 16.5 & percent_abawd > 0.167 & percent_abawd <= 0.417","2-3","national","ranger","any_error",263,0.3194,0.2567,65.47,0.0152,0.0476,0.0152,1,1,84,"earned income 0.42; other element 0.18; shelter deduction 0.17","wrong amount, known item 0.31; other 0.16; wrong include/exclude decision 0.15; household composition 0.10; change in circumstances 0.09",0.434210526315789,0.607142857142857,0.625,0.61437908496732
206,"buffer","earned_by_hh_size >= 467 & HH_size_n >= 7 & married <= 0 & unc_rawben_rel_max < 0.972","4+","national","xgboost","any_error",91,0.3626,0.2562,104.22,0,0,0,2,1,33,"earned income 0.44; other element 0.21; shelter deduction 0.17","wrong amount, known item 0.29; household composition 0.21; wrong include/exclude decision 0.21; unreported source of income 0.10",0.340425531914894,0.636363636363636,0.680851063829787,0.4375
207,"buffer","earned_by_hh_size < 291 & gross_by_hh_size >= 401 & HH_size_n >= 6 & HH_size_n < 8","4+","national","xgboost","any_error",198,0.3283,0.2561,77.01,0.0101,0.0308,0.0101,6,3,65,"unearned income 0.42; earned income 0.25; shelter deduction 0.16","wrong amount, known item 0.43; wrong include/exclude decision 0.19; unreported source of income 0.13; household composition 0.10",0.490196078431373,0.6,0.735294117647059,0.627450980392157
208,"buffer","children_i >= 1 & percent_abawd <= 1.5 & total_deductions_by_hh_size <= 627 & utilities_sua > 1.5","1","national","ranger","any_error",44,0.4091,0.256,73.98,0.0455,0.0556,0.0227,2,1,18,"other element 0.50; unearned income 0.27","household composition 0.45; wrong include/exclude decision 0.23; wrong amount, known item 0.18",0.454545454545455,0.388888888888889,0.954545454545455,0.636363636363636
209,"buffer","children_i <= 0 & earned_by_hh_size >= 1480 & rawben_rel_max < 0.244 & shelter_expenses_by_hh_size >= 764","2-3","national","xgboost","any_error",44,0.4091,0.256,102.11,0.0455,0.1111,0.0455,2,1,18,"earned income 0.32; other element 0.30; shelter deduction 0.21","wrong amount, known item 0.28; wrong include/exclude decision 0.21; household composition 0.19; unreported source of income 0.11",0.320754716981132,1,0.452830188679245,0.433962264150943
210,"buffer","gross_by_hh_size >= 146 & months_since_cert_n < 8 & rawben_rel_max >= 0.865 & total_deductions_by_hh_size < 108","4+","national","xgboost","any_error",145,0.3379,0.2539,71.8,0.0138,0.0408,0.0138,2,2,49,"unearned income 0.31; earned income 0.27; other element 0.14; shelter deduction 0.14","wrong amount, known item 0.37; wrong include/exclude decision 0.26; method or computation 0.09; unreported source of income 0.09",0.320512820512821,0.489795918367347,0.705128205128205,0.653846153846154
211,"buffer","bbce_state_i >= 1 & gross_by_hh_size >= 708 & gross_by_hh_size < 736 & shelter_expenses_by_hh_size >= 11.4","4+","national","xgboost","any_error",331,0.3082,0.2526,57.5,0.003,0.0098,0.003,7,4,102,"earned income 0.36; unearned income 0.24; shelter deduction 0.13; other element 0.11","wrong amount, known item 0.40; wrong include/exclude decision 0.24; unreported source of income 0.11",0.361842105263158,0.676470588235294,0.611842105263158,0.568627450980392
212,"buffer","elderly_disabled_i <= 0 & months_since_cert_n > 5.5 & rawben_rel_max > 0.274 & unc_rawben_rel_max <= 0.818","1","national","ranger","any_error",513,0.2963,0.2517,37.46,0.037,0.125,0.037,5,4,152,"earned income 0.48; unearned income 0.21; shelter deduction 0.13","wrong amount, known item 0.37; wrong include/exclude decision 0.20; unreported source of income 0.14; change in circumstances 0.09",0.304147465437788,0.638157894736842,0.341013824884793,0.410958904109589
213,"buffer","earned_by_hh_size < 81.7 & married >= 1 & rawben_rel_max >= 0.155 & unearned_by_hh_size >= 965","2-3","national","xgboost","any_error",433,0.3002,0.2517,41.84,0,0,0,22,11,130,"shelter deduction 0.33; unearned income 0.28; medical deduction 0.25","wrong include/exclude decision 0.51; wrong amount, known item 0.22; unreported source of income 0.07",0.394736842105263,0.907692307692308,0.605263157894737,0.589473684210526
214,"buffer","shelter_expenses_by_hh_size >= 1960 & unc_rawben_rel_max < 1.38 & unearned_by_hh_size < 1260","1","national","xgboost","any_error",226,0.3186,0.2515,64.22,0.0487,0.1389,0.0442,2,1,72,"earned income 0.48; unearned income 0.25; shelter deduction 0.15","wrong amount, known item 0.35; unreported source of income 0.28; wrong include/exclude decision 0.20",0.257142857142857,0.902777777777778,0.495238095238095,0.39622641509434
215,"buffer","medical_deductions < 161 & shelter_expenses_by_hh_size < 414 & unearned_by_hh_size >= 432 & unearned_by_hh_size < 441","2-3","national","xgboost","any_error",48,0.3958,0.2504,76.54,0.0417,0.1053,0.0417,2,2,19,"unearned income 0.38; earned income 0.21; utility allowance 0.17","wrong amount, known item 0.38; wrong include/exclude decision 0.31; unreported source of income 0.14",0.275862068965517,0.578947368421053,0.551724137931034,0.586206896551724
216,"buffer","gross_by_hh_size >= 736 & months_since_cert_n >= 8 & shelter_expenses_by_hh_size >= 654 & utilities_sua < 2","2-3","national","xgboost","any_error",45,0.4,0.2499,66.73,0.0444,0.1111,0.0444,2,2,18,"shelter deduction 0.29; earned income 0.25; other element 0.18; utility allowance 0.18","wrong include/exclude decision 0.32; other 0.21; wrong amount, known item 0.18; household composition 0.14",0.285714285714286,0.888888888888889,0.571428571428571,0.428571428571429
217,"buffer","rawben_rel_max >= 0.878 & rawben_rel_max < 0.905 & shelter_expenses_by_hh_size >= 700 & unc_rawben_rel_max >= 0.85","2-3","national","xgboost","any_error",90,0.3556,0.2495,77.41,0.0222,0.0625,0.0222,2,1,32,"earned income 0.40; shelter deduction 0.33; unearned income 0.14","wrong include/exclude decision 0.37; wrong amount, known item 0.33; unreported source of income 0.19",0.209302325581395,0.8125,0.511627906976744,0.372093023255814
218,"buffer","gross_by_hh_size < 440 & rawben_rel_max < 0.619 & shelter_expenses_by_hh_size < 94.5","4+","national","xgboost","any_error",64,0.375,0.2492,78.16,0,0,0,2,1,24,"earned income 0.36; unearned income 0.32; other element 0.23","wrong amount, known item 0.34; wrong include/exclude decision 0.14; unreported source of income 0.14; household composition 0.11; change in circumstances 0.09",0.348837209302326,0.458333333333333,0.465116279069767,0.581395348837209
219,"buffer","earned_by_hh_size >= 584 & earned_by_hh_size < 600 & total_deductions_by_hh_size >= 194","4+","national","xgboost","any_error",124,0.3387,0.2484,65.01,0,0,0,2,1,42,"earned income 0.41; shelter deduction 0.17; unearned income 0.15; dep care or child support deduction 0.12","wrong amount, known item 0.33; wrong include/exclude decision 0.26; unreported source of income 0.11; change in circumstances 0.09",0.303030303030303,0.547619047619048,0.575757575757576,0.560606060606061
220,"buffer","children_i >= 1 & rawben_rel_max < 0.564 & total_deductions_by_hh_size < 610","1","national","xgboost","any_error",61,0.377,0.2484,55.56,0.0492,0.1304,0.0492,2,1,23,"other element 0.47; shelter deduction 0.20; unearned income 0.17","household composition 0.47; wrong include/exclude decision 0.23; wrong amount, known item 0.20",0.466666666666667,0.173913043478261,0.766666666666667,0.666666666666667
221,"buffer","rawben_rel_max < 0.0446 & unc_rawben_rel_max >= 0.043","2-3","national","xgboost","any_error",71,0.3662,0.2471,72.11,0,0,0,2,1,26,"shelter deduction 0.31; unearned income 0.28; earned income 0.25","wrong include/exclude decision 0.34; wrong amount, known item 0.28; change in circumstances 0.19",0.4375,0.0384615384615385,0.6875,0.8125
222,"buffer","HH_size_n > 2.5 & months_since_cert_n <= 0.5 & unc_rawben_rel_max <= 0.971 & utilities_sua <= 0.5","2-3","national","ranger","any_error",101,0.3465,0.2468,63.06,0.0099,0.0286,0.0099,5,3,35,"earned income 0.45; unearned income 0.20; other element 0.16","wrong amount, known item 0.37; wrong include/exclude decision 0.24; household composition 0.12; unreported source of income 0.12",0.428571428571429,0.571428571428571,0.836734693877551,0.653061224489796
223,"buffer","expedited_i >= 1 & married <= 0 & shelter_expenses_by_hh_size > 113 & unc_rawben_rel_max <= 1","4+","national","ranger","any_error",256,0.3086,0.246,60.45,0.0195,0.0506,0.0156,2,1,79,"earned income 0.34; unearned income 0.24; shelter deduction 0.20","wrong amount, known item 0.34; wrong include/exclude decision 0.31; change in circumstances 0.11",0.442748091603053,0.645569620253165,0.49618320610687,0.564885496183206
224,"buffer","months_since_cert_n < 9 & shelter_expenses_by_hh_size >= 1690 & total_deductions_by_hh_size < 1090 & unc_rawben_rel_max < 1.38","1","national","xgboost","any_error",153,0.3268,0.2458,64.63,0.0261,0.06,0.0196,1,1,50,"unearned income 0.45; earned income 0.33","wrong amount, known item 0.33; unreported source of income 0.30; wrong include/exclude decision 0.19",0.206349206349206,0.76,0.492063492063492,0.4375
225,"buffer","elderly_disabled_i <= 0 & rawben_rel_max >= 0.336 & shelter_expenses_by_hh_size < 730 & unearned_by_hh_size >= 665","1","national","xgboost","any_error",115,0.3391,0.2457,47.57,0,0,0,3,2,39,"unearned income 0.61; shelter deduction 0.12; utility allowance 0.10","wrong amount, known item 0.39; wrong include/exclude decision 0.22; unreported source of income 0.18",0.431372549019608,0.307692307692308,0.647058823529412,0.666666666666667
226,"buffer","gross_by_hh_size < 586 & percent_abawd < 1 & unc_rawben_rel_max < 1.02 & unearned_by_hh_size >= 439","1","national","xgboost","any_error",304,0.3026,0.2452,47.96,0.023,0.0652,0.0197,14,7,92,"unearned income 0.65; utility allowance 0.16","wrong include/exclude decision 0.50; wrong amount, known item 0.21; unreported source of income 0.15",0.421487603305785,0.83695652173913,0.578512396694215,0.685950413223141
227,"buffer","count_divisible_by_100 >= 1 & rawben_rel_max >= 0.386 & rawben_rel_max < 0.544","2-3","national","xgboost","any_error",203,0.3153,0.2451,42.35,0,0,0,1,1,64,"earned income 0.36; unearned income 0.25; shelter deduction 0.25","wrong amount, known item 0.39; wrong include/exclude decision 0.23; unreported source of income 0.13",0.257731958762887,0.671875,0.649484536082474,0.463917525773196
228,"buffer","earned_by_hh_size < 1210 & rawben_rel_max < 0.49 & shelter_expenses_by_hh_size >= 1020","2-3","national","xgboost","any_error",164,0.3232,0.245,57.73,0.0305,0.0943,0.0305,4,2,53,"unearned income 0.33; shelter deduction 0.29; earned income 0.16","wrong amount, known item 0.35; wrong include/exclude decision 0.29; unreported source of income 0.15",0.379746835443038,0.754716981132076,0.607594936708861,0.607594936708861
229,"buffer","gross_by_hh_size >= 637 & rawben_rel_max >= 0.474 & unearned_by_hh_size >= 12.7 & unearned_by_hh_size < 682","2-3","national","xgboost","any_error",1025,0.2761,0.2449,46.21,0.0049,0.0177,0.0049,32,18,283,"earned income 0.32; unearned income 0.25; shelter deduction 0.19","wrong amount, known item 0.33; wrong include/exclude decision 0.25; unreported source of income 0.12; change in circumstances 0.08",0.382096069868996,0.706713780918728,0.580786026200873,0.533769063180828
230,"buffer","earned_by_hh_size > 7.83 & months_since_cert_n > 3.5 & rawben_rel_max > 0.351 & rawben_rel_max <= 0.971","2-3","national","ranger","any_error",3432,0.2611,0.244,45.46,0.0105,0.0335,0.0087,46,24,896,"earned income 0.48; shelter deduction 0.17; unearned income 0.13","wrong amount, known item 0.29; wrong include/exclude decision 0.23; change in circumstances 0.13; unreported source of income 0.11",0.407731582786287,0.651785714285714,0.4945295404814,0.533622559652928
231,"buffer","bbce_state_i >= 1 & months_since_cert_n < 1 & total_deductions_by_hh_size >= 194 & utilities_sua < 2","2-3","national","xgboost","any_error",289,0.301,0.2424,53.8,0.0173,0.0345,0.0104,14,7,87,"earned income 0.40; shelter deduction 0.23; other element 0.11; utility allowance 0.11","wrong amount, known item 0.33; wrong include/exclude decision 0.32; unreported source of income 0.11",0.311475409836066,0.701149425287356,0.868852459016393,0.631147540983607
232,"buffer","rawben_rel_max >= 0.57 & rawben_rel_max < 0.596 & shelter_expenses_by_hh_size >= 109 & unearned_by_hh_size >= 843","2-3","national","xgboost","any_error",40,0.4,0.2424,63.38,0,0,0,4,2,16,"shelter deduction 0.36; unearned income 0.32; medical deduction 0.14","wrong include/exclude decision 0.59; wrong amount, known item 0.18",0.363636363636364,1,0.636363636363636,0.409090909090909
233,"buffer","earned_by_hh_size > 79.2 & gross_by_hh_size <= 139 & HH_size_n > 5.5 & rawben_rel_max > 0.935","4+","national","ranger","any_error",79,0.3544,0.2423,126.39,0.0127,0.0357,0.0127,4,2,28,"earned income 0.77","wrong amount, known item 0.34; wrong include/exclude decision 0.17; change in circumstances 0.14; unreported source of income 0.11",0.285714285714286,0.928571428571429,0.657142857142857,0.657142857142857
234,"buffer","children_i <= 0 & count_divisible_by_100 > 0.5 & unc_rawben_rel_max > 0.402 & unc_rawben_rel_max <= 0.901","2-3","national","ranger","any_error",127,0.3307,0.2423,53.42,0.0079,0.0238,0.0079,6,3,42,"unearned income 0.27; earned income 0.27; shelter deduction 0.25","wrong include/exclude decision 0.45; unreported source of income 0.20; wrong amount, known item 0.20",0.254237288135593,0.880952380952381,0.610169491525424,0.416666666666667
235,"buffer","gross_by_hh_size >= 974 & shelter_expenses_by_hh_size >= 428 & shelter_expenses_by_hh_size < 568 & total_deductions_by_hh_size >= 401","4+","national","xgboost","any_error",56,0.375,0.2419,53.8,0,0,0,1,1,21,"earned income 0.38; dep care or child support deduction 0.30; shelter deduction 0.23","wrong amount, known item 0.53; wrong include/exclude decision 0.25",0.5,0.666666666666667,0.8,0.55
236,"buffer","rawben_rel_max <= 0.567 & shelter_expenses_by_hh_size > 334 & shelter_expenses_by_hh_size <= 350 & unc_rawben_rel_max <= 0.975","4+","national","ranger","any_error",184,0.3152,0.2418,64.55,0.0054,0.0172,0.0054,4,2,58,"earned income 0.30; shelter deduction 0.23; unearned income 0.22; other element 0.17","wrong amount, known item 0.39; wrong include/exclude decision 0.32; household composition 0.11",0.579545454545455,0.620689655172414,0.568181818181818,0.670454545454545
237,"buffer","elderly_disabled_i <= 0 & gross_by_hh_size > 215 & HH_size_n > 2.5 & percent_abawd > 0.167","2-3","national","ranger","any_error",414,0.2899,0.241,56.44,0.0169,0.05,0.0145,3,2,120,"earned income 0.46; shelter deduction 0.16; other element 0.15","wrong amount, known item 0.31; wrong include/exclude decision 0.18; unreported source of income 0.14; other 0.13; household composition 0.09",0.437810945273632,0.633333333333333,0.626865671641791,0.541871921182266
238,"buffer","earned_by_hh_size >= 790 & gross_by_hh_size < 798","2-3","national","xgboost","any_error",53,0.3774,0.2408,54.13,0,0,0,1,1,20,"earned income 0.52; shelter deduction 0.19; unearned income 0.15","wrong amount, known item 0.41; wrong include/exclude decision 0.22; unreported source of income 0.19",0.296296296296296,0.55,0.703703703703704,0.481481481481481
239,"buffer","shelter_expenses_by_hh_size >= 971 & total_deductions_by_hh_size >= 146 & unearned_by_hh_size >= 607 & unearned_by_hh_size < 691","2-3","national","xgboost","any_error",31,0.4194,0.2407,119.58,0,0,0,1,1,13,"unearned income 0.47; earned income 0.24; shelter deduction 0.18","wrong include/exclude decision 0.35; unreported source of income 0.24; wrong amount, known item 0.18",0.352941176470588,0.769230769230769,0.470588235294118,0.352941176470588
240,"buffer","shelter_expenses_by_hh_size >= 340 & shelter_expenses_by_hh_size < 394 & unearned_by_hh_size >= 305","4+","national","xgboost","any_error",207,0.3092,0.2401,59.5,0.0097,0.0312,0.0097,5,3,64,"unearned income 0.42; shelter deduction 0.24; other element 0.12","wrong amount, known item 0.38; wrong include/exclude decision 0.32; unreported source of income 0.09",0.421052631578947,0.6875,0.684210526315789,0.547368421052632
241,"buffer","earned_by_hh_size > 424 & expedited_i >= 1 & months_since_cert_n > 4.5 & utilities_sua > 0.5","1","national","ranger","any_error",251,0.3028,0.2401,61.76,0.0677,0.1974,0.0598,2,1,76,"earned income 0.55; other element 0.19; shelter deduction 0.12","unreported source of income 0.24; change in circumstances 0.20; wrong include/exclude decision 0.16; wrong amount, known item 0.16",0.290076335877863,0.921052631578947,0.16793893129771,0.242424242424242
242,"buffer","rawben_rel_max < 0.0819 & unc_rawben_rel_max >= 0.08 & unc_rawben_rel_max < 1.81","1","national","xgboost","any_error",420,0.2881,0.2396,42.58,0,0,0,7,4,121,"unearned income 0.39; shelter deduction 0.26; earned income 0.15","wrong include/exclude decision 0.35; wrong amount, known item 0.34; other 0.16",0.482142857142857,0.00826446280991736,0.571428571428571,0.773809523809524
243,"buffer","rawben_rel_max >= 0.13 & shelter_expenses_by_hh_size >= 304 & total_deductions_by_hh_size < 265 & unc_rawben_rel_max < 0.272","4+","national","xgboost","any_error",165,0.3152,0.238,52.27,0,0,0,4,2,52,"earned income 0.26; shelter deduction 0.26; unearned income 0.19; utility allowance 0.14","wrong amount, known item 0.36; wrong include/exclude decision 0.30; method or computation 0.10",0.511904761904762,0.519230769230769,0.595238095238095,0.761904761904762
244,"buffer","elderly_disabled_i <= 0 & gross_by_hh_size > 158 & shelter_expenses_by_hh_size > 1770 & unc_rawben_rel_max <= 1.37","1","national","ranger","any_error",370,0.2892,0.2377,57.51,0.0541,0.1682,0.0486,4,2,107,"earned income 0.46; unearned income 0.28; shelter deduction 0.12","wrong amount, known item 0.31; unreported source of income 0.27; wrong include/exclude decision 0.17",0.296052631578947,0.85981308411215,0.447368421052632,0.431372549019608
245,"buffer","count_divisible_by_100 > 1.5 & earned_by_hh_size <= 18.2","2-3","national","ranger","any_error",44,0.3864,0.2372,106.43,0.0227,0,0,1,1,17,"earned income 0.36; unearned income 0.28; shelter deduction 0.14","wrong include/exclude decision 0.28; unreported source of income 0.28; wrong amount, known item 0.14; other 0.14",0.294117647058824,0.941176470588235,0.558823529411765,0.472222222222222
246,"buffer","gross_by_hh_size >= 1900 & months_since_cert_n < 21 & shelter_expenses_by_hh_size >= 2090","1","national","xgboost","any_error",228,0.3026,0.2371,52.14,0.0351,0.1159,0.0351,4,2,69,"shelter deduction 0.30; unearned income 0.22; earned income 0.22; medical deduction 0.11","wrong include/exclude decision 0.36; wrong amount, known item 0.29; unreported source of income 0.18",0.381443298969072,0.884057971014493,0.597938144329897,0.474226804123711
247,"buffer","children_i <= 0 & rawben_rel_max < 0.86 & total_deductions_by_hh_size < 360 & unearned_by_hh_size < 54.5","2-3","national","xgboost","any_error",217,0.3041,0.237,52.12,0.0184,0.0606,0.0184,2,2,66,"earned income 0.60; other element 0.20","wrong amount, known item 0.29; change in circumstances 0.18; wrong include/exclude decision 0.17; household composition 0.15",0.4375,0.590909090909091,0.583333333333333,0.572916666666667
248,"buffer","gross_by_hh_size >= 198 & shelter_expenses_by_hh_size < 246 & total_deductions_by_hh_size >= 272","4+","national","xgboost","any_error",173,0.3121,0.2369,70.1,0,0,0,2,1,54,"earned income 0.34; dep care or child support deduction 0.30; unearned income 0.13","wrong amount, known item 0.35; wrong include/exclude decision 0.33; other 0.10",0.393617021276596,0.759259259259259,0.734042553191489,0.585106382978723
249,"buffer","medical_deductions >= 136 & shelter_expenses_by_hh_size >= 707 & total_deductions_by_hh_size < 953 & unearned_by_hh_size < 1020","1","national","xgboost","any_error",74,0.3514,0.2365,34.43,0.027,0.0769,0.027,2,1,26,"medical deduction 0.49; shelter deduction 0.19; utility allowance 0.16","wrong include/exclude decision 0.73; wrong amount, known item 0.19",0.567567567567568,0.961538461538462,0.702702702702703,0.837837837837838
250,"buffer","unearned_by_hh_size > 159 & unearned_by_hh_size <= 161","4+","national","ranger","any_error",41,0.3902,0.236,105.15,0,0,0,2,1,16,"earned income 0.29; unearned income 0.26; shelter deduction 0.18; other element 0.15","wrong amount, known item 0.35; unreported source of income 0.15; change in circumstances 0.12; wrong include/exclude decision 0.12; other 0.06",0.323529411764706,0.6875,0.676470588235294,0.558823529411765
251,"buffer","children_i <= 0 & gross_by_hh_size > 480 & gross_by_hh_size <= 702 & unearned_by_hh_size <= 314","1","national","ranger","any_error",790,0.2709,0.2358,56.31,0.0165,0.0514,0.0139,9,5,214,"earned income 0.64; shelter deduction 0.13","unreported source of income 0.29; change in circumstances 0.19; wrong amount, known item 0.18; wrong include/exclude decision 0.17",0.272727272727273,0.97196261682243,0.424242424242424,0.305135951661631
252,"buffer","rawben_rel_max >= 0.607 & unc_rawben_rel_max < 0.614","4+","national","xgboost","any_error",120,0.325,0.235,64.49,0,0,0,4,2,39,"earned income 0.49; unearned income 0.19; other element 0.11","wrong amount, known item 0.40; change in circumstances 0.17; wrong include/exclude decision 0.15; unreported source of income 0.09",0.39622641509434,0.717948717948718,0.660377358490566,0.528301886792453
253,"buffer","shelter_expenses_by_hh_size >= 469 & total_deductions_by_hh_size >= 363 & total_deductions_by_hh_size < 389 & unearned_by_hh_size < 499","2-3","national","xgboost","any_error",253,0.2964,0.2345,70.44,0,0,0,4,3,75,"earned income 0.58; shelter deduction 0.18","wrong amount, known item 0.37; wrong include/exclude decision 0.22; unreported source of income 0.18",0.330097087378641,0.773333333333333,0.504854368932039,0.514563106796116
254,"buffer","earned_by_hh_size >= 1500 & gross_by_hh_size >= 1550 & rawben_rel_max >= 0.46 & total_deductions_by_hh_size < 1280","1","national","xgboost","any_error",106,0.3302,0.2345,45.58,0.0283,0.0857,0.0283,1,1,35,"earned income 0.50; shelter deduction 0.27","wrong amount, known item 0.41; wrong include/exclude decision 0.30; change in circumstances 0.11",0.363636363636364,0.828571428571429,0.509090909090909,0.410714285714286
255,"buffer","children_i <= 0 & expedited_i >= 1 & rawben_rel_max <= 0.973","2-3","national","ranger","any_error",175,0.3086,0.2341,68.66,0.04,0.1111,0.0343,2,1,54,"earned income 0.30; other element 0.29; unearned income 0.17","household composition 0.24; wrong include/exclude decision 0.20; wrong amount, known item 0.19; unreported source of income 0.16",0.37037037037037,0.685185185185185,0.604938271604938,0.469879518072289
256,"buffer","rawben_rel_max < 0.899 & total_deductions_by_hh_size >= 606 & total_deductions_by_hh_size < 614","2-3","national","xgboost","any_error",68,0.3529,0.2336,72.04,0.0147,0.0417,0.0147,1,1,24,"earned income 0.44; unearned income 0.21; shelter deduction 0.21","wrong amount, known item 0.29; wrong include/exclude decision 0.24; change in circumstances 0.24",0.382352941176471,0.625,0.529411764705882,0.5
257,"buffer","earned_by_hh_size >= 411 & earned_by_hh_size < 462 & rawben_rel_max < 0.923","2-3","national","xgboost","any_error",342,0.2865,0.2334,42.16,0,0,0,7,4,98,"earned income 0.48; shelter deduction 0.16; unearned income 0.15","wrong amount, known item 0.37; wrong include/exclude decision 0.21; change in circumstances 0.10; unreported source of income 0.08",0.438848920863309,0.622448979591837,0.661870503597122,0.633093525179856
258,"buffer","children_i <= 0 & earned_by_hh_size > 336 & rawben_rel_max <= 0.0433 & shelter_expenses_by_hh_size > 393","2-3","national","ranger","any_error",48,0.375,0.2331,107.4,0.0208,0.0556,0.0208,1,1,18,"other element 0.36; earned income 0.33; shelter deduction 0.24","wrong amount, known item 0.29; household composition 0.24; wrong include/exclude decision 0.19; unreported source of income 0.17",0.19047619047619,0.888888888888889,0.547619047619048,0.357142857142857
259,"buffer","count_divisible_by_100 <= 0.5 & earned_by_hh_size > 492 & months_since_cert_n > 4.5 & total_deductions_by_hh_size > 1080","1","national","ranger","any_error",819,0.2674,0.233,50.97,0.022,0.0639,0.0171,7,4,219,"earned income 0.57; other element 0.13; shelter deduction 0.13","wrong amount, known item 0.24; unreported source of income 0.22; change in circumstances 0.20; wrong include/exclude decision 0.16",0.301136363636364,0.885844748858447,0.278409090909091,0.351274787535411
260,"buffer","rawben_rel_max < 0.293 & shelter_expenses_by_hh_size >= 1140 & unc_rawben_rel_max < 1.49","2-3","national","xgboost","any_error",96,0.3333,0.233,71.15,0.0625,0.1875,0.0625,2,1,32,"shelter deduction 0.30; earned income 0.27; unearned income 0.20","wrong amount, known item 0.36; wrong include/exclude decision 0.24; unreported source of income 0.14; other 0.08",0.272727272727273,0.84375,0.46969696969697,0.53030303030303
261,"buffer","rawben_rel_max >= 0.621 & shelter_expenses_by_hh_size < 490 & unearned_by_hh_size >= 426 & unearned_by_hh_size < 441","2-3","national","xgboost","any_error",89,0.3371,0.2329,63.16,0.0337,0.0667,0.0225,2,1,30,"unearned income 0.41; shelter deduction 0.16; earned income 0.14; utility allowance 0.12","wrong amount, known item 0.37; wrong include/exclude decision 0.33; unreported source of income 0.14",0.346938775510204,0.666666666666667,0.551020408163265,0.571428571428571
262,"buffer","gross_by_hh_size >= 817 & gross_by_hh_size < 1150 & shelter_expenses_by_hh_size >= 1100","2-3","national","xgboost","any_error",132,0.3182,0.2326,77.16,0.0152,0.0476,0.0152,4,2,42,"unearned income 0.29; earned income 0.28; shelter deduction 0.28","wrong amount, known item 0.31; wrong include/exclude decision 0.20; change in circumstances 0.17; unreported source of income 0.15",0.384615384615385,0.833333333333333,0.430769230769231,0.446153846153846
263,"buffer","earned_by_hh_size >= 665 & earned_by_hh_size < 756 & rawben_rel_max >= 0.576 & total_deductions_by_hh_size >= 232","4+","national","xgboost","any_error",154,0.3117,0.2325,51.17,0,0,0,2,1,48,"earned income 0.37; dep care or child support deduction 0.24; shelter deduction 0.23","wrong amount, known item 0.49; wrong include/exclude decision 0.26; other 0.09",0.342857142857143,0.875,0.628571428571429,0.457142857142857
264,"buffer","earned_by_hh_size >= 678 & months_since_cert_n >= 8 & shelter_expenses_by_hh_size >= 1140 & total_deductions_by_hh_size >= 938","1","national","xgboost","any_error",398,0.2814,0.2322,56.73,0.0377,0.125,0.0352,1,1,112,"earned income 0.57; shelter deduction 0.15; other element 0.13","unreported source of income 0.24; wrong amount, known item 0.24; wrong include/exclude decision 0.19; change in circumstances 0.18",0.357894736842105,0.883928571428571,0.231578947368421,0.356020942408377
265,"buffer","rawben_rel_max >= 0.845 & rawben_rel_max < 0.878 & shelter_expenses_by_hh_size < 440 & unearned_by_hh_size >= 340","2-3","national","xgboost","any_error",93,0.3333,0.2316,58.27,0.0108,0.0323,0.0108,3,2,31,"unearned income 0.42; shelter deduction 0.29; earned income 0.12","wrong include/exclude decision 0.33; wrong amount, known item 0.23; change in circumstances 0.15; unreported source of income 0.15",0.25,0.709677419354839,0.708333333333333,0.458333333333333
266,"buffer","gross_by_hh_size >= 1030 & medical_deductions >= 176 & unc_rawben_rel_max < 1.02 & unearned_by_hh_size < 1380","1","national","xgboost","any_error",408,0.2794,0.2309,29.73,0.0025,0.0088,0.0025,5,3,114,"medical deduction 0.49; shelter deduction 0.19; unearned income 0.15","wrong include/exclude decision 0.61; wrong amount, known item 0.18",0.469879518072289,0.929824561403509,0.58433734939759,0.668674698795181
267,"buffer","gross_by_hh_size >= 937 & total_deductions_by_hh_size >= 460","4+","national","xgboost","any_error",97,0.3299,0.2304,66.75,0,0,0,4,2,32,"dep care or child support deduction 0.37; earned income 0.27; unearned income 0.17","wrong amount, known item 0.44; wrong include/exclude decision 0.29; unreported source of income 0.08",0.412698412698413,0.71875,0.761904761904762,0.492063492063492
268,"buffer","earned_by_hh_size >= 850 & rawben_rel_max >= 0.464 & total_deductions_by_hh_size < 579","1","national","xgboost","any_error",90,0.3333,0.2301,41.18,0.0444,0.1333,0.0444,8,7,30,"earned income 0.66; other element 0.12","wrong amount, known item 0.29; wrong include/exclude decision 0.22; method or computation 0.12; unreported source of income 0.12",0.292682926829268,0.433333333333333,0.682926829268293,0.560975609756098
269,"buffer","months_since_cert_n >= 5 & months_since_cert_n < 10 & rawben_rel_max < 0.55 & unc_rawben_rel_max >= 0.535","2-3","national","xgboost","any_error",90,0.3333,0.2301,64.5,0.0222,0.0667,0.0222,2,1,30,"earned income 0.32; unearned income 0.23; shelter deduction 0.20","wrong include/exclude decision 0.27; unreported source of income 0.20; wrong amount, known item 0.20; change in circumstances 0.14",0.340909090909091,0.6,0.659090909090909,0.386363636363636
270,"buffer","earned_by_hh_size >= 192 & total_deductions_by_hh_size < 486 & unc_rawben_rel_max >= 1.11","2-3","national","xgboost","any_error",232,0.2931,0.2289,92.15,0,0,0,4,3,68,"earned income 0.74; shelter deduction 0.17","wrong amount, known item 0.29; wrong include/exclude decision 0.19; change in circumstances 0.18; unreported source of income 0.17",0.440860215053763,0.985294117647059,0.591397849462366,0.494623655913978
