"rank","role","rule","hh","pool","engines","mined_frames","n_flagged_train","precision_train","precision_train_lcb","dollars_per_flag_train","mm_share_flags","mm_share_errors","mm_inflation","n_flagged_state","n_new_at_rank","n_error_cases_national","element_groups_to_75","nature_groups_to_75","found_in_case_record","share_overissuance","timing_at_certification","cause_agency"
1,"core","bbce_state_i >= 1 & gross_by_hh_size > 580 & unc_rawben_rel_max > 0.999 & unc_rawben_rel_max <= 1","2-3","national","ranger","any_error",48,0.8125,0.6526,216.88,0,0,0,1,1,39,"shelter deduction 0.48; medical deduction 0.20; dep care or child support deduction 0.17","wrong include/exclude decision 0.41; wrong amount, known item 0.41",0.351851851851852,1,0.796296296296296,0.611111111111111
2,"core","elderly_disabled_i >= 1 & months_since_cert_n <= 7.5 & rawben_rel_max > 0.999 & unc_rawben_rel_max <= 1","2-3","national","ranger","any_error",79,0.6835,0.5534,145.25,0,0,0,2,2,54,"shelter deduction 0.56; medical deduction 0.12; unearned income 0.12","wrong include/exclude decision 0.50; wrong amount, known item 0.30",0.225,0.981481481481482,0.775,0.4625
3,"core","elderly_disabled_i >= 1 & rawben_rel_max >= 1 & shelter_expenses_by_hh_size < 848 & unc_rawben_rel_max < 1.02","1","national","xgboost","any_error",376,0.609,0.5494,101.59,0,0,0,3,3,229,"unearned income 0.63; shelter deduction 0.16","wrong include/exclude decision 0.56; unreported source of income 0.15; wrong amount, known item 0.14",0.5,0.995633187772926,0.468553459119497,0.686520376175549
4,"core","medical_deductions >= 199 & rawben_rel_max >= 0.956 & shelter_expenses_by_hh_size >= 325 & unc_rawben_rel_max < 1.03","1","national","xgboost","any_error",124,0.6048,0.5004,96.98,0,0,0,1,1,75,"medical deduction 0.60; shelter deduction 0.19","wrong include/exclude decision 0.66; wrong amount, known item 0.17",0.482142857142857,1,0.616071428571429,0.6875
5,"core","gross_by_hh_size >= 965 & rawben_rel_max >= 0.484 & shelter_expenses_by_hh_size >= 1120 & utilities_sua < 1","1","national","xgboost","any_error",110,0.6091,0.4982,111.19,0.0364,0.0299,0.0182,1,1,67,"shelter deduction 0.44; utility allowance 0.32","wrong include/exclude decision 0.59; wrong amount, known item 0.14; change in circumstances 0.13",0.221311475409836,0.985074626865672,0.573770491803279,0.467213114754098
6,"core","elderly_disabled_i >= 1 & rawben_rel_max > 0.804 & shelter_expenses_by_hh_size > 940 & utilities_sua <= 0.5","1","national","ranger","any_error",123,0.6016,0.4968,110.8,0.0163,0,0,1,1,74,"shelter deduction 0.44; utility allowance 0.34","wrong include/exclude decision 0.63; wrong amount, known item 0.14",0.264285714285714,0.986486486486487,0.585714285714286,0.45
7,"core","rawben_rel_max >= 1 & shelter_expenses_by_hh_size < 848 & unc_rawben_rel_max < 1.02 & unearned_by_hh_size >= 231","1","national","xgboost","any_error",428,0.5514,0.4952,94.06,0,0,0,3,2,236,"unearned income 0.64; shelter deduction 0.16","wrong include/exclude decision 0.55; unreported source of income 0.17; wrong amount, known item 0.14",0.48159509202454,0.995762711864407,0.493865030674847,0.666666666666667
8,"core","total_deductions_by_hh_size > 363 & unc_rawben_rel_max > 0.998 & unc_rawben_rel_max <= 1.03 & utilities_sua <= 0.5","1","national","ranger","any_error",176,0.5795,0.4919,99.62,0,0,0,2,1,102,"unearned income 0.37; shelter deduction 0.30; utility allowance 0.21","wrong include/exclude decision 0.63; wrong amount, known item 0.14",0.447204968944099,1,0.552795031055901,0.596273291925466
9,"core","medical_deductions >= 366 & rawben_rel_max >= 0.718","2-3","national","xgboost","any_error",31,0.6774,0.4689,158.71,0,0,0,1,1,21,"medical deduction 0.49; shelter deduction 0.26; unearned income 0.15","wrong include/exclude decision 0.64; wrong amount, known item 0.13",0.461538461538462,0.952380952380952,0.58974358974359,0.717948717948718
10,"core","rawben_rel_max > 0.997 & unc_rawben_rel_max <= 1.02 & unearned_by_hh_size > 486 & unearned_by_hh_size <= 914","1","national","ranger","any_error",477,0.5199,0.4668,82.86,0,0,0,2,1,248,"unearned income 0.70; shelter deduction 0.20","wrong include/exclude decision 0.50; wrong amount, known item 0.18; unreported source of income 0.18",0.473214285714286,0.995967741935484,0.452380952380952,0.636094674556213
11,"core","rawben_rel_max > 0.998 & shelter_expenses_by_hh_size <= 846 & unc_rawben_rel_max <= 1.03 & utilities_sua > 1.5","1","national","ranger","any_error",255,0.5255,0.453,86.38,0,0,0,2,1,134,"unearned income 0.62; shelter deduction 0.18","wrong include/exclude decision 0.50; wrong amount, known item 0.17; unreported source of income 0.16",0.494791666666667,1,0.453125,0.683937823834197
12,"core","months_since_cert_n < 7 & rawben_rel_max >= 1 & unc_rawben_rel_max < 1.02 & unearned_by_hh_size >= 1430","1","national","xgboost","any_error",40,0.625,0.4423,123.28,0,0,0,1,1,25,"shelter deduction 0.44; medical deduction 0.41","wrong include/exclude decision 0.69; wrong amount, known item 0.18",0.461538461538462,1,0.82051282051282,0.615384615384615
13,"core","elderly_disabled_i >= 1 & total_deductions_by_hh_size < 977 & unc_rawben_rel_max >= 1.01 & unc_rawben_rel_max < 1.02","1","national","xgboost","any_error",277,0.509,0.4397,77.88,0,0,0,1,1,141,"unearned income 0.72; shelter deduction 0.16","wrong include/exclude decision 0.50; wrong amount, known item 0.22; unreported source of income 0.13",0.504807692307692,1,0.399038461538462,0.706730769230769
14,"core","earned_by_hh_size >= 678 & gross_by_hh_size < 1030 & months_since_cert_n >= 5 & unc_rawben_rel_max >= 1.34","1","national","xgboost","any_error",112,0.5357,0.427,122.03,0,0,0,1,1,60,"earned income 0.65; other element 0.18","unreported source of income 0.31; change in circumstances 0.25; wrong include/exclude decision 0.16; limits and thresholds 0.11",0.237113402061856,1,0.134020618556701,0.216494845360825
15,"core","elderly_disabled_i >= 1 & total_deductions_by_hh_size < 762 & unc_rawben_rel_max >= 1.01 & unearned_by_hh_size >= 622","1","national","xgboost","any_error",104,0.5385,0.4257,86.26,0,0,0,1,1,56,"unearned income 0.69; shelter deduction 0.17","wrong include/exclude decision 0.47; wrong amount, known item 0.20; unreported source of income 0.14",0.511627906976744,0.982142857142857,0.406976744186047,0.697674418604651
16,"core","gross_by_hh_size > 294 & unc_rawben_rel_max > 1 & unc_rawben_rel_max <= 1.03 & unearned_by_hh_size <= 916","1","national","ranger","any_error",576,0.4705,0.4226,81.56,0,0,0,5,3,271,"unearned income 0.77","wrong include/exclude decision 0.48; unreported source of income 0.20; wrong amount, known item 0.18",0.478260869565217,0.996309963099631,0.4375,0.645945945945946
17,"core","count_divisible_by_100 < 1 & earned_by_hh_size >= 142 & unc_rawben_rel_max >= 1.08 & unc_rawben_rel_max < 1.1","4+","national","xgboost","any_error",124,0.5242,0.4211,171.98,0,0,0,2,2,65,"earned income 0.72; shelter deduction 0.10","unreported source of income 0.33; wrong include/exclude decision 0.22; wrong amount, known item 0.19; change in circumstances 0.10",0.444444444444444,0.984615384615385,0.655555555555556,0.5
18,"core","months_since_cert_n < 16 & rawben_rel_max >= 1 & total_deductions_by_hh_size >= 1320 & unc_rawben_rel_max < 1.02","1","national","xgboost","any_error",129,0.5194,0.4184,95.21,0,0,0,3,2,67,"shelter deduction 0.43; medical deduction 0.33","wrong include/exclude decision 0.64; wrong amount, known item 0.19",0.454545454545455,1,0.777777777777778,0.606060606060606
19,"core","medical_deductions > 148 & rawben_rel_max > 0.967 & unc_rawben_rel_max <= 1.03","1","national","ranger","any_error",244,0.4918,0.4183,80.18,0.0164,0.025,0.0123,1,1,120,"medical deduction 0.48; shelter deduction 0.22; unearned income 0.20","wrong include/exclude decision 0.66; wrong amount, known item 0.16",0.489010989010989,1,0.637362637362637,0.708791208791209
20,"core","gross_by_hh_size >= 822 & rawben_rel_max >= 0.639 & unearned_by_hh_size >= 168 & unearned_by_hh_size < 602","2-3","national","xgboost","any_error",51,0.5686,0.4085,129.88,0.0196,0.0345,0.0196,1,1,29,"earned income 0.34; unearned income 0.25; shelter deduction 0.23","wrong amount, known item 0.34; wrong include/exclude decision 0.23; unreported source of income 0.18",0.25,0.793103448275862,0.545454545454545,0.409090909090909
21,"core","gross_by_hh_size > 365 & gross_by_hh_size <= 382 & total_deductions_by_hh_size > 549 & unc_rawben_rel_max > 1","2-3","national","ranger","any_error",132,0.5076,0.4081,161.98,0,0,0,1,1,67,"earned income 0.84","change in circumstances 0.30; unreported source of income 0.29; wrong amount, known item 0.21",0.186046511627907,1,0.430232558139535,0.406976744186047
22,"core","earned_by_hh_size > 678 & elderly_disabled_i <= 0 & unc_rawben_rel_max > 1.34","1","national","ranger","any_error",172,0.4942,0.4071,108.7,0,0,0,4,4,85,"earned income 0.64; other element 0.12","unreported source of income 0.28; wrong include/exclude decision 0.22; change in circumstances 0.18; wrong amount, known item 0.14",0.27536231884058,1,0.36231884057971,0.311594202898551
23,"core","earned_by_hh_size <= 199 & total_deductions_by_hh_size > 274 & unc_rawben_rel_max <= 1.11 & unearned_by_hh_size <= 27.1","4+","national","ranger","any_error",87,0.5287,0.4063,173,0,0,0,2,2,46,"earned income 0.71; utility allowance 0.08","unreported source of income 0.35; wrong include/exclude decision 0.23; wrong amount, known item 0.20",0.409090909090909,0.956521739130435,0.621212121212121,0.46969696969697
24,"core","earned_by_hh_size > 410 & earned_by_hh_size <= 702 & months_since_cert_n > 5.5 & total_deductions_by_hh_size > 1080","1","national","ranger","any_error",189,0.4868,0.4038,104.42,0,0,0,1,1,92,"earned income 0.63; other element 0.15","unreported source of income 0.27; change in circumstances 0.26; wrong include/exclude decision 0.15; wrong amount, known item 0.13",0.268965517241379,0.978260869565217,0.206896551724138,0.303448275862069
25,"core","HH_size_n >= 5 & rawben_rel_max < 0.801 & shelter_expenses_by_hh_size < 498 & total_deductions_by_hh_size >= 401","4+","national","xgboost","any_error",58,0.5517,0.402,99.64,0,0,0,2,2,32,"dep care or child support deduction 0.33; earned income 0.29; shelter deduction 0.21","wrong include/exclude decision 0.44; wrong amount, known item 0.38",0.557692307692308,0.78125,0.788461538461538,0.596153846153846
26,"core","HH_size_n >= 5 & shelter_expenses_by_hh_size < 300 & total_deductions_by_hh_size >= 341","4+","national","xgboost","any_error",58,0.5517,0.402,127.34,0.0172,0.0312,0.0172,3,2,32,"dep care or child support deduction 0.33; earned income 0.26; shelter deduction 0.16; unearned income 0.12","wrong include/exclude decision 0.40; wrong amount, known item 0.29; unreported source of income 0.10",0.482758620689655,0.875,0.775862068965517,0.517241379310345
27,"core","homeless >= 1 & shelter_expenses_by_hh_size >= 1100 & unc_rawben_rel_max >= 0.488 & unc_rawben_rel_max < 1.09","1","national","xgboost","any_error",52,0.5577,0.3997,79.77,0,0,0,1,1,29,"shelter deduction 0.57; utility allowance 0.32","wrong include/exclude decision 0.70; change in circumstances 0.19",0.243243243243243,1,0.432432432432432,0.513513513513513
28,"core","earned_by_hh_size >= 669 & gross_by_hh_size < 704 & unc_rawben_rel_max >= 1.11","1","national","xgboost","any_error",247,0.4696,0.3972,101.02,0,0,0,1,1,116,"earned income 0.67; shelter deduction 0.12","unreported source of income 0.29; change in circumstances 0.20; wrong amount, known item 0.19; wrong include/exclude decision 0.18",0.248587570621469,0.991379310344828,0.389830508474576,0.282485875706215
29,"core","earned_by_hh_size > 358 & total_deductions_by_hh_size > 547 & total_deductions_by_hh_size <= 553 & unc_rawben_rel_max > 1","2-3","national","ranger","any_error",149,0.4899,0.3967,151.46,0,0,0,2,1,73,"earned income 0.82","change in circumstances 0.28; unreported source of income 0.27; wrong amount, known item 0.23",0.210526315789474,0.986301369863014,0.452631578947368,0.452631578947368
30,"core","elderly_disabled_i >= 1 & rawben_rel_max >= 0.936 & shelter_expenses_by_hh_size < 983 & unc_rawben_rel_max < 1.02","1","national","xgboost","any_error",745,0.4362,0.3946,67.84,0.004,0.0031,0.0013,6,3,325,"unearned income 0.57; shelter deduction 0.17; medical deduction 0.14","wrong include/exclude decision 0.56; wrong amount, known item 0.17; unreported source of income 0.13",0.483370288248337,0.984615384615385,0.490022172949002,0.685840707964602
31,"core","gross_by_hh_size < 693 & shelter_expenses_by_hh_size >= 1600 & unc_rawben_rel_max < 1.34","1","national","xgboost","any_error",34,0.5882,0.3934,131,0,0,0,1,1,20,"earned income 0.78","wrong amount, known item 0.30; unreported source of income 0.26; change in circumstances 0.22",0.260869565217391,0.9,0.478260869565217,0.434782608695652
32,"core","gross_by_hh_size <= 206 & HH_size_n <= 4.5 & total_deductions_by_hh_size > 268 & unc_rawben_rel_max <= 1.09","4+","national","ranger","any_error",83,0.5181,0.3934,174.08,0,0,0,1,1,43,"earned income 0.74; shelter deduction 0.08","unreported source of income 0.38; wrong include/exclude decision 0.23; wrong amount, known item 0.18",0.409836065573771,1,0.622950819672131,0.459016393442623
33,"core","earned_by_hh_size > 410 & earned_by_hh_size <= 702 & months_since_cert_n > 4.5 & total_deductions_by_hh_size > 1080","1","national","ranger","any_error",230,0.4609,0.3862,97.74,0,0,0,2,1,106,"earned income 0.62; other element 0.16","change in circumstances 0.27; unreported source of income 0.26; wrong include/exclude decision 0.14; wrong amount, known item 0.13",0.253012048192771,0.962264150943396,0.210843373493976,0.295180722891566
34,"core","earned_by_hh_size > 424 & earned_by_hh_size <= 702 & total_deductions_by_hh_size > 1080 & unearned_by_hh_size <= 1.5","1","national","ranger","any_error",288,0.4514,0.3847,96.49,0,0,0,1,1,130,"earned income 0.66; other element 0.13","unreported source of income 0.29; change in circumstances 0.21; wrong amount, known item 0.18; wrong include/exclude decision 0.17",0.256281407035176,0.984615384615385,0.361809045226131,0.28643216080402
35,"core","earned_by_hh_size < 1220 & medical_deductions >= 202 & rawben_rel_max >= 0.693","2-3","national","xgboost","any_error",78,0.5128,0.3847,106.5,0,0,0,2,1,40,"medical deduction 0.47; shelter deduction 0.23; unearned income 0.20","wrong include/exclude decision 0.64; wrong amount, known item 0.19",0.5,0.95,0.5625,0.6875
36,"core","shelter_expenses_by_hh_size >= 388 & unc_rawben_rel_max >= 1.08 & unc_rawben_rel_max < 1.1","4+","national","xgboost","any_error",41,0.561,0.3843,152.66,0,0,0,1,1,23,"earned income 0.73; unearned income 0.09","unreported source of income 0.36; wrong include/exclude decision 0.18; wrong amount, known item 0.15; change in circumstances 0.12",0.454545454545455,1,0.636363636363636,0.515151515151515
37,"core","bbce_state_i >= 1 & earned_by_hh_size <= 702 & elderly_disabled_i <= 0 & total_deductions_by_hh_size > 1080","1","national","ranger","any_error",275,0.4473,0.3792,96.03,0,0,0,1,1,123,"earned income 0.65; other element 0.13","unreported source of income 0.29; change in circumstances 0.20; wrong amount, known item 0.17; wrong include/exclude decision 0.17",0.240837696335079,0.991869918699187,0.37696335078534,0.277486910994764
38,"core","shelter_expenses_by_hh_size >= 274 & unc_rawben_rel_max >= 1.06 & unc_rawben_rel_max < 1.09 & unearned_by_hh_size < 26.3","4+","national","xgboost","any_error",116,0.4828,0.378,157.22,0,0,0,7,4,56,"earned income 0.72; other element 0.09","unreported source of income 0.29; wrong include/exclude decision 0.23; wrong amount, known item 0.20; change in circumstances 0.13",0.443037974683544,0.964285714285714,0.658227848101266,0.506329113924051
39,"core","earned_by_hh_size >= 652 & total_deductions_by_hh_size >= 365 & total_deductions_by_hh_size < 1150 & unc_rawben_rel_max >= 1.32","1","national","xgboost","any_error",270,0.4407,0.3723,94.39,0,0,0,2,1,119,"earned income 0.65; other element 0.12","unreported source of income 0.29; change in circumstances 0.19; wrong amount, known item 0.18; wrong include/exclude decision 0.18",0.248648648648649,0.983193277310924,0.383783783783784,0.286486486486487
40,"core","bbce_state_i >= 1 & earned_by_hh_size >= 254 & gross_by_hh_size < 261 & months_since_cert_n < 13","2-3","national","xgboost","any_error",67,0.5075,0.3702,129.03,0,0,0,2,2,34,"earned income 0.71; shelter deduction 0.19","wrong include/exclude decision 0.29; wrong amount, known item 0.27; unreported source of income 0.23",0.333333333333333,0.970588235294118,0.520833333333333,0.5
41,"core","earned_by_hh_size >= 248 & earned_by_hh_size < 259 & months_since_cert_n < 10 & unearned_by_hh_size < 3.5","2-3","national","xgboost","any_error",128,0.4688,0.3695,145.51,0,0,0,4,3,60,"earned income 0.74; shelter deduction 0.15","wrong amount, known item 0.31; wrong include/exclude decision 0.25; unreported source of income 0.20",0.320987654320988,0.983333333333333,0.518518518518518,0.506172839506173
42,"core","married >= 1 & percent_abawd <= 0.167 & rawben_rel_max > 0.998 & unc_rawben_rel_max <= 1","2-3","national","ranger","any_error",47,0.5319,0.3683,127.85,0,0,0,1,1,25,"shelter deduction 0.56; medical deduction 0.18; utility allowance 0.09","wrong include/exclude decision 0.47; wrong amount, known item 0.41",0.588235294117647,0.92,0.764705882352941,0.794117647058823
43,"core","earned_by_hh_size > 186 & expedited_i >= 1 & unearned_by_hh_size > 271","2-3","national","ranger","any_error",56,0.5179,0.368,107,0.0179,0.0345,0.0179,1,1,29,"earned income 0.47; shelter deduction 0.19; unearned income 0.17","wrong amount, known item 0.23; unreported source of income 0.23; wrong include/exclude decision 0.17; change in circumstances 0.11; household composition 0.09",0.391304347826087,0.586206896551724,0.456521739130435,0.574468085106383
44,"core","children_i >= 1 & count_divisible_by_100 <= 0.5 & elderly_disabled_i >= 1 & percent_abawd <= 0.5","1","national","ranger","any_error",34,0.5588,0.3666,112.35,0.0294,0.0526,0.0294,2,1,19,"other element 0.65; shelter deduction 0.12","household composition 0.65; wrong include/exclude decision 0.19",0.615384615384615,0.210526315789474,0.653846153846154,0.653846153846154
45,"core","medical_deductions >= 242 & rawben_rel_max >= 0.607","2-3","national","xgboost","any_error",85,0.4824,0.3612,97.81,0,0,0,2,1,41,"medical deduction 0.48; unearned income 0.22; shelter deduction 0.21","wrong include/exclude decision 0.63; wrong amount, known item 0.18",0.522388059701492,0.951219512195122,0.582089552238806,0.761194029850746
46,"core","rawben_rel_max > 0.961 & total_deductions_by_hh_size > 277 & total_deductions_by_hh_size <= 282","4+","national","ranger","any_error",97,0.4742,0.3608,151.34,0,0,0,2,2,46,"earned income 0.73; shelter deduction 0.08","unreported source of income 0.37; wrong include/exclude decision 0.22; wrong amount, known item 0.17",0.349206349206349,1,0.619047619047619,0.476190476190476
47,"core","HH_size_n < 5 & rawben_rel_max >= 0.785 & rawben_rel_max < 0.789","4+","national","xgboost","any_error",39,0.5385,0.3597,118.31,0,0,0,1,1,21,"earned income 0.58; shelter deduction 0.10; unearned income 0.10","wrong amount, known item 0.39; wrong include/exclude decision 0.16; change in circumstances 0.16; unreported source of income 0.13",0.333333333333333,0.666666666666667,0.466666666666667,0.419354838709677
48,"core","HH_size_n <= 2.5 & unc_rawben_rel_max > 0.16 & unc_rawben_rel_max <= 1 & unearned_by_hh_size > 1230","2-3","national","ranger","any_error",132,0.4545,0.3575,67.47,0.0076,0.0167,0.0076,2,2,60,"shelter deduction 0.37; medical deduction 0.30; unearned income 0.22","wrong include/exclude decision 0.47; wrong amount, known item 0.19; unreported source of income 0.12",0.393258426966292,0.916666666666667,0.696629213483146,0.573033707865168
49,"core","earned_by_hh_size >= 560 & expedited_i >= 1 & rawben_rel_max >= 0.324 & unc_rawben_rel_max >= 1.41","1","national","xgboost","any_error",46,0.5217,0.3574,121.93,0,0,0,2,2,24,"earned income 0.71; shelter deduction 0.14","change in circumstances 0.31; unreported source of income 0.29; other 0.17",0.294117647058824,1,0.235294117647059,0.285714285714286
50,"core","HH_size_n > 5.5 & rawben_rel_max <= 0.976 & shelter_expenses_by_hh_size <= 454 & total_deductions_by_hh_size > 340","4+","national","ranger","any_error",37,0.5405,0.3573,148.08,0.027,0.05,0.027,2,1,20,"earned income 0.37; shelter deduction 0.23; dep care or child support deduction 0.23","wrong include/exclude decision 0.40; wrong amount, known item 0.20; method or computation 0.17",0.566666666666667,0.6,0.733333333333333,0.633333333333333
51,"core","HH_size_n >= 3 & total_deductions_by_hh_size >= 670 & unearned_by_hh_size >= 31.5","2-3","national","xgboost","any_error",74,0.4865,0.3569,132.07,0,0,0,1,1,36,"unearned income 0.26; dep care or child support deduction 0.23; earned income 0.22; shelter deduction 0.18","wrong include/exclude decision 0.32; wrong amount, known item 0.23; unreported source of income 0.16; other 0.14",0.219178082191781,0.833333333333333,0.589041095890411,0.424657534246575
52,"core","earned_by_hh_size > 94.8 & gross_by_hh_size <= 463 & total_deductions_by_hh_size > 307 & unearned_by_hh_size > 20.6","4+","national","ranger","any_error",60,0.5,0.3562,137.47,0.0167,0.0333,0.0167,2,2,30,"earned income 0.40; unearned income 0.19; other element 0.13; shelter deduction 0.12","wrong amount, known item 0.27; wrong include/exclude decision 0.23; unreported source of income 0.13; other 0.12",0.48,0.833333333333333,0.5,0.5
53,"core","gross_by_hh_size >= 1090 & rawben_rel_max >= 0.636 & unc_rawben_rel_max < 1.2","2-3","national","xgboost","any_error",97,0.4639,0.3512,110.62,0.0103,0.0222,0.0103,1,1,45,"shelter deduction 0.31; earned income 0.26; medical deduction 0.15; dep care or child support deduction 0.13","wrong include/exclude decision 0.46; wrong amount, known item 0.28; unreported source of income 0.11",0.39344262295082,0.866666666666667,0.754098360655738,0.557377049180328
54,"core","bbce_state_i >= 1 & HH_size_n > 5.5 & total_deductions_by_hh_size > 242 & unearned_by_hh_size > 0.25","4+","national","ranger","any_error",162,0.4383,0.351,122.86,0.0123,0.0282,0.0123,11,7,71,"earned income 0.32; unearned income 0.24; shelter deduction 0.18; dep care or child support deduction 0.12","wrong amount, known item 0.31; wrong include/exclude decision 0.25; unreported source of income 0.14; method or computation 0.08",0.346456692913386,0.732394366197183,0.559055118110236,0.52755905511811
55,"core","elderly_disabled_i >= 1 & months_since_cert_n < 30 & rawben_rel_max >= 1 & unc_rawben_rel_max < 1.02","1","national","xgboost","any_error",1548,0.3792,0.351,58.42,0,0,0,19,10,587,"unearned income 0.40; shelter deduction 0.36","wrong include/exclude decision 0.55; wrong amount, known item 0.19; unreported source of income 0.10",0.42398022249691,0.996592844974446,0.521631644004944,0.603448275862069
56,"core","earned_by_hh_size > 392 & earned_by_hh_size <= 702 & elderly_disabled_i <= 0 & total_deductions_by_hh_size > 1070","1","national","ranger","any_error",313,0.4121,0.3495,87.39,0,0,0,2,2,129,"earned income 0.66; other element 0.13","unreported source of income 0.28; change in circumstances 0.21; wrong amount, known item 0.18; wrong include/exclude decision 0.17",0.257575757575758,0.984496124031008,0.388888888888889,0.297979797979798
57,"core","gross_by_hh_size >= 1060 & rawben_rel_max >= 0.312 & shelter_expenses_by_hh_size >= 919 & utilities_sua < 1","1","national","xgboost","any_error",180,0.4278,0.3453,71.37,0.0278,0.039,0.0167,2,1,77,"shelter deduction 0.43; utility allowance 0.33","wrong include/exclude decision 0.57; wrong amount, known item 0.16; change in circumstances 0.12",0.217687074829932,0.961038961038961,0.625850340136054,0.448979591836735
58,"core","bbce_state_i >= 1 & gross_by_hh_size >= 351 & total_deductions_by_hh_size < 552 & unc_rawben_rel_max >= 1.11","2-3","national","xgboost","any_error",162,0.4321,0.3452,137.6,0,0,0,6,5,70,"earned income 0.62; unearned income 0.15","wrong amount, known item 0.26; change in circumstances 0.25; unreported source of income 0.22; wrong include/exclude decision 0.20",0.303921568627451,0.985714285714286,0.490196078431373,0.509803921568627
59,"core","earned_by_hh_size > 42.2 & HH_size_n > 5.5 & married <= 0 & unearned_by_hh_size > 234","4+","national","ranger","any_error",74,0.473,0.3445,149.27,0.0135,0.0286,0.0135,2,2,35,"earned income 0.35; unearned income 0.33; other element 0.15","wrong amount, known item 0.39; wrong include/exclude decision 0.18; unreported source of income 0.17; household composition 0.15",0.348484848484849,0.485714285714286,0.757575757575758,0.575757575757576
60,"core","gross_by_hh_size >= 937 & HH_size_n < 6 & rawben_rel_max >= 0.427","4+","national","xgboost","any_error",36,0.5278,0.3437,117.25,0,0,0,1,1,19,"dep care or child support deduction 0.38; earned income 0.26; unearned income 0.21","wrong amount, known item 0.41; wrong include/exclude decision 0.31; other 0.08",0.487179487179487,0.736842105263158,0.794871794871795,0.564102564102564
61,"core","medical_deductions >= 148 & rawben_rel_max >= 0.205 & total_deductions_by_hh_size >= 680","2-3","national","xgboost","any_error",168,0.4286,0.3434,79.38,0.006,0.0139,0.006,2,1,72,"medical deduction 0.35; shelter deduction 0.31; unearned income 0.23","wrong include/exclude decision 0.53; wrong amount, known item 0.24",0.424778761061947,0.972222222222222,0.63716814159292,0.601769911504425
62,"core","gross_by_hh_size >= 360 & total_deductions_by_hh_size < 691 & unc_rawben_rel_max >= 1.16 & unc_rawben_rel_max < 1.22","2-3","national","xgboost","any_error",187,0.4225,0.3418,126.81,0,0,0,2,1,79,"earned income 0.58; unearned income 0.23","wrong include/exclude decision 0.27; wrong amount, known item 0.25; unreported source of income 0.23",0.297297297297297,0.987341772151899,0.567567567567568,0.522522522522523
63,"core","shelter_expenses_by_hh_size > 660 & total_deductions_by_hh_size > 816 & unc_rawben_rel_max <= 1","2-3","national","ranger","any_error",277,0.4079,0.3417,77.82,0.0181,0.0442,0.0181,2,1,113,"shelter deduction 0.26; earned income 0.21; unearned income 0.17; dep care or child support deduction 0.13","wrong include/exclude decision 0.36; wrong amount, known item 0.33; unreported source of income 0.11",0.354166666666667,0.893805309734513,0.588541666666667,0.541666666666667
64,"core","children_i <= 0 & earned_by_hh_size > 285 & gross_by_hh_size <= 702 & total_deductions_by_hh_size > 1090","1","national","ranger","any_error",169,0.426,0.3412,93.61,0,0,0,2,1,72,"earned income 0.69; shelter deduction 0.11","unreported source of income 0.30; change in circumstances 0.22; wrong amount, known item 0.18; wrong include/exclude decision 0.18",0.299065420560748,1,0.327102803738318,0.261682242990654
65,"core","total_deductions_by_hh_size > 1080 & total_deductions_by_hh_size <= 1090 & unc_rawben_rel_max <= 1.36 & unearned_by_hh_size <= 206","1","national","ranger","any_error",115,0.4435,0.3407,92.6,0.0087,0.0196,0.0087,4,4,51,"earned income 0.63; shelter deduction 0.14","unreported source of income 0.27; change in circumstances 0.20; wrong amount, known item 0.19; wrong include/exclude decision 0.16",0.227848101265823,0.96078431372549,0.443037974683544,0.329113924050633
66,"core","gross_by_hh_size >= 199 & rawben_rel_max >= 0.124 & total_deductions_by_hh_size >= 634 & unearned_by_hh_size >= 1100","2-3","national","xgboost","any_error",167,0.4251,0.3399,71.22,0.006,0.0141,0.006,1,1,71,"shelter deduction 0.40; medical deduction 0.28; unearned income 0.23","wrong include/exclude decision 0.50; wrong amount, known item 0.24; unreported source of income 0.12",0.376237623762376,0.915492957746479,0.683168316831683,0.574257425742574
67,"core","HH_size_n >= 5 & shelter_expenses_by_hh_size < 463 & total_deductions_by_hh_size >= 335 & unc_rawben_rel_max < 1","4+","national","xgboost","any_error",188,0.4202,0.3399,89.27,0.0106,0.0253,0.0106,12,7,79,"earned income 0.31; dep care or child support deduction 0.28; shelter deduction 0.19","wrong include/exclude decision 0.37; wrong amount, known item 0.31; unreported source of income 0.11",0.458015267175573,0.759493670886076,0.717557251908397,0.603053435114504
68,"core","gross_by_hh_size > 143 & unc_rawben_rel_max > 1.08 & unearned_by_hh_size <= 26.2","4+","national","ranger","any_error",199,0.4121,0.3343,136.48,0,0,0,6,3,82,"earned income 0.74; shelter deduction 0.08","unreported source of income 0.32; wrong amount, known item 0.23; wrong include/exclude decision 0.17; change in circumstances 0.10",0.427272727272727,0.963414634146341,0.645454545454546,0.472727272727273
69,"core","earned_by_hh_size <= 118 & rawben_rel_max > 0.97 & total_deductions_by_hh_size > 486 & unc_rawben_rel_max <= 1","2-3","national","ranger","any_error",125,0.432,0.3339,97.19,0.016,0.037,0.016,5,3,54,"shelter deduction 0.51; medical deduction 0.16; utility allowance 0.10","wrong include/exclude decision 0.43; wrong amount, known item 0.38",0.337662337662338,0.962962962962963,0.727272727272727,0.61038961038961
70,"core","earned_by_hh_size >= 87.4 & earned_by_hh_size < 176 & gross_by_hh_size < 496 & rawben_rel_max < 0.876","4+","national","xgboost","any_error",186,0.414,0.3336,81.09,0.0054,0.013,0.0054,6,6,77,"earned income 0.40; unearned income 0.24; shelter deduction 0.15","wrong amount, known item 0.37; wrong include/exclude decision 0.22; unreported source of income 0.11; household composition 0.10",0.553846153846154,0.623376623376623,0.561538461538462,0.653846153846154
71,"core","months_since_cert_n >= 4 & shelter_expenses_by_hh_size >= 915 & unc_rawben_rel_max >= 0.622 & utilities_sua < 1","1","national","xgboost","any_error",192,0.4115,0.3324,73.57,0.0208,0.0127,0.0052,2,1,79,"shelter deduction 0.45; utility allowance 0.34","wrong include/exclude decision 0.56; change in circumstances 0.18; wrong amount, known item 0.12",0.267123287671233,0.949367088607595,0.506849315068493,0.417808219178082
72,"core","gross_by_hh_size >= 286 & medical_deductions < 1 & months_since_cert_n >= 9 & rawben_rel_max >= 0.757","4+","national","xgboost","any_error",337,0.3917,0.332,94.33,0.0119,0.0303,0.0119,1,1,132,"earned income 0.41; shelter deduction 0.17; unearned income 0.17","wrong amount, known item 0.30; wrong include/exclude decision 0.19; change in circumstances 0.17; unreported source of income 0.08; other 0.08",0.450495049504951,0.742424242424242,0.386138613861386,0.565853658536585
73,"core","married >= 1 & percent_abawd <= 0.583 & total_deductions_by_hh_size > 690 & unc_rawben_rel_max <= 1","2-3","national","ranger","any_error",291,0.3952,0.331,75.98,0.0172,0.0435,0.0172,1,1,115,"shelter deduction 0.31; medical deduction 0.19; unearned income 0.19; earned income 0.17","wrong include/exclude decision 0.38; wrong amount, known item 0.24; unreported source of income 0.15",0.362694300518135,0.91304347826087,0.590673575129534,0.49740932642487
74,"core","HH_size_n >= 5 & months_since_cert_n < 7 & shelter_expenses_by_hh_size < 348 & total_deductions_by_hh_size >= 286","4+","national","xgboost","any_error",185,0.4108,0.3304,96.52,0.0108,0.0263,0.0108,11,6,76,"earned income 0.31; dep care or child support deduction 0.29; shelter deduction 0.15","wrong include/exclude decision 0.38; wrong amount, known item 0.33; method or computation 0.08",0.508474576271186,0.789473684210526,0.813559322033898,0.610169491525424
75,"core","earned_by_hh_size >= 81.7 & gross_by_hh_size < 261 & unc_rawben_rel_max >= 1.06 & unc_rawben_rel_max < 1.12","2-3","national","xgboost","any_error",245,0.4,0.3301,111.25,0,0,0,6,3,98,"earned income 0.70; shelter deduction 0.14","wrong amount, known item 0.29; unreported source of income 0.24; wrong include/exclude decision 0.23",0.314285714285714,0.959183673469388,0.528571428571429,0.485714285714286
76,"core","earned_by_hh_size >= 270 & gross_by_hh_size < 438 & HH_size_n >= 5 & unearned_by_hh_size >= 0.2","4+","national","xgboost","any_error",169,0.4142,0.3301,96.22,0.0059,0.0143,0.0059,9,8,70,"earned income 0.46; unearned income 0.24; shelter deduction 0.17","wrong amount, known item 0.38; wrong include/exclude decision 0.21; unreported source of income 0.13; method or computation 0.07",0.358490566037736,0.714285714285714,0.764150943396226,0.598130841121495
77,"core","expedited_i <= 0 & total_deductions_by_hh_size > 989 & utilities_sua <= 0.5","1","national","ranger","any_error",208,0.4038,0.3281,77.96,0.0288,0.0595,0.024,2,1,84,"shelter deduction 0.30; utility allowance 0.25; earned income 0.18; medical deduction 0.12","wrong include/exclude decision 0.55; wrong amount, known item 0.19; change in circumstances 0.10",0.361290322580645,0.976190476190476,0.587096774193548,0.567741935483871
78,"core","elderly_disabled_i <= 0 & gross_by_hh_size > 308 & unc_rawben_rel_max > 0.0787 & unc_rawben_rel_max <= 0.0822","1","national","ranger","any_error",114,0.4298,0.3276,80.79,0,0,0,1,1,49,"unearned income 0.34; earned income 0.33; shelter deduction 0.17","wrong amount, known item 0.39; wrong include/exclude decision 0.27; other 0.14",0.4,0,0.614285714285714,0.714285714285714
79,"core","elderly_disabled_i >= 1 & gross_by_hh_size > 480 & rawben_rel_max > 0.998 & utilities_sua <= 1.5","1","national","ranger","any_error",455,0.378,0.3269,64.04,0,0,0,1,1,172,"shelter deduction 0.30; utility allowance 0.28; unearned income 0.26","wrong include/exclude decision 0.61; wrong amount, known item 0.15",0.40080971659919,0.994186046511628,0.51417004048583,0.550607287449393
80,"core","elderly_disabled_i >= 1 & HH_size_n > 2.5 & shelter_expenses_by_hh_size > 646 & unc_rawben_rel_max <= 1","2-3","national","ranger","any_error",141,0.4184,0.3266,77.54,0,0,0,2,2,59,"unearned income 0.33; shelter deduction 0.31; earned income 0.17","wrong include/exclude decision 0.36; wrong amount, known item 0.29; unreported source of income 0.10",0.348314606741573,0.627118644067797,0.629213483146067,0.51685393258427
81,"core","rawben_rel_max > 0.984 & total_deductions_by_hh_size > 548 & unc_rawben_rel_max <= 1","2-3","national","ranger","any_error",117,0.4274,0.3265,115.01,0.0256,0.02,0.0085,2,1,50,"shelter deduction 0.42; dep care or child support deduction 0.19; medical deduction 0.16","wrong amount, known item 0.42; wrong include/exclude decision 0.39",0.304347826086957,0.98,0.768115942028985,0.594202898550725
82,"core","rawben_rel_max >= 0.107 & unearned_by_hh_size >= 1270","2-3","national","xgboost","any_error",120,0.425,0.3255,54.72,0,0,0,2,1,51,"shelter deduction 0.40; medical deduction 0.29; unearned income 0.23","wrong include/exclude decision 0.49; wrong amount, known item 0.19; unreported source of income 0.10",0.41025641025641,0.882352941176471,0.717948717948718,0.602564102564103
83,"core","rawben_rel_max < 0.76 & shelter_expenses_by_hh_size < 517 & total_deductions_by_hh_size >= 401","4+","national","xgboost","any_error",207,0.401,0.3252,75.57,0.0048,0.012,0.0048,9,7,83,"dep care or child support deduction 0.32; earned income 0.29; shelter deduction 0.19","wrong amount, known item 0.39; wrong include/exclude decision 0.34; other 0.08",0.388157894736842,0.783132530120482,0.703947368421053,0.559210526315789
84,"core","earned_by_hh_size > 59.6 & gross_by_hh_size <= 468 & unc_rawben_rel_max > 1.07 & unc_rawben_rel_max <= 1.1","4+","national","ranger","any_error",246,0.3943,0.3249,132.84,0,0,0,8,4,97,"earned income 0.75","unreported source of income 0.27; wrong amount, known item 0.25; wrong include/exclude decision 0.22; change in circumstances 0.12",0.430769230769231,0.989690721649485,0.638461538461538,0.523076923076923
85,"core","earned_by_hh_size >= 47.4 & gross_by_hh_size >= 712 & gross_by_hh_size < 740 & total_deductions_by_hh_size >= 333","4+","national","xgboost","any_error",73,0.4521,0.3246,83.59,0,0,0,1,1,33,"earned income 0.36; dep care or child support deduction 0.21; unearned income 0.19","wrong amount, known item 0.47; wrong include/exclude decision 0.19; unreported source of income 0.17",0.191489361702128,0.878787878787879,0.574468085106383,0.425531914893617
86,"core","medical_deductions >= 176 & rawben_rel_max >= 0.952 & shelter_expenses_by_hh_size >= 667 & unc_rawben_rel_max < 1.16","1","national","xgboost","any_error",241,0.3942,0.3241,57.83,0.0083,0.0211,0.0083,2,1,95,"medical deduction 0.51; shelter deduction 0.22; unearned income 0.16","wrong include/exclude decision 0.62; wrong amount, known item 0.17",0.496503496503497,0.989473684210526,0.601398601398601,0.692307692307692
87,"core","expedited_i <= 0 & gross_by_hh_size > 352 & rawben_rel_max > 0.997 & utilities_sua <= 0.5","1","national","ranger","any_error",297,0.3872,0.324,73.88,0,0,0,5,3,115,"shelter deduction 0.29; unearned income 0.27; utility allowance 0.18; earned income 0.15","wrong include/exclude decision 0.56; wrong amount, known item 0.15; unreported source of income 0.11",0.46448087431694,1,0.557377049180328,0.584699453551913
88,"core","months_since_cert_n >= 4 & months_since_cert_n < 7 & shelter_expenses_by_hh_size >= 463 & unearned_by_hh_size >= 500","4+","national","xgboost","any_error",38,0.5,0.3235,97.21,0.0263,0.0526,0.0263,1,1,19,"unearned income 0.29; shelter deduction 0.29; other element 0.12; utility allowance 0.12","wrong include/exclude decision 0.46; wrong amount, known item 0.21; method or computation 0.12",0.416666666666667,0.684210526315789,0.75,0.416666666666667
89,"core","HH_size_n > 5.5 & months_since_cert_n > 5.5 & unc_rawben_rel_max > 0.684 & unc_rawben_rel_max <= 0.961","4+","national","ranger","any_error",336,0.381,0.3217,89.09,0.0149,0.0391,0.0149,1,1,128,"earned income 0.43; unearned income 0.19; shelter deduction 0.18","wrong amount, known item 0.34; wrong include/exclude decision 0.18; unreported source of income 0.12; change in circumstances 0.09; other 0.08",0.443850267379679,0.640625,0.475935828877005,0.603174603174603
90,"core","earned_by_hh_size >= 317 & married <= 0 & total_deductions_by_hh_size >= 550 & unc_rawben_rel_max >= 1.14","2-3","national","xgboost","any_error",226,0.3938,0.3215,124.35,0,0,0,2,1,89,"earned income 0.77","wrong amount, known item 0.26; change in circumstances 0.24; unreported source of income 0.23; wrong include/exclude decision 0.18",0.235294117647059,1,0.470588235294118,0.445378151260504
91,"core","shelter_expenses_by_hh_size >= 269 & shelter_expenses_by_hh_size < 309 & total_deductions_by_hh_size >= 341","4+","national","xgboost","any_error",61,0.459,0.3201,102.18,0.0164,0.0357,0.0164,2,1,28,"earned income 0.29; dep care or child support deduction 0.27; shelter deduction 0.18; unearned income 0.14","wrong include/exclude decision 0.37; wrong amount, known item 0.31; unreported source of income 0.08",0.428571428571429,0.785714285714286,0.673469387755102,0.530612244897959
92,"core","rawben_rel_max <= 0.693 & total_deductions_by_hh_size > 689 & unearned_by_hh_size > 59.8","2-3","national","ranger","any_error",261,0.387,0.3198,62.56,0.0115,0.0297,0.0115,1,1,101,"shelter deduction 0.27; unearned income 0.23; earned income 0.20; medical deduction 0.13","wrong include/exclude decision 0.37; wrong amount, known item 0.29; unreported source of income 0.14",0.314606741573034,0.910891089108911,0.561797752808989,0.49438202247191
93,"core","earned_by_hh_size <= 924 & gross_by_hh_size > 958 & homeless >= 1 & shelter_expenses_by_hh_size > 1100","1","national","ranger","any_error",56,0.4643,0.3194,71.07,0,0,0,2,1,26,"shelter deduction 0.56; utility allowance 0.36","wrong include/exclude decision 0.78",0.222222222222222,1,0.5,0.527777777777778
94,"core","medical_deductions > 421 & rawben_rel_max > 0.161 & unc_rawben_rel_max <= 1.01","2-3","national","ranger","any_error",82,0.439,0.3193,73.91,0,0,0,2,1,36,"medical deduction 0.56; unearned income 0.20","wrong include/exclude decision 0.59; wrong amount, known item 0.13; other 0.10",0.491803278688525,0.972222222222222,0.639344262295082,0.688524590163934
95,"core","gross_by_hh_size > 198 & total_deductions_by_hh_size > 1120 & unearned_by_hh_size > 203","2-3","national","ranger","any_error",59,0.4576,0.3168,113.8,0.0169,0.037,0.0169,1,1,27,"shelter deduction 0.34; medical deduction 0.22; earned income 0.20","wrong include/exclude decision 0.37; wrong amount, known item 0.32; method or computation 0.10",0.365853658536585,0.962962962962963,0.731707317073171,0.536585365853659
96,"core","children_i <= 0 & elderly_disabled_i <= 0 & expedited_i >= 1 & rawben_rel_max <= 0.973","2-3","national","ranger","any_error",67,0.4478,0.3157,102.6,0.0597,0.1,0.0448,2,2,30,"other element 0.34; earned income 0.32; unearned income 0.15","household composition 0.28; wrong amount, known item 0.23; wrong include/exclude decision 0.17; unreported source of income 0.11",0.355555555555556,0.7,0.666666666666667,0.468085106382979
97,"core","earned_by_hh_size > 42.6 & earned_by_hh_size <= 367 & HH_size_n > 5.5 & unc_rawben_rel_max <= 0.977","4+","national","ranger","any_error",734,0.3556,0.3157,90.19,0.015,0.0421,0.015,32,25,261,"earned income 0.44; unearned income 0.17; shelter deduction 0.17","wrong amount, known item 0.34; wrong include/exclude decision 0.21; household composition 0.12; unreported source of income 0.12",0.444987775061125,0.60536398467433,0.662591687041565,0.613138686131387
98,"core","earned_by_hh_size > 42.2 & married >= 1 & months_since_cert_n > 5.5 & rawben_rel_max > 0.593","4+","national","ranger","any_error",613,0.3589,0.3152,91.01,0.0131,0.0318,0.0114,4,4,220,"earned income 0.54; shelter deduction 0.16; other element 0.14","wrong amount, known item 0.33; wrong include/exclude decision 0.20; unreported source of income 0.13; household composition 0.11",0.422492401215805,0.709090909090909,0.516717325227964,0.586102719033233
99,"core","earned_by_hh_size <= 166 & elderly_disabled_i >= 1 & rawben_rel_max > 0.994 & unc_rawben_rel_max <= 1","4+","national","ranger","any_error",44,0.4773,0.3145,81.84,0,0,0,3,3,21,"shelter deduction 0.61; other element 0.18","wrong include/exclude decision 0.55; wrong amount, known item 0.15; other 0.12",0.121212121212121,1,0.575757575757576,0.363636363636364
100,"core","gross_by_hh_size >= 1080 & HH_size_n < 3 & rawben_rel_max >= 0.557 & total_deductions_by_hh_size >= 550","2-3","national","xgboost","any_error",152,0.4013,0.3138,85.61,0.0132,0.0328,0.0132,2,1,61,"shelter deduction 0.28; earned income 0.21; medical deduction 0.18; unearned income 0.17","wrong include/exclude decision 0.44; wrong amount, known item 0.28; unreported source of income 0.09",0.426829268292683,0.901639344262295,0.74390243902439,0.609756097560976
101,"core","earned_by_hh_size > 59.7 & total_deductions_by_hh_size <= 84.5 & unearned_by_hh_size > 73.8","4+","national","ranger","any_error",97,0.4227,0.3132,108.08,0.0103,0.0244,0.0103,1,1,41,"earned income 0.42; unearned income 0.25; other element 0.14","wrong amount, known item 0.37; wrong include/exclude decision 0.13; other 0.13; unreported source of income 0.13; household composition 0.10",0.442857142857143,0.439024390243902,0.614285714285714,0.542857142857143
102,"core","earned_by_hh_size <= 126 & total_deductions_by_hh_size > 641 & unc_rawben_rel_max <= 1","2-3","national","ranger","any_error",401,0.3666,0.3127,65.09,0.005,0.0136,0.005,2,1,147,"shelter deduction 0.40; unearned income 0.24; medical deduction 0.23","wrong include/exclude decision 0.49; wrong amount, known item 0.22; unreported source of income 0.11",0.383561643835616,0.91156462585034,0.63013698630137,0.538812785388128
103,"core","bbce_state_i >= 1 & earned_by_hh_size <= 1010 & shelter_expenses_by_hh_size > 1230 & total_deductions_by_hh_size > 538","2-3","national","ranger","any_error",161,0.3975,0.3125,97.8,0.0248,0.0625,0.0248,2,1,64,"shelter deduction 0.37; earned income 0.27; unearned income 0.23","wrong amount, known item 0.37; wrong include/exclude decision 0.33; unreported source of income 0.13",0.365853658536585,0.90625,0.634146341463415,0.609756097560976
104,"core","gross_by_hh_size > 485 & rawben_rel_max > 0.997 & shelter_expenses_by_hh_size <= 840 & unearned_by_hh_size > 206","1","national","ranger","any_error",554,0.3574,0.3116,58.25,0,0,0,10,8,198,"unearned income 0.55; shelter deduction 0.17; medical deduction 0.14","wrong include/exclude decision 0.54; unreported source of income 0.16; wrong amount, known item 0.15",0.49290780141844,0.984848484848485,0.5,0.671378091872792
105,"core","earned_by_hh_size > 122 & months_since_cert_n <= 29.5 & total_deductions_by_hh_size > 798 & unearned_by_hh_size > 99","2-3","national","ranger","any_error",92,0.4239,0.3116,106.22,0,0,0,2,1,39,"earned income 0.41; unearned income 0.21; shelter deduction 0.18","wrong amount, known item 0.42; wrong include/exclude decision 0.21; unreported source of income 0.15",0.257575757575758,0.871794871794872,0.53030303030303,0.378787878787879
106,"core","earned_by_hh_size > 37.1 & months_since_cert_n > 5.5 & unc_rawben_rel_max > 0.39 & unearned_by_hh_size > 306","4+","national","ranger","any_error",60,0.45,0.311,104.85,0,0,0,2,1,27,"earned income 0.41; unearned income 0.23; shelter deduction 0.20","wrong include/exclude decision 0.27; wrong amount, known item 0.27; unreported source of income 0.20",0.454545454545455,0.666666666666667,0.409090909090909,0.454545454545455
107,"core","earned_by_hh_size > 640 & gross_by_hh_size > 158 & gross_by_hh_size <= 702 & unc_rawben_rel_max > 0.313","1","national","ranger","any_error",362,0.3674,0.3108,78.41,0.011,0.0301,0.011,4,3,133,"earned income 0.64; other element 0.14","unreported source of income 0.28; change in circumstances 0.19; wrong amount, known item 0.18; wrong include/exclude decision 0.17",0.272727272727273,0.984962406015038,0.406698564593301,0.30622009569378
108,"core","earned_by_hh_size > 59.8 & gross_by_hh_size > 144 & rawben_rel_max > 0.606 & total_deductions_by_hh_size <= 117","4+","national","ranger","any_error",398,0.3643,0.3104,79.34,0.0101,0.0276,0.0101,6,3,145,"earned income 0.52; unearned income 0.17; other element 0.14","wrong amount, known item 0.38; wrong include/exclude decision 0.20; unreported source of income 0.12; household composition 0.11",0.431192660550459,0.572413793103448,0.651376146788991,0.582568807339449
109,"core","shelter_expenses_by_hh_size < 427 & total_deductions_by_hh_size >= 691 & unc_rawben_rel_max < 1.28","2-3","national","xgboost","any_error",55,0.4545,0.3095,116.71,0.0364,0.04,0.0182,1,1,25,"earned income 0.33; dep care or child support deduction 0.24; shelter deduction 0.17; unearned income 0.10","wrong include/exclude decision 0.31; wrong amount, known item 0.26; other 0.19",0.357142857142857,0.8,0.738095238095238,0.5
110,"core","shelter_expenses_by_hh_size >= 431 & unc_rawben_rel_max < 1 & unearned_by_hh_size >= 146 & unearned_by_hh_size < 242","4+","national","xgboost","any_error",138,0.3986,0.3072,102.79,0.029,0.0545,0.0217,2,1,55,"earned income 0.33; unearned income 0.29; shelter deduction 0.17","wrong amount, known item 0.38; unreported source of income 0.13; wrong include/exclude decision 0.13; method or computation 0.10; change in circumstances 0.09",0.388888888888889,0.727272727272727,0.644444444444444,0.555555555555556
111,"core","gross_by_hh_size >= 1370 & months_since_cert_n < 7 & rawben_rel_max >= 0.281 & shelter_expenses_by_hh_size >= 926","2-3","national","xgboost","any_error",45,0.4667,0.3068,61.09,0,0,0,1,1,21,"unearned income 0.29; shelter deduction 0.23; earned income 0.16; dep care or child support deduction 0.13","wrong include/exclude decision 0.42; wrong amount, known item 0.32; unreported source of income 0.10",0.580645161290323,0.666666666666667,0.709677419354839,0.67741935483871
112,"core","HH_size_n <= 5.5 & total_deductions_by_hh_size > 607 & utilities_sua > 0.5","4+","national","ranger","any_error",67,0.4328,0.3023,113.9,0,0,0,1,1,29,"dep care or child support deduction 0.36; earned income 0.24; shelter deduction 0.15; unearned income 0.13","wrong amount, known item 0.35; wrong include/exclude decision 0.31; unreported source of income 0.11",0.358490566037736,0.931034482758621,0.716981132075472,0.436363636363636
113,"core","bbce_state_i >= 1 & earned_by_hh_size > 87.3 & elderly_disabled_i >= 1 & rawben_rel_max > 0.461","4+","national","ranger","any_error",446,0.352,0.3015,78.36,0.0067,0.0191,0.0067,13,7,157,"earned income 0.38; unearned income 0.24; shelter deduction 0.17","wrong amount, known item 0.39; wrong include/exclude decision 0.20; unreported source of income 0.10; change in circumstances 0.09",0.426415094339623,0.687898089171974,0.547169811320755,0.584269662921348
114,"core","total_deductions_by_hh_size > 612 & unc_rawben_rel_max <= 1 & unearned_by_hh_size > 49.2","2-3","national","ranger","any_error",799,0.3392,0.3014,63.73,0.0075,0.0221,0.0075,11,6,271,"shelter deduction 0.29; unearned income 0.23; earned income 0.20; medical deduction 0.12","wrong include/exclude decision 0.37; wrong amount, known item 0.26; unreported source of income 0.14",0.331111111111111,0.874538745387454,0.553333333333333,0.484444444444444
115,"core","gross_by_hh_size <= 151 & married >= 1 & shelter_expenses_by_hh_size > 217 & unc_rawben_rel_max <= 1.1","4+","national","ranger","any_error",38,0.4737,0.3007,195.16,0,0,0,2,1,18,"earned income 0.74; unearned income 0.17","wrong amount, known item 0.35; change in circumstances 0.26; wrong include/exclude decision 0.22",0.434782608695652,1,0.739130434782609,0.565217391304348
116,"core","gross_by_hh_size > 416 & HH_size_n > 2.5 & total_deductions_by_hh_size > 584","2-3","national","ranger","any_error",289,0.3633,0.3006,76.57,0.0035,0,0,2,1,105,"earned income 0.32; dep care or child support deduction 0.25; unearned income 0.18; shelter deduction 0.13","wrong include/exclude decision 0.31; wrong amount, known item 0.25; unreported source of income 0.14; other 0.11",0.316091954022989,0.780952380952381,0.649425287356322,0.5
117,"buffer","earned_by_hh_size >= 469 & gross_by_hh_size < 1280 & shelter_expenses_by_hh_size < 894 & unc_rawben_rel_max >= 1.36","1","national","xgboost","any_error",132,0.3939,0.3011,87.38,0,0,0,4,3,52,"earned income 0.63; shelter deduction 0.16","unreported source of income 0.29; wrong amount, known item 0.20; change in circumstances 0.18; wrong include/exclude decision 0.16",0.259259259259259,1,0.493827160493827,0.292682926829268
118,"buffer","earned_by_hh_size > 128 & earned_by_hh_size <= 387 & unc_rawben_rel_max > 1.1 & unc_rawben_rel_max <= 1.2","2-3","national","ranger","any_error",663,0.3424,0.3009,103.83,0,0,0,20,11,227,"earned income 0.73; shelter deduction 0.12","wrong amount, known item 0.27; unreported source of income 0.21; change in circumstances 0.20; wrong include/exclude decision 0.16",0.323624595469256,0.964757709251101,0.527508090614887,0.485436893203884
119,"buffer","gross_by_hh_size > 76.2 & HH_size_n > 5.5 & married <= 0 & total_deductions_by_hh_size > 278","4+","national","ranger","any_error",98,0.4082,0.3004,93.64,0.0102,0.025,0.0102,3,2,40,"earned income 0.34; dep care or child support deduction 0.20; shelter deduction 0.17; unearned income 0.12","wrong amount, known item 0.29; wrong include/exclude decision 0.28; other 0.12; household composition 0.08",0.476923076923077,0.75,0.661538461538462,0.584615384615385
120,"buffer","gross_by_hh_size >= 925 & shelter_expenses_by_hh_size >= 348 & shelter_expenses_by_hh_size < 558 & total_deductions_by_hh_size >= 416","4+","national","xgboost","any_error",73,0.4247,0.2999,70.89,0,0,0,2,1,31,"earned income 0.34; dep care or child support deduction 0.34; shelter deduction 0.17","wrong amount, known item 0.46; wrong include/exclude decision 0.27; other 0.08",0.423728813559322,0.580645161290323,0.728813559322034,0.491525423728814
121,"buffer","bbce_state_i >= 1 & earned_by_hh_size > 42.6 & total_deductions_by_hh_size > 305 & unearned_by_hh_size > 18.9","4+","national","ranger","any_error",513,0.345,0.2981,72.34,0.0058,0.0169,0.0058,19,10,177,"earned income 0.32; unearned income 0.25; shelter deduction 0.17; dep care or child support deduction 0.14","wrong amount, known item 0.38; wrong include/exclude decision 0.23; unreported source of income 0.09; other 0.08",0.408227848101266,0.711864406779661,0.629746835443038,0.559748427672956
122,"buffer","children_i >= 1 & months_since_cert_n < 4 & shelter_expenses_by_hh_size < 915 & unc_rawben_rel_max < 0.701","1","national","xgboost","any_error",68,0.4265,0.2975,58.4,0.0294,0.069,0.0294,4,3,29,"other element 0.37; shelter deduction 0.21; unearned income 0.18","household composition 0.37; wrong include/exclude decision 0.26; wrong amount, known item 0.18",0.394736842105263,0.137931034482759,0.684210526315789,0.684210526315789
123,"buffer","medical_deductions > 160 & unc_rawben_rel_max > 0.32 & unc_rawben_rel_max <= 1.03 & utilities_sua <= 1.5","1","national","ranger","any_error",257,0.3619,0.2957,44.77,0.0039,0.0108,0.0039,3,2,93,"medical deduction 0.45; shelter deduction 0.20; unearned income 0.16","wrong include/exclude decision 0.66; wrong amount, known item 0.20",0.486842105263158,0.956989247311828,0.651315789473684,0.671052631578947
124,"buffer","HH_size_n >= 7 & rawben_rel_max < 0.782 & shelter_expenses_by_hh_size < 111 & utilities_sua < 2","4+","national","xgboost","any_error",52,0.4423,0.2952,114.27,0,0,0,2,1,23,"earned income 0.35; unearned income 0.26; other element 0.23","wrong amount, known item 0.32; household composition 0.23; wrong include/exclude decision 0.16; unreported source of income 0.16",0.387096774193548,0.565217391304348,0.645161290322581,0.548387096774194
125,"buffer","gross_by_hh_size >= 1880 & medical_deductions < 216 & shelter_expenses_by_hh_size >= 1920 & total_deductions_by_hh_size >= 1570","1","national","xgboost","any_error",170,0.3765,0.2951,62.76,0.0353,0.0938,0.0353,2,2,64,"shelter deduction 0.30; unearned income 0.24; earned income 0.20; medical deduction 0.10","wrong include/exclude decision 0.39; wrong amount, known item 0.25; unreported source of income 0.16",0.393258426966292,0.859375,0.550561797752809,0.49438202247191
126,"buffer","gross_by_hh_size > 220 & shelter_expenses_by_hh_size > 745 & total_deductions_by_hh_size <= 476 & unearned_by_hh_size <= 262","2-3","national","ranger","any_error",120,0.3917,0.2948,92.19,0.0083,0.0213,0.0083,1,1,47,"earned income 0.70; unearned income 0.12","wrong amount, known item 0.35; unreported source of income 0.23; other 0.11; method or computation 0.11",0.368421052631579,0.851063829787234,0.631578947368421,0.456140350877193
127,"buffer","earned_by_hh_size > 87.8 & gross_by_hh_size <= 628 & months_since_cert_n > 6.5","4+","national","ranger","any_error",1426,0.3219,0.2938,75.55,0.0091,0.0261,0.0084,1,1,459,"earned income 0.51; shelter deduction 0.16; other element 0.12","wrong amount, known item 0.31; wrong include/exclude decision 0.19; change in circumstances 0.13; unreported source of income 0.11; other 0.08",0.432167832167832,0.710239651416122,0.453146853146853,0.548611111111111
128,"buffer","earned_by_hh_size < 541 & gross_by_hh_size >= 459 & shelter_expenses_by_hh_size >= 216 & utilities_sua < 2","4+","national","xgboost","any_error",118,0.3898,0.2924,63.71,0,0,0,3,3,46,"earned income 0.25; unearned income 0.23; shelter deduction 0.20; utility allowance 0.15","wrong include/exclude decision 0.33; wrong amount, known item 0.32; household composition 0.09; unreported source of income 0.06",0.455696202531646,0.565217391304348,0.632911392405063,0.62962962962963
129,"buffer","earned_by_hh_size > 368 & gross_by_hh_size <= 420 & unc_rawben_rel_max > 1","2-3","national","ranger","any_error",208,0.3654,0.2921,111,0,0,0,3,2,76,"earned income 0.80","change in circumstances 0.28; unreported source of income 0.26; wrong amount, known item 0.22",0.22680412371134,0.973684210526316,0.43298969072165,0.463917525773196
130,"buffer","gross_by_hh_size <= 382 & total_deductions_by_hh_size > 547 & unc_rawben_rel_max > 1 & unearned_by_hh_size <= 63.5","2-3","national","ranger","any_error",227,0.3612,0.2911,113.48,0,0,0,4,3,82,"earned income 0.76","change in circumstances 0.26; unreported source of income 0.25; wrong amount, known item 0.23; wrong include/exclude decision 0.13",0.214953271028037,0.951219512195122,0.448598130841121,0.439252336448598
131,"buffer","elderly_disabled_i <= 0 & gross_by_hh_size >= 326 & HH_size_n >= 7 & married <= 0","4+","national","xgboost","any_error",191,0.3665,0.2901,98.81,0.0105,0.0286,0.0105,11,7,70,"earned income 0.40; shelter deduction 0.18; other element 0.16","wrong amount, known item 0.29; wrong include/exclude decision 0.26; household composition 0.14; unreported source of income 0.10",0.310679611650485,0.657142857142857,0.689320388349515,0.519230769230769
132,"buffer","elderly_disabled_i <= 0 & rawben_rel_max <= 0.312 & unc_rawben_rel_max > 0.0769 & unearned_by_hh_size > 268","1","national","ranger","any_error",143,0.3776,0.2894,71.04,0.028,0.0741,0.028,3,3,54,"unearned income 0.56; shelter deduction 0.16; utility allowance 0.10","wrong amount, known item 0.46; wrong include/exclude decision 0.28; other 0.14",0.417721518987342,0.111111111111111,0.658227848101266,0.708860759493671
133,"buffer","rawben_rel_max < 0.882 & unc_rawben_rel_max >= 0.875 & unearned_by_hh_size < 200","4+","national","xgboost","any_error",87,0.4023,0.2892,81.51,0,0,0,2,1,35,"earned income 0.39; unearned income 0.18; shelter deduction 0.14; other element 0.14","wrong amount, known item 0.27; wrong include/exclude decision 0.24; unreported source of income 0.12; method or computation 0.10; household composition 0.10",0.395833333333333,0.685714285714286,0.708333333333333,0.673469387755102
134,"buffer","earned_by_hh_size >= 709 & earned_by_hh_size < 761 & rawben_rel_max >= 0.467 & unc_rawben_rel_max >= 0.454","4+","national","xgboost","any_error",171,0.3684,0.2879,70.16,0,0,0,7,4,63,"earned income 0.35; shelter deduction 0.19; dep care or child support deduction 0.18; unearned income 0.14","wrong amount, known item 0.41; wrong include/exclude decision 0.26; other 0.08; unreported source of income 0.08",0.343434343434343,0.777777777777778,0.626262626262626,0.51
135,"buffer","earned_by_hh_size > 484 & shelter_expenses_by_hh_size > 1690 & unc_rawben_rel_max > 1.33 & utilities_sua > 0.5","1","national","ranger","any_error",114,0.386,0.2874,81.91,0,0,0,2,1,44,"earned income 0.67; shelter deduction 0.15","unreported source of income 0.31; wrong include/exclude decision 0.22; change in circumstances 0.21; wrong amount, known item 0.21",0.26865671641791,1,0.388059701492537,0.313432835820896
136,"buffer","HH_size_n > 5.5 & months_since_cert_n > 3.5 & shelter_expenses_by_hh_size > 313 & unearned_by_hh_size > 20.6","4+","national","ranger","any_error",123,0.3821,0.2872,98.93,0.0163,0.0426,0.0163,3,2,47,"earned income 0.34; unearned income 0.25; shelter deduction 0.21","wrong amount, known item 0.31; wrong include/exclude decision 0.27; method or computation 0.14; unreported source of income 0.08",0.323943661971831,0.680851063829787,0.492957746478873,0.563380281690141
137,"buffer","gross_by_hh_size > 222 & total_deductions_by_hh_size <= 370 & unc_rawben_rel_max > 1.07","2-3","national","ranger","any_error",302,0.3477,0.2871,99.66,0,0,0,13,8,105,"earned income 0.59; unearned income 0.19","wrong amount, known item 0.26; unreported source of income 0.23; wrong include/exclude decision 0.22; change in circumstances 0.12",0.298611111111111,0.971428571428571,0.569444444444444,0.430555555555556
138,"buffer","medical_deductions <= 110 & shelter_expenses_by_hh_size <= 699 & total_deductions_by_hh_size > 636 & unc_rawben_rel_max <= 1","2-3","national","ranger","any_error",293,0.3481,0.2867,62.81,0.0102,0.0196,0.0068,1,1,102,"earned income 0.39; dep care or child support deduction 0.25; shelter deduction 0.15","wrong amount, known item 0.30; wrong include/exclude decision 0.29; unreported source of income 0.10; other 0.10",0.321428571428571,0.745098039215686,0.595238095238095,0.464285714285714
139,"buffer","HH_size_n > 5.5 & percent_abawd > 0.155 & rawben_rel_max <= 0.946 & shelter_expenses_by_hh_size > 273","4+","national","ranger","any_error",37,0.4595,0.2866,77.59,0.027,0.0588,0.027,2,1,17,"earned income 0.35; shelter deduction 0.23; other element 0.15; unearned income 0.12","wrong include/exclude decision 0.23; wrong amount, known item 0.19; method or computation 0.15; unreported source of income 0.15; other 0.12",0.346153846153846,0.647058823529412,0.653846153846154,0.576923076923077
140,"buffer","earned_by_hh_size > 42.1 & earned_by_hh_size <= 427 & total_deductions_by_hh_size > 324","4+","national","ranger","any_error",200,0.36,0.2857,96.14,0.01,0.0278,0.01,5,3,72,"earned income 0.40; dep care or child support deduction 0.15; unearned income 0.15; other element 0.14","wrong amount, known item 0.32; wrong include/exclude decision 0.19; unreported source of income 0.13; change in circumstances 0.11",0.5,0.805555555555556,0.598360655737705,0.588709677419355
141,"buffer","gross_by_hh_size >= 1130 & shelter_expenses_by_hh_size < 884 & total_deductions_by_hh_size >= 717","2-3","national","xgboost","any_error",191,0.3613,0.2853,66.34,0.0157,0.0435,0.0157,2,1,69,"earned income 0.35; dep care or child support deduction 0.18; shelter deduction 0.15; medical deduction 0.11","wrong include/exclude decision 0.35; wrong amount, known item 0.26; unreported source of income 0.09; change in circumstances 0.08",0.358974358974359,0.840579710144927,0.572649572649573,0.495726495726496
142,"buffer","bbce_state_i >= 1 & earned_by_hh_size > 205 & expedited_i >= 1 & rawben_rel_max <= 0.906","2-3","national","ranger","any_error",317,0.3438,0.2849,74.09,0.0284,0.0826,0.0284,5,3,109,"earned income 0.44; other element 0.21; shelter deduction 0.15","wrong amount, known item 0.27; wrong include/exclude decision 0.21; household composition 0.14; unreported source of income 0.14",0.353260869565217,0.596330275229358,0.543478260869565,0.572972972972973
143,"buffer","gross_by_hh_size >= 205 & months_since_cert_n >= 6 & rawben_rel_max >= 0.725 & rawben_rel_max < 0.966","4+","national","xgboost","any_error",1116,0.3163,0.2849,74.09,0.0099,0.0283,0.009,8,4,353,"earned income 0.41; unearned income 0.19; shelter deduction 0.17","wrong amount, known item 0.31; wrong include/exclude decision 0.21; change in circumstances 0.12; unreported source of income 0.11; other 0.09",0.446927374301676,0.662889518413598,0.484171322160149,0.575925925925926
144,"buffer","medical_deductions < 3 & rawben_rel_max < 0.08 & shelter_expenses_by_hh_size < 977 & unc_rawben_rel_max >= 0.076","1","national","xgboost","any_error",106,0.3868,0.2848,64.46,0.0094,0.0244,0.0094,2,2,41,"shelter deduction 0.36; unearned income 0.27; earned income 0.18","wrong include/exclude decision 0.50; wrong amount, known item 0.21; change in circumstances 0.11",0.571428571428571,0.024390243902439,0.732142857142857,0.785714285714286
145,"buffer","earned_by_hh_size >= 878 & rawben_rel_max >= 0.45","4+","national","xgboost","any_error",40,0.45,0.2841,104.03,0,0,0,1,1,18,"dep care or child support deduction 0.52; earned income 0.24","wrong include/exclude decision 0.45; wrong amount, known item 0.31",0.413793103448276,0.833333333333333,0.758620689655172,0.586206896551724
146,"buffer","medical_deductions >= 301 & rawben_rel_max >= 0.665 & shelter_expenses_by_hh_size < 735","1","national","xgboost","any_error",77,0.4026,0.2832,74.13,0,0,0,2,2,31,"medical deduction 0.71; shelter deduction 0.10","wrong include/exclude decision 0.71; wrong amount, known item 0.17",0.571428571428571,0.935483870967742,0.619047619047619,0.761904761904762
147,"buffer","children_i <= 0 & earned_by_hh_size > 404 & gross_by_hh_size <= 702 & total_deductions_by_hh_size > 1040","1","national","ranger","any_error",419,0.3341,0.2829,72.5,0,0,0,10,6,140,"earned income 0.67; other element 0.13","unreported source of income 0.28; change in circumstances 0.22; wrong amount, known item 0.19; wrong include/exclude decision 0.15",0.272300469483568,0.992857142857143,0.380281690140845,0.305164319248826
148,"buffer","HH_size_n > 4.5 & married >= 1 & percent_abawd > 0.225 & unc_rawben_rel_max <= 1","4+","national","ranger","any_error",80,0.4,0.2829,88.34,0.0375,0.0625,0.025,4,2,32,"earned income 0.42; other element 0.27; shelter deduction 0.15","household composition 0.20; change in circumstances 0.20; wrong include/exclude decision 0.18; wrong amount, known item 0.18",0.4,0.59375,0.6,0.672727272727273
149,"buffer","earned_by_hh_size >= 872 & rawben_rel_max >= 0.391 & shelter_expenses_by_hh_size < 956 & unearned_by_hh_size >= 12.7","2-3","national","xgboost","any_error",86,0.3953,0.2824,71.41,0.0116,0.0294,0.0116,4,3,34,"earned income 0.41; unearned income 0.25; shelter deduction 0.14","wrong amount, known item 0.38; wrong include/exclude decision 0.27; unreported source of income 0.16",0.34375,0.823529411764706,0.53125,0.5625
150,"buffer","count_divisible_by_100 < 1 & expedited_i >= 1 & gross_by_hh_size >= 514 & gross_by_hh_size < 588","4+","national","xgboost","any_error",43,0.4419,0.2822,108.79,0,0,0,1,1,19,"earned income 0.41; other element 0.30; unearned income 0.14","wrong amount, known item 0.46; wrong include/exclude decision 0.16; household composition 0.14",0.405405405405405,0.684210526315789,0.432432432432432,0.594594594594595
151,"buffer","unc_rawben_rel_max >= 0.555 & unc_rawben_rel_max < 1.3 & unearned_by_hh_size >= 1040 & utilities_sua < 2","1","national","xgboost","any_error",445,0.3303,0.2808,51.71,0.0067,0.0068,0.0022,5,3,147,"shelter deduction 0.38; utility allowance 0.30; medical deduction 0.17","wrong include/exclude decision 0.60; wrong amount, known item 0.19",0.345679012345679,0.938775510204082,0.613168724279835,0.534979423868313
152,"buffer","months_since_cert_n < 5 & shelter_expenses_by_hh_size >= 666 & shelter_expenses_by_hh_size < 675 & unearned_by_hh_size >= 36.7","2-3","national","xgboost","any_error",46,0.4348,0.2807,98.39,0,0,0,3,2,20,"unearned income 0.37; earned income 0.27; shelter deduction 0.23","wrong amount, known item 0.43; wrong include/exclude decision 0.23; change in circumstances 0.10",0.333333333333333,0.95,0.733333333333333,0.566666666666667
153,"buffer","total_deductions_by_hh_size > 1100 & unc_rawben_rel_max <= 1.03 & utilities_sua <= 1.5","1","national","ranger","any_error",283,0.3428,0.2806,58.83,0.0212,0.0412,0.0141,2,1,97,"shelter deduction 0.31; utility allowance 0.24; medical deduction 0.16; earned income 0.14","wrong include/exclude decision 0.57; wrong amount, known item 0.18",0.345679012345679,0.938144329896907,0.604938271604938,0.506172839506173
154,"buffer","earned_by_hh_size > 365 & expedited_i <= 0 & percent_abawd > 0.5 & unc_rawben_rel_max > 1.32","1","national","ranger","any_error",169,0.3609,0.2806,80,0,0,0,2,1,61,"earned income 0.67; other element 0.14","unreported source of income 0.27; change in circumstances 0.23; wrong include/exclude decision 0.19; wrong amount, known item 0.14",0.258064516129032,1,0.451612903225806,0.32258064516129
155,"buffer","earned_by_hh_size > 120 & earned_by_hh_size <= 258 & gross_by_hh_size > 244 & unc_rawben_rel_max <= 1.21","2-3","national","ranger","any_error",645,0.3209,0.2798,69.17,0.0078,0.0145,0.0047,18,12,207,"earned income 0.56; unearned income 0.18; shelter deduction 0.14","wrong amount, known item 0.36; wrong include/exclude decision 0.20; unreported source of income 0.14; change in circumstances 0.12",0.397476340694006,0.72463768115942,0.574132492113565,0.569182389937107
156,"buffer","gross_by_hh_size >= 698 & rawben_rel_max < 0.39 & unc_rawben_rel_max >= 0.372 & unearned_by_hh_size < 123","4+","national","xgboost","any_error",117,0.3761,0.2796,81.44,0,0,0,1,1,44,"earned income 0.43; other element 0.16; shelter deduction 0.14; unearned income 0.13","wrong amount, known item 0.31; wrong include/exclude decision 0.25; unreported source of income 0.12; household composition 0.09",0.38961038961039,0.681818181818182,0.480519480519481,0.623376623376623
157,"buffer","elderly_disabled_i >= 1 & rawben_rel_max >= 0.712 & unc_rawben_rel_max < 1.03 & utilities_sua < 2","1","national","xgboost","any_error",1307,0.3083,0.2795,47.09,0.0337,0.067,0.0207,21,16,403,"shelter deduction 0.29; unearned income 0.28; utility allowance 0.27","wrong include/exclude decision 0.60; wrong amount, known item 0.16",0.382736156351792,0.96029776674938,0.5814332247557,0.563517915309446
158,"buffer","shelter_expenses_by_hh_size >= 1480 & unc_rawben_rel_max >= 1.02 & unc_rawben_rel_max < 1.03","1","national","xgboost","any_error",78,0.3974,0.2793,86.59,0,0,0,1,1,31,"unearned income 0.82","unreported source of income 0.33; wrong amount, known item 0.31; wrong include/exclude decision 0.26",0.307692307692308,1,0.564102564102564,0.538461538461538
159,"buffer","earned_by_hh_size > 4.75 & rawben_rel_max > 0.402 & unc_rawben_rel_max <= 1 & unearned_by_hh_size > 236","2-3","national","ranger","any_error",841,0.3151,0.2791,55.97,0.0083,0.0189,0.0059,28,18,265,"earned income 0.43; unearned income 0.22; shelter deduction 0.19","wrong amount, known item 0.32; wrong include/exclude decision 0.23; unreported source of income 0.15; change in circumstances 0.11",0.395238095238095,0.656603773584906,0.583333333333333,0.553444180522565
160,"buffer","expedited_i >= 1 & rawben_rel_max <= 0.961 & total_deductions_by_hh_size > 64.2 & unc_rawben_rel_max > 0.486","4+","national","ranger","any_error",330,0.3364,0.2789,73.66,0.0091,0.027,0.0091,3,2,111,"earned income 0.35; unearned income 0.22; other element 0.18","wrong amount, known item 0.37; wrong include/exclude decision 0.25; household composition 0.11; change in circumstances 0.10",0.47027027027027,0.630630630630631,0.508108108108108,0.627027027027027
161,"buffer","gross_by_hh_size >= 290 & gross_by_hh_size < 392 & shelter_expenses_by_hh_size >= 329 & shelter_expenses_by_hh_size < 360","4+","national","xgboost","any_error",93,0.3871,0.2789,99.66,0.043,0.1111,0.043,5,3,36,"earned income 0.48; shelter deduction 0.23; other element 0.15","wrong include/exclude decision 0.29; wrong amount, known item 0.21; other 0.15; unreported source of income 0.12",0.319148936170213,0.916666666666667,0.723404255319149,0.625
162,"buffer","medical_deductions < 332 & months_since_cert_n < 13 & unc_rawben_rel_max >= 0.412 & unearned_by_hh_size >= 1790","1","national","xgboost","any_error",162,0.358,0.2763,55.07,0.0062,0.0172,0.0062,2,2,58,"shelter deduction 0.37; unearned income 0.24; medical deduction 0.24","wrong include/exclude decision 0.52; wrong amount, known item 0.24",0.455696202531646,0.793103448275862,0.79746835443038,0.607594936708861
163,"buffer","bbce_state_i >= 1 & gross_by_hh_size > 71.8 & HH_size_n > 5.5 & months_since_cert_n > 4.5","4+","national","ranger","any_error",1039,0.307,0.2748,77.34,0.0096,0.0282,0.0087,20,10,319,"earned income 0.43; unearned income 0.20; shelter deduction 0.16","wrong amount, known item 0.33; wrong include/exclude decision 0.20; unreported source of income 0.11; household composition 0.09; change in circumstances 0.09",0.432377049180328,0.677115987460815,0.495901639344262,0.591836734693878
164,"buffer","bbce_state_i >= 1 & earned_by_hh_size > 55 & earned_by_hh_size <= 60.2 & HH_size_n > 2.5","2-3","national","ranger","any_error",33,0.4545,0.274,64.12,0,0,0,1,1,15,"earned income 0.58; unearned income 0.16; other element 0.11","unreported source of income 0.53; wrong amount, known item 0.16; other 0.11",0.368421052631579,0.866666666666667,0.631578947368421,0.315789473684211
165,"buffer","HH_size_n > 2.5 & married <= 0 & unc_rawben_rel_max > 0.999 & unc_rawben_rel_max <= 1","2-3","national","ranger","any_error",92,0.3804,0.2725,72.17,0,0,0,2,1,35,"shelter deduction 0.47; dep care or child support deduction 0.21; unearned income 0.18","wrong include/exclude decision 0.58; wrong amount, known item 0.25",0.245614035087719,0.971428571428571,0.771929824561403,0.43859649122807
166,"buffer","gross_by_hh_size >= 152 & months_since_cert_n >= 9 & rawben_rel_max >= 0.566","4+","national","xgboost","any_error",1239,0.3019,0.2724,68.07,0.0121,0.0321,0.0097,2,1,374,"earned income 0.39; unearned income 0.21; shelter deduction 0.16","wrong amount, known item 0.30; wrong include/exclude decision 0.20; unreported source of income 0.12; change in circumstances 0.12; household composition 0.09",0.482293423271501,0.711229946524064,0.441821247892074,0.583612040133779
167,"buffer","rawben_rel_max < 0.9 & total_deductions_by_hh_size >= 56 & unearned_by_hh_size >= 25.2 & unearned_by_hh_size < 30.6","4+","national","xgboost","any_error",56,0.4107,0.2723,83.96,0,0,0,2,1,23,"earned income 0.51; unearned income 0.19; shelter deduction 0.11","wrong amount, known item 0.41; wrong include/exclude decision 0.24; change in circumstances 0.14",0.297297297297297,0.739130434782609,0.594594594594595,0.432432432432432
168,"buffer","percent_abawd >= 0.182 & rawben_rel_max < 0.966 & shelter_expenses_by_hh_size >= 248 & total_deductions_by_hh_size < 272","4+","national","xgboost","any_error",117,0.3675,0.2718,79.95,0.0256,0.0698,0.0256,5,4,43,"earned income 0.40; unearned income 0.23; shelter deduction 0.21","wrong include/exclude decision 0.31; wrong amount, known item 0.26; unreported source of income 0.11; other 0.11",0.435483870967742,0.627906976744186,0.661290322580645,0.629032258064516
169,"buffer","gross_by_hh_size >= 567 & gross_by_hh_size < 603 & unc_rawben_rel_max >= 0.611 & unearned_by_hh_size < 58.8","4+","national","xgboost","any_error",155,0.3548,0.2717,83.74,0.0065,0.0182,0.0065,7,5,55,"earned income 0.48; shelter deduction 0.17; dep care or child support deduction 0.13","wrong amount, known item 0.27; wrong include/exclude decision 0.22; unreported source of income 0.18; method or computation 0.12",0.353658536585366,0.690909090909091,0.560975609756098,0.524390243902439
170,"buffer","earned_by_hh_size >= 37.3 & HH_size_n >= 3 & rawben_rel_max >= 0.459 & unearned_by_hh_size >= 36.7","2-3","national","xgboost","any_error",1063,0.3029,0.2712,52.55,0.0047,0.0062,0.0019,41,25,322,"earned income 0.43; unearned income 0.24; shelter deduction 0.17","wrong amount, known item 0.36; wrong include/exclude decision 0.21; unreported source of income 0.13; change in circumstances 0.10",0.402321083172147,0.658385093167702,0.603481624758221,0.543520309477756
171,"buffer","bbce_state_i >= 1 & gross_by_hh_size <= 1330 & medical_deductions > 176 & unc_rawben_rel_max <= 1.07","1","national","ranger","any_error",403,0.3226,0.2711,34.8,0.0025,0.0077,0.0025,8,4,130,"medical deduction 0.50; shelter deduction 0.21; unearned income 0.16","wrong include/exclude decision 0.66; wrong amount, known item 0.17",0.476683937823834,0.953846153846154,0.632124352331606,0.632124352331606
172,"buffer","gross_by_hh_size > 1040 & HH_size_n <= 2.5 & rawben_rel_max > 0.168 & unearned_by_hh_size > 45.6","2-3","national","ranger","any_error",642,0.3115,0.2707,47.68,0.0031,0.01,0.0031,16,8,200,"shelter deduction 0.28; unearned income 0.24; earned income 0.18; medical deduction 0.16","wrong include/exclude decision 0.39; wrong amount, known item 0.27; unreported source of income 0.13",0.376712328767123,0.86,0.613013698630137,0.558219178082192
173,"buffer","earned_by_hh_size < 704 & percent_abawd >= 1 & rawben_rel_max >= 0.844 & total_deductions_by_hh_size >= 1050","1","national","xgboost","any_error",175,0.3486,0.2705,73.45,0,0,0,2,1,61,"earned income 0.65; shelter deduction 0.14","unreported source of income 0.27; wrong include/exclude decision 0.24; change in circumstances 0.23; wrong amount, known item 0.17",0.297619047619048,1,0.404761904761905,0.380952380952381
174,"buffer","months_since_cert_n >= 4 & months_since_cert_n < 7 & unearned_by_hh_size >= 78.4 & unearned_by_hh_size < 84.8","4+","national","xgboost","any_error",39,0.4359,0.2705,106.18,0.0513,0,0,2,1,17,"unearned income 0.47; earned income 0.27; shelter deduction 0.13","wrong amount, known item 0.33; unreported source of income 0.23; wrong include/exclude decision 0.20",0.266666666666667,0.705882352941177,0.733333333333333,0.433333333333333
175,"buffer","count_divisible_by_100 >= 1 & earned_by_hh_size < 1480 & shelter_expenses_by_hh_size >= 730 & unc_rawben_rel_max < 0.647","2-3","national","xgboost","any_error",124,0.3629,0.2702,61.65,0.0081,0.0222,0.0081,1,1,45,"unearned income 0.33; shelter deduction 0.25; earned income 0.24","wrong amount, known item 0.37; unreported source of income 0.20; wrong include/exclude decision 0.17; other 0.11",0.276315789473684,0.822222222222222,0.578947368421053,0.394736842105263
176,"buffer","earned_by_hh_size >= 45 & earned_by_hh_size < 467 & total_deductions_by_hh_size < 82.4","4+","national","xgboost","any_error",205,0.3415,0.2694,81.82,0.0293,0.0857,0.0293,2,1,70,"earned income 0.52; unearned income 0.21; shelter deduction 0.10","wrong amount, known item 0.35; unreported source of income 0.19; wrong include/exclude decision 0.16; other 0.09",0.401869158878505,0.571428571428571,0.635514018691589,0.542056074766355
177,"buffer","earned_by_hh_size > 30.9 & gross_by_hh_size <= 775 & percent_abawd > 0.167 & unc_rawben_rel_max <= 0.795","2-3","national","ranger","any_error",215,0.3395,0.2692,62.45,0.0326,0.0959,0.0326,4,3,73,"earned income 0.50; shelter deduction 0.15; other element 0.14","wrong amount, known item 0.32; wrong include/exclude decision 0.19; other 0.15; change in circumstances 0.12",0.40650406504065,0.616438356164384,0.601626016260163,0.560975609756098
178,"buffer","HH_size_n < 5 & unc_rawben_rel_max >= 1.08 & unc_rawben_rel_max < 1.1 & unearned_by_hh_size < 84.8","4+","national","xgboost","any_error",147,0.3537,0.2687,114.71,0,0,0,2,2,52,"earned income 0.77","unreported source of income 0.36; wrong amount, known item 0.20; wrong include/exclude decision 0.19",0.391304347826087,0.980769230769231,0.623188405797101,0.478260869565217
179,"buffer","gross_by_hh_size <= 493 & total_deductions_by_hh_size > 164 & unc_rawben_rel_max <= 0.927 & utilities_sua <= 0.5","4+","national","ranger","any_error",48,0.4167,0.268,100.27,0.0208,0.05,0.0208,1,1,20,"earned income 0.39; shelter deduction 0.30; other element 0.13","wrong include/exclude decision 0.26; wrong amount, known item 0.26; other 0.17; household composition 0.13",0.347826086956522,0.85,0.782608695652174,0.521739130434783
180,"buffer","gross_by_hh_size >= 554 & gross_by_hh_size < 596 & shelter_expenses_by_hh_size >= 509","4+","national","xgboost","any_error",48,0.4167,0.268,95.02,0,0,0,1,1,20,"earned income 0.41; shelter deduction 0.16; unearned income 0.14; other element 0.14","wrong include/exclude decision 0.27; wrong amount, known item 0.24; unreported source of income 0.16; method or computation 0.11",0.378378378378378,0.75,0.432432432432432,0.594594594594595
181,"buffer","months_since_cert_n >= 2 & shelter_expenses_by_hh_size >= 378 & unearned_by_hh_size >= 160 & unearned_by_hh_size < 206","4+","national","xgboost","any_error",103,0.3689,0.2675,74.67,0.0291,0.0789,0.0291,2,1,38,"unearned income 0.37; earned income 0.33; shelter deduction 0.13","wrong amount, known item 0.37; wrong include/exclude decision 0.19; method or computation 0.15; change in circumstances 0.09",0.462962962962963,0.736842105263158,0.518518518518518,0.722222222222222
182,"buffer","earned_by_hh_size >= 322 & percent_abawd >= 0.333 & total_deductions_by_hh_size >= 519 & unearned_by_hh_size >= 36.7","2-3","national","xgboost","any_error",63,0.3968,0.2672,91.19,0.0317,0.08,0.0317,1,1,25,"earned income 0.35; shelter deduction 0.24; unearned income 0.18","wrong include/exclude decision 0.24; wrong amount, known item 0.22; unreported source of income 0.16; household composition 0.10; method or computation 0.08",0.306122448979592,0.76,0.63265306122449,0.469387755102041
183,"buffer","children_i >= 1 & count_divisible_by_100 <= 1.5 & total_deductions_by_hh_size <= 366 & utilities_sua > 0.5","1","national","ranger","any_error",31,0.4516,0.2668,63.94,0.0645,0.0714,0.0323,1,1,14,"other element 0.41; unearned income 0.29; shelter deduction 0.18","household composition 0.35; wrong amount, known item 0.24; wrong include/exclude decision 0.24",0.470588235294118,0.357142857142857,0.823529411764706,0.647058823529412
184,"buffer","gross_by_hh_size > 207 & total_deductions_by_hh_size > 242 & total_deductions_by_hh_size <= 243 & unc_rawben_rel_max <= 1.13","4+","national","ranger","any_error",31,0.4516,0.2668,81.1,0,0,0,1,1,14,"earned income 0.38; shelter deduction 0.24; unearned income 0.19","wrong amount, known item 0.43; wrong include/exclude decision 0.33",0.380952380952381,0.785714285714286,0.619047619047619,0.571428571428571
185,"buffer","bbce_state_i >= 1 & earned_by_hh_size > 82.3 & shelter_expenses_by_hh_size > 184 & utilities_sua <= 1.5","4+","national","ranger","any_error",463,0.3132,0.2654,57.42,0.0022,0.0069,0.0022,6,3,145,"earned income 0.34; shelter deduction 0.23; utility allowance 0.16; other element 0.13","wrong amount, known item 0.33; wrong include/exclude decision 0.31; change in circumstances 0.09; household composition 0.09",0.452991452991453,0.641379310344828,0.623931623931624,0.585774058577406
186,"buffer","gross_by_hh_size > 25.2 & HH_size_n > 2.5 & percent_abawd > 0.167 & total_deductions_by_hh_size > 446","2-3","national","ranger","any_error",107,0.3645,0.2652,66.71,0.0093,0.0256,0.0093,1,1,39,"earned income 0.28; other element 0.25; shelter deduction 0.17; unearned income 0.17","wrong amount, known item 0.26; wrong include/exclude decision 0.25; unreported source of income 0.14; household composition 0.13",0.463768115942029,0.743589743589744,0.710144927536232,0.63768115942029
187,"buffer","earned_by_hh_size > 127 & months_since_cert_n > 5.5 & unearned_by_hh_size > 40.4 & unearned_by_hh_size <= 96","2-3","national","ranger","any_error",149,0.349,0.2649,56.19,0,0,0,1,1,52,"earned income 0.40; unearned income 0.26; shelter deduction 0.11","wrong amount, known item 0.41; wrong include/exclude decision 0.14; other 0.14; unreported source of income 0.13",0.436781609195402,0.692307692307692,0.459770114942529,0.471264367816092
188,"buffer","bbce_state_i >= 1 & gross_by_hh_size > 304 & rawben_rel_max <= 0.0822 & unc_rawben_rel_max > 0.0787","1","national","ranger","any_error",545,0.3083,0.2643,47.79,0.0018,0.006,0.0018,9,6,168,"unearned income 0.35; shelter deduction 0.30; earned income 0.15","wrong include/exclude decision 0.42; wrong amount, known item 0.29; other 0.13",0.525,0.0119047619047619,0.620833333333333,0.758333333333333
189,"buffer","percent_abawd >= 0.429 & shelter_expenses_by_hh_size >= 226 & total_deductions_by_hh_size < 257","4+","national","xgboost","any_error",37,0.4324,0.2639,119.73,0.027,0.0625,0.027,1,1,16,"earned income 0.28; unearned income 0.24; shelter deduction 0.20; other element 0.16","wrong include/exclude decision 0.32; wrong amount, known item 0.20; household composition 0.12; change in circumstances 0.12",0.44,0.6875,0.64,0.52
190,"buffer","gross_by_hh_size >= 152 & shelter_expenses_by_hh_size >= 70.8 & shelter_expenses_by_hh_size < 79.6","4+","national","xgboost","any_error",186,0.3387,0.2636,69.97,0.0161,0.0476,0.0161,1,1,63,"earned income 0.38; unearned income 0.27; other element 0.18","wrong amount, known item 0.29; wrong include/exclude decision 0.19; unreported source of income 0.14; household composition 0.12; change in circumstances 0.09",0.38,0.571428571428571,0.6,0.5
191,"buffer","earned_by_hh_size < 259 & total_deductions_by_hh_size >= 369 & unc_rawben_rel_max >= 1.09 & unc_rawben_rel_max < 1.11","2-3","national","xgboost","any_error",153,0.3464,0.2636,80.46,0,0,0,2,1,53,"unearned income 0.36; earned income 0.36; shelter deduction 0.10","unreported source of income 0.33; wrong include/exclude decision 0.21; wrong amount, known item 0.18; change in circumstances 0.12",0.273972602739726,0.981132075471698,0.534246575342466,0.452054794520548
192,"buffer","percent_abawd >= 1 & shelter_expenses_by_hh_size >= 1330 & unearned_by_hh_size >= 660","1","national","xgboost","any_error",70,0.3857,0.2633,67.03,0.0286,0.0741,0.0286,1,1,27,"unearned income 0.51; shelter deduction 0.22; earned income 0.14","wrong include/exclude decision 0.35; wrong amount, known item 0.24; unreported source of income 0.24",0.243243243243243,0.777777777777778,0.486486486486487,0.432432432432432
193,"buffer","HH_size_n >= 5 & months_since_cert_n >= 4 & rawben_rel_max >= 0.353 & rawben_rel_max < 0.371","4+","national","xgboost","any_error",67,0.3881,0.263,69.34,0,0,0,3,2,26,"earned income 0.55; unearned income 0.21","wrong amount, known item 0.34; wrong include/exclude decision 0.32; unreported source of income 0.13",0.473684210526316,0.653846153846154,0.394736842105263,0.684210526315789
194,"buffer","HH_size_n >= 8 & HH_size_n < 9 & months_since_cert_n < 4 & shelter_expenses_by_hh_size < 207","4+","national","xgboost","any_error",92,0.3696,0.2628,91.63,0.0109,0.0294,0.0109,3,2,34,"earned income 0.41; other element 0.23; shelter deduction 0.18","wrong amount, known item 0.36; wrong include/exclude decision 0.23; household composition 0.18",0.477272727272727,0.470588235294118,0.681818181818182,0.659090909090909
195,"buffer","rawben_rel_max >= 0.331 & unearned_by_hh_size >= 1160 & utilities_sua < 2","1","national","xgboost","any_error",482,0.3091,0.2625,42.42,0.0041,0.0067,0.0021,8,4,149,"shelter deduction 0.38; utility allowance 0.28; medical deduction 0.17","wrong include/exclude decision 0.60; wrong amount, known item 0.17",0.333333333333333,0.89261744966443,0.675,0.520833333333333
196,"buffer","earned_by_hh_size >= 361 & earned_by_hh_size < 387 & total_deductions_by_hh_size < 190","2-3","national","xgboost","any_error",61,0.3934,0.2624,72.3,0,0,0,2,2,24,"earned income 0.47; unearned income 0.33","wrong amount, known item 0.31; wrong include/exclude decision 0.17; other 0.17; unreported source of income 0.14",0.222222222222222,0.5,0.527777777777778,0.416666666666667
197,"buffer","count_divisible_by_100 > 0.5 & medical_deductions > 138 & rawben_rel_max > 0.153","2-3","national","ranger","any_error",46,0.413,0.2622,49.22,0,0,0,1,1,19,"unearned income 0.32; medical deduction 0.28; shelter deduction 0.16","wrong include/exclude decision 0.40; wrong amount, known item 0.36",0.4,0.947368421052632,0.72,0.56
198,"buffer","earned_by_hh_size > 425 & percent_abawd <= 0.155 & rawben_rel_max > 0.777","4+","national","ranger","any_error",323,0.3189,0.262,74.33,0.0062,0.0194,0.0062,10,5,103,"earned income 0.48; dep care or child support deduction 0.18; shelter deduction 0.16","wrong amount, known item 0.34; wrong include/exclude decision 0.27; unreported source of income 0.13; method or computation 0.08",0.384105960264901,0.796116504854369,0.582781456953642,0.529411764705882
199,"buffer","bbce_state_i >= 1 & shelter_expenses_by_hh_size >= 482 & unc_rawben_rel_max < 1.2 & utilities_sua < 2","2-3","national","xgboost","any_error",617,0.3031,0.2619,61.98,0.0113,0.0321,0.0097,3,2,187,"earned income 0.28; shelter deduction 0.26; utility allowance 0.17; unearned income 0.14","wrong include/exclude decision 0.38; wrong amount, known item 0.24; unreported source of income 0.13; change in circumstances 0.09",0.284246575342466,0.828877005347594,0.636986301369863,0.5
200,"buffer","children_i >= 1 & unc_rawben_rel_max > 0.999 & unc_rawben_rel_max <= 1 & unearned_by_hh_size > 110","2-3","national","ranger","any_error",131,0.3511,0.2618,61.61,0,0,0,3,2,46,"shelter deduction 0.48; dep care or child support deduction 0.13; unearned income 0.13; utility allowance 0.12","wrong include/exclude decision 0.60; wrong amount, known item 0.21",0.266666666666667,0.956521739130435,0.826666666666667,0.413333333333333
201,"buffer","children_i >= 1 & gross_by_hh_size > 681 & percent_abawd > 0.167 & percent_abawd <= 0.417","2-3","national","ranger","any_error",118,0.3559,0.2618,71.93,0.0085,0.0238,0.0085,1,1,42,"earned income 0.40; other element 0.21; shelter deduction 0.15","wrong amount, known item 0.27; wrong include/exclude decision 0.21; other 0.14; household composition 0.10; unreported source of income 0.09",0.487179487179487,0.642857142857143,0.67948717948718,0.576923076923077
202,"buffer","earned_by_hh_size >= 841 & rawben_rel_max >= 0.274 & shelter_expenses_by_hh_size < 486","4+","national","xgboost","any_error",165,0.3394,0.26,63.24,0,0,0,6,4,56,"earned income 0.32; dep care or child support deduction 0.28; shelter deduction 0.21","wrong include/exclude decision 0.38; wrong amount, known item 0.33; change in circumstances 0.08",0.436781609195402,0.696428571428571,0.747126436781609,0.540229885057471
203,"buffer","shelter_expenses_by_hh_size > 1040 & total_deductions_by_hh_size > 541","2-3","national","ranger","any_error",576,0.3021,0.2596,66.62,0.026,0.0862,0.026,4,2,174,"earned income 0.29; shelter deduction 0.28; unearned income 0.22","wrong amount, known item 0.29; wrong include/exclude decision 0.28; unreported source of income 0.15; change in circumstances 0.11",0.330827067669173,0.879310344827586,0.515037593984962,0.492481203007519
204,"buffer","unc_rawben_rel_max >= 0.514 & unearned_by_hh_size >= 883","2-3","national","xgboost","any_error",292,0.3185,0.2589,62.67,0.0034,0.0108,0.0034,5,3,93,"shelter deduction 0.36; unearned income 0.25; medical deduction 0.22","wrong include/exclude decision 0.47; wrong amount, known item 0.18; unreported source of income 0.14",0.364285714285714,0.924731182795699,0.614285714285714,0.492857142857143
205,"buffer","gross_by_hh_size < 913 & total_deductions_by_hh_size >= 96 & unearned_by_hh_size >= 324 & unearned_by_hh_size < 342","4+","national","xgboost","any_error",103,0.3592,0.2588,78.54,0.0097,0.027,0.0097,2,1,37,"unearned income 0.35; shelter deduction 0.25; earned income 0.21","wrong include/exclude decision 0.35; wrong amount, known item 0.33; household composition 0.10",0.384615384615385,0.756756756756757,0.596153846153846,0.692307692307692
206,"buffer","medical_deductions > 160 & shelter_expenses_by_hh_size <= 866 & total_deductions_by_hh_size > 698 & unearned_by_hh_size <= 1720","1","national","ranger","any_error",356,0.3118,0.2579,35.91,0.0028,0.009,0.0028,11,7,111,"medical deduction 0.61; shelter deduction 0.18","wrong include/exclude decision 0.74; wrong amount, known item 0.14",0.503401360544218,0.945945945945946,0.666666666666667,0.741496598639456
207,"buffer","shelter_expenses_by_hh_size >= 286 & shelter_expenses_by_hh_size < 302 & total_deductions_by_hh_size >= 315","4+","national","xgboost","any_error",32,0.4375,0.2577,79.59,0,0,0,2,1,14,"earned income 0.32; dep care or child support deduction 0.24; unearned income 0.20","wrong include/exclude decision 0.40; wrong amount, known item 0.24; unreported source of income 0.08; household composition 0.08",0.44,0.785714285714286,0.64,0.56
208,"buffer","HH_size_n > 2.5 & total_deductions_by_hh_size > 367 & unearned_by_hh_size > 604","2-3","national","ranger","any_error",110,0.3545,0.2576,76.63,0,0,0,2,1,39,"unearned income 0.29; shelter deduction 0.27; medical deduction 0.11; earned income 0.10","wrong include/exclude decision 0.45; wrong amount, known item 0.21; unreported source of income 0.10",0.290322580645161,0.666666666666667,0.693548387096774,0.5
209,"buffer","earned_by_hh_size >= 158 & months_since_cert_n >= 5 & unc_rawben_rel_max >= 1.32","1","national","xgboost","any_error",545,0.3009,0.2574,66.97,0,0,0,7,4,164,"earned income 0.65; other element 0.15","unreported source of income 0.29; change in circumstances 0.25; wrong include/exclude decision 0.14; wrong amount, known item 0.13",0.204724409448819,0.98780487804878,0.240157480314961,0.250980392156863
210,"buffer","percent_abawd >= 0.667 & rawben_rel_max < 0.711 & unearned_by_hh_size >= 0.5","2-3","national","xgboost","any_error",35,0.4286,0.2568,109.23,0.0286,0.0667,0.0286,1,1,15,"earned income 0.38; unearned income 0.27; other element 0.15","unreported source of income 0.23; wrong include/exclude decision 0.19; household composition 0.15; other 0.15; wrong amount, known item 0.12",0.384615384615385,0.8,0.692307692307692,0.576923076923077
211,"buffer","rawben_rel_max >= 0.0871 & rawben_rel_max < 0.564 & shelter_expenses_by_hh_size >= 192 & shelter_expenses_by_hh_size < 194","2-3","national","xgboost","any_error",35,0.4286,0.2568,88.34,0.0286,0.0667,0.0286,1,1,15,"earned income 0.50; unearned income 0.27","wrong include/exclude decision 0.41; unreported source of income 0.14; other 0.14; change in circumstances 0.14",0.409090909090909,0.666666666666667,0.545454545454545,0.681818181818182
212,"buffer","elderly_disabled_i >= 1 & rawben_rel_max >= 0.916 & total_deductions_by_hh_size >= 213 & utilities_sua < 2","1","national","xgboost","any_error",965,0.2881,0.2554,49.87,0.0166,0.0288,0.0083,8,5,278,"unearned income 0.31; shelter deduction 0.26; utility allowance 0.26","wrong include/exclude decision 0.60; wrong amount, known item 0.15",0.392857142857143,0.985611510791367,0.540816326530612,0.556122448979592
213,"buffer","earned_by_hh_size > 365 & elderly_disabled_i <= 0 & rawben_rel_max <= 0.668 & unearned_by_hh_size > 382","1","national","ranger","any_error",69,0.3768,0.2548,61.99,0.0725,0.1923,0.0725,1,1,26,"unearned income 0.40; earned income 0.32; shelter deduction 0.17","wrong amount, known item 0.43; wrong include/exclude decision 0.21; unreported source of income 0.13",0.340425531914894,0.576923076923077,0.553191489361702,0.468085106382979
214,"buffer","bbce_state_i >= 1 & children_i <= 0 & expedited_i >= 1 & gross_by_hh_size > 366","2-3","national","ranger","any_error",199,0.3266,0.2548,76.78,0.0352,0.1077,0.0352,1,1,65,"earned income 0.34; other element 0.23; shelter deduction 0.17; unearned income 0.17","wrong include/exclude decision 0.22; household composition 0.19; unreported source of income 0.18; wrong amount, known item 0.17",0.358695652173913,0.769230769230769,0.597826086956522,0.457446808510638
215,"buffer","rawben_rel_max < 0.818 & unc_rawben_rel_max >= 0.812 & unc_rawben_rel_max < 1.09 & unearned_by_hh_size < 350","4+","national","xgboost","any_error",95,0.3579,0.254,69.89,0,0,0,2,1,34,"earned income 0.29; other element 0.21; shelter deduction 0.21; unearned income 0.16","wrong amount, known item 0.30; wrong include/exclude decision 0.25; other 0.11; unreported source of income 0.11",0.517857142857143,0.735294117647059,0.553571428571429,0.714285714285714
216,"buffer","gross_by_hh_size >= 146 & months_since_cert_n < 8 & rawben_rel_max >= 0.865 & total_deductions_by_hh_size < 108","4+","national","xgboost","any_error",145,0.3379,0.2539,71.8,0.0138,0.0408,0.0138,2,1,49,"unearned income 0.31; earned income 0.27; other element 0.14; shelter deduction 0.14","wrong amount, known item 0.37; wrong include/exclude decision 0.26; method or computation 0.09; unreported source of income 0.09",0.320512820512821,0.489795918367347,0.705128205128205,0.653846153846154
217,"buffer","earned_by_hh_size < 1260 & gross_by_hh_size >= 1450 & rawben_rel_max >= 0.776 & shelter_expenses_by_hh_size < 1540","1","national","xgboost","any_error",112,0.3482,0.2527,66.18,0,0,0,4,2,39,"medical deduction 0.48; shelter deduction 0.15; unearned income 0.12","wrong include/exclude decision 0.64; wrong amount, known item 0.15",0.5,0.974358974358974,0.681818181818182,0.681818181818182
218,"buffer","gross_by_hh_size >= 727 & total_deductions_by_hh_size >= 248 & total_deductions_by_hh_size < 396 & utilities_sua < 2","4+","national","xgboost","any_error",76,0.3684,0.2525,91.43,0,0,0,2,1,28,"earned income 0.27; shelter deduction 0.24; other element 0.20; utility allowance 0.16","wrong amount, known item 0.31; wrong include/exclude decision 0.29; household composition 0.20",0.355555555555556,0.535714285714286,0.688888888888889,0.444444444444444
219,"buffer","months_since_cert_n >= 2 & rawben_rel_max < 0.749 & total_deductions_by_hh_size >= 285 & total_deductions_by_hh_size < 296","4+","national","xgboost","any_error",139,0.3381,0.2524,79.92,0.0072,0.0213,0.0072,2,1,47,"earned income 0.39; shelter deduction 0.21; other element 0.15","wrong include/exclude decision 0.31; wrong amount, known item 0.27; other 0.11; method or computation 0.08",0.416666666666667,0.638297872340426,0.5,0.583333333333333
220,"buffer","gross_by_hh_size > 712 & HH_size_n > 5.5 & married <= 0 & rawben_rel_max <= 0.976","4+","national","ranger","any_error",119,0.3445,0.252,89.37,0,0,0,4,2,41,"earned income 0.40; other element 0.18; shelter deduction 0.14; dep care or child support deduction 0.14","wrong amount, known item 0.31; wrong include/exclude decision 0.26; household composition 0.15; unreported source of income 0.10",0.416666666666667,0.609756097560976,0.736111111111111,0.555555555555556
221,"buffer","earned_by_hh_size < 761 & shelter_expenses_by_hh_size < 451 & total_deductions_by_hh_size >= 354 & total_deductions_by_hh_size < 401","4+","national","xgboost","any_error",205,0.322,0.2515,63.08,0.0098,0.0303,0.0098,2,1,66,"earned income 0.38; shelter deduction 0.20; dep care or child support deduction 0.18","wrong amount, known item 0.33; wrong include/exclude decision 0.27; method or computation 0.11; unreported source of income 0.11",0.411111111111111,0.757575757575758,0.633333333333333,0.516483516483517
222,"buffer","earned_by_hh_size < 692 & gross_by_hh_size >= 708 & gross_by_hh_size < 727","4+","national","xgboost","any_error",116,0.3448,0.2512,64.42,0.0086,0.025,0.0086,2,1,40,"unearned income 0.36; earned income 0.32; dep care or child support deduction 0.14","wrong amount, known item 0.47; wrong include/exclude decision 0.24; unreported source of income 0.12",0.440677966101695,0.55,0.627118644067797,0.711864406779661
223,"buffer","medical_deductions < 161 & shelter_expenses_by_hh_size < 414 & unearned_by_hh_size >= 432 & unearned_by_hh_size < 441","2-3","national","xgboost","any_error",48,0.3958,0.2504,76.54,0.0417,0.1053,0.0417,1,1,19,"unearned income 0.38; earned income 0.21; utility allowance 0.17","wrong amount, known item 0.38; wrong include/exclude decision 0.31; unreported source of income 0.14",0.275862068965517,0.578947368421053,0.551724137931034,0.586206896551724
224,"buffer","rawben_rel_max >= 0.605 & rawben_rel_max < 0.619 & total_deductions_by_hh_size >= 64.5","4+","national","xgboost","any_error",213,0.3192,0.2502,62.2,0,0,0,10,7,68,"earned income 0.46; unearned income 0.24; shelter deduction 0.11","wrong amount, known item 0.42; wrong include/exclude decision 0.17; unreported source of income 0.12; change in circumstances 0.11",0.43,0.647058823529412,0.69,0.58
225,"buffer","rawben_rel_max >= 0.878 & rawben_rel_max < 0.905 & shelter_expenses_by_hh_size >= 700 & unc_rawben_rel_max >= 0.85","2-3","national","xgboost","any_error",90,0.3556,0.2495,77.41,0.0222,0.0625,0.0222,2,1,32,"earned income 0.40; shelter deduction 0.33; unearned income 0.14","wrong include/exclude decision 0.37; wrong amount, known item 0.33; unreported source of income 0.19",0.209302325581395,0.8125,0.511627906976744,0.372093023255814
226,"buffer","gross_by_hh_size >= 727 & rawben_rel_max >= 0.353 & unc_rawben_rel_max >= 0.256 & unearned_by_hh_size >= 196","4+","national","xgboost","any_error",90,0.3556,0.2495,68.97,0,0,0,2,1,32,"shelter deduction 0.27; earned income 0.27; unearned income 0.23","wrong amount, known item 0.41; wrong include/exclude decision 0.25; other 0.09",0.359375,0.625,0.796875,0.546875
227,"buffer","percent_abawd >= 1 & rawben_rel_max < 0.854 & unearned_by_hh_size >= 137","2-3","national","xgboost","any_error",42,0.4048,0.2495,104.24,0.0476,0.1176,0.0476,2,1,17,"earned income 0.41; unearned income 0.31; shelter deduction 0.17","wrong include/exclude decision 0.24; unreported source of income 0.21; other 0.14; household composition 0.10; wrong amount, known item 0.10",0.428571428571429,0.823529411764706,0.714285714285714,0.517241379310345
228,"buffer","earned_by_hh_size > 46.9 & gross_by_hh_size <= 721 & HH_size_n <= 4.5 & months_since_cert_n > 5.5","4+","national","ranger","any_error",981,0.2813,0.2492,60.19,0.0082,0.0254,0.0071,3,2,276,"earned income 0.50; shelter deduction 0.15; unearned income 0.12","wrong amount, known item 0.30; wrong include/exclude decision 0.20; change in circumstances 0.14; unreported source of income 0.13",0.416075650118203,0.717391304347826,0.439716312056738,0.52112676056338
229,"buffer","expedited_i <= 0 & total_deductions_by_hh_size > 242 & total_deductions_by_hh_size <= 243","4+","national","ranger","any_error",33,0.4242,0.2491,76.18,0,0,0,2,1,14,"earned income 0.38; shelter deduction 0.24; unearned income 0.19","wrong amount, known item 0.43; wrong include/exclude decision 0.33",0.380952380952381,0.785714285714286,0.619047619047619,0.571428571428571
230,"buffer","bbce_state_i >= 1 & earned_by_hh_size > 256 & months_since_cert_n > 5.5 & percent_abawd > 0.5","1","national","ranger","any_error",471,0.2951,0.2488,54.88,0.0488,0.1511,0.0446,1,1,139,"earned income 0.61; shelter deduction 0.13; other element 0.13","wrong amount, known item 0.26; unreported source of income 0.22; wrong include/exclude decision 0.18; change in circumstances 0.17",0.303317535545024,0.841726618705036,0.33175355450237,0.369668246445498
231,"buffer","rawben_rel_max >= 0.13 & rawben_rel_max < 0.419 & shelter_expenses_by_hh_size >= 325 & shelter_expenses_by_hh_size < 481","4+","national","xgboost","any_error",523,0.2925,0.2486,48.8,0,0,0,12,6,153,"earned income 0.31; shelter deduction 0.26; unearned income 0.18","wrong amount, known item 0.37; wrong include/exclude decision 0.29; method or computation 0.08; other 0.08",0.448559670781893,0.65359477124183,0.646090534979424,0.584362139917695
232,"buffer","bbce_state_i >= 1 & earned_by_hh_size > 46.3 & HH_size_n > 5.5 & utilities_sua <= 0.5","4+","national","ranger","any_error",97,0.3505,0.2485,109.14,0.0412,0.1176,0.0412,2,1,34,"earned income 0.41; other element 0.17; unearned income 0.17; utility allowance 0.13","wrong include/exclude decision 0.30; wrong amount, known item 0.28; unreported source of income 0.15; household composition 0.13",0.425925925925926,0.617647058823529,0.722222222222222,0.611111111111111
233,"buffer","earned_by_hh_size > 250 & months_since_cert_n > 4.5 & shelter_expenses_by_hh_size > 653","2-3","national","ranger","any_error",997,0.2798,0.248,59.3,0.016,0.0502,0.014,4,2,279,"earned income 0.51; other element 0.15; shelter deduction 0.14","wrong amount, known item 0.27; wrong include/exclude decision 0.20; unreported source of income 0.16; change in circumstances 0.12",0.360730593607306,0.767025089605735,0.392694063926941,0.453514739229025
234,"buffer","bbce_state_i >= 1 & medical_deductions >= 136 & rawben_rel_max >= 0.324 & unc_rawben_rel_max < 1.02","1","national","xgboost","any_error",1785,0.2717,0.2479,30.37,0.0039,0.0124,0.0034,50,32,485,"medical deduction 0.45; shelter deduction 0.22; unearned income 0.19","wrong include/exclude decision 0.61; wrong amount, known item 0.20",0.486896551724138,0.929896907216495,0.655172413793103,0.685950413223141
235,"buffer","earned_by_hh_size > 146 & HH_size_n > 2.5 & months_since_cert_n > 5.5 & rawben_rel_max > 0.408","2-3","national","ranger","any_error",1181,0.2769,0.2477,48.66,0.0051,0.0122,0.0034,5,3,327,"earned income 0.47; shelter deduction 0.19; unearned income 0.13","wrong amount, known item 0.31; wrong include/exclude decision 0.20; change in circumstances 0.13; other 0.11",0.399217221135029,0.700305810397553,0.471624266144814,0.531128404669261
236,"buffer","children_i <= 0 & total_deductions_by_hh_size > 605 & unc_rawben_rel_max <= 0.999","2-3","national","ranger","any_error",678,0.2861,0.2476,48.73,0.0103,0.0361,0.0103,8,4,194,"shelter deduction 0.29; earned income 0.22; unearned income 0.19; other element 0.12","wrong include/exclude decision 0.36; wrong amount, known item 0.21; unreported source of income 0.13; other 0.10",0.3625,0.871134020618557,0.58125,0.479750778816199
237,"buffer","elderly_disabled_i >= 1 & HH_size_n <= 5.5 & total_deductions_by_hh_size <= 249 & unearned_by_hh_size <= 156","4+","national","ranger","any_error",94,0.3511,0.2475,91.2,0.0106,0.0303,0.0106,3,2,33,"unearned income 0.32; earned income 0.23; shelter deduction 0.16; other element 0.16","wrong include/exclude decision 0.37; wrong amount, known item 0.19; unreported source of income 0.16; household composition 0.11",0.508771929824561,0.696969696969697,0.508771929824561,0.56140350877193
238,"buffer","elderly_disabled_i <= 0 & rawben_rel_max < 0.939 & unearned_by_hh_size >= 164 & unearned_by_hh_size < 269","4+","national","xgboost","any_error",755,0.2834,0.2469,58.41,0.0093,0.0327,0.0093,17,9,214,"unearned income 0.29; earned income 0.29; shelter deduction 0.18","wrong amount, known item 0.31; wrong include/exclude decision 0.25; unreported source of income 0.09; method or computation 0.09; other 0.08",0.468842729970326,0.551401869158878,0.667655786350148,0.663716814159292
239,"buffer","HH_size_n > 2.5 & months_since_cert_n <= 0.5 & unc_rawben_rel_max <= 0.971 & utilities_sua <= 0.5","2-3","national","ranger","any_error",101,0.3465,0.2468,63.06,0.0099,0.0286,0.0099,2,2,35,"earned income 0.45; unearned income 0.20; other element 0.16","wrong amount, known item 0.37; wrong include/exclude decision 0.24; household composition 0.12; unreported source of income 0.12",0.428571428571429,0.571428571428571,0.836734693877551,0.653061224489796
240,"buffer","bbce_state_i >= 1 & gross_by_hh_size >= 360 & gross_by_hh_size < 402","2-3","national","xgboost","any_error",722,0.2839,0.2466,68.89,0.0028,0,0,14,10,205,"earned income 0.42; unearned income 0.22; shelter deduction 0.16","wrong include/exclude decision 0.30; wrong amount, known item 0.25; unreported source of income 0.18; change in circumstances 0.12",0.320512820512821,0.819512195121951,0.580128205128205,0.538461538461538
241,"buffer","months_since_cert_n < 9 & shelter_expenses_by_hh_size >= 1690 & total_deductions_by_hh_size < 1090 & unc_rawben_rel_max < 1.38","1","national","xgboost","any_error",153,0.3268,0.2458,64.63,0.0261,0.06,0.0196,3,2,50,"unearned income 0.45; earned income 0.33","wrong amount, known item 0.33; unreported source of income 0.30; wrong include/exclude decision 0.19",0.206349206349206,0.76,0.492063492063492,0.4375
242,"buffer","bbce_state_i >= 1 & homeless >= 1 & rawben_rel_max >= 0.408 & unearned_by_hh_size >= 962","1","national","xgboost","any_error",160,0.325,0.2458,43.43,0.0063,0.0192,0.0063,3,2,52,"shelter deduction 0.58; utility allowance 0.27","wrong include/exclude decision 0.71; change in circumstances 0.17",0.230769230769231,0.903846153846154,0.476923076923077,0.454545454545455
243,"buffer","elderly_disabled_i <= 0 & rawben_rel_max >= 0.336 & shelter_expenses_by_hh_size < 730 & unearned_by_hh_size >= 665","1","national","xgboost","any_error",115,0.3391,0.2457,47.57,0,0,0,2,1,39,"unearned income 0.61; shelter deduction 0.12; utility allowance 0.10","wrong amount, known item 0.39; wrong include/exclude decision 0.22; unreported source of income 0.18",0.431372549019608,0.307692307692308,0.647058823529412,0.666666666666667
244,"buffer","percent_abawd > 0.167 & shelter_expenses_by_hh_size > 748 & total_deductions_by_hh_size > 105 & unc_rawben_rel_max <= 1.17","2-3","national","ranger","any_error",260,0.3077,0.2456,63.69,0.0077,0.025,0.0077,2,1,80,"earned income 0.40; shelter deduction 0.21; other element 0.20","wrong include/exclude decision 0.26; wrong amount, known item 0.23; unreported source of income 0.14; household composition 0.11; change in circumstances 0.08",0.377622377622378,0.875,0.629370629370629,0.538461538461538
245,"buffer","months_since_cert_n < 7 & rawben_rel_max < 0.923 & shelter_expenses_by_hh_size >= 443 & unearned_by_hh_size >= 153","4+","national","xgboost","any_error",308,0.3019,0.2449,63.29,0.0065,0.0215,0.0065,4,2,93,"unearned income 0.33; earned income 0.28; shelter deduction 0.17","wrong amount, known item 0.36; wrong include/exclude decision 0.22; unreported source of income 0.14; method or computation 0.08",0.376811594202899,0.67741935483871,0.72463768115942,0.521739130434783
246,"buffer","gross_by_hh_size >= 1010 & months_since_cert_n < 25 & shelter_expenses_by_hh_size < 1050 & total_deductions_by_hh_size >= 1320","1","national","xgboost","any_error",95,0.3474,0.2448,63.86,0.0105,0,0,2,1,33,"medical deduction 0.36; shelter deduction 0.16; unearned income 0.15; earned income 0.13","wrong include/exclude decision 0.58; wrong amount, known item 0.24",0.527272727272727,0.939393939393939,0.763636363636364,0.727272727272727
247,"buffer","earned_by_hh_size >= 668 & rawben_rel_max >= 0.483 & total_deductions_by_hh_size < 505 & unc_rawben_rel_max >= 0.594","4+","national","xgboost","any_error",95,0.3474,0.2448,55.35,0,0,0,3,2,33,"earned income 0.40; dep care or child support deduction 0.23; shelter deduction 0.21","wrong amount, known item 0.40; wrong include/exclude decision 0.30; other 0.11",0.234042553191489,0.878787878787879,0.553191489361702,0.382978723404255
248,"buffer","earned_by_hh_size >= 5 & rawben_rel_max < 0.636 & unc_rawben_rel_max >= 0.54 & unc_rawben_rel_max < 0.546","2-3","national","xgboost","any_error",85,0.3529,0.2445,67.75,0.0118,0.0333,0.0118,3,3,30,"earned income 0.45; other element 0.18; unearned income 0.14","wrong amount, known item 0.25; wrong include/exclude decision 0.23; unreported source of income 0.20; household composition 0.18",0.196428571428571,0.833333333333333,0.625,0.375
249,"buffer","gross_by_hh_size >= 669 & homeless >= 1 & rawben_rel_max >= 0.502 & unc_rawben_rel_max < 1.3","1","national","xgboost","any_error",287,0.3031,0.2442,39.63,0.0105,0.0345,0.0105,6,3,87,"shelter deduction 0.39; utility allowance 0.20; earned income 0.14; unearned income 0.13","wrong include/exclude decision 0.57; wrong amount, known item 0.15; change in circumstances 0.13",0.316666666666667,0.873563218390805,0.566666666666667,0.5
250,"buffer","bbce_state_i >= 1 & expedited_i >= 1 & HH_size_n <= 2.5 & unc_rawben_rel_max <= 0.804","2-3","national","ranger","any_error",280,0.3036,0.2439,63.87,0.0357,0.1176,0.0357,2,1,85,"earned income 0.30; unearned income 0.22; other element 0.19; shelter deduction 0.18","wrong include/exclude decision 0.27; wrong amount, known item 0.23; unreported source of income 0.15; household composition 0.15",0.415492957746479,0.576470588235294,0.563380281690141,0.556338028169014
251,"buffer","gross_by_hh_size < 250 & HH_size_n >= 6 & rawben_rel_max < 0.879","4+","national","xgboost","any_error",162,0.321,0.2426,68.47,0,0,0,2,1,52,"earned income 0.30; unearned income 0.29; other element 0.19","wrong amount, known item 0.32; wrong include/exclude decision 0.23; household composition 0.13; unreported source of income 0.12",0.558441558441558,0.538461538461538,0.792207792207792,0.675324675324675
252,"buffer","bbce_state_i >= 1 & months_since_cert_n < 1 & total_deductions_by_hh_size >= 194 & utilities_sua < 2","2-3","national","xgboost","any_error",289,0.301,0.2424,53.8,0.0173,0.0345,0.0104,6,5,87,"earned income 0.40; shelter deduction 0.23; other element 0.11; utility allowance 0.11","wrong amount, known item 0.33; wrong include/exclude decision 0.32; unreported source of income 0.11",0.311475409836066,0.701149425287356,0.868852459016393,0.631147540983607
253,"buffer","count_divisible_by_100 > 1.5 & earned_by_hh_size <= 123 & gross_by_hh_size > 165","2-3","national","ranger","any_error",40,0.4,0.2424,85.35,0.025,0.0625,0.025,3,2,16,"earned income 0.38; unearned income 0.21; utility allowance 0.18","wrong include/exclude decision 0.32; unreported source of income 0.26; other 0.15; wrong amount, known item 0.09",0.3125,0.9375,0.625,0.470588235294118
254,"buffer","earned_by_hh_size >= 790 & gross_by_hh_size < 798","2-3","national","xgboost","any_error",53,0.3774,0.2408,54.13,0,0,0,1,1,20,"earned income 0.52; shelter deduction 0.19; unearned income 0.15","wrong amount, known item 0.41; wrong include/exclude decision 0.22; unreported source of income 0.19",0.296296296296296,0.55,0.703703703703704,0.481481481481481
255,"buffer","earned_by_hh_size >= 81.7 & gross_by_hh_size < 157 & total_deductions_by_hh_size >= 146 & total_deductions_by_hh_size < 216","2-3","national","xgboost","any_error",53,0.3774,0.2408,96.75,0,0,0,1,1,20,"earned income 0.69; unearned income 0.09","unreported source of income 0.41; wrong amount, known item 0.22; wrong include/exclude decision 0.22",0.25,0.95,0.5625,0.375
256,"buffer","earned_by_hh_size > 22.5 & rawben_rel_max > 0.324 & unearned_by_hh_size > 282 & utilities_sua <= 1.5","1","national","ranger","any_error",114,0.3333,0.2403,44.14,0,0,0,4,2,38,"earned income 0.34; shelter deduction 0.27; unearned income 0.19","wrong amount, known item 0.36; wrong include/exclude decision 0.36; unreported source of income 0.19",0.288135593220339,0.842105263157895,0.661016949152542,0.423728813559322
257,"buffer","married <= 0 & shelter_expenses_by_hh_size > 926 & unc_rawben_rel_max <= 1 & unearned_by_hh_size > 493","2-3","national","ranger","any_error",255,0.302,0.2398,62.35,0.0275,0.0779,0.0235,2,1,77,"shelter deduction 0.33; unearned income 0.30; earned income 0.18","wrong include/exclude decision 0.28; wrong amount, known item 0.28; unreported source of income 0.18; other 0.07",0.320610687022901,0.753246753246753,0.648854961832061,0.473282442748092
258,"buffer","bbce_state_i >= 1 & rawben_rel_max >= 0.734 & rawben_rel_max < 0.749 & unc_rawben_rel_max < 0.741","4+","national","xgboost","any_error",80,0.35,0.2391,92.76,0.0125,0.0357,0.0125,2,1,28,"earned income 0.31; unearned income 0.22; shelter deduction 0.20; other element 0.16","wrong amount, known item 0.40; wrong include/exclude decision 0.27; household composition 0.13",0.488888888888889,0.678571428571429,0.644444444444444,0.622222222222222
259,"buffer","bbce_state_i >= 1 & earned_by_hh_size > 426 & gross_by_hh_size <= 1840 & months_since_cert_n > 7.5","1","national","ranger","any_error",853,0.272,0.2381,48.89,0.027,0.0819,0.0223,2,1,232,"earned income 0.58; shelter deduction 0.14; other element 0.14","wrong amount, known item 0.22; unreported source of income 0.22; wrong include/exclude decision 0.19; change in circumstances 0.18",0.283422459893048,0.857758620689655,0.229946524064171,0.351063829787234
260,"buffer","shelter_expenses_by_hh_size >= 283 & shelter_expenses_by_hh_size < 288 & total_deductions_by_hh_size >= 260","4+","national","xgboost","any_error",44,0.3864,0.2372,80.98,0,0,0,2,1,17,"earned income 0.40; shelter deduction 0.28; dep care or child support deduction 0.12","wrong include/exclude decision 0.40; wrong amount, known item 0.20; unreported source of income 0.12; household composition 0.08",0.36,0.705882352941177,0.72,0.44
261,"buffer","children_i <= 0 & rawben_rel_max < 0.86 & total_deductions_by_hh_size < 360 & unearned_by_hh_size < 54.5","2-3","national","xgboost","any_error",217,0.3041,0.237,52.12,0.0184,0.0606,0.0184,4,4,66,"earned income 0.60; other element 0.20","wrong amount, known item 0.29; change in circumstances 0.18; wrong include/exclude decision 0.17; household composition 0.15",0.4375,0.590909090909091,0.583333333333333,0.572916666666667
262,"buffer","bbce_state_i >= 1 & medical_deductions >= 135 & months_since_cert_n >= 8 & rawben_rel_max >= 0.54","2-3","national","xgboost","any_error",112,0.3304,0.2369,59.62,0.0179,0.0541,0.0179,2,1,37,"medical deduction 0.32; unearned income 0.31; shelter deduction 0.27","wrong include/exclude decision 0.53; wrong amount, known item 0.24",0.516129032258065,1,0.5,0.596774193548387
263,"buffer","months_since_cert_n > 5.5 & rawben_rel_max <= 0.969 & total_deductions_by_hh_size > 404 & unc_rawben_rel_max > 0.15","2-3","national","ranger","any_error",2033,0.2573,0.2354,41.73,0.0064,0.021,0.0054,11,6,523,"earned income 0.32; shelter deduction 0.23; unearned income 0.19; other element 0.10","wrong include/exclude decision 0.32; wrong amount, known item 0.28; unreported source of income 0.11; change in circumstances 0.09",0.403022670025189,0.783938814531549,0.464735516372796,0.506281407035176
264,"buffer","earned_by_hh_size < 378 & expedited_i <= 0 & shelter_expenses_by_hh_size >= 1080 & unearned_by_hh_size >= 0.5","2-3","national","xgboost","any_error",286,0.2937,0.2354,59.12,0.0175,0.0476,0.014,1,1,84,"shelter deduction 0.37; unearned income 0.34; earned income 0.13","wrong include/exclude decision 0.33; wrong amount, known item 0.33; unreported source of income 0.15",0.341666666666667,0.845238095238095,0.591666666666667,0.55
265,"buffer","gross_by_hh_size >= 594 & shelter_expenses_by_hh_size < 538 & total_deductions_by_hh_size >= 490","2-3","national","xgboost","any_error",416,0.2837,0.2353,51.09,0.0096,0.0254,0.0072,10,7,118,"earned income 0.34; dep care or child support deduction 0.19; shelter deduction 0.18; unearned income 0.10","wrong include/exclude decision 0.34; wrong amount, known item 0.29; change in circumstances 0.09; other 0.08",0.324175824175824,0.779661016949153,0.60989010989011,0.505494505494505
266,"buffer","earned_by_hh_size >= 372 & percent_abawd < 0.0769 & rawben_rel_max >= 0.661 & unc_rawben_rel_max < 0.692","4+","national","xgboost","any_error",264,0.2955,0.2348,54.47,0.0038,0.0128,0.0038,8,4,78,"earned income 0.50; shelter deduction 0.22; unearned income 0.08","wrong amount, known item 0.33; wrong include/exclude decision 0.25; method or computation 0.12; unreported source of income 0.12",0.429906542056075,0.692307692307692,0.663551401869159,0.523364485981308
267,"buffer","months_since_cert_n < 1 & unc_rawben_rel_max >= 1.08 & unc_rawben_rel_max < 1.13","4+","national","xgboost","any_error",61,0.3607,0.2345,102.43,0,0,0,2,1,22,"earned income 0.67; other element 0.13","wrong include/exclude decision 0.27; wrong amount, known item 0.23; unreported source of income 0.20; method or computation 0.10",0.566666666666667,0.863636363636364,0.766666666666667,0.7
268,"buffer","earned_by_hh_size >= 1500 & gross_by_hh_size >= 1550 & rawben_rel_max >= 0.46 & total_deductions_by_hh_size < 1280","1","national","xgboost","any_error",106,0.3302,0.2345,45.58,0.0283,0.0857,0.0283,4,4,35,"earned income 0.50; shelter deduction 0.27","wrong amount, known item 0.41; wrong include/exclude decision 0.30; change in circumstances 0.11",0.363636363636364,0.828571428571429,0.509090909090909,0.410714285714286
269,"buffer","percent_abawd > 0.167 & rawben_rel_max <= 0.578 & unearned_by_hh_size > 140 & unearned_by_hh_size <= 469","2-3","national","ranger","any_error",75,0.3467,0.2331,77.21,0.0267,0.0769,0.0267,2,1,26,"earned income 0.39; unearned income 0.22; other element 0.17","wrong amount, known item 0.22; unreported source of income 0.20; wrong include/exclude decision 0.17; household composition 0.15; change in circumstances 0.07",0.525,0.692307692307692,0.65,0.609756097560976
270,"buffer","HH_size_n > 7.5 & percent_abawd > 0.0885","4+","national","ranger","any_error",32,0.4062,0.2325,113.72,0,0,0,2,1,13,"earned income 0.38; unearned income 0.19; other element 0.19","wrong amount, known item 0.19; wrong include/exclude decision 0.19; household composition 0.19; other 0.12; change in circumstances 0.12",0.4375,0.769230769230769,0.6875,0.8125
271,"buffer","months_since_cert_n >= 1 & shelter_expenses_by_hh_size >= 70.8 & shelter_expenses_by_hh_size < 97 & total_deductions_by_hh_size < 136","4+","national","xgboost","any_error",539,0.2746,0.2323,61.77,0.0167,0.0405,0.0111,5,3,148,"earned income 0.35; unearned income 0.28; other element 0.19","wrong amount, known item 0.28; wrong include/exclude decision 0.22; household composition 0.13; unreported source of income 0.11; change in circumstances 0.10",0.380753138075314,0.567567567567568,0.581589958158996,0.552301255230126
272,"buffer","gross_by_hh_size >= 234 & gross_by_hh_size < 493 & rawben_rel_max < 0.972 & shelter_expenses_by_hh_size < 97.2","4+","national","xgboost","any_error",734,0.2684,0.2321,59.45,0.0068,0.0254,0.0068,4,2,197,"earned income 0.45; unearned income 0.24; other element 0.19","wrong amount, known item 0.29; wrong include/exclude decision 0.18; unreported source of income 0.14; household composition 0.12; change in circumstances 0.12",0.41042345276873,0.568527918781726,0.60586319218241,0.570032573289902
273,"buffer","rawben_rel_max >= 0.845 & rawben_rel_max < 0.878 & shelter_expenses_by_hh_size < 440 & unearned_by_hh_size >= 340","2-3","national","xgboost","any_error",93,0.3333,0.2316,58.27,0.0108,0.0323,0.0108,1,1,31,"unearned income 0.42; shelter deduction 0.29; earned income 0.12","wrong include/exclude decision 0.33; wrong amount, known item 0.23; change in circumstances 0.15; unreported source of income 0.15",0.25,0.709677419354839,0.708333333333333,0.458333333333333
274,"buffer","elderly_disabled_i >= 1 & shelter_expenses_by_hh_size > 295 & total_deductions_by_hh_size <= 277","4+","national","ranger","any_error",505,0.2752,0.2316,52.04,0.002,0.0072,0.002,4,2,139,"unearned income 0.33; shelter deduction 0.25; earned income 0.18","wrong amount, known item 0.38; wrong include/exclude decision 0.29; household composition 0.10",0.447761194029851,0.683453237410072,0.631840796019901,0.552238805970149
275,"buffer","count_divisible_by_100 > 0.5 & earned_by_hh_size > 361 & earned_by_hh_size <= 481","2-3","national","ranger","any_error",137,0.3139,0.2302,47.67,0,0,0,2,1,43,"earned income 0.40; unearned income 0.21; shelter deduction 0.15","wrong include/exclude decision 0.31; wrong amount, known item 0.21; unreported source of income 0.13; change in circumstances 0.11",0.403225806451613,0.558139534883721,0.661290322580645,0.564516129032258
276,"buffer","earned_by_hh_size >= 850 & rawben_rel_max >= 0.464 & total_deductions_by_hh_size < 579","1","national","xgboost","any_error",90,0.3333,0.2301,41.18,0.0444,0.1333,0.0444,2,2,30,"earned income 0.66; other element 0.12","wrong amount, known item 0.29; wrong include/exclude decision 0.22; method or computation 0.12; unreported source of income 0.12",0.292682926829268,0.433333333333333,0.682926829268293,0.560975609756098
277,"buffer","months_since_cert_n >= 5 & months_since_cert_n < 10 & rawben_rel_max < 0.55 & unc_rawben_rel_max >= 0.535","2-3","national","xgboost","any_error",90,0.3333,0.2301,64.5,0.0222,0.0667,0.0222,2,2,30,"earned income 0.32; unearned income 0.23; shelter deduction 0.20","wrong include/exclude decision 0.27; unreported source of income 0.20; wrong amount, known item 0.20; change in circumstances 0.14",0.340909090909091,0.6,0.659090909090909,0.386363636363636
278,"buffer","gross_by_hh_size > 657 & months_since_cert_n > 5.5 & rawben_rel_max <= 0.972 & unc_rawben_rel_max > 0.203","4+","national","ranger","any_error",826,0.2639,0.2299,52.9,0.0024,0.0092,0.0024,2,1,218,"earned income 0.40; shelter deduction 0.17; unearned income 0.15; other element 0.12","wrong amount, known item 0.38; wrong include/exclude decision 0.25; change in circumstances 0.10; other 0.08",0.386111111111111,0.669724770642202,0.486111111111111,0.530555555555556
279,"buffer","elderly_disabled_i >= 1 & gross_by_hh_size >= 221 & total_deductions_by_hh_size < 204 & unearned_by_hh_size < 266","2-3","national","xgboost","any_error",52,0.3654,0.2297,65.94,0,0,0,1,1,19,"earned income 0.42; unearned income 0.25; other element 0.17","wrong amount, known item 0.25; change in circumstances 0.21; wrong include/exclude decision 0.21; household composition 0.12",0.416666666666667,0.368421052631579,0.458333333333333,0.666666666666667
280,"buffer","rawben_rel_max < 0.596 & unc_rawben_rel_max >= 0.54 & unc_rawben_rel_max < 0.551 & unearned_by_hh_size < 0.5","2-3","national","xgboost","any_error",87,0.3333,0.2286,60.55,0.0115,0.0345,0.0115,4,2,29,"earned income 0.53; other element 0.22","wrong amount, known item 0.29; wrong include/exclude decision 0.22; household composition 0.20; unreported source of income 0.11",0.177777777777778,0.724137931034483,0.6,0.311111111111111
281,"buffer","gross_by_hh_size >= 986 & medical_deductions >= 218 & months_since_cert_n >= 1 & unearned_by_hh_size < 1010","1","national","xgboost","any_error",39,0.3846,0.2283,52.49,0,0,0,1,1,15,"medical deduction 0.71; earned income 0.12","wrong include/exclude decision 0.76",0.470588235294118,0.933333333333333,0.705882352941177,0.705882352941177
282,"buffer","gross_by_hh_size > 519 & months_since_cert_n > 4.5 & percent_abawd > 0.5","1","national","ranger","any_error",785,0.2624,0.2276,45.58,0.0344,0.1165,0.0306,8,4,206,"earned income 0.48; shelter deduction 0.15; unearned income 0.14","wrong amount, known item 0.27; wrong include/exclude decision 0.22; unreported source of income 0.18; change in circumstances 0.15",0.328025477707006,0.771844660194175,0.420382165605096,0.438095238095238
283,"buffer","months_since_cert_n < 4 & total_deductions_by_hh_size >= 102 & unearned_by_hh_size >= 40 & unearned_by_hh_size < 49.2","4+","national","xgboost","any_error",84,0.3333,0.227,93.36,0,0,0,4,2,28,"earned income 0.37; unearned income 0.22; shelter deduction 0.15; other element 0.13","wrong amount, known item 0.33; wrong include/exclude decision 0.22; unreported source of income 0.15; household composition 0.09",0.277777777777778,0.642857142857143,0.759259259259259,0.462962962962963
284,"buffer","earned_by_hh_size >= 45 & gross_by_hh_size >= 178 & gross_by_hh_size < 234 & unearned_by_hh_size >= 27.5","4+","national","xgboost","any_error",99,0.3232,0.2255,89.65,0.0101,0,0,1,1,32,"earned income 0.50; unearned income 0.30","unreported source of income 0.36; wrong amount, known item 0.27; wrong include/exclude decision 0.11",0.340909090909091,0.71875,0.681818181818182,0.386363636363636
285,"buffer","earned_by_hh_size >= 724 & earned_by_hh_size < 810 & married >= 1 & total_deductions_by_hh_size >= 283","2-3","national","xgboost","any_error",110,0.3182,0.2255,57.39,0.0182,0.0571,0.0182,4,3,35,"earned income 0.52; shelter deduction 0.17; other element 0.15","other 0.21; wrong amount, known item 0.21; wrong include/exclude decision 0.15; method or computation 0.13; household composition 0.12",0.384615384615385,0.657142857142857,0.5,0.557692307692308
286,"buffer","gross_by_hh_size >= 897 & rawben_rel_max < 0.936 & total_deductions_by_hh_size >= 416 & utilities_sua < 2","2-3","national","xgboost","any_error",263,0.2852,0.2253,49.7,0.0114,0.04,0.0114,1,1,75,"earned income 0.31; shelter deduction 0.25; utility allowance 0.14; other element 0.11","wrong include/exclude decision 0.30; wrong amount, known item 0.27; other 0.11; unreported source of income 0.10",0.280701754385965,0.813333333333333,0.62280701754386,0.473684210526316
287,"buffer","expedited_i >= 1 & gross_by_hh_size > 370 & unc_rawben_rel_max <= 1.02 & unearned_by_hh_size <= 916","1","national","ranger","any_error",654,0.263,0.225,45.76,0.0657,0.2035,0.0535,17,15,172,"unearned income 0.35; earned income 0.33; shelter deduction 0.13","wrong include/exclude decision 0.28; unreported source of income 0.22; wrong amount, known item 0.20; change in circumstances 0.13",0.387755102040816,0.819767441860465,0.391836734693878,0.410569105691057
288,"buffer","children_i <= 0 & rawben_rel_max < 0.857 & total_deductions_by_hh_size >= 458 & unc_rawben_rel_max >= 0.839","2-3","national","xgboost","any_error",43,0.3721,0.2242,66.84,0,0,0,1,1,16,"shelter deduction 0.23; unearned income 0.19; medical deduction 0.19; other element 0.15","wrong include/exclude decision 0.35; unreported source of income 0.19; household composition 0.15; other 0.15",0.269230769230769,0.8125,0.653846153846154,0.461538461538462
289,"buffer","gross_by_hh_size >= 312 & rawben_rel_max >= 0.942 & unc_rawben_rel_max < 1.07","4+","national","xgboost","any_error",137,0.3066,0.2238,77.19,0.0219,0.0714,0.0219,1,1,42,"earned income 0.32; shelter deduction 0.25; dep care or child support deduction 0.17; other element 0.11","wrong include/exclude decision 0.37; wrong amount, known item 0.26; unreported source of income 0.12",0.276923076923077,0.952380952380952,0.753846153846154,0.507692307692308
290,"buffer","earned_by_hh_size >= 752 & percent_abawd >= 0.222 & total_deductions_by_hh_size >= 317","4+","national","xgboost","any_error",50,0.36,0.2231,68,0,0,0,2,1,18,"earned income 0.48; shelter deduction 0.21; dep care or child support deduction 0.14","wrong amount, known item 0.28; wrong include/exclude decision 0.21; other 0.17; unreported source of income 0.10",0.344827586206897,0.555555555555556,0.758620689655172,0.517241379310345
291,"buffer","married <= 0 & months_since_cert_n > 5.5 & shelter_expenses_by_hh_size > 670 & unc_rawben_rel_max <= 1","2-3","national","ranger","any_error",851,0.2562,0.223,47.17,0.0188,0.0596,0.0153,3,2,218,"earned income 0.35; unearned income 0.20; shelter deduction 0.19; other element 0.14","wrong amount, known item 0.29; wrong include/exclude decision 0.24; unreported source of income 0.14; other 0.11",0.380952380952381,0.747706422018349,0.425595238095238,0.473372781065089
292,"buffer","married <= 0 & rawben_rel_max >= 0.45 & rawben_rel_max < 0.497","4+","national","xgboost","any_error",431,0.2691,0.2225,50.42,0.0023,0.0086,0.0023,8,5,116,"earned income 0.33; unearned income 0.22; shelter deduction 0.16; other element 0.14","wrong amount, known item 0.31; wrong include/exclude decision 0.27; unreported source of income 0.09; household composition 0.08",0.445,0.491379310344828,0.575,0.663366336633663
293,"buffer","earned_by_hh_size < 306 & gross_by_hh_size >= 286 & months_since_cert_n < 14 & unearned_by_hh_size < 18.5","4+","national","xgboost","any_error",134,0.306,0.2224,75.46,0.0075,0,0,2,1,41,"earned income 0.60; other element 0.15; shelter deduction 0.13","wrong amount, known item 0.27; wrong include/exclude decision 0.22; change in circumstances 0.15; household composition 0.15",0.4,0.731707317073171,0.690909090909091,0.6
