"rank","role","rule","hh","pool","engines","mined_frames","n_flagged_train","precision_train","precision_train_lcb","dollars_per_flag_train","mm_share_flags","mm_share_errors","mm_inflation","n_flagged_state","n_new_at_rank","n_error_cases_national","element_groups_to_75","nature_groups_to_75","found_in_case_record","share_overissuance","timing_at_certification","cause_agency"
1,"core","rawben_rel_max >= 0.897 & shelter_expenses_by_hh_size >= 866 & unc_rawben_rel_max < 1.01 & utilities_sua < 1","1","national","xgboost","any_error",69,0.7971,0.6649,145.93,0.0145,0,0,2,2,55,"shelter deduction 0.48; utility allowance 0.36","wrong include/exclude decision 0.66; change in circumstances 0.13",0.25,0.981818181818182,0.538461538461538,0.432692307692308
2,"core","bbce_state_i >= 1 & gross_by_hh_size > 580 & unc_rawben_rel_max > 0.999 & unc_rawben_rel_max <= 1","2-3","national","ranger","any_error",48,0.8125,0.6526,216.88,0,0,0,1,1,39,"shelter deduction 0.48; medical deduction 0.20; dep care or child support deduction 0.17","wrong include/exclude decision 0.41; wrong amount, known item 0.41",0.351851851851852,1,0.796296296296296,0.611111111111111
3,"core","rawben_rel_max >= 0.932 & total_deductions_by_hh_size >= 604 & unc_rawben_rel_max < 1.02 & utilities_sua < 1","1","national","xgboost","any_error",147,0.6531,0.5578,110.03,0.0068,0,0,10,8,96,"shelter deduction 0.35; utility allowance 0.28; unearned income 0.23","wrong include/exclude decision 0.62; wrong amount, known item 0.15",0.358490566037736,0.989583333333333,0.534591194968553,0.50314465408805
4,"core","elderly_disabled_i >= 1 & months_since_cert_n <= 7.5 & rawben_rel_max > 0.999 & unc_rawben_rel_max <= 1","2-3","national","ranger","any_error",79,0.6835,0.5534,145.25,0,0,0,2,1,54,"shelter deduction 0.56; medical deduction 0.12; unearned income 0.12","wrong include/exclude decision 0.50; wrong amount, known item 0.30",0.225,0.981481481481482,0.775,0.4625
5,"core","elderly_disabled_i >= 1 & rawben_rel_max >= 1 & shelter_expenses_by_hh_size < 848 & unc_rawben_rel_max < 1.02","1","national","xgboost","any_error",376,0.609,0.5494,101.59,0,0,0,16,10,229,"unearned income 0.63; shelter deduction 0.16","wrong include/exclude decision 0.56; unreported source of income 0.15; wrong amount, known item 0.14",0.5,0.995633187772926,0.468553459119497,0.686520376175549
6,"core","shelter_expenses_by_hh_size >= 682 & shelter_expenses_by_hh_size < 983 & unc_rawben_rel_max >= 1.01 & unc_rawben_rel_max < 1.02","1","national","xgboost","any_error",147,0.6259,0.5301,94.63,0,0,0,4,2,92,"unearned income 0.75; shelter deduction 0.18","wrong include/exclude decision 0.49; wrong amount, known item 0.25; unreported source of income 0.13",0.514925373134328,1,0.470149253731343,0.73134328358209
7,"core","rawben_rel_max >= 0.972 & total_deductions_by_hh_size >= 1830 & unc_rawben_rel_max < 1.04","1","national","xgboost","any_error",53,0.6604,0.5006,136.83,0,0,0,6,3,35,"medical deduction 0.34; shelter deduction 0.32; unearned income 0.24","wrong include/exclude decision 0.64; wrong amount, known item 0.16",0.5,1,0.74,0.58
8,"core","gross_by_hh_size >= 965 & rawben_rel_max >= 0.484 & shelter_expenses_by_hh_size >= 1120 & utilities_sua < 1","1","national","xgboost","any_error",110,0.6091,0.4982,111.19,0.0364,0.0299,0.0182,3,2,67,"shelter deduction 0.44; utility allowance 0.32","wrong include/exclude decision 0.59; wrong amount, known item 0.14; change in circumstances 0.13",0.221311475409836,0.985074626865672,0.573770491803279,0.467213114754098
9,"core","HH_size_n >= 5 & married <= 0 & shelter_expenses_by_hh_size < 300 & total_deductions_by_hh_size >= 341","4+","national","xgboost","any_error",33,0.697,0.4945,183.45,0.0303,0.0435,0.0303,1,1,23,"dep care or child support deduction 0.29; earned income 0.22; shelter deduction 0.20; unearned income 0.13","wrong include/exclude decision 0.42; wrong amount, known item 0.29; unreported source of income 0.11",0.444444444444444,0.869565217391304,0.844444444444444,0.511111111111111
10,"core","rawben_rel_max > 0.996 & total_deductions_by_hh_size > 548 & unc_rawben_rel_max <= 1","2-3","national","ranger","any_error",74,0.6216,0.4865,172.12,0.0405,0.0217,0.0135,2,1,46,"shelter deduction 0.45; dep care or child support deduction 0.18; medical deduction 0.17","wrong amount, known item 0.42; wrong include/exclude decision 0.40",0.323076923076923,0.978260869565217,0.769230769230769,0.6
11,"core","elderly_disabled_i >= 1 & rawben_rel_max >= 1 & total_deductions_by_hh_size < 938 & unc_rawben_rel_max < 1.02","1","national","xgboost","any_error",542,0.5277,0.4778,82.46,0,0,0,21,12,286,"unearned income 0.65; shelter deduction 0.21","wrong include/exclude decision 0.53; wrong amount, known item 0.17; unreported source of income 0.15",0.483460559796438,0.996503496503496,0.450381679389313,0.66243654822335
12,"core","earned_by_hh_size <= 1140 & shelter_expenses_by_hh_size > 1420 & unc_rawben_rel_max <= 1","2-3","national","ranger","any_error",38,0.6579,0.4696,175.42,0.0789,0.12,0.0789,1,1,25,"shelter deduction 0.36; earned income 0.33; unearned income 0.18","wrong amount, known item 0.39; wrong include/exclude decision 0.30; unreported source of income 0.18",0.272727272727273,0.92,0.636363636363636,0.545454545454545
13,"core","percent_abawd <= 0.583 & rawben_rel_max > 0.978 & shelter_expenses_by_hh_size <= 682 & unearned_by_hh_size > 528","2-3","national","ranger","any_error",30,0.6667,0.4552,160.57,0,0,0,2,1,20,"medical deduction 0.33; shelter deduction 0.30; dep care or child support deduction 0.17","wrong include/exclude decision 0.53; wrong amount, known item 0.23",0.433333333333333,1,0.666666666666667,0.7
14,"core","gross_by_hh_size >= 934 & medical_deductions < 158 & rawben_rel_max >= 0.819 & utilities_sua < 1","1","national","xgboost","any_error",117,0.5556,0.4486,108.25,0.0171,0,0,2,1,65,"shelter deduction 0.44; utility allowance 0.35","wrong include/exclude decision 0.64; change in circumstances 0.16",0.237704918032787,0.984615384615385,0.614754098360656,0.467213114754098
15,"core","earned_by_hh_size <= 154 & gross_by_hh_size > 648 & rawben_rel_max > 0.993 & utilities_sua <= 0.5","1","national","ranger","any_error",121,0.5372,0.4324,90.31,0.0083,0,0,16,8,65,"shelter deduction 0.35; utility allowance 0.26; unearned income 0.25","wrong include/exclude decision 0.60; wrong amount, known item 0.16",0.424528301886792,1,0.528301886792453,0.566037735849057
16,"core","rawben_rel_max <= 0.993 & shelter_expenses_by_hh_size > 1100 & unc_rawben_rel_max > 0.294 & utilities_sua <= 0.5","1","national","ranger","any_error",91,0.5495,0.4288,88.91,0.0549,0.06,0.033,2,1,50,"shelter deduction 0.47; utility allowance 0.34","wrong include/exclude decision 0.56; change in circumstances 0.16; wrong amount, known item 0.12",0.1,0.98,0.644444444444444,0.333333333333333
17,"core","earned_by_hh_size >= 678 & gross_by_hh_size < 1030 & months_since_cert_n >= 5 & unc_rawben_rel_max >= 1.34","1","national","xgboost","any_error",112,0.5357,0.427,122.03,0,0,0,2,2,60,"earned income 0.65; other element 0.18","unreported source of income 0.31; change in circumstances 0.25; wrong include/exclude decision 0.16; limits and thresholds 0.11",0.237113402061856,1,0.134020618556701,0.216494845360825
18,"core","earned_by_hh_size >= 635 & months_since_cert_n >= 6 & unc_rawben_rel_max >= 1.34","1","national","xgboost","any_error",144,0.5208,0.425,117.17,0,0,0,6,3,75,"earned income 0.63; other element 0.17","unreported source of income 0.27; change in circumstances 0.26; wrong include/exclude decision 0.16; limits and thresholds 0.12",0.258064516129032,0.986666666666667,0.169354838709677,0.266129032258065
19,"core","total_deductions_by_hh_size >= 1110 & unearned_by_hh_size >= 936","2-3","national","xgboost","any_error",30,0.6333,0.4235,176.03,0.0333,0.0526,0.0333,2,1,19,"shelter deduction 0.39; medical deduction 0.29; unearned income 0.18","wrong include/exclude decision 0.39; wrong amount, known item 0.21; method or computation 0.11; unreported source of income 0.11",0.428571428571429,0.947368421052632,0.785714285714286,0.571428571428571
20,"core","count_divisible_by_100 < 1 & earned_by_hh_size >= 142 & unc_rawben_rel_max >= 1.08 & unc_rawben_rel_max < 1.1","4+","national","xgboost","any_error",124,0.5242,0.4211,171.98,0,0,0,3,3,65,"earned income 0.72; shelter deduction 0.10","unreported source of income 0.33; wrong include/exclude decision 0.22; wrong amount, known item 0.19; change in circumstances 0.10",0.444444444444444,0.984615384615385,0.655555555555556,0.5
21,"core","medical_deductions >= 329 & unc_rawben_rel_max >= 0.746","2-3","national","xgboost","any_error",38,0.6053,0.4191,137.68,0,0,0,2,1,23,"medical deduction 0.50; shelter deduction 0.23; unearned income 0.15","wrong include/exclude decision 0.62; wrong amount, known item 0.15",0.525,0.91304347826087,0.575,0.775
22,"core","total_deductions_by_hh_size >= 806 & unc_rawben_rel_max >= 0.473 & unearned_by_hh_size >= 1130 & utilities_sua < 1","1","national","xgboost","any_error",107,0.5234,0.4127,90.36,0.0093,0.0179,0.0093,12,6,56,"shelter deduction 0.38; utility allowance 0.27; medical deduction 0.17","wrong include/exclude decision 0.62; change in circumstances 0.12; wrong amount, known item 0.11",0.317307692307692,0.964285714285714,0.576923076923077,0.5
23,"core","gross_by_hh_size >= 822 & rawben_rel_max >= 0.639 & unearned_by_hh_size >= 168 & unearned_by_hh_size < 602","2-3","national","xgboost","any_error",51,0.5686,0.4085,129.88,0.0196,0.0345,0.0196,1,1,29,"earned income 0.34; unearned income 0.25; shelter deduction 0.23","wrong amount, known item 0.34; wrong include/exclude decision 0.23; unreported source of income 0.18",0.25,0.793103448275862,0.545454545454545,0.409090909090909
24,"core","gross_by_hh_size > 365 & gross_by_hh_size <= 382 & total_deductions_by_hh_size > 549 & unc_rawben_rel_max > 1","2-3","national","ranger","any_error",132,0.5076,0.4081,161.98,0,0,0,2,2,67,"earned income 0.84","change in circumstances 0.30; unreported source of income 0.29; wrong amount, known item 0.21",0.186046511627907,1,0.430232558139535,0.406976744186047
25,"core","earned_by_hh_size > 484 & unc_rawben_rel_max > 1.33 & utilities_sua <= 0.5","1","national","ranger","any_error",41,0.5854,0.4069,143.8,0,0,0,2,1,24,"earned income 0.57; shelter deduction 0.23","wrong include/exclude decision 0.33; unreported source of income 0.25; wrong amount, known item 0.23",0.475,1,0.55,0.525
26,"core","earned_by_hh_size > 358 & total_deductions_by_hh_size > 547 & total_deductions_by_hh_size <= 553 & unc_rawben_rel_max > 1","2-3","national","ranger","any_error",149,0.4899,0.3967,151.46,0,0,0,5,3,73,"earned income 0.82","change in circumstances 0.28; unreported source of income 0.27; wrong amount, known item 0.23",0.210526315789474,0.986301369863014,0.452631578947368,0.452631578947368
27,"core","medical_deductions > 158 & rawben_rel_max > 0.171 & total_deductions_by_hh_size > 639 & unc_rawben_rel_max <= 1","2-3","national","ranger","any_error",140,0.4857,0.3898,76.59,0.0071,0.0147,0.0071,6,4,68,"medical deduction 0.42; shelter deduction 0.28; unearned income 0.20","wrong include/exclude decision 0.54; wrong amount, known item 0.19; unreported source of income 0.09",0.455357142857143,0.985294117647059,0.625,0.625
28,"core","earned_by_hh_size >= 568 & shelter_expenses_by_hh_size < 1040 & unc_rawben_rel_max >= 1.4 & unearned_by_hh_size < 254","1","national","xgboost","any_error",80,0.5125,0.3859,114.03,0,0,0,3,2,41,"earned income 0.66; other element 0.15","unreported source of income 0.25; change in circumstances 0.23; wrong amount, known item 0.20; limits and thresholds 0.13",0.383333333333333,1,0.533333333333333,0.39344262295082
29,"core","gross_by_hh_size >= 586 & gross_by_hh_size < 1880 & shelter_expenses_by_hh_size >= 1920 & total_deductions_by_hh_size < 1100","1","national","xgboost","any_error",98,0.5,0.3856,106.95,0.0408,0.0612,0.0306,3,3,49,"earned income 0.47; unearned income 0.34","unreported source of income 0.35; wrong amount, known item 0.26; wrong include/exclude decision 0.24",0.238805970149254,0.877551020408163,0.477611940298507,0.397058823529412
30,"core","earned_by_hh_size > 677 & earned_by_hh_size <= 702 & elderly_disabled_i <= 0 & gross_by_hh_size > 484","1","national","ranger","any_error",259,0.4517,0.3815,96.4,0.0116,0.0256,0.0116,5,3,117,"earned income 0.66; shelter deduction 0.12","unreported source of income 0.29; change in circumstances 0.19; wrong amount, known item 0.19; wrong include/exclude decision 0.19",0.25414364640884,0.982905982905983,0.425414364640884,0.287292817679558
31,"core","medical_deductions <= 794 & percent_abawd > 0.167 & total_deductions_by_hh_size > 783 & unc_rawben_rel_max <= 1.02","2-3","national","ranger","any_error",31,0.5806,0.3781,113.94,0,0,0,2,2,18,"earned income 0.38; shelter deduction 0.26; unearned income 0.12","wrong include/exclude decision 0.38; wrong amount, known item 0.32; unreported source of income 0.12",0.147058823529412,0.833333333333333,0.735294117647059,0.5
32,"core","earned_by_hh_size > 75.1 & expedited_i >= 1 & medical_deductions <= 80.5 & unearned_by_hh_size > 386","2-3","national","ranger","any_error",38,0.5526,0.3704,105.47,0.0263,0.0476,0.0263,1,1,21,"earned income 0.37; unearned income 0.29; shelter deduction 0.20","wrong amount, known item 0.34; wrong include/exclude decision 0.20; unreported source of income 0.17; method or computation 0.06",0.529411764705882,0.571428571428571,0.5,0.514285714285714
33,"core","bbce_state_i >= 1 & earned_by_hh_size >= 254 & gross_by_hh_size < 261 & months_since_cert_n < 13","2-3","national","xgboost","any_error",67,0.5075,0.3702,129.03,0,0,0,2,2,34,"earned income 0.71; shelter deduction 0.19","wrong include/exclude decision 0.29; wrong amount, known item 0.27; unreported source of income 0.23",0.333333333333333,0.970588235294118,0.520833333333333,0.5
34,"core","children_i >= 1 & count_divisible_by_100 <= 0.5 & elderly_disabled_i >= 1 & percent_abawd <= 0.5","1","national","ranger","any_error",34,0.5588,0.3666,112.35,0.0294,0.0526,0.0294,2,2,19,"other element 0.65; shelter deduction 0.12","household composition 0.65; wrong include/exclude decision 0.19",0.615384615384615,0.210526315789474,0.653846153846154,0.653846153846154
35,"core","elderly_disabled_i >= 1 & months_since_cert_n > 6.5 & unc_rawben_rel_max <= 1 & unearned_by_hh_size <= 124","4+","national","ranger","any_error",45,0.5333,0.3663,111.89,0.0222,0.0417,0.0222,4,4,24,"unearned income 0.32; earned income 0.30; shelter deduction 0.19","wrong amount, known item 0.27; wrong include/exclude decision 0.24; unreported source of income 0.14; change in circumstances 0.11",0.444444444444444,0.833333333333333,0.333333333333333,0.540540540540541
36,"core","married <= 0 & months_since_cert_n > 5.5 & total_deductions_by_hh_size > 848 & unc_rawben_rel_max <= 1","2-3","national","ranger","any_error",54,0.5185,0.366,115.96,0.037,0.0714,0.037,2,1,28,"earned income 0.29; shelter deduction 0.24; dep care or child support deduction 0.14; other element 0.14","wrong include/exclude decision 0.37; wrong amount, known item 0.25; unreported source of income 0.14",0.254901960784314,0.857142857142857,0.431372549019608,0.411764705882353
37,"core","count_divisible_by_100 > 1.5 & months_since_cert_n > 5.5 & total_deductions_by_hh_size <= 249 & unc_rawben_rel_max <= 0.975","4+","national","ranger","any_error",32,0.5625,0.3646,104.28,0,0,0,2,2,18,"earned income 0.50; unearned income 0.25","wrong amount, known item 0.34; unreported source of income 0.19; wrong include/exclude decision 0.12; change in circumstances 0.09",0.3,0.555555555555556,0.533333333333333,0.5
38,"core","shelter_expenses_by_hh_size <= 487 & total_deductions_by_hh_size > 691 & unc_rawben_rel_max <= 1","2-3","national","ranger","any_error",64,0.5,0.3604,109.95,0.0312,0.0312,0.0156,2,1,32,"dep care or child support deduction 0.29; earned income 0.27; shelter deduction 0.20","wrong include/exclude decision 0.39; wrong amount, known item 0.29; other 0.14",0.321428571428571,0.8125,0.75,0.464285714285714
39,"core","HH_size_n < 5 & rawben_rel_max >= 0.785 & rawben_rel_max < 0.789","4+","national","xgboost","any_error",39,0.5385,0.3597,118.31,0,0,0,1,1,21,"earned income 0.58; shelter deduction 0.10; unearned income 0.10","wrong amount, known item 0.39; wrong include/exclude decision 0.16; change in circumstances 0.16; unreported source of income 0.13",0.333333333333333,0.666666666666667,0.466666666666667,0.419354838709677
40,"core","earned_by_hh_size >= 560 & expedited_i >= 1 & rawben_rel_max >= 0.324 & unc_rawben_rel_max >= 1.41","1","national","xgboost","any_error",46,0.5217,0.3574,121.93,0,0,0,2,1,24,"earned income 0.71; shelter deduction 0.14","change in circumstances 0.31; unreported source of income 0.29; other 0.17",0.294117647058824,1,0.235294117647059,0.285714285714286
41,"core","earned_by_hh_size >= 250 & earned_by_hh_size < 259","2-3","national","xgboost","any_error",172,0.4419,0.3569,121.7,0,0,0,6,4,76,"earned income 0.68; shelter deduction 0.18","wrong amount, known item 0.35; wrong include/exclude decision 0.25; unreported source of income 0.18",0.357142857142857,0.921052631578947,0.526785714285714,0.5
42,"core","earned_by_hh_size > 94.8 & gross_by_hh_size <= 463 & total_deductions_by_hh_size > 307 & unearned_by_hh_size > 20.6","4+","national","ranger","any_error",60,0.5,0.3562,137.47,0.0167,0.0333,0.0167,2,1,30,"earned income 0.40; unearned income 0.19; other element 0.13; shelter deduction 0.12","wrong amount, known item 0.27; wrong include/exclude decision 0.23; unreported source of income 0.13; other 0.12",0.48,0.833333333333333,0.5,0.5
43,"core","rawben_rel_max >= 0.0436 & shelter_expenses_by_hh_size >= 1100 & unearned_by_hh_size >= 1300","2-3","national","xgboost","any_error",65,0.4923,0.3543,68.68,0.0154,0.0312,0.0154,2,1,32,"shelter deduction 0.49; unearned income 0.23; medical deduction 0.19","wrong include/exclude decision 0.55; wrong amount, known item 0.26",0.297872340425532,0.8125,0.723404255319149,0.617021276595745
44,"core","earned_by_hh_size >= 701 & gross_by_hh_size < 1210 & unc_rawben_rel_max >= 1.34","1","national","xgboost","any_error",151,0.4437,0.3532,99.58,0,0,0,2,1,67,"earned income 0.67; other element 0.11","unreported source of income 0.33; change in circumstances 0.19; wrong include/exclude decision 0.17; wrong amount, known item 0.14",0.21,1,0.34,0.29
45,"core","months_since_cert_n > 12.5 & total_deductions_by_hh_size > 332 & unc_rawben_rel_max > 0.761 & utilities_sua <= 0.5","1","national","ranger","any_error",141,0.4468,0.3532,81.41,0,0,0,5,3,63,"shelter deduction 0.31; utility allowance 0.30; unearned income 0.24","wrong include/exclude decision 0.56; wrong amount, known item 0.15; change in circumstances 0.11",0.333333333333333,0.968253968253968,0.429824561403509,0.535087719298246
46,"core","earned_by_hh_size < 370 & gross_by_hh_size >= 360 & gross_by_hh_size < 384 & shelter_expenses_by_hh_size >= 679","2-3","national","xgboost","any_error",70,0.4857,0.3529,136,0,0,0,1,1,34,"unearned income 0.39; earned income 0.37","unreported source of income 0.39; wrong include/exclude decision 0.18; change in circumstances 0.18",0.183673469387755,0.970588235294118,0.489795918367347,0.36734693877551
47,"core","bbce_state_i >= 1 & HH_size_n > 5.5 & total_deductions_by_hh_size > 242 & unearned_by_hh_size > 0.25","4+","national","ranger","any_error",162,0.4383,0.351,122.86,0.0123,0.0282,0.0123,1,1,71,"earned income 0.32; unearned income 0.24; shelter deduction 0.18; dep care or child support deduction 0.12","wrong amount, known item 0.31; wrong include/exclude decision 0.25; unreported source of income 0.14; method or computation 0.08",0.346456692913386,0.732394366197183,0.559055118110236,0.52755905511811
48,"core","earned_by_hh_size >= 248 & earned_by_hh_size < 256 & gross_by_hh_size < 261","2-3","national","xgboost","any_error",105,0.4571,0.3489,146.51,0,0,0,2,1,48,"earned income 0.75","wrong amount, known item 0.31; wrong include/exclude decision 0.22; unreported source of income 0.22; change in circumstances 0.15",0.353846153846154,1,0.476923076923077,0.523076923076923
49,"core","gross_by_hh_size > 183 & HH_size_n > 5.5 & months_since_cert_n > 5.5 & shelter_expenses_by_hh_size > 405","4+","national","ranger","any_error",47,0.5106,0.3489,139.4,0.0213,0.0417,0.0213,3,3,24,"earned income 0.53; shelter deduction 0.19; unearned income 0.17","wrong amount, known item 0.36; method or computation 0.17; wrong include/exclude decision 0.14; unreported source of income 0.14",0.305555555555556,0.666666666666667,0.527777777777778,0.527777777777778
50,"core","elderly_disabled_i <= 0 & gross_by_hh_size <= 702 & months_since_cert_n > 5.5 & total_deductions_by_hh_size > 1040","1","national","ranger","any_error",181,0.4309,0.3486,94.52,0,0,0,6,3,78,"earned income 0.65; other element 0.17","unreported source of income 0.28; change in circumstances 0.24; wrong include/exclude decision 0.15; wrong amount, known item 0.12",0.260162601626016,0.987179487179487,0.227642276422764,0.284552845528455
51,"core","shelter_expenses_by_hh_size >= 692 & total_deductions_by_hh_size < 768 & unc_rawben_rel_max >= 1.01","1","national","xgboost","any_error",106,0.4528,0.3454,73.23,0,0,0,4,2,48,"unearned income 0.68; shelter deduction 0.19","wrong include/exclude decision 0.44; wrong amount, known item 0.24; unreported source of income 0.12",0.527777777777778,0.979166666666667,0.5,0.75
52,"core","earned_by_hh_size >= 280 & earned_by_hh_size < 474 & months_since_cert_n >= 9 & rawben_rel_max >= 0.641","4+","national","xgboost","any_error",264,0.4129,0.3448,95.64,0.0114,0.0275,0.0114,9,7,109,"earned income 0.50; other element 0.16; shelter deduction 0.13","wrong amount, known item 0.30; wrong include/exclude decision 0.17; change in circumstances 0.16; method or computation 0.09; household composition 0.08",0.450617283950617,0.761467889908257,0.425925925925926,0.545454545454545
53,"core","married >= 1 & rawben_rel_max > 0.996 & unc_rawben_rel_max <= 1","2-3","national","ranger","any_error",62,0.4839,0.3436,111.03,0.0323,0.0333,0.0161,2,1,30,"shelter deduction 0.54; medical deduction 0.15; other element 0.10","wrong include/exclude decision 0.41; wrong amount, known item 0.39",0.51219512195122,0.933333333333333,0.658536585365854,0.731707317073171
54,"core","children_i <= 0 & earned_by_hh_size > 285 & gross_by_hh_size <= 702 & total_deductions_by_hh_size > 1090","1","national","ranger","any_error",169,0.426,0.3412,93.61,0,0,0,2,1,72,"earned income 0.69; shelter deduction 0.11","unreported source of income 0.30; change in circumstances 0.22; wrong amount, known item 0.18; wrong include/exclude decision 0.18",0.299065420560748,1,0.327102803738318,0.261682242990654
55,"core","elderly_disabled_i >= 1 & gross_by_hh_size > 1960 & shelter_expenses_by_hh_size > 726 & unc_rawben_rel_max <= 1","2-3","national","ranger","any_error",34,0.5294,0.3404,117.41,0.0294,0.0556,0.0294,2,1,18,"other element 0.33; earned income 0.29; shelter deduction 0.24","other 0.22; wrong amount, known item 0.22; household composition 0.18; wrong include/exclude decision 0.14",0.244897959183673,1,0.36734693877551,0.326530612244898
56,"core","HH_size_n >= 5 & shelter_expenses_by_hh_size < 463 & total_deductions_by_hh_size >= 335 & unc_rawben_rel_max < 1","4+","national","xgboost","any_error",188,0.4202,0.3399,89.27,0.0106,0.0253,0.0106,3,2,79,"earned income 0.31; dep care or child support deduction 0.28; shelter deduction 0.19","wrong include/exclude decision 0.37; wrong amount, known item 0.31; unreported source of income 0.11",0.458015267175573,0.759493670886076,0.717557251908397,0.603053435114504
57,"core","rawben_rel_max >= 0.116 & total_deductions_by_hh_size >= 150 & unc_rawben_rel_max >= 1.08 & unc_rawben_rel_max < 1.09","4+","national","xgboost","any_error",175,0.4229,0.3396,131.25,0,0,0,5,3,74,"earned income 0.73; shelter deduction 0.10","unreported source of income 0.30; wrong amount, known item 0.21; wrong include/exclude decision 0.21; change in circumstances 0.12",0.444444444444444,0.972972972972973,0.626262626262626,0.525252525252525
58,"core","months_since_cert_n >= 10 & shelter_expenses_by_hh_size >= 1020 & shelter_expenses_by_hh_size < 1210 & utilities_sua < 1","1","national","xgboost","any_error",53,0.4906,0.3393,84.3,0.0189,0.0385,0.0189,1,1,26,"shelter deduction 0.47; utility allowance 0.35","wrong include/exclude decision 0.49; change in circumstances 0.22; wrong amount, known item 0.16",0.254901960784314,0.961538461538462,0.470588235294118,0.411764705882353
59,"core","months_since_cert_n >= 9 & shelter_expenses_by_hh_size >= 55.4 & total_deductions_by_hh_size >= 249 & utilities_sua < 2","4+","national","xgboost","any_error",39,0.5128,0.3368,103.62,0,0,0,1,1,20,"earned income 0.29; shelter deduction 0.20; unearned income 0.17; utility allowance 0.15","wrong amount, known item 0.27; change in circumstances 0.20; wrong include/exclude decision 0.20; other 0.12",0.333333333333333,0.65,0.333333333333333,0.439024390243902
60,"core","earned_by_hh_size >= 24.9 & months_since_cert_n >= 12 & rawben_rel_max >= 0.569 & total_deductions_by_hh_size < 217","4+","national","xgboost","any_error",76,0.4605,0.3346,124.49,0.0263,0.0571,0.0263,1,1,35,"earned income 0.51; shelter deduction 0.16; other element 0.13","wrong include/exclude decision 0.28; wrong amount, known item 0.26; change in circumstances 0.15; other 0.13",0.491803278688525,0.771428571428571,0.459016393442623,0.60655737704918
61,"core","earned_by_hh_size <= 118 & rawben_rel_max > 0.97 & total_deductions_by_hh_size > 486 & unc_rawben_rel_max <= 1","2-3","national","ranger","any_error",125,0.432,0.3339,97.19,0.016,0.037,0.016,2,1,54,"shelter deduction 0.51; medical deduction 0.16; utility allowance 0.10","wrong include/exclude decision 0.43; wrong amount, known item 0.38",0.337662337662338,0.962962962962963,0.727272727272727,0.61038961038961
62,"core","earned_by_hh_size >= 87.4 & earned_by_hh_size < 176 & gross_by_hh_size < 496 & rawben_rel_max < 0.876","4+","national","xgboost","any_error",186,0.414,0.3336,81.09,0.0054,0.013,0.0054,2,1,77,"earned income 0.40; unearned income 0.24; shelter deduction 0.15","wrong amount, known item 0.37; wrong include/exclude decision 0.22; unreported source of income 0.11; household composition 0.10",0.553846153846154,0.623376623376623,0.561538461538462,0.653846153846154
63,"core","earned_by_hh_size >= 448 & months_since_cert_n >= 15 & unc_rawben_rel_max >= 1.28","1","national","xgboost","any_error",49,0.4898,0.3332,112.31,0,0,0,2,1,24,"earned income 0.51; other element 0.27","unreported source of income 0.35; limits and thresholds 0.20; wrong include/exclude decision 0.16; change in circumstances 0.14",0.176470588235294,1,0.0588235294117647,0.176470588235294
64,"core","medical_deductions >= 158 & months_since_cert_n < 14 & rawben_rel_max >= 0.68 & shelter_expenses_by_hh_size < 675","2-3","national","xgboost","any_error",84,0.4524,0.3328,81.11,0.0119,0.0263,0.0119,5,3,38,"medical deduction 0.36; shelter deduction 0.27; unearned income 0.20","wrong include/exclude decision 0.54; wrong amount, known item 0.17; other 0.09",0.542857142857143,0.947368421052632,0.685714285714286,0.628571428571429
65,"core","gross_by_hh_size >= 140 & HH_size_n >= 6 & HH_size_n < 7 & total_deductions_by_hh_size >= 315","4+","national","xgboost","any_error",84,0.4524,0.3328,103.39,0,0,0,1,1,38,"earned income 0.32; dep care or child support deduction 0.21; shelter deduction 0.19; unearned income 0.17","wrong amount, known item 0.35; wrong include/exclude decision 0.29; method or computation 0.10; household composition 0.08",0.523809523809524,0.684210526315789,0.634920634920635,0.603174603174603
66,"core","HH_size_n > 5.5 & months_since_cert_n > 10.5 & rawben_rel_max <= 0.976 & unc_rawben_rel_max > 0.587","4+","national","ranger","any_error",105,0.4381,0.3313,94.43,0.019,0.0217,0.0095,6,4,46,"earned income 0.37; other element 0.21; unearned income 0.21","wrong amount, known item 0.27; wrong include/exclude decision 0.19; unreported source of income 0.13; household composition 0.10; other 0.10",0.583333333333333,0.565217391304348,0.511904761904762,0.627906976744186
67,"core","earned_by_hh_size >= 843 & shelter_expenses_by_hh_size < 1800 & unc_rawben_rel_max >= 1.44","1","national","xgboost","any_error",42,0.5,0.3311,122.05,0,0,0,2,1,21,"earned income 0.62; dep care or child support deduction 0.12","unreported source of income 0.38; wrong include/exclude decision 0.19; change in circumstances 0.12; other 0.09",0.3125,1,0.40625,0.4375
68,"core","earned_by_hh_size > 124 & married >= 1 & months_since_cert_n > 9.5 & total_deductions_by_hh_size > 597","2-3","national","ranger","any_error",42,0.5,0.3311,113.29,0.0238,0.0476,0.0238,2,2,21,"earned income 0.45; shelter deduction 0.20; other element 0.15","wrong amount, known item 0.20; wrong include/exclude decision 0.20; change in circumstances 0.17; other 0.15; unreported source of income 0.12",0.225,0.80952380952381,0.125,0.225
69,"core","medical_deductions > 170 & medical_deductions <= 181 & unc_rawben_rel_max > 0.15 & unearned_by_hh_size > 127","2-3","national","ranger","any_error",42,0.5,0.3311,67.38,0,0,0,6,4,21,"shelter deduction 0.33; unearned income 0.30; earned income 0.09; dep care or child support deduction 0.09","wrong include/exclude decision 0.48; wrong amount, known item 0.30",0.393939393939394,0.80952380952381,0.757575757575758,0.606060606060606
70,"core","HH_size_n >= 5 & months_since_cert_n >= 6 & percent_abawd >= 0.3 & total_deductions_by_hh_size >= 138","4+","national","xgboost","any_error",42,0.5,0.3311,164.14,0.0714,0.1429,0.0714,1,1,21,"earned income 0.48; other element 0.23; shelter deduction 0.13","wrong amount, known item 0.23; household composition 0.23; change in circumstances 0.16; unreported source of income 0.13; wrong include/exclude decision 0.13",0.290322580645161,0.666666666666667,0.483870967741935,0.516129032258065
71,"core","elderly_disabled_i <= 0 & shelter_expenses_by_hh_size <= 424 & total_deductions_by_hh_size > 529 & unc_rawben_rel_max <= 0.957","4+","national","ranger","any_error",42,0.5,0.3311,110.55,0,0,0,1,1,21,"dep care or child support deduction 0.47; earned income 0.22; shelter deduction 0.14","wrong include/exclude decision 0.39; wrong amount, known item 0.31; change in circumstances 0.14",0.444444444444444,0.80952380952381,0.722222222222222,0.555555555555556
72,"core","HH_size_n >= 5 & months_since_cert_n < 7 & shelter_expenses_by_hh_size < 348 & total_deductions_by_hh_size >= 286","4+","national","xgboost","any_error",185,0.4108,0.3304,96.52,0.0108,0.0263,0.0108,4,2,76,"earned income 0.31; dep care or child support deduction 0.29; shelter deduction 0.15","wrong include/exclude decision 0.38; wrong amount, known item 0.33; method or computation 0.08",0.508474576271186,0.789473684210526,0.813559322033898,0.610169491525424
73,"core","shelter_expenses_by_hh_size >= 1100 & total_deductions_by_hh_size < 1140 & unearned_by_hh_size >= 851 & utilities_sua < 1","1","national","xgboost","any_error",121,0.4298,0.3303,65.86,0.0165,0.0192,0.0083,3,2,52,"shelter deduction 0.52; utility allowance 0.35","wrong include/exclude decision 0.59; wrong amount, known item 0.15; change in circumstances 0.14",0.223404255319149,0.942307692307692,0.627659574468085,0.457446808510638
74,"core","earned_by_hh_size >= 81.7 & gross_by_hh_size < 261 & unc_rawben_rel_max >= 1.06 & unc_rawben_rel_max < 1.12","2-3","national","xgboost","any_error",245,0.4,0.3301,111.25,0,0,0,6,4,98,"earned income 0.70; shelter deduction 0.14","wrong amount, known item 0.29; unreported source of income 0.24; wrong include/exclude decision 0.23",0.314285714285714,0.959183673469388,0.528571428571429,0.485714285714286
75,"core","earned_by_hh_size >= 270 & gross_by_hh_size < 438 & HH_size_n >= 5 & unearned_by_hh_size >= 0.2","4+","national","xgboost","any_error",169,0.4142,0.3301,96.22,0.0059,0.0143,0.0059,6,4,70,"earned income 0.46; unearned income 0.24; shelter deduction 0.17","wrong amount, known item 0.38; wrong include/exclude decision 0.21; unreported source of income 0.13; method or computation 0.07",0.358490566037736,0.714285714285714,0.764150943396226,0.598130841121495
76,"core","medical_deductions >= 172 & months_since_cert_n >= 5 & rawben_rel_max >= 0.139 & shelter_expenses_by_hh_size >= 591","2-3","national","xgboost","any_error",143,0.4196,0.3282,55.26,0.007,0.0167,0.007,2,1,60,"medical deduction 0.43; shelter deduction 0.27; unearned income 0.20","wrong include/exclude decision 0.56; wrong amount, known item 0.22",0.472527472527473,0.95,0.505494505494505,0.626373626373626
77,"core","months_since_cert_n > 10.5 & shelter_expenses_by_hh_size > 295 & total_deductions_by_hh_size > 324","4+","national","ranger","any_error",106,0.434,0.3279,78.46,0,0,0,2,1,46,"earned income 0.40; shelter deduction 0.16; other element 0.15; unearned income 0.14","wrong amount, known item 0.29; wrong include/exclude decision 0.21; change in circumstances 0.14; unreported source of income 0.11; method or computation 0.10",0.328767123287671,0.782608695652174,0.410958904109589,0.493150684931507
78,"core","elderly_disabled_i <= 0 & gross_by_hh_size > 308 & unc_rawben_rel_max > 0.0787 & unc_rawben_rel_max <= 0.0822","1","national","ranger","any_error",114,0.4298,0.3276,80.79,0,0,0,5,4,49,"unearned income 0.34; earned income 0.33; shelter deduction 0.17","wrong amount, known item 0.39; wrong include/exclude decision 0.27; other 0.14",0.4,0,0.614285714285714,0.714285714285714
79,"core","shelter_expenses_by_hh_size < 300 & total_deductions_by_hh_size >= 348","4+","national","xgboost","any_error",130,0.4231,0.3273,95.77,0.0077,0.0182,0.0077,2,1,55,"dep care or child support deduction 0.29; earned income 0.26; shelter deduction 0.16; unearned income 0.13","wrong include/exclude decision 0.38; wrong amount, known item 0.29; other 0.10",0.519230769230769,0.8,0.653846153846154,0.60377358490566
80,"core","earned_by_hh_size > 59.7 & shelter_expenses_by_hh_size <= 567 & total_deductions_by_hh_size > 529 & unearned_by_hh_size <= 227","4+","national","ranger","any_error",101,0.4356,0.3271,105.97,0,0,0,2,1,44,"dep care or child support deduction 0.45; earned income 0.28; shelter deduction 0.11","wrong amount, known item 0.36; wrong include/exclude decision 0.29; change in circumstances 0.11",0.36986301369863,0.840909090909091,0.712328767123288,0.44
81,"core","elderly_disabled_i >= 1 & HH_size_n > 2.5 & shelter_expenses_by_hh_size > 646 & unc_rawben_rel_max <= 1","2-3","national","ranger","any_error",141,0.4184,0.3266,77.54,0,0,0,4,3,59,"unearned income 0.33; shelter deduction 0.31; earned income 0.17","wrong include/exclude decision 0.36; wrong amount, known item 0.29; unreported source of income 0.10",0.348314606741573,0.627118644067797,0.629213483146067,0.51685393258427
82,"core","medical_deductions <= 472 & rawben_rel_max > 0.988 & total_deductions_by_hh_size > 541 & unc_rawben_rel_max <= 1","2-3","national","ranger","any_error",99,0.4343,0.3249,111.68,0.0303,0.0233,0.0101,2,1,43,"shelter deduction 0.47; dep care or child support deduction 0.18; unearned income 0.13","wrong amount, known item 0.47; wrong include/exclude decision 0.37",0.283333333333333,0.953488372093023,0.816666666666667,0.583333333333333
83,"core","months_since_cert_n >= 4 & months_since_cert_n < 7 & shelter_expenses_by_hh_size >= 463 & unearned_by_hh_size >= 500","4+","national","xgboost","any_error",38,0.5,0.3235,97.21,0.0263,0.0526,0.0263,1,1,19,"unearned income 0.29; shelter deduction 0.29; other element 0.12; utility allowance 0.12","wrong include/exclude decision 0.46; wrong amount, known item 0.21; method or computation 0.12",0.416666666666667,0.684210526315789,0.75,0.416666666666667
84,"core","HH_size_n > 2.5 & total_deductions_by_hh_size > 636 & unc_rawben_rel_max <= 1","2-3","national","ranger","any_error",156,0.4103,0.3232,88.35,0.0064,0,0,1,1,64,"earned income 0.30; dep care or child support deduction 0.28; unearned income 0.17; shelter deduction 0.13","wrong include/exclude decision 0.33; wrong amount, known item 0.26; unreported source of income 0.14; other 0.12",0.266666666666667,0.78125,0.608333333333333,0.458333333333333
85,"core","children_i <= 0 & expedited_i >= 1 & gross_by_hh_size >= 499 & unearned_by_hh_size < 666","2-3","national","xgboost","any_error",97,0.433,0.3226,99.37,0.0722,0.1667,0.0722,2,2,42,"earned income 0.38; other element 0.24; unearned income 0.16","household composition 0.21; unreported source of income 0.21; wrong include/exclude decision 0.17; wrong amount, known item 0.13; other 0.13",0.344262295081967,0.738095238095238,0.655737704918033,0.428571428571429
86,"core","earned_by_hh_size <= 1870 & gross_by_hh_size > 1780 & HH_size_n <= 2.5 & total_deductions_by_hh_size > 548","2-3","national","ranger","any_error",43,0.4884,0.3226,100.53,0.0698,0.1429,0.0698,2,1,21,"earned income 0.24; other element 0.21; shelter deduction 0.19; unearned income 0.19","wrong amount, known item 0.24; wrong include/exclude decision 0.21; unreported source of income 0.19; household composition 0.12",0.285714285714286,0.904761904761905,0.571428571428571,0.428571428571429
87,"core","earned_by_hh_size >= 317 & married <= 0 & total_deductions_by_hh_size >= 550 & unc_rawben_rel_max >= 1.14","2-3","national","xgboost","any_error",226,0.3938,0.3215,124.35,0,0,0,5,4,89,"earned income 0.77","wrong amount, known item 0.26; change in circumstances 0.24; unreported source of income 0.23; wrong include/exclude decision 0.18",0.235294117647059,1,0.470588235294118,0.445378151260504
88,"core","medical_deductions < 175 & total_deductions_by_hh_size >= 691 & unearned_by_hh_size >= 955","2-3","national","xgboost","any_error",119,0.4202,0.3207,80.82,0.0084,0.02,0.0084,2,1,50,"shelter deduction 0.47; unearned income 0.27; earned income 0.09","wrong include/exclude decision 0.39; wrong amount, known item 0.30; unreported source of income 0.16",0.285714285714286,0.84,0.657142857142857,0.471428571428571
89,"core","count_divisible_by_100 >= 1 & months_since_cert_n >= 6 & total_deductions_by_hh_size >= 308 & utilities_sua >= 2","4+","national","xgboost","any_error",69,0.4493,0.3188,109.88,0,0,0,2,1,31,"earned income 0.31; unearned income 0.26; shelter deduction 0.17; dep care or child support deduction 0.13","wrong include/exclude decision 0.31; wrong amount, known item 0.24; unreported source of income 0.13; other 0.11",0.388888888888889,0.806451612903226,0.703703703703704,0.388888888888889
90,"core","earned_by_hh_size > 42.2 & gross_by_hh_size <= 435 & shelter_expenses_by_hh_size <= 187 & unearned_by_hh_size > 80.3","4+","national","ranger","any_error",247,0.3846,0.3158,88.8,0.0081,0.0211,0.0081,1,1,95,"earned income 0.40; unearned income 0.23; other element 0.14","wrong amount, known item 0.33; wrong include/exclude decision 0.23; household composition 0.10; unreported source of income 0.10; change in circumstances 0.10",0.409356725146199,0.589473684210526,0.608187134502924,0.584795321637427
91,"core","earned_by_hh_size > 13.2 & months_since_cert_n > 5.5 & shelter_expenses_by_hh_size > 302 & shelter_expenses_by_hh_size <= 317","2-3","national","ranger","any_error",49,0.4694,0.315,77.33,0,0,0,3,3,23,"earned income 0.48; shelter deduction 0.24; dep care or child support deduction 0.07","wrong include/exclude decision 0.31; wrong amount, known item 0.24; change in circumstances 0.21",0.261904761904762,0.608695652173913,0.285714285714286,0.523809523809524
92,"core","children_i <= 0 & earned_by_hh_size >= 995 & total_deductions_by_hh_size >= 670 & unearned_by_hh_size >= 3.5","2-3","national","xgboost","any_error",34,0.5,0.3147,114.5,0.0882,0.1765,0.0882,1,1,17,"earned income 0.33; shelter deduction 0.25; other element 0.20","wrong include/exclude decision 0.23; wrong amount, known item 0.20; unreported source of income 0.17; household composition 0.15",0.225,0.882352941176471,0.475,0.275
93,"core","earned_by_hh_size <= 166 & elderly_disabled_i >= 1 & rawben_rel_max > 0.994 & unc_rawben_rel_max <= 1","4+","national","ranger","any_error",44,0.4773,0.3145,81.84,0,0,0,1,1,21,"shelter deduction 0.61; other element 0.18","wrong include/exclude decision 0.55; wrong amount, known item 0.15; other 0.12",0.121212121212121,1,0.575757575757576,0.363636363636364
94,"core","months_since_cert_n < 7 & shelter_expenses_by_hh_size >= 1080 & unc_rawben_rel_max < 1.1 & unearned_by_hh_size >= 818","2-3","national","xgboost","any_error",94,0.4255,0.3142,74.14,0.0106,0.025,0.0106,2,1,40,"shelter deduction 0.43; unearned income 0.32","wrong include/exclude decision 0.37; wrong amount, known item 0.35; unreported source of income 0.13",0.416666666666667,0.75,0.85,0.6
95,"core","months_since_cert_n > 5.5 & total_deductions_by_hh_size > 249 & unc_rawben_rel_max > 0.785 & unc_rawben_rel_max <= 0.975","4+","national","ranger","any_error",321,0.3738,0.3136,91.9,0.0156,0.0417,0.0156,13,7,120,"earned income 0.47; shelter deduction 0.17; unearned income 0.13","wrong amount, known item 0.32; wrong include/exclude decision 0.23; unreported source of income 0.12; change in circumstances 0.10",0.415730337078652,0.766666666666667,0.544943820224719,0.536312849162011
96,"core","earned_by_hh_size > 59.7 & total_deductions_by_hh_size <= 84.5 & unearned_by_hh_size > 73.8","4+","national","ranger","any_error",97,0.4227,0.3132,108.08,0.0103,0.0244,0.0103,2,1,41,"earned income 0.42; unearned income 0.25; other element 0.14","wrong amount, known item 0.37; wrong include/exclude decision 0.13; other 0.13; unreported source of income 0.13; household composition 0.10",0.442857142857143,0.439024390243902,0.614285714285714,0.542857142857143
97,"core","bbce_state_i >= 1 & earned_by_hh_size > 42.2 & earned_by_hh_size <= 346 & HH_size_n > 5.5","4+","national","ranger","any_error",666,0.3544,0.3126,101.73,0.0195,0.0508,0.018,14,7,236,"earned income 0.44; unearned income 0.18; shelter deduction 0.16","wrong amount, known item 0.34; wrong include/exclude decision 0.22; household composition 0.12; unreported source of income 0.12",0.430851063829787,0.656779661016949,0.686170212765957,0.619047619047619
98,"core","earned_by_hh_size > 37.1 & months_since_cert_n > 5.5 & unc_rawben_rel_max > 0.39 & unearned_by_hh_size > 306","4+","national","ranger","any_error",60,0.45,0.311,104.85,0,0,0,3,3,27,"earned income 0.41; unearned income 0.23; shelter deduction 0.20","wrong include/exclude decision 0.27; wrong amount, known item 0.27; unreported source of income 0.20",0.454545454545455,0.666666666666667,0.409090909090909,0.454545454545455
99,"core","rawben_rel_max > 0.992 & shelter_expenses_by_hh_size > 1460 & unc_rawben_rel_max <= 1.04 & utilities_sua > 0.5","1","national","ranger","any_error",407,0.3612,0.308,66.37,0.0049,0,0,7,4,147,"unearned income 0.40; shelter deduction 0.39","wrong include/exclude decision 0.45; wrong amount, known item 0.23; unreported source of income 0.19",0.333333333333333,0.993197278911565,0.61025641025641,0.51530612244898
100,"core","shelter_expenses_by_hh_size >= 431 & unc_rawben_rel_max < 1 & unearned_by_hh_size >= 146 & unearned_by_hh_size < 242","4+","national","xgboost","any_error",138,0.3986,0.3072,102.79,0.029,0.0545,0.0217,4,3,55,"earned income 0.33; unearned income 0.29; shelter deduction 0.17","wrong amount, known item 0.38; unreported source of income 0.13; wrong include/exclude decision 0.13; method or computation 0.10; change in circumstances 0.09",0.388888888888889,0.727272727272727,0.644444444444444,0.555555555555556
101,"core","earned_by_hh_size >= 663 & months_since_cert_n >= 13 & rawben_rel_max >= 0.426","1","national","xgboost","any_error",88,0.4205,0.3062,82.69,0.0227,0.0541,0.0227,2,1,37,"earned income 0.45; other element 0.19; shelter deduction 0.17","wrong include/exclude decision 0.26; unreported source of income 0.22; change in circumstances 0.17; wrong amount, known item 0.15",0.192307692307692,0.945945945945946,0.230769230769231,0.282051282051282
102,"core","HH_size_n > 5.5 & rawben_rel_max > 0.889 & rawben_rel_max <= 0.894","4+","national","ranger","any_error",30,0.5,0.3046,158.07,0.0667,0.1333,0.0667,1,1,15,"earned income 0.48; dep care or child support deduction 0.13; shelter deduction 0.13; unearned income 0.13","wrong amount, known item 0.39; wrong include/exclude decision 0.26; change in circumstances 0.13",0.391304347826087,0.533333333333333,0.304347826086957,0.521739130434783
103,"core","shelter_expenses_by_hh_size >= 2300 & total_deductions_by_hh_size >= 1450 & unc_rawben_rel_max < 1.01","1","national","xgboost","any_error",108,0.4074,0.3044,70.52,0.0556,0.1364,0.0556,5,3,44,"shelter deduction 0.35; earned income 0.23; unearned income 0.15; medical deduction 0.11","wrong include/exclude decision 0.40; wrong amount, known item 0.28; unreported source of income 0.15",0.415384615384615,0.886363636363636,0.553846153846154,0.569230769230769
104,"core","medical_deductions > 162 & percent_abawd <= 0.167 & rawben_rel_max > 0.997 & utilities_sua > 0.5","2-3","national","ranger","any_error",48,0.4583,0.3039,133,0,0,0,2,1,22,"medical deduction 0.39; unearned income 0.24; shelter deduction 0.24","wrong include/exclude decision 0.55; wrong amount, known item 0.27",0.606060606060606,0.954545454545455,0.575757575757576,0.757575757575758
105,"core","medical_deductions >= 205 & medical_deductions < 937 & rawben_rel_max >= 0.325","2-3","national","xgboost","any_error",186,0.3817,0.3033,54.94,0,0,0,4,2,71,"medical deduction 0.44; unearned income 0.29; shelter deduction 0.21","wrong include/exclude decision 0.63; wrong amount, known item 0.25",0.528301886792453,0.929577464788732,0.5,0.726415094339623
106,"core","percent_abawd > 0.167 & rawben_rel_max <= 0.996 & total_deductions_by_hh_size > 480 & utilities_sua <= 1.5","2-3","national","ranger","any_error",33,0.4848,0.2994,84.94,0.0303,0.0625,0.0303,2,1,16,"earned income 0.36; other element 0.14; shelter deduction 0.14; dep care or child support deduction 0.14","other 0.21; wrong include/exclude decision 0.21; unreported source of income 0.18; wrong amount, known item 0.18",0.142857142857143,0.875,0.535714285714286,0.214285714285714
107,"core","rawben_rel_max < 0.882 & unc_rawben_rel_max >= 0.871 & utilities_sua >= 1","4+","national","xgboost","any_error",145,0.3862,0.2979,78.03,0,0,0,2,2,56,"earned income 0.35; unearned income 0.21; shelter deduction 0.20","wrong amount, known item 0.35; wrong include/exclude decision 0.26; change in circumstances 0.09; unreported source of income 0.07",0.443037974683544,0.660714285714286,0.746835443037975,0.6875
108,"buffer","earned_by_hh_size > 128 & earned_by_hh_size <= 387 & unc_rawben_rel_max > 1.1 & unc_rawben_rel_max <= 1.2","2-3","national","ranger","any_error",663,0.3424,0.3009,103.83,0,0,0,20,11,227,"earned income 0.73; shelter deduction 0.12","wrong amount, known item 0.27; unreported source of income 0.21; change in circumstances 0.20; wrong include/exclude decision 0.16",0.323624595469256,0.964757709251101,0.527508090614887,0.485436893203884
109,"buffer","children_i >= 1 & months_since_cert_n < 4 & shelter_expenses_by_hh_size < 915 & unc_rawben_rel_max < 0.701","1","national","xgboost","any_error",68,0.4265,0.2975,58.4,0.0294,0.069,0.0294,3,3,29,"other element 0.37; shelter deduction 0.21; unearned income 0.18","household composition 0.37; wrong include/exclude decision 0.26; wrong amount, known item 0.18",0.394736842105263,0.137931034482759,0.684210526315789,0.684210526315789
110,"buffer","earned_by_hh_size >= 21.7 & earned_by_hh_size < 264 & gross_by_hh_size >= 250 & unc_rawben_rel_max >= 1.06","2-3","national","xgboost","any_error",296,0.3581,0.2964,97.52,0,0,0,8,4,106,"earned income 0.70; shelter deduction 0.13","wrong amount, known item 0.36; wrong include/exclude decision 0.20; unreported source of income 0.17; change in circumstances 0.15",0.356643356643357,0.981132075471698,0.531468531468531,0.548611111111111
111,"buffer","unc_rawben_rel_max >= 1.08 & unc_rawben_rel_max < 1.1 & unearned_by_hh_size < 84.8","4+","national","xgboost","any_error",254,0.3622,0.2956,121.15,0,0,0,6,3,92,"earned income 0.72; unearned income 0.09","unreported source of income 0.28; wrong amount, known item 0.23; wrong include/exclude decision 0.20; change in circumstances 0.11",0.430894308943089,0.967391304347826,0.682926829268293,0.536585365853659
112,"buffer","gross_by_hh_size > 220 & shelter_expenses_by_hh_size > 745 & total_deductions_by_hh_size <= 476 & unearned_by_hh_size <= 262","2-3","national","ranger","any_error",120,0.3917,0.2948,92.19,0.0083,0.0213,0.0083,3,2,47,"earned income 0.70; unearned income 0.12","wrong amount, known item 0.35; unreported source of income 0.23; other 0.11; method or computation 0.11",0.368421052631579,0.851063829787234,0.631578947368421,0.456140350877193
113,"buffer","bbce_state_i >= 1 & earned_by_hh_size > 42.6 & HH_size_n > 5.5 & married <= 0","4+","national","ranger","any_error",738,0.3333,0.2943,83.95,0.0068,0.0203,0.0068,11,6,246,"earned income 0.42; unearned income 0.18; shelter deduction 0.16","wrong amount, known item 0.31; wrong include/exclude decision 0.26; unreported source of income 0.12; household composition 0.10",0.417085427135678,0.666666666666667,0.706030150753769,0.597989949748744
114,"buffer","rawben_rel_max <= 0.99 & total_deductions_by_hh_size > 213 & unearned_by_hh_size > 20.5 & unearned_by_hh_size <= 59.3","4+","national","ranger","any_error",228,0.364,0.2939,72.53,0,0,0,2,1,83,"earned income 0.36; unearned income 0.29; shelter deduction 0.16","wrong amount, known item 0.44; wrong include/exclude decision 0.26; unreported source of income 0.09",0.405797101449275,0.746987951807229,0.58695652173913,0.546762589928058
115,"buffer","HH_size_n > 5.5 & rawben_rel_max <= 0.975 & unearned_by_hh_size > 21.6 & unearned_by_hh_size <= 45.8","4+","national","ranger","any_error",83,0.4096,0.2934,90.84,0,0,0,1,1,34,"earned income 0.49; unearned income 0.24; shelter deduction 0.14","wrong amount, known item 0.42; wrong include/exclude decision 0.20; unreported source of income 0.15",0.322033898305085,0.705882352941177,0.508474576271186,0.440677966101695
116,"buffer","earned_by_hh_size > 581 & gross_by_hh_size <= 628 & months_since_cert_n > 6.5","4+","national","ranger","any_error",109,0.3945,0.2931,82.89,0.0092,0.0233,0.0092,4,2,43,"earned income 0.53; shelter deduction 0.19; other element 0.17","wrong amount, known item 0.29; other 0.14; wrong include/exclude decision 0.14; household composition 0.12; change in circumstances 0.12",0.254237288135593,0.627906976744186,0.440677966101695,0.593220338983051
117,"buffer","gross_by_hh_size > 201 & shelter_expenses_by_hh_size <= 102 & unearned_by_hh_size > 27.3 & unearned_by_hh_size <= 212","4+","national","ranger","any_error",284,0.3556,0.2928,74.64,0,0,0,5,3,101,"earned income 0.44; unearned income 0.26; other element 0.15","wrong amount, known item 0.36; wrong include/exclude decision 0.19; household composition 0.12; change in circumstances 0.10",0.398773006134969,0.475247524752475,0.711656441717791,0.613496932515337
118,"buffer","earned_by_hh_size <= 108 & rawben_rel_max <= 0.882 & total_deductions_by_hh_size > 481 & utilities_sua <= 1.5","2-3","national","ranger","any_error",39,0.4615,0.2922,82.28,0,0,0,6,5,18,"shelter deduction 0.46; utility allowance 0.15; unearned income 0.12; medical deduction 0.12","wrong include/exclude decision 0.69; wrong amount, known item 0.12",0.307692307692308,0.944444444444444,0.769230769230769,0.461538461538462
119,"buffer","earned_by_hh_size > 426 & months_since_cert_n > 5.5 & rawben_rel_max > 0.285 & utilities_sua <= 0.5","1","national","ranger","any_error",151,0.3775,0.2915,70.42,0.0728,0.1754,0.0662,14,10,57,"earned income 0.59; shelter deduction 0.18","wrong include/exclude decision 0.28; unreported source of income 0.24; change in circumstances 0.19; wrong amount, known item 0.17",0.252631578947368,0.789473684210526,0.294736842105263,0.273684210526316
120,"buffer","months_since_cert_n < 3 & shelter_expenses_by_hh_size >= 1020 & unearned_by_hh_size >= 318","2-3","national","xgboost","any_error",116,0.3879,0.2899,76.74,0.0172,0.0444,0.0172,2,1,45,"shelter deduction 0.36; unearned income 0.27; earned income 0.17","wrong amount, known item 0.38; wrong include/exclude decision 0.29; unreported source of income 0.16",0.376623376623377,0.844444444444444,0.831168831168831,0.519480519480519
121,"buffer","elderly_disabled_i <= 0 & rawben_rel_max <= 0.312 & unc_rawben_rel_max > 0.0769 & unearned_by_hh_size > 268","1","national","ranger","any_error",143,0.3776,0.2894,71.04,0.028,0.0741,0.028,6,4,54,"unearned income 0.56; shelter deduction 0.16; utility allowance 0.10","wrong amount, known item 0.46; wrong include/exclude decision 0.28; other 0.14",0.417721518987342,0.111111111111111,0.658227848101266,0.708860759493671
122,"buffer","earned_by_hh_size > 42.6 & gross_by_hh_size > 151 & married <= 0 & total_deductions_by_hh_size <= 122","4+","national","ranger","any_error",477,0.3375,0.2892,74.19,0.0063,0.0186,0.0063,2,1,161,"earned income 0.46; unearned income 0.23; other element 0.14","wrong amount, known item 0.35; wrong include/exclude decision 0.20; unreported source of income 0.11; household composition 0.10",0.412213740458015,0.577639751552795,0.625954198473282,0.564885496183206
123,"buffer","earned_by_hh_size > 5.75 & gross_by_hh_size > 731 & rawben_rel_max > 0.786 & unearned_by_hh_size > 169","2-3","national","ranger","any_error",70,0.4143,0.2883,104.04,0,0,0,2,1,29,"earned income 0.43; shelter deduction 0.20; unearned income 0.20","wrong amount, known item 0.30; wrong include/exclude decision 0.27; unreported source of income 0.16; change in circumstances 0.14",0.227272727272727,0.862068965517241,0.454545454545455,0.386363636363636
124,"buffer","earned_by_hh_size >= 709 & earned_by_hh_size < 761 & rawben_rel_max >= 0.467 & unc_rawben_rel_max >= 0.454","4+","national","xgboost","any_error",171,0.3684,0.2879,70.16,0,0,0,9,7,63,"earned income 0.35; shelter deduction 0.19; dep care or child support deduction 0.18; unearned income 0.14","wrong amount, known item 0.41; wrong include/exclude decision 0.26; other 0.08; unreported source of income 0.08",0.343434343434343,0.777777777777778,0.626262626262626,0.51
125,"buffer","gross_by_hh_size >= 425 & months_since_cert_n >= 4 & shelter_expenses_by_hh_size >= 463 & total_deductions_by_hh_size < 384","4+","national","xgboost","any_error",314,0.3471,0.2877,86.03,0.0096,0.0275,0.0096,4,2,109,"earned income 0.40; unearned income 0.20; shelter deduction 0.18","wrong amount, known item 0.29; wrong include/exclude decision 0.21; unreported source of income 0.12; change in circumstances 0.12; method or computation 0.09",0.344632768361582,0.678899082568807,0.514124293785311,0.531073446327684
126,"buffer","earned_by_hh_size >= 5.5 & rawben_rel_max >= 0.353 & unearned_by_hh_size >= 146 & unearned_by_hh_size < 174","4+","national","xgboost","any_error",255,0.3529,0.287,82.02,0.0157,0.0444,0.0157,4,2,90,"earned income 0.42; unearned income 0.24; shelter deduction 0.14","wrong amount, known item 0.39; wrong include/exclude decision 0.16; change in circumstances 0.12; unreported source of income 0.08",0.43046357615894,0.666666666666667,0.576158940397351,0.568627450980392
127,"buffer","earned_by_hh_size >= 471 & months_since_cert_n >= 8 & percent_abawd >= 0.333 & rawben_rel_max >= 0.5","2-3","national","xgboost","any_error",82,0.4024,0.2863,95.18,0.0488,0.1212,0.0488,7,6,33,"earned income 0.49; other element 0.23; shelter deduction 0.11","wrong amount, known item 0.28; wrong include/exclude decision 0.21; unreported source of income 0.11; household composition 0.10; other 0.10",0.327868852459016,0.848484848484849,0.459016393442623,0.459016393442623
128,"buffer","elderly_disabled_i <= 0 & shelter_expenses_by_hh_size <= 712 & total_deductions_by_hh_size > 673 & unc_rawben_rel_max <= 1","2-3","national","ranger","any_error",203,0.3596,0.2858,63.9,0.0148,0.0274,0.0099,4,2,73,"earned income 0.36; dep care or child support deduction 0.30; shelter deduction 0.13","wrong include/exclude decision 0.31; wrong amount, known item 0.30; unreported source of income 0.10; other 0.10",0.289256198347107,0.753424657534247,0.644628099173554,0.43801652892562
129,"buffer","gross_by_hh_size < 1790 & months_since_cert_n >= 19 & total_deductions_by_hh_size >= 574 & utilities_sua < 1","1","national","xgboost","any_error",106,0.3868,0.2848,63.26,0.0189,0.0488,0.0189,2,2,41,"shelter deduction 0.39; utility allowance 0.32; unearned income 0.11","wrong include/exclude decision 0.55; wrong amount, known item 0.15; change in circumstances 0.14",0.27027027027027,0.926829268292683,0.418918918918919,0.5
130,"buffer","medical_deductions < 3 & rawben_rel_max < 0.08 & shelter_expenses_by_hh_size < 977 & unc_rawben_rel_max >= 0.076","1","national","xgboost","any_error",106,0.3868,0.2848,64.46,0.0094,0.0244,0.0094,3,2,41,"shelter deduction 0.36; unearned income 0.27; earned income 0.18","wrong include/exclude decision 0.50; wrong amount, known item 0.21; change in circumstances 0.11",0.571428571428571,0.024390243902439,0.732142857142857,0.785714285714286
131,"buffer","earned_by_hh_size >= 11 & expedited_i >= 1 & gross_by_hh_size >= 221 & months_since_cert_n >= 9","2-3","national","xgboost","any_error",109,0.3853,0.2848,88.21,0.0459,0.119,0.0459,3,2,42,"earned income 0.61; other element 0.13; shelter deduction 0.13","wrong amount, known item 0.24; unreported source of income 0.21; change in circumstances 0.18; wrong include/exclude decision 0.13",0.295081967213115,0.761904761904762,0.39344262295082,0.483870967741935
132,"buffer","medical_deductions <= 582 & rawben_rel_max > 0.132 & unc_rawben_rel_max > 0.999 & unc_rawben_rel_max <= 1","2-3","national","ranger","any_error",261,0.3487,0.2838,60.14,0,0,0,2,1,91,"shelter deduction 0.59; dep care or child support deduction 0.12; utility allowance 0.09","wrong include/exclude decision 0.54; wrong amount, known item 0.31",0.275590551181102,0.978021978021978,0.779527559055118,0.480314960629921
133,"buffer","months_since_cert_n < 5 & rawben_rel_max >= 0.996 & unearned_by_hh_size >= 612","2-3","national","xgboost","any_error",54,0.4259,0.2833,134,0,0,0,3,2,23,"shelter deduction 0.47; unearned income 0.30","wrong amount, known item 0.50; wrong include/exclude decision 0.27",0.4,0.956521739130435,0.7,0.633333333333333
134,"buffer","gross_by_hh_size >= 221 & rawben_rel_max >= 0.116 & total_deductions_by_hh_size < 395 & unc_rawben_rel_max >= 1.09","2-3","national","xgboost","any_error",271,0.3469,0.2832,103.99,0,0,0,12,6,94,"earned income 0.63; unearned income 0.16","wrong amount, known item 0.27; wrong include/exclude decision 0.22; unreported source of income 0.22; change in circumstances 0.14",0.338461538461538,0.978723404255319,0.553846153846154,0.476923076923077
135,"buffer","medical_deductions >= 125 & months_since_cert_n >= 8 & total_deductions_by_hh_size >= 558","2-3","national","xgboost","any_error",146,0.3699,0.2831,57.72,0.0068,0.0185,0.0068,2,1,54,"shelter deduction 0.34; medical deduction 0.33; unearned income 0.17","wrong include/exclude decision 0.51; wrong amount, known item 0.24; other 0.07",0.436781609195402,0.962962962962963,0.448275862068966,0.563218390804598
136,"buffer","HH_size_n >= 6 & shelter_expenses_by_hh_size >= 269 & total_deductions_by_hh_size >= 189 & unearned_by_hh_size >= 0.2","4+","national","xgboost","any_error",265,0.3472,0.2828,83.01,0.0075,0.0217,0.0075,2,1,92,"earned income 0.34; unearned income 0.26; shelter deduction 0.18","wrong amount, known item 0.30; wrong include/exclude decision 0.24; unreported source of income 0.13; household composition 0.10",0.320512820512821,0.673913043478261,0.583333333333333,0.583333333333333
137,"buffer","rawben_rel_max >= 0.163 & unearned_by_hh_size >= 892 & utilities_sua < 2","2-3","national","xgboost","any_error",83,0.3976,0.2826,60.59,0,0,0,4,2,33,"shelter deduction 0.31; unearned income 0.21; utility allowance 0.21; medical deduction 0.12","wrong include/exclude decision 0.60; wrong amount, known item 0.14; unreported source of income 0.10",0.30952380952381,0.727272727272727,0.785714285714286,0.619047619047619
138,"buffer","bbce_state_i >= 1 & earned_by_hh_size <= 378 & percent_abawd > 0.0885 & unc_rawben_rel_max <= 0.975","4+","national","ranger","any_error",243,0.3498,0.2826,96.58,0.0412,0.0941,0.0329,8,4,85,"earned income 0.36; shelter deduction 0.20; unearned income 0.19","wrong include/exclude decision 0.26; wrong amount, known item 0.20; unreported source of income 0.12; household composition 0.12; change in circumstances 0.11",0.421052631578947,0.682352941176471,0.625,0.585526315789474
139,"buffer","gross_by_hh_size <= 834 & months_since_cert_n > 7.5 & total_deductions_by_hh_size > 559 & unc_rawben_rel_max <= 1.03","1","national","ranger","any_error",355,0.338,0.2825,49.09,0.0085,0.0083,0.0028,4,2,120,"unearned income 0.60; shelter deduction 0.20","wrong include/exclude decision 0.43; wrong amount, known item 0.25; unreported source of income 0.10",0.505208333333333,0.933333333333333,0.322916666666667,0.725388601036269
140,"buffer","earned_by_hh_size >= 872 & rawben_rel_max >= 0.391 & shelter_expenses_by_hh_size < 956 & unearned_by_hh_size >= 12.7","2-3","national","xgboost","any_error",86,0.3953,0.2824,71.41,0.0116,0.0294,0.0116,3,2,34,"earned income 0.41; unearned income 0.25; shelter deduction 0.14","wrong amount, known item 0.38; wrong include/exclude decision 0.27; unreported source of income 0.16",0.34375,0.823529411764706,0.53125,0.5625
141,"buffer","gross_by_hh_size >= 669 & rawben_rel_max >= 0.467 & shelter_expenses_by_hh_size >= 945 & utilities_sua < 2","1","national","xgboost","any_error",902,0.3171,0.2822,47.64,0.0277,0.0524,0.0166,27,15,286,"shelter deduction 0.37; utility allowance 0.37; earned income 0.10","wrong include/exclude decision 0.58; wrong amount, known item 0.18",0.286995515695067,0.958041958041958,0.639013452914798,0.467561521252796
142,"buffer","gross_by_hh_size >= 401 & shelter_expenses_by_hh_size >= 136 & shelter_expenses_by_hh_size < 243 & total_deductions_by_hh_size >= 268","4+","national","xgboost","any_error",107,0.3832,0.282,78.58,0,0,0,1,1,41,"dep care or child support deduction 0.36; earned income 0.29; unearned income 0.17","wrong amount, known item 0.39; wrong include/exclude decision 0.36",0.439393939393939,0.75609756097561,0.712121212121212,0.696969696969697
143,"buffer","bbce_state_i >= 1 & earned_by_hh_size > 404 & expedited_i >= 1 & months_since_cert_n > 6.5","1","national","ranger","any_error",219,0.3516,0.281,72.73,0.0776,0.2208,0.0776,9,6,77,"earned income 0.58; other element 0.21","unreported source of income 0.25; change in circumstances 0.23; wrong include/exclude decision 0.15; limits and thresholds 0.15",0.263565891472868,0.857142857142857,0.131782945736434,0.230769230769231
144,"buffer","children_i <= 0 & gross_by_hh_size >= 360 & total_deductions_by_hh_size < 642 & unc_rawben_rel_max >= 1.16","2-3","national","xgboost","any_error",46,0.4348,0.2807,146.46,0,0,0,1,1,20,"unearned income 0.48; earned income 0.44","wrong include/exclude decision 0.32; wrong amount, known item 0.24; unreported source of income 0.24",0.32,1,0.4,0.52
145,"buffer","rawben_rel_max >= 0.797 & shelter_expenses_by_hh_size >= 1840 & unc_rawben_rel_max < 1.03","1","national","xgboost","any_error",312,0.3397,0.2806,64.88,0.016,0.0283,0.0096,6,3,106,"shelter deduction 0.39; unearned income 0.33; earned income 0.11","wrong include/exclude decision 0.41; wrong amount, known item 0.21; unreported source of income 0.20",0.302816901408451,0.962264150943396,0.598591549295775,0.48951048951049
146,"buffer","earned_by_hh_size >= 1080 & months_since_cert_n >= 4 & rawben_rel_max < 0.596 & unc_rawben_rel_max >= 0.461","2-3","national","xgboost","any_error",66,0.4091,0.2805,81.11,0.0455,0.1111,0.0455,4,3,27,"earned income 0.46; unearned income 0.13; other element 0.13; dep care or child support deduction 0.11","wrong amount, known item 0.33; unreported source of income 0.22; wrong include/exclude decision 0.20; household composition 0.13",0.347826086956522,0.888888888888889,0.5,0.369565217391304
147,"buffer","gross_by_hh_size >= 372 & HH_size_n >= 6 & unc_rawben_rel_max >= 0.471 & unearned_by_hh_size >= 160","4+","national","xgboost","any_error",204,0.3529,0.2798,84.99,0.0098,0.0278,0.0098,1,1,72,"unearned income 0.39; earned income 0.30; shelter deduction 0.14","wrong amount, known item 0.40; wrong include/exclude decision 0.24; unreported source of income 0.12",0.491228070175439,0.625,0.719298245614035,0.684210526315789
148,"buffer","gross_by_hh_size >= 698 & rawben_rel_max < 0.39 & unc_rawben_rel_max >= 0.372 & unearned_by_hh_size < 123","4+","national","xgboost","any_error",117,0.3761,0.2796,81.44,0,0,0,5,3,44,"earned income 0.43; other element 0.16; shelter deduction 0.14; unearned income 0.13","wrong amount, known item 0.31; wrong include/exclude decision 0.25; unreported source of income 0.12; household composition 0.09",0.38961038961039,0.681818181818182,0.480519480519481,0.623376623376623
149,"buffer","earned_by_hh_size >= 706 & earned_by_hh_size < 969 & months_since_cert_n >= 2 & shelter_expenses_by_hh_size >= 894","2-3","national","xgboost","any_error",105,0.381,0.2791,82.26,0.0095,0.025,0.0095,2,1,40,"earned income 0.51; unearned income 0.21; other element 0.13","wrong amount, known item 0.26; unreported source of income 0.18; change in circumstances 0.16; other 0.16",0.442622950819672,0.8,0.311475409836066,0.540983606557377
150,"buffer","earned_by_hh_size > 4.75 & rawben_rel_max > 0.402 & unc_rawben_rel_max <= 1 & unearned_by_hh_size > 236","2-3","national","ranger","any_error",841,0.3151,0.2791,55.97,0.0083,0.0189,0.0059,16,10,265,"earned income 0.43; unearned income 0.22; shelter deduction 0.19","wrong amount, known item 0.32; wrong include/exclude decision 0.23; unreported source of income 0.15; change in circumstances 0.11",0.395238095238095,0.656603773584906,0.583333333333333,0.553444180522565
151,"buffer","gross_by_hh_size < 669 & rawben_rel_max < 0.942 & shelter_expenses_by_hh_size >= 219 & utilities_sua < 2","4+","national","xgboost","any_error",262,0.3435,0.2791,60.53,0.0038,0.0111,0.0038,7,4,90,"earned income 0.29; shelter deduction 0.24; unearned income 0.19; utility allowance 0.18","wrong include/exclude decision 0.34; wrong amount, known item 0.31; change in circumstances 0.09; unreported source of income 0.07",0.444444444444444,0.677777777777778,0.625,0.564625850340136
152,"buffer","gross_by_hh_size >= 92 & percent_abawd >= 0.4 & rawben_rel_max < 0.896 & total_deductions_by_hh_size >= 188","4+","national","xgboost","any_error",102,0.3824,0.2791,74.25,0.0098,0.0256,0.0098,2,2,39,"earned income 0.38; other element 0.20; shelter deduction 0.18","wrong amount, known item 0.30; wrong include/exclude decision 0.18; household composition 0.15; unreported source of income 0.12",0.439393939393939,0.666666666666667,0.757575757575758,0.590909090909091
153,"buffer","earned_by_hh_size >= 98 & shelter_expenses_by_hh_size >= 1770 & total_deductions_by_hh_size < 1100 & unc_rawben_rel_max >= 1.02","1","national","xgboost","any_error",87,0.3908,0.279,87.2,0,0,0,3,2,34,"earned income 0.73; shelter deduction 0.12","unreported source of income 0.33; wrong amount, known item 0.25; wrong include/exclude decision 0.23",0.3125,1,0.5,0.4375
154,"buffer","earned_by_hh_size > 13 & earned_by_hh_size <= 82.2 & medical_deductions <= 24.5 & unc_rawben_rel_max <= 1","2-3","national","ranger","any_error",164,0.3598,0.2784,61.98,0.0244,0.0339,0.0122,2,1,59,"earned income 0.49; unearned income 0.24; shelter deduction 0.16","unreported source of income 0.30; wrong amount, known item 0.27; wrong include/exclude decision 0.16; change in circumstances 0.10",0.386363636363636,0.745762711864407,0.636363636363636,0.465909090909091
155,"buffer","earned_by_hh_size > 41 & elderly_disabled_i >= 1 & rawben_rel_max > 0.539 & total_deductions_by_hh_size <= 254","2-3","national","ranger","any_error",64,0.4062,0.2762,69.73,0,0,0,2,2,26,"earned income 0.61; unearned income 0.13; shelter deduction 0.11","wrong amount, known item 0.32; wrong include/exclude decision 0.24; unreported source of income 0.21",0.473684210526316,0.653846153846154,0.552631578947368,0.684210526315789
156,"buffer","married >= 1 & rawben_rel_max <= 0.26 & shelter_expenses_by_hh_size > 942 & total_deductions_by_hh_size > 366","2-3","national","ranger","any_error",82,0.3902,0.2755,82.37,0.0488,0.125,0.0488,2,1,32,"shelter deduction 0.29; earned income 0.29; other element 0.15; unearned income 0.11","wrong include/exclude decision 0.26; wrong amount, known item 0.26; other 0.13; change in circumstances 0.13",0.290322580645161,0.78125,0.467741935483871,0.467741935483871
157,"buffer","rawben_rel_max < 0.882 & shelter_expenses_by_hh_size < 447 & total_deductions_by_hh_size >= 335 & unc_rawben_rel_max < 1.16","4+","national","xgboost","any_error",561,0.3191,0.2752,59.85,0.0053,0.0168,0.0053,7,4,179,"earned income 0.33; dep care or child support deduction 0.26; shelter deduction 0.20","wrong include/exclude decision 0.35; wrong amount, known item 0.32; unreported source of income 0.08; other 0.08",0.444839857651246,0.737430167597765,0.647686832740214,0.579505300353357
158,"buffer","shelter_expenses_by_hh_size >= 455 & shelter_expenses_by_hh_size < 492 & total_deductions_by_hh_size >= 408","4+","national","xgboost","any_error",47,0.4255,0.2742,75.45,0.0213,0.05,0.0213,2,1,20,"dep care or child support deduction 0.34; earned income 0.24; shelter deduction 0.21","wrong amount, known item 0.45; wrong include/exclude decision 0.29; method or computation 0.08",0.289473684210526,0.8,0.815789473684211,0.605263157894737
159,"buffer","gross_by_hh_size >= 250 & gross_by_hh_size < 271 & HH_size_n >= 3 & rawben_rel_max >= 0.897","2-3","national","xgboost","any_error",241,0.3402,0.2735,91.53,0.0124,0.0244,0.0083,4,3,82,"earned income 0.68; shelter deduction 0.17","wrong amount, known item 0.32; wrong include/exclude decision 0.25; unreported source of income 0.18; change in circumstances 0.14",0.333333333333333,0.951219512195122,0.535087719298246,0.508771929824561
160,"buffer","bbce_state_i >= 1 & elderly_disabled_i >= 1 & gross_by_hh_size > 502 & rawben_rel_max > 0.514","4+","national","ranger","any_error",228,0.3421,0.2734,67.31,0.0044,0.0128,0.0044,3,2,78,"unearned income 0.27; earned income 0.26; shelter deduction 0.22","wrong amount, known item 0.38; wrong include/exclude decision 0.32; other 0.06",0.512,0.666666666666667,0.648,0.648
161,"buffer","earned_by_hh_size >= 18.2 & percent_abawd < 0.0769 & shelter_expenses_by_hh_size >= 451 & unearned_by_hh_size >= 3.17","4+","national","xgboost","any_error",400,0.325,0.2732,72.44,0.0075,0.0231,0.0075,2,1,130,"earned income 0.36; unearned income 0.28; shelter deduction 0.16","wrong amount, known item 0.37; wrong include/exclude decision 0.20; unreported source of income 0.13; change in circumstances 0.09",0.35981308411215,0.7,0.649532710280374,0.537383177570093
162,"buffer","gross_by_hh_size < 1040 & rawben_rel_max < 0.244 & total_deductions_by_hh_size >= 213 & total_deductions_by_hh_size < 220","1","national","xgboost","any_error",53,0.4151,0.2728,32.64,0,0,0,1,1,22,"shelter deduction 0.88","wrong include/exclude decision 0.92",0.64,0,0.56,0.88
163,"buffer","earned_by_hh_size >= 11 & rawben_rel_max >= 0.826 & shelter_expenses_by_hh_size >= 764 & total_deductions_by_hh_size < 465","2-3","national","xgboost","any_error",53,0.4151,0.2728,105.25,0,0,0,2,1,22,"earned income 0.74; shelter deduction 0.11","wrong amount, known item 0.33; unreported source of income 0.22; change in circumstances 0.11; wrong include/exclude decision 0.11",0.296296296296296,0.818181818181818,0.592592592592593,0.444444444444444
164,"buffer","earned_by_hh_size >= 11 & earned_by_hh_size < 786 & months_since_cert_n >= 10 & unearned_by_hh_size >= 78.3","2-3","national","xgboost","any_error",321,0.3302,0.2724,60.36,0.0093,0.0189,0.0062,10,6,106,"earned income 0.44; unearned income 0.20; other element 0.14","wrong amount, known item 0.27; wrong include/exclude decision 0.16; change in circumstances 0.14; unreported source of income 0.13; other 0.13",0.433155080213904,0.669811320754717,0.401069518716578,0.515957446808511
165,"buffer","expedited_i >= 1 & rawben_rel_max > 0.799 & total_deductions_by_hh_size <= 666 & unearned_by_hh_size > 485","1","national","ranger","any_error",56,0.4107,0.2723,66.29,0.0179,0,0,1,1,23,"unearned income 0.61; utility allowance 0.16","wrong include/exclude decision 0.52; unreported source of income 0.26",0.354838709677419,0.91304347826087,0.483870967741935,0.451612903225806
166,"buffer","rawben_rel_max > 0.15 & rawben_rel_max <= 0.988 & shelter_expenses_by_hh_size > 839 & utilities_sua <= 1.5","2-3","national","ranger","any_error",62,0.4032,0.2718,92.98,0.0161,0.04,0.0161,3,2,25,"shelter deduction 0.30; earned income 0.27; unearned income 0.21","wrong include/exclude decision 0.33; unreported source of income 0.24; wrong amount, known item 0.21",0.181818181818182,0.84,0.666666666666667,0.424242424242424
167,"buffer","gross_by_hh_size >= 819 & shelter_expenses_by_hh_size < 424 & total_deductions_by_hh_size >= 49.8 & unc_rawben_rel_max >= 0.392","4+","national","xgboost","any_error",62,0.4032,0.2718,98.63,0,0,0,2,1,25,"dep care or child support deduction 0.31; earned income 0.27; shelter deduction 0.20","wrong include/exclude decision 0.37; wrong amount, known item 0.27; other 0.14",0.450980392156863,0.72,0.784313725490196,0.607843137254902
168,"buffer","earned_by_hh_size >= 11 & months_since_cert_n >= 7 & rawben_rel_max >= 0.212 & unearned_by_hh_size >= 133","2-3","national","xgboost","any_error",548,0.3157,0.2715,55.21,0.0055,0.0173,0.0055,16,9,173,"earned income 0.46; unearned income 0.21; shelter deduction 0.14","wrong amount, known item 0.24; wrong include/exclude decision 0.22; unreported source of income 0.14; change in circumstances 0.14; other 0.10",0.413669064748201,0.635838150289017,0.460431654676259,0.55
169,"buffer","gross_by_hh_size >= 588 & rawben_rel_max >= 0.648 & rawben_rel_max < 0.752","4+","national","xgboost","any_error",188,0.3457,0.2704,63.99,0.0106,0.0308,0.0106,2,1,65,"earned income 0.44; shelter deduction 0.21; dep care or child support deduction 0.15","wrong amount, known item 0.35; wrong include/exclude decision 0.29; other 0.10; method or computation 0.09",0.359550561797753,0.707692307692308,0.617977528089888,0.550561797752809
170,"buffer","married <= 0 & rawben_rel_max > 0.976 & unc_rawben_rel_max <= 1 & unearned_by_hh_size > 352","2-3","national","ranger","any_error",143,0.3566,0.2703,74.6,0.014,0.0392,0.014,3,2,51,"shelter deduction 0.47; unearned income 0.17; utility allowance 0.10; medical deduction 0.09","wrong include/exclude decision 0.53; wrong amount, known item 0.25",0.25,0.96078431372549,0.7,0.4625
171,"buffer","gross_by_hh_size >= 632 & HH_size_n >= 3 & rawben_rel_max >= 0.624 & total_deductions_by_hh_size >= 444","2-3","national","xgboost","any_error",406,0.3202,0.269,62.88,0.0074,0.0154,0.0049,3,2,130,"earned income 0.35; shelter deduction 0.18; dep care or child support deduction 0.16; unearned income 0.16","wrong amount, known item 0.30; wrong include/exclude decision 0.24; unreported source of income 0.13; other 0.10",0.340314136125654,0.7,0.675392670157068,0.49740932642487
172,"buffer","months_since_cert_n >= 8 & rawben_rel_max >= 0.461 & shelter_expenses_by_hh_size >= 171 & total_deductions_by_hh_size < 168","4+","national","xgboost","any_error",180,0.3444,0.2677,70.02,0,0,0,5,3,62,"unearned income 0.40; earned income 0.20; shelter deduction 0.19","wrong amount, known item 0.35; wrong include/exclude decision 0.23; unreported source of income 0.13; household composition 0.08",0.576576576576577,0.67741935483871,0.387387387387387,0.702702702702703
173,"buffer","months_since_cert_n >= 2 & shelter_expenses_by_hh_size >= 378 & unearned_by_hh_size >= 160 & unearned_by_hh_size < 206","4+","national","xgboost","any_error",103,0.3689,0.2675,74.67,0.0291,0.0789,0.0291,2,1,38,"unearned income 0.37; earned income 0.33; shelter deduction 0.13","wrong amount, known item 0.37; wrong include/exclude decision 0.19; method or computation 0.15; change in circumstances 0.09",0.462962962962963,0.736842105263158,0.518518518518518,0.722222222222222
174,"buffer","children_i >= 1 & count_divisible_by_100 <= 1.5 & total_deductions_by_hh_size <= 366 & utilities_sua > 0.5","1","national","ranger","any_error",31,0.4516,0.2668,63.94,0.0645,0.0714,0.0323,1,1,14,"other element 0.41; unearned income 0.29; shelter deduction 0.18","household composition 0.35; wrong amount, known item 0.24; wrong include/exclude decision 0.24",0.470588235294118,0.357142857142857,0.823529411764706,0.647058823529412
175,"buffer","HH_size_n > 7.5 & percent_abawd <= 0.279 & shelter_expenses_by_hh_size <= 10.6 & unc_rawben_rel_max <= 1.02","4+","national","ranger","any_error",31,0.4516,0.2668,124.13,0,0,0,2,1,14,"earned income 0.44; unearned income 0.28; other element 0.11","wrong amount, known item 0.28; unreported source of income 0.22; wrong include/exclude decision 0.22; change in circumstances 0.11",0.388888888888889,0.785714285714286,0.611111111111111,0.388888888888889
176,"buffer","earned_by_hh_size > 42.1 & elderly_disabled_i >= 1 & unc_rawben_rel_max > 0.335 & unearned_by_hh_size > 324","4+","national","ranger","any_error",110,0.3636,0.2657,67.54,0,0,0,2,1,40,"earned income 0.36; unearned income 0.27; shelter deduction 0.20","wrong amount, known item 0.38; wrong include/exclude decision 0.25; unreported source of income 0.12",0.5,0.65,0.625,0.53125
177,"buffer","earned_by_hh_size >= 32.3 & percent_abawd >= 0.333 & total_deductions_by_hh_size >= 194 & unearned_by_hh_size >= 238","2-3","national","xgboost","any_error",165,0.3455,0.2655,72.75,0.0182,0.0526,0.0182,4,2,57,"earned income 0.41; unearned income 0.19; other element 0.19","wrong amount, known item 0.22; unreported source of income 0.19; wrong include/exclude decision 0.17; household composition 0.13; other 0.10",0.276190476190476,0.754385964912281,0.523809523809524,0.509433962264151
178,"buffer","count_divisible_by_100 >= 1 & gross_by_hh_size >= 1150 & rawben_rel_max >= 0.225","2-3","national","xgboost","any_error",73,0.3836,0.2636,61.19,0.0137,0.0357,0.0137,2,2,28,"unearned income 0.28; earned income 0.28; shelter deduction 0.21","wrong amount, known item 0.30; wrong include/exclude decision 0.28; unreported source of income 0.23",0.325581395348837,0.857142857142857,0.720930232558139,0.302325581395349
179,"buffer","earned_by_hh_size < 259 & total_deductions_by_hh_size >= 369 & unc_rawben_rel_max >= 1.09 & unc_rawben_rel_max < 1.11","2-3","national","xgboost","any_error",153,0.3464,0.2636,80.46,0,0,0,3,2,53,"unearned income 0.36; earned income 0.36; shelter deduction 0.10","unreported source of income 0.33; wrong include/exclude decision 0.21; wrong amount, known item 0.18; change in circumstances 0.12",0.273972602739726,0.981132075471698,0.534246575342466,0.452054794520548
180,"buffer","medical_deductions >= 196 & months_since_cert_n >= 15 & total_deductions_by_hh_size < 1300 & unearned_by_hh_size < 1320","1","national","xgboost","any_error",70,0.3857,0.2633,42.5,0,0,0,1,1,27,"medical deduction 0.53; unearned income 0.25","wrong include/exclude decision 0.55; wrong amount, known item 0.25",0.5,1,0.475,0.625
181,"buffer","percent_abawd >= 1 & shelter_expenses_by_hh_size >= 1330 & unearned_by_hh_size >= 660","1","national","xgboost","any_error",70,0.3857,0.2633,67.03,0.0286,0.0741,0.0286,5,3,27,"unearned income 0.51; shelter deduction 0.22; earned income 0.14","wrong include/exclude decision 0.35; wrong amount, known item 0.24; unreported source of income 0.24",0.243243243243243,0.777777777777778,0.486486486486487,0.432432432432432
182,"buffer","expedited_i >= 1 & gross_by_hh_size > 190 & shelter_expenses_by_hh_size <= 148","4+","national","ranger","any_error",111,0.3604,0.2631,76.73,0,0,0,2,1,40,"earned income 0.33; other element 0.25; unearned income 0.16; shelter deduction 0.13","wrong amount, known item 0.34; wrong include/exclude decision 0.22; household composition 0.18; change in circumstances 0.10",0.626865671641791,0.475,0.552238805970149,0.686567164179104
183,"buffer","HH_size_n >= 5 & months_since_cert_n >= 4 & rawben_rel_max >= 0.353 & rawben_rel_max < 0.371","4+","national","xgboost","any_error",67,0.3881,0.263,69.34,0,0,0,2,1,26,"earned income 0.55; unearned income 0.21","wrong amount, known item 0.34; wrong include/exclude decision 0.32; unreported source of income 0.13",0.473684210526316,0.653846153846154,0.394736842105263,0.684210526315789
184,"buffer","earned_by_hh_size >= 250 & gross_by_hh_size < 624 & months_since_cert_n >= 4 & total_deductions_by_hh_size < 160","2-3","national","xgboost","any_error",92,0.3696,0.2628,49.33,0,0,0,4,3,34,"earned income 0.47; unearned income 0.22; other element 0.18","change in circumstances 0.22; unreported source of income 0.20; wrong amount, known item 0.20; wrong include/exclude decision 0.18",0.313725490196078,0.470588235294118,0.627450980392157,0.490196078431373
185,"buffer","HH_size_n >= 8 & HH_size_n < 9 & months_since_cert_n < 4 & shelter_expenses_by_hh_size < 207","4+","national","xgboost","any_error",92,0.3696,0.2628,91.63,0.0109,0.0294,0.0109,1,1,34,"earned income 0.41; other element 0.23; shelter deduction 0.18","wrong amount, known item 0.36; wrong include/exclude decision 0.23; household composition 0.18",0.477272727272727,0.470588235294118,0.681818181818182,0.659090909090909
186,"buffer","gross_by_hh_size >= 588 & rawben_rel_max >= 0.592 & total_deductions_by_hh_size < 322","4+","national","xgboost","any_error",92,0.3696,0.2628,65.45,0,0,0,5,3,34,"earned income 0.44; shelter deduction 0.19; other element 0.17","wrong amount, known item 0.33; wrong include/exclude decision 0.30; household composition 0.11; method or computation 0.09",0.444444444444444,0.794117647058823,0.666666666666667,0.611111111111111
187,"buffer","gross_by_hh_size >= 989 & rawben_rel_max >= 0.298 & total_deductions_by_hh_size >= 322","4+","national","xgboost","any_error",52,0.4038,0.262,92.1,0,0,0,2,1,21,"dep care or child support deduction 0.33; earned income 0.26; unearned income 0.16; shelter deduction 0.16","wrong amount, known item 0.47; wrong include/exclude decision 0.33",0.465116279069767,0.761904761904762,0.651162790697674,0.511627906976744
188,"buffer","bbce_state_i >= 1 & shelter_expenses_by_hh_size >= 482 & unc_rawben_rel_max < 1.2 & utilities_sua < 2","2-3","national","xgboost","any_error",617,0.3031,0.2619,61.98,0.0113,0.0321,0.0097,35,18,187,"earned income 0.28; shelter deduction 0.26; utility allowance 0.17; unearned income 0.14","wrong include/exclude decision 0.38; wrong amount, known item 0.24; unreported source of income 0.13; change in circumstances 0.09",0.284246575342466,0.828877005347594,0.636986301369863,0.5
189,"buffer","months_since_cert_n < 4 & shelter_expenses_by_hh_size >= 288 & unc_rawben_rel_max >= 1.08 & unc_rawben_rel_max < 1.15","4+","national","xgboost","any_error",109,0.3578,0.2601,113.06,0,0,0,2,1,39,"earned income 0.71; other element 0.10","unreported source of income 0.29; wrong include/exclude decision 0.25; wrong amount, known item 0.24",0.490196078431373,0.923076923076923,0.705882352941177,0.529411764705882
190,"buffer","rawben_rel_max >= 0.272 & rawben_rel_max < 0.48 & total_deductions_by_hh_size >= 1390 & unc_rawben_rel_max < 1.04","1","national","xgboost","any_error",103,0.3592,0.2588,32.08,0,0,0,2,1,37,"shelter deduction 0.36; medical deduction 0.22; unearned income 0.21","wrong amount, known item 0.31; wrong include/exclude decision 0.29; unreported source of income 0.12; other 0.09",0.413793103448276,0.891891891891892,0.53448275862069,0.586206896551724
191,"buffer","earned_by_hh_size >= 5.5 & months_since_cert_n >= 6 & total_deductions_by_hh_size >= 325 & total_deductions_by_hh_size < 338","4+","national","xgboost","any_error",87,0.3678,0.2586,83.3,0,0,0,2,1,32,"earned income 0.48; shelter deduction 0.19; unearned income 0.15","wrong amount, known item 0.31; wrong include/exclude decision 0.22; unreported source of income 0.13; method or computation 0.13",0.296296296296296,0.71875,0.5,0.462962962962963
192,"buffer","earned_by_hh_size <= 506 & elderly_disabled_i >= 1 & percent_abawd > 0.5 & rawben_rel_max > 0.767","1","national","ranger","any_error",59,0.3898,0.2574,64.25,0,0,0,1,1,23,"unearned income 0.38; shelter deduction 0.25; other element 0.12","wrong include/exclude decision 0.31; wrong amount, known item 0.22; unreported source of income 0.16; change in circumstances 0.12",0.4375,1,0.46875,0.625
193,"buffer","earned_by_hh_size > 164 & elderly_disabled_i <= 0 & shelter_expenses_by_hh_size > 1350 & unearned_by_hh_size > 226","1","national","ranger","any_error",56,0.3929,0.257,72.7,0.0714,0.1364,0.0536,2,1,22,"unearned income 0.46; earned income 0.34","wrong amount, known item 0.37; unreported source of income 0.27; change in circumstances 0.10; wrong include/exclude decision 0.10",0.268292682926829,0.727272727272727,0.414634146341463,0.414634146341463
194,"buffer","earned_by_hh_size >= 426 & homeless <= 0 & total_deductions_by_hh_size < 900 & unc_rawben_rel_max >= 1.3","1","national","xgboost","any_error",56,0.3929,0.257,92.27,0,0,0,2,1,22,"earned income 0.69; shelter deduction 0.12","unreported source of income 0.31; change in circumstances 0.22; wrong include/exclude decision 0.19; wrong amount, known item 0.12",0.0625,1,0.375,0.125
195,"buffer","earned_by_hh_size > 129 & gross_by_hh_size <= 400 & HH_size_n > 2.5 & unearned_by_hh_size > 44.9","2-3","national","ranger","any_error",147,0.3401,0.2564,68.5,0.0204,0.02,0.0068,4,2,50,"earned income 0.53; unearned income 0.21; shelter deduction 0.15","wrong amount, known item 0.43; wrong include/exclude decision 0.21; unreported source of income 0.13",0.493333333333333,0.78,0.653333333333333,0.64
196,"buffer","earned_by_hh_size >= 587 & rawben_rel_max >= 0.176 & unearned_by_hh_size >= 121","4+","national","xgboost","any_error",191,0.3298,0.2564,70.86,0,0,0,5,3,63,"earned income 0.28; unearned income 0.27; shelter deduction 0.20; dep care or child support deduction 0.12","wrong amount, known item 0.38; wrong include/exclude decision 0.23; other 0.08; unreported source of income 0.07",0.425,0.603174603174603,0.7,0.625
197,"buffer","gross_by_hh_size < 470 & rawben_rel_max < 0.791 & shelter_expenses_by_hh_size < 1140 & unearned_by_hh_size < 264","2-3","national","xgboost","any_error",274,0.3175,0.2562,40.88,0,0,0,7,4,87,"earned income 0.50; unearned income 0.19; utility allowance 0.10","wrong amount, known item 0.31; wrong include/exclude decision 0.20; method or computation 0.11; change in circumstances 0.10; unreported source of income 0.08",0.439024390243902,0.402298850574713,0.634146341463415,0.666666666666667
198,"buffer","earned_by_hh_size >= 761 & HH_size_n >= 6 & shelter_expenses_by_hh_size >= 295","4+","national","xgboost","any_error",101,0.3564,0.2555,87.57,0,0,0,1,1,36,"earned income 0.42; shelter deduction 0.20; unearned income 0.15","wrong include/exclude decision 0.27; wrong amount, known item 0.23; method or computation 0.17; unreported source of income 0.11",0.409090909090909,0.666666666666667,0.545454545454545,0.545454545454545
199,"buffer","medical_deductions < 468 & months_since_cert_n >= 3 & percent_abawd >= 1 & total_deductions_by_hh_size >= 1250","1","national","xgboost","any_error",128,0.3438,0.2542,56.1,0.0625,0.1818,0.0625,5,3,44,"earned income 0.53; shelter deduction 0.16; other element 0.11","wrong amount, known item 0.34; unreported source of income 0.19; wrong include/exclude decision 0.17; change in circumstances 0.14",0.26984126984127,0.886363636363636,0.349206349206349,0.390625
200,"buffer","earned_by_hh_size >= 87.4 & earned_by_hh_size < 176","4+","national","xgboost","any_error",822,0.2895,0.2542,77.09,0.0134,0.0462,0.0134,11,6,238,"earned income 0.52; unearned income 0.18; shelter deduction 0.15","wrong amount, known item 0.33; wrong include/exclude decision 0.21; unreported source of income 0.17; change in circumstances 0.09",0.474285714285714,0.747899159663866,0.591428571428571,0.554285714285714
201,"buffer","medical_deductions > 166 & total_deductions_by_hh_size > 966 & utilities_sua > 0.5 & utilities_sua <= 1.5","1","national","ranger","any_error",66,0.3788,0.2541,54.17,0,0,0,6,3,25,"medical deduction 0.41; utility allowance 0.22; shelter deduction 0.22","wrong include/exclude decision 0.63; wrong amount, known item 0.29",0.560975609756098,0.92,0.707317073170732,0.682926829268293
202,"buffer","gross_by_hh_size >= 294 & gross_by_hh_size < 315 & unc_rawben_rel_max < 0.959","4+","national","xgboost","any_error",288,0.3125,0.2529,87.15,0.0312,0.1,0.0312,3,2,90,"earned income 0.37; unearned income 0.20; shelter deduction 0.20","wrong amount, known item 0.29; wrong include/exclude decision 0.25; change in circumstances 0.13; unreported source of income 0.10",0.34375,0.666666666666667,0.4921875,0.546875
203,"buffer","rawben_rel_max >= 0.436 & unearned_by_hh_size >= 208 & unearned_by_hh_size < 212","4+","national","xgboost","any_error",60,0.3833,0.2528,63.9,0,0,0,1,1,23,"unearned income 0.36; earned income 0.22; shelter deduction 0.19","wrong amount, known item 0.33; wrong include/exclude decision 0.25; unreported source of income 0.11; other 0.11",0.444444444444444,0.739130434782609,0.694444444444444,0.722222222222222
204,"buffer","HH_size_n > 5.5 & married <= 0 & months_since_cert_n > 0.5 & unearned_by_hh_size > 159","4+","national","ranger","any_error",446,0.3004,0.2526,78.5,0.0045,0.0149,0.0045,6,3,134,"unearned income 0.36; earned income 0.26; other element 0.16","wrong amount, known item 0.38; wrong include/exclude decision 0.20; unreported source of income 0.14; household composition 0.12",0.434579439252336,0.58955223880597,0.658878504672897,0.55607476635514
205,"buffer","earned_by_hh_size > 63.9 & rawben_rel_max > 0.678 & shelter_expenses_by_hh_size <= 97.1","4+","national","ranger","any_error",526,0.2966,0.2525,64.54,0.0152,0.0513,0.0152,2,1,156,"earned income 0.59; other element 0.12; unearned income 0.11","wrong amount, known item 0.37; wrong include/exclude decision 0.19; unreported source of income 0.13; change in circumstances 0.12",0.406392694063927,0.583333333333333,0.621004566210046,0.579908675799087
206,"buffer","gross_by_hh_size < 937 & shelter_expenses_by_hh_size >= 244 & unearned_by_hh_size >= 317 & unearned_by_hh_size < 334","4+","national","xgboost","any_error",76,0.3684,0.2525,72.04,0.0132,0.0357,0.0132,2,1,28,"unearned income 0.38; shelter deduction 0.24; earned income 0.24","wrong include/exclude decision 0.33; wrong amount, known item 0.31; unreported source of income 0.10; other 0.07",0.357142857142857,0.678571428571429,0.619047619047619,0.666666666666667
207,"buffer","gross_by_hh_size >= 727 & total_deductions_by_hh_size >= 248 & total_deductions_by_hh_size < 396 & utilities_sua < 2","4+","national","xgboost","any_error",76,0.3684,0.2525,91.43,0,0,0,4,2,28,"earned income 0.27; shelter deduction 0.24; other element 0.20; utility allowance 0.16","wrong amount, known item 0.31; wrong include/exclude decision 0.29; household composition 0.20",0.355555555555556,0.535714285714286,0.688888888888889,0.444444444444444
208,"buffer","medical_deductions > 160 & rawben_rel_max > 0.273 & shelter_expenses_by_hh_size <= 866 & utilities_sua > 0.5","1","national","ranger","any_error",429,0.3007,0.2519,30.52,0.0023,0.0078,0.0023,26,20,129,"medical deduction 0.57; shelter deduction 0.20","wrong include/exclude decision 0.73; wrong amount, known item 0.14",0.475935828877005,0.953488372093023,0.711229946524064,0.711229946524064
209,"buffer","count_divisible_by_100 < 1 & shelter_expenses_by_hh_size < 498 & total_deductions_by_hh_size >= 396 & unc_rawben_rel_max < 0.516","4+","national","xgboost","any_error",73,0.3699,0.2517,68.4,0,0,0,1,1,27,"dep care or child support deduction 0.32; earned income 0.28; shelter deduction 0.22","wrong amount, known item 0.44; wrong include/exclude decision 0.34",0.48,0.703703703703704,0.72,0.48
210,"buffer","medical_deductions >= 61 & months_since_cert_n >= 18 & rawben_rel_max >= 0.436","2-3","national","xgboost","any_error",54,0.3889,0.2515,67.83,0.0185,0.0476,0.0185,1,1,21,"medical deduction 0.35; shelter deduction 0.32; unearned income 0.19","wrong include/exclude decision 0.65; wrong amount, known item 0.16",0.548387096774194,0.952380952380952,0.419354838709677,0.67741935483871
211,"buffer","rawben_rel_max >= 0.46 & rawben_rel_max < 0.756 & shelter_expenses_by_hh_size >= 2180 & unearned_by_hh_size >= 1720","1","national","xgboost","any_error",51,0.3922,0.2509,46.16,0,0,0,2,1,20,"shelter deduction 0.50; unearned income 0.20; medical deduction 0.15","wrong include/exclude decision 0.50; wrong amount, known item 0.25",0.3,0.7,0.65,0.45
212,"buffer","medical_deductions < 161 & shelter_expenses_by_hh_size < 414 & unearned_by_hh_size >= 432 & unearned_by_hh_size < 441","2-3","national","xgboost","any_error",48,0.3958,0.2504,76.54,0.0417,0.1053,0.0417,1,1,19,"unearned income 0.38; earned income 0.21; utility allowance 0.17","wrong amount, known item 0.38; wrong include/exclude decision 0.31; unreported source of income 0.14",0.275862068965517,0.578947368421053,0.551724137931034,0.586206896551724
213,"buffer","count_divisible_by_100 > 1.5 & rawben_rel_max <= 0.495","2-3","national","ranger","any_error",30,0.4333,0.2496,79.93,0,0,0,2,1,13,"earned income 0.36; other element 0.18; shelter deduction 0.18; unearned income 0.18","wrong amount, known item 0.23; unreported source of income 0.23; other 0.18; change in circumstances 0.14",0.363636363636364,0.846153846153846,0.5,0.454545454545455
214,"buffer","rawben_rel_max >= 0.878 & rawben_rel_max < 0.905 & shelter_expenses_by_hh_size >= 700 & unc_rawben_rel_max >= 0.85","2-3","national","xgboost","any_error",90,0.3556,0.2495,77.41,0.0222,0.0625,0.0222,2,1,32,"earned income 0.40; shelter deduction 0.33; unearned income 0.14","wrong include/exclude decision 0.37; wrong amount, known item 0.33; unreported source of income 0.19",0.209302325581395,0.8125,0.511627906976744,0.372093023255814
215,"buffer","months_since_cert_n >= 3 & shelter_expenses_by_hh_size >= 68.4 & unearned_by_hh_size >= 189 & utilities_sua < 2","4+","national","xgboost","any_error",242,0.314,0.2494,54.19,0.0124,0.0395,0.0124,6,3,76,"unearned income 0.26; other element 0.20; utility allowance 0.18; shelter deduction 0.17","wrong include/exclude decision 0.36; wrong amount, known item 0.28; household composition 0.10; other 0.08",0.461538461538462,0.526315789473684,0.415384615384615,0.613636363636364
216,"buffer","elderly_disabled_i <= 0 & gross_by_hh_size < 947 & rawben_rel_max >= 0.808 & total_deductions_by_hh_size >= 1080","1","national","xgboost","any_error",478,0.295,0.249,63.01,0,0,0,10,5,141,"earned income 0.64; other element 0.15","unreported source of income 0.28; change in circumstances 0.20; wrong include/exclude decision 0.18; wrong amount, known item 0.16",0.238738738738739,0.978723404255319,0.369369369369369,0.295964125560538
217,"buffer","earned_by_hh_size < 1100 & total_deductions_by_hh_size >= 177 & unc_rawben_rel_max < 0.79 & unearned_by_hh_size >= 151","4+","national","xgboost","any_error",943,0.281,0.2483,54.72,0.0032,0.0113,0.0032,16,8,265,"unearned income 0.31; earned income 0.28; shelter deduction 0.20","wrong amount, known item 0.38; wrong include/exclude decision 0.23; unreported source of income 0.09; household composition 0.08",0.432801822323462,0.637735849056604,0.678815489749431,0.623582766439909
218,"buffer","earned_by_hh_size > 146 & HH_size_n > 2.5 & months_since_cert_n > 5.5 & rawben_rel_max > 0.408","2-3","national","ranger","any_error",1181,0.2769,0.2477,48.66,0.0051,0.0122,0.0034,44,23,327,"earned income 0.47; shelter deduction 0.19; unearned income 0.13","wrong amount, known item 0.31; wrong include/exclude decision 0.20; change in circumstances 0.13; other 0.11",0.399217221135029,0.700305810397553,0.471624266144814,0.531128404669261
219,"buffer","earned_by_hh_size >= 1280 & months_since_cert_n >= 9 & shelter_expenses_by_hh_size >= 494","2-3","national","xgboost","any_error",84,0.3571,0.2476,79.13,0.0714,0.2,0.0714,2,1,30,"earned income 0.33; other element 0.32; shelter deduction 0.19","wrong amount, known item 0.23; wrong include/exclude decision 0.14; other 0.14; unreported source of income 0.13; household composition 0.12",0.27536231884058,0.833333333333333,0.260869565217391,0.318840579710145
220,"buffer","children_i <= 0 & medical_deductions <= 150 & shelter_expenses_by_hh_size > 969 & utilities_sua <= 0.5","1","national","ranger","any_error",418,0.2967,0.2475,50.14,0.0144,0.0242,0.0072,11,6,124,"shelter deduction 0.46; utility allowance 0.34","wrong include/exclude decision 0.59; wrong amount, known item 0.15; change in circumstances 0.13",0.231818181818182,0.92741935483871,0.618181818181818,0.45
221,"buffer","HH_size_n >= 6 & months_since_cert_n >= 1 & months_since_cert_n < 4 & total_deductions_by_hh_size >= 261","4+","national","xgboost","any_error",128,0.3359,0.2472,73.61,0.0078,0.0233,0.0078,1,1,43,"earned income 0.33; shelter deduction 0.19; unearned income 0.15; dep care or child support deduction 0.13","wrong include/exclude decision 0.33; wrong amount, known item 0.24; household composition 0.12; method or computation 0.11",0.386666666666667,0.627906976744186,0.76,0.626666666666667
222,"buffer","gross_by_hh_size < 754 & total_deductions_by_hh_size >= 450 & unc_rawben_rel_max < 1.02 & utilities_sua >= 2","1","national","xgboost","any_error",426,0.2958,0.2472,47.95,0.007,0.0159,0.0047,6,3,126,"unearned income 0.66; shelter deduction 0.16","wrong include/exclude decision 0.44; wrong amount, known item 0.21; unreported source of income 0.18",0.482954545454545,0.936507936507937,0.460227272727273,0.717514124293785
223,"buffer","HH_size_n >= 5 & shelter_expenses_by_hh_size >= 127 & total_deductions_by_hh_size >= 229 & total_deductions_by_hh_size < 232","4+","national","xgboost","any_error",98,0.3469,0.2458,100.92,0,0,0,2,1,34,"earned income 0.57; shelter deduction 0.20","wrong include/exclude decision 0.29; wrong amount, known item 0.20; household composition 0.12; unreported source of income 0.12; method or computation 0.10",0.591836734693878,0.647058823529412,0.775510204081633,0.612244897959184
224,"buffer","elderly_disabled_i <= 0 & rawben_rel_max >= 0.336 & shelter_expenses_by_hh_size < 730 & unearned_by_hh_size >= 665","1","national","xgboost","any_error",115,0.3391,0.2457,47.57,0,0,0,1,1,39,"unearned income 0.61; shelter deduction 0.12; utility allowance 0.10","wrong amount, known item 0.39; wrong include/exclude decision 0.22; unreported source of income 0.18",0.431372549019608,0.307692307692308,0.647058823529412,0.666666666666667
225,"buffer","gross_by_hh_size < 586 & percent_abawd < 1 & unc_rawben_rel_max < 1.02 & unearned_by_hh_size >= 439","1","national","xgboost","any_error",304,0.3026,0.2452,47.96,0.023,0.0652,0.0197,3,3,92,"unearned income 0.65; utility allowance 0.16","wrong include/exclude decision 0.50; wrong amount, known item 0.21; unreported source of income 0.15",0.421487603305785,0.83695652173913,0.578512396694215,0.685950413223141
226,"buffer","gross_by_hh_size <= 916 & married <= 0 & total_deductions_by_hh_size > 754 & unc_rawben_rel_max <= 1.03","1","national","ranger","any_error",549,0.2878,0.2451,39.97,0.0055,0.0063,0.0018,4,2,158,"unearned income 0.59; shelter deduction 0.26","wrong include/exclude decision 0.45; wrong amount, known item 0.25; unreported source of income 0.14",0.384976525821596,0.981012658227848,0.460093896713615,0.574766355140187
227,"buffer","earned_by_hh_size >= 5 & rawben_rel_max < 0.636 & unc_rawben_rel_max >= 0.54 & unc_rawben_rel_max < 0.546","2-3","national","xgboost","any_error",85,0.3529,0.2445,67.75,0.0118,0.0333,0.0118,2,1,30,"earned income 0.45; other element 0.18; unearned income 0.14","wrong amount, known item 0.25; wrong include/exclude decision 0.23; unreported source of income 0.20; household composition 0.18",0.196428571428571,0.833333333333333,0.625,0.375
228,"buffer","rawben_rel_max <= 0.957 & shelter_expenses_by_hh_size <= 160 & total_deductions_by_hh_size > 65.9 & total_deductions_by_hh_size <= 130","4+","national","ranger","any_error",1142,0.2741,0.2445,55.04,0.0053,0.0192,0.0053,14,7,313,"earned income 0.40; unearned income 0.22; other element 0.15","wrong amount, known item 0.34; wrong include/exclude decision 0.23; unreported source of income 0.10; household composition 0.10",0.440251572327044,0.514376996805112,0.637316561844864,0.60167714884696
229,"buffer","bbce_state_i >= 1 & gross_by_hh_size < 1280 & rawben_rel_max < 0.0819 & unc_rawben_rel_max >= 0.076","1","national","xgboost","any_error",168,0.3214,0.2443,45.56,0.006,0.0185,0.006,2,1,54,"unearned income 0.42; shelter deduction 0.30; other element 0.11","wrong include/exclude decision 0.45; wrong amount, known item 0.24; other 0.19",0.45,0.037037037037037,0.6625,0.7625
230,"buffer","bbce_state_i >= 1 & months_since_cert_n < 1 & total_deductions_by_hh_size >= 194 & utilities_sua < 2","2-3","national","xgboost","any_error",289,0.301,0.2424,53.8,0.0173,0.0345,0.0104,5,3,87,"earned income 0.40; shelter deduction 0.23; other element 0.11; utility allowance 0.11","wrong amount, known item 0.33; wrong include/exclude decision 0.32; unreported source of income 0.11",0.311475409836066,0.701149425287356,0.868852459016393,0.631147540983607
231,"buffer","rawben_rel_max >= 0.57 & rawben_rel_max < 0.596 & shelter_expenses_by_hh_size >= 109 & unearned_by_hh_size >= 843","2-3","national","xgboost","any_error",40,0.4,0.2424,63.38,0,0,0,3,3,16,"shelter deduction 0.36; unearned income 0.32; medical deduction 0.14","wrong include/exclude decision 0.59; wrong amount, known item 0.18",0.363636363636364,1,0.636363636363636,0.409090909090909
232,"buffer","expedited_i >= 1 & gross_by_hh_size > 520 & unc_rawben_rel_max > 0.192 & unearned_by_hh_size > 222","2-3","national","ranger","any_error",249,0.3052,0.2421,61.76,0.0161,0.0526,0.0161,1,1,76,"unearned income 0.28; shelter deduction 0.28; earned income 0.23","wrong include/exclude decision 0.33; wrong amount, known item 0.25; unreported source of income 0.14; household composition 0.09",0.518181818181818,0.565789473684211,0.618181818181818,0.625
233,"buffer","medical_deductions >= 172 & months_since_cert_n >= 5 & shelter_expenses_by_hh_size >= 591","2-3","national","xgboost","any_error",220,0.3091,0.2419,43.93,0.0045,0.0147,0.0045,4,2,68,"medical deduction 0.36; shelter deduction 0.26; unearned income 0.19","wrong include/exclude decision 0.47; wrong amount, known item 0.21; unreported source of income 0.09",0.396551724137931,0.941176470588235,0.46551724137931,0.517241379310345
234,"buffer","gross_by_hh_size < 285 & shelter_expenses_by_hh_size >= 457 & unc_rawben_rel_max < 1.11","2-3","national","xgboost","any_error",167,0.3174,0.2404,96.4,0,0,0,4,2,53,"earned income 0.59; unearned income 0.26","wrong amount, known item 0.31; unreported source of income 0.29; wrong include/exclude decision 0.21",0.185714285714286,1,0.542857142857143,0.371428571428571
235,"buffer","earned_by_hh_size >= 677 & rawben_rel_max >= 0.696 & rawben_rel_max < 0.804 & shelter_expenses_by_hh_size >= 460","2-3","national","xgboost","any_error",300,0.2967,0.2394,49.92,0.01,0.0337,0.01,11,6,89,"earned income 0.52; shelter deduction 0.18; unearned income 0.12","wrong amount, known item 0.38; wrong include/exclude decision 0.20; change in circumstances 0.11; unreported source of income 0.11",0.423076923076923,0.685393258426966,0.638461538461538,0.592307692307692
236,"buffer","expedited_i >= 1 & total_deductions_by_hh_size > 303 & unc_rawben_rel_max <= 1 & utilities_sua <= 1.5","2-3","national","ranger","any_error",80,0.35,0.2391,68.04,0.05,0.1071,0.0375,1,1,28,"earned income 0.27; utility allowance 0.18; shelter deduction 0.16; other element 0.16","wrong include/exclude decision 0.27; wrong amount, known item 0.18; change in circumstances 0.14; other 0.11; household composition 0.11",0.363636363636364,0.714285714285714,0.704545454545455,0.477272727272727
237,"buffer","bbce_state_i >= 1 & gross_by_hh_size < 786 & unearned_by_hh_size >= 155 & unearned_by_hh_size < 174","4+","national","xgboost","any_error",331,0.2931,0.2386,56.02,0.006,0.0206,0.006,8,4,97,"earned income 0.32; unearned income 0.30; other element 0.15","wrong amount, known item 0.37; wrong include/exclude decision 0.22; change in circumstances 0.10; unreported source of income 0.09",0.443037974683544,0.608247422680412,0.620253164556962,0.639240506329114
238,"buffer","elderly_disabled_i <= 0 & expedited_i >= 1 & gross_by_hh_size > 256","4+","national","ranger","any_error",328,0.2927,0.238,70.98,0.0091,0.0312,0.0091,2,1,96,"earned income 0.38; other element 0.20; unearned income 0.18","wrong amount, known item 0.35; wrong include/exclude decision 0.19; household composition 0.12; change in circumstances 0.10",0.448484848484848,0.635416666666667,0.490909090909091,0.587878787878788
239,"buffer","shelter_expenses_by_hh_size >= 283 & shelter_expenses_by_hh_size < 288 & total_deductions_by_hh_size >= 260","4+","national","xgboost","any_error",44,0.3864,0.2372,80.98,0,0,0,1,1,17,"earned income 0.40; shelter deduction 0.28; dep care or child support deduction 0.12","wrong include/exclude decision 0.40; wrong amount, known item 0.20; unreported source of income 0.12; household composition 0.08",0.36,0.705882352941177,0.72,0.44
240,"buffer","bbce_state_i >= 1 & HH_size_n > 2.5 & shelter_expenses_by_hh_size > 321 & utilities_sua <= 0.5","2-3","national","ranger","any_error",109,0.3303,0.2357,80.06,0.0092,0.0278,0.0092,4,2,36,"earned income 0.43; shelter deduction 0.24; other element 0.13","wrong amount, known item 0.31; wrong include/exclude decision 0.22; unreported source of income 0.17; change in circumstances 0.13",0.240740740740741,0.75,0.648148148148148,0.462962962962963
241,"buffer","gross_by_hh_size >= 1770 & gross_by_hh_size < 1930 & shelter_expenses_by_hh_size >= 2020","1","national","xgboost","any_error",88,0.3409,0.2357,55.85,0.0227,0.0667,0.0227,3,2,30,"unearned income 0.31; shelter deduction 0.31; earned income 0.12; utility allowance 0.10","wrong amount, known item 0.33; wrong include/exclude decision 0.33; other 0.12",0.428571428571429,0.733333333333333,0.595238095238095,0.642857142857143
242,"buffer","gross_by_hh_size < 845 & rawben_rel_max >= 0.984 & shelter_expenses_by_hh_size >= 388 & unc_rawben_rel_max < 1.01","1","national","xgboost","any_error",215,0.3023,0.2351,48.96,0.0047,0,0,2,1,65,"unearned income 0.65; shelter deduction 0.21","wrong include/exclude decision 0.59; unreported source of income 0.15; wrong amount, known item 0.11",0.555555555555556,0.969230769230769,0.419753086419753,0.695121951219512
243,"buffer","earned_by_hh_size >= 584 & earned_by_hh_size < 600","4+","national","xgboost","any_error",204,0.3039,0.2349,62.91,0,0,0,4,2,62,"earned income 0.43; unearned income 0.15; shelter deduction 0.15; other element 0.14","wrong amount, known item 0.31; wrong include/exclude decision 0.23; change in circumstances 0.13; household composition 0.11",0.329787234042553,0.5,0.563829787234043,0.617021276595745
244,"buffer","married >= 1 & shelter_expenses_by_hh_size >= 829 & unc_rawben_rel_max < 0.448 & unearned_by_hh_size < 1370","2-3","national","xgboost","any_error",193,0.3057,0.2347,63.99,0.0259,0.0847,0.0259,2,1,59,"earned income 0.27; shelter deduction 0.25; other element 0.19; unearned income 0.19","wrong amount, known item 0.25; wrong include/exclude decision 0.25; household composition 0.17; unreported source of income 0.11",0.323529411764706,0.745762711864407,0.470588235294118,0.431372549019608
245,"buffer","elderly_disabled_i <= 0 & HH_size_n > 2.5 & percent_abawd > 0.167 & unc_rawben_rel_max <= 1","2-3","national","ranger","any_error",390,0.2846,0.2347,54.47,0.0179,0.0541,0.0154,7,4,111,"earned income 0.45; shelter deduction 0.16; other element 0.16","wrong amount, known item 0.32; wrong include/exclude decision 0.19; other 0.13; unreported source of income 0.12",0.440860215053763,0.612612612612613,0.629032258064516,0.531914893617021
246,"buffer","percent_abawd > 0.167 & percent_abawd <= 0.417 & unc_rawben_rel_max <= 1.04 & utilities_sua > 0.5","2-3","national","ranger","any_error",368,0.2853,0.234,56.36,0.0163,0.0476,0.0136,8,4,105,"earned income 0.35; shelter deduction 0.19; other element 0.18; unearned income 0.17","wrong amount, known item 0.28; wrong include/exclude decision 0.21; other 0.12; unreported source of income 0.11; household composition 0.10",0.445652173913043,0.619047619047619,0.635869565217391,0.60427807486631
247,"buffer","medical_deductions < 3 & rawben_rel_max >= 0.331 & unearned_by_hh_size >= 1160 & utilities_sua < 2","1","national","xgboost","any_error",334,0.2874,0.2336,39.87,0.003,0,0,7,4,96,"shelter deduction 0.46; utility allowance 0.35","wrong include/exclude decision 0.60; wrong amount, known item 0.15",0.25503355704698,0.875,0.697986577181208,0.449664429530201
248,"buffer","gross_by_hh_size >= 483 & HH_size_n >= 5 & married <= 0 & unc_rawben_rel_max < 0.52","4+","national","xgboost","any_error",923,0.2654,0.2331,55.56,0.0011,0.0041,0.0011,16,8,245,"earned income 0.35; unearned income 0.21; shelter deduction 0.16; other element 0.15","wrong amount, known item 0.35; wrong include/exclude decision 0.24; household composition 0.11; unreported source of income 0.08",0.439393939393939,0.583673469387755,0.623737373737374,0.61
249,"buffer","rawben_rel_max < 0.845 & unc_rawben_rel_max >= 0.833 & unearned_by_hh_size < 413","4+","national","xgboost","any_error",202,0.302,0.2328,68.28,0.005,0.0164,0.005,4,2,61,"earned income 0.40; unearned income 0.21; shelter deduction 0.16","wrong amount, known item 0.30; wrong include/exclude decision 0.23; unreported source of income 0.16; household composition 0.11",0.439024390243902,0.688524590163934,0.682926829268293,0.536585365853659
250,"buffer","earned_by_hh_size >= 678 & months_since_cert_n >= 8 & shelter_expenses_by_hh_size >= 1140 & total_deductions_by_hh_size >= 938","1","national","xgboost","any_error",398,0.2814,0.2322,56.73,0.0377,0.125,0.0352,12,6,112,"earned income 0.57; shelter deduction 0.15; other element 0.13","unreported source of income 0.24; wrong amount, known item 0.24; wrong include/exclude decision 0.19; change in circumstances 0.18",0.357894736842105,0.883928571428571,0.231578947368421,0.356020942408377
251,"buffer","percent_abawd >= 0.273 & total_deductions_by_hh_size >= 157 & total_deductions_by_hh_size < 213","4+","national","xgboost","any_error",65,0.3538,0.2321,91.69,0.0154,0.0435,0.0154,2,1,23,"earned income 0.39; unearned income 0.23; other element 0.23","wrong amount, known item 0.23; unreported source of income 0.19; household composition 0.19; wrong include/exclude decision 0.16",0.387096774193548,0.652173913043478,0.580645161290323,0.516129032258065
252,"buffer","rawben_rel_max >= 0.845 & rawben_rel_max < 0.878 & shelter_expenses_by_hh_size < 440 & unearned_by_hh_size >= 340","2-3","national","xgboost","any_error",93,0.3333,0.2316,58.27,0.0108,0.0323,0.0108,1,1,31,"unearned income 0.42; shelter deduction 0.29; earned income 0.12","wrong include/exclude decision 0.33; wrong amount, known item 0.23; change in circumstances 0.15; unreported source of income 0.15",0.25,0.709677419354839,0.708333333333333,0.458333333333333
253,"buffer","months_since_cert_n >= 5 & months_since_cert_n < 10 & rawben_rel_max < 0.55 & unc_rawben_rel_max >= 0.535","2-3","national","xgboost","any_error",90,0.3333,0.2301,64.5,0.0222,0.0667,0.0222,2,1,30,"earned income 0.32; unearned income 0.23; shelter deduction 0.20","wrong include/exclude decision 0.27; unreported source of income 0.20; wrong amount, known item 0.20; change in circumstances 0.14",0.340909090909091,0.6,0.659090909090909,0.386363636363636
254,"buffer","months_since_cert_n < 2 & rawben_rel_max >= 0.842 & rawben_rel_max < 0.902","2-3","national","xgboost","any_error",289,0.2872,0.2296,45.21,0.0104,0.0361,0.0104,2,1,83,"earned income 0.26; unearned income 0.24; shelter deduction 0.21; other element 0.13","wrong include/exclude decision 0.36; wrong amount, known item 0.26; unreported source of income 0.15",0.401709401709402,0.686746987951807,0.888888888888889,0.598290598290598
255,"buffer","elderly_disabled_i >= 1 & gross_by_hh_size <= 540 & total_deductions_by_hh_size <= 559 & unc_rawben_rel_max <= 1.03","1","national","ranger","any_error",380,0.2789,0.2288,49.22,0.0289,0.0566,0.0158,2,1,106,"unearned income 0.69; utility allowance 0.09","wrong include/exclude decision 0.49; unreported source of income 0.20; wrong amount, known item 0.15",0.422535211267606,0.952830188679245,0.485915492957746,0.633802816901408
256,"buffer","earned_by_hh_size < 658 & months_since_cert_n >= 8 & percent_abawd >= 0.167 & rawben_rel_max >= 0.607","4+","national","xgboost","any_error",127,0.315,0.2283,106.98,0.0394,0.1,0.0315,4,2,40,"earned income 0.49; shelter deduction 0.21; other element 0.16","wrong amount, known item 0.26; wrong include/exclude decision 0.24; change in circumstances 0.14; unreported source of income 0.14",0.471428571428571,0.775,0.471428571428571,0.514285714285714
257,"buffer","gross_by_hh_size >= 656 & married <= 0 & rawben_rel_max >= 0.42 & shelter_expenses_by_hh_size < 422","2-3","national","xgboost","any_error",817,0.2619,0.2278,40.63,0.0098,0.0327,0.0086,12,6,214,"earned income 0.41; shelter deduction 0.21; dep care or child support deduction 0.11; unearned income 0.10","wrong amount, known item 0.33; wrong include/exclude decision 0.27; change in circumstances 0.11; other 0.08",0.356287425149701,0.616822429906542,0.667664670658683,0.550295857988166
258,"buffer","earned_by_hh_size >= 1560 & expedited_i <= 0 & gross_by_hh_size < 1660 & rawben_rel_max >= 0.467","1","national","xgboost","any_error",84,0.3333,0.227,42.74,0.0357,0.0714,0.0238,1,1,28,"earned income 0.48; shelter deduction 0.26; unearned income 0.11","wrong amount, known item 0.37; wrong include/exclude decision 0.28; change in circumstances 0.11",0.465116279069767,0.821428571428571,0.511627906976744,0.431818181818182
259,"buffer","earned_by_hh_size <= 2.67 & gross_by_hh_size > 220 & rawben_rel_max <= 0.0484 & unc_rawben_rel_max > 0.0409","2-3","national","ranger","any_error",56,0.3571,0.227,77,0.0179,0.05,0.0179,1,1,20,"shelter deduction 0.41; unearned income 0.37","wrong include/exclude decision 0.44; wrong amount, known item 0.33",0.592592592592593,0.1,0.62962962962963,0.851851851851852
260,"buffer","earned_by_hh_size > 119 & months_since_cert_n <= 5.5 & percent_abawd > 0.417 & utilities_sua <= 0.5","2-3","national","ranger","any_error",56,0.3571,0.227,62.14,0.0357,0.1,0.0357,2,2,20,"earned income 0.47; other element 0.19; utility allowance 0.12","wrong include/exclude decision 0.22; wrong amount, known item 0.19; household composition 0.16; change in circumstances 0.16; other 0.12",0.40625,0.5,0.71875,0.65625
261,"buffer","rawben_rel_max < 0.725 & unc_rawben_rel_max >= 0.695 & unearned_by_hh_size < 0.5","2-3","national","xgboost","any_error",234,0.2906,0.2269,43.33,0.0085,0.0294,0.0085,6,3,68,"earned income 0.50; shelter deduction 0.20; other element 0.15","wrong amount, known item 0.37; wrong include/exclude decision 0.16; change in circumstances 0.13; method or computation 0.10",0.46,0.602941176470588,0.7,0.6
262,"buffer","rawben_rel_max >= 0.495 & rawben_rel_max < 0.497 & shelter_expenses_by_hh_size < 791","4+","national","xgboost","any_error",36,0.3889,0.2266,71.64,0,0,0,1,1,14,"earned income 0.28; shelter deduction 0.24; unearned income 0.24","wrong amount, known item 0.36; wrong include/exclude decision 0.12; other 0.12; unreported source of income 0.12; change in circumstances 0.08",0.28,0.571428571428571,0.44,0.52
263,"buffer","earned_by_hh_size < 678 & months_since_cert_n >= 4 & total_deductions_by_hh_size >= 325 & total_deductions_by_hh_size < 341","4+","national","xgboost","any_error",128,0.3125,0.2265,65.64,0,0,0,2,1,40,"earned income 0.39; shelter deduction 0.19; unearned income 0.12; dep care or child support deduction 0.10","wrong amount, known item 0.33; wrong include/exclude decision 0.25; unreported source of income 0.11; change in circumstances 0.08",0.422535211267606,0.8,0.605633802816901,0.569444444444444
264,"buffer","earned_by_hh_size >= 1200 & months_since_cert_n >= 9 & rawben_rel_max >= 0.225 & shelter_expenses_by_hh_size >= 746","2-3","national","xgboost","any_error",33,0.3939,0.2249,90.58,0.0606,0.1538,0.0606,1,1,13,"earned income 0.39; other element 0.22; unearned income 0.13; shelter deduction 0.13","wrong amount, known item 0.30; wrong include/exclude decision 0.26; unreported source of income 0.13; method or computation 0.09",0.130434782608696,0.846153846153846,0.260869565217391,0.173913043478261
265,"buffer","shelter_expenses_by_hh_size >= 432 & total_deductions_by_hh_size >= 434 & unearned_by_hh_size >= 548 & unearned_by_hh_size < 560","2-3","national","xgboost","any_error",33,0.3939,0.2249,84.52,0,0,0,1,1,13,"unearned income 0.44; shelter deduction 0.17; earned income 0.17","wrong include/exclude decision 0.44; wrong amount, known item 0.28; unreported source of income 0.22",0.5,0.846153846153846,0.5,0.555555555555556
266,"buffer","earned_by_hh_size > 44.8 & earned_by_hh_size <= 509 & rawben_rel_max <= 0.809 & utilities_sua <= 0.5","4+","national","ranger","any_error",273,0.2821,0.2234,62.1,0.0037,0.013,0.0037,6,3,77,"earned income 0.49; unearned income 0.17; other element 0.14","wrong amount, known item 0.31; wrong include/exclude decision 0.20; change in circumstances 0.13; unreported source of income 0.12; household composition 0.09",0.317460317460317,0.61038961038961,0.555555555555556,0.579365079365079
267,"buffer","gross_by_hh_size >= 886 & percent_abawd >= 0.667 & rawben_rel_max >= 0.331 & unc_rawben_rel_max < 1.17","2-3","national","xgboost","any_error",30,0.4,0.2232,56.77,0,0,0,1,1,12,"earned income 0.50; shelter deduction 0.25","wrong amount, known item 0.29; wrong include/exclude decision 0.29; household composition 0.12; unreported source of income 0.12",0.333333333333333,0.916666666666667,0.541666666666667,0.5
268,"buffer","count_divisible_by_100 > 0.5 & medical_deductions <= 386 & unearned_by_hh_size > 341 & unearned_by_hh_size <= 434","2-3","national","ranger","any_error",164,0.2988,0.2232,56.27,0,0,0,4,2,49,"unearned income 0.41; earned income 0.25; shelter deduction 0.16","wrong include/exclude decision 0.37; wrong amount, known item 0.20; unreported source of income 0.20",0.383561643835616,0.714285714285714,0.73972602739726,0.573333333333333
269,"buffer","expedited_i >= 1 & months_since_cert_n <= 5.5 & rawben_rel_max <= 0.976 & total_deductions_by_hh_size > 106","2-3","national","ranger","any_error",491,0.2668,0.2231,54.64,0.0285,0.0611,0.0163,4,3,131,"earned income 0.33; unearned income 0.21; other element 0.18; shelter deduction 0.17","wrong amount, known item 0.28; wrong include/exclude decision 0.27; household composition 0.14; unreported source of income 0.13",0.449275362318841,0.541984732824427,0.657004830917874,0.591346153846154
270,"buffer","gross_by_hh_size >= 232 & months_since_cert_n >= 3 & shelter_expenses_by_hh_size < 79.6 & utilities_sua >= 1","4+","national","xgboost","any_error",247,0.2834,0.2219,58.32,0.004,0.0143,0.004,2,1,70,"earned income 0.44; other element 0.23; unearned income 0.23","wrong amount, known item 0.34; household composition 0.16; wrong include/exclude decision 0.16; unreported source of income 0.14",0.415929203539823,0.657142857142857,0.575221238938053,0.513274336283186
271,"buffer","months_since_cert_n < 6 & rawben_rel_max >= 0.883 & shelter_expenses_by_hh_size >= 1920 & unearned_by_hh_size >= 1520","1","national","xgboost","any_error",75,0.3333,0.2218,71.45,0,0,0,4,2,25,"shelter deduction 0.45; unearned income 0.33","wrong include/exclude decision 0.58; unreported source of income 0.15; wrong amount, known item 0.15",0.363636363636364,1,0.757575757575758,0.515151515151515
272,"buffer","total_deductions_by_hh_size < 714 & unc_rawben_rel_max < 1.01 & unearned_by_hh_size >= 423 & unearned_by_hh_size < 539","1","national","xgboost","any_error",288,0.2778,0.2209,43.24,0.0278,0.0875,0.0243,5,4,80,"unearned income 0.62; utility allowance 0.17","wrong include/exclude decision 0.50; wrong amount, known item 0.22; unreported source of income 0.17",0.424528301886792,0.8125,0.594339622641509,0.672897196261682
273,"buffer","percent_abawd < 1 & rawben_rel_max < 0.0819 & unc_rawben_rel_max >= 0.08","1","national","xgboost","any_error",386,0.2694,0.2204,37.73,0,0,0,5,3,104,"unearned income 0.40; shelter deduction 0.28; earned income 0.12","wrong include/exclude decision 0.35; wrong amount, known item 0.35; other 0.16",0.51063829787234,0.00961538461538462,0.574468085106383,0.787234042553192
274,"buffer","elderly_disabled_i <= 0 & shelter_expenses_by_hh_size >= 93 & unearned_by_hh_size >= 266 & unearned_by_hh_size < 292","4+","national","xgboost","any_error",120,0.3083,0.2203,53.81,0.0083,0.027,0.0083,2,1,37,"unearned income 0.29; earned income 0.24; other element 0.20; shelter deduction 0.17","wrong amount, known item 0.29; wrong include/exclude decision 0.24; household composition 0.17; change in circumstances 0.10",0.528571428571429,0.378378378378378,0.785714285714286,0.814285714285714
275,"buffer","shelter_expenses_by_hh_size < 894 & unc_rawben_rel_max >= 0.473 & unearned_by_hh_size >= 1130 & utilities_sua >= 1","1","national","xgboost","any_error",210,0.2857,0.2193,34.37,0,0,0,18,10,60,"medical deduction 0.45; shelter deduction 0.25; unearned income 0.10","wrong include/exclude decision 0.68; wrong amount, known item 0.16",0.556818181818182,0.85,0.727272727272727,0.761363636363636
276,"buffer","children_i <= 0 & rawben_rel_max < 0.711 & shelter_expenses_by_hh_size < 342 & unearned_by_hh_size < 466","2-3","national","xgboost","any_error",282,0.2766,0.2193,51.27,0.0142,0.0513,0.0142,7,4,78,"earned income 0.47; other element 0.23; unearned income 0.13","wrong amount, known item 0.28; household composition 0.18; wrong include/exclude decision 0.18; method or computation 0.11; change in circumstances 0.09",0.378151260504202,0.67948717948718,0.554621848739496,0.571428571428571
