"rank","role","rule","hh","pool","engines","mined_frames","n_flagged_train","precision_train","precision_train_lcb","dollars_per_flag_train","mm_share_flags","mm_share_errors","mm_inflation","n_flagged_state","n_new_at_rank","n_error_cases_national","element_groups_to_75","nature_groups_to_75","found_in_case_record","share_overissuance","timing_at_certification","cause_agency","pile_share_flags","pile_share_errors"
1,"core","rawben_rel_max >= 0.897 & shelter_expenses_by_hh_size >= 866 & unc_rawben_rel_max < 1.01 & utilities_sua < 1","1","national","xgboost","any_error",69,0.7971,0.6649,145.93,0.0145,0,0,3,3,55,"shelter deduction 0.48; utility allowance 0.36","wrong include/exclude decision 0.66; change in circumstances 0.13",0.25,0.981818181818182,0.538461538461538,0.432692307692308,0,0
2,"core","elderly_disabled_i >= 1 & months_since_cert_n <= 7.5 & rawben_rel_max > 0.999 & unc_rawben_rel_max <= 1","2-3","national","ranger","any_error",79,0.6835,0.5534,145.25,0,0,0,2,2,54,"shelter deduction 0.56; medical deduction 0.12; unearned income 0.12","wrong include/exclude decision 0.50; wrong amount, known item 0.30",0.225,0.981481481481482,0.775,0.4625,0,0
3,"core","elderly_disabled_i >= 1 & rawben_rel_max >= 1 & shelter_expenses_by_hh_size < 848 & unc_rawben_rel_max < 1.02","1","national","xgboost","any_error",376,0.609,0.5494,101.59,0,0,0,9,9,229,"unearned income 0.63; shelter deduction 0.16","wrong include/exclude decision 0.56; unreported source of income 0.15; wrong amount, known item 0.14",0.5,0.995633187772926,0.468553459119497,0.686520376175549,0.0931,0.0568
4,"core","earned_by_hh_size <= 9.25 & rawben_rel_max > 0.999 & unc_rawben_rel_max <= 1 & unearned_by_hh_size > 457","2-3","national","ranger","any_error",79,0.6709,0.5405,140.99,0,0,0,3,2,53,"shelter deduction 0.59; medical deduction 0.18","wrong include/exclude decision 0.48; wrong amount, known item 0.36",0.328767123287671,0.981132075471698,0.73972602739726,0.561643835616438,0,0
5,"core","total_deductions_by_hh_size <= 548 & unc_rawben_rel_max > 1 & unc_rawben_rel_max <= 1.02 & unearned_by_hh_size > 308","1","national","ranger","any_error",98,0.6531,0.5359,132.49,0,0,0,1,1,64,"unearned income 0.81","wrong include/exclude decision 0.56; unreported source of income 0.25",0.407407407407407,1,0.555555555555556,0.580246913580247,0,0
6,"core","shelter_expenses_by_hh_size >= 682 & shelter_expenses_by_hh_size < 983 & unc_rawben_rel_max >= 1.01 & unc_rawben_rel_max < 1.02","1","national","xgboost","any_error",147,0.6259,0.5301,94.63,0,0,0,4,2,92,"unearned income 0.75; shelter deduction 0.18","wrong include/exclude decision 0.49; wrong amount, known item 0.25; unreported source of income 0.13",0.514925373134328,1,0.470149253731343,0.73134328358209,0,0
7,"core","medical_deductions > 167 & rawben_rel_max > 0.998 & unc_rawben_rel_max <= 1.03","1","national","ranger","any_error",146,0.6027,0.5065,99.46,0,0,0,4,3,88,"medical deduction 0.53; shelter deduction 0.20; unearned income 0.18","wrong include/exclude decision 0.68; wrong amount, known item 0.16",0.518248175182482,1,0.664233576642336,0.722627737226277,0,0
8,"core","gross_by_hh_size >= 965 & rawben_rel_max >= 0.484 & shelter_expenses_by_hh_size >= 1120 & utilities_sua < 1","1","national","xgboost","any_error",110,0.6091,0.4982,111.19,0.0364,0.0299,0.0182,6,3,67,"shelter deduction 0.44; utility allowance 0.32","wrong include/exclude decision 0.59; wrong amount, known item 0.14; change in circumstances 0.13",0.221311475409836,0.985074626865672,0.573770491803279,0.467213114754098,0,0
9,"core","HH_size_n >= 5 & married <= 0 & shelter_expenses_by_hh_size < 300 & total_deductions_by_hh_size >= 341","4+","national","xgboost","any_error",33,0.697,0.4945,183.45,0.0303,0.0435,0.0303,1,1,23,"dep care or child support deduction 0.29; earned income 0.22; shelter deduction 0.20; unearned income 0.13","wrong include/exclude decision 0.42; wrong amount, known item 0.29; unreported source of income 0.11",0.444444444444444,0.869565217391304,0.844444444444444,0.511111111111111,0,0
10,"core","rawben_rel_max > 0.996 & total_deductions_by_hh_size > 548 & unc_rawben_rel_max <= 1","2-3","national","ranger","any_error",74,0.6216,0.4865,172.12,0.0405,0.0217,0.0135,1,1,46,"shelter deduction 0.45; dep care or child support deduction 0.18; medical deduction 0.17","wrong amount, known item 0.42; wrong include/exclude decision 0.40",0.323076923076923,0.978260869565217,0.769230769230769,0.6,0,0
11,"core","months_since_cert_n >= 16 & rawben_rel_max >= 1 & unc_rawben_rel_max < 1.02 & unearned_by_hh_size < 980","1","national","xgboost","any_error",164,0.5427,0.4523,85.87,0,0,0,4,2,89,"unearned income 0.64; shelter deduction 0.22","wrong include/exclude decision 0.47; unreported source of income 0.17; wrong amount, known item 0.16",0.4921875,1,0.3671875,0.553846153846154,0.0366,0.0337
12,"core","bbce_state_i >= 1 & medical_deductions > 667 & shelter_expenses_by_hh_size <= 1750 & unc_rawben_rel_max <= 1.03","1","national","ranger","any_error",62,0.5968,0.4498,106.94,0,0,0,1,1,37,"medical deduction 0.60; shelter deduction 0.16","wrong include/exclude decision 0.58; wrong amount, known item 0.30",0.614035087719298,0.918918918918919,0.649122807017544,0.754385964912281,0,0
13,"core","medical_deductions >= 196 & months_since_cert_n < 29 & rawben_rel_max >= 0.979 & unc_rawben_rel_max < 1.05","1","national","xgboost","any_error",132,0.5455,0.4448,88.61,0,0,0,1,1,72,"medical deduction 0.60; shelter deduction 0.19","wrong include/exclude decision 0.66; wrong amount, known item 0.17",0.514018691588785,0.986111111111111,0.635514018691589,0.691588785046729,0,0
14,"core","medical_deductions >= 234 & rawben_rel_max >= 0.171 & shelter_expenses_by_hh_size < 846 & total_deductions_by_hh_size >= 642","2-3","national","xgboost","any_error",48,0.6042,0.4376,112.54,0,0,0,1,1,29,"medical deduction 0.53; unearned income 0.22; shelter deduction 0.18","wrong include/exclude decision 0.59; wrong amount, known item 0.18",0.627450980392157,1,0.549019607843137,0.705882352941177,0,0
15,"core","rawben_rel_max <= 0.621 & shelter_expenses_by_hh_size <= 516 & total_deductions_by_hh_size > 529","4+","national","ranger","any_error",30,0.6333,0.4235,143.03,0,0,0,1,1,19,"dep care or child support deduction 0.41; earned income 0.29; shelter deduction 0.17","wrong amount, known item 0.46; wrong include/exclude decision 0.32",0.439024390243902,0.842105263157895,0.804878048780488,0.51219512195122,0,0
16,"core","total_deductions_by_hh_size >= 806 & unc_rawben_rel_max >= 0.473 & unearned_by_hh_size >= 1130 & utilities_sua < 1","1","national","xgboost","any_error",107,0.5234,0.4127,90.36,0.0093,0.0179,0.0093,6,4,56,"shelter deduction 0.38; utility allowance 0.27; medical deduction 0.17","wrong include/exclude decision 0.62; change in circumstances 0.12; wrong amount, known item 0.11",0.317307692307692,0.964285714285714,0.576923076923077,0.5,0,0
17,"core","expedited_i <= 0 & gross_by_hh_size > 1170 & unc_rawben_rel_max > 0.998 & unc_rawben_rel_max <= 1.03","1","national","ranger","any_error",335,0.4687,0.4062,84.73,0,0,0,4,2,157,"shelter deduction 0.37; unearned income 0.27; medical deduction 0.25","wrong include/exclude decision 0.52; wrong amount, known item 0.22; unreported source of income 0.12",0.415525114155251,1,0.639269406392694,0.611872146118721,0,0
18,"core","months_since_cert_n > 10.5 & rawben_rel_max > 0.747 & total_deductions_by_hh_size > 580 & utilities_sua <= 0.5","1","national","ranger","any_error",131,0.5038,0.4041,91.42,0.0153,0.0303,0.0153,6,3,66,"shelter deduction 0.36; utility allowance 0.31; unearned income 0.13","wrong include/exclude decision 0.59; wrong amount, known item 0.14; change in circumstances 0.13",0.286885245901639,0.954545454545455,0.401639344262295,0.459016393442623,0.0076,0
19,"core","HH_size_n >= 5 & rawben_rel_max < 0.801 & shelter_expenses_by_hh_size < 498 & total_deductions_by_hh_size >= 401","4+","national","xgboost","any_error",58,0.5517,0.402,99.64,0,0,0,3,2,32,"dep care or child support deduction 0.33; earned income 0.29; shelter deduction 0.21","wrong include/exclude decision 0.44; wrong amount, known item 0.38",0.557692307692308,0.78125,0.788461538461538,0.596153846153846,0,0
20,"core","gross_by_hh_size >= 264 & unc_rawben_rel_max >= 0.986 & unc_rawben_rel_max < 1.03 & utilities_sua < 2","1","national","xgboost","any_error",448,0.4487,0.3949,79.36,0.0201,0.0199,0.0089,6,3,201,"unearned income 0.38; shelter deduction 0.29; utility allowance 0.21","wrong include/exclude decision 0.62; wrong amount, known item 0.14",0.402061855670103,0.990049751243781,0.56701030927835,0.577319587628866,0.0112,0.0149
21,"core","gross_by_hh_size > 198 & HH_size_n > 2.5 & total_deductions_by_hh_size > 691 & unearned_by_hh_size > 66.8","2-3","national","ranger","any_error",59,0.5424,0.3944,156.36,0,0,0,1,1,32,"earned income 0.25; unearned income 0.25; dep care or child support deduction 0.22; shelter deduction 0.17","wrong include/exclude decision 0.32; wrong amount, known item 0.24; unreported source of income 0.17; other 0.11",0.19047619047619,0.84375,0.587301587301587,0.428571428571429,0,0
22,"core","children_i <= 0 & earned_by_hh_size > 126 & expedited_i >= 1 & rawben_rel_max <= 0.959","2-3","national","ranger","any_error",57,0.5439,0.3934,125.91,0.0526,0.0968,0.0526,1,1,31,"earned income 0.42; other element 0.33","household composition 0.25; wrong amount, known item 0.19; unreported source of income 0.17; wrong include/exclude decision 0.10; other 0.10",0.352941176470588,0.709677419354839,0.627450980392157,0.442307692307692,0,0
23,"core","rawben_rel_max > 0.155 & unearned_by_hh_size > 1310","2-3","national","ranger","any_error",84,0.5119,0.3882,68.04,0,0,0,1,1,43,"shelter deduction 0.41; medical deduction 0.29; unearned income 0.21","wrong include/exclude decision 0.49; wrong amount, known item 0.19; method or computation 0.09",0.382352941176471,0.883720930232558,0.720588235294118,0.617647058823529,0,0
24,"core","earned_by_hh_size > 75.1 & expedited_i >= 1 & medical_deductions <= 80.5 & unearned_by_hh_size > 386","2-3","national","ranger","any_error",38,0.5526,0.3704,105.47,0.0263,0.0476,0.0263,1,1,21,"earned income 0.37; unearned income 0.29; shelter deduction 0.20","wrong amount, known item 0.34; wrong include/exclude decision 0.20; unreported source of income 0.17; method or computation 0.06",0.529411764705882,0.571428571428571,0.5,0.514285714285714,0,0
25,"core","married >= 1 & percent_abawd <= 0.167 & rawben_rel_max > 0.998 & unc_rawben_rel_max <= 1","2-3","national","ranger","any_error",47,0.5319,0.3683,127.85,0,0,0,1,1,25,"shelter deduction 0.56; medical deduction 0.18; utility allowance 0.09","wrong include/exclude decision 0.47; wrong amount, known item 0.41",0.588235294117647,0.92,0.764705882352941,0.794117647058823,0,0
26,"core","medical_deductions >= 336 & rawben_rel_max >= 0.61 & unearned_by_hh_size >= 441","2-3","national","xgboost","any_error",47,0.5319,0.3683,118.32,0,0,0,2,2,25,"medical deduction 0.48; shelter deduction 0.25; unearned income 0.19","wrong include/exclude decision 0.60; wrong amount, known item 0.15",0.479166666666667,0.96,0.583333333333333,0.708333333333333,0,0
27,"core","gross_by_hh_size > 492 & percent_abawd <= 0.5 & rawben_rel_max > 0.993 & utilities_sua <= 0.5","1","national","ranger","any_error",239,0.4393,0.3668,79.26,0.0042,0,0,2,1,105,"shelter deduction 0.31; unearned income 0.25; utility allowance 0.21","wrong include/exclude decision 0.57; wrong amount, known item 0.16; unreported source of income 0.12",0.456140350877193,1,0.526315789473684,0.56140350877193,0.0209,0.019
28,"core","children_i >= 1 & count_divisible_by_100 <= 0.5 & elderly_disabled_i >= 1 & percent_abawd <= 0.5","1","national","ranger","any_error",34,0.5588,0.3666,112.35,0.0294,0.0526,0.0294,1,1,19,"other element 0.65; shelter deduction 0.12","household composition 0.65; wrong include/exclude decision 0.19",0.615384615384615,0.210526315789474,0.653846153846154,0.653846153846154,0.0294,0
29,"core","elderly_disabled_i >= 1 & months_since_cert_n > 6.5 & unc_rawben_rel_max <= 1 & unearned_by_hh_size <= 124","4+","national","ranger","any_error",45,0.5333,0.3663,111.89,0.0222,0.0417,0.0222,5,5,24,"unearned income 0.32; earned income 0.30; shelter deduction 0.19","wrong amount, known item 0.27; wrong include/exclude decision 0.24; unreported source of income 0.14; change in circumstances 0.11",0.444444444444444,0.833333333333333,0.333333333333333,0.540540540540541,0,0
30,"core","medical_deductions > 160 & total_deductions_by_hh_size > 650 & unc_rawben_rel_max > 0.16","2-3","national","ranger","any_error",163,0.454,0.3662,79.21,0.0061,0.0135,0.0061,1,1,74,"medical deduction 0.38; shelter deduction 0.27; unearned income 0.23","wrong include/exclude decision 0.53; wrong amount, known item 0.21; unreported source of income 0.08",0.471074380165289,0.972972972972973,0.611570247933884,0.644628099173554,0,0
31,"core","gross_by_hh_size > 324 & months_since_cert_n <= 3.5 & rawben_rel_max > 0.997 & unc_rawben_rel_max <= 1.01","1","national","ranger","any_error",288,0.4271,0.3612,70.31,0,0,0,6,4,123,"shelter deduction 0.45; unearned income 0.25; medical deduction 0.16","wrong include/exclude decision 0.64; wrong amount, known item 0.13",0.353658536585366,1,0.780487804878049,0.536585365853659,0.0417,0.065
32,"core","shelter_expenses_by_hh_size <= 487 & total_deductions_by_hh_size > 691 & unc_rawben_rel_max <= 1","2-3","national","ranger","any_error",64,0.5,0.3604,109.95,0.0312,0.0312,0.0156,5,3,32,"dep care or child support deduction 0.29; earned income 0.27; shelter deduction 0.20","wrong include/exclude decision 0.39; wrong amount, known item 0.29; other 0.14",0.321428571428571,0.8125,0.75,0.464285714285714,0,0
33,"core","HH_size_n > 5.5 & rawben_rel_max <= 0.976 & shelter_expenses_by_hh_size <= 454 & total_deductions_by_hh_size > 340","4+","national","ranger","any_error",37,0.5405,0.3573,148.08,0.027,0.05,0.027,2,1,20,"earned income 0.37; shelter deduction 0.23; dep care or child support deduction 0.23","wrong include/exclude decision 0.40; wrong amount, known item 0.20; method or computation 0.17",0.566666666666667,0.6,0.733333333333333,0.633333333333333,0,0
34,"core","rawben_rel_max < 0.712 & shelter_expenses_by_hh_size >= 275 & shelter_expenses_by_hh_size < 306 & total_deductions_by_hh_size >= 310","4+","national","xgboost","any_error",37,0.5405,0.3573,113.24,0,0,0,3,2,20,"dep care or child support deduction 0.28; shelter deduction 0.24; earned income 0.21; unearned income 0.14","wrong include/exclude decision 0.48; wrong amount, known item 0.21; other 0.10",0.482758620689655,0.6,0.758620689655172,0.655172413793103,0,0
35,"core","earned_by_hh_size > 94.8 & gross_by_hh_size <= 463 & total_deductions_by_hh_size > 307 & unearned_by_hh_size > 20.6","4+","national","ranger","any_error",60,0.5,0.3562,137.47,0.0167,0.0333,0.0167,1,1,30,"earned income 0.40; unearned income 0.19; other element 0.13; shelter deduction 0.12","wrong amount, known item 0.27; wrong include/exclude decision 0.23; unreported source of income 0.13; other 0.12",0.48,0.833333333333333,0.5,0.5,0,0
36,"core","gross_by_hh_size >= 1130 & shelter_expenses_by_hh_size < 884 & total_deductions_by_hh_size >= 717 & unearned_by_hh_size >= 147","2-3","national","xgboost","any_error",49,0.5102,0.3516,112.35,0,0,0,1,1,25,"medical deduction 0.24; earned income 0.20; shelter deduction 0.16; unearned income 0.14","wrong include/exclude decision 0.41; wrong amount, known item 0.22; unreported source of income 0.08; method or computation 0.08",0.408163265306122,0.92,0.489795918367347,0.489795918367347,0,0
37,"core","gross_by_hh_size >= 1090 & rawben_rel_max >= 0.636 & unc_rawben_rel_max < 1.2","2-3","national","xgboost","any_error",97,0.4639,0.3512,110.62,0.0103,0.0222,0.0103,1,1,45,"shelter deduction 0.31; earned income 0.26; medical deduction 0.15; dep care or child support deduction 0.13","wrong include/exclude decision 0.46; wrong amount, known item 0.28; unreported source of income 0.11",0.39344262295082,0.866666666666667,0.754098360655738,0.557377049180328,0,0
38,"core","bbce_state_i >= 1 & HH_size_n > 5.5 & total_deductions_by_hh_size > 242 & unearned_by_hh_size > 0.25","4+","national","ranger","any_error",162,0.4383,0.351,122.86,0.0123,0.0282,0.0123,2,1,71,"earned income 0.32; unearned income 0.24; shelter deduction 0.18; dep care or child support deduction 0.12","wrong amount, known item 0.31; wrong include/exclude decision 0.25; unreported source of income 0.14; method or computation 0.08",0.346456692913386,0.732394366197183,0.559055118110236,0.52755905511811,0,0
39,"core","expedited_i >= 1 & rawben_rel_max > 0.998 & unc_rawben_rel_max <= 1.02 & unearned_by_hh_size > 307","1","national","ranger","any_error",216,0.4259,0.3504,78.08,0,0,0,5,3,92,"unearned income 0.58; shelter deduction 0.24","wrong include/exclude decision 0.49; unreported source of income 0.23; wrong amount, known item 0.13",0.312,0.989130434782609,0.496,0.476190476190476,0.0694,0.0978
40,"core","months_since_cert_n > 8.5 & percent_abawd <= 0.167 & rawben_rel_max <= 0.365 & total_deductions_by_hh_size > 602","2-3","national","ranger","any_error",95,0.4632,0.3494,81.52,0.0737,0.1591,0.0737,1,1,44,"shelter deduction 0.26; earned income 0.26; unearned income 0.16; other element 0.16","wrong include/exclude decision 0.29; wrong amount, known item 0.28; other 0.10; change in circumstances 0.09",0.36046511627907,0.863636363636364,0.27906976744186,0.441860465116279,0,0
41,"core","earned_by_hh_size < 126 & gross_by_hh_size >= 221 & total_deductions_by_hh_size >= 717 & unc_rawben_rel_max < 1.04","2-3","national","xgboost","any_error",251,0.4183,0.3484,78.5,0.008,0.019,0.008,1,1,105,"shelter deduction 0.39; unearned income 0.24; medical deduction 0.24","wrong include/exclude decision 0.45; wrong amount, known item 0.23; unreported source of income 0.14",0.363636363636364,0.914285714285714,0.694805194805195,0.532467532467532,0,0
42,"core","unc_rawben_rel_max > 0.998 & unc_rawben_rel_max <= 1.01 & unearned_by_hh_size > 304","1","national","ranger","any_error",1113,0.3783,0.3451,58.74,0,0,0,27,14,421,"shelter deduction 0.47; unearned income 0.25; medical deduction 0.16","wrong include/exclude decision 0.57; wrong amount, known item 0.18",0.361510791366906,0.997624703087886,0.595323741007194,0.55475763016158,0.0207,0.0333
43,"core","earned_by_hh_size >= 280 & earned_by_hh_size < 474 & months_since_cert_n >= 9 & rawben_rel_max >= 0.641","4+","national","xgboost","any_error",264,0.4129,0.3448,95.64,0.0114,0.0275,0.0114,11,11,109,"earned income 0.50; other element 0.16; shelter deduction 0.13","wrong amount, known item 0.30; wrong include/exclude decision 0.17; change in circumstances 0.16; method or computation 0.09; household composition 0.08",0.450617283950617,0.761467889908257,0.425925925925926,0.545454545454545,0,0
44,"core","earned_by_hh_size > 42.2 & HH_size_n > 5.5 & married <= 0 & unearned_by_hh_size > 234","4+","national","ranger","any_error",74,0.473,0.3445,149.27,0.0135,0.0286,0.0135,1,1,35,"earned income 0.35; unearned income 0.33; other element 0.15","wrong amount, known item 0.39; wrong include/exclude decision 0.18; unreported source of income 0.17; household composition 0.15",0.348484848484849,0.485714285714286,0.757575757575758,0.575757575757576,0,0
45,"core","earned_by_hh_size >= 24.9 & months_since_cert_n >= 12 & rawben_rel_max >= 0.569 & total_deductions_by_hh_size < 217","4+","national","xgboost","any_error",76,0.4605,0.3346,124.49,0.0263,0.0571,0.0263,1,1,35,"earned income 0.51; shelter deduction 0.16; other element 0.13","wrong include/exclude decision 0.28; wrong amount, known item 0.26; change in circumstances 0.15; other 0.13",0.491803278688525,0.771428571428571,0.459016393442623,0.60655737704918,0,0
46,"core","shelter_expenses_by_hh_size > 277 & total_deductions_by_hh_size > 850 & unc_rawben_rel_max <= 1","2-3","national","ranger","any_error",272,0.4007,0.3342,83.01,0.0147,0.0367,0.0147,1,1,109,"shelter deduction 0.23; earned income 0.22; dep care or child support deduction 0.15; unearned income 0.15","wrong include/exclude decision 0.38; wrong amount, known item 0.31; unreported source of income 0.10",0.361702127659574,0.871559633027523,0.606382978723404,0.521276595744681,0,0
47,"core","earned_by_hh_size >= 87.4 & earned_by_hh_size < 176 & gross_by_hh_size < 496 & rawben_rel_max < 0.876","4+","national","xgboost","any_error",186,0.414,0.3336,81.09,0.0054,0.013,0.0054,5,5,77,"earned income 0.40; unearned income 0.24; shelter deduction 0.15","wrong amount, known item 0.37; wrong include/exclude decision 0.22; unreported source of income 0.11; household composition 0.10",0.553846153846154,0.623376623376623,0.561538461538462,0.653846153846154,0,0
48,"core","HH_size_n < 7 & months_since_cert_n >= 6 & shelter_expenses_by_hh_size < 459 & total_deductions_by_hh_size >= 505","4+","national","xgboost","any_error",30,0.5333,0.3332,159.03,0,0,0,2,1,16,"dep care or child support deduction 0.37; earned income 0.23; unearned income 0.13; shelter deduction 0.10","wrong include/exclude decision 0.27; wrong amount, known item 0.27; change in circumstances 0.20; unreported source of income 0.10",0.285714285714286,0.9375,0.428571428571429,0.4,0,0
49,"core","medical_deductions >= 158 & months_since_cert_n < 14 & rawben_rel_max >= 0.68 & shelter_expenses_by_hh_size < 675","2-3","national","xgboost","any_error",84,0.4524,0.3328,81.11,0.0119,0.0263,0.0119,6,6,38,"medical deduction 0.36; shelter deduction 0.27; unearned income 0.20","wrong include/exclude decision 0.54; wrong amount, known item 0.17; other 0.09",0.542857142857143,0.947368421052632,0.685714285714286,0.628571428571429,0,0
50,"core","children_i <= 0 & gross_by_hh_size >= 2140 & rawben_rel_max < 0.381 & unc_rawben_rel_max < 1.17","2-3","national","xgboost","any_error",59,0.4746,0.332,110.97,0.0339,0.0714,0.0339,1,1,28,"other element 0.39; earned income 0.24; shelter deduction 0.19","household composition 0.27; wrong amount, known item 0.20; wrong include/exclude decision 0.16; other 0.14",0.228571428571429,1,0.542857142857143,0.3,0,0
51,"core","HH_size_n >= 5 & months_since_cert_n >= 6 & percent_abawd >= 0.3 & total_deductions_by_hh_size >= 138","4+","national","xgboost","any_error",42,0.5,0.3311,164.14,0.0714,0.1429,0.0714,2,2,21,"earned income 0.48; other element 0.23; shelter deduction 0.13","wrong amount, known item 0.23; household composition 0.23; change in circumstances 0.16; unreported source of income 0.13; wrong include/exclude decision 0.13",0.290322580645161,0.666666666666667,0.483870967741935,0.516129032258065,0,0
52,"core","medical_deductions >= 172 & months_since_cert_n >= 5 & rawben_rel_max >= 0.139 & shelter_expenses_by_hh_size >= 591","2-3","national","xgboost","any_error",143,0.4196,0.3282,55.26,0.007,0.0167,0.007,2,1,60,"medical deduction 0.43; shelter deduction 0.27; unearned income 0.20","wrong include/exclude decision 0.56; wrong amount, known item 0.22",0.472527472527473,0.95,0.505494505494505,0.626373626373626,0,0
53,"core","unc_rawben_rel_max > 0.673 & unearned_by_hh_size > 727 & utilities_sua <= 0.5","1","national","ranger","any_error",411,0.382,0.3281,57.99,0.0073,0.0064,0.0024,20,11,157,"shelter deduction 0.40; utility allowance 0.28; unearned income 0.16","wrong include/exclude decision 0.63; wrong amount, known item 0.14",0.319391634980989,0.955414012738854,0.585551330798479,0.501901140684411,0.0049,0
54,"core","earned_by_hh_size > 123 & months_since_cert_n <= 4.5 & total_deductions_by_hh_size > 807 & unearned_by_hh_size > 135","2-3","national","ranger","any_error",40,0.5,0.3274,141.38,0,0,0,1,1,20,"earned income 0.32; unearned income 0.24; shelter deduction 0.21","wrong amount, known item 0.47; wrong include/exclude decision 0.24; unreported source of income 0.08",0.236842105263158,0.85,0.605263157894737,0.394736842105263,0,0
55,"core","earned_by_hh_size >= 87.4 & HH_size_n >= 5 & shelter_expenses_by_hh_size < 352 & total_deductions_by_hh_size >= 278","4+","national","xgboost","any_error",311,0.3891,0.3272,84.44,0.0064,0.0165,0.0064,8,4,121,"earned income 0.36; dep care or child support deduction 0.23; shelter deduction 0.16; unearned income 0.14","wrong include/exclude decision 0.35; wrong amount, known item 0.34; method or computation 0.08",0.480662983425414,0.776859504132231,0.69060773480663,0.60989010989011,0,0
56,"core","count_divisible_by_100 > 0.5 & months_since_cert_n > 6.5 & rawben_rel_max <= 0.905 & shelter_expenses_by_hh_size > 217","4+","national","ranger","any_error",136,0.4191,0.3257,85.32,0,0,0,3,3,57,"earned income 0.38; unearned income 0.24; shelter deduction 0.19","wrong include/exclude decision 0.28; wrong amount, known item 0.27; unreported source of income 0.19; household composition 0.07",0.367816091954023,0.736842105263158,0.64367816091954,0.460674157303371,0,0
57,"core","rawben_rel_max < 0.76 & shelter_expenses_by_hh_size < 517 & total_deductions_by_hh_size >= 401","4+","national","xgboost","any_error",207,0.401,0.3252,75.57,0.0048,0.012,0.0048,5,3,83,"dep care or child support deduction 0.32; earned income 0.29; shelter deduction 0.19","wrong amount, known item 0.39; wrong include/exclude decision 0.34; other 0.08",0.388157894736842,0.783132530120482,0.703947368421053,0.559210526315789,0,0
58,"core","medical_deductions >= 176 & rawben_rel_max >= 0.952 & shelter_expenses_by_hh_size >= 667 & unc_rawben_rel_max < 1.16","1","national","xgboost","any_error",241,0.3942,0.3241,57.83,0.0083,0.0211,0.0083,12,6,95,"medical deduction 0.51; shelter deduction 0.22; unearned income 0.16","wrong include/exclude decision 0.62; wrong amount, known item 0.17",0.496503496503497,0.989473684210526,0.601398601398601,0.692307692307692,0,0
59,"core","HH_size_n > 5.5 & months_since_cert_n > 5.5 & unc_rawben_rel_max > 0.684 & unc_rawben_rel_max <= 0.961","4+","national","ranger","any_error",336,0.381,0.3217,89.09,0.0149,0.0391,0.0149,20,14,128,"earned income 0.43; unearned income 0.19; shelter deduction 0.18","wrong amount, known item 0.34; wrong include/exclude decision 0.18; unreported source of income 0.12; change in circumstances 0.09; other 0.08",0.443850267379679,0.640625,0.475935828877005,0.603174603174603,0,0
60,"core","count_divisible_by_100 >= 1 & months_since_cert_n >= 6 & total_deductions_by_hh_size >= 308 & utilities_sua >= 2","4+","national","xgboost","any_error",69,0.4493,0.3188,109.88,0,0,0,2,1,31,"earned income 0.31; unearned income 0.26; shelter deduction 0.17; dep care or child support deduction 0.13","wrong include/exclude decision 0.31; wrong amount, known item 0.24; unreported source of income 0.13; other 0.11",0.388888888888889,0.806451612903226,0.703703703703704,0.388888888888889,0,0
61,"core","months_since_cert_n < 21 & rawben_rel_max >= 0.163 & unc_rawben_rel_max < 1.23 & unearned_by_hh_size >= 1100","2-3","national","xgboost","any_error",249,0.3855,0.317,58.86,0,0,0,2,1,96,"shelter deduction 0.34; unearned income 0.25; medical deduction 0.25","wrong include/exclude decision 0.49; wrong amount, known item 0.22; unreported source of income 0.11",0.389705882352941,0.885416666666667,0.669117647058823,0.580882352941177,0,0
62,"core","gross_by_hh_size > 250 & HH_size_n > 2.5 & total_deductions_by_hh_size > 756","2-3","national","ranger","any_error",96,0.4271,0.3167,100.97,0,0,0,1,1,41,"earned income 0.30; dep care or child support deduction 0.26; unearned income 0.20","wrong include/exclude decision 0.28; wrong amount, known item 0.27; unreported source of income 0.20",0.202702702702703,0.804878048780488,0.527027027027027,0.364864864864865,0,0
63,"core","earned_by_hh_size > 42.6 & earned_by_hh_size <= 367 & HH_size_n > 5.5 & unc_rawben_rel_max <= 0.977","4+","national","ranger","any_error",734,0.3556,0.3157,90.19,0.015,0.0421,0.015,26,13,261,"earned income 0.44; unearned income 0.17; shelter deduction 0.17","wrong amount, known item 0.34; wrong include/exclude decision 0.21; household composition 0.12; unreported source of income 0.12",0.444987775061125,0.60536398467433,0.662591687041565,0.613138686131387,0,0
64,"core","medical_deductions >= 205 & rawben_rel_max >= 0.325","2-3","national","xgboost","any_error",202,0.3911,0.3151,63.37,0,0,0,6,3,79,"medical deduction 0.45; unearned income 0.26; shelter deduction 0.21","wrong include/exclude decision 0.60; wrong amount, known item 0.24",0.537190082644628,0.936708860759494,0.537190082644628,0.735537190082645,0,0
65,"core","earned_by_hh_size > 13.2 & months_since_cert_n > 5.5 & shelter_expenses_by_hh_size > 302 & shelter_expenses_by_hh_size <= 317","2-3","national","ranger","any_error",49,0.4694,0.315,77.33,0,0,0,1,1,23,"earned income 0.48; shelter deduction 0.24; dep care or child support deduction 0.07","wrong include/exclude decision 0.31; wrong amount, known item 0.24; change in circumstances 0.21",0.261904761904762,0.608695652173913,0.285714285714286,0.523809523809524,0,0
66,"core","months_since_cert_n <= 0.5 & total_deductions_by_hh_size > 810","2-3","national","ranger","any_error",49,0.4694,0.315,116.39,0.0204,0.0435,0.0204,1,1,23,"earned income 0.26; unearned income 0.24; shelter deduction 0.24; dep care or child support deduction 0.13","wrong amount, known item 0.55; wrong include/exclude decision 0.26",0.236842105263158,0.782608695652174,0.736842105263158,0.473684210526316,0,0
67,"core","earned_by_hh_size <= 166 & elderly_disabled_i >= 1 & rawben_rel_max > 0.994 & unc_rawben_rel_max <= 1","4+","national","ranger","any_error",44,0.4773,0.3145,81.84,0,0,0,3,3,21,"shelter deduction 0.61; other element 0.18","wrong include/exclude decision 0.55; wrong amount, known item 0.15; other 0.12",0.121212121212121,1,0.575757575757576,0.363636363636364,0,0
68,"core","months_since_cert_n > 5.5 & total_deductions_by_hh_size > 249 & unc_rawben_rel_max > 0.785 & unc_rawben_rel_max <= 0.975","4+","national","ranger","any_error",321,0.3738,0.3136,91.9,0.0156,0.0417,0.0156,7,4,120,"earned income 0.47; shelter deduction 0.17; unearned income 0.13","wrong amount, known item 0.32; wrong include/exclude decision 0.23; unreported source of income 0.12; change in circumstances 0.10",0.415730337078652,0.766666666666667,0.544943820224719,0.536312849162011,0,0
69,"core","earned_by_hh_size <= 126 & total_deductions_by_hh_size > 641 & unc_rawben_rel_max <= 1","2-3","national","ranger","any_error",401,0.3666,0.3127,65.09,0.005,0.0136,0.005,4,2,147,"shelter deduction 0.40; unearned income 0.24; medical deduction 0.23","wrong include/exclude decision 0.49; wrong amount, known item 0.22; unreported source of income 0.11",0.383561643835616,0.91156462585034,0.63013698630137,0.538812785388128,0,0
70,"core","bbce_state_i >= 1 & earned_by_hh_size > 85.9 & expedited_i <= 0 & total_deductions_by_hh_size > 583","4+","national","ranger","any_error",73,0.4384,0.3122,117.88,0,0,0,2,1,32,"dep care or child support deduction 0.37; earned income 0.25; unearned income 0.15","wrong amount, known item 0.35; wrong include/exclude decision 0.27; unreported source of income 0.13",0.344827586206897,0.90625,0.689655172413793,0.433333333333333,0,0
71,"core","gross_by_hh_size < 913 & months_since_cert_n >= 9 & total_deductions_by_hh_size >= 325 & total_deductions_by_hh_size < 379","4+","national","xgboost","any_error",136,0.4044,0.312,77.32,0,0,0,2,1,55,"earned income 0.37; shelter deduction 0.22; unearned income 0.18","wrong amount, known item 0.30; wrong include/exclude decision 0.17; change in circumstances 0.15; method or computation 0.13",0.32967032967033,0.818181818181818,0.406593406593407,0.489130434782609,0,0
72,"core","expedited_i <= 0 & rawben_rel_max > 0.998 & unc_rawben_rel_max <= 1.02 & utilities_sua <= 1.5","1","national","ranger","any_error",494,0.3603,0.3118,60.19,0,0,0,6,3,178,"unearned income 0.43; shelter deduction 0.27; utility allowance 0.19","wrong include/exclude decision 0.59; unreported source of income 0.15; wrong amount, known item 0.12",0.400793650793651,0.99438202247191,0.555555555555556,0.55952380952381,0.2065,0.1461
73,"core","rawben_rel_max < 0.738 & unc_rawben_rel_max >= 0.193 & unearned_by_hh_size >= 986 & utilities_sua < 2","2-3","national","xgboost","any_error",32,0.5,0.3099,64.91,0,0,0,1,1,16,"shelter deduction 0.33; utility allowance 0.19; dep care or child support deduction 0.14; unearned income 0.14","wrong include/exclude decision 0.62; other 0.14",0.333333333333333,0.75,0.761904761904762,0.666666666666667,0,0
74,"core","shelter_expenses_by_hh_size >= 431 & unc_rawben_rel_max < 1 & unearned_by_hh_size >= 146 & unearned_by_hh_size < 242","4+","national","xgboost","any_error",138,0.3986,0.3072,102.79,0.029,0.0545,0.0217,2,2,55,"earned income 0.33; unearned income 0.29; shelter deduction 0.17","wrong amount, known item 0.38; unreported source of income 0.13; wrong include/exclude decision 0.13; method or computation 0.10; change in circumstances 0.09",0.388888888888889,0.727272727272727,0.644444444444444,0.555555555555556,0,0
75,"core","bbce_state_i >= 1 & gross_by_hh_size > 198 & medical_deductions > 172 & rawben_rel_max > 0.15","2-3","national","ranger","any_error",379,0.3615,0.3064,52.6,0.0053,0.0146,0.0053,33,19,137,"medical deduction 0.36; unearned income 0.25; shelter deduction 0.25","wrong include/exclude decision 0.55; wrong amount, known item 0.21",0.519047619047619,0.905109489051095,0.614285714285714,0.676190476190476,0,0
76,"core","earned_by_hh_size > 83.4 & gross_by_hh_size <= 455 & total_deductions_by_hh_size > 348","4+","national","ranger","any_error",77,0.4286,0.3064,139.79,0.026,0.0606,0.026,2,2,33,"earned income 0.46; dep care or child support deduction 0.19; shelter deduction 0.12","wrong amount, known item 0.31; wrong include/exclude decision 0.21; unreported source of income 0.13; change in circumstances 0.12",0.392156862745098,0.939393939393939,0.588235294117647,0.519230769230769,0,0
77,"core","gross_by_hh_size > 107 & HH_size_n > 5.5 & months_since_cert_n > 11.5","4+","national","ranger","any_error",77,0.4286,0.3064,90.47,0.026,0.0303,0.013,1,1,33,"earned income 0.34; unearned income 0.25; shelter deduction 0.16","wrong amount, known item 0.29; wrong include/exclude decision 0.23; other 0.16; unreported source of income 0.12",0.553571428571429,0.696969696969697,0.535714285714286,0.678571428571429,0,0
78,"core","gross_by_hh_size >= 382 & gross_by_hh_size < 446 & rawben_rel_max >= 0.9","4+","national","xgboost","any_error",53,0.4528,0.3056,155.72,0.0189,0.0417,0.0189,1,1,24,"earned income 0.43; other element 0.18; dep care or child support deduction 0.16","wrong amount, known item 0.34; change in circumstances 0.16; other 0.14; wrong include/exclude decision 0.11",0.255813953488372,0.875,0.418604651162791,0.386363636363636,0,0
79,"core","earned_by_hh_size <= 10.8 & elderly_disabled_i >= 1 & shelter_expenses_by_hh_size > 1020 & unc_rawben_rel_max <= 1","2-3","national","ranger","any_error",212,0.3774,0.3039,66.66,0.0094,0.025,0.0094,1,1,80,"shelter deduction 0.44; unearned income 0.30; medical deduction 0.15","wrong include/exclude decision 0.42; wrong amount, known item 0.29; unreported source of income 0.14",0.345132743362832,0.8625,0.628318584070796,0.530973451327434,0,0
80,"core","earned_by_hh_size > 42.6 & HH_size_n > 4.5 & unc_rawben_rel_max > 0.377 & unearned_by_hh_size > 20.6","4+","national","ranger","any_error",1260,0.3333,0.3032,71.79,0.0063,0.0167,0.0056,35,18,420,"earned income 0.38; unearned income 0.26; shelter deduction 0.17","wrong amount, known item 0.36; wrong include/exclude decision 0.22; unreported source of income 0.12; change in circumstances 0.07",0.422752808988764,0.664285714285714,0.64185393258427,0.599162011173184,0,0
81,"core","gross_by_hh_size >= 858 & shelter_expenses_by_hh_size >= 1050 & unearned_by_hh_size >= 468","2-3","national","xgboost","any_error",269,0.368,0.3029,71.67,0.0186,0.0505,0.0186,1,1,99,"shelter deduction 0.36; unearned income 0.28; earned income 0.15","wrong include/exclude decision 0.31; wrong amount, known item 0.30; unreported source of income 0.15",0.314465408805031,0.848484848484849,0.591194968553459,0.484276729559748,0,0
82,"core","earned_by_hh_size <= 1270 & shelter_expenses_by_hh_size > 1220 & total_deductions_by_hh_size > 488 & unearned_by_hh_size > 467","2-3","national","ranger","any_error",126,0.3968,0.3017,91.48,0.0238,0.06,0.0238,1,1,50,"shelter deduction 0.43; unearned income 0.24; earned income 0.19","wrong include/exclude decision 0.37; wrong amount, known item 0.35; unreported source of income 0.15",0.352941176470588,0.9,0.647058823529412,0.588235294117647,0,0
83,"core","earned_by_hh_size >= 469 & gross_by_hh_size < 1280 & shelter_expenses_by_hh_size < 894 & unc_rawben_rel_max >= 1.36","1","national","xgboost","any_error",132,0.3939,0.3011,87.38,0,0,0,1,1,52,"earned income 0.63; shelter deduction 0.16","unreported source of income 0.29; wrong amount, known item 0.20; change in circumstances 0.18; wrong include/exclude decision 0.16",0.259259259259259,1,0.493827160493827,0.292682926829268,0,0
84,"core","earned_by_hh_size >= 598 & earned_by_hh_size < 1390 & rawben_rel_max >= 0.866 & unc_rawben_rel_max >= 1.41","1","national","xgboost","any_error",135,0.3926,0.3008,87.04,0,0,0,1,1,53,"earned income 0.65; other element 0.13","unreported source of income 0.27; change in circumstances 0.21; wrong amount, known item 0.20; wrong include/exclude decision 0.13",0.280487804878049,1,0.378048780487805,0.353658536585366,0,0
85,"core","gross_by_hh_size <= 151 & married >= 1 & shelter_expenses_by_hh_size > 217 & unc_rawben_rel_max <= 1.1","4+","national","ranger","any_error",38,0.4737,0.3007,195.16,0,0,0,1,1,18,"earned income 0.74; unearned income 0.17","wrong amount, known item 0.35; change in circumstances 0.26; wrong include/exclude decision 0.22",0.434782608695652,1,0.739130434782609,0.565217391304348,0.2105,0.2222
86,"core","earned_by_hh_size >= 126 & gross_by_hh_size < 190 & unc_rawben_rel_max >= 1.08 & unc_rawben_rel_max < 1.11","2-3","national","xgboost","any_error",46,0.4565,0.2994,134.3,0,0,0,1,1,21,"earned income 0.75","unreported source of income 0.32; wrong amount, known item 0.25; wrong include/exclude decision 0.21",0.25,0.952380952380952,0.642857142857143,0.392857142857143,0,0
87,"core","count_divisible_by_100 > 1.5 & married >= 1 & rawben_rel_max > 0.634","4+","national","ranger","any_error",33,0.4848,0.2994,111.33,0,0,0,1,1,16,"earned income 0.55; shelter deduction 0.24","wrong amount, known item 0.34; wrong include/exclude decision 0.24; unreported source of income 0.17",0.259259259259259,0.6875,0.666666666666667,0.448275862068966,0,0
88,"core","earned_by_hh_size >= 270 & gross_by_hh_size < 438 & unearned_by_hh_size >= 0.2","4+","national","xgboost","any_error",267,0.3633,0.2982,79.34,0.0075,0.0103,0.0037,2,1,97,"earned income 0.45; unearned income 0.27; shelter deduction 0.14","wrong amount, known item 0.39; wrong include/exclude decision 0.22; unreported source of income 0.12; change in circumstances 0.07",0.390728476821192,0.711340206185567,0.781456953642384,0.585526315789474,0,0
89,"core","rawben_rel_max < 0.882 & unc_rawben_rel_max >= 0.871 & utilities_sua >= 1","4+","national","xgboost","any_error",145,0.3862,0.2979,78.03,0,0,0,1,1,56,"earned income 0.35; unearned income 0.21; shelter deduction 0.20","wrong amount, known item 0.35; wrong include/exclude decision 0.26; change in circumstances 0.09; unreported source of income 0.07",0.443037974683544,0.660714285714286,0.746835443037975,0.6875,0,0
90,"core","medical_deductions > 160 & unc_rawben_rel_max > 0.32 & unc_rawben_rel_max <= 1.03 & utilities_sua <= 1.5","1","national","ranger","any_error",257,0.3619,0.2957,44.77,0.0039,0.0108,0.0039,14,9,93,"medical deduction 0.45; shelter deduction 0.20; unearned income 0.16","wrong include/exclude decision 0.66; wrong amount, known item 0.20",0.486842105263158,0.956989247311828,0.651315789473684,0.671052631578947,0,0
91,"core","months_since_cert_n >= 8 & rawben_rel_max >= 0.905 & rawben_rel_max < 0.927","4+","national","xgboost","any_error",63,0.4286,0.2949,83.19,0.0317,0.0741,0.0317,4,2,27,"unearned income 0.38; earned income 0.28; shelter deduction 0.15","wrong amount, known item 0.28; wrong include/exclude decision 0.23; unreported source of income 0.21; other 0.05",0.461538461538462,0.592592592592593,0.333333333333333,0.564102564102564,0,0
92,"core","children_i <= 0 & earned_by_hh_size >= 432 & shelter_expenses_by_hh_size < 940 & unc_rawben_rel_max >= 1.38","1","national","xgboost","any_error",129,0.3876,0.2943,85.73,0,0,0,2,1,50,"earned income 0.63; shelter deduction 0.14","unreported source of income 0.27; wrong include/exclude decision 0.21; change in circumstances 0.18; wrong amount, known item 0.18",0.324675324675325,1,0.545454545454545,0.397435897435897,0,0
93,"core","earned_by_hh_size > 581 & gross_by_hh_size <= 628 & months_since_cert_n > 6.5","4+","national","ranger","any_error",109,0.3945,0.2931,82.89,0.0092,0.0233,0.0092,5,4,43,"earned income 0.53; shelter deduction 0.19; other element 0.17","wrong amount, known item 0.29; other 0.14; wrong include/exclude decision 0.14; household composition 0.12; change in circumstances 0.12",0.254237288135593,0.627906976744186,0.440677966101695,0.593220338983051,0,0
94,"core","earned_by_hh_size > 11.4 & total_deductions_by_hh_size > 804 & unc_rawben_rel_max <= 1","2-3","national","ranger","any_error",244,0.3607,0.2929,72.58,0.0205,0.0568,0.0205,2,1,88,"earned income 0.35; dep care or child support deduction 0.21; unearned income 0.15; shelter deduction 0.14","wrong amount, known item 0.38; wrong include/exclude decision 0.26; unreported source of income 0.13",0.308176100628931,0.818181818181818,0.522012578616352,0.459119496855346,0,0
95,"core","gross_by_hh_size > 201 & shelter_expenses_by_hh_size <= 102 & unearned_by_hh_size > 27.3 & unearned_by_hh_size <= 212","4+","national","ranger","any_error",284,0.3556,0.2928,74.64,0,0,0,7,4,101,"earned income 0.44; unearned income 0.26; other element 0.15","wrong amount, known item 0.36; wrong include/exclude decision 0.19; household composition 0.12; change in circumstances 0.10",0.398773006134969,0.475247524752475,0.711656441717791,0.613496932515337,0,0
96,"core","earned_by_hh_size < 541 & gross_by_hh_size >= 459 & shelter_expenses_by_hh_size >= 216 & utilities_sua < 2","4+","national","xgboost","any_error",118,0.3898,0.2924,63.71,0,0,0,1,1,46,"earned income 0.25; unearned income 0.23; shelter deduction 0.20; utility allowance 0.15","wrong include/exclude decision 0.33; wrong amount, known item 0.32; household composition 0.09; unreported source of income 0.06",0.455696202531646,0.565217391304348,0.632911392405063,0.62962962962963,0,0
97,"core","earned_by_hh_size >= 45 & earned_by_hh_size < 467 & total_deductions_by_hh_size >= 63 & total_deductions_by_hh_size < 82.4","4+","national","xgboost","any_error",178,0.3708,0.2916,86.81,0.0337,0.0909,0.0337,9,5,66,"earned income 0.54; unearned income 0.20; other element 0.11","wrong amount, known item 0.35; unreported source of income 0.19; wrong include/exclude decision 0.14; change in circumstances 0.09",0.452631578947368,0.560606060606061,0.6,0.536842105263158,0,0
98,"core","earned_by_hh_size > 426 & months_since_cert_n > 5.5 & rawben_rel_max > 0.285 & utilities_sua <= 0.5","1","national","ranger","any_error",151,0.3775,0.2915,70.42,0.0728,0.1754,0.0662,6,4,57,"earned income 0.59; shelter deduction 0.18","wrong include/exclude decision 0.28; unreported source of income 0.24; change in circumstances 0.19; wrong amount, known item 0.17",0.252631578947368,0.789473684210526,0.294736842105263,0.273684210526316,0.0199,0.0351
99,"core","elderly_disabled_i <= 0 & gross_by_hh_size >= 326 & HH_size_n >= 7 & married <= 0","4+","national","xgboost","any_error",191,0.3665,0.2901,98.81,0.0105,0.0286,0.0105,6,3,70,"earned income 0.40; shelter deduction 0.18; other element 0.16","wrong amount, known item 0.29; wrong include/exclude decision 0.26; household composition 0.14; unreported source of income 0.10",0.310679611650485,0.657142857142857,0.689320388349515,0.519230769230769,0,0
100,"core","earned_by_hh_size >= 448 & shelter_expenses_by_hh_size < 667 & unc_rawben_rel_max >= 1.3","1","national","xgboost","any_error",42,0.4524,0.2896,111.05,0,0,0,1,1,19,"earned income 0.64; other element 0.11","unreported source of income 0.32; wrong include/exclude decision 0.18; change in circumstances 0.18; wrong amount, known item 0.14",0.142857142857143,1,0.535714285714286,0.321428571428571,0,0
101,"core","expedited_i <= 0 & months_since_cert_n > 3.5 & total_deductions_by_hh_size > 307 & unearned_by_hh_size > 10.3","4+","national","ranger","any_error",389,0.3419,0.2885,72.61,0.0077,0.0226,0.0077,7,4,133,"earned income 0.30; unearned income 0.25; shelter deduction 0.18; dep care or child support deduction 0.11","wrong amount, known item 0.37; wrong include/exclude decision 0.24; change in circumstances 0.10; other 0.09",0.393162393162393,0.75187969924812,0.555555555555556,0.485232067510549,0,0
102,"core","earned_by_hh_size >= 709 & earned_by_hh_size < 761 & rawben_rel_max >= 0.467 & unc_rawben_rel_max >= 0.454","4+","national","xgboost","any_error",171,0.3684,0.2879,70.16,0,0,0,4,2,63,"earned income 0.35; shelter deduction 0.19; dep care or child support deduction 0.18; unearned income 0.14","wrong amount, known item 0.41; wrong include/exclude decision 0.26; other 0.08; unreported source of income 0.08",0.343434343434343,0.777777777777778,0.626262626262626,0.51,0,0
103,"core","HH_size_n > 5.5 & percent_abawd > 0.155 & rawben_rel_max <= 0.959","4+","national","ranger","any_error",108,0.3889,0.2876,97.19,0.0185,0.0476,0.0185,2,1,42,"earned income 0.45; other element 0.20; shelter deduction 0.14","wrong amount, known item 0.20; wrong include/exclude decision 0.15; change in circumstances 0.15; household composition 0.14; unreported source of income 0.14",0.394366197183099,0.642857142857143,0.690140845070423,0.563380281690141,0,0
104,"core","earned_by_hh_size >= 471 & months_since_cert_n >= 8 & percent_abawd >= 0.333 & rawben_rel_max >= 0.5","2-3","national","xgboost","any_error",82,0.4024,0.2863,95.18,0.0488,0.1212,0.0488,1,1,33,"earned income 0.49; other element 0.23; shelter deduction 0.11","wrong amount, known item 0.28; wrong include/exclude decision 0.21; unreported source of income 0.11; household composition 0.10; other 0.10",0.327868852459016,0.848484848484849,0.459016393442623,0.459016393442623,0,0
105,"buffer","earned_by_hh_size >= 45 & months_since_cert_n < 11 & shelter_expenses_by_hh_size >= 330 & unearned_by_hh_size >= 158","4+","national","xgboost","any_error",525,0.3314,0.2856,68.03,0.0038,0.0115,0.0038,8,4,174,"earned income 0.32; unearned income 0.27; shelter deduction 0.19","wrong amount, known item 0.40; wrong include/exclude decision 0.22; unreported source of income 0.10; household composition 0.08",0.45993031358885,0.64367816091954,0.693379790940767,0.66551724137931,0,0
106,"buffer","earned_by_hh_size > 32.2 & gross_by_hh_size > 190 & shelter_expenses_by_hh_size > 747 & unearned_by_hh_size > 459","2-3","national","ranger","any_error",238,0.3529,0.2849,73.83,0.0084,0.0238,0.0084,5,3,84,"earned income 0.35; shelter deduction 0.23; unearned income 0.20","wrong amount, known item 0.24; unreported source of income 0.20; wrong include/exclude decision 0.20; other 0.12",0.24390243902439,0.833333333333333,0.475609756097561,0.390243902439024,0,0
107,"buffer","bbce_state_i >= 1 & earned_by_hh_size > 205 & expedited_i >= 1 & rawben_rel_max <= 0.906","2-3","national","ranger","any_error",317,0.3438,0.2849,74.09,0.0284,0.0826,0.0284,9,7,109,"earned income 0.44; other element 0.21; shelter deduction 0.15","wrong amount, known item 0.27; wrong include/exclude decision 0.21; household composition 0.14; unreported source of income 0.14",0.353260869565217,0.596330275229358,0.543478260869565,0.572972972972973,0,0
108,"buffer","rawben_rel_max >= 0.926 & shelter_expenses_by_hh_size < 714 & unearned_by_hh_size >= 529","2-3","national","xgboost","any_error",71,0.4085,0.284,93.2,0,0,0,1,1,29,"medical deduction 0.32; shelter deduction 0.25; unearned income 0.18","wrong include/exclude decision 0.52; wrong amount, known item 0.27",0.431818181818182,1,0.613636363636364,0.727272727272727,0,0
109,"buffer","bbce_state_i >= 1 & earned_by_hh_size >= 5.5 & months_since_cert_n >= 11 & rawben_rel_max >= 0.712","4+","national","xgboost","any_error",239,0.3515,0.2836,94.42,0.0251,0.0714,0.0251,10,5,84,"earned income 0.53; shelter deduction 0.17; unearned income 0.12","wrong amount, known item 0.27; change in circumstances 0.20; wrong include/exclude decision 0.20; unreported source of income 0.12",0.377777777777778,0.75,0.414814814814815,0.554744525547445,0.0209,0.0238
110,"buffer","months_since_cert_n > 5.5 & shelter_expenses_by_hh_size > 132 & unc_rawben_rel_max <= 1 & utilities_sua <= 1.5","4+","national","ranger","any_error",233,0.3519,0.2833,65.8,0.0043,0.0122,0.0043,4,2,82,"earned income 0.27; shelter deduction 0.21; utility allowance 0.19; unearned income 0.17","wrong include/exclude decision 0.35; wrong amount, known item 0.32; change in circumstances 0.11",0.510204081632653,0.609756097560976,0.45578231292517,0.63265306122449,0,0
111,"buffer","gross_by_hh_size <= 834 & months_since_cert_n > 7.5 & total_deductions_by_hh_size > 559 & unc_rawben_rel_max <= 1.03","1","national","ranger","any_error",355,0.338,0.2825,49.09,0.0085,0.0083,0.0028,23,18,120,"unearned income 0.60; shelter deduction 0.20","wrong include/exclude decision 0.43; wrong amount, known item 0.25; unreported source of income 0.10",0.505208333333333,0.933333333333333,0.322916666666667,0.725388601036269,0,0
112,"buffer","count_divisible_by_100 < 1 & expedited_i >= 1 & gross_by_hh_size >= 514 & gross_by_hh_size < 588","4+","national","xgboost","any_error",43,0.4419,0.2822,108.79,0,0,0,1,1,19,"earned income 0.41; other element 0.30; unearned income 0.14","wrong amount, known item 0.46; wrong include/exclude decision 0.16; household composition 0.14",0.405405405405405,0.684210526315789,0.432432432432432,0.594594594594595,0,0
113,"buffer","gross_by_hh_size >= 1790 & rawben_rel_max >= 0.972","1","national","xgboost","any_error",107,0.3832,0.282,78.54,0,0,0,1,1,41,"shelter deduction 0.35; medical deduction 0.32; unearned income 0.22","wrong include/exclude decision 0.55; wrong amount, known item 0.20",0.516666666666667,1,0.733333333333333,0.6,0,0
114,"buffer","gross_by_hh_size >= 311 & months_since_cert_n < 1 & total_deductions_by_hh_size >= 206 & utilities_sua < 1","2-3","national","xgboost","any_error",104,0.3846,0.282,62.36,0,0,0,3,3,40,"earned income 0.41; shelter deduction 0.23; other element 0.11; unearned income 0.11","wrong amount, known item 0.32; wrong include/exclude decision 0.30; unreported source of income 0.12",0.339285714285714,0.625,0.964285714285714,0.678571428571429,0.0288,0.05
115,"buffer","percent_abawd < 0.333 & unc_rawben_rel_max >= 0.193 & unearned_by_hh_size >= 1050","2-3","national","xgboost","any_error",346,0.3382,0.2819,51.02,0.0029,0.0085,0.0029,2,1,117,"shelter deduction 0.35; unearned income 0.27; medical deduction 0.22","wrong include/exclude decision 0.47; wrong amount, known item 0.25; unreported source of income 0.11",0.397515527950311,0.88034188034188,0.633540372670807,0.577639751552795,0,0
116,"buffer","bbce_state_i >= 1 & earned_by_hh_size > 404 & expedited_i >= 1 & months_since_cert_n > 6.5","1","national","ranger","any_error",219,0.3516,0.281,72.73,0.0776,0.2208,0.0776,2,1,77,"earned income 0.58; other element 0.21","unreported source of income 0.25; change in circumstances 0.23; wrong include/exclude decision 0.15; limits and thresholds 0.15",0.263565891472868,0.857142857142857,0.131782945736434,0.230769230769231,0.0913,0.1818
117,"buffer","rawben_rel_max >= 0.797 & shelter_expenses_by_hh_size >= 1840 & unc_rawben_rel_max < 1.03","1","national","xgboost","any_error",312,0.3397,0.2806,64.88,0.016,0.0283,0.0096,2,1,106,"shelter deduction 0.39; unearned income 0.33; earned income 0.11","wrong include/exclude decision 0.41; wrong amount, known item 0.21; unreported source of income 0.20",0.302816901408451,0.962264150943396,0.598591549295775,0.48951048951049,0.0513,0.1226
118,"buffer","earned_by_hh_size > 116 & gross_by_hh_size > 931 & rawben_rel_max > 0.361 & unearned_by_hh_size > 51.5","2-3","national","ranger","any_error",277,0.343,0.2802,59.94,0.0036,0.0105,0.0036,6,3,95,"earned income 0.44; unearned income 0.23; shelter deduction 0.16","wrong amount, known item 0.37; wrong include/exclude decision 0.22; unreported source of income 0.14; other 0.08",0.335570469798658,0.768421052631579,0.590604026845638,0.529411764705882,0,0
119,"buffer","earned_by_hh_size > 120 & earned_by_hh_size <= 258 & gross_by_hh_size > 244 & unc_rawben_rel_max <= 1.21","2-3","national","ranger","any_error",645,0.3209,0.2798,69.17,0.0078,0.0145,0.0047,17,15,207,"earned income 0.56; unearned income 0.18; shelter deduction 0.14","wrong amount, known item 0.36; wrong include/exclude decision 0.20; unreported source of income 0.14; change in circumstances 0.12",0.397476340694006,0.72463768115942,0.574132492113565,0.569182389937107,0.0853,0.1836
120,"buffer","gross_by_hh_size >= 698 & rawben_rel_max < 0.39 & unc_rawben_rel_max >= 0.372 & unearned_by_hh_size < 123","4+","national","xgboost","any_error",117,0.3761,0.2796,81.44,0,0,0,2,2,44,"earned income 0.43; other element 0.16; shelter deduction 0.14; unearned income 0.13","wrong amount, known item 0.31; wrong include/exclude decision 0.25; unreported source of income 0.12; household composition 0.09",0.38961038961039,0.681818181818182,0.480519480519481,0.623376623376623,0,0
121,"buffer","earned_by_hh_size >= 706 & earned_by_hh_size < 969 & months_since_cert_n >= 2 & shelter_expenses_by_hh_size >= 894","2-3","national","xgboost","any_error",105,0.381,0.2791,82.26,0.0095,0.025,0.0095,1,1,40,"earned income 0.51; unearned income 0.21; other element 0.13","wrong amount, known item 0.26; unreported source of income 0.18; change in circumstances 0.16; other 0.16",0.442622950819672,0.8,0.311475409836066,0.540983606557377,0,0
122,"buffer","gross_by_hh_size >= 290 & gross_by_hh_size < 392 & shelter_expenses_by_hh_size >= 329 & shelter_expenses_by_hh_size < 360","4+","national","xgboost","any_error",93,0.3871,0.2789,99.66,0.043,0.1111,0.043,1,1,36,"earned income 0.48; shelter deduction 0.23; other element 0.15","wrong include/exclude decision 0.29; wrong amount, known item 0.21; other 0.15; unreported source of income 0.12",0.319148936170213,0.916666666666667,0.723404255319149,0.625,0,0
123,"buffer","months_since_cert_n > 10.5 & unc_rawben_rel_max > 0.727 & unc_rawben_rel_max <= 0.976 & utilities_sua > 0.5","4+","national","ranger","any_error",272,0.3419,0.2787,74.25,0.0221,0.0538,0.0184,4,3,93,"earned income 0.36; unearned income 0.21; shelter deduction 0.16; other element 0.14","wrong amount, known item 0.27; wrong include/exclude decision 0.22; change in circumstances 0.13; unreported source of income 0.10; other 0.10",0.534591194968553,0.645161290322581,0.446540880503145,0.639751552795031,0,0
124,"buffer","bbce_state_i >= 1 & rawben_rel_max > 0.624 & total_deductions_by_hh_size > 542 & utilities_sua <= 1.5","2-3","national","ranger","any_error",164,0.3598,0.2784,91.55,0.0122,0.0339,0.0122,3,2,59,"earned income 0.42; shelter deduction 0.25; dep care or child support deduction 0.12","wrong include/exclude decision 0.36; wrong amount, known item 0.31; unreported source of income 0.11",0.273809523809524,0.915254237288136,0.666666666666667,0.547619047619048,0.0671,0.1356
125,"buffer","earned_by_hh_size > 13 & earned_by_hh_size <= 82.2 & medical_deductions <= 24.5 & unc_rawben_rel_max <= 1","2-3","national","ranger","any_error",164,0.3598,0.2784,61.98,0.0244,0.0339,0.0122,3,2,59,"earned income 0.49; unearned income 0.24; shelter deduction 0.16","unreported source of income 0.30; wrong amount, known item 0.27; wrong include/exclude decision 0.16; change in circumstances 0.10",0.386363636363636,0.745762711864407,0.636363636363636,0.465909090909091,0,0
126,"buffer","earned_by_hh_size >= 451 & gross_by_hh_size < 608 & percent_abawd >= 0.333 & shelter_expenses_by_hh_size < 369","2-3","national","xgboost","any_error",55,0.4182,0.2777,84.11,0.0545,0.1304,0.0545,3,3,23,"earned income 0.42; shelter deduction 0.25; other element 0.23","wrong amount, known item 0.30; wrong include/exclude decision 0.30; other 0.17",0.325,0.521739130434783,0.65,0.45,0,0
127,"buffer","earned_by_hh_size > 54.8 & months_since_cert_n > 8.5 & shelter_expenses_by_hh_size > 769","2-3","national","ranger","any_error",257,0.3424,0.2774,78.79,0.0233,0.0568,0.0195,2,1,88,"earned income 0.48; other element 0.17; shelter deduction 0.15","wrong amount, known item 0.25; unreported source of income 0.20; wrong include/exclude decision 0.17; change in circumstances 0.15",0.28476821192053,0.806818181818182,0.317880794701987,0.357615894039735,0.0506,0.0909
128,"buffer","HH_size_n > 2.5 & rawben_rel_max <= 0.957 & total_deductions_by_hh_size > 605 & unearned_by_hh_size <= 266","2-3","national","ranger","any_error",149,0.3624,0.2771,62.05,0,0,0,4,2,54,"earned income 0.39; dep care or child support deduction 0.28; unearned income 0.14","wrong include/exclude decision 0.32; wrong amount, known item 0.26; unreported source of income 0.13; other 0.11",0.28735632183908,0.722222222222222,0.597701149425287,0.517241379310345,0,0
129,"buffer","married <= 0 & total_deductions_by_hh_size > 335 & total_deductions_by_hh_size <= 340","4+","national","ranger","any_error",67,0.403,0.276,73.31,0,0,0,3,3,27,"earned income 0.39; dep care or child support deduction 0.18; shelter deduction 0.18","wrong amount, known item 0.37; wrong include/exclude decision 0.31; unreported source of income 0.10",0.291666666666667,0.777777777777778,0.645833333333333,0.551020408163265,0,0
130,"buffer","married <= 0 & total_deductions_by_hh_size > 334 & unearned_by_hh_size > 154 & utilities_sua > 0.5","4+","national","ranger","any_error",227,0.3436,0.2747,76.76,0.0132,0.0385,0.0132,2,1,78,"unearned income 0.26; earned income 0.25; shelter deduction 0.20; other element 0.13","wrong amount, known item 0.36; wrong include/exclude decision 0.24; other 0.08; unreported source of income 0.08",0.404255319148936,0.717948717948718,0.645390070921986,0.573426573426573,0,0
131,"buffer","earned_by_hh_size > 95.1 & months_since_cert_n > 5.5 & shelter_expenses_by_hh_size > 417","4+","national","ranger","any_error",490,0.3204,0.2736,76.97,0.0082,0.0255,0.0082,2,1,157,"earned income 0.48; shelter deduction 0.16; unearned income 0.15","wrong amount, known item 0.33; unreported source of income 0.17; wrong include/exclude decision 0.17; change in circumstances 0.13",0.330612244897959,0.694267515923567,0.473469387755102,0.502040816326531,0.0122,0.0191
132,"buffer","gross_by_hh_size < 1040 & rawben_rel_max < 0.244 & total_deductions_by_hh_size >= 213 & total_deductions_by_hh_size < 220","1","national","xgboost","any_error",53,0.4151,0.2728,32.64,0,0,0,1,1,22,"shelter deduction 0.88","wrong include/exclude decision 0.92",0.64,0,0.56,0.88,0,0
133,"buffer","earned_by_hh_size >= 11 & earned_by_hh_size < 786 & months_since_cert_n >= 10 & unearned_by_hh_size >= 78.3","2-3","national","xgboost","any_error",321,0.3302,0.2724,60.36,0.0093,0.0189,0.0062,7,7,106,"earned income 0.44; unearned income 0.20; other element 0.14","wrong amount, known item 0.27; wrong include/exclude decision 0.16; change in circumstances 0.14; unreported source of income 0.13; other 0.13",0.433155080213904,0.669811320754717,0.401069518716578,0.515957446808511,0.0031,0
134,"buffer","earned_by_hh_size > 79.8 & gross_by_hh_size > 249 & HH_size_n > 2.5 & shelter_expenses_by_hh_size > 741","2-3","national","ranger","any_error",331,0.3293,0.2724,71.15,0.003,0.0092,0.003,2,1,109,"earned income 0.52; unearned income 0.16; shelter deduction 0.14","wrong amount, known item 0.34; unreported source of income 0.16; wrong include/exclude decision 0.16; change in circumstances 0.09; household composition 0.07",0.37888198757764,0.743119266055046,0.608695652173913,0.527950310559006,0.0332,0.0826
135,"buffer","rawben_rel_max < 0.9 & total_deductions_by_hh_size >= 56 & unearned_by_hh_size >= 25.2 & unearned_by_hh_size < 30.6","4+","national","xgboost","any_error",56,0.4107,0.2723,83.96,0,0,0,2,1,23,"earned income 0.51; unearned income 0.19; shelter deduction 0.11","wrong amount, known item 0.41; wrong include/exclude decision 0.24; change in circumstances 0.14",0.297297297297297,0.739130434782609,0.594594594594595,0.432432432432432,0,0
136,"buffer","earned_by_hh_size > 7.83 & gross_by_hh_size > 222 & HH_size_n > 2.5 & total_deductions_by_hh_size <= 129","2-3","national","ranger","any_error",117,0.3675,0.2718,62.31,0,0,0,2,1,43,"earned income 0.52; unearned income 0.24","wrong amount, known item 0.27; wrong include/exclude decision 0.23; unreported source of income 0.15; change in circumstances 0.15",0.47887323943662,0.395348837209302,0.704225352112676,0.619718309859155,0,0
137,"buffer","earned_by_hh_size >= 37.3 & HH_size_n >= 3 & rawben_rel_max >= 0.459 & unearned_by_hh_size >= 36.7","2-3","national","xgboost","any_error",1063,0.3029,0.2712,52.55,0.0047,0.0062,0.0019,27,14,322,"earned income 0.43; unearned income 0.24; shelter deduction 0.17","wrong amount, known item 0.36; wrong include/exclude decision 0.21; unreported source of income 0.13; change in circumstances 0.10",0.402321083172147,0.658385093167702,0.603481624758221,0.543520309477756,0,0
138,"buffer","bbce_state_i >= 1 & gross_by_hh_size <= 1330 & medical_deductions > 176 & unc_rawben_rel_max <= 1.07","1","national","ranger","any_error",403,0.3226,0.2711,34.8,0.0025,0.0077,0.0025,55,37,130,"medical deduction 0.50; shelter deduction 0.21; unearned income 0.16","wrong include/exclude decision 0.66; wrong amount, known item 0.17",0.476683937823834,0.953846153846154,0.632124352331606,0.632124352331606,0,0
139,"buffer","HH_size_n <= 2.5 & married >= 1 & rawben_rel_max <= 0.97 & total_deductions_by_hh_size > 634","2-3","national","ranger","any_error",397,0.3224,0.2706,56.92,0.0176,0.0547,0.0176,1,1,128,"shelter deduction 0.26; earned income 0.20; unearned income 0.19; medical deduction 0.17","wrong include/exclude decision 0.39; wrong amount, known item 0.20; unreported source of income 0.14; household composition 0.09",0.396135265700483,0.9140625,0.560386473429952,0.48792270531401,0,0
140,"buffer","count_divisible_by_100 >= 1 & earned_by_hh_size < 1480 & shelter_expenses_by_hh_size >= 730 & unc_rawben_rel_max < 0.647","2-3","national","xgboost","any_error",124,0.3629,0.2702,61.65,0.0081,0.0222,0.0081,1,1,45,"unearned income 0.33; shelter deduction 0.25; earned income 0.24","wrong amount, known item 0.37; unreported source of income 0.20; wrong include/exclude decision 0.17; other 0.11",0.276315789473684,0.822222222222222,0.578947368421053,0.394736842105263,0,0
141,"buffer","elderly_disabled_i <= 0 & HH_size_n >= 7 & months_since_cert_n >= 9 & unc_rawben_rel_max < 1.1","4+","national","xgboost","any_error",121,0.3636,0.2698,71.83,0,0,0,2,1,44,"earned income 0.41; unearned income 0.20; shelter deduction 0.14","wrong amount, known item 0.33; change in circumstances 0.17; wrong include/exclude decision 0.16; household composition 0.12",0.388059701492537,0.636363636363636,0.358208955223881,0.565217391304348,0,0
142,"buffer","gross_by_hh_size >= 632 & HH_size_n >= 3 & rawben_rel_max >= 0.624 & total_deductions_by_hh_size >= 444","2-3","national","xgboost","any_error",406,0.3202,0.269,62.88,0.0074,0.0154,0.0049,14,7,130,"earned income 0.35; shelter deduction 0.18; dep care or child support deduction 0.16; unearned income 0.16","wrong amount, known item 0.30; wrong include/exclude decision 0.24; unreported source of income 0.13; other 0.10",0.340314136125654,0.7,0.675392670157068,0.49740932642487,0,0
143,"buffer","rawben_rel_max > 0.0441 & shelter_expenses_by_hh_size > 653 & unc_rawben_rel_max <= 1.34 & utilities_sua <= 1.5","2-3","national","ranger","any_error",252,0.3333,0.2684,67.88,0.0119,0.0238,0.0079,1,1,84,"shelter deduction 0.26; earned income 0.26; unearned income 0.18; utility allowance 0.13","wrong include/exclude decision 0.34; wrong amount, known item 0.26; unreported source of income 0.14; other 0.10",0.24,0.869047619047619,0.704,0.528,0.0437,0.119
144,"buffer","earned_by_hh_size < 392 & gross_by_hh_size >= 250 & months_since_cert_n >= 4 & shelter_expenses_by_hh_size >= 439","4+","national","xgboost","any_error",249,0.3333,0.268,86.16,0.0201,0.0602,0.0201,1,1,83,"unearned income 0.28; earned income 0.28; shelter deduction 0.18; other element 0.17","wrong amount, known item 0.26; wrong include/exclude decision 0.25; unreported source of income 0.13; change in circumstances 0.10; method or computation 0.08",0.408,0.698795180722892,0.528,0.464,0,0
145,"buffer","months_since_cert_n >= 8 & rawben_rel_max >= 0.461 & shelter_expenses_by_hh_size >= 171 & total_deductions_by_hh_size < 168","4+","national","xgboost","any_error",180,0.3444,0.2677,70.02,0,0,0,7,4,62,"unearned income 0.40; earned income 0.20; shelter deduction 0.19","wrong amount, known item 0.35; wrong include/exclude decision 0.23; unreported source of income 0.13; household composition 0.08",0.576576576576577,0.67741935483871,0.387387387387387,0.702702702702703,0,0
146,"buffer","HH_size_n > 7.5 & total_deductions_by_hh_size <= 228 & utilities_sua <= 1.5","4+","national","ranger","any_error",72,0.3889,0.2675,89.08,0,0,0,1,1,28,"earned income 0.34; unearned income 0.24; shelter deduction 0.16; utility allowance 0.16","wrong include/exclude decision 0.29; wrong amount, known item 0.26; unreported source of income 0.13; household composition 0.11",0.447368421052632,0.678571428571429,0.605263157894737,0.552631578947368,0,0
147,"buffer","children_i >= 1 & count_divisible_by_100 <= 1.5 & total_deductions_by_hh_size <= 366 & utilities_sua > 0.5","1","national","ranger","any_error",31,0.4516,0.2668,63.94,0.0645,0.0714,0.0323,1,1,14,"other element 0.41; unearned income 0.29; shelter deduction 0.18","household composition 0.35; wrong amount, known item 0.24; wrong include/exclude decision 0.24",0.470588235294118,0.357142857142857,0.823529411764706,0.647058823529412,0,0
148,"buffer","months_since_cert_n >= 7 & rawben_rel_max < 0.765 & shelter_expenses_by_hh_size < 846 & total_deductions_by_hh_size >= 642","2-3","national","xgboost","any_error",132,0.3561,0.2665,63.11,0.0076,0.0213,0.0076,4,2,47,"earned income 0.44; shelter deduction 0.16; medical deduction 0.12; dep care or child support deduction 0.10","wrong include/exclude decision 0.38; wrong amount, known item 0.29; unreported source of income 0.14",0.465753424657534,0.808510638297872,0.397260273972603,0.506849315068493,0,0
149,"buffer","earned_by_hh_size >= 32.3 & percent_abawd >= 0.333 & total_deductions_by_hh_size >= 194 & unearned_by_hh_size >= 238","2-3","national","xgboost","any_error",165,0.3455,0.2655,72.75,0.0182,0.0526,0.0182,1,1,57,"earned income 0.41; unearned income 0.19; other element 0.19","wrong amount, known item 0.22; unreported source of income 0.19; wrong include/exclude decision 0.17; household composition 0.13; other 0.10",0.276190476190476,0.754385964912281,0.523809523809524,0.509433962264151,0,0
150,"buffer","bbce_state_i >= 1 & earned_by_hh_size > 104 & total_deductions_by_hh_size > 818 & unc_rawben_rel_max <= 1.2","2-3","national","ranger","any_error",248,0.3306,0.2654,69.53,0.0202,0.061,0.0202,2,1,82,"earned income 0.36; dep care or child support deduction 0.21; unearned income 0.15; shelter deduction 0.14","wrong amount, known item 0.35; wrong include/exclude decision 0.28; unreported source of income 0.14",0.308219178082192,0.841463414634146,0.513698630136986,0.445205479452055,0,0
151,"buffer","gross_by_hh_size >= 673 & percent_abawd >= 0.333 & shelter_expenses_by_hh_size < 846 & unc_rawben_rel_max >= 0.356","2-3","national","xgboost","any_error",313,0.3227,0.2647,55.88,0.0192,0.0594,0.0192,5,3,101,"earned income 0.41; shelter deduction 0.17; other element 0.16; unearned income 0.15","wrong amount, known item 0.28; wrong include/exclude decision 0.26; unreported source of income 0.12; household composition 0.10",0.41025641025641,0.712871287128713,0.608974358974359,0.525641025641026,0,0
152,"buffer","bbce_state_i >= 1 & shelter_expenses_by_hh_size >= 421 & total_deductions_by_hh_size >= 330 & total_deductions_by_hh_size < 344","4+","national","xgboost","any_error",133,0.3534,0.2644,76.44,0,0,0,2,1,47,"earned income 0.42; shelter deduction 0.21; unearned income 0.12","wrong amount, known item 0.33; wrong include/exclude decision 0.21; unreported source of income 0.15; other 0.11",0.3875,0.765957446808511,0.625,0.6375,0,0
153,"buffer","earned_by_hh_size > 42.6 & gross_by_hh_size <= 505 & shelter_expenses_by_hh_size > 335 & unc_rawben_rel_max <= 1","4+","national","ranger","any_error",608,0.3059,0.2643,78.97,0.0164,0.0484,0.0148,9,5,186,"earned income 0.50; unearned income 0.17; shelter deduction 0.15","wrong amount, known item 0.33; unreported source of income 0.16; wrong include/exclude decision 0.16; method or computation 0.11",0.410071942446043,0.747311827956989,0.661870503597122,0.606382978723404,0,0
154,"buffer","bbce_state_i >= 1 & gross_by_hh_size > 304 & rawben_rel_max <= 0.0822 & unc_rawben_rel_max > 0.0787","1","national","ranger","any_error",545,0.3083,0.2643,47.79,0.0018,0.006,0.0018,7,7,168,"unearned income 0.35; shelter deduction 0.30; earned income 0.15","wrong include/exclude decision 0.42; wrong amount, known item 0.29; other 0.13",0.525,0.0119047619047619,0.620833333333333,0.758333333333333,0,0
155,"buffer","earned_by_hh_size > 84.6 & shelter_expenses_by_hh_size <= 112 & total_deductions_by_hh_size > 105 & total_deductions_by_hh_size <= 120","2-3","national","ranger","any_error",37,0.4324,0.2639,68.73,0,0,0,2,2,16,"earned income 0.52; utility allowance 0.17; other element 0.17","wrong amount, known item 0.39; wrong include/exclude decision 0.17; method or computation 0.13; change in circumstances 0.13",0.608695652173913,0.3125,0.565217391304348,0.739130434782609,0,0
156,"buffer","earned_by_hh_size > 5.61 & HH_size_n > 5.5 & medical_deductions <= 242 & utilities_sua <= 1.5","4+","national","ranger","any_error",304,0.3224,0.2636,81.62,0.0132,0.0408,0.0132,5,3,98,"earned income 0.41; other element 0.17; unearned income 0.15; utility allowance 0.13","wrong amount, known item 0.33; wrong include/exclude decision 0.27; household composition 0.13; unreported source of income 0.11",0.43312101910828,0.551020408163265,0.656050955414013,0.60126582278481,0,0
157,"buffer","gross_by_hh_size < 1370 & medical_deductions >= 200 & medical_deductions < 333 & months_since_cert_n >= 9","2-3","national","xgboost","any_error",70,0.3857,0.2633,45.01,0,0,0,2,2,27,"unearned income 0.38; medical deduction 0.31; shelter deduction 0.21","wrong include/exclude decision 0.52; wrong amount, known item 0.27",0.520833333333333,0.851851851851852,0.458333333333333,0.6875,0,0
158,"buffer","HH_size_n >= 5 & months_since_cert_n >= 4 & rawben_rel_max >= 0.353 & rawben_rel_max < 0.371","4+","national","xgboost","any_error",67,0.3881,0.263,69.34,0,0,0,1,1,26,"earned income 0.55; unearned income 0.21","wrong amount, known item 0.34; wrong include/exclude decision 0.32; unreported source of income 0.13",0.473684210526316,0.653846153846154,0.394736842105263,0.684210526315789,0,0
159,"buffer","earned_by_hh_size >= 120 & gross_by_hh_size < 199 & unc_rawben_rel_max >= 1.08 & unc_rawben_rel_max < 1.14","2-3","national","xgboost","any_error",92,0.3696,0.2628,107.68,0,0,0,3,2,34,"earned income 0.74; shelter deduction 0.11","unreported source of income 0.26; wrong amount, known item 0.23; wrong include/exclude decision 0.19; other 0.13",0.319148936170213,0.970588235294118,0.574468085106383,0.404255319148936,0,0
160,"buffer","gross_by_hh_size >= 588 & rawben_rel_max >= 0.592 & total_deductions_by_hh_size < 322","4+","national","xgboost","any_error",92,0.3696,0.2628,65.45,0,0,0,3,2,34,"earned income 0.44; shelter deduction 0.19; other element 0.17","wrong amount, known item 0.33; wrong include/exclude decision 0.30; household composition 0.11; method or computation 0.09",0.444444444444444,0.794117647058823,0.666666666666667,0.611111111111111,0,0
161,"buffer","earned_by_hh_size >= 361 & earned_by_hh_size < 387 & total_deductions_by_hh_size < 190","2-3","national","xgboost","any_error",61,0.3934,0.2624,72.3,0,0,0,1,1,24,"earned income 0.47; unearned income 0.33","wrong amount, known item 0.31; wrong include/exclude decision 0.17; other 0.17; unreported source of income 0.14",0.222222222222222,0.5,0.527777777777778,0.416666666666667,0.0164,0.0417
162,"buffer","gross_by_hh_size >= 573 & months_since_cert_n >= 11 & rawben_rel_max >= 0.393 & shelter_expenses_by_hh_size >= 79.6","4+","national","xgboost","any_error",144,0.3472,0.262,61.01,0,0,0,2,1,50,"earned income 0.40; shelter deduction 0.19; unearned income 0.12; dep care or child support deduction 0.12","wrong amount, known item 0.33; wrong include/exclude decision 0.29; other 0.10; change in circumstances 0.08",0.416666666666667,0.74,0.5,0.55952380952381,0,0
163,"buffer","count_divisible_by_100 < 1 & earned_by_hh_size >= 270 & rawben_rel_max >= 0.911 & total_deductions_by_hh_size < 283","4+","national","xgboost","any_error",86,0.3721,0.2618,110.66,0.0465,0.125,0.0465,2,1,32,"earned income 0.57; shelter deduction 0.17; other element 0.13","wrong amount, known item 0.32; wrong include/exclude decision 0.23; method or computation 0.11; household composition 0.11",0.51063829787234,0.59375,0.765957446808511,0.659574468085106,0,0
164,"buffer","medical_deductions >= 209 & rawben_rel_max >= 0.947 & shelter_expenses_by_hh_size < 1120","1","national","xgboost","any_error",118,0.3559,0.2618,60.83,0,0,0,1,1,42,"medical deduction 0.69; shelter deduction 0.16","wrong include/exclude decision 0.69; wrong amount, known item 0.17",0.551724137931034,0.976190476190476,0.620689655172414,0.758620689655172,0,0
165,"buffer","gross_by_hh_size >= 763 & percent_abawd >= 0.333 & rawben_rel_max >= 0.212 & unearned_by_hh_size >= 8.5","2-3","national","xgboost","any_error",164,0.3415,0.2616,58.37,0.0061,0.0179,0.0061,2,1,56,"earned income 0.33; shelter deduction 0.24; unearned income 0.24","wrong include/exclude decision 0.34; wrong amount, known item 0.25; unreported source of income 0.17",0.319148936170213,0.714285714285714,0.691489361702128,0.6,0,0
166,"buffer","earned_by_hh_size > 35.2 & months_since_cert_n > 8.5 & total_deductions_by_hh_size > 450 & unc_rawben_rel_max <= 1.2","2-3","national","ranger","any_error",635,0.3008,0.2603,61.74,0.0126,0.0366,0.011,13,7,191,"earned income 0.49; other element 0.17; shelter deduction 0.15","wrong amount, known item 0.24; wrong include/exclude decision 0.20; change in circumstances 0.16; unreported source of income 0.15; household composition 0.08",0.311111111111111,0.785340314136126,0.320634920634921,0.413249211356467,0.0409,0.0785
167,"buffer","unc_rawben_rel_max >= 0.514 & unearned_by_hh_size >= 883","2-3","national","xgboost","any_error",292,0.3185,0.2589,62.67,0.0034,0.0108,0.0034,2,1,93,"shelter deduction 0.36; unearned income 0.25; medical deduction 0.22","wrong include/exclude decision 0.47; wrong amount, known item 0.18; unreported source of income 0.14",0.364285714285714,0.924731182795699,0.614285714285714,0.492857142857143,0,0
168,"buffer","rawben_rel_max >= 0.345 & rawben_rel_max < 0.386 & shelter_expenses_by_hh_size >= 405","4+","national","xgboost","any_error",100,0.36,0.2582,70.59,0,0,0,1,1,36,"earned income 0.40; unearned income 0.21; shelter deduction 0.19","wrong amount, known item 0.32; unreported source of income 0.21; wrong include/exclude decision 0.16; other 0.11",0.263157894736842,0.694444444444444,0.56140350877193,0.421052631578947,0,0
169,"buffer","earned_by_hh_size <= 59.6 & rawben_rel_max <= 0.365 & unc_rawben_rel_max > 0.344 & unc_rawben_rel_max <= 1.02","4+","national","ranger","any_error",32,0.4375,0.2577,66.53,0,0,0,1,1,14,"unearned income 0.52; other element 0.30","wrong amount, known item 0.26; household composition 0.22; other 0.17; wrong include/exclude decision 0.13",0.347826086956522,0.5,0.521739130434783,0.391304347826087,0,0
170,"buffer","earned_by_hh_size >= 915 & earned_by_hh_size < 956 & rawben_rel_max >= 0.256 & total_deductions_by_hh_size < 330","2-3","national","xgboost","any_error",59,0.3898,0.2574,70.92,0.0508,0.1304,0.0508,2,2,23,"earned income 0.51; shelter deduction 0.16; unearned income 0.14","wrong amount, known item 0.30; unreported source of income 0.24; wrong include/exclude decision 0.19; household composition 0.08",0.540540540540541,0.521739130434783,0.702702702702703,0.594594594594595,0,0
171,"buffer","earned_by_hh_size > 145 & months_since_cert_n <= 16.5 & percent_abawd > 0.167 & percent_abawd <= 0.417","2-3","national","ranger","any_error",263,0.3194,0.2567,65.47,0.0152,0.0476,0.0152,5,3,84,"earned income 0.42; other element 0.18; shelter deduction 0.17","wrong amount, known item 0.31; other 0.16; wrong include/exclude decision 0.15; household composition 0.10; change in circumstances 0.09",0.434210526315789,0.607142857142857,0.625,0.61437908496732,0.0114,0.0357
172,"buffer","earned_by_hh_size >= 587 & rawben_rel_max >= 0.176 & unearned_by_hh_size >= 121","4+","national","xgboost","any_error",191,0.3298,0.2564,70.86,0,0,0,2,1,63,"earned income 0.28; unearned income 0.27; shelter deduction 0.20; dep care or child support deduction 0.12","wrong amount, known item 0.38; wrong include/exclude decision 0.23; other 0.08; unreported source of income 0.07",0.425,0.603174603174603,0.7,0.625,0,0
173,"buffer","gross_by_hh_size < 470 & rawben_rel_max < 0.791 & shelter_expenses_by_hh_size < 1140 & unearned_by_hh_size < 264","2-3","national","xgboost","any_error",274,0.3175,0.2562,40.88,0,0,0,9,6,87,"earned income 0.50; unearned income 0.19; utility allowance 0.10","wrong amount, known item 0.31; wrong include/exclude decision 0.20; method or computation 0.11; change in circumstances 0.10; unreported source of income 0.08",0.439024390243902,0.402298850574713,0.634146341463415,0.666666666666667,0,0
174,"buffer","earned_by_hh_size > 42.2 & shelter_expenses_by_hh_size > 92.5 & shelter_expenses_by_hh_size <= 95.2","4+","national","ranger","any_error",44,0.4091,0.256,78.45,0,0,0,1,1,18,"earned income 0.55; other element 0.21","change in circumstances 0.21; wrong amount, known item 0.17; household composition 0.17; wrong include/exclude decision 0.17; method or computation 0.10",0.379310344827586,0.388888888888889,0.827586206896552,0.689655172413793,0,0
175,"buffer","bbce_state_i >= 1 & earned_by_hh_size > 4.75 & gross_by_hh_size > 198 & months_since_cert_n > 8.5","2-3","national","ranger","any_error",1535,0.2814,0.2555,56.12,0.0124,0.0394,0.0111,66,40,432,"earned income 0.46; other element 0.17; shelter deduction 0.16","wrong amount, known item 0.25; wrong include/exclude decision 0.19; change in circumstances 0.14; unreported source of income 0.12; other 0.10",0.37997256515775,0.712962962962963,0.366255144032922,0.491156462585034,0.0274,0.0532
176,"buffer","gross_by_hh_size > 1130 & rawben_rel_max > 0.312 & utilities_sua <= 1.5","1","national","ranger","any_error",771,0.2918,0.2553,39.17,0.0078,0.0178,0.0052,18,9,225,"shelter deduction 0.33; utility allowance 0.27; medical deduction 0.14; earned income 0.12","wrong include/exclude decision 0.56; wrong amount, known item 0.20",0.327731092436975,0.871111111111111,0.661064425770308,0.526610644257703,0,0
177,"buffer","bbce_state_i >= 1 & children_i <= 0 & expedited_i >= 1 & gross_by_hh_size > 366","2-3","national","ranger","any_error",199,0.3266,0.2548,76.78,0.0352,0.1077,0.0352,2,1,65,"earned income 0.34; other element 0.23; shelter deduction 0.17; unearned income 0.17","wrong include/exclude decision 0.22; household composition 0.19; unreported source of income 0.18; wrong amount, known item 0.17",0.358695652173913,0.769230769230769,0.597826086956522,0.457446808510638,0.0201,0.0462
178,"buffer","count_divisible_by_100 < 1 & earned_by_hh_size >= 142 & earned_by_hh_size < 182 & HH_size_n < 6","4+","national","xgboost","any_error",256,0.3164,0.2532,81.47,0.0117,0.037,0.0117,10,5,81,"earned income 0.53; shelter deduction 0.18; other element 0.12","wrong amount, known item 0.28; wrong include/exclude decision 0.25; unreported source of income 0.19; change in circumstances 0.10",0.512396694214876,0.802469135802469,0.537190082644628,0.553719008264463,0.082,0.1235
179,"buffer","gross_by_hh_size < 712 & rawben_rel_max >= 0.683 & rawben_rel_max < 0.719 & total_deductions_by_hh_size < 126","4+","national","xgboost","any_error",159,0.3333,0.2531,58.58,0.0126,0.0377,0.0126,5,3,53,"earned income 0.37; unearned income 0.29; other element 0.17","wrong amount, known item 0.38; wrong include/exclude decision 0.17; household composition 0.12; unreported source of income 0.11",0.381578947368421,0.509433962264151,0.592105263157895,0.657894736842105,0,0
180,"buffer","rawben_rel_max >= 0.436 & unearned_by_hh_size >= 208 & unearned_by_hh_size < 212","4+","national","xgboost","any_error",60,0.3833,0.2528,63.9,0,0,0,1,1,23,"unearned income 0.36; earned income 0.22; shelter deduction 0.19","wrong amount, known item 0.33; wrong include/exclude decision 0.25; unreported source of income 0.11; other 0.11",0.444444444444444,0.739130434782609,0.694444444444444,0.722222222222222,0,0
181,"buffer","count_divisible_by_100 > 0.5 & percent_abawd <= 1.42 & shelter_expenses_by_hh_size > 1050","2-3","national","ranger","any_error",76,0.3684,0.2525,82.43,0.0263,0.0714,0.0263,1,1,28,"unearned income 0.40; earned income 0.22; shelter deduction 0.22","wrong amount, known item 0.38; unreported source of income 0.24; wrong include/exclude decision 0.22",0.24,0.928571428571429,0.46,0.3,0.0132,0.0357
182,"buffer","elderly_disabled_i <= 0 & months_since_cert_n > 5.5 & rawben_rel_max > 0.274 & unc_rawben_rel_max <= 0.818","1","national","ranger","any_error",513,0.2963,0.2517,37.46,0.037,0.125,0.037,16,12,152,"earned income 0.48; unearned income 0.21; shelter deduction 0.13","wrong amount, known item 0.37; wrong include/exclude decision 0.20; unreported source of income 0.14; change in circumstances 0.09",0.304147465437788,0.638157894736842,0.341013824884793,0.410958904109589,0,0
183,"buffer","earned_by_hh_size < 81.7 & married >= 1 & rawben_rel_max >= 0.155 & unearned_by_hh_size >= 965","2-3","national","xgboost","any_error",433,0.3002,0.2517,41.84,0,0,0,2,1,130,"shelter deduction 0.33; unearned income 0.28; medical deduction 0.25","wrong include/exclude decision 0.51; wrong amount, known item 0.22; unreported source of income 0.07",0.394736842105263,0.907692307692308,0.605263157894737,0.589473684210526,0,0
184,"buffer","earned_by_hh_size < 692 & gross_by_hh_size >= 708 & gross_by_hh_size < 727","4+","national","xgboost","any_error",116,0.3448,0.2512,64.42,0.0086,0.025,0.0086,2,1,40,"unearned income 0.36; earned income 0.32; dep care or child support deduction 0.14","wrong amount, known item 0.47; wrong include/exclude decision 0.24; unreported source of income 0.12",0.440677966101695,0.55,0.627118644067797,0.711864406779661,0,0
185,"buffer","rawben_rel_max >= 0.605 & rawben_rel_max < 0.619 & total_deductions_by_hh_size >= 64.5","4+","national","xgboost","any_error",213,0.3192,0.2502,62.2,0,0,0,8,4,68,"earned income 0.46; unearned income 0.24; shelter deduction 0.11","wrong amount, known item 0.42; wrong include/exclude decision 0.17; unreported source of income 0.12; change in circumstances 0.11",0.43,0.647058823529412,0.69,0.58,0,0
186,"buffer","gross_by_hh_size >= 68.2 & HH_size_n >= 6 & shelter_expenses_by_hh_size < 180 & utilities_sua < 2","4+","national","xgboost","any_error",320,0.3062,0.25,76.63,0.025,0.0612,0.0187,4,3,98,"earned income 0.37; unearned income 0.21; other element 0.18","wrong amount, known item 0.34; wrong include/exclude decision 0.23; household composition 0.12; unreported source of income 0.10",0.503448275862069,0.479591836734694,0.613793103448276,0.671232876712329,0,0
187,"buffer","elderly_disabled_i <= 0 & months_since_cert_n >= 9 & rawben_rel_max >= 0.616 & shelter_expenses_by_hh_size >= 366","4+","national","xgboost","any_error",217,0.318,0.2496,77.72,0.0138,0.0435,0.0138,3,2,69,"earned income 0.45; unearned income 0.18; other element 0.16","wrong amount, known item 0.30; unreported source of income 0.20; change in circumstances 0.14; household composition 0.09; other 0.08",0.36697247706422,0.797101449275362,0.403669724770642,0.55045871559633,0.0276,0.029
188,"buffer","count_divisible_by_100 > 1.5 & rawben_rel_max <= 0.495","2-3","national","ranger","any_error",30,0.4333,0.2496,79.93,0,0,0,1,1,13,"earned income 0.36; other element 0.18; shelter deduction 0.18; unearned income 0.18","wrong amount, known item 0.23; unreported source of income 0.23; other 0.18; change in circumstances 0.14",0.363636363636364,0.846153846153846,0.5,0.454545454545455,0,0
189,"buffer","medical_deductions >= 199 & months_since_cert_n >= 18 & total_deductions_by_hh_size >= 1120 & unc_rawben_rel_max < 1.01","1","national","xgboost","any_error",100,0.35,0.2494,45.7,0,0,0,1,1,35,"medical deduction 0.44; shelter deduction 0.29; unearned income 0.20","wrong include/exclude decision 0.51; wrong amount, known item 0.25",0.454545454545455,0.971428571428571,0.472727272727273,0.727272727272727,0,0
190,"buffer","bbce_state_i >= 1 & shelter_expenses_by_hh_size >= 346 & shelter_expenses_by_hh_size < 360 & unc_rawben_rel_max < 1.06","4+","national","xgboost","any_error",310,0.3065,0.2493,58.13,0.0129,0.0421,0.0129,8,5,95,"earned income 0.35; shelter deduction 0.23; unearned income 0.17","wrong amount, known item 0.30; wrong include/exclude decision 0.23; method or computation 0.12; household composition 0.11",0.431654676258993,0.694736842105263,0.712230215827338,0.602836879432624,0,0
191,"buffer","expedited_i >= 1 & gross_by_hh_size > 139 & gross_by_hh_size <= 739 & months_since_cert_n > 5.5","4+","national","ranger","any_error",200,0.32,0.2489,74.62,0.01,0.0156,0.005,6,3,64,"earned income 0.36; unearned income 0.22; shelter deduction 0.18","wrong amount, known item 0.33; wrong include/exclude decision 0.21; change in circumstances 0.11; household composition 0.10",0.457943925233645,0.65625,0.411214953271028,0.551401869158878,0.015,0
192,"buffer","expedited_i >= 1 & rawben_rel_max <= 0.97 & shelter_expenses_by_hh_size > 809","2-3","national","ranger","any_error",148,0.3311,0.2485,82.79,0.0473,0.1224,0.0405,1,1,49,"earned income 0.38; shelter deduction 0.20; unearned income 0.18","wrong amount, known item 0.34; wrong include/exclude decision 0.20; unreported source of income 0.16; household composition 0.09",0.382716049382716,0.775510204081633,0.493827160493827,0.463414634146341,0,0
193,"buffer","children_i <= 0 & earned_by_hh_size >= 1120 & months_since_cert_n < 18 & unc_rawben_rel_max < -0.277","2-3","national","xgboost","any_error",84,0.3571,0.2476,94.19,0.0476,0.1333,0.0476,1,1,30,"other element 0.43; earned income 0.31; shelter deduction 0.18","household composition 0.26; wrong include/exclude decision 0.18; other 0.16; unreported source of income 0.13; limits and thresholds 0.10",0.264705882352941,1,0.455882352941176,0.367647058823529,0,0
194,"buffer","elderly_disabled_i >= 1 & HH_size_n <= 5.5 & total_deductions_by_hh_size <= 249 & unearned_by_hh_size <= 156","4+","national","ranger","any_error",94,0.3511,0.2475,91.2,0.0106,0.0303,0.0106,2,1,33,"unearned income 0.32; earned income 0.23; shelter deduction 0.16; other element 0.16","wrong include/exclude decision 0.37; wrong amount, known item 0.19; unreported source of income 0.16; household composition 0.11",0.508771929824561,0.696969696969697,0.508771929824561,0.56140350877193,0,0
195,"buffer","gross_by_hh_size >= 704 & gross_by_hh_size < 722 & unc_rawben_rel_max < 1.24","4+","national","xgboost","any_error",284,0.3063,0.2468,56.69,0.0035,0.0115,0.0035,10,5,87,"earned income 0.41; unearned income 0.25; shelter deduction 0.11","wrong amount, known item 0.45; wrong include/exclude decision 0.22; unreported source of income 0.10",0.368421052631579,0.620689655172414,0.578947368421053,0.597014925373134,0,0
196,"buffer","HH_size_n > 2.5 & months_since_cert_n <= 0.5 & unc_rawben_rel_max <= 0.971 & utilities_sua <= 0.5","2-3","national","ranger","any_error",101,0.3465,0.2468,63.06,0.0099,0.0286,0.0099,4,2,35,"earned income 0.45; unearned income 0.20; other element 0.16","wrong amount, known item 0.37; wrong include/exclude decision 0.24; household composition 0.12; unreported source of income 0.12",0.428571428571429,0.571428571428571,0.836734693877551,0.653061224489796,0,0
197,"buffer","expedited_i >= 1 & gross_by_hh_size > 183 & married >= 1 & unc_rawben_rel_max <= 0.677","2-3","national","ranger","any_error",81,0.358,0.2466,85.2,0.0741,0.2069,0.0741,2,1,29,"earned income 0.37; other element 0.22; unearned income 0.17","unreported source of income 0.29; wrong include/exclude decision 0.22; household composition 0.22; wrong amount, known item 0.20",0.414634146341463,0.724137931034483,0.439024390243902,0.463414634146341,0,0
198,"buffer","shelter_expenses_by_hh_size >= 417 & total_deductions_by_hh_size >= 348 & unc_rawben_rel_max < 1.24 & utilities_sua < 2","2-3","national","xgboost","any_error",670,0.2851,0.2464,58.99,0.0149,0.0419,0.0119,9,6,191,"earned income 0.31; shelter deduction 0.25; utility allowance 0.17; unearned income 0.13","wrong include/exclude decision 0.36; wrong amount, known item 0.25; unreported source of income 0.13; change in circumstances 0.09",0.282392026578073,0.863874345549738,0.634551495016611,0.504983388704319,0.0403,0.1099
199,"buffer","gross_by_hh_size >= 434 & HH_size_n >= 6 & unc_rawben_rel_max < 0.761 & unearned_by_hh_size >= 198","4+","national","xgboost","any_error",256,0.3086,0.246,83.82,0,0,0,4,2,79,"unearned income 0.40; earned income 0.23; shelter deduction 0.15","wrong amount, known item 0.38; wrong include/exclude decision 0.25; unreported source of income 0.13",0.477611940298507,0.582278481012658,0.746268656716418,0.671641791044776,0,0
200,"buffer","bbce_state_i >= 1 & homeless >= 1 & rawben_rel_max >= 0.408 & unearned_by_hh_size >= 962","1","national","xgboost","any_error",160,0.325,0.2458,43.43,0.0063,0.0192,0.0063,1,1,52,"shelter deduction 0.58; utility allowance 0.27","wrong include/exclude decision 0.71; change in circumstances 0.17",0.230769230769231,0.903846153846154,0.476923076923077,0.454545454545455,0.0063,0
201,"buffer","HH_size_n > 5.5 & married <= 0 & rawben_rel_max <= 0.458 & unc_rawben_rel_max <= 1","4+","national","ranger","any_error",249,0.3092,0.2458,73.91,0,0,0,3,2,77,"earned income 0.38; other element 0.20; unearned income 0.16; shelter deduction 0.13","wrong amount, known item 0.29; wrong include/exclude decision 0.23; household composition 0.18; unreported source of income 0.12",0.422764227642276,0.597402597402597,0.642276422764228,0.577235772357724,0,0
202,"buffer","bbce_state_i >= 1 & elderly_disabled_i >= 1 & months_since_cert_n <= 4.5 & shelter_expenses_by_hh_size > 292","4+","national","ranger","any_error",473,0.2918,0.2457,59.61,0,0,0,14,7,138,"unearned income 0.30; earned income 0.24; shelter deduction 0.23","wrong amount, known item 0.38; wrong include/exclude decision 0.29; household composition 0.10",0.394088669950739,0.710144927536232,0.758620689655172,0.617647058823529,0,0
203,"buffer","gross_by_hh_size < 586 & percent_abawd < 1 & unc_rawben_rel_max < 1.02 & unearned_by_hh_size >= 439","1","national","xgboost","any_error",304,0.3026,0.2452,47.96,0.023,0.0652,0.0197,10,7,92,"unearned income 0.65; utility allowance 0.16","wrong include/exclude decision 0.50; wrong amount, known item 0.21; unreported source of income 0.15",0.421487603305785,0.83695652173913,0.578512396694215,0.685950413223141,0,0
204,"buffer","earned_by_hh_size > 437 & rawben_rel_max <= 0.955 & unc_rawben_rel_max > 0.782 & unearned_by_hh_size <= 1.79","4+","national","ranger","any_error",221,0.3122,0.2449,68.03,0.0045,0.0145,0.0045,4,2,69,"earned income 0.49; shelter deduction 0.17; dep care or child support deduction 0.17","wrong amount, known item 0.29; wrong include/exclude decision 0.25; unreported source of income 0.14; method or computation 0.10",0.352380952380952,0.739130434782609,0.59047619047619,0.509433962264151,0,0
205,"buffer","count_divisible_by_100 > 0.5 & earned_by_hh_size > 42.1 & earned_by_hh_size <= 437 & gross_by_hh_size > 142","4+","national","ranger","any_error",434,0.2926,0.2446,60.15,0.0069,0.0079,0.0023,11,6,127,"earned income 0.37; unearned income 0.27; shelter deduction 0.16","wrong amount, known item 0.25; wrong include/exclude decision 0.21; unreported source of income 0.19; household composition 0.11",0.409302325581395,0.645669291338583,0.665116279069767,0.513761467889908,0.0115,0.0157
206,"buffer","earned_by_hh_size >= 5 & rawben_rel_max < 0.636 & unc_rawben_rel_max >= 0.54 & unc_rawben_rel_max < 0.546","2-3","national","xgboost","any_error",85,0.3529,0.2445,67.75,0.0118,0.0333,0.0118,3,2,30,"earned income 0.45; other element 0.18; unearned income 0.14","wrong amount, known item 0.25; wrong include/exclude decision 0.23; unreported source of income 0.20; household composition 0.18",0.196428571428571,0.833333333333333,0.625,0.375,0,0
207,"buffer","bbce_state_i >= 1 & gross_by_hh_size > 48.2 & utilities_sua > 0.5 & utilities_sua <= 1.5","4+","national","ranger","any_error",931,0.276,0.2433,54.31,0.0107,0.0233,0.0064,16,9,257,"earned income 0.30; unearned income 0.18; utility allowance 0.17; shelter deduction 0.17","wrong amount, known item 0.35; wrong include/exclude decision 0.30; household composition 0.09; unreported source of income 0.07",0.457627118644068,0.540856031128405,0.600484261501211,0.633971291866029,0.0032,0.0117
208,"buffer","count_divisible_by_100 > 0.5 & gross_by_hh_size <= 662 & married >= 1 & months_since_cert_n > 8.5","4+","national","ranger","any_error",59,0.3729,0.243,81.88,0.0169,0,0,2,1,22,"earned income 0.39; shelter deduction 0.24; unearned income 0.21","wrong include/exclude decision 0.27; wrong amount, known item 0.24; household composition 0.12; unreported source of income 0.12",0.483870967741935,0.636363636363636,0.483870967741935,0.666666666666667,0,0
209,"buffer","count_divisible_by_100 > 1.5 & earned_by_hh_size <= 123 & gross_by_hh_size > 165","2-3","national","ranger","any_error",40,0.4,0.2424,85.35,0.025,0.0625,0.025,5,4,16,"earned income 0.38; unearned income 0.21; utility allowance 0.18","wrong include/exclude decision 0.32; unreported source of income 0.26; other 0.15; wrong amount, known item 0.09",0.3125,0.9375,0.625,0.470588235294118,0,0
210,"buffer","earned_by_hh_size >= 392 & gross_by_hh_size >= 557 & gross_by_hh_size < 582 & months_since_cert_n >= 4","4+","national","xgboost","any_error",173,0.3179,0.2422,77.27,0,0,0,7,4,55,"earned income 0.47; unearned income 0.18; shelter deduction 0.14","wrong amount, known item 0.29; wrong include/exclude decision 0.20; unreported source of income 0.14; method or computation 0.13",0.430379746835443,0.654545454545455,0.443037974683544,0.518987341772152,0,0
211,"buffer","HH_size_n <= 5.5 & rawben_rel_max <= 0.932 & unc_rawben_rel_max > 0.869 & unearned_by_hh_size > 21.3","4+","national","ranger","any_error",470,0.2872,0.2413,61.46,0.0149,0.0519,0.0149,7,4,135,"unearned income 0.32; earned income 0.23; shelter deduction 0.19; other element 0.12","wrong amount, known item 0.31; wrong include/exclude decision 0.28; unreported source of income 0.12; other 0.08",0.434146341463415,0.644444444444444,0.6,0.597087378640777,0,0
212,"buffer","gross_by_hh_size < 128 & shelter_expenses_by_hh_size >= 150 & unc_rawben_rel_max >= 1.07 & unc_rawben_rel_max < 1.09","4+","national","xgboost","any_error",34,0.4118,0.2411,146.41,0,0,0,1,1,14,"earned income 0.76","wrong amount, known item 0.41; wrong include/exclude decision 0.24; unreported source of income 0.18",0.352941176470588,1,0.705882352941177,0.588235294117647,0,0
213,"buffer","earned_by_hh_size >= 790 & gross_by_hh_size < 798","2-3","national","xgboost","any_error",53,0.3774,0.2408,54.13,0,0,0,4,3,20,"earned income 0.52; shelter deduction 0.19; unearned income 0.15","wrong amount, known item 0.41; wrong include/exclude decision 0.22; unreported source of income 0.19",0.296296296296296,0.55,0.703703703703704,0.481481481481481,0,0
214,"buffer","earned_by_hh_size > 424 & expedited_i >= 1 & months_since_cert_n > 4.5 & utilities_sua > 0.5","1","national","ranger","any_error",251,0.3028,0.2401,61.76,0.0677,0.1974,0.0598,2,1,76,"earned income 0.55; other element 0.19; shelter deduction 0.12","unreported source of income 0.24; change in circumstances 0.20; wrong include/exclude decision 0.16; wrong amount, known item 0.16",0.290076335877863,0.921052631578947,0.16793893129771,0.242424242424242,0.1076,0.2237
215,"buffer","months_since_cert_n >= 4 & months_since_cert_n < 23 & shelter_expenses_by_hh_size >= 348 & unearned_by_hh_size >= 492","4+","national","xgboost","any_error",157,0.3185,0.2393,61.27,0.0064,0.02,0.0064,2,1,50,"unearned income 0.34; shelter deduction 0.28; other element 0.17","wrong include/exclude decision 0.39; wrong amount, known item 0.19; other 0.11; household composition 0.09",0.41025641025641,0.72,0.67948717948718,0.474358974358974,0,0
216,"buffer","expedited_i >= 1 & months_since_cert_n > 6.5 & total_deductions_by_hh_size > 496 & utilities_sua > 0.5","2-3","national","ranger","any_error",125,0.328,0.2392,87.7,0.024,0.0732,0.024,2,1,41,"earned income 0.55; shelter deduction 0.18; other element 0.12","wrong amount, known item 0.30; wrong include/exclude decision 0.18; unreported source of income 0.13; change in circumstances 0.13; household composition 0.07",0.263157894736842,0.853658536585366,0.403508771929825,0.372881355932203,0.072,0.0976
217,"buffer","earned_by_hh_size <= 129 & elderly_disabled_i >= 1 & gross_by_hh_size > 952 & rawben_rel_max > 0.168","2-3","national","ranger","any_error",739,0.2747,0.2382,39.59,0.0014,0.0049,0.0014,11,6,203,"shelter deduction 0.34; unearned income 0.27; medical deduction 0.20","wrong include/exclude decision 0.45; wrong amount, known item 0.23; unreported source of income 0.10",0.375,0.881773399014778,0.625,0.547297297297297,0,0
218,"buffer","children_i <= 0 & homeless <= 0 & rawben_rel_max <= 0.985 & unc_rawben_rel_max <= -0.615","2-3","national","ranger","any_error",94,0.3404,0.2382,77.16,0.0106,0.0312,0.0106,2,1,32,"other element 0.43; earned income 0.24; shelter deduction 0.17","household composition 0.32; other 0.20; wrong amount, known item 0.16; wrong include/exclude decision 0.15",0.2,1,0.546666666666667,0.32,0,0
219,"buffer","rawben_rel_max >= 0.13 & shelter_expenses_by_hh_size >= 304 & total_deductions_by_hh_size < 265 & unc_rawben_rel_max < 0.272","4+","national","xgboost","any_error",165,0.3152,0.238,52.27,0,0,0,1,1,52,"earned income 0.26; shelter deduction 0.26; unearned income 0.19; utility allowance 0.14","wrong amount, known item 0.36; wrong include/exclude decision 0.30; method or computation 0.10",0.511904761904762,0.519230769230769,0.595238095238095,0.761904761904762,0,0
220,"buffer","shelter_expenses_by_hh_size >= 498 & total_deductions_by_hh_size >= 594 & unc_rawben_rel_max >= 1.17 & unc_rawben_rel_max < 1.31","2-3","national","xgboost","any_error",187,0.3102,0.2378,90.29,0,0,0,6,3,58,"unearned income 0.48; earned income 0.29","wrong include/exclude decision 0.35; wrong amount, known item 0.23; other 0.16; unreported source of income 0.12",0.441558441558442,0.931034482758621,0.545454545454545,0.584415584415584,0,0
221,"buffer","earned_by_hh_size > 374 & expedited_i >= 1 & gross_by_hh_size <= 1720 & shelter_expenses_by_hh_size <= 112","1","national","ranger","any_error",74,0.3514,0.2365,59.51,0.0946,0.2308,0.0811,4,3,26,"earned income 0.63; other element 0.21","unreported source of income 0.24; change in circumstances 0.18; wrong include/exclude decision 0.18; limits and thresholds 0.16",0.236842105263158,0.653846153846154,0.368421052631579,0.289473684210526,0,0
222,"buffer","count_divisible_by_100 < 2 & shelter_expenses_by_hh_size >= 865 & total_deductions_by_hh_size >= 594 & total_deductions_by_hh_size < 660","2-3","national","xgboost","any_error",259,0.2973,0.2359,63.23,0.027,0.0649,0.0193,1,1,77,"earned income 0.46; shelter deduction 0.21; unearned income 0.18","wrong amount, known item 0.29; wrong include/exclude decision 0.23; unreported source of income 0.17; change in circumstances 0.12",0.376068376068376,0.805194805194805,0.547008547008547,0.495726495726496,0,0
223,"buffer","earned_by_hh_size < 424 & shelter_expenses_by_hh_size >= 469 & unc_rawben_rel_max < 1.32 & utilities_sua < 2","2-3","national","xgboost","any_error",431,0.2831,0.2355,59.89,0.0093,0.0164,0.0046,2,1,122,"shelter deduction 0.25; unearned income 0.23; utility allowance 0.20; earned income 0.18","wrong include/exclude decision 0.43; wrong amount, known item 0.20; unreported source of income 0.17",0.284916201117318,0.811475409836066,0.64804469273743,0.513966480446927,0.0557,0.1475
224,"buffer","gross_by_hh_size >= 681 & months_since_cert_n >= 4 & percent_abawd >= 1 & shelter_expenses_by_hh_size >= 1180","1","national","xgboost","any_error",267,0.2959,0.2355,54.33,0.0412,0.1139,0.0337,1,1,79,"earned income 0.47; unearned income 0.17; shelter deduction 0.16","wrong amount, known item 0.32; wrong include/exclude decision 0.21; change in circumstances 0.18; unreported source of income 0.15",0.35042735042735,0.835443037974684,0.307692307692308,0.440677966101695,0.1161,0.2278
225,"buffer","shelter_expenses_by_hh_size >= 509 & shelter_expenses_by_hh_size < 791 & total_deductions_by_hh_size < 379 & unc_rawben_rel_max < 1.23","4+","national","xgboost","any_error",471,0.2803,0.2348,71.35,0.017,0.0455,0.0127,4,2,132,"earned income 0.45; unearned income 0.24; other element 0.14","wrong amount, known item 0.30; unreported source of income 0.19; wrong include/exclude decision 0.17; household composition 0.09",0.343434343434343,0.71969696969697,0.555555555555556,0.545454545454545,0.034,0.0682
226,"buffer","earned_by_hh_size >= 372 & percent_abawd < 0.0769 & rawben_rel_max >= 0.661 & unc_rawben_rel_max < 0.692","4+","national","xgboost","any_error",264,0.2955,0.2348,54.47,0.0038,0.0128,0.0038,6,3,78,"earned income 0.50; shelter deduction 0.22; unearned income 0.08","wrong amount, known item 0.33; wrong include/exclude decision 0.25; method or computation 0.12; unreported source of income 0.12",0.429906542056075,0.692307692307692,0.663551401869159,0.523364485981308,0,0
227,"buffer","earned_by_hh_size >= 1500 & gross_by_hh_size >= 1550 & rawben_rel_max >= 0.46 & total_deductions_by_hh_size < 1280","1","national","xgboost","any_error",106,0.3302,0.2345,45.58,0.0283,0.0857,0.0283,3,3,35,"earned income 0.50; shelter deduction 0.27","wrong amount, known item 0.41; wrong include/exclude decision 0.30; change in circumstances 0.11",0.363636363636364,0.828571428571429,0.509090909090909,0.410714285714286,0,0
228,"buffer","HH_size_n >= 7 & months_since_cert_n < 9 & unearned_by_hh_size >= 169 & unearned_by_hh_size < 259","4+","national","xgboost","any_error",106,0.3302,0.2345,95.01,0.0094,0.0286,0.0094,1,1,35,"unearned income 0.28; earned income 0.26; shelter deduction 0.19; other element 0.19","wrong include/exclude decision 0.32; wrong amount, known item 0.21; unreported source of income 0.17; household composition 0.13",0.433962264150943,0.6,0.716981132075472,0.60377358490566,0,0
229,"buffer","HH_size_n >= 3 & total_deductions_by_hh_size >= 444 & unearned_by_hh_size >= 291 & unearned_by_hh_size < 712","2-3","national","xgboost","any_error",201,0.3035,0.234,74.62,0,0,0,2,1,61,"unearned income 0.26; shelter deduction 0.26; earned income 0.24","wrong amount, known item 0.28; wrong include/exclude decision 0.25; unreported source of income 0.15; other 0.10",0.364583333333333,0.704918032786885,0.677083333333333,0.552083333333333,0,0
230,"buffer","earned_by_hh_size >= 715 & rawben_rel_max >= 0.497 & shelter_expenses_by_hh_size < 237","2-3","national","xgboost","any_error",35,0.4,0.2336,87.37,0.0571,0.1429,0.0571,3,2,14,"earned income 0.33; other element 0.24; dep care or child support deduction 0.19","wrong amount, known item 0.29; wrong include/exclude decision 0.29; household composition 0.24",0.523809523809524,0.571428571428571,0.666666666666667,0.761904761904762,0,0
231,"buffer","rawben_rel_max < 0.899 & total_deductions_by_hh_size >= 606 & total_deductions_by_hh_size < 614","2-3","national","xgboost","any_error",68,0.3529,0.2336,72.04,0.0147,0.0417,0.0147,1,1,24,"earned income 0.44; unearned income 0.21; shelter deduction 0.21","wrong amount, known item 0.29; wrong include/exclude decision 0.24; change in circumstances 0.24",0.382352941176471,0.625,0.529411764705882,0.5,0,0
232,"buffer","earned_by_hh_size < 43.3 & total_deductions_by_hh_size >= 538 & unc_rawben_rel_max >= 1 & unc_rawben_rel_max < 1.07","2-3","national","xgboost","any_error",128,0.3203,0.2334,77.36,0,0,0,1,1,41,"shelter deduction 0.49; medical deduction 0.20; dep care or child support deduction 0.08","wrong include/exclude decision 0.46; wrong amount, known item 0.37",0.355932203389831,0.951219512195122,0.76271186440678,0.661016949152542,0,0
233,"buffer","earned_by_hh_size >= 411 & earned_by_hh_size < 462 & rawben_rel_max < 0.923","2-3","national","xgboost","any_error",342,0.2865,0.2334,42.16,0,0,0,12,6,98,"earned income 0.48; shelter deduction 0.16; unearned income 0.15","wrong amount, known item 0.37; wrong include/exclude decision 0.21; change in circumstances 0.10; unreported source of income 0.08",0.438848920863309,0.622448979591837,0.661870503597122,0.633093525179856,0,0
234,"buffer","expedited_i >= 1 & shelter_expenses_by_hh_size > 118 & total_deductions_by_hh_size <= 168 & unearned_by_hh_size <= 196","4+","national","ranger","any_error",48,0.375,0.2331,83.12,0,0,0,1,1,18,"earned income 0.30; shelter deduction 0.26; unearned income 0.22","wrong include/exclude decision 0.44; wrong amount, known item 0.37",0.62962962962963,0.666666666666667,0.62962962962963,0.814814814814815,0,0
235,"buffer","rawben_rel_max >= 0.621 & shelter_expenses_by_hh_size < 490 & unearned_by_hh_size >= 426 & unearned_by_hh_size < 441","2-3","national","xgboost","any_error",89,0.3371,0.2329,63.16,0.0337,0.0667,0.0225,4,2,30,"unearned income 0.41; shelter deduction 0.16; earned income 0.14; utility allowance 0.12","wrong amount, known item 0.37; wrong include/exclude decision 0.33; unreported source of income 0.14",0.346938775510204,0.666666666666667,0.551020408163265,0.571428571428571,0,0
236,"buffer","rawben_rel_max < 0.845 & unc_rawben_rel_max >= 0.833 & unearned_by_hh_size < 413","4+","national","xgboost","any_error",202,0.302,0.2328,68.28,0.005,0.0164,0.005,12,6,61,"earned income 0.40; unearned income 0.21; shelter deduction 0.16","wrong amount, known item 0.30; wrong include/exclude decision 0.23; unreported source of income 0.16; household composition 0.11",0.439024390243902,0.688524590163934,0.682926829268293,0.536585365853659,0,0
237,"buffer","medical_deductions >= 158 & months_since_cert_n < 3 & rawben_rel_max >= 0.392 & unearned_by_hh_size >= 1610","1","national","xgboost","any_error",65,0.3538,0.2321,51.26,0,0,0,1,1,23,"medical deduction 0.39; shelter deduction 0.27; unearned income 0.17","wrong include/exclude decision 0.63; wrong amount, known item 0.15",0.463414634146341,0.869565217391304,0.853658536585366,0.634146341463415,0,0
238,"buffer","count_divisible_by_100 > 0.5 & count_divisible_by_100 <= 1.5 & earned_by_hh_size > 194 & total_deductions_by_hh_size <= 272","2-3","national","ranger","any_error",184,0.3043,0.232,41.65,0.0054,0.0179,0.0054,4,2,56,"earned income 0.51; unearned income 0.23; shelter deduction 0.13","wrong amount, known item 0.42; wrong include/exclude decision 0.19; unreported source of income 0.13; method or computation 0.09",0.376623376623377,0.5,0.779220779220779,0.61038961038961,0,0
239,"buffer","months_since_cert_n > 12.5 & shelter_expenses_by_hh_size > 16 & unc_rawben_rel_max > 0.488 & utilities_sua <= 1.5","1","national","ranger","any_error",631,0.271,0.2319,39.63,0.0222,0.0643,0.0174,22,12,171,"utility allowance 0.32; shelter deduction 0.32; unearned income 0.18","wrong include/exclude decision 0.49; wrong amount, known item 0.21; change in circumstances 0.10",0.332191780821918,0.906432748538012,0.448630136986301,0.534246575342466,0.0079,0
240,"buffer","rawben_rel_max >= 0.845 & rawben_rel_max < 0.878 & shelter_expenses_by_hh_size < 440 & unearned_by_hh_size >= 340","2-3","national","xgboost","any_error",93,0.3333,0.2316,58.27,0.0108,0.0323,0.0108,2,1,31,"unearned income 0.42; shelter deduction 0.29; earned income 0.12","wrong include/exclude decision 0.33; wrong amount, known item 0.23; change in circumstances 0.15; unreported source of income 0.15",0.25,0.709677419354839,0.708333333333333,0.458333333333333,0,0
241,"buffer","count_divisible_by_100 <= 1.5 & expedited_i >= 1 & shelter_expenses_by_hh_size > 118 & total_deductions_by_hh_size <= 154","4+","national","ranger","any_error",72,0.3472,0.2316,69.24,0,0,0,1,1,25,"unearned income 0.30; shelter deduction 0.22; earned income 0.22; other element 0.13","wrong include/exclude decision 0.41; wrong amount, known item 0.35",0.58695652173913,0.6,0.521739130434783,0.717391304347826,0,0
242,"buffer","gross_by_hh_size >= 826 & months_since_cert_n >= 16 & rawben_rel_max >= 0.61","2-3","national","xgboost","any_error",62,0.3548,0.2304,68.23,0.0161,0.0455,0.0161,1,1,22,"shelter deduction 0.43; unearned income 0.21; earned income 0.18","wrong include/exclude decision 0.32; other 0.18; wrong amount, known item 0.18; unreported source of income 0.14",0.357142857142857,0.954545454545455,0.214285714285714,0.428571428571429,0,0
243,"buffer","earned_by_hh_size >= 850 & rawben_rel_max >= 0.464 & total_deductions_by_hh_size < 579","1","national","xgboost","any_error",90,0.3333,0.2301,41.18,0.0444,0.1333,0.0444,2,2,30,"earned income 0.66; other element 0.12","wrong amount, known item 0.29; wrong include/exclude decision 0.22; method or computation 0.12; unreported source of income 0.12",0.292682926829268,0.433333333333333,0.682926829268293,0.560975609756098,0,0
244,"buffer","months_since_cert_n >= 5 & months_since_cert_n < 10 & rawben_rel_max < 0.55 & unc_rawben_rel_max >= 0.535","2-3","national","xgboost","any_error",90,0.3333,0.2301,64.5,0.0222,0.0667,0.0222,4,2,30,"earned income 0.32; unearned income 0.23; shelter deduction 0.20","wrong include/exclude decision 0.27; unreported source of income 0.20; wrong amount, known item 0.20; change in circumstances 0.14",0.340909090909091,0.6,0.659090909090909,0.386363636363636,0,0
245,"buffer","bbce_state_i >= 1 & rawben_rel_max > 0.852 & rawben_rel_max <= 0.94 & shelter_expenses_by_hh_size > 661","2-3","national","ranger","any_error",316,0.2848,0.2298,57.25,0.0158,0.0444,0.0127,6,3,90,"earned income 0.38; shelter deduction 0.30; unearned income 0.16","wrong amount, known item 0.33; wrong include/exclude decision 0.32; unreported source of income 0.14",0.32520325203252,0.822222222222222,0.626016260162602,0.472,0,0
246,"buffer","elderly_disabled_i >= 1 & gross_by_hh_size >= 221 & total_deductions_by_hh_size < 204 & unearned_by_hh_size < 266","2-3","national","xgboost","any_error",52,0.3654,0.2297,65.94,0,0,0,1,1,19,"earned income 0.42; unearned income 0.25; other element 0.17","wrong amount, known item 0.25; change in circumstances 0.21; wrong include/exclude decision 0.21; household composition 0.12",0.416666666666667,0.368421052631579,0.458333333333333,0.666666666666667,0,0
247,"buffer","HH_size_n >= 3 & rawben_rel_max >= 0.561 & unearned_by_hh_size >= 565","2-3","national","xgboost","any_error",194,0.299,0.2288,57.13,0.0052,0.0172,0.0052,8,4,58,"shelter deduction 0.32; unearned income 0.29; other element 0.15","wrong include/exclude decision 0.38; wrong amount, known item 0.26; other 0.11",0.303030303030303,0.637931034482759,0.616161616161616,0.494949494949495,0,0
248,"buffer","earned_by_hh_size > 55 & HH_size_n > 2.5 & months_since_cert_n > 2.5 & percent_abawd > 0.167","2-3","national","ranger","any_error",294,0.2857,0.2287,54.4,0.0068,0.0238,0.0068,8,4,84,"earned income 0.46; shelter deduction 0.17; other element 0.15","wrong amount, known item 0.30; wrong include/exclude decision 0.17; other 0.16; unreported source of income 0.13",0.377622377622378,0.607142857142857,0.545454545454545,0.524475524475524,0.0068,0.0238
249,"buffer","shelter_expenses_by_hh_size >= 201 & unearned_by_hh_size >= 169 & unearned_by_hh_size < 176","4+","national","xgboost","any_error",66,0.3485,0.2283,56.11,0.0152,0.0435,0.0152,1,1,23,"unearned income 0.45; earned income 0.24; shelter deduction 0.13","wrong include/exclude decision 0.32; wrong amount, known item 0.32; method or computation 0.13",0.5,0.739130434782609,0.605263157894737,0.789473684210526,0,0
250,"buffer","count_divisible_by_100 < 1 & medical_deductions < 150 & shelter_expenses_by_hh_size >= 914 & total_deductions_by_hh_size >= 634","2-3","national","xgboost","any_error",714,0.2647,0.2282,60.66,0.0238,0.0899,0.0238,2,1,189,"earned income 0.35; shelter deduction 0.24; unearned income 0.17","wrong amount, known item 0.29; wrong include/exclude decision 0.25; unreported source of income 0.14; other 0.10",0.372937293729373,0.830687830687831,0.541254125412541,0.534653465346535,0,0
251,"buffer","bbce_state_i >= 1 & shelter_expenses_by_hh_size > 1670 & unc_rawben_rel_max > 0.264 & unc_rawben_rel_max <= 1.03","1","national","ranger","any_error",1166,0.2564,0.2279,37.92,0.0129,0.0401,0.0103,8,6,299,"shelter deduction 0.37; unearned income 0.26; earned income 0.14","wrong include/exclude decision 0.39; wrong amount, known item 0.24; unreported source of income 0.15",0.34390243902439,0.872909698996655,0.578048780487805,0.491484184914842,0.0172,0.0502
252,"buffer","months_since_cert_n < 4 & total_deductions_by_hh_size >= 102 & unearned_by_hh_size >= 40 & unearned_by_hh_size < 49.2","4+","national","xgboost","any_error",84,0.3333,0.227,93.36,0,0,0,1,1,28,"earned income 0.37; unearned income 0.22; shelter deduction 0.15; other element 0.13","wrong amount, known item 0.33; wrong include/exclude decision 0.22; unreported source of income 0.15; household composition 0.09",0.277777777777778,0.642857142857143,0.759259259259259,0.462962962962963,0,0
253,"buffer","earned_by_hh_size > 280 & months_since_cert_n > 5.5 & rawben_rel_max > 0.303","1","national","ranger","any_error",1393,0.2527,0.2266,45.78,0.0244,0.0824,0.0208,34,19,352,"earned income 0.59; shelter deduction 0.13; other element 0.12","unreported source of income 0.22; wrong amount, known item 0.22; change in circumstances 0.19; wrong include/exclude decision 0.18",0.294755877034358,0.880681818181818,0.2875226039783,0.342342342342342,0.0625,0.1705
254,"buffer","earned_by_hh_size >= 1570 & earned_by_hh_size < 1690 & months_since_cert_n >= 2 & rawben_rel_max >= 0.592","1","national","xgboost","any_error",46,0.3696,0.2261,45.41,0.0435,0.0588,0.0217,1,1,17,"earned income 0.54; shelter deduction 0.25","wrong amount, known item 0.33; wrong include/exclude decision 0.25; change in circumstances 0.17; unreported source of income 0.12",0.363636363636364,0.705882352941177,0.363636363636364,0.272727272727273,0,0
255,"buffer","months_since_cert_n > 5.5 & percent_abawd > 0.167 & percent_abawd <= 1.75 & shelter_expenses_by_hh_size > 634","2-3","national","ranger","any_error",204,0.2941,0.226,61.88,0.0147,0.05,0.0147,2,1,60,"earned income 0.47; shelter deduction 0.20; other element 0.15","wrong include/exclude decision 0.27; unreported source of income 0.21; wrong amount, known item 0.19; household composition 0.11",0.346938775510204,0.85,0.5,0.46,0.0539,0.1167
256,"buffer","earned_by_hh_size >= 1 & months_since_cert_n >= 16 & rawben_rel_max >= 0.505 & shelter_expenses_by_hh_size >= 468","1","national","xgboost","any_error",151,0.3046,0.2255,57.95,0.0066,0.0217,0.0066,1,1,46,"earned income 0.55; other element 0.17; shelter deduction 0.14","unreported source of income 0.34; change in circumstances 0.20; wrong include/exclude decision 0.18; limits and thresholds 0.12",0.204819277108434,0.978260869565217,0.132530120481928,0.240963855421687,0.0662,0.1957
257,"buffer","gross_by_hh_size >= 1190 & gross_by_hh_size < 1270 & shelter_expenses_by_hh_size < 781 & total_deductions_by_hh_size >= 774","1","national","xgboost","any_error",33,0.3939,0.2249,49.39,0,0,0,2,2,13,"medical deduction 0.40; earned income 0.33; shelter deduction 0.13","wrong include/exclude decision 0.47; wrong amount, known item 0.33",0.466666666666667,1,0.6,0.733333333333333,0,0
258,"buffer","months_since_cert_n >= 5 & rawben_rel_max >= 0.262 & unc_rawben_rel_max < 0.272","4+","national","xgboost","any_error",33,0.3939,0.2249,129.64,0,0,0,1,1,13,"earned income 0.31; other element 0.31; shelter deduction 0.19","wrong amount, known item 0.35; wrong include/exclude decision 0.23; household composition 0.19",0.538461538461538,0.538461538461538,0.5,0.538461538461538,0,0
259,"buffer","percent_abawd < 0.429 & total_deductions_by_hh_size >= 358 & total_deductions_by_hh_size < 369","4+","national","xgboost","any_error",182,0.2967,0.2247,57.23,0,0,0,2,1,54,"earned income 0.41; unearned income 0.20; shelter deduction 0.16","wrong amount, known item 0.24; wrong include/exclude decision 0.23; method or computation 0.15; unreported source of income 0.14",0.432432432432432,0.62962962962963,0.648648648648649,0.554054054054054,0,0
260,"buffer","children_i >= 1 & percent_abawd > 0.225 & unearned_by_hh_size > 20.6 & utilities_sua > 0.5","4+","national","ranger","any_error",186,0.2957,0.2245,68.58,0.0269,0.0727,0.0215,2,1,55,"earned income 0.32; unearned income 0.20; shelter deduction 0.19; other element 0.19","wrong amount, known item 0.27; wrong include/exclude decision 0.22; unreported source of income 0.11; household composition 0.11; other 0.09",0.46,0.636363636363636,0.65,0.58,0.0054,0
261,"buffer","gross_by_hh_size >= 389 & gross_by_hh_size < 434 & shelter_expenses_by_hh_size < 263 & unc_rawben_rel_max < 0.761","4+","national","xgboost","any_error",389,0.2725,0.2234,53.5,0,0,0,8,4,106,"earned income 0.41; unearned income 0.22; shelter deduction 0.16","wrong amount, known item 0.31; wrong include/exclude decision 0.22; unreported source of income 0.14; change in circumstances 0.09",0.385093167701863,0.641509433962264,0.559006211180124,0.559006211180124,0,0
262,"buffer","count_divisible_by_100 > 0.5 & medical_deductions <= 386 & unearned_by_hh_size > 341 & unearned_by_hh_size <= 434","2-3","national","ranger","any_error",164,0.2988,0.2232,56.27,0,0,0,4,3,49,"unearned income 0.41; earned income 0.25; shelter deduction 0.16","wrong include/exclude decision 0.37; wrong amount, known item 0.20; unreported source of income 0.20",0.383561643835616,0.714285714285714,0.73972602739726,0.573333333333333,0.0671,0.1633
263,"buffer","homeless >= 1 & rawben_rel_max >= 0.592 & unearned_by_hh_size >= 539","1","national","xgboost","any_error",238,0.2857,0.223,38.84,0.0042,0.0147,0.0042,2,1,68,"shelter deduction 0.43; utility allowance 0.23; unearned income 0.17","wrong include/exclude decision 0.61; change in circumstances 0.14; wrong amount, known item 0.10",0.313131313131313,0.941176470588235,0.525252525252525,0.464646464646465,0.0042,0
264,"buffer","months_since_cert_n >= 3 & months_since_cert_n < 7 & unc_rawben_rel_max >= 0.436 & unearned_by_hh_size >= 368","4+","national","xgboost","any_error",334,0.2754,0.2225,50.55,0.003,0.0109,0.003,12,6,92,"unearned income 0.38; shelter deduction 0.21; other element 0.16","wrong include/exclude decision 0.35; wrong amount, known item 0.26; unreported source of income 0.10; change in circumstances 0.08",0.401459854014599,0.608695652173913,0.64963503649635,0.547445255474453,0,0
265,"buffer","earned_by_hh_size >= 156 & shelter_expenses_by_hh_size >= 158 & unc_rawben_rel_max >= 1.09","4+","national","xgboost","any_error",82,0.3293,0.2224,113.49,0,0,0,2,1,27,"earned income 0.59; other element 0.15; dep care or child support deduction 0.07","wrong amount, known item 0.24; unreported source of income 0.22; wrong include/exclude decision 0.15; change in circumstances 0.12; method or computation 0.10",0.435897435897436,0.925925925925926,0.538461538461538,0.463414634146341,0,0
266,"buffer","gross_by_hh_size >= 679 & rawben_rel_max >= 0.525 & rawben_rel_max < 0.576 & shelter_expenses_by_hh_size < 440","2-3","national","xgboost","any_error",138,0.3043,0.2221,43.65,0.0072,0.0238,0.0072,2,1,42,"earned income 0.37; shelter deduction 0.26; unearned income 0.15","wrong amount, known item 0.36; wrong include/exclude decision 0.30; method or computation 0.08; unreported source of income 0.08",0.301369863013699,0.69047619047619,0.643835616438356,0.547945205479452,0,0
267,"buffer","earned_by_hh_size >= 735 & gross_by_hh_size < 1160 & shelter_expenses_by_hh_size >= 54 & total_deductions_by_hh_size >= 1180","1","national","xgboost","any_error",108,0.3148,0.2218,71.26,0.0093,0,0,1,1,34,"earned income 0.69; other element 0.15","unreported source of income 0.31; change in circumstances 0.17; wrong amount, known item 0.17; limits and thresholds 0.12",0.166666666666667,0.970588235294118,0.333333333333333,0.3125,0,0
268,"buffer","earned_by_hh_size >= 709 & months_since_cert_n < 1 & rawben_rel_max >= 0.371 & rawben_rel_max < 0.616","4+","national","xgboost","any_error",75,0.3333,0.2218,54.08,0,0,0,2,1,25,"earned income 0.39; dep care or child support deduction 0.21; shelter deduction 0.18","wrong amount, known item 0.32; wrong include/exclude decision 0.26; other 0.11; method or computation 0.11",0.526315789473684,0.72,0.868421052631579,0.552631578947368,0,0
269,"buffer","rawben_rel_max < 0.703 & shelter_expenses_by_hh_size < 205 & unc_rawben_rel_max >= 0.657 & unc_rawben_rel_max < 0.907","2-3","national","xgboost","any_error",208,0.2885,0.2215,51.81,0.0096,0.0333,0.0096,6,3,60,"earned income 0.36; unearned income 0.30; shelter deduction 0.16","wrong include/exclude decision 0.30; wrong amount, known item 0.26; unreported source of income 0.15; household composition 0.10",0.420454545454545,0.533333333333333,0.625,0.590909090909091,0,0
270,"buffer","gross_by_hh_size >= 401 & gross_by_hh_size < 407 & months_since_cert_n >= 2","4+","national","xgboost","any_error",86,0.3256,0.2214,68.74,0,0,0,1,1,28,"earned income 0.31; unearned income 0.29; shelter deduction 0.13; other element 0.11","wrong amount, known item 0.44; wrong include/exclude decision 0.13; unreported source of income 0.13; method or computation 0.11",0.4,0.678571428571429,0.6,0.622222222222222,0,0
271,"buffer","gross_by_hh_size >= 560 & total_deductions_by_hh_size < 261 & unc_rawben_rel_max >= 0.566","4+","national","xgboost","any_error",86,0.3256,0.2214,67.59,0,0,0,2,1,28,"earned income 0.57; shelter deduction 0.24","wrong amount, known item 0.38; wrong include/exclude decision 0.32; method or computation 0.11",0.540540540540541,0.714285714285714,0.594594594594595,0.648648648648649,0,0
272,"buffer","gross_by_hh_size < 312 & total_deductions_by_hh_size >= 133 & unc_rawben_rel_max >= 1.06 & unc_rawben_rel_max < 1.07","4+","national","xgboost","any_error",112,0.3125,0.2213,77.95,0,0,0,2,2,35,"unearned income 0.41; earned income 0.29; shelter deduction 0.16","unreported source of income 0.29; wrong include/exclude decision 0.22; wrong amount, known item 0.18; household composition 0.08",0.372549019607843,0.942857142857143,0.627450980392157,0.450980392156863,0.0982,0.1143
273,"buffer","elderly_disabled_i <= 0 & expedited_i >= 1 & total_deductions_by_hh_size <= 638 & unearned_by_hh_size > 498","1","national","ranger","any_error",54,0.3519,0.2206,55.5,0.037,0.1053,0.037,2,1,19,"unearned income 0.54; earned income 0.19; shelter deduction 0.12","wrong amount, known item 0.27; wrong include/exclude decision 0.27; unreported source of income 0.23",0.192307692307692,0.473684210526316,0.538461538461538,0.423076923076923,0,0
274,"buffer","gross_by_hh_size >= 776 & months_since_cert_n >= 29 & shelter_expenses_by_hh_size >= 72.7 & unearned_by_hh_size < 928","2-3","national","xgboost","any_error",37,0.3784,0.22,49.95,0,0,0,1,1,14,"unearned income 0.26; shelter deduction 0.22; earned income 0.22; other element 0.17","wrong amount, known item 0.39; wrong include/exclude decision 0.26; limits and thresholds 0.09; change in circumstances 0.09",0.608695652173913,0.642857142857143,0.260869565217391,0.826086956521739,0,0
275,"buffer","shelter_expenses_by_hh_size >= 248 & total_deductions_by_hh_size < 151 & unearned_by_hh_size >= 8.6 & unearned_by_hh_size < 492","4+","national","xgboost","any_error",124,0.3065,0.2199,87.85,0,0,0,4,2,38,"unearned income 0.35; earned income 0.29; other element 0.14","wrong amount, known item 0.38; wrong include/exclude decision 0.29; household composition 0.11",0.569230769230769,0.710526315789474,0.615384615384615,0.615384615384615,0,0
276,"buffer","earned_by_hh_size < 112 & gross_by_hh_size >= 606 & months_since_cert_n >= 4 & unearned_by_hh_size >= 314","4+","national","xgboost","any_error",147,0.2993,0.2199,69.15,0,0,0,1,1,44,"unearned income 0.38; shelter deduction 0.25; other element 0.21","wrong amount, known item 0.28; wrong include/exclude decision 0.28; household composition 0.14; other 0.09",0.376470588235294,0.636363636363636,0.623529411764706,0.494117647058824,0,0
277,"buffer","HH_size_n >= 6 & shelter_expenses_by_hh_size >= 302 & total_deductions_by_hh_size < 365 & utilities_sua >= 2","4+","national","xgboost","any_error",561,0.2602,0.2196,64.95,0.0071,0.0274,0.0071,2,1,146,"earned income 0.41; unearned income 0.23; shelter deduction 0.18","wrong amount, known item 0.29; wrong include/exclude decision 0.22; method or computation 0.12; unreported source of income 0.12",0.342222222222222,0.657534246575342,0.617777777777778,0.590308370044053,0,0
278,"buffer","earned_by_hh_size > 158 & months_since_cert_n > 5.5 & percent_abawd > 0.5","1","national","ranger","any_error",553,0.2604,0.2195,47.73,0.0416,0.1458,0.038,2,1,144,"earned income 0.61; other element 0.13; shelter deduction 0.12","wrong amount, known item 0.26; unreported source of income 0.22; wrong include/exclude decision 0.18; change in circumstances 0.17",0.307339449541284,0.833333333333333,0.348623853211009,0.36697247706422,0.0904,0.1875
279,"buffer","bbce_state_i >= 1 & children_i <= 0 & count_divisible_by_100 > 0.5 & unc_rawben_rel_max <= 1","2-3","national","ranger","any_error",222,0.2838,0.2192,48.23,0.0045,0.0159,0.0045,3,2,63,"unearned income 0.28; earned income 0.26; shelter deduction 0.20; other element 0.09","wrong include/exclude decision 0.36; unreported source of income 0.21; wrong amount, known item 0.18",0.284210526315789,0.825396825396825,0.610526315789474,0.46875,0,0
280,"buffer","count_divisible_by_100 <= 0.5 & earned_by_hh_size > 316 & unc_rawben_rel_max > 1.2","2-3","national","ranger","any_error",98,0.3163,0.2191,97.4,0,0,0,2,1,31,"earned income 0.71; shelter deduction 0.10","wrong amount, known item 0.32; wrong include/exclude decision 0.24; change in circumstances 0.17; unreported source of income 0.15",0.268292682926829,1,0.341463414634146,0.365853658536585,0,0
281,"buffer","elderly_disabled_i >= 1 & HH_size_n >= 3 & months_since_cert_n < 8 & total_deductions_by_hh_size >= 353","2-3","national","xgboost","any_error",353,0.2691,0.218,61.13,0,0,0,9,5,95,"unearned income 0.30; shelter deduction 0.27; earned income 0.23","wrong include/exclude decision 0.36; wrong amount, known item 0.30; other 0.11",0.316901408450704,0.757894736842105,0.71830985915493,0.535211267605634,0,0
282,"buffer","gross_by_hh_size >= 552 & shelter_expenses_by_hh_size >= 752 & shelter_expenses_by_hh_size < 783 & unearned_by_hh_size < 39.5","2-3","national","xgboost","any_error",133,0.3008,0.2175,51.26,0,0,0,1,1,40,"earned income 0.53; shelter deduction 0.18; other element 0.13","wrong amount, known item 0.38; wrong include/exclude decision 0.20; other 0.12; unreported source of income 0.08",0.4,0.775,0.616666666666667,0.55,0,0
283,"buffer","months_since_cert_n > 5.5 & shelter_expenses_by_hh_size > 320 & utilities_sua <= 1.5","2-3","national","ranger","any_error",480,0.2604,0.2167,48.02,0.0125,0.048,0.0125,6,4,125,"earned income 0.26; utility allowance 0.23; shelter deduction 0.23; other element 0.13","wrong include/exclude decision 0.37; wrong amount, known item 0.21; change in circumstances 0.11; other 0.09",0.394736842105263,0.712,0.557894736842105,0.5,0.0167,0.056
284,"buffer","children_i <= 0 & earned_by_hh_size > 84.6 & months_since_cert_n <= 7.5 & utilities_sua <= 0.5","2-3","national","ranger","any_error",122,0.3033,0.2165,56.52,0,0,0,2,1,37,"earned income 0.50; other element 0.28","household composition 0.28; wrong include/exclude decision 0.19; unreported source of income 0.17; change in circumstances 0.13",0.314814814814815,0.648648648648649,0.611111111111111,0.555555555555556,0.0574,0.0811
285,"buffer","gross_by_hh_size > 1060 & rawben_rel_max > 0.132 & shelter_expenses_by_hh_size <= 515","2-3","national","ranger","any_error",213,0.2817,0.2161,39.46,0.0047,0.0167,0.0047,3,2,60,"earned income 0.37; shelter deduction 0.16; other element 0.14; unearned income 0.11","wrong amount, known item 0.33; wrong include/exclude decision 0.33; household composition 0.09; change in circumstances 0.08",0.438775510204082,0.633333333333333,0.551020408163265,0.622448979591837,0,0
286,"buffer","earned_by_hh_size >= 1080 & unc_rawben_rel_max >= 0.461","2-3","national","xgboost","any_error",193,0.285,0.2161,51.9,0.0155,0.0545,0.0155,2,1,55,"earned income 0.44; dep care or child support deduction 0.22; shelter deduction 0.13","wrong amount, known item 0.34; wrong include/exclude decision 0.29; unreported source of income 0.12",0.426966292134831,0.781818181818182,0.617977528089888,0.550561797752809,0,0
287,"buffer","rawben_rel_max < 0.737 & shelter_expenses_by_hh_size >= 210 & total_deductions_by_hh_size >= 217 & unc_rawben_rel_max >= 0.717","4+","national","xgboost","any_error",130,0.3,0.216,71.6,0.0154,0.0513,0.0154,4,2,39,"earned income 0.54; other element 0.12; shelter deduction 0.11","wrong amount, known item 0.27; other 0.14; wrong include/exclude decision 0.14; unreported source of income 0.14; change in circumstances 0.11",0.232142857142857,0.692307692307692,0.625,0.464285714285714,0,0
288,"buffer","earned_by_hh_size > 292 & months_since_cert_n > 5.5 & unearned_by_hh_size > 171 & unearned_by_hh_size <= 280","1","national","ranger","any_error",31,0.3871,0.2154,75.45,0.0323,0.0833,0.0323,1,1,12,"earned income 0.59; unearned income 0.18","wrong amount, known item 0.35; change in circumstances 0.29; unreported source of income 0.18",0.117647058823529,0.833333333333333,0.235294117647059,0.352941176470588,0,0
289,"buffer","medical_deductions > 162 & months_since_cert_n <= 5.5 & unc_rawben_rel_max > 0.331 & unearned_by_hh_size > 1450","1","national","ranger","any_error",230,0.2783,0.2152,34.53,0,0,0,2,1,64,"medical deduction 0.49; shelter deduction 0.25; unearned income 0.16","wrong include/exclude decision 0.62; wrong amount, known item 0.21",0.461538461538462,0.875,0.826923076923077,0.653846153846154,0,0
290,"buffer","earned_by_hh_size >= 724 & gross_by_hh_size < 758 & total_deductions_by_hh_size < 465","2-3","national","xgboost","any_error",154,0.2922,0.2152,44.1,0,0,0,15,8,45,"earned income 0.48; shelter deduction 0.18; other element 0.16","wrong amount, known item 0.27; wrong include/exclude decision 0.21; household composition 0.12; unreported source of income 0.12; other 0.09",0.417910447761194,0.622222222222222,0.597014925373134,0.537313432835821,0,0
291,"buffer","gross_by_hh_size >= 364 & gross_by_hh_size < 437 & unc_rawben_rel_max < 1.23","2-3","national","xgboost","any_error",1441,0.2401,0.2149,51.78,0.0056,0.0087,0.0021,44,23,346,"earned income 0.42; unearned income 0.24; shelter deduction 0.15","wrong include/exclude decision 0.28; wrong amount, known item 0.28; unreported source of income 0.17; change in circumstances 0.11",0.359126984126984,0.765895953757225,0.581349206349206,0.546351084812623,0.0812,0.2023
292,"buffer","earned_by_hh_size >= 328 & shelter_expenses_by_hh_size < 586 & unc_rawben_rel_max >= 1.25","1","national","xgboost","any_error",119,0.3025,0.2149,68.85,0,0,0,1,1,36,"earned income 0.72; other element 0.13","unreported source of income 0.28; wrong include/exclude decision 0.23; change in circumstances 0.15; wrong amount, known item 0.13",0.283018867924528,1,0.490566037735849,0.433962264150943,0,0
293,"buffer","earned_by_hh_size > 164 & elderly_disabled_i <= 0 & unearned_by_hh_size > 226","1","national","ranger","any_error",198,0.2828,0.2149,44.52,0.0404,0.125,0.0354,1,1,56,"earned income 0.42; unearned income 0.35","wrong amount, known item 0.33; unreported source of income 0.23; wrong include/exclude decision 0.17; change in circumstances 0.11",0.293478260869565,0.678571428571429,0.565217391304348,0.462365591397849,0,0
294,"buffer","bbce_state_i >= 1 & earned_by_hh_size > 183 & elderly_disabled_i <= 0 & unearned_by_hh_size > 206","1","national","ranger","any_error",190,0.2842,0.2149,46.37,0.0421,0.1296,0.0368,2,1,54,"earned income 0.41; unearned income 0.36","wrong amount, known item 0.33; unreported source of income 0.22; wrong include/exclude decision 0.19; change in circumstances 0.10",0.288888888888889,0.703703703703704,0.555555555555556,0.466666666666667,0,0
295,"buffer","gross_by_hh_size >= 96.8 & gross_by_hh_size < 122 & HH_size_n >= 6 & total_deductions_by_hh_size < 239","4+","national","xgboost","any_error",81,0.321,0.2148,98.59,0.037,0.0769,0.0247,4,2,26,"earned income 0.50; unearned income 0.21; other element 0.13","wrong amount, known item 0.29; wrong include/exclude decision 0.24; unreported source of income 0.13; other 0.11",0.342105263157895,0.846153846153846,0.552631578947368,0.631578947368421,0,0
296,"buffer","months_since_cert_n < 1 & shelter_expenses_by_hh_size >= 158 & total_deductions_by_hh_size >= 116 & total_deductions_by_hh_size < 150","4+","national","xgboost","any_error",59,0.339,0.2147,59.75,0.0169,0.05,0.0169,2,2,20,"earned income 0.37; shelter deduction 0.19; other element 0.19; unearned income 0.19","wrong amount, known item 0.33; wrong include/exclude decision 0.26; household composition 0.15; unreported source of income 0.11",0.518518518518518,0.5,0.851851851851852,0.666666666666667,0,0
297,"buffer","children_i >= 1 & earned_by_hh_size > 739 & months_since_cert_n <= 3.5 & total_deductions_by_hh_size <= 847","1","national","ranger","any_error",52,0.3462,0.2139,47.71,0.0192,0.0556,0.0192,1,1,18,"other element 0.33; shelter deduction 0.25; earned income 0.21","wrong include/exclude decision 0.38; household composition 0.33; method or computation 0.08",0.291666666666667,0.166666666666667,0.666666666666667,0.708333333333333,0,0
298,"buffer","gross_by_hh_size >= 1030 & months_since_cert_n < 1 & rawben_rel_max >= 0.107 & rawben_rel_max < 0.331","2-3","national","xgboost","any_error",108,0.3056,0.2138,44.76,0.0093,0.0303,0.0093,1,1,33,"earned income 0.36; shelter deduction 0.30; dep care or child support deduction 0.10","wrong include/exclude decision 0.38; wrong amount, known item 0.36; unreported source of income 0.06",0.44,0.636363636363636,0.84,0.64,0,0
299,"buffer","earned_by_hh_size >= 87.4 & HH_size_n >= 5 & shelter_expenses_by_hh_size >= 352 & total_deductions_by_hh_size < 255","4+","national","xgboost","any_error",171,0.2865,0.2136,80.31,0.0175,0.0612,0.0175,1,1,49,"earned income 0.42; unearned income 0.18; shelter deduction 0.15","wrong amount, known item 0.37; wrong include/exclude decision 0.23; household composition 0.12; method or computation 0.10",0.534246575342466,0.63265306122449,0.671232876712329,0.767123287671233,0.0526,0.102
300,"buffer","earned_by_hh_size < 291 & total_deductions_by_hh_size >= 206 & total_deductions_by_hh_size < 209","4+","national","xgboost","any_error",63,0.3333,0.2133,74.32,0.0159,0,0,3,2,21,"earned income 0.29; other element 0.21; shelter deduction 0.21; unearned income 0.18","wrong amount, known item 0.26; wrong include/exclude decision 0.16; other 0.16; household composition 0.13; unreported source of income 0.11",0.447368421052632,0.619047619047619,0.394736842105263,0.710526315789474,0,0
301,"buffer","married >= 1 & rawben_rel_max > 0.975 & unc_rawben_rel_max <= 1","2-3","national","ranger","any_error",124,0.2984,0.2129,65.45,0.0323,0.0541,0.0161,3,2,37,"shelter deduction 0.47; earned income 0.16; medical deduction 0.12; other element 0.08","wrong include/exclude decision 0.39; wrong amount, known item 0.37",0.470588235294118,0.945945945945946,0.627450980392157,0.666666666666667,0,0
302,"buffer","elderly_disabled_i <= 0 & total_deductions_by_hh_size >= 290 & unc_rawben_rel_max < 0.401","4+","national","xgboost","any_error",489,0.2556,0.2126,47.42,0,0,0,2,1,125,"earned income 0.39; shelter deduction 0.21; other element 0.14; unearned income 0.12","wrong amount, known item 0.28; wrong include/exclude decision 0.27; method or computation 0.11; unreported source of income 0.10",0.417840375586854,0.6,0.633802816901408,0.544600938967136,0,0
303,"buffer","HH_size_n >= 6 & total_deductions_by_hh_size < 408 & unc_rawben_rel_max >= 0.587 & unc_rawben_rel_max < 0.623","4+","national","xgboost","any_error",144,0.2917,0.2124,67.05,0,0,0,2,1,42,"earned income 0.44; unearned income 0.18; shelter deduction 0.13; dep care or child support deduction 0.11","wrong amount, known item 0.37; wrong include/exclude decision 0.18; unreported source of income 0.11; household composition 0.10",0.451612903225806,0.666666666666667,0.596774193548387,0.548387096774194,0,0
