"rank","role","rule","hh","pool","engines","mined_frames","n_flagged_train","precision_train","precision_train_lcb","dollars_per_flag_train","mm_share_flags","mm_share_errors","mm_inflation","n_flagged_state","n_new_at_rank","n_error_cases_national","element_groups_to_75","nature_groups_to_75","found_in_case_record","share_overissuance","timing_at_certification","cause_agency"
1,"core","rawben_rel_max >= 0.897 & shelter_expenses_by_hh_size >= 866 & unc_rawben_rel_max < 1.01 & utilities_sua < 1","1","national","xgboost","any_error",69,0.7971,0.6649,145.93,0.0145,0,0,1,1,55,"shelter deduction 0.48; utility allowance 0.36","wrong include/exclude decision 0.66; change in circumstances 0.13",0.25,0.981818181818182,0.538461538461538,0.432692307692308
2,"core","rawben_rel_max >= 0.932 & total_deductions_by_hh_size >= 604 & unc_rawben_rel_max < 1.02 & utilities_sua < 1","1","national","xgboost","any_error",147,0.6531,0.5578,110.03,0.0068,0,0,3,2,96,"shelter deduction 0.35; utility allowance 0.28; unearned income 0.23","wrong include/exclude decision 0.62; wrong amount, known item 0.15",0.358490566037736,0.989583333333333,0.534591194968553,0.50314465408805
3,"core","elderly_disabled_i >= 1 & months_since_cert_n <= 7.5 & rawben_rel_max > 0.999 & unc_rawben_rel_max <= 1","2-3","national","ranger","any_error",79,0.6835,0.5534,145.25,0,0,0,1,1,54,"shelter deduction 0.56; medical deduction 0.12; unearned income 0.12","wrong include/exclude decision 0.50; wrong amount, known item 0.30",0.225,0.981481481481482,0.775,0.4625
4,"core","elderly_disabled_i >= 1 & rawben_rel_max >= 1 & shelter_expenses_by_hh_size < 848 & unc_rawben_rel_max < 1.02","1","national","xgboost","any_error",376,0.609,0.5494,101.59,0,0,0,8,7,229,"unearned income 0.63; shelter deduction 0.16","wrong include/exclude decision 0.56; unreported source of income 0.15; wrong amount, known item 0.14",0.5,0.995633187772926,0.468553459119497,0.686520376175549
5,"core","total_deductions_by_hh_size > 363 & unc_rawben_rel_max > 0.998 & unc_rawben_rel_max <= 1.03 & utilities_sua <= 0.5","1","national","ranger","any_error",176,0.5795,0.4919,99.62,0,0,0,2,1,102,"unearned income 0.37; shelter deduction 0.30; utility allowance 0.21","wrong include/exclude decision 0.63; wrong amount, known item 0.14",0.447204968944099,1,0.552795031055901,0.596273291925466
6,"core","earned_by_hh_size >= 679 & earned_by_hh_size < 694 & shelter_expenses_by_hh_size >= 1090","1","national","xgboost","any_error",141,0.5532,0.4556,116.43,0,0,0,1,1,78,"earned income 0.64; other element 0.14","unreported source of income 0.26; change in circumstances 0.22; wrong amount, known item 0.19; wrong include/exclude decision 0.17",0.264,0.974358974358974,0.4,0.304
7,"core","months_since_cert_n >= 16 & rawben_rel_max >= 1 & unc_rawben_rel_max < 1.02 & unearned_by_hh_size < 980","1","national","xgboost","any_error",164,0.5427,0.4523,85.87,0,0,0,2,1,89,"unearned income 0.64; shelter deduction 0.22","wrong include/exclude decision 0.47; unreported source of income 0.17; wrong amount, known item 0.16",0.4921875,1,0.3671875,0.553846153846154
8,"core","count_divisible_by_100 < 1 & earned_by_hh_size >= 142 & unc_rawben_rel_max >= 1.08 & unc_rawben_rel_max < 1.1","4+","national","xgboost","any_error",124,0.5242,0.4211,171.98,0,0,0,2,2,65,"earned income 0.72; shelter deduction 0.10","unreported source of income 0.33; wrong include/exclude decision 0.22; wrong amount, known item 0.19; change in circumstances 0.10",0.444444444444444,0.984615384615385,0.655555555555556,0.5
9,"core","earned_by_hh_size > 639 & gross_by_hh_size <= 702 & total_deductions_by_hh_size > 1070 & unearned_by_hh_size <= 206","1","national","ranger","any_error",263,0.4867,0.416,103.92,0,0,0,2,1,128,"earned income 0.66; other element 0.13","unreported source of income 0.28; change in circumstances 0.21; wrong amount, known item 0.18; wrong include/exclude decision 0.17",0.253807106598985,0.984375,0.365482233502538,0.289340101522843
10,"core","gross_by_hh_size > 365 & gross_by_hh_size <= 382 & total_deductions_by_hh_size > 549 & unc_rawben_rel_max > 1","2-3","national","ranger","any_error",132,0.5076,0.4081,161.98,0,0,0,2,2,67,"earned income 0.84","change in circumstances 0.30; unreported source of income 0.29; wrong amount, known item 0.21",0.186046511627907,1,0.430232558139535,0.406976744186047
11,"core","earned_by_hh_size >= 635 & medical_deductions < 125 & months_since_cert_n >= 4 & unc_rawben_rel_max >= 1.32","1","national","xgboost","any_error",267,0.4757,0.4058,106.1,0,0,0,3,2,127,"earned income 0.65; other element 0.16","unreported source of income 0.29; change in circumstances 0.26; wrong include/exclude decision 0.13; wrong amount, known item 0.12",0.22,0.984251968503937,0.2,0.255
12,"core","months_since_cert_n > 10.5 & rawben_rel_max > 0.747 & total_deductions_by_hh_size > 580 & utilities_sua <= 0.5","1","national","ranger","any_error",131,0.5038,0.4041,91.42,0.0153,0.0303,0.0153,1,1,66,"shelter deduction 0.36; utility allowance 0.31; unearned income 0.13","wrong include/exclude decision 0.59; wrong amount, known item 0.14; change in circumstances 0.13",0.286885245901639,0.954545454545455,0.401639344262295,0.459016393442623
13,"core","children_i <= 0 & earned_by_hh_size > 126 & expedited_i >= 1 & rawben_rel_max <= 0.959","2-3","national","ranger","any_error",57,0.5439,0.3934,125.91,0.0526,0.0968,0.0526,2,2,31,"earned income 0.42; other element 0.33","household composition 0.25; wrong amount, known item 0.19; unreported source of income 0.17; wrong include/exclude decision 0.10; other 0.10",0.352941176470588,0.709677419354839,0.627450980392157,0.442307692307692
14,"core","gross_by_hh_size >= 1030 & rawben_rel_max >= 0.46 & unc_rawben_rel_max >= 0.701 & utilities_sua < 1","1","national","xgboost","any_error",135,0.4889,0.3912,93.99,0.0148,0,0,2,1,66,"shelter deduction 0.37; utility allowance 0.28; medical deduction 0.16","wrong include/exclude decision 0.63; wrong amount, known item 0.15",0.32520325203252,0.954545454545455,0.577235772357724,0.544715447154472
15,"core","earned_by_hh_size >= 248 & earned_by_hh_size < 259 & months_since_cert_n < 10 & unearned_by_hh_size < 3.5","2-3","national","xgboost","any_error",128,0.4688,0.3695,145.51,0,0,0,2,2,60,"earned income 0.74; shelter deduction 0.15","wrong amount, known item 0.31; wrong include/exclude decision 0.25; unreported source of income 0.20",0.320987654320988,0.983333333333333,0.518518518518518,0.506172839506173
16,"core","elderly_disabled_i >= 1 & months_since_cert_n > 6.5 & unc_rawben_rel_max <= 1 & unearned_by_hh_size <= 124","4+","national","ranger","any_error",45,0.5333,0.3663,111.89,0.0222,0.0417,0.0222,1,1,24,"unearned income 0.32; earned income 0.30; shelter deduction 0.19","wrong amount, known item 0.27; wrong include/exclude decision 0.24; unreported source of income 0.14; change in circumstances 0.11",0.444444444444444,0.833333333333333,0.333333333333333,0.540540540540541
17,"core","count_divisible_by_100 > 1.5 & months_since_cert_n > 5.5 & total_deductions_by_hh_size <= 249 & unc_rawben_rel_max <= 0.975","4+","national","ranger","any_error",32,0.5625,0.3646,104.28,0,0,0,2,2,18,"earned income 0.50; unearned income 0.25","wrong amount, known item 0.34; unreported source of income 0.19; wrong include/exclude decision 0.12; change in circumstances 0.09",0.3,0.555555555555556,0.533333333333333,0.5
18,"core","shelter_expenses_by_hh_size <= 487 & total_deductions_by_hh_size > 691 & unc_rawben_rel_max <= 1","2-3","national","ranger","any_error",64,0.5,0.3604,109.95,0.0312,0.0312,0.0156,1,1,32,"dep care or child support deduction 0.29; earned income 0.27; shelter deduction 0.20","wrong include/exclude decision 0.39; wrong amount, known item 0.29; other 0.14",0.321428571428571,0.8125,0.75,0.464285714285714
19,"core","HH_size_n < 5 & rawben_rel_max >= 0.785 & rawben_rel_max < 0.789","4+","national","xgboost","any_error",39,0.5385,0.3597,118.31,0,0,0,2,2,21,"earned income 0.58; shelter deduction 0.10; unearned income 0.10","wrong amount, known item 0.39; wrong include/exclude decision 0.16; change in circumstances 0.16; unreported source of income 0.13",0.333333333333333,0.666666666666667,0.466666666666667,0.419354838709677
20,"core","expedited_i <= 0 & married <= 0 & medical_deductions > 172 & total_deductions_by_hh_size > 600","2-3","national","ranger","any_error",37,0.5405,0.3573,107.62,0.027,0.05,0.027,1,1,20,"unearned income 0.28; shelter deduction 0.28; medical deduction 0.28","wrong include/exclude decision 0.47; wrong amount, known item 0.20; other 0.12",0.35,0.95,0.65,0.625
21,"core","bbce_state_i >= 1 & HH_size_n > 5.5 & total_deductions_by_hh_size > 242 & unearned_by_hh_size > 0.25","4+","national","ranger","any_error",162,0.4383,0.351,122.86,0.0123,0.0282,0.0123,1,1,71,"earned income 0.32; unearned income 0.24; shelter deduction 0.18; dep care or child support deduction 0.12","wrong amount, known item 0.31; wrong include/exclude decision 0.25; unreported source of income 0.14; method or computation 0.08",0.346456692913386,0.732394366197183,0.559055118110236,0.52755905511811
22,"core","months_since_cert_n > 8.5 & percent_abawd <= 0.167 & rawben_rel_max <= 0.365 & total_deductions_by_hh_size > 602","2-3","national","ranger","any_error",95,0.4632,0.3494,81.52,0.0737,0.1591,0.0737,1,1,44,"shelter deduction 0.26; earned income 0.26; unearned income 0.16; other element 0.16","wrong include/exclude decision 0.29; wrong amount, known item 0.28; other 0.10; change in circumstances 0.09",0.36046511627907,0.863636363636364,0.27906976744186,0.441860465116279
23,"core","shelter_expenses_by_hh_size <= 1390 & total_deductions_by_hh_size > 207 & unc_rawben_rel_max > 0.999 & unc_rawben_rel_max <= 1","2-3","national","ranger","any_error",212,0.4245,0.3484,75.92,0,0,0,3,2,90,"shelter deduction 0.54; dep care or child support deduction 0.12; medical deduction 0.10","wrong include/exclude decision 0.53; wrong amount, known item 0.30",0.3,0.977777777777778,0.761538461538461,0.484615384615385
24,"core","earned_by_hh_size >= 280 & earned_by_hh_size < 474 & months_since_cert_n >= 9 & rawben_rel_max >= 0.641","4+","national","xgboost","any_error",264,0.4129,0.3448,95.64,0.0114,0.0275,0.0114,3,2,109,"earned income 0.50; other element 0.16; shelter deduction 0.13","wrong amount, known item 0.30; wrong include/exclude decision 0.17; change in circumstances 0.16; method or computation 0.09; household composition 0.08",0.450617283950617,0.761467889908257,0.425925925925926,0.545454545454545
25,"core","shelter_expenses_by_hh_size > 660 & total_deductions_by_hh_size > 816 & unc_rawben_rel_max <= 1","2-3","national","ranger","any_error",277,0.4079,0.3417,77.82,0.0181,0.0442,0.0181,1,1,113,"shelter deduction 0.26; earned income 0.21; unearned income 0.17; dep care or child support deduction 0.13","wrong include/exclude decision 0.36; wrong amount, known item 0.33; unreported source of income 0.11",0.354166666666667,0.893805309734513,0.588541666666667,0.541666666666667
26,"core","total_deductions_by_hh_size > 1080 & total_deductions_by_hh_size <= 1090 & unc_rawben_rel_max <= 1.36 & unearned_by_hh_size <= 206","1","national","ranger","any_error",115,0.4435,0.3407,92.6,0.0087,0.0196,0.0087,2,1,51,"earned income 0.63; shelter deduction 0.14","unreported source of income 0.27; change in circumstances 0.20; wrong amount, known item 0.19; wrong include/exclude decision 0.16",0.227848101265823,0.96078431372549,0.443037974683544,0.329113924050633
27,"core","elderly_disabled_i >= 1 & rawben_rel_max >= 0.936 & shelter_expenses_by_hh_size < 975 & unc_rawben_rel_max < 1.01","1","national","xgboost","any_error",545,0.3853,0.3382,61.01,0.0055,0.0048,0.0018,11,6,210,"unearned income 0.48; medical deduction 0.20; shelter deduction 0.17","wrong include/exclude decision 0.60; wrong amount, known item 0.14; unreported source of income 0.12",0.469534050179211,0.976190476190476,0.541218637992832,0.675
28,"core","earned_by_hh_size >= 24.9 & months_since_cert_n >= 12 & rawben_rel_max >= 0.569 & total_deductions_by_hh_size < 217","4+","national","xgboost","any_error",76,0.4605,0.3346,124.49,0.0263,0.0571,0.0263,1,1,35,"earned income 0.51; shelter deduction 0.16; other element 0.13","wrong include/exclude decision 0.28; wrong amount, known item 0.26; change in circumstances 0.15; other 0.13",0.491803278688525,0.771428571428571,0.459016393442623,0.60655737704918
29,"core","earned_by_hh_size >= 193 & earned_by_hh_size < 200 & gross_by_hh_size >= 101 & HH_size_n < 5","4+","national","xgboost","any_error",66,0.4697,0.3346,127.35,0,0,0,2,1,31,"earned income 0.74; shelter deduction 0.10","unreported source of income 0.26; wrong include/exclude decision 0.23; wrong amount, known item 0.21; change in circumstances 0.15",0.461538461538462,0.903225806451613,0.615384615384615,0.512820512820513
30,"core","earned_by_hh_size >= 87.4 & earned_by_hh_size < 176 & gross_by_hh_size < 496 & rawben_rel_max < 0.876","4+","national","xgboost","any_error",186,0.414,0.3336,81.09,0.0054,0.013,0.0054,2,2,77,"earned income 0.40; unearned income 0.24; shelter deduction 0.15","wrong amount, known item 0.37; wrong include/exclude decision 0.22; unreported source of income 0.11; household composition 0.10",0.553846153846154,0.623376623376623,0.561538461538462,0.653846153846154
31,"core","medical_deductions >= 158 & months_since_cert_n < 14 & rawben_rel_max >= 0.68 & shelter_expenses_by_hh_size < 675","2-3","national","xgboost","any_error",84,0.4524,0.3328,81.11,0.0119,0.0263,0.0119,1,1,38,"medical deduction 0.36; shelter deduction 0.27; unearned income 0.20","wrong include/exclude decision 0.54; wrong amount, known item 0.17; other 0.09",0.542857142857143,0.947368421052632,0.685714285714286,0.628571428571429
32,"core","children_i <= 0 & gross_by_hh_size >= 2140 & rawben_rel_max < 0.381 & unc_rawben_rel_max < 1.17","2-3","national","xgboost","any_error",59,0.4746,0.332,110.97,0.0339,0.0714,0.0339,1,1,28,"other element 0.39; earned income 0.24; shelter deduction 0.19","household composition 0.27; wrong amount, known item 0.20; wrong include/exclude decision 0.16; other 0.14",0.228571428571429,1,0.542857142857143,0.3
33,"core","earned_by_hh_size >= 391 & months_since_cert_n >= 6 & unc_rawben_rel_max >= 1.3","1","national","xgboost","any_error",374,0.3877,0.3311,86.24,0,0,0,2,1,145,"earned income 0.66; other element 0.14","unreported source of income 0.29; change in circumstances 0.24; wrong include/exclude decision 0.16; wrong amount, known item 0.13",0.227678571428571,0.986206896551724,0.236607142857143,0.275555555555556
34,"core","earned_by_hh_size >= 228 & gross_by_hh_size >= 152 & months_since_cert_n >= 9 & rawben_rel_max >= 0.566","4+","national","xgboost","any_error",575,0.3757,0.33,75.81,0.0052,0.0139,0.0052,8,4,216,"earned income 0.49; shelter deduction 0.16; other element 0.14","wrong amount, known item 0.32; wrong include/exclude decision 0.19; change in circumstances 0.15; method or computation 0.08; household composition 0.08",0.433846153846154,0.740740740740741,0.452307692307692,0.563636363636364
35,"core","elderly_disabled_i <= 0 & gross_by_hh_size > 308 & unc_rawben_rel_max > 0.0787 & unc_rawben_rel_max <= 0.0822","1","national","ranger","any_error",114,0.4298,0.3276,80.79,0,0,0,2,2,49,"unearned income 0.34; earned income 0.33; shelter deduction 0.17","wrong amount, known item 0.39; wrong include/exclude decision 0.27; other 0.14",0.4,0,0.614285714285714,0.714285714285714
36,"core","elderly_disabled_i >= 1 & gross_by_hh_size > 480 & rawben_rel_max > 0.998 & utilities_sua <= 1.5","1","national","ranger","any_error",455,0.378,0.3269,64.04,0,0,0,2,1,172,"shelter deduction 0.30; utility allowance 0.28; unearned income 0.26","wrong include/exclude decision 0.61; wrong amount, known item 0.15",0.40080971659919,0.994186046511628,0.51417004048583,0.550607287449393
37,"core","earned_by_hh_size >= 275 & earned_by_hh_size < 426 & months_since_cert_n >= 11 & total_deductions_by_hh_size < 263","4+","national","xgboost","any_error",70,0.4571,0.3267,101.26,0.0143,0.0312,0.0143,2,1,32,"earned income 0.54; other element 0.16; shelter deduction 0.16","wrong amount, known item 0.38; other 0.16; change in circumstances 0.12; wrong include/exclude decision 0.10",0.5,0.625,0.42,0.72
38,"core","count_divisible_by_100 > 0.5 & months_since_cert_n > 6.5 & rawben_rel_max <= 0.905 & shelter_expenses_by_hh_size > 217","4+","national","ranger","any_error",136,0.4191,0.3257,85.32,0,0,0,3,3,57,"earned income 0.38; unearned income 0.24; shelter deduction 0.19","wrong include/exclude decision 0.28; wrong amount, known item 0.27; unreported source of income 0.19; household composition 0.07",0.367816091954023,0.736842105263158,0.64367816091954,0.460674157303371
39,"core","rawben_rel_max < 0.76 & shelter_expenses_by_hh_size < 517 & total_deductions_by_hh_size >= 401","4+","national","xgboost","any_error",207,0.401,0.3252,75.57,0.0048,0.012,0.0048,2,1,83,"dep care or child support deduction 0.32; earned income 0.29; shelter deduction 0.19","wrong amount, known item 0.39; wrong include/exclude decision 0.34; other 0.08",0.388157894736842,0.783132530120482,0.703947368421053,0.559210526315789
40,"core","expedited_i <= 0 & gross_by_hh_size > 352 & rawben_rel_max > 0.997 & utilities_sua <= 0.5","1","national","ranger","any_error",297,0.3872,0.324,73.88,0,0,0,2,1,115,"shelter deduction 0.29; unearned income 0.27; utility allowance 0.18; earned income 0.15","wrong include/exclude decision 0.56; wrong amount, known item 0.15; unreported source of income 0.11",0.46448087431694,1,0.557377049180328,0.584699453551913
41,"core","expedited_i >= 1 & shelter_expenses_by_hh_size > 16 & unc_rawben_rel_max > 1 & unc_rawben_rel_max <= 1.02","1","national","ranger","any_error",170,0.4059,0.3225,77.18,0,0,0,1,1,69,"unearned income 0.76","wrong include/exclude decision 0.43; unreported source of income 0.31; wrong amount, known item 0.10",0.347826086956522,0.985507246376812,0.402173913043478,0.473118279569892
42,"core","HH_size_n > 5.5 & months_since_cert_n > 5.5 & unc_rawben_rel_max > 0.684 & unc_rawben_rel_max <= 0.961","4+","national","ranger","any_error",336,0.381,0.3217,89.09,0.0149,0.0391,0.0149,3,3,128,"earned income 0.43; unearned income 0.19; shelter deduction 0.18","wrong amount, known item 0.34; wrong include/exclude decision 0.18; unreported source of income 0.12; change in circumstances 0.09; other 0.08",0.443850267379679,0.640625,0.475935828877005,0.603174603174603
43,"core","shelter_expenses_by_hh_size < 485 & total_deductions_by_hh_size >= 606 & unc_rawben_rel_max < 1.03","2-3","national","xgboost","any_error",117,0.4188,0.3186,84.46,0.0171,0.0204,0.0085,2,1,49,"earned income 0.30; dep care or child support deduction 0.24; shelter deduction 0.17; other element 0.11","wrong include/exclude decision 0.37; wrong amount, known item 0.26; other 0.12",0.30952380952381,0.795918367346939,0.666666666666667,0.44047619047619
44,"core","earned_by_hh_size >= 1020 & rawben_rel_max >= 0.31 & unearned_by_hh_size >= 48.7","2-3","national","xgboost","any_error",46,0.4783,0.3185,78,0,0,0,1,1,22,"earned income 0.47; unearned income 0.17; shelter deduction 0.15","wrong amount, known item 0.45; wrong include/exclude decision 0.20; unreported source of income 0.15",0.25,0.909090909090909,0.6,0.475
45,"core","earned_by_hh_size > 87.9 & homeless <= 0 & total_deductions_by_hh_size > 67.4 & total_deductions_by_hh_size <= 82.1","4+","national","ranger","any_error",101,0.4257,0.318,104,0.0495,0.1163,0.0495,2,1,43,"earned income 0.48; unearned income 0.21; other element 0.14","wrong amount, known item 0.35; unreported source of income 0.15; wrong include/exclude decision 0.14; other 0.12",0.538461538461538,0.465116279069767,0.584615384615385,0.569230769230769
46,"core","elderly_disabled_i <= 0 & HH_size_n >= 6 & months_since_cert_n >= 7 & unearned_by_hh_size >= 97.6","4+","national","xgboost","any_error",123,0.4146,0.317,100.2,0.0244,0.0392,0.0163,5,4,51,"unearned income 0.37; earned income 0.30; other element 0.18","wrong amount, known item 0.34; wrong include/exclude decision 0.17; other 0.11; household composition 0.11; method or computation 0.08",0.506024096385542,0.705882352941177,0.530120481927711,0.63855421686747
47,"core","months_since_cert_n < 21 & rawben_rel_max >= 0.163 & unc_rawben_rel_max < 1.23 & unearned_by_hh_size >= 1100","2-3","national","xgboost","any_error",249,0.3855,0.317,58.86,0,0,0,1,1,96,"shelter deduction 0.34; unearned income 0.25; medical deduction 0.25","wrong include/exclude decision 0.49; wrong amount, known item 0.22; unreported source of income 0.11",0.389705882352941,0.885416666666667,0.669117647058823,0.580882352941177
48,"core","earned_by_hh_size > 42.6 & earned_by_hh_size <= 367 & HH_size_n > 5.5 & unc_rawben_rel_max <= 0.977","4+","national","ranger","any_error",734,0.3556,0.3157,90.19,0.015,0.0421,0.015,5,5,261,"earned income 0.44; unearned income 0.17; shelter deduction 0.17","wrong amount, known item 0.34; wrong include/exclude decision 0.21; household composition 0.12; unreported source of income 0.12",0.444987775061125,0.60536398467433,0.662591687041565,0.613138686131387
49,"core","medical_deductions >= 205 & rawben_rel_max >= 0.325","2-3","national","xgboost","any_error",202,0.3911,0.3151,63.37,0,0,0,1,1,79,"medical deduction 0.45; unearned income 0.26; shelter deduction 0.21","wrong include/exclude decision 0.60; wrong amount, known item 0.24",0.537190082644628,0.936708860759494,0.537190082644628,0.735537190082645
50,"core","earned_by_hh_size > 13.2 & months_since_cert_n > 5.5 & shelter_expenses_by_hh_size > 302 & shelter_expenses_by_hh_size <= 317","2-3","national","ranger","any_error",49,0.4694,0.315,77.33,0,0,0,2,2,23,"earned income 0.48; shelter deduction 0.24; dep care or child support deduction 0.07","wrong include/exclude decision 0.31; wrong amount, known item 0.24; change in circumstances 0.21",0.261904761904762,0.608695652173913,0.285714285714286,0.523809523809524
51,"core","earned_by_hh_size > 79.2 & HH_size_n > 4.5 & months_since_cert_n > 7.5 & rawben_rel_max > 0.585","4+","national","ranger","any_error",514,0.3599,0.3124,93.13,0.0136,0.0378,0.0136,2,1,185,"earned income 0.52; shelter deduction 0.16; other element 0.13","wrong amount, known item 0.32; wrong include/exclude decision 0.20; change in circumstances 0.13; unreported source of income 0.11",0.468531468531469,0.724324324324324,0.482517482517482,0.583333333333333
52,"core","earned_by_hh_size < 1080 & gross_by_hh_size >= 660 & rawben_rel_max < 0.649 & total_deductions_by_hh_size >= 691","2-3","national","xgboost","any_error",173,0.3931,0.3112,57.02,0.0058,0.0147,0.0058,1,1,68,"shelter deduction 0.34; unearned income 0.26; medical deduction 0.20","wrong include/exclude decision 0.46; wrong amount, known item 0.25; unreported source of income 0.12",0.380952380952381,0.882352941176471,0.638095238095238,0.533333333333333
53,"core","gross_by_hh_size <= 538 & months_since_cert_n > 5.5 & percent_abawd > 0.183 & rawben_rel_max <= 0.976","4+","national","ranger","any_error",117,0.4103,0.3107,126.25,0.0513,0.1042,0.0427,1,1,48,"earned income 0.45; shelter deduction 0.20; unearned income 0.15","wrong include/exclude decision 0.27; wrong amount, known item 0.23; unreported source of income 0.17; change in circumstances 0.12",0.5,0.729166666666667,0.511904761904762,0.547619047619048
54,"core","shelter_expenses_by_hh_size >= 103 & unc_rawben_rel_max >= 1.08 & unc_rawben_rel_max < 1.1","4+","national","xgboost","any_error",254,0.378,0.3104,126.48,0,0,0,4,2,96,"earned income 0.70; unearned income 0.11","unreported source of income 0.29; wrong include/exclude decision 0.22; wrong amount, known item 0.22; change in circumstances 0.10",0.441860465116279,0.979166666666667,0.651162790697674,0.534883720930233
55,"core","gross_by_hh_size >= 236 & gross_by_hh_size < 261 & shelter_expenses_by_hh_size >= 383 & unearned_by_hh_size < 245","2-3","national","xgboost","any_error",180,0.3889,0.3088,107.91,0,0,0,2,1,70,"earned income 0.54; unearned income 0.21; shelter deduction 0.18","wrong amount, known item 0.28; wrong include/exclude decision 0.25; unreported source of income 0.24",0.235294117647059,1,0.568627450980392,0.42156862745098
56,"core","bbce_state_i >= 1 & gross_by_hh_size > 198 & medical_deductions > 172 & rawben_rel_max > 0.15","2-3","national","ranger","any_error",379,0.3615,0.3064,52.6,0.0053,0.0146,0.0053,2,1,137,"medical deduction 0.36; unearned income 0.25; shelter deduction 0.25","wrong include/exclude decision 0.55; wrong amount, known item 0.21",0.519047619047619,0.905109489051095,0.614285714285714,0.676190476190476
57,"core","gross_by_hh_size > 107 & HH_size_n > 5.5 & months_since_cert_n > 11.5","4+","national","ranger","any_error",77,0.4286,0.3064,90.47,0.026,0.0303,0.013,2,2,33,"earned income 0.34; unearned income 0.25; shelter deduction 0.16","wrong amount, known item 0.29; wrong include/exclude decision 0.23; other 0.16; unreported source of income 0.12",0.553571428571429,0.696969696969697,0.535714285714286,0.678571428571429
58,"core","HH_size_n > 4.5 & medical_deductions <= 254 & months_since_cert_n > 22.5","4+","national","ranger","any_error",40,0.475,0.3056,82.22,0,0,0,1,1,19,"earned income 0.39; other element 0.19; shelter deduction 0.19","wrong amount, known item 0.25; wrong include/exclude decision 0.19; unreported source of income 0.17; household composition 0.14",0.5,0.578947368421053,0.361111111111111,0.555555555555556
59,"core","earned_by_hh_size >= 250 & earned_by_hh_size < 264 & percent_abawd < 0.333","2-3","national","xgboost","any_error",191,0.3822,0.3047,103.91,0,0,0,2,1,73,"earned income 0.67; shelter deduction 0.19","wrong amount, known item 0.35; wrong include/exclude decision 0.26; change in circumstances 0.17",0.361111111111111,0.904109589041096,0.509259259259259,0.518518518518518
60,"core","earned_by_hh_size > 42.2 & earned_by_hh_size <= 360 & rawben_rel_max <= 0.903 & unearned_by_hh_size <= 213","4+","national","ranger","any_error",1130,0.3363,0.3044,73.58,0.0088,0.0263,0.0088,16,9,380,"earned income 0.46; unearned income 0.18; shelter deduction 0.16","wrong amount, known item 0.35; wrong include/exclude decision 0.22; change in circumstances 0.11; unreported source of income 0.10",0.410774410774411,0.639473684210526,0.632996632996633,0.611390284757119
61,"core","gross_by_hh_size > 705 & unc_rawben_rel_max > 0.647 & unearned_by_hh_size > 192 & utilities_sua <= 0.5","1","national","ranger","any_error",496,0.3508,0.3028,52.62,0.006,0.0057,0.002,6,4,174,"shelter deduction 0.38; utility allowance 0.27; unearned income 0.17","wrong include/exclude decision 0.60; wrong amount, known item 0.15; change in circumstances 0.10",0.321917808219178,0.942528735632184,0.599315068493151,0.513698630136986
62,"core","earned_by_hh_size >= 70.8 & unc_rawben_rel_max >= 1.08 & unc_rawben_rel_max < 1.13","4+","national","xgboost","any_error",279,0.3656,0.3017,119.21,0,0,0,5,3,102,"earned income 0.76","unreported source of income 0.28; wrong amount, known item 0.22; wrong include/exclude decision 0.19; change in circumstances 0.11",0.425373134328358,0.96078431372549,0.641791044776119,0.507462686567164
63,"core","earned_by_hh_size > 0.171 & elderly_disabled_i >= 1 & married <= 0 & unc_rawben_rel_max > 0.458","4+","national","ranger","any_error",370,0.3568,0.3013,75.88,0.0027,0.0076,0.0027,4,2,132,"earned income 0.37; unearned income 0.26; shelter deduction 0.18","wrong amount, known item 0.35; wrong include/exclude decision 0.23; unreported source of income 0.12; change in circumstances 0.10",0.359649122807018,0.674242424242424,0.552631578947368,0.51304347826087
64,"core","rawben_rel_max >= 1 & total_deductions_by_hh_size >= 957 & unc_rawben_rel_max < 1.01 & unearned_by_hh_size >= 277","1","national","xgboost","any_error",737,0.3406,0.3013,51.34,0,0,0,2,1,251,"shelter deduction 0.59; medical deduction 0.22","wrong include/exclude decision 0.60; wrong amount, known item 0.22",0.329341317365269,1,0.634730538922156,0.565868263473054
65,"core","earned_by_hh_size >= 469 & gross_by_hh_size < 1280 & shelter_expenses_by_hh_size < 894 & unc_rawben_rel_max >= 1.36","1","national","xgboost","any_error",132,0.3939,0.3011,87.38,0,0,0,1,1,52,"earned income 0.63; shelter deduction 0.16","unreported source of income 0.29; wrong amount, known item 0.20; change in circumstances 0.18; wrong include/exclude decision 0.16",0.259259259259259,1,0.493827160493827,0.292682926829268
66,"core","earned_by_hh_size > 128 & earned_by_hh_size <= 387 & unc_rawben_rel_max > 1.1 & unc_rawben_rel_max <= 1.2","2-3","national","ranger","any_error",663,0.3424,0.3009,103.83,0,0,0,10,5,227,"earned income 0.73; shelter deduction 0.12","wrong amount, known item 0.27; unreported source of income 0.21; change in circumstances 0.20; wrong include/exclude decision 0.16",0.323624595469256,0.964757709251101,0.527508090614887,0.485436893203884
67,"core","gross_by_hh_size <= 467 & months_since_cert_n > 8.5 & shelter_expenses_by_hh_size > 211 & unc_rawben_rel_max <= 0.976","4+","national","ranger","any_error",332,0.3584,0.2999,82.9,0.0211,0.0504,0.0181,6,3,119,"earned income 0.36; unearned income 0.28; shelter deduction 0.18","wrong amount, known item 0.33; wrong include/exclude decision 0.17; unreported source of income 0.11; change in circumstances 0.10; other 0.09",0.470899470899471,0.73109243697479,0.428571428571429,0.588541666666667
68,"core","children_i <= 0 & gross_by_hh_size > 2000 & rawben_rel_max <= 0.155","2-3","national","ranger","any_error",73,0.4247,0.2999,103.82,0.0274,0.0645,0.0274,2,1,31,"other element 0.40; earned income 0.28; shelter deduction 0.17","household composition 0.29; other 0.19; wrong amount, known item 0.18; wrong include/exclude decision 0.15",0.236111111111111,1,0.472222222222222,0.319444444444444
69,"core","gross_by_hh_size >= 588 & HH_size_n >= 5 & shelter_expenses_by_hh_size < 410 & total_deductions_by_hh_size >= 317","4+","national","xgboost","any_error",147,0.3878,0.2999,82.28,0,0,0,1,1,57,"dep care or child support deduction 0.30; earned income 0.28; shelter deduction 0.21","wrong include/exclude decision 0.38; wrong amount, known item 0.34; other 0.09",0.527472527472527,0.771929824561403,0.802197802197802,0.630434782608696
70,"core","gross_by_hh_size > 145 & HH_size_n > 5.5 & percent_abawd > 0.216 & rawben_rel_max <= 0.976","4+","national","ranger","any_error",54,0.4444,0.2995,132.98,0.037,0.0833,0.037,3,2,24,"earned income 0.45; other element 0.31","household composition 0.21; change in circumstances 0.19; wrong amount, known item 0.14; wrong include/exclude decision 0.14; other 0.10",0.380952380952381,0.666666666666667,0.666666666666667,0.619047619047619
71,"core","earned_by_hh_size > 10.8 & gross_by_hh_size <= 511 & months_since_cert_n > 3.5 & unearned_by_hh_size > 59.3","4+","national","ranger","any_error",577,0.3432,0.2988,82.83,0.0087,0.0253,0.0087,6,3,198,"earned income 0.40; unearned income 0.26; shelter deduction 0.16","wrong amount, known item 0.29; wrong include/exclude decision 0.20; unreported source of income 0.14; change in circumstances 0.13",0.43854748603352,0.686868686868687,0.497206703910615,0.558333333333333
72,"core","earned_by_hh_size >= 317 & married <= 0 & unc_rawben_rel_max >= 1.14","2-3","national","xgboost","any_error",303,0.3597,0.2986,112.98,0,0,0,2,1,109,"earned income 0.75","wrong amount, known item 0.26; unreported source of income 0.23; change in circumstances 0.22; wrong include/exclude decision 0.17",0.22972972972973,0.990825688073395,0.47972972972973,0.432432432432432
73,"core","elderly_disabled_i >= 1 & gross_by_hh_size > 198 & rawben_rel_max > 0.155 & unearned_by_hh_size > 1110","2-3","national","ranger","any_error",265,0.3623,0.297,53.98,0.0038,0.0104,0.0038,2,1,96,"shelter deduction 0.37; medical deduction 0.25; unearned income 0.22","wrong include/exclude decision 0.47; wrong amount, known item 0.24; unreported source of income 0.11",0.381679389312977,0.885416666666667,0.694656488549618,0.564885496183206
74,"core","total_deductions_by_hh_size >= 896 & unearned_by_hh_size >= 130","2-3","national","xgboost","any_error",205,0.3707,0.2965,84.02,0.0049,0.0132,0.0049,1,1,76,"shelter deduction 0.29; medical deduction 0.24; unearned income 0.18; earned income 0.17","wrong include/exclude decision 0.41; wrong amount, known item 0.32; unreported source of income 0.09",0.383928571428571,0.934210526315789,0.669642857142857,0.553571428571429
75,"core","earned_by_hh_size >= 21.7 & earned_by_hh_size < 264 & gross_by_hh_size >= 250 & unc_rawben_rel_max >= 1.06","2-3","national","xgboost","any_error",296,0.3581,0.2964,97.52,0,0,0,4,2,106,"earned income 0.70; shelter deduction 0.13","wrong amount, known item 0.36; wrong include/exclude decision 0.20; unreported source of income 0.17; change in circumstances 0.15",0.356643356643357,0.981132075471698,0.531468531468531,0.548611111111111
76,"core","medical_deductions > 160 & unc_rawben_rel_max > 0.32 & unc_rawben_rel_max <= 1.03 & utilities_sua <= 1.5","1","national","ranger","any_error",257,0.3619,0.2957,44.77,0.0039,0.0108,0.0039,2,2,93,"medical deduction 0.45; shelter deduction 0.20; unearned income 0.16","wrong include/exclude decision 0.66; wrong amount, known item 0.20",0.486842105263158,0.956989247311828,0.651315789473684,0.671052631578947
77,"core","HH_size_n > 5.5 & rawben_rel_max <= 0.975 & unearned_by_hh_size > 21.6 & unearned_by_hh_size <= 45.8","4+","national","ranger","any_error",83,0.4096,0.2934,90.84,0,0,0,1,1,34,"earned income 0.49; unearned income 0.24; shelter deduction 0.14","wrong amount, known item 0.42; wrong include/exclude decision 0.20; unreported source of income 0.15",0.322033898305085,0.705882352941177,0.508474576271186,0.440677966101695
78,"core","HH_size_n > 4.5 & months_since_cert_n > 5.5 & months_since_cert_n <= 31.5 & total_deductions_by_hh_size > 310","4+","national","ranger","any_error",186,0.371,0.2933,86.87,0,0,0,1,1,69,"earned income 0.39; shelter deduction 0.21; unearned income 0.15","wrong amount, known item 0.32; wrong include/exclude decision 0.25; unreported source of income 0.13; change in circumstances 0.09",0.372881355932203,0.710144927536232,0.550847457627119,0.491525423728814
79,"core","earned_by_hh_size > 581 & gross_by_hh_size <= 628 & months_since_cert_n > 6.5","4+","national","ranger","any_error",109,0.3945,0.2931,82.89,0.0092,0.0233,0.0092,4,3,43,"earned income 0.53; shelter deduction 0.19; other element 0.17","wrong amount, known item 0.29; other 0.14; wrong include/exclude decision 0.14; household composition 0.12; change in circumstances 0.12",0.254237288135593,0.627906976744186,0.440677966101695,0.593220338983051
80,"core","earned_by_hh_size > 426 & months_since_cert_n > 5.5 & rawben_rel_max > 0.285 & utilities_sua <= 0.5","1","national","ranger","any_error",151,0.3775,0.2915,70.42,0.0728,0.1754,0.0662,5,4,57,"earned income 0.59; shelter deduction 0.18","wrong include/exclude decision 0.28; unreported source of income 0.24; change in circumstances 0.19; wrong amount, known item 0.17",0.252631578947368,0.789473684210526,0.294736842105263,0.273684210526316
81,"core","months_since_cert_n >= 12 & rawben_rel_max >= 0.166 & rawben_rel_max < 0.963 & unearned_by_hh_size < 203","4+","national","xgboost","any_error",206,0.3641,0.2905,74.18,0.0097,0.0267,0.0097,7,4,75,"earned income 0.41; shelter deduction 0.17; other element 0.15; unearned income 0.14","wrong amount, known item 0.28; wrong include/exclude decision 0.25; other 0.12; unreported source of income 0.09",0.492753623188406,0.693333333333333,0.456521739130435,0.659420289855073
82,"core","elderly_disabled_i <= 0 & gross_by_hh_size >= 326 & HH_size_n >= 7 & married <= 0","4+","national","xgboost","any_error",191,0.3665,0.2901,98.81,0.0105,0.0286,0.0105,2,1,70,"earned income 0.40; shelter deduction 0.18; other element 0.16","wrong amount, known item 0.29; wrong include/exclude decision 0.26; household composition 0.14; unreported source of income 0.10",0.310679611650485,0.657142857142857,0.689320388349515,0.519230769230769
83,"core","earned_by_hh_size >= 709 & earned_by_hh_size < 761 & rawben_rel_max >= 0.467 & unc_rawben_rel_max >= 0.454","4+","national","xgboost","any_error",171,0.3684,0.2879,70.16,0,0,0,2,1,63,"earned income 0.35; shelter deduction 0.19; dep care or child support deduction 0.18; unearned income 0.14","wrong amount, known item 0.41; wrong include/exclude decision 0.26; other 0.08; unreported source of income 0.08",0.343434343434343,0.777777777777778,0.626262626262626,0.51
84,"core","earned_by_hh_size >= 232 & HH_size_n >= 5 & rawben_rel_max >= 0.734 & shelter_expenses_by_hh_size >= 129","4+","national","xgboost","any_error",798,0.3246,0.2873,80.61,0.0138,0.0425,0.0138,4,3,259,"earned income 0.48; shelter deduction 0.19; unearned income 0.12","wrong amount, known item 0.36; wrong include/exclude decision 0.21; unreported source of income 0.10; method or computation 0.10",0.40650406504065,0.760617760617761,0.658536585365854,0.591397849462366
85,"core","earned_by_hh_size >= 471 & months_since_cert_n >= 8 & percent_abawd >= 0.333 & rawben_rel_max >= 0.5","2-3","national","xgboost","any_error",82,0.4024,0.2863,95.18,0.0488,0.1212,0.0488,3,2,33,"earned income 0.49; other element 0.23; shelter deduction 0.11","wrong amount, known item 0.28; wrong include/exclude decision 0.21; unreported source of income 0.11; household composition 0.10; other 0.10",0.327868852459016,0.848484848484849,0.459016393442623,0.459016393442623
86,"core","count_divisible_by_100 > 0.5 & months_since_cert_n > 5.5 & unc_rawben_rel_max <= 0.852 & unearned_by_hh_size <= 20.6","4+","national","ranger","any_error",82,0.4024,0.2863,83.21,0,0,0,1,1,33,"earned income 0.43; unearned income 0.20; shelter deduction 0.16","unreported source of income 0.27; wrong amount, known item 0.27; wrong include/exclude decision 0.20; method or computation 0.08",0.306122448979592,0.848484848484849,0.612244897959184,0.428571428571429
87,"core","bbce_state_i >= 1 & earned_by_hh_size > 205 & expedited_i >= 1 & rawben_rel_max <= 0.906","2-3","national","ranger","any_error",317,0.3438,0.2849,74.09,0.0284,0.0826,0.0284,5,3,109,"earned income 0.44; other element 0.21; shelter deduction 0.15","wrong amount, known item 0.27; wrong include/exclude decision 0.21; household composition 0.14; unreported source of income 0.14",0.353260869565217,0.596330275229358,0.543478260869565,0.572972972972973
88,"core","gross_by_hh_size >= 205 & months_since_cert_n >= 6 & rawben_rel_max >= 0.725 & rawben_rel_max < 0.966","4+","national","xgboost","any_error",1116,0.3163,0.2849,74.09,0.0099,0.0283,0.009,16,8,353,"earned income 0.41; unearned income 0.19; shelter deduction 0.17","wrong amount, known item 0.31; wrong include/exclude decision 0.21; change in circumstances 0.12; unreported source of income 0.11; other 0.09",0.446927374301676,0.662889518413598,0.484171322160149,0.575925925925926
89,"core","medical_deductions < 3 & rawben_rel_max < 0.08 & shelter_expenses_by_hh_size < 977 & unc_rawben_rel_max >= 0.076","1","national","xgboost","any_error",106,0.3868,0.2848,64.46,0.0094,0.0244,0.0094,2,1,41,"shelter deduction 0.36; unearned income 0.27; earned income 0.18","wrong include/exclude decision 0.50; wrong amount, known item 0.21; change in circumstances 0.11",0.571428571428571,0.024390243902439,0.732142857142857,0.785714285714286
90,"core","gross_by_hh_size <= 387 & percent_abawd > 0.05 & rawben_rel_max <= 0.982 & shelter_expenses_by_hh_size > 25.2","4+","national","ranger","any_error",170,0.3647,0.2842,106.69,0.0588,0.129,0.0471,2,1,62,"earned income 0.44; other element 0.18; shelter deduction 0.18","wrong amount, known item 0.23; wrong include/exclude decision 0.22; unreported source of income 0.14; household composition 0.14; change in circumstances 0.12",0.427083333333333,0.709677419354839,0.625,0.572916666666667
91,"core","medical_deductions >= 135 & months_since_cert_n >= 21 & rawben_rel_max >= 0.298","2-3","national","xgboost","any_error",54,0.4259,0.2833,67.04,0.0185,0.0435,0.0185,1,1,23,"medical deduction 0.31; unearned income 0.31; shelter deduction 0.28","wrong include/exclude decision 0.56; wrong amount, known item 0.28",0.53125,0.956521739130435,0.375,0.6875
92,"core","months_since_cert_n > 5.5 & shelter_expenses_by_hh_size > 132 & unc_rawben_rel_max <= 1 & utilities_sua <= 1.5","4+","national","ranger","any_error",233,0.3519,0.2833,65.8,0.0043,0.0122,0.0043,5,4,82,"earned income 0.27; shelter deduction 0.21; utility allowance 0.19; unearned income 0.17","wrong include/exclude decision 0.35; wrong amount, known item 0.32; change in circumstances 0.11",0.510204081632653,0.609756097560976,0.45578231292517,0.63265306122449
93,"core","rawben_rel_max >= 0.163 & unearned_by_hh_size >= 892 & utilities_sua < 2","2-3","national","xgboost","any_error",83,0.3976,0.2826,60.59,0,0,0,2,1,33,"shelter deduction 0.31; unearned income 0.21; utility allowance 0.21; medical deduction 0.12","wrong include/exclude decision 0.60; wrong amount, known item 0.14; unreported source of income 0.10",0.30952380952381,0.727272727272727,0.785714285714286,0.619047619047619
94,"core","gross_by_hh_size >= 669 & rawben_rel_max >= 0.467 & shelter_expenses_by_hh_size >= 945 & utilities_sua < 2","1","national","xgboost","any_error",902,0.3171,0.2822,47.64,0.0277,0.0524,0.0166,4,2,286,"shelter deduction 0.37; utility allowance 0.37; earned income 0.10","wrong include/exclude decision 0.58; wrong amount, known item 0.18",0.286995515695067,0.958041958041958,0.639013452914798,0.467561521252796
95,"core","gross_by_hh_size >= 401 & shelter_expenses_by_hh_size >= 136 & shelter_expenses_by_hh_size < 243 & total_deductions_by_hh_size >= 268","4+","national","xgboost","any_error",107,0.3832,0.282,78.58,0,0,0,1,1,41,"dep care or child support deduction 0.36; earned income 0.29; unearned income 0.17","wrong amount, known item 0.39; wrong include/exclude decision 0.36",0.439393939393939,0.75609756097561,0.712121212121212,0.696969696969697
96,"core","gross_by_hh_size >= 230 & HH_size_n >= 5 & unearned_by_hh_size >= 153 & unearned_by_hh_size < 250","4+","national","xgboost","any_error",525,0.3276,0.2819,69.86,0.0076,0.0233,0.0076,6,3,172,"earned income 0.32; unearned income 0.26; shelter deduction 0.19","wrong amount, known item 0.37; wrong include/exclude decision 0.24; unreported source of income 0.10; method or computation 0.07",0.505226480836237,0.61046511627907,0.620209059233449,0.641379310344828
97,"core","earned_by_hh_size > 488 & earned_by_hh_size <= 702 & medical_deductions <= 413 & months_since_cert_n > 5.5","1","national","ranger","any_error",411,0.3333,0.2817,70.91,0.0122,0.0292,0.0097,6,3,137,"earned income 0.62; shelter deduction 0.14","unreported source of income 0.25; change in circumstances 0.25; wrong include/exclude decision 0.17; wrong amount, known item 0.14",0.251162790697674,0.956204379562044,0.255813953488372,0.305555555555556
98,"core","bbce_state_i >= 1 & earned_by_hh_size > 404 & expedited_i >= 1 & months_since_cert_n > 6.5","1","national","ranger","any_error",219,0.3516,0.281,72.73,0.0776,0.2208,0.0776,2,1,77,"earned income 0.58; other element 0.21","unreported source of income 0.25; change in circumstances 0.23; wrong include/exclude decision 0.15; limits and thresholds 0.15",0.263565891472868,0.857142857142857,0.131782945736434,0.230769230769231
99,"core","earned_by_hh_size > 116 & gross_by_hh_size > 931 & rawben_rel_max > 0.361 & unearned_by_hh_size > 51.5","2-3","national","ranger","any_error",277,0.343,0.2802,59.94,0.0036,0.0105,0.0036,3,2,95,"earned income 0.44; unearned income 0.23; shelter deduction 0.16","wrong amount, known item 0.37; wrong include/exclude decision 0.22; unreported source of income 0.14; other 0.08",0.335570469798658,0.768421052631579,0.590604026845638,0.529411764705882
100,"core","earned_by_hh_size > 120 & earned_by_hh_size <= 258 & gross_by_hh_size > 244 & unc_rawben_rel_max <= 1.21","2-3","national","ranger","any_error",645,0.3209,0.2798,69.17,0.0078,0.0145,0.0047,11,7,207,"earned income 0.56; unearned income 0.18; shelter deduction 0.14","wrong amount, known item 0.36; wrong include/exclude decision 0.20; unreported source of income 0.14; change in circumstances 0.12",0.397476340694006,0.72463768115942,0.574132492113565,0.569182389937107
101,"core","earned_by_hh_size > 4.75 & rawben_rel_max > 0.402 & unc_rawben_rel_max <= 1 & unearned_by_hh_size > 236","2-3","national","ranger","any_error",841,0.3151,0.2791,55.97,0.0083,0.0189,0.0059,9,5,265,"earned income 0.43; unearned income 0.22; shelter deduction 0.19","wrong amount, known item 0.32; wrong include/exclude decision 0.23; unreported source of income 0.15; change in circumstances 0.11",0.395238095238095,0.656603773584906,0.583333333333333,0.553444180522565
102,"core","earned_by_hh_size > 13 & earned_by_hh_size <= 82.2 & medical_deductions <= 24.5 & unc_rawben_rel_max <= 1","2-3","national","ranger","any_error",164,0.3598,0.2784,61.98,0.0244,0.0339,0.0122,2,1,59,"earned income 0.49; unearned income 0.24; shelter deduction 0.16","unreported source of income 0.30; wrong amount, known item 0.27; wrong include/exclude decision 0.16; change in circumstances 0.10",0.386363636363636,0.745762711864407,0.636363636363636,0.465909090909091
103,"core","earned_by_hh_size <= 124 & total_deductions_by_hh_size > 589 & unc_rawben_rel_max <= 1","2-3","national","ranger","any_error",549,0.3224,0.2779,56.19,0.0055,0.0169,0.0055,2,2,177,"shelter deduction 0.40; unearned income 0.24; medical deduction 0.21","wrong include/exclude decision 0.48; wrong amount, known item 0.22; unreported source of income 0.12",0.346007604562738,0.903954802259887,0.642585551330799,0.52851711026616
104,"core","medical_deductions >= 7 & months_since_cert_n >= 23 & rawben_rel_max >= 0.391","2-3","national","xgboost","any_error",30,0.4667,0.2767,77.23,0.0333,0.0714,0.0333,1,1,14,"medical deduction 0.33; shelter deduction 0.29; unearned income 0.24","wrong include/exclude decision 0.62; wrong amount, known item 0.19",0.523809523809524,1,0.380952380952381,0.714285714285714
105,"buffer","earned_by_hh_size >= 451 & gross_by_hh_size < 608 & percent_abawd >= 0.333 & shelter_expenses_by_hh_size < 369","2-3","national","xgboost","any_error",55,0.4182,0.2777,84.11,0.0545,0.1304,0.0545,4,2,23,"earned income 0.42; shelter deduction 0.25; other element 0.23","wrong amount, known item 0.30; wrong include/exclude decision 0.30; other 0.17",0.325,0.521739130434783,0.65,0.45
106,"buffer","count_divisible_by_100 > 0.5 & earned_by_hh_size <= 451 & HH_size_n > 5.5 & rawben_rel_max <= 0.947","4+","national","ranger","any_error",143,0.3636,0.2766,82.03,0.007,0.0192,0.007,2,1,52,"earned income 0.38; unearned income 0.24; shelter deduction 0.18","wrong include/exclude decision 0.25; wrong amount, known item 0.24; unreported source of income 0.16; other 0.09; household composition 0.09",0.408602150537634,0.576923076923077,0.709677419354839,0.568421052631579
107,"buffer","rawben_rel_max >= 1 & shelter_expenses_by_hh_size >= 1010 & unc_rawben_rel_max < 1.02 & unearned_by_hh_size >= 207","1","national","xgboost","any_error",1160,0.3026,0.2722,46.2,0,0,0,4,2,351,"shelter deduction 0.50; unearned income 0.25","wrong include/exclude decision 0.52; wrong amount, known item 0.21; unreported source of income 0.09",0.355509355509356,0.994301994301994,0.561330561330561,0.526859504132231
108,"buffer","HH_size_n > 2.5 & months_since_cert_n <= 0.5 & total_deductions_by_hh_size > 117 & utilities_sua <= 0.5","2-3","national","ranger","any_error",74,0.3919,0.2716,65.46,0,0,0,1,1,29,"earned income 0.52; shelter deduction 0.24","wrong amount, known item 0.45; wrong include/exclude decision 0.24; unreported source of income 0.10",0.380952380952381,0.655172413793103,0.785714285714286,0.595238095238095
109,"buffer","earned_by_hh_size >= 11 & months_since_cert_n >= 7 & rawben_rel_max >= 0.212 & unearned_by_hh_size >= 133","2-3","national","xgboost","any_error",548,0.3157,0.2715,55.21,0.0055,0.0173,0.0055,6,3,173,"earned income 0.46; unearned income 0.21; shelter deduction 0.14","wrong amount, known item 0.24; wrong include/exclude decision 0.22; unreported source of income 0.14; change in circumstances 0.14; other 0.10",0.413669064748201,0.635838150289017,0.460431654676259,0.55
110,"buffer","gross_by_hh_size > 1040 & HH_size_n <= 2.5 & rawben_rel_max > 0.168 & unearned_by_hh_size > 45.6","2-3","national","ranger","any_error",642,0.3115,0.2707,47.68,0.0031,0.01,0.0031,4,2,200,"shelter deduction 0.28; unearned income 0.24; earned income 0.18; medical deduction 0.16","wrong include/exclude decision 0.39; wrong amount, known item 0.27; unreported source of income 0.13",0.376712328767123,0.86,0.613013698630137,0.558219178082192
111,"buffer","gross_by_hh_size >= 862 & months_since_cert_n >= 4 & unc_rawben_rel_max >= 0.264 & unearned_by_hh_size < 108","4+","national","xgboost","any_error",146,0.3562,0.2706,74.37,0,0,0,1,1,52,"earned income 0.41; dep care or child support deduction 0.20; shelter deduction 0.19","wrong amount, known item 0.36; wrong include/exclude decision 0.28; unreported source of income 0.10; change in circumstances 0.10",0.37037037037037,0.75,0.518518518518518,0.432098765432099
112,"buffer","medical_deductions >= 140 & rawben_rel_max >= 0.687 & unearned_by_hh_size >= 318","2-3","national","xgboost","any_error",214,0.3411,0.2705,66.83,0.0093,0.0274,0.0093,1,1,73,"medical deduction 0.37; shelter deduction 0.29; unearned income 0.20","wrong include/exclude decision 0.59; wrong amount, known item 0.17",0.504347826086956,0.945205479452055,0.695652173913043,0.652173913043478
113,"buffer","elderly_disabled_i <= 0 & HH_size_n >= 7 & months_since_cert_n >= 9 & unc_rawben_rel_max < 1.1","4+","national","xgboost","any_error",121,0.3636,0.2698,71.83,0,0,0,3,2,44,"earned income 0.41; unearned income 0.20; shelter deduction 0.14","wrong amount, known item 0.33; change in circumstances 0.17; wrong include/exclude decision 0.16; household composition 0.12",0.388059701492537,0.636363636363636,0.358208955223881,0.565217391304348
114,"buffer","gross_by_hh_size >= 632 & HH_size_n >= 3 & rawben_rel_max >= 0.624 & total_deductions_by_hh_size >= 444","2-3","national","xgboost","any_error",406,0.3202,0.269,62.88,0.0074,0.0154,0.0049,1,1,130,"earned income 0.35; shelter deduction 0.18; dep care or child support deduction 0.16; unearned income 0.16","wrong amount, known item 0.30; wrong include/exclude decision 0.24; unreported source of income 0.13; other 0.10",0.340314136125654,0.7,0.675392670157068,0.49740932642487
115,"buffer","earned_by_hh_size > 51.2 & earned_by_hh_size <= 123 & HH_size_n > 2.5 & unearned_by_hh_size > 63.6","2-3","national","ranger","any_error",151,0.351,0.2672,57.11,0.0132,0.0189,0.0066,1,1,53,"earned income 0.43; unearned income 0.23; shelter deduction 0.15","wrong amount, known item 0.39; wrong include/exclude decision 0.25; unreported source of income 0.17",0.520833333333333,0.660377358490566,0.645833333333333,0.666666666666667
116,"buffer","elderly_disabled_i <= 0 & months_since_cert_n > 5.5 & shelter_expenses_by_hh_size > 164 & unc_rawben_rel_max <= 1.1","4+","national","ranger","any_error",2202,0.2884,0.2665,66.18,0.0068,0.022,0.0064,28,14,635,"earned income 0.45; shelter deduction 0.18; unearned income 0.16","wrong amount, known item 0.34; wrong include/exclude decision 0.20; unreported source of income 0.12; change in circumstances 0.11",0.378680203045685,0.700787401574803,0.494416243654822,0.553191489361702
117,"buffer","earned_by_hh_size >= 32.3 & percent_abawd >= 0.333 & total_deductions_by_hh_size >= 194 & unearned_by_hh_size >= 238","2-3","national","xgboost","any_error",165,0.3455,0.2655,72.75,0.0182,0.0526,0.0182,6,5,57,"earned income 0.41; unearned income 0.19; other element 0.19","wrong amount, known item 0.22; unreported source of income 0.19; wrong include/exclude decision 0.17; household composition 0.13; other 0.10",0.276190476190476,0.754385964912281,0.523809523809524,0.509433962264151
118,"buffer","earned_by_hh_size > 127 & months_since_cert_n > 5.5 & unearned_by_hh_size > 40.4 & unearned_by_hh_size <= 96","2-3","national","ranger","any_error",149,0.349,0.2649,56.19,0,0,0,4,2,52,"earned income 0.40; unearned income 0.26; shelter deduction 0.11","wrong amount, known item 0.41; wrong include/exclude decision 0.14; other 0.14; unreported source of income 0.13",0.436781609195402,0.692307692307692,0.459770114942529,0.471264367816092
119,"buffer","bbce_state_i >= 1 & HH_size_n > 5.5 & months_since_cert_n <= 11.5 & total_deductions_by_hh_size > 206","4+","national","ranger","any_error",797,0.3011,0.2648,79.91,0.0088,0.0292,0.0088,4,2,240,"earned income 0.45; shelter deduction 0.18; unearned income 0.15","wrong amount, known item 0.31; wrong include/exclude decision 0.23; unreported source of income 0.12; method or computation 0.10",0.388586956521739,0.675,0.608695652173913,0.603260869565217
120,"buffer","gross_by_hh_size >= 673 & percent_abawd >= 0.333 & shelter_expenses_by_hh_size < 846 & unc_rawben_rel_max >= 0.356","2-3","national","xgboost","any_error",313,0.3227,0.2647,55.88,0.0192,0.0594,0.0192,4,2,101,"earned income 0.41; shelter deduction 0.17; other element 0.16; unearned income 0.15","wrong amount, known item 0.28; wrong include/exclude decision 0.26; unreported source of income 0.12; household composition 0.10",0.41025641025641,0.712871287128713,0.608974358974359,0.525641025641026
121,"buffer","bbce_state_i >= 1 & gross_by_hh_size > 304 & rawben_rel_max <= 0.0822 & unc_rawben_rel_max > 0.0787","1","national","ranger","any_error",545,0.3083,0.2643,47.79,0.0018,0.006,0.0018,11,8,168,"unearned income 0.35; shelter deduction 0.30; earned income 0.15","wrong include/exclude decision 0.42; wrong amount, known item 0.29; other 0.13",0.525,0.0119047619047619,0.620833333333333,0.758333333333333
122,"buffer","months_since_cert_n < 4 & rawben_rel_max >= 0.993 & unc_rawben_rel_max < 1.01","1","national","xgboost","any_error",462,0.3117,0.264,48.73,0.0022,0,0,1,1,144,"shelter deduction 0.39; unearned income 0.32; medical deduction 0.14","wrong include/exclude decision 0.60; unreported source of income 0.14; wrong amount, known item 0.14",0.335106382978723,1,0.771276595744681,0.515957446808511
123,"buffer","earned_by_hh_size < 259 & total_deductions_by_hh_size >= 369 & unc_rawben_rel_max >= 1.09 & unc_rawben_rel_max < 1.11","2-3","national","xgboost","any_error",153,0.3464,0.2636,80.46,0,0,0,1,1,53,"unearned income 0.36; earned income 0.36; shelter deduction 0.10","unreported source of income 0.33; wrong include/exclude decision 0.21; wrong amount, known item 0.18; change in circumstances 0.12",0.273972602739726,0.981132075471698,0.534246575342466,0.452054794520548
124,"buffer","earned_by_hh_size > 48.2 & HH_size_n > 2.5 & percent_abawd > 0.167 & unc_rawben_rel_max <= 0.791","2-3","national","ranger","any_error",287,0.324,0.2636,59.87,0.0139,0.043,0.0139,12,7,93,"earned income 0.46; other element 0.17; shelter deduction 0.16","wrong amount, known item 0.35; wrong include/exclude decision 0.16; other 0.13; household composition 0.11; unreported source of income 0.09",0.443037974683544,0.580645161290323,0.645569620253165,0.572327044025157
125,"buffer","gross_by_hh_size < 1370 & medical_deductions >= 200 & medical_deductions < 333 & months_since_cert_n >= 9","2-3","national","xgboost","any_error",70,0.3857,0.2633,45.01,0,0,0,3,3,27,"unearned income 0.38; medical deduction 0.31; shelter deduction 0.21","wrong include/exclude decision 0.52; wrong amount, known item 0.27",0.520833333333333,0.851851851851852,0.458333333333333,0.6875
126,"buffer","bbce_state_i >= 1 & count_divisible_by_100 > 1.5 & unc_rawben_rel_max > 0.495 & unc_rawben_rel_max <= 0.956","4+","national","ranger","any_error",70,0.3857,0.2633,75.89,0,0,0,1,1,27,"earned income 0.40; unearned income 0.23; shelter deduction 0.21","wrong amount, known item 0.33; wrong include/exclude decision 0.21; unreported source of income 0.19; household composition 0.10",0.28,0.592592592592593,0.6,0.461538461538462
127,"buffer","HH_size_n >= 5 & months_since_cert_n >= 4 & rawben_rel_max >= 0.353 & rawben_rel_max < 0.371","4+","national","xgboost","any_error",67,0.3881,0.263,69.34,0,0,0,4,2,26,"earned income 0.55; unearned income 0.21","wrong amount, known item 0.34; wrong include/exclude decision 0.32; unreported source of income 0.13",0.473684210526316,0.653846153846154,0.394736842105263,0.684210526315789
128,"buffer","percent_abawd >= 0.273 & rawben_rel_max >= 0.661 & rawben_rel_max < 0.882","4+","national","xgboost","any_error",67,0.3881,0.263,120.52,0.0299,0.0769,0.0299,1,1,26,"earned income 0.38; other element 0.24; shelter deduction 0.19","unreported source of income 0.19; wrong include/exclude decision 0.19; household composition 0.17; change in circumstances 0.12; wrong amount, known item 0.12",0.357142857142857,0.730769230769231,0.523809523809524,0.357142857142857
129,"buffer","count_divisible_by_100 > 0.5 & medical_deductions > 138 & rawben_rel_max > 0.153","2-3","national","ranger","any_error",46,0.413,0.2622,49.22,0,0,0,2,1,19,"unearned income 0.32; medical deduction 0.28; shelter deduction 0.16","wrong include/exclude decision 0.40; wrong amount, known item 0.36",0.4,0.947368421052632,0.72,0.56
130,"buffer","earned_by_hh_size >= 1520 & married >= 1 & rawben_rel_max < 0.193 & total_deductions_by_hh_size >= 292","2-3","national","xgboost","any_error",55,0.4,0.2621,118.16,0.0727,0.1818,0.0727,1,1,22,"earned income 0.37; other element 0.27; shelter deduction 0.20","wrong include/exclude decision 0.25; household composition 0.22; wrong amount, known item 0.20; unreported source of income 0.16",0.274509803921569,0.954545454545455,0.431372549019608,0.352941176470588
131,"buffer","bbce_state_i >= 1 & shelter_expenses_by_hh_size >= 482 & unc_rawben_rel_max < 1.2 & utilities_sua < 2","2-3","national","xgboost","any_error",617,0.3031,0.2619,61.98,0.0113,0.0321,0.0097,1,1,187,"earned income 0.28; shelter deduction 0.26; utility allowance 0.17; unearned income 0.14","wrong include/exclude decision 0.38; wrong amount, known item 0.24; unreported source of income 0.13; change in circumstances 0.09",0.284246575342466,0.828877005347594,0.636986301369863,0.5
132,"buffer","count_divisible_by_100 < 1 & earned_by_hh_size >= 270 & rawben_rel_max >= 0.911 & total_deductions_by_hh_size < 283","4+","national","xgboost","any_error",86,0.3721,0.2618,110.66,0.0465,0.125,0.0465,2,1,32,"earned income 0.57; shelter deduction 0.17; other element 0.13","wrong amount, known item 0.32; wrong include/exclude decision 0.23; method or computation 0.11; household composition 0.11",0.51063829787234,0.59375,0.765957446808511,0.659574468085106
133,"buffer","earned_by_hh_size > 259 & earned_by_hh_size <= 706 & shelter_expenses_by_hh_size > 836 & unc_rawben_rel_max <= 1.45","1","national","ranger","any_error",729,0.299,0.2612,60.08,0.0027,0.0092,0.0027,6,3,218,"earned income 0.59; shelter deduction 0.15; other element 0.10","unreported source of income 0.25; wrong amount, known item 0.21; change in circumstances 0.20; wrong include/exclude decision 0.20",0.281976744186047,0.935779816513762,0.415697674418605,0.342028985507246
134,"buffer","months_since_cert_n < 4 & shelter_expenses_by_hh_size >= 288 & unc_rawben_rel_max >= 1.08 & unc_rawben_rel_max < 1.15","4+","national","xgboost","any_error",109,0.3578,0.2601,113.06,0,0,0,2,1,39,"earned income 0.71; other element 0.10","unreported source of income 0.29; wrong include/exclude decision 0.25; wrong amount, known item 0.24",0.490196078431373,0.923076923076923,0.705882352941177,0.529411764705882
135,"buffer","earned_by_hh_size >= 214 & rawben_rel_max >= 0.633 & shelter_expenses_by_hh_size >= 172 & utilities_sua < 2","4+","national","xgboost","any_error",162,0.3395,0.2594,66.56,0.0062,0.0182,0.0062,2,1,55,"earned income 0.34; shelter deduction 0.26; utility allowance 0.14; unearned income 0.12","wrong include/exclude decision 0.33; wrong amount, known item 0.28; change in circumstances 0.09; other 0.08",0.443181818181818,0.745454545454545,0.693181818181818,0.588888888888889
136,"buffer","gross_by_hh_size >= 290 & gross_by_hh_size < 392 & shelter_expenses_by_hh_size >= 329","4+","national","xgboost","any_error",376,0.3112,0.2586,88.74,0.0293,0.0855,0.0266,2,1,117,"earned income 0.47; unearned income 0.23; shelter deduction 0.18","wrong amount, known item 0.31; wrong include/exclude decision 0.19; unreported source of income 0.19; household composition 0.08",0.37012987012987,0.837606837606838,0.642857142857143,0.541935483870968
137,"buffer","percent_abawd > 0.134 & rawben_rel_max <= 0.976 & shelter_expenses_by_hh_size > 330","4+","national","ranger","any_error",217,0.3272,0.2581,67.71,0.0184,0.0563,0.0184,2,1,71,"earned income 0.39; shelter deduction 0.22; other element 0.16","wrong amount, known item 0.31; wrong include/exclude decision 0.21; method or computation 0.12; household composition 0.11; unreported source of income 0.10",0.396694214876033,0.577464788732394,0.652892561983471,0.586776859504132
138,"buffer","earned_by_hh_size <= 59.6 & rawben_rel_max <= 0.365 & unc_rawben_rel_max > 0.344 & unc_rawben_rel_max <= 1.02","4+","national","ranger","any_error",32,0.4375,0.2577,66.53,0,0,0,3,2,14,"unearned income 0.52; other element 0.30","wrong amount, known item 0.26; household composition 0.22; other 0.17; wrong include/exclude decision 0.13",0.347826086956522,0.5,0.521739130434783,0.391304347826087
139,"buffer","earned_by_hh_size >= 426 & homeless <= 0 & total_deductions_by_hh_size < 900 & unc_rawben_rel_max >= 1.3","1","national","xgboost","any_error",56,0.3929,0.257,92.27,0,0,0,1,1,22,"earned income 0.69; shelter deduction 0.12","unreported source of income 0.31; change in circumstances 0.22; wrong include/exclude decision 0.19; wrong amount, known item 0.12",0.0625,1,0.375,0.125
140,"buffer","percent_abawd >= 0.667 & rawben_rel_max < 0.711 & unearned_by_hh_size >= 0.5","2-3","national","xgboost","any_error",35,0.4286,0.2568,109.23,0.0286,0.0667,0.0286,1,1,15,"earned income 0.38; unearned income 0.27; other element 0.15","unreported source of income 0.23; wrong include/exclude decision 0.19; household composition 0.15; other 0.15; wrong amount, known item 0.12",0.384615384615385,0.8,0.692307692307692,0.576923076923077
141,"buffer","children_i <= 0 & married >= 1 & months_since_cert_n > 3.5 & unc_rawben_rel_max <= 1.1","4+","national","ranger","any_error",35,0.4286,0.2568,107.49,0.0286,0.0667,0.0286,1,1,15,"earned income 0.32; unearned income 0.26; shelter deduction 0.21","wrong amount, known item 0.32; unreported source of income 0.16; household composition 0.16; other 0.11; wrong include/exclude decision 0.11",0.473684210526316,0.666666666666667,0.736842105263158,0.473684210526316
142,"buffer","earned_by_hh_size >= 587 & rawben_rel_max >= 0.176 & unearned_by_hh_size >= 121","4+","national","xgboost","any_error",191,0.3298,0.2564,70.86,0,0,0,1,1,63,"earned income 0.28; unearned income 0.27; shelter deduction 0.20; dep care or child support deduction 0.12","wrong amount, known item 0.38; wrong include/exclude decision 0.23; other 0.08; unreported source of income 0.07",0.425,0.603174603174603,0.7,0.625
143,"buffer","gross_by_hh_size < 470 & rawben_rel_max < 0.791 & shelter_expenses_by_hh_size < 1140 & unearned_by_hh_size < 264","2-3","national","xgboost","any_error",274,0.3175,0.2562,40.88,0,0,0,2,2,87,"earned income 0.50; unearned income 0.19; utility allowance 0.10","wrong amount, known item 0.31; wrong include/exclude decision 0.20; method or computation 0.11; change in circumstances 0.10; unreported source of income 0.08",0.439024390243902,0.402298850574713,0.634146341463415,0.666666666666667
144,"buffer","children_i >= 1 & percent_abawd <= 1.5 & total_deductions_by_hh_size <= 627 & utilities_sua > 1.5","1","national","ranger","any_error",44,0.4091,0.256,73.98,0.0455,0.0556,0.0227,1,1,18,"other element 0.50; unearned income 0.27","household composition 0.45; wrong include/exclude decision 0.23; wrong amount, known item 0.18",0.454545454545455,0.388888888888889,0.954545454545455,0.636363636363636
145,"buffer","bbce_state_i >= 1 & earned_by_hh_size > 4.75 & gross_by_hh_size > 198 & months_since_cert_n > 8.5","2-3","national","ranger","any_error",1535,0.2814,0.2555,56.12,0.0124,0.0394,0.0111,50,28,432,"earned income 0.46; other element 0.17; shelter deduction 0.16","wrong amount, known item 0.25; wrong include/exclude decision 0.19; change in circumstances 0.14; unreported source of income 0.12; other 0.10",0.37997256515775,0.712962962962963,0.366255144032922,0.491156462585034
146,"buffer","gross_by_hh_size > 1130 & rawben_rel_max > 0.312 & utilities_sua <= 1.5","1","national","ranger","any_error",771,0.2918,0.2553,39.17,0.0078,0.0178,0.0052,6,3,225,"shelter deduction 0.33; utility allowance 0.27; medical deduction 0.14; earned income 0.12","wrong include/exclude decision 0.56; wrong amount, known item 0.20",0.327731092436975,0.871111111111111,0.661064425770308,0.526610644257703
147,"buffer","bbce_state_i >= 1 & married >= 1 & months_since_cert_n > 12.5","4+","national","ranger","any_error",118,0.3475,0.2542,68.42,0.0169,0.0244,0.0085,2,1,41,"earned income 0.39; shelter deduction 0.22; other element 0.18","wrong include/exclude decision 0.32; wrong amount, known item 0.25; household composition 0.10; change in circumstances 0.09",0.522727272727273,0.634146341463415,0.386363636363636,0.613636363636364
148,"buffer","gross_by_hh_size >= 146 & months_since_cert_n < 8 & rawben_rel_max >= 0.865 & total_deductions_by_hh_size < 108","4+","national","xgboost","any_error",145,0.3379,0.2539,71.8,0.0138,0.0408,0.0138,5,3,49,"unearned income 0.31; earned income 0.27; other element 0.14; shelter deduction 0.14","wrong amount, known item 0.37; wrong include/exclude decision 0.26; method or computation 0.09; unreported source of income 0.09",0.320512820512821,0.489795918367347,0.705128205128205,0.653846153846154
149,"buffer","medical_deductions >= 301 & rawben_rel_max >= 0.23 & shelter_expenses_by_hh_size < 735","1","national","xgboost","any_error",125,0.344,0.2535,53.63,0,0,0,2,1,43,"medical deduction 0.68; unearned income 0.11","wrong include/exclude decision 0.61; wrong amount, known item 0.23",0.589285714285714,0.930232558139535,0.625,0.75
150,"buffer","rawben_rel_max < 0.985 & shelter_expenses_by_hh_size < 336 & total_deductions_by_hh_size >= 296","4+","national","xgboost","any_error",387,0.3049,0.2535,60.54,0.0052,0.0169,0.0052,1,1,118,"earned income 0.33; dep care or child support deduction 0.26; unearned income 0.15; shelter deduction 0.15","wrong include/exclude decision 0.38; wrong amount, known item 0.31; other 0.09",0.461139896373057,0.73728813559322,0.647668393782383,0.580310880829015
151,"buffer","gross_by_hh_size >= 294 & gross_by_hh_size < 315 & unc_rawben_rel_max < 0.959","4+","national","xgboost","any_error",288,0.3125,0.2529,87.15,0.0312,0.1,0.0312,2,1,90,"earned income 0.37; unearned income 0.20; shelter deduction 0.20","wrong amount, known item 0.29; wrong include/exclude decision 0.25; change in circumstances 0.13; unreported source of income 0.10",0.34375,0.666666666666667,0.4921875,0.546875
152,"buffer","elderly_disabled_i <= 0 & months_since_cert_n > 5.5 & rawben_rel_max > 0.274 & unc_rawben_rel_max <= 0.818","1","national","ranger","any_error",513,0.2963,0.2517,37.46,0.037,0.125,0.037,11,6,152,"earned income 0.48; unearned income 0.21; shelter deduction 0.13","wrong amount, known item 0.37; wrong include/exclude decision 0.20; unreported source of income 0.14; change in circumstances 0.09",0.304147465437788,0.638157894736842,0.341013824884793,0.410958904109589
153,"buffer","earned_by_hh_size < 81.7 & married >= 1 & rawben_rel_max >= 0.155 & unearned_by_hh_size >= 965","2-3","national","xgboost","any_error",433,0.3002,0.2517,41.84,0,0,0,1,1,130,"shelter deduction 0.33; unearned income 0.28; medical deduction 0.25","wrong include/exclude decision 0.51; wrong amount, known item 0.22; unreported source of income 0.07",0.394736842105263,0.907692307692308,0.605263157894737,0.589473684210526
154,"buffer","earned_by_hh_size > 34.8 & percent_abawd > 0.417 & rawben_rel_max <= 0.907 & utilities_sua <= 0.5","2-3","national","ranger","any_error",73,0.3699,0.2517,70,0.0411,0.1111,0.0411,2,1,27,"earned income 0.46; other element 0.26; utility allowance 0.11","wrong include/exclude decision 0.26; wrong amount, known item 0.15; household composition 0.15; other 0.13; change in circumstances 0.13",0.326086956521739,0.592592592592593,0.58695652173913,0.543478260869565
155,"buffer","gross_by_hh_size >= 552 & unearned_by_hh_size >= 518 & unearned_by_hh_size < 548 & utilities_sua >= 2","2-3","national","xgboost","any_error",54,0.3889,0.2515,71.48,0,0,0,2,1,21,"earned income 0.32; shelter deduction 0.27; other element 0.17","wrong include/exclude decision 0.29; wrong amount, known item 0.24; other 0.10; change in circumstances 0.10; household composition 0.07",0.439024390243902,0.476190476190476,0.707317073170732,0.560975609756098
156,"buffer","medical_deductions >= 125 & rawben_rel_max >= 0.163 & total_deductions_by_hh_size >= 197 & unearned_by_hh_size >= 682","2-3","national","xgboost","any_error",543,0.2947,0.2514,41.51,0.0018,0.0063,0.0018,4,2,160,"medical deduction 0.33; shelter deduction 0.28; unearned income 0.25","wrong include/exclude decision 0.53; wrong amount, known item 0.24",0.483333333333333,0.8875,0.658333333333333,0.6625
157,"buffer","earned_by_hh_size < 692 & gross_by_hh_size >= 708 & gross_by_hh_size < 727","4+","national","xgboost","any_error",116,0.3448,0.2512,64.42,0.0086,0.025,0.0086,2,1,40,"unearned income 0.36; earned income 0.32; dep care or child support deduction 0.14","wrong amount, known item 0.47; wrong include/exclude decision 0.24; unreported source of income 0.12",0.440677966101695,0.55,0.627118644067797,0.711864406779661
158,"buffer","medical_deductions < 161 & shelter_expenses_by_hh_size < 414 & unearned_by_hh_size >= 432 & unearned_by_hh_size < 441","2-3","national","xgboost","any_error",48,0.3958,0.2504,76.54,0.0417,0.1053,0.0417,5,4,19,"unearned income 0.38; earned income 0.21; utility allowance 0.17","wrong amount, known item 0.38; wrong include/exclude decision 0.31; unreported source of income 0.14",0.275862068965517,0.578947368421053,0.551724137931034,0.586206896551724
159,"buffer","rawben_rel_max >= 0.605 & rawben_rel_max < 0.619 & total_deductions_by_hh_size >= 64.5","4+","national","xgboost","any_error",213,0.3192,0.2502,62.2,0,0,0,2,1,68,"earned income 0.46; unearned income 0.24; shelter deduction 0.11","wrong amount, known item 0.42; wrong include/exclude decision 0.17; unreported source of income 0.12; change in circumstances 0.11",0.43,0.647058823529412,0.69,0.58
160,"buffer","elderly_disabled_i >= 1 & gross_by_hh_size > 155 & percent_abawd > 0.225 & unc_rawben_rel_max <= 1","4+","national","ranger","any_error",80,0.3625,0.2499,70.83,0.0125,0.0345,0.0125,2,1,29,"unearned income 0.27; shelter deduction 0.24; other element 0.20; earned income 0.18","wrong include/exclude decision 0.37; wrong amount, known item 0.18; other 0.12; household composition 0.10",0.448979591836735,0.517241379310345,0.489795918367347,0.571428571428571
161,"buffer","earned_by_hh_size > 42.6 & elderly_disabled_i <= 0 & months_since_cert_n <= 4.5 & unearned_by_hh_size > 2.21","4+","national","ranger","any_error",1461,0.2745,0.2482,59.32,0.0055,0.0175,0.0048,13,7,401,"earned income 0.36; unearned income 0.28; shelter deduction 0.16","wrong amount, known item 0.36; wrong include/exclude decision 0.24; unreported source of income 0.12; method or computation 0.07",0.401759530791789,0.650872817955112,0.728739002932551,0.612573099415205
162,"buffer","bbce_state_i >= 1 & medical_deductions >= 136 & rawben_rel_max >= 0.324 & unc_rawben_rel_max < 1.02","1","national","xgboost","any_error",1785,0.2717,0.2479,30.37,0.0039,0.0124,0.0034,8,5,485,"medical deduction 0.45; shelter deduction 0.22; unearned income 0.19","wrong include/exclude decision 0.61; wrong amount, known item 0.20",0.486896551724138,0.929896907216495,0.655172413793103,0.685950413223141
163,"buffer","children_i <= 0 & earned_by_hh_size >= 1120 & months_since_cert_n < 18 & unc_rawben_rel_max < -0.277","2-3","national","xgboost","any_error",84,0.3571,0.2476,94.19,0.0476,0.1333,0.0476,3,2,30,"other element 0.43; earned income 0.31; shelter deduction 0.18","household composition 0.26; wrong include/exclude decision 0.18; other 0.16; unreported source of income 0.13; limits and thresholds 0.10",0.264705882352941,1,0.455882352941176,0.367647058823529
164,"buffer","elderly_disabled_i >= 1 & HH_size_n <= 5.5 & total_deductions_by_hh_size <= 249 & unearned_by_hh_size <= 156","4+","national","ranger","any_error",94,0.3511,0.2475,91.2,0.0106,0.0303,0.0106,2,1,33,"unearned income 0.32; earned income 0.23; shelter deduction 0.16; other element 0.16","wrong include/exclude decision 0.37; wrong amount, known item 0.19; unreported source of income 0.16; household composition 0.11",0.508771929824561,0.696969696969697,0.508771929824561,0.56140350877193
165,"buffer","rawben_rel_max < 0.0446 & unc_rawben_rel_max >= 0.043","2-3","national","xgboost","any_error",71,0.3662,0.2471,72.11,0,0,0,2,2,26,"shelter deduction 0.31; unearned income 0.28; earned income 0.25","wrong include/exclude decision 0.34; wrong amount, known item 0.28; change in circumstances 0.19",0.4375,0.0384615384615385,0.6875,0.8125
166,"buffer","HH_size_n > 2.5 & months_since_cert_n <= 0.5 & unc_rawben_rel_max <= 0.971 & utilities_sua <= 0.5","2-3","national","ranger","any_error",101,0.3465,0.2468,63.06,0.0099,0.0286,0.0099,2,1,35,"earned income 0.45; unearned income 0.20; other element 0.16","wrong amount, known item 0.37; wrong include/exclude decision 0.24; household composition 0.12; unreported source of income 0.12",0.428571428571429,0.571428571428571,0.836734693877551,0.653061224489796
167,"buffer","gross_by_hh_size >= 250 & gross_by_hh_size < 271 & HH_size_n >= 3","2-3","national","xgboost","any_error",335,0.3015,0.2467,74.12,0.009,0.0198,0.006,4,2,101,"earned income 0.61; shelter deduction 0.18","wrong amount, known item 0.29; wrong include/exclude decision 0.26; unreported source of income 0.15; change in circumstances 0.13",0.404411764705882,0.831683168316832,0.558823529411765,0.573529411764706
168,"buffer","bbce_state_i >= 1 & gross_by_hh_size >= 360 & gross_by_hh_size < 402","2-3","national","xgboost","any_error",722,0.2839,0.2466,68.89,0.0028,0,0,11,8,205,"earned income 0.42; unearned income 0.22; shelter deduction 0.16","wrong include/exclude decision 0.30; wrong amount, known item 0.25; unreported source of income 0.18; change in circumstances 0.12",0.320512820512821,0.819512195121951,0.580128205128205,0.538461538461538
169,"buffer","earned_by_hh_size < 1290 & gross_by_hh_size >= 1200 & rawben_rel_max >= 0.212 & rawben_rel_max < 0.298","2-3","national","xgboost","any_error",91,0.3516,0.2466,51.03,0,0,0,1,1,32,"shelter deduction 0.31; earned income 0.30; medical deduction 0.11; unearned income 0.09","wrong include/exclude decision 0.46; wrong amount, known item 0.15; unreported source of income 0.09; other 0.09",0.351851851851852,0.71875,0.62962962962963,0.37037037037037
170,"buffer","shelter_expenses_by_hh_size >= 417 & total_deductions_by_hh_size >= 348 & unc_rawben_rel_max < 1.24 & utilities_sua < 2","2-3","national","xgboost","any_error",670,0.2851,0.2464,58.99,0.0149,0.0419,0.0119,2,1,191,"earned income 0.31; shelter deduction 0.25; utility allowance 0.17; unearned income 0.13","wrong include/exclude decision 0.36; wrong amount, known item 0.25; unreported source of income 0.13; change in circumstances 0.09",0.282392026578073,0.863874345549738,0.634551495016611,0.504983388704319
171,"buffer","bbce_state_i >= 1 & homeless >= 1 & rawben_rel_max >= 0.408 & unearned_by_hh_size >= 962","1","national","xgboost","any_error",160,0.325,0.2458,43.43,0.0063,0.0192,0.0063,1,1,52,"shelter deduction 0.58; utility allowance 0.27","wrong include/exclude decision 0.71; change in circumstances 0.17",0.230769230769231,0.903846153846154,0.476923076923077,0.454545454545455
172,"buffer","bbce_state_i >= 1 & elderly_disabled_i >= 1 & months_since_cert_n <= 4.5 & shelter_expenses_by_hh_size > 292","4+","national","ranger","any_error",473,0.2918,0.2457,59.61,0,0,0,2,1,138,"unearned income 0.30; earned income 0.24; shelter deduction 0.23","wrong amount, known item 0.38; wrong include/exclude decision 0.29; household composition 0.10",0.394088669950739,0.710144927536232,0.758620689655172,0.617647058823529
173,"buffer","gross_by_hh_size < 586 & percent_abawd < 1 & unc_rawben_rel_max < 1.02 & unearned_by_hh_size >= 439","1","national","xgboost","any_error",304,0.3026,0.2452,47.96,0.023,0.0652,0.0197,3,2,92,"unearned income 0.65; utility allowance 0.16","wrong include/exclude decision 0.50; wrong amount, known item 0.21; unreported source of income 0.15",0.421487603305785,0.83695652173913,0.578512396694215,0.685950413223141
174,"buffer","count_divisible_by_100 >= 1 & rawben_rel_max >= 0.386 & rawben_rel_max < 0.544","2-3","national","xgboost","any_error",203,0.3153,0.2451,42.35,0,0,0,4,3,64,"earned income 0.36; unearned income 0.25; shelter deduction 0.25","wrong amount, known item 0.39; wrong include/exclude decision 0.23; unreported source of income 0.13",0.257731958762887,0.671875,0.649484536082474,0.463917525773196
175,"buffer","bbce_state_i >= 1 & elderly_disabled_i <= 0 & months_since_cert_n > 5.5 & total_deductions_by_hh_size > 1070","1","national","ranger","any_error",508,0.2894,0.245,55.85,0.0276,0.0816,0.0236,6,3,147,"earned income 0.61; other element 0.17","unreported source of income 0.22; wrong amount, known item 0.21; change in circumstances 0.18; wrong include/exclude decision 0.17",0.295154185022026,0.918367346938776,0.246696035242291,0.333333333333333
176,"buffer","earned_by_hh_size >= 678 & HH_size_n >= 5 & married <= 0 & total_deductions_by_hh_size >= 208","4+","national","xgboost","any_error",283,0.3039,0.2445,65.22,0,0,0,1,1,86,"earned income 0.37; shelter deduction 0.22; other element 0.13; dep care or child support deduction 0.13","wrong amount, known item 0.33; wrong include/exclude decision 0.30; household composition 0.10; other 0.08",0.470149253731343,0.651162790697674,0.694029850746269,0.592592592592593
177,"buffer","gross_by_hh_size > 919 & married >= 1 & total_deductions_by_hh_size > 440 & unc_rawben_rel_max <= 1","2-3","national","ranger","any_error",744,0.2809,0.2443,51.59,0.0094,0.0335,0.0094,2,1,209,"shelter deduction 0.28; earned income 0.22; unearned income 0.18; medical deduction 0.15","wrong include/exclude decision 0.36; wrong amount, known item 0.24; unreported source of income 0.12; household composition 0.10",0.360606060606061,0.842105263157895,0.563636363636364,0.478787878787879
178,"buffer","earned_by_hh_size >= 109 & gross_by_hh_size >= 438 & months_since_cert_n >= 12 & unearned_by_hh_size < 935","1","national","xgboost","any_error",265,0.3057,0.2443,61.98,0.0528,0.1728,0.0528,2,1,81,"earned income 0.48; other element 0.19; shelter deduction 0.14","unreported source of income 0.23; wrong include/exclude decision 0.21; change in circumstances 0.18; wrong amount, known item 0.15",0.257668711656442,0.901234567901235,0.159509202453988,0.306748466257669
179,"buffer","bbce_state_i >= 1 & expedited_i >= 1 & HH_size_n <= 2.5 & unc_rawben_rel_max <= 0.804","2-3","national","ranger","any_error",280,0.3036,0.2439,63.87,0.0357,0.1176,0.0357,2,1,85,"earned income 0.30; unearned income 0.22; other element 0.19; shelter deduction 0.18","wrong include/exclude decision 0.27; wrong amount, known item 0.23; unreported source of income 0.15; household composition 0.15",0.415492957746479,0.576470588235294,0.563380281690141,0.556338028169014
180,"buffer","count_divisible_by_100 > 0.5 & homeless <= 0 & months_since_cert_n > 6.5 & unearned_by_hh_size <= 39.7","4+","national","ranger","any_error",130,0.3308,0.2432,66.22,0.0077,0,0,2,1,43,"earned income 0.49; shelter deduction 0.21; unearned income 0.17","wrong amount, known item 0.29; wrong include/exclude decision 0.24; unreported source of income 0.22; method or computation 0.10",0.327868852459016,0.813953488372093,0.590163934426229,0.476190476190476
181,"buffer","children_i <= 0 & count_divisible_by_100 > 0.5 & unc_rawben_rel_max > 0.402 & unc_rawben_rel_max <= 0.901","2-3","national","ranger","any_error",127,0.3307,0.2423,53.42,0.0079,0.0238,0.0079,2,1,42,"unearned income 0.27; earned income 0.27; shelter deduction 0.25","wrong include/exclude decision 0.45; unreported source of income 0.20; wrong amount, known item 0.20",0.254237288135593,0.880952380952381,0.610169491525424,0.416666666666667
182,"buffer","earned_by_hh_size >= 392 & gross_by_hh_size >= 557 & gross_by_hh_size < 582 & months_since_cert_n >= 4","4+","national","xgboost","any_error",173,0.3179,0.2422,77.27,0,0,0,2,2,55,"earned income 0.47; unearned income 0.18; shelter deduction 0.14","wrong amount, known item 0.29; wrong include/exclude decision 0.20; unreported source of income 0.14; method or computation 0.13",0.430379746835443,0.654545454545455,0.443037974683544,0.518987341772152
183,"buffer","HH_size_n > 5.5 & utilities_sua > 0.5 & utilities_sua <= 1.5","4+","national","ranger","any_error",220,0.3091,0.2419,72.24,0.0091,0.0147,0.0045,1,1,68,"earned income 0.32; other element 0.20; unearned income 0.18; utility allowance 0.15","wrong amount, known item 0.39; wrong include/exclude decision 0.25; household composition 0.13",0.514285714285714,0.470588235294118,0.657142857142857,0.669811320754717
184,"buffer","earned_by_hh_size >= 81.7 & gross_by_hh_size < 157 & total_deductions_by_hh_size >= 146 & total_deductions_by_hh_size < 216","2-3","national","xgboost","any_error",53,0.3774,0.2408,96.75,0,0,0,1,1,20,"earned income 0.69; unearned income 0.09","unreported source of income 0.41; wrong amount, known item 0.22; wrong include/exclude decision 0.22",0.25,0.95,0.5625,0.375
185,"buffer","shelter_expenses_by_hh_size < 340 & total_deductions_by_hh_size >= 299 & total_deductions_by_hh_size < 416","4+","national","xgboost","any_error",370,0.2919,0.2402,62.98,0.0054,0.0185,0.0054,2,1,108,"earned income 0.35; dep care or child support deduction 0.23; shelter deduction 0.16; unearned income 0.13","wrong include/exclude decision 0.37; wrong amount, known item 0.29; other 0.10",0.413173652694611,0.768518518518518,0.682634730538922,0.562874251497006
186,"buffer","homeless >= 1 & months_since_cert_n >= 3 & shelter_expenses_by_hh_size >= 667 & unearned_by_hh_size >= 892","1","national","xgboost","any_error",182,0.3132,0.2396,42.81,0,0,0,2,1,57,"shelter deduction 0.54; utility allowance 0.26","wrong include/exclude decision 0.70; change in circumstances 0.14",0.32,0.859649122807018,0.466666666666667,0.5
187,"buffer","gross_by_hh_size > 1520 & percent_abawd > 0.5 & rawben_rel_max > 0.312 & rawben_rel_max <= 0.997","1","national","ranger","any_error",132,0.3258,0.2394,38.62,0.0227,0.0698,0.0227,1,1,43,"earned income 0.48; shelter deduction 0.27","wrong amount, known item 0.42; wrong include/exclude decision 0.21; other 0.12",0.4,0.813953488372093,0.553846153846154,0.515151515151515
188,"buffer","earned_by_hh_size >= 677 & rawben_rel_max >= 0.696 & rawben_rel_max < 0.804 & shelter_expenses_by_hh_size >= 460","2-3","national","xgboost","any_error",300,0.2967,0.2394,49.92,0.01,0.0337,0.01,2,1,89,"earned income 0.52; shelter deduction 0.18; unearned income 0.12","wrong amount, known item 0.38; wrong include/exclude decision 0.20; change in circumstances 0.11; unreported source of income 0.11",0.423076923076923,0.685393258426966,0.638461538461538,0.592307692307692
189,"buffer","gross_by_hh_size > 296 & shelter_expenses_by_hh_size <= 241 & total_deductions_by_hh_size > 242","4+","national","ranger","any_error",230,0.3043,0.2389,74.2,0,0,0,4,2,70,"earned income 0.35; dep care or child support deduction 0.27; unearned income 0.14","wrong amount, known item 0.35; wrong include/exclude decision 0.31; household composition 0.09; unreported source of income 0.08",0.41025641025641,0.757142857142857,0.675213675213675,0.564102564102564
190,"buffer","rawben_rel_max >= 0.13 & shelter_expenses_by_hh_size >= 304 & total_deductions_by_hh_size < 265 & unc_rawben_rel_max < 0.272","4+","national","xgboost","any_error",165,0.3152,0.238,52.27,0,0,0,1,1,52,"earned income 0.26; shelter deduction 0.26; unearned income 0.19; utility allowance 0.14","wrong amount, known item 0.36; wrong include/exclude decision 0.30; method or computation 0.10",0.511904761904762,0.519230769230769,0.595238095238095,0.761904761904762
191,"buffer","rawben_rel_max >= 0.595 & rawben_rel_max < 0.619","4+","national","xgboost","any_error",381,0.2887,0.238,55.72,0,0,0,7,4,110,"earned income 0.44; unearned income 0.22; other element 0.12","wrong amount, known item 0.39; wrong include/exclude decision 0.19; change in circumstances 0.11; unreported source of income 0.10",0.418181818181818,0.645454545454546,0.636363636363636,0.6
192,"buffer","gross_by_hh_size >= 727 & rawben_rel_max >= 0.353 & unc_rawben_rel_max >= 0.256","4+","national","xgboost","any_error",892,0.2702,0.2371,51.29,0,0,0,5,3,241,"earned income 0.36; shelter deduction 0.20; dep care or child support deduction 0.16; unearned income 0.14","wrong amount, known item 0.34; wrong include/exclude decision 0.28; unreported source of income 0.10; other 0.09",0.396907216494845,0.713692946058091,0.649484536082474,0.56701030927835
193,"buffer","children_i <= 0 & gross_by_hh_size > 1700 & HH_size_n <= 2.5 & rawben_rel_max <= 0.144","2-3","national","ranger","any_error",134,0.3209,0.2356,81.79,0.0224,0.0698,0.0224,4,2,43,"other element 0.41; earned income 0.28; shelter deduction 0.15","household composition 0.29; wrong amount, known item 0.16; other 0.16; wrong include/exclude decision 0.15",0.22,1,0.53,0.33
194,"buffer","earned_by_hh_size >= 21.7 & rawben_rel_max >= 0.636 & rawben_rel_max < 0.699 & total_deductions_by_hh_size < 186","2-3","national","xgboost","any_error",95,0.3368,0.2356,49.06,0.0105,0.0312,0.0105,3,2,32,"earned income 0.49; shelter deduction 0.19; unearned income 0.17","wrong amount, known item 0.28; wrong include/exclude decision 0.26; unreported source of income 0.15; change in circumstances 0.09",0.446808510638298,0.4375,0.702127659574468,0.595744680851064
195,"buffer","gross_by_hh_size >= 681 & months_since_cert_n >= 4 & percent_abawd >= 1 & shelter_expenses_by_hh_size >= 1180","1","national","xgboost","any_error",267,0.2959,0.2355,54.33,0.0412,0.1139,0.0337,1,1,79,"earned income 0.47; unearned income 0.17; shelter deduction 0.16","wrong amount, known item 0.32; wrong include/exclude decision 0.21; change in circumstances 0.18; unreported source of income 0.15",0.35042735042735,0.835443037974684,0.307692307692308,0.440677966101695
196,"buffer","earned_by_hh_size >= 372 & percent_abawd < 0.0769 & rawben_rel_max >= 0.661 & unc_rawben_rel_max < 0.692","4+","national","xgboost","any_error",264,0.2955,0.2348,54.47,0.0038,0.0128,0.0038,2,1,78,"earned income 0.50; shelter deduction 0.22; unearned income 0.08","wrong amount, known item 0.33; wrong include/exclude decision 0.25; method or computation 0.12; unreported source of income 0.12",0.429906542056075,0.692307692307692,0.663551401869159,0.523364485981308
197,"buffer","earned_by_hh_size > 404 & gross_by_hh_size <= 440","4+","national","ranger","any_error",311,0.2894,0.2336,66.68,0,0,0,4,2,90,"earned income 0.62; shelter deduction 0.17","wrong amount, known item 0.32; wrong include/exclude decision 0.22; method or computation 0.13; unreported source of income 0.12",0.432,0.788888888888889,0.664,0.555555555555556
198,"buffer","rawben_rel_max >= 0.272 & unc_rawben_rel_max >= -0.494 & unearned_by_hh_size >= 955","2-3","national","xgboost","any_error",544,0.2757,0.2335,45.23,0.0018,0.0067,0.0018,4,2,150,"shelter deduction 0.34; unearned income 0.28; medical deduction 0.19","wrong include/exclude decision 0.46; wrong amount, known item 0.22; unreported source of income 0.10",0.383928571428571,0.866666666666667,0.616071428571429,0.544642857142857
199,"buffer","bbce_state_i >= 1 & children_i <= 0 & married >= 1 & total_deductions_by_hh_size > 131","4+","national","ranger","any_error",48,0.375,0.2331,96.83,0.0208,0.0556,0.0208,1,1,18,"earned income 0.41; unearned income 0.23; shelter deduction 0.18","unreported source of income 0.23; wrong amount, known item 0.23; wrong include/exclude decision 0.14; household composition 0.14; other 0.09",0.454545454545455,0.722222222222222,0.590909090909091,0.409090909090909
200,"buffer","rawben_rel_max < 0.845 & unc_rawben_rel_max >= 0.833 & unearned_by_hh_size < 413","4+","national","xgboost","any_error",202,0.302,0.2328,68.28,0.005,0.0164,0.005,2,1,61,"earned income 0.40; unearned income 0.21; shelter deduction 0.16","wrong amount, known item 0.30; wrong include/exclude decision 0.23; unreported source of income 0.16; household composition 0.11",0.439024390243902,0.688524590163934,0.682926829268293,0.536585365853659
201,"buffer","earned_by_hh_size < 761 & gross_by_hh_size >= 704 & gross_by_hh_size < 715","4+","national","xgboost","any_error",176,0.3068,0.2327,58.31,0.0057,0.0185,0.0057,2,1,54,"earned income 0.42; unearned income 0.25; shelter deduction 0.12","wrong amount, known item 0.42; wrong include/exclude decision 0.20; unreported source of income 0.13",0.380952380952381,0.611111111111111,0.595238095238095,0.541176470588235
202,"buffer","months_since_cert_n > 12.5 & shelter_expenses_by_hh_size > 16 & unc_rawben_rel_max > 0.488 & utilities_sua <= 1.5","1","national","ranger","any_error",631,0.271,0.2319,39.63,0.0222,0.0643,0.0174,8,4,171,"utility allowance 0.32; shelter deduction 0.32; unearned income 0.18","wrong include/exclude decision 0.49; wrong amount, known item 0.21; change in circumstances 0.10",0.332191780821918,0.906432748538012,0.448630136986301,0.534246575342466
203,"buffer","count_divisible_by_100 < 1 & rawben_rel_max >= 0.471 & shelter_expenses_by_hh_size < 624 & total_deductions_by_hh_size >= 594","2-3","national","xgboost","any_error",325,0.2862,0.2317,56.92,0.0154,0.0323,0.0092,3,2,93,"earned income 0.33; dep care or child support deduction 0.24; shelter deduction 0.17; other element 0.08","wrong include/exclude decision 0.35; wrong amount, known item 0.29; other 0.10; change in circumstances 0.10",0.42483660130719,0.774193548387097,0.607843137254902,0.594771241830065
204,"buffer","gross_by_hh_size >= 39 & months_since_cert_n >= 12 & total_deductions_by_hh_size >= 124 & unc_rawben_rel_max >= 1.1","2-3","national","xgboost","any_error",140,0.3143,0.2314,87.22,0,0,0,3,2,44,"unearned income 0.32; other element 0.25; earned income 0.22","wrong include/exclude decision 0.30; wrong amount, known item 0.18; unreported source of income 0.13; other 0.11; change in circumstances 0.10",0.341772151898734,0.818181818181818,0.291139240506329,0.569620253164557
205,"buffer","earned_by_hh_size >= 1140 & percent_abawd >= 0.333 & percent_abawd < 0.667 & rawben_rel_max < 0.163","2-3","national","xgboost","any_error",55,0.3636,0.2314,96.09,0.0545,0.15,0.0545,2,1,20,"other element 0.47; earned income 0.27; shelter deduction 0.16","limits and thresholds 0.20; household composition 0.18; wrong include/exclude decision 0.18; wrong amount, known item 0.14; other 0.14",0.450980392156863,0.75,0.549019607843137,0.509803921568627
206,"buffer","elderly_disabled_i >= 1 & gross_by_hh_size >= 221 & total_deductions_by_hh_size < 204 & unearned_by_hh_size < 266","2-3","national","xgboost","any_error",52,0.3654,0.2297,65.94,0,0,0,2,1,19,"earned income 0.42; unearned income 0.25; other element 0.17","wrong amount, known item 0.25; change in circumstances 0.21; wrong include/exclude decision 0.21; household composition 0.12",0.416666666666667,0.368421052631579,0.458333333333333,0.666666666666667
207,"buffer","months_since_cert_n < 2 & rawben_rel_max >= 0.842 & rawben_rel_max < 0.902","2-3","national","xgboost","any_error",289,0.2872,0.2296,45.21,0.0104,0.0361,0.0104,1,1,83,"earned income 0.26; unearned income 0.24; shelter deduction 0.21; other element 0.13","wrong include/exclude decision 0.36; wrong amount, known item 0.26; unreported source of income 0.15",0.401709401709402,0.686746987951807,0.888888888888889,0.598290598290598
208,"buffer","HH_size_n > 2.5 & medical_deductions <= 174 & percent_abawd > 0.167 & unearned_by_hh_size > 603","2-3","national","ranger","any_error",59,0.3559,0.2287,78.02,0.0169,0.0476,0.0169,2,2,21,"unearned income 0.28; shelter deduction 0.22; earned income 0.19; other element 0.16","wrong include/exclude decision 0.44; wrong amount, known item 0.25; unreported source of income 0.12",0.40625,0.666666666666667,0.75,0.6875
209,"buffer","earned_by_hh_size < 658 & months_since_cert_n >= 8 & percent_abawd >= 0.167 & rawben_rel_max >= 0.607","4+","national","xgboost","any_error",127,0.315,0.2283,106.98,0.0394,0.1,0.0315,2,1,40,"earned income 0.49; shelter deduction 0.21; other element 0.16","wrong amount, known item 0.26; wrong include/exclude decision 0.24; change in circumstances 0.14; unreported source of income 0.14",0.471428571428571,0.775,0.471428571428571,0.514285714285714
210,"buffer","earned_by_hh_size > 32.8 & medical_deductions <= 170 & unearned_by_hh_size > 81.8 & utilities_sua <= 0.5","2-3","national","ranger","any_error",252,0.2897,0.2282,53.31,0.0198,0.0548,0.0159,1,1,73,"earned income 0.45; unearned income 0.22; other element 0.17","wrong amount, known item 0.27; wrong include/exclude decision 0.19; unreported source of income 0.18; change in circumstances 0.11; household composition 0.09",0.333333333333333,0.534246575342466,0.617647058823529,0.509803921568627
211,"buffer","gross_by_hh_size > 519 & months_since_cert_n > 4.5 & percent_abawd > 0.5","1","national","ranger","any_error",785,0.2624,0.2276,45.58,0.0344,0.1165,0.0306,15,9,206,"earned income 0.48; shelter deduction 0.15; unearned income 0.14","wrong amount, known item 0.27; wrong include/exclude decision 0.22; unreported source of income 0.18; change in circumstances 0.15",0.328025477707006,0.771844660194175,0.420382165605096,0.438095238095238
212,"buffer","earned_by_hh_size <= 2.67 & gross_by_hh_size > 220 & rawben_rel_max <= 0.0484 & unc_rawben_rel_max > 0.0409","2-3","national","ranger","any_error",56,0.3571,0.227,77,0.0179,0.05,0.0179,2,1,20,"shelter deduction 0.41; unearned income 0.37","wrong include/exclude decision 0.44; wrong amount, known item 0.33",0.592592592592593,0.1,0.62962962962963,0.851851851851852
213,"buffer","rawben_rel_max < 0.725 & unc_rawben_rel_max >= 0.695 & unearned_by_hh_size < 0.5","2-3","national","xgboost","any_error",234,0.2906,0.2269,43.33,0.0085,0.0294,0.0085,3,3,68,"earned income 0.50; shelter deduction 0.20; other element 0.15","wrong amount, known item 0.37; wrong include/exclude decision 0.16; change in circumstances 0.13; method or computation 0.10",0.46,0.602941176470588,0.7,0.6
214,"buffer","earned_by_hh_size > 0.25 & earned_by_hh_size <= 40.2 & elderly_disabled_i >= 1 & total_deductions_by_hh_size > 271","2-3","national","ranger","any_error",46,0.3696,0.2261,62.76,0,0,0,1,1,17,"earned income 0.38; shelter deduction 0.33; unearned income 0.25","wrong amount, known item 0.46; wrong include/exclude decision 0.21; unreported source of income 0.12",0.291666666666667,0.882352941176471,0.541666666666667,0.458333333333333
215,"buffer","gross_by_hh_size < 1280 & medical_deductions >= 3 & shelter_expenses_by_hh_size < 997 & total_deductions_by_hh_size >= 812","1","national","xgboost","any_error",381,0.2756,0.2258,28.91,0.0052,0.019,0.0052,2,1,105,"medical deduction 0.56; shelter deduction 0.18; utility allowance 0.12","wrong include/exclude decision 0.75",0.513888888888889,0.971428571428571,0.652777777777778,0.729166666666667
216,"buffer","expedited_i >= 1 & gross_by_hh_size > 370 & unc_rawben_rel_max <= 1.02 & unearned_by_hh_size <= 916","1","national","ranger","any_error",654,0.263,0.225,45.76,0.0657,0.2035,0.0535,2,1,172,"unearned income 0.35; earned income 0.33; shelter deduction 0.13","wrong include/exclude decision 0.28; unreported source of income 0.22; wrong amount, known item 0.20; change in circumstances 0.13",0.387755102040816,0.819767441860465,0.391836734693878,0.410569105691057
217,"buffer","months_since_cert_n >= 5 & rawben_rel_max >= 0.262 & unc_rawben_rel_max < 0.272","4+","national","xgboost","any_error",33,0.3939,0.2249,129.64,0,0,0,1,1,13,"earned income 0.31; other element 0.31; shelter deduction 0.19","wrong amount, known item 0.35; wrong include/exclude decision 0.23; household composition 0.19",0.538461538461538,0.538461538461538,0.5,0.538461538461538
218,"buffer","earned_by_hh_size > 964 & rawben_rel_max > 0.395 & utilities_sua <= 0.5","1","national","ranger","any_error",111,0.3153,0.2234,51.89,0.036,0.0857,0.027,2,1,35,"earned income 0.57; shelter deduction 0.16; utility allowance 0.16","wrong include/exclude decision 0.31; wrong amount, known item 0.25; change in circumstances 0.22",0.313725490196078,0.714285714285714,0.607843137254902,0.509803921568627
219,"buffer","gross_by_hh_size >= 55 & gross_by_hh_size < 364 & unc_rawben_rel_max >= 1.09 & unc_rawben_rel_max < 1.11","2-3","national","xgboost","any_error",337,0.276,0.2232,73.8,0,0,0,6,3,93,"earned income 0.49; unearned income 0.24; other element 0.11","wrong amount, known item 0.28; unreported source of income 0.27; wrong include/exclude decision 0.19; change in circumstances 0.09",0.284615384615385,0.946236559139785,0.569230769230769,0.469230769230769
220,"buffer","gross_by_hh_size >= 668 & HH_size_n >= 3 & unc_rawben_rel_max >= 0.491 & unc_rawben_rel_max < 0.508","2-3","national","xgboost","any_error",89,0.3258,0.2232,49.43,0,0,0,1,1,29,"unearned income 0.33; earned income 0.33; shelter deduction 0.17","wrong amount, known item 0.39; other 0.15; change in circumstances 0.11; wrong include/exclude decision 0.11",0.521739130434783,0.655172413793103,0.5,0.695652173913043
221,"buffer","months_since_cert_n >= 4 & rawben_rel_max >= 0.44 & unc_rawben_rel_max >= 0.54 & unc_rawben_rel_max < 0.546","2-3","national","xgboost","any_error",82,0.3293,0.2224,66.65,0.0122,0.037,0.0122,1,1,27,"earned income 0.33; unearned income 0.27; other element 0.15","unreported source of income 0.29; wrong include/exclude decision 0.21; wrong amount, known item 0.21; household composition 0.15",0.208333333333333,0.777777777777778,0.583333333333333,0.291666666666667
222,"buffer","gross_by_hh_size >= 560 & gross_by_hh_size < 661 & months_since_cert_n >= 4 & unearned_by_hh_size >= 425","4+","national","xgboost","any_error",134,0.306,0.2224,59.63,0,0,0,3,2,41,"unearned income 0.45; shelter deduction 0.21; other element 0.16","wrong include/exclude decision 0.31; wrong amount, known item 0.28; household composition 0.10; unreported source of income 0.09",0.402985074626866,0.560975609756098,0.447761194029851,0.567164179104478
223,"buffer","gross_by_hh_size >= 679 & rawben_rel_max >= 0.525 & rawben_rel_max < 0.576 & shelter_expenses_by_hh_size < 440","2-3","national","xgboost","any_error",138,0.3043,0.2221,43.65,0.0072,0.0238,0.0072,2,1,42,"earned income 0.37; shelter deduction 0.26; unearned income 0.15","wrong amount, known item 0.36; wrong include/exclude decision 0.30; method or computation 0.08; unreported source of income 0.08",0.301369863013699,0.69047619047619,0.643835616438356,0.547945205479452
224,"buffer","percent_abawd >= 0.167 & shelter_expenses_by_hh_size >= 229 & total_deductions_by_hh_size >= 160 & total_deductions_by_hh_size < 239","4+","national","xgboost","any_error",86,0.3256,0.2214,70.52,0.0233,0.0714,0.0233,2,1,28,"earned income 0.36; unearned income 0.22; other element 0.19","wrong amount, known item 0.25; wrong include/exclude decision 0.25; method or computation 0.17; household composition 0.11",0.472222222222222,0.785714285714286,0.527777777777778,0.638888888888889
225,"buffer","earned_by_hh_size > 146 & expedited_i <= 0 & HH_size_n > 2.5 & shelter_expenses_by_hh_size > 477","2-3","national","ranger","any_error",1579,0.2451,0.2208,45.09,0.0013,0.0026,6e-04,4,2,387,"earned income 0.48; shelter deduction 0.18; unearned income 0.14","wrong amount, known item 0.36; wrong include/exclude decision 0.22; unreported source of income 0.12; change in circumstances 0.09",0.362068965517241,0.723514211886305,0.646551724137931,0.524054982817869
226,"buffer","gross_by_hh_size >= 1010 & shelter_expenses_by_hh_size >= 1160 & total_deductions_by_hh_size >= 883 & utilities_sua < 2","1","national","xgboost","any_error",455,0.2659,0.2207,41.6,0.0176,0.0413,0.011,2,1,121,"shelter deduction 0.39; utility allowance 0.32; earned income 0.10","wrong include/exclude decision 0.53; wrong amount, known item 0.18; change in circumstances 0.12",0.278947368421053,0.917355371900826,0.605263157894737,0.463157894736842
227,"buffer","gross_by_hh_size >= 495 & months_since_cert_n < 1 & shelter_expenses_by_hh_size < 342 & total_deductions_by_hh_size >= 330","2-3","national","xgboost","any_error",54,0.3519,0.2206,66.54,0.037,0.1053,0.037,1,1,19,"other element 0.21; earned income 0.21; dep care or child support deduction 0.17; shelter deduction 0.17","wrong include/exclude decision 0.34; wrong amount, known item 0.28; household composition 0.17",0.551724137931034,0.736842105263158,0.827586206896552,0.724137931034483
228,"buffer","months_since_cert_n < 14 & total_deductions_by_hh_size >= 490 & unearned_by_hh_size >= 452","2-3","national","xgboost","any_error",1380,0.2464,0.2204,43.83,0.0036,0.0147,0.0036,2,1,340,"shelter deduction 0.34; unearned income 0.23; medical deduction 0.13; earned income 0.12","wrong include/exclude decision 0.42; wrong amount, known item 0.24; unreported source of income 0.12",0.343873517786561,0.873529411764706,0.6699604743083,0.50395256916996
229,"buffer","bbce_state_i >= 1 & earned_by_hh_size > 108 & total_deductions_by_hh_size <= 124 & utilities_sua <= 0.5","2-3","national","ranger","any_error",37,0.3784,0.22,61.57,0,0,0,1,1,14,"earned income 0.55; unearned income 0.23","wrong amount, known item 0.27; wrong include/exclude decision 0.18; change in circumstances 0.18; method or computation 0.14",0.409090909090909,0.285714285714286,0.545454545454545,0.5
230,"buffer","months_since_cert_n < 18 & total_deductions_by_hh_size >= 221 & unearned_by_hh_size >= 233","4+","national","xgboost","any_error",793,0.2535,0.2193,56.74,0.0151,0.0498,0.0126,1,1,201,"unearned income 0.29; shelter deduction 0.22; earned income 0.22; other element 0.16","wrong include/exclude decision 0.29; wrong amount, known item 0.27; unreported source of income 0.12; household composition 0.10",0.404040404040404,0.721393034825871,0.663299663299663,0.562289562289562
231,"buffer","rawben_rel_max >= 0.684 & rawben_rel_max < 0.715 & total_deductions_by_hh_size >= 268","2-3","national","xgboost","any_error",425,0.2659,0.2192,41.11,0.0071,0.0265,0.0071,4,2,113,"earned income 0.33; shelter deduction 0.22; unearned income 0.19; other element 0.10","wrong amount, known item 0.33; wrong include/exclude decision 0.21; unreported source of income 0.11; other 0.11",0.421383647798742,0.707964601769911,0.59748427672956,0.5375
232,"buffer","HH_size_n <= 2.5 & months_since_cert_n <= 8.5 & unearned_by_hh_size > 82.8 & unearned_by_hh_size <= 83.6","2-3","national","ranger","any_error",65,0.3385,0.2191,32.22,0,0,0,2,2,22,"unearned income 0.86","unreported source of income 0.50; wrong include/exclude decision 0.29",0.107142857142857,1,0.714285714285714,0.285714285714286
233,"buffer","months_since_cert_n >= 7 & months_since_cert_n < 22 & rawben_rel_max >= 0.917 & unc_rawben_rel_max < 1","4+","national","xgboost","any_error",327,0.2722,0.219,68.28,0.0428,0.1011,0.0275,6,3,89,"earned income 0.35; unearned income 0.24; other element 0.21","wrong amount, known item 0.28; wrong include/exclude decision 0.16; change in circumstances 0.13; household composition 0.12; unreported source of income 0.11",0.466165413533835,0.719101123595506,0.406015037593985,0.604477611940298
234,"buffer","count_divisible_by_100 < 2 & earned_by_hh_size >= 711 & gross_by_hh_size < 870 & HH_size_n < 3","2-3","national","xgboost","any_error",546,0.2601,0.2189,43.17,0.0128,0.0493,0.0128,4,2,142,"earned income 0.51; shelter deduction 0.18; other element 0.12","wrong amount, known item 0.32; wrong include/exclude decision 0.25; change in circumstances 0.12; household composition 0.09",0.403755868544601,0.633802816901408,0.619718309859155,0.586854460093897
235,"buffer","HH_size_n > 2.5 & months_since_cert_n <= 7.5 & percent_abawd <= 0.167 & unearned_by_hh_size > 899","2-3","national","ranger","any_error",58,0.3448,0.2186,61.38,0.0172,0.05,0.0172,1,1,20,"unearned income 0.37; shelter deduction 0.21; utility allowance 0.11; medical deduction 0.11","wrong include/exclude decision 0.37; wrong amount, known item 0.29; other 0.13",0.526315789473684,0.65,0.789473684210526,0.578947368421053
236,"buffer","rawben_rel_max > 0.543 & rawben_rel_max <= 0.908 & total_deductions_by_hh_size > 121 & utilities_sua <= 0.5","2-3","national","ranger","any_error",699,0.2546,0.2183,44.84,0.0129,0.0449,0.0114,10,5,178,"earned income 0.40; shelter deduction 0.15; other element 0.15; unearned income 0.15","wrong include/exclude decision 0.29; wrong amount, known item 0.24; change in circumstances 0.13; unreported source of income 0.11",0.357142857142857,0.539325842696629,0.612781954887218,0.605263157894737
237,"buffer","gross_by_hh_size < 1810 & shelter_expenses_by_hh_size < 925 & total_deductions_by_hh_size >= 1130","1","national","xgboost","any_error",110,0.3091,0.2176,58.62,0.0091,0,0,2,1,34,"medical deduction 0.39; shelter deduction 0.17; earned income 0.11; dep care or child support deduction 0.11","wrong include/exclude decision 0.56; wrong amount, known item 0.20",0.555555555555556,0.941176470588235,0.722222222222222,0.777777777777778
238,"buffer","rawben_rel_max >= 0.29 & unc_rawben_rel_max < 0.293","2-3","national","xgboost","any_error",55,0.3455,0.2163,27.62,0,0,0,3,3,19,"earned income 0.31; shelter deduction 0.23; unearned income 0.19; other element 0.12","wrong include/exclude decision 0.38; wrong amount, known item 0.35; method or computation 0.12",0.5,0.526315789473684,0.730769230769231,0.692307692307692
239,"buffer","months_since_cert_n <= 0.5 & total_deductions_by_hh_size > 115 & utilities_sua <= 0.5","2-3","national","ranger","any_error",221,0.2805,0.2161,46.4,0,0,0,2,1,62,"earned income 0.44; shelter deduction 0.22; unearned income 0.12","wrong amount, known item 0.30; wrong include/exclude decision 0.29; unreported source of income 0.12; household composition 0.10",0.337078651685393,0.67741935483871,0.898876404494382,0.617977528089888
240,"buffer","gross_by_hh_size < 998 & unc_rawben_rel_max < 1.05 & unearned_by_hh_size < 644 & utilities_sua >= 2","1","national","xgboost","any_error",406,0.2635,0.216,43.02,0.0148,0.0467,0.0123,7,4,107,"unearned income 0.57; earned income 0.18; shelter deduction 0.11","wrong include/exclude decision 0.35; wrong amount, known item 0.22; unreported source of income 0.22",0.43609022556391,0.85981308411215,0.503759398496241,0.582089552238806
241,"buffer","gross_by_hh_size < 1370 & medical_deductions >= 359 & months_since_cert_n < 31 & percent_abawd < 1","2-3","national","xgboost","any_error",111,0.3063,0.2155,53.43,0,0,0,1,1,34,"medical deduction 0.53; shelter deduction 0.23","wrong include/exclude decision 0.67; wrong amount, known item 0.16",0.456140350877193,0.941176470588235,0.543859649122807,0.701754385964912
242,"buffer","married >= 1 & unc_rawben_rel_max < 0.215 & unearned_by_hh_size >= 379 & unearned_by_hh_size < 510","2-3","national","xgboost","any_error",31,0.3871,0.2154,112.42,0.0645,0.1667,0.0645,2,1,12,"earned income 0.42; other element 0.25; shelter deduction 0.12","other 0.25; unreported source of income 0.21; household composition 0.21; wrong include/exclude decision 0.12",0.0833333333333333,0.833333333333333,0.166666666666667,0.333333333333333
243,"buffer","elderly_disabled_i <= 0 & expedited_i >= 1 & unearned_by_hh_size > 814","1","national","ranger","any_error",96,0.3125,0.215,59.64,0.0833,0.2333,0.0729,1,1,30,"unearned income 0.55; shelter deduction 0.18; earned income 0.14","wrong amount, known item 0.31; unreported source of income 0.22; wrong include/exclude decision 0.22",0.145833333333333,0.733333333333333,0.5625,0.326530612244898
244,"buffer","earned_by_hh_size >= 328 & shelter_expenses_by_hh_size < 586 & unc_rawben_rel_max >= 1.25","1","national","xgboost","any_error",119,0.3025,0.2149,68.85,0,0,0,4,2,36,"earned income 0.72; other element 0.13","unreported source of income 0.28; wrong include/exclude decision 0.23; change in circumstances 0.15; wrong amount, known item 0.13",0.283018867924528,1,0.490566037735849,0.433962264150943
245,"buffer","HH_size_n > 2.5 & months_since_cert_n > 5.5 & unc_rawben_rel_max > 0.493 & unc_rawben_rel_max <= 1","2-3","national","ranger","any_error",1688,0.2382,0.2149,39.4,0.0089,0.0149,0.0036,36,19,402,"earned income 0.32; unearned income 0.22; shelter deduction 0.21","wrong amount, known item 0.30; wrong include/exclude decision 0.27; other 0.11; change in circumstances 0.09",0.429699842022117,0.659203980099503,0.475513428120063,0.543035993740219
246,"buffer","gross_by_hh_size >= 250 & percent_abawd < 0.429 & shelter_expenses_by_hh_size >= 140 & shelter_expenses_by_hh_size < 147","4+","national","xgboost","any_error",123,0.3008,0.2147,64.07,0,0,0,1,1,37,"earned income 0.39; shelter deduction 0.16; other element 0.16; unearned income 0.14","wrong amount, known item 0.36; wrong include/exclude decision 0.25; unreported source of income 0.12; household composition 0.12",0.464285714285714,0.351351351351351,0.696428571428571,0.625
247,"buffer","earned_by_hh_size < 291 & total_deductions_by_hh_size >= 206 & total_deductions_by_hh_size < 209","4+","national","xgboost","any_error",63,0.3333,0.2133,74.32,0.0159,0,0,2,1,21,"earned income 0.29; other element 0.21; shelter deduction 0.21; unearned income 0.18","wrong amount, known item 0.26; wrong include/exclude decision 0.16; other 0.16; household composition 0.13; unreported source of income 0.11",0.447368421052632,0.619047619047619,0.394736842105263,0.710526315789474
248,"buffer","elderly_disabled_i <= 0 & shelter_expenses_by_hh_size < 518 & total_deductions_by_hh_size < 1240 & unearned_by_hh_size >= 539","1","national","xgboost","any_error",266,0.2707,0.2124,41.18,0.0188,0.0694,0.0188,2,1,72,"unearned income 0.56; shelter deduction 0.14; utility allowance 0.13","wrong amount, known item 0.38; wrong include/exclude decision 0.27; unreported source of income 0.12",0.469387755102041,0.25,0.63265306122449,0.663265306122449
249,"buffer","total_deductions_by_hh_size < 128 & unearned_by_hh_size >= 285 & unearned_by_hh_size < 314","4+","national","xgboost","any_error",113,0.3009,0.2115,76.44,0.0177,0.0588,0.0177,2,1,34,"earned income 0.29; other element 0.25; unearned income 0.24","wrong include/exclude decision 0.27; household composition 0.22; wrong amount, known item 0.22; unreported source of income 0.14",0.52,0.617647058823529,0.6,0.64
250,"buffer","bbce_state_i >= 1 & expedited_i <= 0 & rawben_rel_max > 0.97 & rawben_rel_max <= 0.975","4+","national","ranger","any_error",60,0.3333,0.2108,89.3,0.05,0.15,0.05,3,2,20,"earned income 0.37; unearned income 0.30; shelter deduction 0.19","unreported source of income 0.30; method or computation 0.15; wrong include/exclude decision 0.15; household composition 0.11; change in circumstances 0.11",0.37037037037037,0.9,0.518518518518518,0.518518518518518
251,"buffer","months_since_cert_n < 3 & shelter_expenses_by_hh_size < 417 & total_deductions_by_hh_size >= 412 & unc_rawben_rel_max < 1.24","2-3","national","xgboost","any_error",186,0.2796,0.2101,62.52,0.0108,0.0385,0.0108,1,1,52,"earned income 0.38; dep care or child support deduction 0.15; other element 0.12; shelter deduction 0.11","wrong amount, known item 0.36; wrong include/exclude decision 0.26; unreported source of income 0.10; method or computation 0.08",0.263888888888889,0.692307692307692,0.819444444444444,0.611111111111111
252,"buffer","earned_by_hh_size >= 1120 & months_since_cert_n >= 4 & rawben_rel_max >= 0.376 & rawben_rel_max < 0.814","1","national","xgboost","any_error",383,0.2585,0.2101,33.7,0.0235,0.0909,0.0235,2,1,99,"earned income 0.56; shelter deduction 0.16; other element 0.10","wrong amount, known item 0.41; wrong include/exclude decision 0.19; change in circumstances 0.14; unreported source of income 0.10",0.4,0.757575757575758,0.379310344827586,0.428571428571429
253,"buffer","children_i <= 0 & expedited_i >= 1 & total_deductions_by_hh_size > 147 & utilities_sua <= 1.5","2-3","national","ranger","any_error",46,0.3478,0.2085,81.17,0.0217,0.0625,0.0217,2,1,16,"earned income 0.32; other element 0.20; shelter deduction 0.16; unearned income 0.12","wrong include/exclude decision 0.24; wrong amount, known item 0.20; unreported source of income 0.16; household composition 0.16",0.24,0.8125,0.6,0.44
254,"buffer","gross_by_hh_size >= 934 & medical_deductions >= 158 & total_deductions_by_hh_size >= 473 & unearned_by_hh_size < 1140","1","national","xgboost","any_error",431,0.2529,0.2075,26.48,0.0046,0.0183,0.0046,2,1,109,"medical deduction 0.53; shelter deduction 0.22; unearned income 0.10","wrong include/exclude decision 0.73; wrong amount, known item 0.16",0.430379746835443,0.944954128440367,0.677215189873418,0.70253164556962
255,"buffer","rawben_rel_max < 0.321 & total_deductions_by_hh_size >= 318 & total_deductions_by_hh_size < 332 & unearned_by_hh_size < 3.5","2-3","national","xgboost","any_error",61,0.3279,0.2072,32.82,0,0,0,2,1,20,"earned income 0.67; other element 0.22","wrong amount, known item 0.48; household composition 0.19; wrong include/exclude decision 0.11",0.518518518518518,0.5,0.592592592592593,0.555555555555556
256,"buffer","bbce_state_i >= 1 & gross_by_hh_size > 1460 & rawben_rel_max > 0.312 & unc_rawben_rel_max <= 1.08","1","national","ranger","any_error",2426,0.2259,0.2068,29.04,0.0066,0.0255,0.0058,6,4,548,"shelter deduction 0.30; medical deduction 0.19; earned income 0.19; unearned income 0.17","wrong include/exclude decision 0.42; wrong amount, known item 0.26; unreported source of income 0.09",0.404228855721393,0.854014598540146,0.614427860696517,0.559553349875931
257,"buffer","earned_by_hh_size <= 2190 & medical_deductions > 198 & total_deductions_by_hh_size > 969 & unc_rawben_rel_max <= 1.03","1","national","ranger","any_error",762,0.2402,0.2061,32.21,0.0013,0.0055,0.0013,2,1,183,"medical deduction 0.49; shelter deduction 0.20; unearned income 0.18","wrong include/exclude decision 0.55; wrong amount, known item 0.23",0.498269896193772,0.923497267759563,0.608996539792388,0.674740484429066
258,"buffer","earned_by_hh_size >= 915 & earned_by_hh_size < 956 & total_deductions_by_hh_size < 330","2-3","national","xgboost","any_error",96,0.3021,0.2061,55.78,0.0417,0.1379,0.0417,2,1,29,"earned income 0.50; shelter deduction 0.15; unearned income 0.15","wrong amount, known item 0.28; wrong include/exclude decision 0.20; unreported source of income 0.20; household composition 0.11",0.478260869565217,0.517241379310345,0.608695652173913,0.58695652173913
259,"buffer","count_divisible_by_100 > 0.5 & earned_by_hh_size > 6.75 & shelter_expenses_by_hh_size <= 265 & unc_rawben_rel_max <= 0.974","2-3","national","ranger","any_error",215,0.2698,0.2057,37.61,0.0093,0.0345,0.0093,4,2,58,"earned income 0.48; unearned income 0.23; other element 0.09","wrong amount, known item 0.37; wrong include/exclude decision 0.20; unreported source of income 0.14; method or computation 0.09",0.36046511627907,0.551724137931034,0.732558139534884,0.569767441860465
260,"buffer","rawben_rel_max < 0.596 & unc_rawben_rel_max >= 0.54 & unc_rawben_rel_max < 0.551","2-3","national","xgboost","any_error",232,0.2672,0.2055,51.18,0.0086,0.0323,0.0086,6,3,62,"earned income 0.38; other element 0.18; shelter deduction 0.18; unearned income 0.17","wrong include/exclude decision 0.25; wrong amount, known item 0.25; unreported source of income 0.19; household composition 0.15",0.210526315789474,0.774193548387097,0.610526315789474,0.357894736842105
261,"buffer","gross_by_hh_size >= 333 & months_since_cert_n >= 13 & total_deductions_by_hh_size >= 363","2-3","national","xgboost","any_error",679,0.2415,0.2055,46.62,0.0103,0.0427,0.0103,6,4,164,"shelter deduction 0.26; unearned income 0.24; earned income 0.19; other element 0.16","wrong include/exclude decision 0.33; wrong amount, known item 0.22; unreported source of income 0.11; change in circumstances 0.09",0.375912408759124,0.841463414634146,0.302919708029197,0.503649635036496
262,"buffer","gross_by_hh_size < 913 & unearned_by_hh_size >= 324 & unearned_by_hh_size < 342","4+","national","xgboost","any_error",157,0.2803,0.2053,61.26,0.0064,0.0227,0.0064,2,1,44,"unearned income 0.34; shelter deduction 0.24; earned income 0.24","wrong amount, known item 0.36; wrong include/exclude decision 0.30; household composition 0.10",0.402985074626866,0.75,0.656716417910448,0.671641791044776
263,"buffer","elderly_disabled_i <= 0 & months_since_cert_n >= 5 & unc_rawben_rel_max < 1.02 & unearned_by_hh_size >= 904","1","national","xgboost","any_error",241,0.2656,0.2051,44.34,0.0456,0.1406,0.0373,2,1,64,"unearned income 0.48; shelter deduction 0.18; earned income 0.13","wrong include/exclude decision 0.32; wrong amount, known item 0.31; unreported source of income 0.12; other 0.10",0.385416666666667,0.453125,0.520833333333333,0.612244897959184
264,"buffer","count_divisible_by_100 <= 0.5 & married <= 0 & months_since_cert_n <= 5.5 & unearned_by_hh_size > 160","4+","national","ranger","any_error",2009,0.226,0.205,43.08,0.0095,0.033,0.0075,16,8,454,"unearned income 0.33; earned income 0.22; shelter deduction 0.20; other element 0.14","wrong amount, known item 0.34; wrong include/exclude decision 0.31; household composition 0.10; unreported source of income 0.08",0.433823529411765,0.621145374449339,0.726470588235294,0.645588235294118
265,"buffer","expedited_i >= 1 & months_since_cert_n <= 5.5 & rawben_rel_max <= 0.981 & shelter_expenses_by_hh_size > 277","2-3","national","ranger","any_error",375,0.2533,0.2049,54.46,0.0293,0.0842,0.0213,1,1,95,"earned income 0.33; shelter deduction 0.20; unearned income 0.19; other element 0.16","wrong amount, known item 0.29; wrong include/exclude decision 0.28; unreported source of income 0.14; household composition 0.13",0.439189189189189,0.621052631578947,0.655405405405405,0.550335570469799
266,"buffer","count_divisible_by_100 >= 1 & gross_by_hh_size < 150 & total_deductions_by_hh_size < 56 & unearned_by_hh_size < 40.8","4+","national","xgboost","any_error",36,0.3611,0.2047,84.92,0,0,0,2,1,13,"unearned income 0.60; earned income 0.20","unreported source of income 0.65; wrong include/exclude decision 0.25",0.1,1,0.85,0.15
267,"buffer","elderly_disabled_i <= 0 & gross_by_hh_size > 268 & unc_rawben_rel_max > 0.0787 & unearned_by_hh_size > 916","1","national","ranger","any_error",345,0.2551,0.2046,39.29,0.0348,0.1136,0.029,1,1,88,"unearned income 0.49; shelter deduction 0.18; utility allowance 0.12","wrong amount, known item 0.38; wrong include/exclude decision 0.31; other 0.10",0.338345864661654,0.363636363636364,0.62406015037594,0.664179104477612
268,"buffer","total_deductions_by_hh_size > 262 & unc_rawben_rel_max <= 1.03 & unearned_by_hh_size > 318 & unearned_by_hh_size <= 916","1","national","ranger","any_error",2886,0.2207,0.2033,31.08,0.0104,0.0298,0.0066,59,34,637,"unearned income 0.51; shelter deduction 0.21; utility allowance 0.13","wrong include/exclude decision 0.46; wrong amount, known item 0.24; unreported source of income 0.12",0.444801714898178,0.832025117739403,0.52411575562701,0.63607257203842
269,"buffer","months_since_cert_n <= 5.5 & shelter_expenses_by_hh_size > 195 & utilities_sua <= 1.5","4+","national","ranger","any_error",495,0.2444,0.2024,45.25,0.0061,0.0248,0.0061,2,1,121,"earned income 0.29; shelter deduction 0.26; utility allowance 0.16; unearned income 0.13","wrong include/exclude decision 0.34; wrong amount, known item 0.32; household composition 0.10",0.384615384615385,0.628099173553719,0.708791208791209,0.545945945945946
270,"buffer","earned_by_hh_size >= 376 & gross_by_hh_size < 1100 & rawben_rel_max < 0.769 & shelter_expenses_by_hh_size >= 367","1","national","xgboost","any_error",122,0.2869,0.2023,31.3,0.0082,0.0286,0.0082,5,3,35,"earned income 0.59; shelter deduction 0.22","wrong amount, known item 0.37; wrong include/exclude decision 0.22; change in circumstances 0.16",0.26530612244898,0.428571428571429,0.612244897959184,0.489795918367347
271,"buffer","bbce_state_i >= 1 & elderly_disabled_i <= 0 & gross_by_hh_size <= 362 & unearned_by_hh_size > 344","2-3","national","ranger","any_error",122,0.2869,0.2023,54.63,0.0082,0.0286,0.0082,1,1,35,"unearned income 0.47; shelter deduction 0.18; earned income 0.11","wrong include/exclude decision 0.31; unreported source of income 0.27; wrong amount, known item 0.18",0.418181818181818,0.8,0.581818181818182,0.6
272,"buffer","rawben_rel_max >= 0.205 & rawben_rel_max < 0.281 & shelter_expenses_by_hh_size >= 390","2-3","national","xgboost","any_error",519,0.2428,0.2018,29.83,0.0039,0.0159,0.0039,6,3,126,"shelter deduction 0.28; earned income 0.25; unearned income 0.19; other element 0.11","wrong include/exclude decision 0.30; wrong amount, known item 0.27; other 0.11; unreported source of income 0.09",0.420512820512821,0.722222222222222,0.569230769230769,0.510204081632653
273,"buffer","months_since_cert_n >= 2 & rawben_rel_max < 0.525 & unearned_by_hh_size >= 19.3 & unearned_by_hh_size < 64.3","2-3","national","xgboost","any_error",98,0.2959,0.2016,50.02,0.0102,0.0345,0.0102,2,1,29,"earned income 0.41; unearned income 0.29; shelter deduction 0.16","wrong amount, known item 0.37; unreported source of income 0.20; wrong include/exclude decision 0.18; change in circumstances 0.10",0.254901960784314,0.724137931034483,0.588235294117647,0.392156862745098
274,"buffer","earned_by_hh_size >= 715 & earned_by_hh_size < 1240 & gross_by_hh_size < 736","2-3","national","xgboost","any_error",169,0.2722,0.2005,45.8,0.0118,0.0435,0.0118,2,1,46,"earned income 0.55; shelter deduction 0.19; other element 0.15","wrong amount, known item 0.32; wrong include/exclude decision 0.24; household composition 0.10; change in circumstances 0.10",0.435483870967742,0.565217391304348,0.645161290322581,0.516129032258065
275,"buffer","gross_by_hh_size >= 661 & gross_by_hh_size < 672 & HH_size_n < 11 & total_deductions_by_hh_size < 460","4+","national","xgboost","any_error",169,0.2722,0.2005,55.61,0.0118,0.0435,0.0118,2,1,46,"earned income 0.38; shelter deduction 0.20; unearned income 0.17","wrong amount, known item 0.41; wrong include/exclude decision 0.26; method or computation 0.09",0.407407407407407,0.804347826086957,0.604938271604938,0.666666666666667
276,"buffer","earned_by_hh_size >= 709 & earned_by_hh_size < 732 & gross_by_hh_size < 1090 & total_deductions_by_hh_size >= 199","4+","national","xgboost","any_error",182,0.2692,0.2002,43.88,0,0,0,2,1,49,"earned income 0.37; shelter deduction 0.17; other element 0.14; unearned income 0.13","wrong amount, known item 0.37; wrong include/exclude decision 0.25; unreported source of income 0.08; household composition 0.08",0.373333333333333,0.714285714285714,0.626666666666667,0.578947368421053
277,"buffer","earned_by_hh_size <= 10.2 & gross_by_hh_size > 1070 & rawben_rel_max <= 0.971 & unc_rawben_rel_max > -0.0381","2-3","national","ranger","any_error",552,0.2391,0.1996,36.5,0.0036,0.0152,0.0036,7,4,132,"shelter deduction 0.30; unearned income 0.29; medical deduction 0.21","wrong include/exclude decision 0.45; wrong amount, known item 0.26; unreported source of income 0.08",0.387434554973822,0.772727272727273,0.607329842931937,0.596858638743455
278,"buffer","gross_by_hh_size >= 703 & gross_by_hh_size < 740 & percent_abawd < 0.667 & unearned_by_hh_size < 723","2-3","national","xgboost","any_error",659,0.2352,0.199,38.8,0.0061,0.0258,0.0061,18,11,155,"earned income 0.38; shelter deduction 0.24; unearned income 0.15","wrong amount, known item 0.31; wrong include/exclude decision 0.27; other 0.09; method or computation 0.09",0.425438596491228,0.658064516129032,0.671052631578947,0.565789473684211
279,"buffer","elderly_disabled_i <= 0 & total_deductions_by_hh_size > 754 & unc_rawben_rel_max <= 1.04 & utilities_sua <= 0.5","1","national","ranger","any_error",145,0.2759,0.1988,46.47,0.0621,0.2,0.0552,2,1,40,"earned income 0.47; shelter deduction 0.17; unearned income 0.12","wrong include/exclude decision 0.28; unreported source of income 0.24; wrong amount, known item 0.19; change in circumstances 0.17",0.241379310344828,0.9,0.568965517241379,0.396551724137931
280,"buffer","HH_size_n >= 7 & months_since_cert_n < 9 & unearned_by_hh_size >= 169","4+","national","xgboost","any_error",240,0.2583,0.1985,72.7,0.0042,0.0161,0.0042,2,1,62,"unearned income 0.33; earned income 0.25; other element 0.19","wrong include/exclude decision 0.32; wrong amount, known item 0.25; household composition 0.15; unreported source of income 0.15",0.445544554455446,0.629032258064516,0.693069306930693,0.603960396039604
281,"buffer","rawben_rel_max <= 0.274 & shelter_expenses_by_hh_size <= 2580 & total_deductions_by_hh_size > 211 & total_deductions_by_hh_size <= 215","1","national","ranger","any_error",112,0.2857,0.1981,27.23,0,0,0,2,2,32,"shelter deduction 0.94","wrong include/exclude decision 0.94",0.636363636363636,0,0.575757575757576,0.909090909090909
282,"buffer","months_since_cert_n < 8 & rawben_rel_max < 0.0893 & unc_rawben_rel_max >= 0.08 & utilities_sua >= 2","1","national","xgboost","any_error",150,0.2733,0.1977,40.11,0,0,0,1,1,41,"unearned income 0.35; shelter deduction 0.31; earned income 0.16","wrong include/exclude decision 0.43; wrong amount, known item 0.41",0.529411764705882,0,0.784313725490196,0.843137254901961
283,"buffer","earned_by_hh_size < 1560 & gross_by_hh_size >= 1560 & total_deductions_by_hh_size >= 350 & unc_rawben_rel_max < 1.33","2-3","national","xgboost","any_error",125,0.28,0.1972,65.66,0.04,0.1429,0.04,3,2,35,"other element 0.24; earned income 0.24; shelter deduction 0.21; unearned income 0.18","wrong amount, known item 0.21; wrong include/exclude decision 0.19; unreported source of income 0.18; other 0.12; household composition 0.10",0.25,0.914285714285714,0.513888888888889,0.402777777777778
