"rank","role","rule","hh","pool","engines","mined_frames","n_flagged_train","precision_train","precision_train_lcb","dollars_per_flag_train","mm_share_flags","mm_share_errors","mm_inflation","n_flagged_state","n_new_at_rank","n_error_cases_national","element_groups_to_75","nature_groups_to_75","found_in_case_record","share_overissuance","timing_at_certification","cause_agency","pile_share_flags","pile_share_errors"
1,"core","rawben_rel_max >= 0.897 & shelter_expenses_by_hh_size >= 866 & unc_rawben_rel_max < 1.01 & utilities_sua < 1","1","national","xgboost","any_error",69,0.7971,0.6649,145.93,0.0145,0,0,3,3,55,"shelter deduction 0.48; utility allowance 0.36","wrong include/exclude decision 0.66; change in circumstances 0.13",0.25,0.981818181818182,0.538461538461538,0.432692307692308,0,0
2,"core","bbce_state_i >= 1 & gross_by_hh_size > 580 & unc_rawben_rel_max > 0.999 & unc_rawben_rel_max <= 1","2-3","national","ranger","any_error",48,0.8125,0.6526,216.88,0,0,0,1,1,39,"shelter deduction 0.48; medical deduction 0.20; dep care or child support deduction 0.17","wrong include/exclude decision 0.41; wrong amount, known item 0.41",0.351851851851852,1,0.796296296296296,0.611111111111111,0,0
3,"core","elderly_disabled_i >= 1 & months_since_cert_n <= 7.5 & rawben_rel_max > 0.999 & unc_rawben_rel_max <= 1","2-3","national","ranger","any_error",79,0.6835,0.5534,145.25,0,0,0,2,1,54,"shelter deduction 0.56; medical deduction 0.12; unearned income 0.12","wrong include/exclude decision 0.50; wrong amount, known item 0.30",0.225,0.981481481481482,0.775,0.4625,0,0
4,"core","elderly_disabled_i >= 1 & rawben_rel_max >= 1 & shelter_expenses_by_hh_size < 848 & unc_rawben_rel_max < 1.02","1","national","xgboost","any_error",376,0.609,0.5494,101.59,0,0,0,10,10,229,"unearned income 0.63; shelter deduction 0.16","wrong include/exclude decision 0.56; unreported source of income 0.15; wrong amount, known item 0.14",0.5,0.995633187772926,0.468553459119497,0.686520376175549,0.0931,0.0568
5,"core","medical_deductions > 196 & rawben_rel_max > 0.998 & unc_rawben_rel_max <= 1.02","1","national","ranger","any_error",95,0.6526,0.5336,106.32,0,0,0,2,1,62,"medical deduction 0.62; shelter deduction 0.18","wrong include/exclude decision 0.67; wrong amount, known item 0.17",0.532608695652174,1,0.66304347826087,0.717391304347826,0,0
6,"core","shelter_expenses_by_hh_size >= 682 & shelter_expenses_by_hh_size < 983 & unc_rawben_rel_max >= 1.01 & unc_rawben_rel_max < 1.02","1","national","xgboost","any_error",147,0.6259,0.5301,94.63,0,0,0,4,3,92,"unearned income 0.75; shelter deduction 0.18","wrong include/exclude decision 0.49; wrong amount, known item 0.25; unreported source of income 0.13",0.514925373134328,1,0.470149253731343,0.73134328358209,0,0
7,"core","rawben_rel_max > 0.999 & total_deductions_by_hh_size > 504 & unc_rawben_rel_max > 0.155 & unc_rawben_rel_max <= 1","2-3","national","ranger","any_error",86,0.6512,0.5259,150.12,0,0,0,2,1,56,"shelter deduction 0.49; dep care or child support deduction 0.15; medical deduction 0.15","wrong include/exclude decision 0.41; wrong amount, known item 0.40",0.378048780487805,0.964285714285714,0.75609756097561,0.621951219512195,0,0
8,"core","elderly_disabled_i >= 1 & rawben_rel_max > 0.804 & shelter_expenses_by_hh_size > 940 & utilities_sua <= 0.5","1","national","ranger","any_error",123,0.6016,0.4968,110.8,0.0163,0,0,5,3,74,"shelter deduction 0.44; utility allowance 0.34","wrong include/exclude decision 0.63; wrong amount, known item 0.14",0.264285714285714,0.986486486486487,0.585714285714286,0.45,0,0
9,"core","HH_size_n >= 5 & married <= 0 & shelter_expenses_by_hh_size < 300 & total_deductions_by_hh_size >= 341","4+","national","xgboost","any_error",33,0.697,0.4945,183.45,0.0303,0.0435,0.0303,1,1,23,"dep care or child support deduction 0.29; earned income 0.22; shelter deduction 0.20; unearned income 0.13","wrong include/exclude decision 0.42; wrong amount, known item 0.29; unreported source of income 0.11",0.444444444444444,0.869565217391304,0.844444444444444,0.511111111111111,0,0
10,"core","earned_by_hh_size <= 1140 & shelter_expenses_by_hh_size > 1420 & unc_rawben_rel_max <= 1","2-3","national","ranger","any_error",38,0.6579,0.4696,175.42,0.0789,0.12,0.0789,1,1,25,"shelter deduction 0.36; earned income 0.33; unearned income 0.18","wrong amount, known item 0.39; wrong include/exclude decision 0.30; unreported source of income 0.18",0.272727272727273,0.92,0.636363636363636,0.545454545454545,0,0
11,"core","percent_abawd <= 0.583 & rawben_rel_max > 0.978 & shelter_expenses_by_hh_size <= 682 & unearned_by_hh_size > 528","2-3","national","ranger","any_error",30,0.6667,0.4552,160.57,0,0,0,2,1,20,"medical deduction 0.33; shelter deduction 0.30; dep care or child support deduction 0.17","wrong include/exclude decision 0.53; wrong amount, known item 0.23",0.433333333333333,1,0.666666666666667,0.7,0,0
12,"core","shelter_expenses_by_hh_size >= 692 & total_deductions_by_hh_size < 738 & unc_rawben_rel_max >= 1.01","1","national","xgboost","any_error",59,0.5763,0.4265,94.1,0,0,0,2,2,34,"unearned income 0.65; shelter deduction 0.23","wrong include/exclude decision 0.40; wrong amount, known item 0.29; unreported source of income 0.13",0.538461538461538,0.970588235294118,0.480769230769231,0.730769230769231,0,0
13,"core","gross_by_hh_size >= 822 & rawben_rel_max >= 0.639 & unearned_by_hh_size >= 168 & unearned_by_hh_size < 602","2-3","national","xgboost","any_error",51,0.5686,0.4085,129.88,0.0196,0.0345,0.0196,1,1,29,"earned income 0.34; unearned income 0.25; shelter deduction 0.23","wrong amount, known item 0.34; wrong include/exclude decision 0.23; unreported source of income 0.18",0.25,0.793103448275862,0.545454545454545,0.409090909090909,0,0
14,"core","earned_by_hh_size > 484 & unc_rawben_rel_max > 1.33 & utilities_sua <= 0.5","1","national","ranger","any_error",41,0.5854,0.4069,143.8,0,0,0,1,1,24,"earned income 0.57; shelter deduction 0.23","wrong include/exclude decision 0.33; unreported source of income 0.25; wrong amount, known item 0.23",0.475,1,0.55,0.525,0.2439,0.2083
15,"core","expedited_i <= 0 & gross_by_hh_size > 1170 & unc_rawben_rel_max > 0.998 & unc_rawben_rel_max <= 1.03","1","national","ranger","any_error",335,0.4687,0.4062,84.73,0,0,0,2,2,157,"shelter deduction 0.37; unearned income 0.27; medical deduction 0.25","wrong include/exclude decision 0.52; wrong amount, known item 0.22; unreported source of income 0.12",0.415525114155251,1,0.639269406392694,0.611872146118721,0,0
16,"core","months_since_cert_n > 10.5 & rawben_rel_max > 0.747 & total_deductions_by_hh_size > 580 & utilities_sua <= 0.5","1","national","ranger","any_error",131,0.5038,0.4041,91.42,0.0153,0.0303,0.0153,11,6,66,"shelter deduction 0.36; utility allowance 0.31; unearned income 0.13","wrong include/exclude decision 0.59; wrong amount, known item 0.14; change in circumstances 0.13",0.286885245901639,0.954545454545455,0.401639344262295,0.459016393442623,0.0076,0
17,"core","HH_size_n >= 5 & rawben_rel_max < 0.801 & shelter_expenses_by_hh_size < 498 & total_deductions_by_hh_size >= 401","4+","national","xgboost","any_error",58,0.5517,0.402,99.64,0,0,0,1,1,32,"dep care or child support deduction 0.33; earned income 0.29; shelter deduction 0.21","wrong include/exclude decision 0.44; wrong amount, known item 0.38",0.557692307692308,0.78125,0.788461538461538,0.596153846153846,0,0
18,"core","HH_size_n >= 5 & shelter_expenses_by_hh_size < 300 & total_deductions_by_hh_size >= 341","4+","national","xgboost","any_error",58,0.5517,0.402,127.34,0.0172,0.0312,0.0172,2,1,32,"dep care or child support deduction 0.33; earned income 0.26; shelter deduction 0.16; unearned income 0.12","wrong include/exclude decision 0.40; wrong amount, known item 0.29; unreported source of income 0.10",0.482758620689655,0.875,0.775862068965517,0.517241379310345,0,0
19,"core","shelter_expenses_by_hh_size > 2580 & unc_rawben_rel_max <= 1.04","1","national","ranger","any_error",82,0.5244,0.3986,96.9,0.0488,0.093,0.0488,1,1,43,"unearned income 0.31; shelter deduction 0.30; earned income 0.18","wrong include/exclude decision 0.33; wrong amount, known item 0.26; unreported source of income 0.23",0.344262295081967,0.883720930232558,0.540983606557377,0.475409836065574,0.0366,0.0698
20,"core","shelter_expenses_by_hh_size >= 1100 & total_deductions_by_hh_size >= 1140 & unearned_by_hh_size >= 851 & utilities_sua < 1","1","national","xgboost","any_error",40,0.575,0.3952,121.53,0,0,0,1,1,23,"shelter deduction 0.40; utility allowance 0.33; medical deduction 0.10","wrong include/exclude decision 0.60; wrong amount, known item 0.12; unreported source of income 0.10",0.208333333333333,1,0.604166666666667,0.375,0,0
21,"core","gross_by_hh_size > 198 & HH_size_n > 2.5 & total_deductions_by_hh_size > 691 & unearned_by_hh_size > 66.8","2-3","national","ranger","any_error",59,0.5424,0.3944,156.36,0,0,0,1,1,32,"earned income 0.25; unearned income 0.25; dep care or child support deduction 0.22; shelter deduction 0.17","wrong include/exclude decision 0.32; wrong amount, known item 0.24; unreported source of income 0.17; other 0.11",0.19047619047619,0.84375,0.587301587301587,0.428571428571429,0,0
22,"core","children_i <= 0 & earned_by_hh_size > 126 & expedited_i >= 1 & rawben_rel_max <= 0.959","2-3","national","ranger","any_error",57,0.5439,0.3934,125.91,0.0526,0.0968,0.0526,4,4,31,"earned income 0.42; other element 0.33","household composition 0.25; wrong amount, known item 0.19; unreported source of income 0.17; wrong include/exclude decision 0.10; other 0.10",0.352941176470588,0.709677419354839,0.627450980392157,0.442307692307692,0,0
23,"core","rawben_rel_max >= 1 & total_deductions_by_hh_size < 957 & unc_rawben_rel_max < 1.01 & unearned_by_hh_size >= 277","1","national","xgboost","any_error",384,0.4453,0.3875,71.96,0,0,0,13,7,171,"unearned income 0.54; shelter deduction 0.29","wrong include/exclude decision 0.54; unreported source of income 0.17; wrong amount, known item 0.10",0.412556053811659,0.994152046783626,0.533632286995516,0.540178571428571,0.0599,0.0819
24,"core","earned_by_hh_size > 376 & percent_abawd <= 0.5 & unc_rawben_rel_max > 1.27 & utilities_sua <= 0.5","1","national","ranger","any_error",45,0.5556,0.3867,141.49,0,0,0,1,1,25,"earned income 0.64; shelter deduction 0.18","unreported source of income 0.28; wrong include/exclude decision 0.28; wrong amount, known item 0.26",0.41025641025641,1,0.487179487179487,0.435897435897436,0.1111,0.08
25,"core","earned_by_hh_size >= 568 & shelter_expenses_by_hh_size < 1040 & unc_rawben_rel_max >= 1.4 & unearned_by_hh_size < 254","1","national","xgboost","any_error",80,0.5125,0.3859,114.03,0,0,0,8,8,41,"earned income 0.66; other element 0.15","unreported source of income 0.25; change in circumstances 0.23; wrong amount, known item 0.20; limits and thresholds 0.13",0.383333333333333,1,0.533333333333333,0.39344262295082,0,0
26,"core","rawben_rel_max >= 0.861 & shelter_expenses_by_hh_size < 935 & unc_rawben_rel_max >= 0.04 & unearned_by_hh_size >= 1220","1","national","xgboost","any_error",37,0.5676,0.3818,112,0,0,0,1,1,21,"medical deduction 0.49; shelter deduction 0.19; unearned income 0.16","wrong include/exclude decision 0.65; wrong amount, known item 0.19",0.621621621621622,0.952380952380952,0.702702702702703,0.810810810810811,0,0
27,"core","gross_by_hh_size >= 1200 & months_since_cert_n >= 9 & total_deductions_by_hh_size >= 896","2-3","national","xgboost","any_error",33,0.5758,0.3793,127,0.0909,0.1579,0.0909,2,1,19,"shelter deduction 0.29; medical deduction 0.23; earned income 0.23; other element 0.13","wrong include/exclude decision 0.48; wrong amount, known item 0.16; unreported source of income 0.16",0.387096774193548,0.894736842105263,0.387096774193548,0.516129032258065,0,0
28,"core","earned_by_hh_size >= 763 & total_deductions_by_hh_size >= 812 & unearned_by_hh_size >= 8.5","2-3","national","xgboost","any_error",44,0.5455,0.3756,117.64,0.0227,0.0417,0.0227,2,1,24,"earned income 0.38; unearned income 0.23; dep care or child support deduction 0.15","wrong amount, known item 0.50; wrong include/exclude decision 0.23; unreported source of income 0.10",0.1875,0.916666666666667,0.458333333333333,0.395833333333333,0,0
29,"core","children_i >= 1 & count_divisible_by_100 <= 0.5 & elderly_disabled_i >= 1 & percent_abawd <= 0.5","1","national","ranger","any_error",34,0.5588,0.3666,112.35,0.0294,0.0526,0.0294,2,2,19,"other element 0.65; shelter deduction 0.12","household composition 0.65; wrong include/exclude decision 0.19",0.615384615384615,0.210526315789474,0.653846153846154,0.653846153846154,0.0294,0
30,"core","gross_by_hh_size > 107 & HH_size_n > 5.5 & months_since_cert_n > 11.5 & unc_rawben_rel_max > 0.702","4+","national","ranger","any_error",34,0.5588,0.3666,162.79,0.0588,0.0526,0.0294,7,7,19,"earned income 0.41; unearned income 0.22; shelter deduction 0.16","wrong include/exclude decision 0.28; wrong amount, known item 0.25; unreported source of income 0.16; other 0.12",0.53125,0.789473684210526,0.65625,0.6875,0,0
31,"core","elderly_disabled_i >= 1 & months_since_cert_n > 6.5 & unc_rawben_rel_max <= 1 & unearned_by_hh_size <= 124","4+","national","ranger","any_error",45,0.5333,0.3663,111.89,0.0222,0.0417,0.0222,3,3,24,"unearned income 0.32; earned income 0.30; shelter deduction 0.19","wrong amount, known item 0.27; wrong include/exclude decision 0.24; unreported source of income 0.14; change in circumstances 0.11",0.444444444444444,0.833333333333333,0.333333333333333,0.540540540540541,0,0
32,"core","count_divisible_by_100 > 1.5 & months_since_cert_n > 5.5 & total_deductions_by_hh_size <= 249 & unc_rawben_rel_max <= 0.975","4+","national","ranger","any_error",32,0.5625,0.3646,104.28,0,0,0,3,2,18,"earned income 0.50; unearned income 0.25","wrong amount, known item 0.34; unreported source of income 0.19; wrong include/exclude decision 0.12; change in circumstances 0.09",0.3,0.555555555555556,0.533333333333333,0.5,0,0
33,"core","gross_by_hh_size >= 1190 & percent_abawd < 1 & shelter_expenses_by_hh_size < 758 & unc_rawben_rel_max >= 0.484","2-3","national","xgboost","any_error",43,0.5349,0.3642,113.02,0,0,0,1,1,23,"earned income 0.37; dep care or child support deduction 0.24; shelter deduction 0.18","wrong include/exclude decision 0.37; wrong amount, known item 0.26; method or computation 0.11; change in circumstances 0.08",0.5,0.826086956521739,0.526315789473684,0.657894736842105,0,0
34,"core","count_divisible_by_100 > 1.5 & months_since_cert_n > 5.5 & rawben_rel_max <= 0.975 & utilities_sua > 0.5","4+","national","ranger","any_error",41,0.5366,0.362,114.27,0,0,0,4,2,22,"earned income 0.50; unearned income 0.21; shelter deduction 0.16","wrong amount, known item 0.29; unreported source of income 0.18; wrong include/exclude decision 0.16; household composition 0.11; change in circumstances 0.08",0.305555555555556,0.590909090909091,0.555555555555556,0.5,0,0
35,"core","shelter_expenses_by_hh_size <= 487 & total_deductions_by_hh_size > 691 & unc_rawben_rel_max <= 1","2-3","national","ranger","any_error",64,0.5,0.3604,109.95,0.0312,0.0312,0.0156,2,1,32,"dep care or child support deduction 0.29; earned income 0.27; shelter deduction 0.20","wrong include/exclude decision 0.39; wrong amount, known item 0.29; other 0.14",0.321428571428571,0.8125,0.75,0.464285714285714,0,0
36,"core","HH_size_n < 5 & rawben_rel_max >= 0.785 & rawben_rel_max < 0.789","4+","national","xgboost","any_error",39,0.5385,0.3597,118.31,0,0,0,1,1,21,"earned income 0.58; shelter deduction 0.10; unearned income 0.10","wrong amount, known item 0.39; wrong include/exclude decision 0.16; change in circumstances 0.16; unreported source of income 0.13",0.333333333333333,0.666666666666667,0.466666666666667,0.419354838709677,0,0
37,"core","earned_by_hh_size > 81.2 & earned_by_hh_size <= 425 & HH_size_n > 4.5 & months_since_cert_n > 14.5","4+","national","ranger","any_error",35,0.5429,0.3548,95.43,0,0,0,9,6,19,"earned income 0.45; shelter deduction 0.21; other element 0.18","wrong amount, known item 0.30; wrong include/exclude decision 0.27; change in circumstances 0.15; other 0.12",0.424242424242424,0.526315789473684,0.363636363636364,0.575757575757576,0,0
38,"core","gross_by_hh_size >= 1130 & shelter_expenses_by_hh_size < 884 & total_deductions_by_hh_size >= 717 & unearned_by_hh_size >= 147","2-3","national","xgboost","any_error",49,0.5102,0.3516,112.35,0,0,0,2,1,25,"medical deduction 0.24; earned income 0.20; shelter deduction 0.16; unearned income 0.14","wrong include/exclude decision 0.41; wrong amount, known item 0.22; unreported source of income 0.08; method or computation 0.08",0.408163265306122,0.92,0.489795918367347,0.489795918367347,0,0
39,"core","months_since_cert_n < 14 & rawben_rel_max >= 0.107 & total_deductions_by_hh_size >= 660 & unearned_by_hh_size >= 908","2-3","national","xgboost","any_error",195,0.4308,0.3513,73.95,0,0,0,1,1,84,"shelter deduction 0.37; unearned income 0.26; medical deduction 0.22","wrong include/exclude decision 0.44; wrong amount, known item 0.24; unreported source of income 0.12",0.392307692307692,0.892857142857143,0.715384615384615,0.538461538461538,0,0
40,"core","bbce_state_i >= 1 & HH_size_n > 5.5 & total_deductions_by_hh_size > 242 & unearned_by_hh_size > 0.25","4+","national","ranger","any_error",162,0.4383,0.351,122.86,0.0123,0.0282,0.0123,2,2,71,"earned income 0.32; unearned income 0.24; shelter deduction 0.18; dep care or child support deduction 0.12","wrong amount, known item 0.31; wrong include/exclude decision 0.25; unreported source of income 0.14; method or computation 0.08",0.346456692913386,0.732394366197183,0.559055118110236,0.52755905511811,0,0
41,"core","months_since_cert_n > 8.5 & percent_abawd <= 0.167 & rawben_rel_max <= 0.365 & total_deductions_by_hh_size > 602","2-3","national","ranger","any_error",95,0.4632,0.3494,81.52,0.0737,0.1591,0.0737,6,3,44,"shelter deduction 0.26; earned income 0.26; unearned income 0.16; other element 0.16","wrong include/exclude decision 0.29; wrong amount, known item 0.28; other 0.10; change in circumstances 0.09",0.36046511627907,0.863636363636364,0.27906976744186,0.441860465116279,0,0
42,"core","gross_by_hh_size >= 1060 & rawben_rel_max >= 0.312 & shelter_expenses_by_hh_size >= 919 & utilities_sua < 1","1","national","xgboost","any_error",180,0.4278,0.3453,71.37,0.0278,0.039,0.0167,4,2,77,"shelter deduction 0.43; utility allowance 0.33","wrong include/exclude decision 0.57; wrong amount, known item 0.16; change in circumstances 0.12",0.217687074829932,0.961038961038961,0.625850340136054,0.448979591836735,0,0
43,"core","earned_by_hh_size >= 280 & earned_by_hh_size < 474 & months_since_cert_n >= 9 & rawben_rel_max >= 0.641","4+","national","xgboost","any_error",264,0.4129,0.3448,95.64,0.0114,0.0275,0.0114,21,16,109,"earned income 0.50; other element 0.16; shelter deduction 0.13","wrong amount, known item 0.30; wrong include/exclude decision 0.17; change in circumstances 0.16; method or computation 0.09; household composition 0.08",0.450617283950617,0.761467889908257,0.425925925925926,0.545454545454545,0,0
44,"core","bbce_state_i >= 1 & earned_by_hh_size >= 682 & total_deductions_by_hh_size < 2030 & unc_rawben_rel_max >= 1.44","1","national","xgboost","any_error",74,0.473,0.3445,109.74,0,0,0,2,1,35,"earned income 0.66; other element 0.13","unreported source of income 0.32; change in circumstances 0.19; wrong amount, known item 0.13; other 0.13",0.169811320754717,1,0.320754716981132,0.377358490566038,0,0
45,"core","children_i <= 0 & earned_by_hh_size > 123 & gross_by_hh_size > 2130 & total_deductions_by_hh_size > 500","2-3","national","ranger","any_error",41,0.5122,0.3401,123.88,0.0488,0.0952,0.0488,4,2,21,"other element 0.35; earned income 0.30; shelter deduction 0.24","household composition 0.22; wrong include/exclude decision 0.19; wrong amount, known item 0.19; other 0.19",0.222222222222222,1,0.444444444444444,0.314814814814815,0,0
46,"core","HH_size_n >= 5 & shelter_expenses_by_hh_size < 463 & total_deductions_by_hh_size >= 335 & unc_rawben_rel_max < 1","4+","national","xgboost","any_error",188,0.4202,0.3399,89.27,0.0106,0.0253,0.0106,6,3,79,"earned income 0.31; dep care or child support deduction 0.28; shelter deduction 0.19","wrong include/exclude decision 0.37; wrong amount, known item 0.31; unreported source of income 0.11",0.458015267175573,0.759493670886076,0.717557251908397,0.603053435114504,0,0
47,"core","earned_by_hh_size > 5.75 & HH_size_n > 2.5 & total_deductions_by_hh_size > 632 & unearned_by_hh_size > 39.2","2-3","national","ranger","any_error",58,0.4828,0.3383,130.36,0,0,0,2,1,28,"earned income 0.31; unearned income 0.24; dep care or child support deduction 0.22","wrong include/exclude decision 0.29; wrong amount, known item 0.28; unreported source of income 0.16; other 0.12",0.206896551724138,0.821428571428571,0.568965517241379,0.431034482758621,0,0
48,"core","rawben_rel_max >= 1 & shelter_expenses_by_hh_size >= 1370 & unc_rawben_rel_max < 1.02 & unearned_by_hh_size >= 1080","1","national","xgboost","any_error",278,0.4029,0.3369,66.41,0,0,0,2,1,112,"shelter deduction 0.54; medical deduction 0.17; unearned income 0.16","wrong include/exclude decision 0.57; wrong amount, known item 0.19",0.371069182389937,1,0.622641509433962,0.553459119496855,0,0
49,"core","earned_by_hh_size >= 87.4 & earned_by_hh_size < 176 & gross_by_hh_size < 496 & rawben_rel_max < 0.876","4+","national","xgboost","any_error",186,0.414,0.3336,81.09,0.0054,0.013,0.0054,4,3,77,"earned income 0.40; unearned income 0.24; shelter deduction 0.15","wrong amount, known item 0.37; wrong include/exclude decision 0.22; unreported source of income 0.11; household composition 0.10",0.553846153846154,0.623376623376623,0.561538461538462,0.653846153846154,0,0
50,"core","shelter_expenses_by_hh_size > 1410 & unc_rawben_rel_max <= 1.25","2-3","national","ranger","any_error",79,0.4557,0.3324,132.01,0.0633,0.1389,0.0633,2,1,36,"earned income 0.39; shelter deduction 0.33; unearned income 0.20","wrong amount, known item 0.45; wrong include/exclude decision 0.24; unreported source of income 0.16",0.26530612244898,0.944444444444444,0.551020408163265,0.489795918367347,0.0127,0.0278
51,"core","medical_deductions > 467 & unc_rawben_rel_max > 0.328","2-3","national","ranger","any_error",54,0.4815,0.3324,100.59,0,0,0,2,1,26,"medical deduction 0.53; shelter deduction 0.20; unearned income 0.20","wrong include/exclude decision 0.56; wrong amount, known item 0.20",0.555555555555556,0.961538461538462,0.6,0.777777777777778,0,0
52,"core","earned_by_hh_size > 124 & married >= 1 & months_since_cert_n > 9.5 & total_deductions_by_hh_size > 597","2-3","national","ranger","any_error",42,0.5,0.3311,113.29,0.0238,0.0476,0.0238,2,2,21,"earned income 0.45; shelter deduction 0.20; other element 0.15","wrong amount, known item 0.20; wrong include/exclude decision 0.20; change in circumstances 0.17; other 0.15; unreported source of income 0.12",0.225,0.80952380952381,0.125,0.225,0,0
53,"core","HH_size_n >= 5 & months_since_cert_n >= 6 & percent_abawd >= 0.3 & total_deductions_by_hh_size >= 138","4+","national","xgboost","any_error",42,0.5,0.3311,164.14,0.0714,0.1429,0.0714,2,1,21,"earned income 0.48; other element 0.23; shelter deduction 0.13","wrong amount, known item 0.23; household composition 0.23; change in circumstances 0.16; unreported source of income 0.13; wrong include/exclude decision 0.13",0.290322580645161,0.666666666666667,0.483870967741935,0.516129032258065,0,0
54,"core","HH_size_n >= 5 & months_since_cert_n < 7 & shelter_expenses_by_hh_size < 348 & total_deductions_by_hh_size >= 286","4+","national","xgboost","any_error",185,0.4108,0.3304,96.52,0.0108,0.0263,0.0108,3,2,76,"earned income 0.31; dep care or child support deduction 0.29; shelter deduction 0.15","wrong include/exclude decision 0.38; wrong amount, known item 0.33; method or computation 0.08",0.508474576271186,0.789473684210526,0.813559322033898,0.610169491525424,0,0
55,"core","earned_by_hh_size >= 270 & gross_by_hh_size < 438 & HH_size_n >= 5 & unearned_by_hh_size >= 0.2","4+","national","xgboost","any_error",169,0.4142,0.3301,96.22,0.0059,0.0143,0.0059,2,2,70,"earned income 0.46; unearned income 0.24; shelter deduction 0.17","wrong amount, known item 0.38; wrong include/exclude decision 0.21; unreported source of income 0.13; method or computation 0.07",0.358490566037736,0.714285714285714,0.764150943396226,0.598130841121495,0,0
56,"core","earned_by_hh_size > 7.48 & elderly_disabled_i >= 1 & months_since_cert_n > 6.5 & rawben_rel_max > 0.587","4+","national","ranger","any_error",108,0.4352,0.3299,103.51,0.0093,0.0213,0.0093,8,4,47,"earned income 0.42; shelter deduction 0.22; unearned income 0.15","wrong amount, known item 0.30; wrong include/exclude decision 0.22; change in circumstances 0.18; household composition 0.10",0.541666666666667,0.74468085106383,0.319444444444444,0.561643835616438,0,0
57,"core","months_since_cert_n > 10.5 & shelter_expenses_by_hh_size > 295 & total_deductions_by_hh_size > 324","4+","national","ranger","any_error",106,0.434,0.3279,78.46,0,0,0,8,5,46,"earned income 0.40; shelter deduction 0.16; other element 0.15; unearned income 0.14","wrong amount, known item 0.29; wrong include/exclude decision 0.21; change in circumstances 0.14; unreported source of income 0.11; method or computation 0.10",0.328767123287671,0.782608695652174,0.410958904109589,0.493150684931507,0,0
58,"core","elderly_disabled_i <= 0 & gross_by_hh_size > 308 & unc_rawben_rel_max > 0.0787 & unc_rawben_rel_max <= 0.0822","1","national","ranger","any_error",114,0.4298,0.3276,80.79,0,0,0,3,3,49,"unearned income 0.34; earned income 0.33; shelter deduction 0.17","wrong amount, known item 0.39; wrong include/exclude decision 0.27; other 0.14",0.4,0,0.614285714285714,0.714285714285714,0,0
59,"core","rawben_rel_max < 0.76 & shelter_expenses_by_hh_size < 517 & total_deductions_by_hh_size >= 401","4+","national","xgboost","any_error",207,0.401,0.3252,75.57,0.0048,0.012,0.0048,7,5,83,"dep care or child support deduction 0.32; earned income 0.29; shelter deduction 0.19","wrong amount, known item 0.39; wrong include/exclude decision 0.34; other 0.08",0.388157894736842,0.783132530120482,0.703947368421053,0.559210526315789,0,0
60,"core","medical_deductions >= 176 & rawben_rel_max >= 0.952 & shelter_expenses_by_hh_size >= 667 & unc_rawben_rel_max < 1.16","1","national","xgboost","any_error",241,0.3942,0.3241,57.83,0.0083,0.0211,0.0083,2,1,95,"medical deduction 0.51; shelter deduction 0.22; unearned income 0.16","wrong include/exclude decision 0.62; wrong amount, known item 0.17",0.496503496503497,0.989473684210526,0.601398601398601,0.692307692307692,0,0
61,"core","months_since_cert_n >= 4 & months_since_cert_n < 7 & shelter_expenses_by_hh_size >= 463 & unearned_by_hh_size >= 500","4+","national","xgboost","any_error",38,0.5,0.3235,97.21,0.0263,0.0526,0.0263,1,1,19,"unearned income 0.29; shelter deduction 0.29; other element 0.12; utility allowance 0.12","wrong include/exclude decision 0.46; wrong amount, known item 0.21; method or computation 0.12",0.416666666666667,0.684210526315789,0.75,0.416666666666667,0,0
62,"core","HH_size_n > 2.5 & total_deductions_by_hh_size > 636 & unc_rawben_rel_max <= 1","2-3","national","ranger","any_error",156,0.4103,0.3232,88.35,0.0064,0,0,6,4,64,"earned income 0.30; dep care or child support deduction 0.28; unearned income 0.17; shelter deduction 0.13","wrong include/exclude decision 0.33; wrong amount, known item 0.26; unreported source of income 0.14; other 0.12",0.266666666666667,0.78125,0.608333333333333,0.458333333333333,0,0
63,"core","earned_by_hh_size <= 1870 & gross_by_hh_size > 1780 & HH_size_n <= 2.5 & total_deductions_by_hh_size > 548","2-3","national","ranger","any_error",43,0.4884,0.3226,100.53,0.0698,0.1429,0.0698,2,2,21,"earned income 0.24; other element 0.21; shelter deduction 0.19; unearned income 0.19","wrong amount, known item 0.24; wrong include/exclude decision 0.21; unreported source of income 0.19; household composition 0.12",0.285714285714286,0.904761904761905,0.571428571428571,0.428571428571429,0,0
64,"core","earned_by_hh_size > 42.6 & earned_by_hh_size <= 404 & gross_by_hh_size > 404 & gross_by_hh_size <= 440","4+","national","ranger","any_error",151,0.4106,0.3221,91.11,0.0132,0.0323,0.0132,2,1,62,"earned income 0.38; unearned income 0.25; shelter deduction 0.15","wrong amount, known item 0.32; wrong include/exclude decision 0.19; change in circumstances 0.10; other 0.10; household composition 0.10",0.403846153846154,0.645161290322581,0.596153846153846,0.59047619047619,0,0
65,"core","gross_by_hh_size >= 1670 & percent_abawd >= 0.333 & rawben_rel_max < 0.386 & unearned_by_hh_size < 955","2-3","national","xgboost","any_error",31,0.5161,0.3211,119.23,0.0323,0.0625,0.0323,2,1,16,"other element 0.48; earned income 0.27","household composition 0.23; limits and thresholds 0.18; wrong amount, known item 0.18; other 0.14; wrong include/exclude decision 0.14",0.340909090909091,1,0.5,0.431818181818182,0,0
66,"core","bbce_state_i >= 1 & earned_by_hh_size >= 635 & shelter_expenses_by_hh_size < 1800 & unc_rawben_rel_max >= 1.38","1","national","xgboost","any_error",109,0.422,0.3182,91.62,0,0,0,7,5,46,"earned income 0.66; other element 0.19","unreported source of income 0.31; change in circumstances 0.19; wrong amount, known item 0.14; limits and thresholds 0.14",0.214285714285714,1,0.271428571428571,0.357142857142857,0,0
67,"core","gross_by_hh_size >= 1100 & months_since_cert_n >= 1 & percent_abawd < 0.5 & rawben_rel_max >= 0.529","2-3","national","xgboost","any_error",167,0.4012,0.3174,84.01,0.012,0.0299,0.012,3,2,67,"earned income 0.27; shelter deduction 0.20; dep care or child support deduction 0.18; medical deduction 0.15","wrong include/exclude decision 0.43; wrong amount, known item 0.26; unreported source of income 0.15",0.408602150537634,0.895522388059702,0.634408602150538,0.537634408602151,0,0
68,"core","elderly_disabled_i <= 0 & HH_size_n >= 6 & months_since_cert_n >= 7 & unearned_by_hh_size >= 97.6","4+","national","xgboost","any_error",123,0.4146,0.317,100.2,0.0244,0.0392,0.0163,7,4,51,"unearned income 0.37; earned income 0.30; other element 0.18","wrong amount, known item 0.34; wrong include/exclude decision 0.17; other 0.11; household composition 0.11; method or computation 0.08",0.506024096385542,0.705882352941177,0.530120481927711,0.63855421686747,0,0
69,"core","earned_by_hh_size > 42.2 & married >= 1 & months_since_cert_n > 5.5 & rawben_rel_max > 0.593","4+","national","ranger","any_error",613,0.3589,0.3152,91.01,0.0131,0.0318,0.0114,40,20,220,"earned income 0.54; shelter deduction 0.16; other element 0.14","wrong amount, known item 0.33; wrong include/exclude decision 0.20; unreported source of income 0.13; household composition 0.11",0.422492401215805,0.709090909090909,0.516717325227964,0.586102719033233,0.0212,0.0409
70,"core","earned_by_hh_size > 13.2 & months_since_cert_n > 5.5 & shelter_expenses_by_hh_size > 302 & shelter_expenses_by_hh_size <= 317","2-3","national","ranger","any_error",49,0.4694,0.315,77.33,0,0,0,4,4,23,"earned income 0.48; shelter deduction 0.24; dep care or child support deduction 0.07","wrong include/exclude decision 0.31; wrong amount, known item 0.24; change in circumstances 0.21",0.261904761904762,0.608695652173913,0.285714285714286,0.523809523809524,0,0
71,"core","earned_by_hh_size <= 166 & elderly_disabled_i >= 1 & rawben_rel_max > 0.994 & unc_rawben_rel_max <= 1","4+","national","ranger","any_error",44,0.4773,0.3145,81.84,0,0,0,3,3,21,"shelter deduction 0.61; other element 0.18","wrong include/exclude decision 0.55; wrong amount, known item 0.15; other 0.12",0.121212121212121,1,0.575757575757576,0.363636363636364,0,0
72,"core","months_since_cert_n < 7 & shelter_expenses_by_hh_size >= 1080 & unc_rawben_rel_max < 1.1 & unearned_by_hh_size >= 818","2-3","national","xgboost","any_error",94,0.4255,0.3142,74.14,0.0106,0.025,0.0106,1,1,40,"shelter deduction 0.43; unearned income 0.32","wrong include/exclude decision 0.37; wrong amount, known item 0.35; unreported source of income 0.13",0.416666666666667,0.75,0.85,0.6,0,0
73,"core","earned_by_hh_size < 1080 & gross_by_hh_size >= 660 & rawben_rel_max < 0.649 & total_deductions_by_hh_size >= 691","2-3","national","xgboost","any_error",173,0.3931,0.3112,57.02,0.0058,0.0147,0.0058,2,1,68,"shelter deduction 0.34; unearned income 0.26; medical deduction 0.20","wrong include/exclude decision 0.46; wrong amount, known item 0.25; unreported source of income 0.12",0.380952380952381,0.882352941176471,0.638095238095238,0.533333333333333,0,0
74,"core","shelter_expenses_by_hh_size >= 431 & unc_rawben_rel_max < 1 & unearned_by_hh_size >= 146 & unearned_by_hh_size < 242","4+","national","xgboost","any_error",138,0.3986,0.3072,102.79,0.029,0.0545,0.0217,2,1,55,"earned income 0.33; unearned income 0.29; shelter deduction 0.17","wrong amount, known item 0.38; unreported source of income 0.13; wrong include/exclude decision 0.13; method or computation 0.10; change in circumstances 0.09",0.388888888888889,0.727272727272727,0.644444444444444,0.555555555555556,0,0
75,"core","months_since_cert_n > 5.5 & percent_abawd > 0.191 & rawben_rel_max > 0.537 & rawben_rel_max <= 0.976","4+","national","ranger","any_error",141,0.3972,0.3068,121.13,0.0426,0.0893,0.0355,6,3,56,"earned income 0.48; shelter deduction 0.19; unearned income 0.15","wrong amount, known item 0.27; wrong include/exclude decision 0.24; unreported source of income 0.15; change in circumstances 0.13",0.404255319148936,0.767857142857143,0.5,0.51063829787234,0,0
76,"core","earned_by_hh_size > 83.4 & gross_by_hh_size <= 455 & total_deductions_by_hh_size > 348","4+","national","ranger","any_error",77,0.4286,0.3064,139.79,0.026,0.0606,0.026,1,1,33,"earned income 0.46; dep care or child support deduction 0.19; shelter deduction 0.12","wrong amount, known item 0.31; wrong include/exclude decision 0.21; unreported source of income 0.13; change in circumstances 0.12",0.392156862745098,0.939393939393939,0.588235294117647,0.519230769230769,0,0
77,"core","HH_size_n > 5.5 & rawben_rel_max > 0.889 & rawben_rel_max <= 0.894","4+","national","ranger","any_error",30,0.5,0.3046,158.07,0.0667,0.1333,0.0667,2,1,15,"earned income 0.48; dep care or child support deduction 0.13; shelter deduction 0.13; unearned income 0.13","wrong amount, known item 0.39; wrong include/exclude decision 0.26; change in circumstances 0.13",0.391304347826087,0.533333333333333,0.304347826086957,0.521739130434783,0,0
78,"core","earned_by_hh_size > 42.6 & HH_size_n > 4.5 & unc_rawben_rel_max > 0.377 & unearned_by_hh_size > 20.6","4+","national","ranger","any_error",1260,0.3333,0.3032,71.79,0.0063,0.0167,0.0056,29,15,420,"earned income 0.38; unearned income 0.26; shelter deduction 0.17","wrong amount, known item 0.36; wrong include/exclude decision 0.22; unreported source of income 0.12; change in circumstances 0.07",0.422752808988764,0.664285714285714,0.64185393258427,0.599162011173184,0,0
79,"core","earned_by_hh_size >= 469 & gross_by_hh_size < 1280 & shelter_expenses_by_hh_size < 894 & unc_rawben_rel_max >= 1.36","1","national","xgboost","any_error",132,0.3939,0.3011,87.38,0,0,0,13,7,52,"earned income 0.63; shelter deduction 0.16","unreported source of income 0.29; wrong amount, known item 0.20; change in circumstances 0.18; wrong include/exclude decision 0.16",0.259259259259259,1,0.493827160493827,0.292682926829268,0,0
80,"core","expedited_i <= 0 & unc_rawben_rel_max > 0.192 & unearned_by_hh_size > 1080","2-3","national","ranger","any_error",283,0.364,0.3006,55.97,0.0035,0.0097,0.0035,4,2,103,"shelter deduction 0.34; unearned income 0.26; medical deduction 0.23","wrong include/exclude decision 0.47; wrong amount, known item 0.24; unreported source of income 0.10",0.377622377622378,0.87378640776699,0.636363636363636,0.566433566433566,0,0
81,"core","earned_by_hh_size >= 126 & gross_by_hh_size < 190 & unc_rawben_rel_max >= 1.08 & unc_rawben_rel_max < 1.11","2-3","national","xgboost","any_error",46,0.4565,0.2994,134.3,0,0,0,3,3,21,"earned income 0.75","unreported source of income 0.32; wrong amount, known item 0.25; wrong include/exclude decision 0.21",0.25,0.952380952380952,0.642857142857143,0.392857142857143,0,0
82,"core","bbce_state_i >= 1 & earned_by_hh_size > 42.6 & total_deductions_by_hh_size > 305 & unearned_by_hh_size > 18.9","4+","national","ranger","any_error",513,0.345,0.2981,72.34,0.0058,0.0169,0.0058,3,2,177,"earned income 0.32; unearned income 0.25; shelter deduction 0.17; dep care or child support deduction 0.14","wrong amount, known item 0.38; wrong include/exclude decision 0.23; unreported source of income 0.09; other 0.08",0.408227848101266,0.711864406779661,0.629746835443038,0.559748427672956,0,0
83,"core","children_i >= 1 & months_since_cert_n < 4 & shelter_expenses_by_hh_size < 915 & unc_rawben_rel_max < 0.701","1","national","xgboost","any_error",68,0.4265,0.2975,58.4,0.0294,0.069,0.0294,1,1,29,"other element 0.37; shelter deduction 0.21; unearned income 0.18","household composition 0.37; wrong include/exclude decision 0.26; wrong amount, known item 0.18",0.394736842105263,0.137931034482759,0.684210526315789,0.684210526315789,0,0
84,"core","gross_by_hh_size >= 1880 & medical_deductions < 216 & shelter_expenses_by_hh_size >= 1920 & total_deductions_by_hh_size >= 1570","1","national","xgboost","any_error",170,0.3765,0.2951,62.76,0.0353,0.0938,0.0353,1,1,64,"shelter deduction 0.30; unearned income 0.24; earned income 0.20; medical deduction 0.10","wrong include/exclude decision 0.39; wrong amount, known item 0.25; unreported source of income 0.16",0.393258426966292,0.859375,0.550561797752809,0.49438202247191,0,0
85,"core","months_since_cert_n >= 8 & rawben_rel_max >= 0.905 & rawben_rel_max < 0.927","4+","national","xgboost","any_error",63,0.4286,0.2949,83.19,0.0317,0.0741,0.0317,6,3,27,"unearned income 0.38; earned income 0.28; shelter deduction 0.15","wrong amount, known item 0.28; wrong include/exclude decision 0.23; unreported source of income 0.21; other 0.05",0.461538461538462,0.592592592592593,0.333333333333333,0.564102564102564,0,0
86,"core","gross_by_hh_size > 220 & shelter_expenses_by_hh_size > 745 & total_deductions_by_hh_size <= 476 & unearned_by_hh_size <= 262","2-3","national","ranger","any_error",120,0.3917,0.2948,92.19,0.0083,0.0213,0.0083,1,1,47,"earned income 0.70; unearned income 0.12","wrong amount, known item 0.35; unreported source of income 0.23; other 0.11; method or computation 0.11",0.368421052631579,0.851063829787234,0.631578947368421,0.456140350877193,0.1417,0.234
87,"core","rawben_rel_max <= 0.99 & total_deductions_by_hh_size > 213 & unearned_by_hh_size > 20.5 & unearned_by_hh_size <= 59.3","4+","national","ranger","any_error",228,0.364,0.2939,72.53,0,0,0,2,1,83,"earned income 0.36; unearned income 0.29; shelter deduction 0.16","wrong amount, known item 0.44; wrong include/exclude decision 0.26; unreported source of income 0.09",0.405797101449275,0.746987951807229,0.58695652173913,0.546762589928058,0,0
88,"core","gross_by_hh_size <= 144 & married >= 1 & shelter_expenses_by_hh_size > 187 & unc_rawben_rel_max <= 1.09","4+","national","ranger","any_error",31,0.4839,0.2936,201.39,0,0,0,2,1,15,"earned income 0.61; unearned income 0.33","wrong amount, known item 0.33; unreported source of income 0.22; wrong include/exclude decision 0.22",0.277777777777778,1,0.555555555555556,0.444444444444444,0,0
89,"core","HH_size_n > 5.5 & percent_abawd > 0.155 & rawben_rel_max <= 0.959 & unc_rawben_rel_max > 0.586","4+","national","ranger","any_error",55,0.4364,0.2935,131.84,0.0364,0.0833,0.0364,2,1,24,"earned income 0.42; other element 0.32; shelter deduction 0.11","wrong amount, known item 0.24; household composition 0.21; wrong include/exclude decision 0.16; unreported source of income 0.11; change in circumstances 0.11",0.421052631578947,0.666666666666667,0.657894736842105,0.5,0,0
90,"core","earned_by_hh_size > 581 & gross_by_hh_size <= 628 & months_since_cert_n > 6.5","4+","national","ranger","any_error",109,0.3945,0.2931,82.89,0.0092,0.0233,0.0092,7,5,43,"earned income 0.53; shelter deduction 0.19; other element 0.17","wrong amount, known item 0.29; other 0.14; wrong include/exclude decision 0.14; household composition 0.12; change in circumstances 0.12",0.254237288135593,0.627906976744186,0.440677966101695,0.593220338983051,0,0
91,"core","earned_by_hh_size < 541 & gross_by_hh_size >= 459 & shelter_expenses_by_hh_size >= 216 & utilities_sua < 2","4+","national","xgboost","any_error",118,0.3898,0.2924,63.71,0,0,0,1,1,46,"earned income 0.25; unearned income 0.23; shelter deduction 0.20; utility allowance 0.15","wrong include/exclude decision 0.33; wrong amount, known item 0.32; household composition 0.09; unreported source of income 0.06",0.455696202531646,0.565217391304348,0.632911392405063,0.62962962962963,0,0
92,"core","elderly_disabled_i >= 1 & expedited_i >= 1 & rawben_rel_max > 0.998 & unc_rawben_rel_max <= 1.03","1","national","ranger","any_error",217,0.3641,0.2922,63.61,0,0,0,2,1,79,"unearned income 0.52; shelter deduction 0.26","wrong include/exclude decision 0.53; unreported source of income 0.20; wrong amount, known item 0.13",0.385964912280702,0.987341772151899,0.456140350877193,0.535087719298246,0.0415,0.0253
93,"core","earned_by_hh_size >= 45 & earned_by_hh_size < 467 & total_deductions_by_hh_size >= 63 & total_deductions_by_hh_size < 82.4","4+","national","xgboost","any_error",178,0.3708,0.2916,86.81,0.0337,0.0909,0.0337,6,3,66,"earned income 0.54; unearned income 0.20; other element 0.11","wrong amount, known item 0.35; unreported source of income 0.19; wrong include/exclude decision 0.14; change in circumstances 0.09",0.452631578947368,0.560606060606061,0.6,0.536842105263158,0,0
94,"core","earned_by_hh_size > 426 & months_since_cert_n > 5.5 & rawben_rel_max > 0.285 & utilities_sua <= 0.5","1","national","ranger","any_error",151,0.3775,0.2915,70.42,0.0728,0.1754,0.0662,13,7,57,"earned income 0.59; shelter deduction 0.18","wrong include/exclude decision 0.28; unreported source of income 0.24; change in circumstances 0.19; wrong amount, known item 0.17",0.252631578947368,0.789473684210526,0.294736842105263,0.273684210526316,0.0199,0.0351
95,"core","gross_by_hh_size >= 557 & HH_size_n >= 6 & total_deductions_by_hh_size >= 239","4+","national","xgboost","any_error",299,0.3512,0.2901,87.96,0.0033,0.0095,0.0033,4,2,105,"earned income 0.36; shelter deduction 0.19; unearned income 0.17; dep care or child support deduction 0.13","wrong amount, known item 0.31; wrong include/exclude decision 0.28; method or computation 0.10; unreported source of income 0.10",0.38121546961326,0.704761904761905,0.613259668508287,0.546961325966851,0,0
96,"core","elderly_disabled_i <= 0 & gross_by_hh_size >= 326 & HH_size_n >= 7 & married <= 0","4+","national","xgboost","any_error",191,0.3665,0.2901,98.81,0.0105,0.0286,0.0105,2,1,70,"earned income 0.40; shelter deduction 0.18; other element 0.16","wrong amount, known item 0.29; wrong include/exclude decision 0.26; household composition 0.14; unreported source of income 0.10",0.310679611650485,0.657142857142857,0.689320388349515,0.519230769230769,0,0
97,"core","percent_abawd > 0.05 & shelter_expenses_by_hh_size > 1.9 & total_deductions_by_hh_size <= 122 & unearned_by_hh_size <= 120","4+","national","ranger","any_error",34,0.4706,0.2896,114.12,0.0294,0,0,2,1,16,"earned income 0.42; other element 0.27; shelter deduction 0.12","household composition 0.23; unreported source of income 0.19; other 0.15; wrong include/exclude decision 0.15; change in circumstances 0.12",0.384615384615385,0.5625,0.576923076923077,0.615384615384615,0,0
98,"core","elderly_disabled_i <= 0 & rawben_rel_max <= 0.312 & unc_rawben_rel_max > 0.0769 & unearned_by_hh_size > 268","1","national","ranger","any_error",143,0.3776,0.2894,71.04,0.028,0.0741,0.028,3,2,54,"unearned income 0.56; shelter deduction 0.16; utility allowance 0.10","wrong amount, known item 0.46; wrong include/exclude decision 0.28; other 0.14",0.417721518987342,0.111111111111111,0.658227848101266,0.708860759493671,0,0
99,"core","earned_by_hh_size > 5.75 & gross_by_hh_size > 731 & rawben_rel_max > 0.786 & unearned_by_hh_size > 169","2-3","national","ranger","any_error",70,0.4143,0.2883,104.04,0,0,0,1,1,29,"earned income 0.43; shelter deduction 0.20; unearned income 0.20","wrong amount, known item 0.30; wrong include/exclude decision 0.27; unreported source of income 0.16; change in circumstances 0.14",0.227272727272727,0.862068965517241,0.454545454545455,0.386363636363636,0,0
100,"core","total_deductions_by_hh_size >= 569 & unearned_by_hh_size >= 1190","2-3","national","xgboost","any_error",186,0.3656,0.2883,59.22,0.0108,0.0294,0.0108,2,1,68,"shelter deduction 0.38; medical deduction 0.28; unearned income 0.26","wrong include/exclude decision 0.46; wrong amount, known item 0.23; unreported source of income 0.12",0.395833333333333,0.867647058823529,0.666666666666667,0.572916666666667,0,0
101,"core","earned_by_hh_size >= 709 & earned_by_hh_size < 761 & rawben_rel_max >= 0.467 & unc_rawben_rel_max >= 0.454","4+","national","xgboost","any_error",171,0.3684,0.2879,70.16,0,0,0,4,2,63,"earned income 0.35; shelter deduction 0.19; dep care or child support deduction 0.18; unearned income 0.14","wrong amount, known item 0.41; wrong include/exclude decision 0.26; other 0.08; unreported source of income 0.08",0.343434343434343,0.777777777777778,0.626262626262626,0.51,0,0
102,"core","earned_by_hh_size > 81.8 & months_since_cert_n > 14.5 & rawben_rel_max <= 0.397 & utilities_sua > 0.5","2-3","national","ranger","any_error",56,0.4286,0.2878,85.3,0.0536,0.125,0.0536,10,7,24,"earned income 0.34; other element 0.29; shelter deduction 0.17","wrong include/exclude decision 0.23; unreported source of income 0.15; wrong amount, known item 0.14; change in circumstances 0.11; limits and thresholds 0.11; household composition 0.09",0.290322580645161,0.708333333333333,0.225806451612903,0.306451612903226,0,0
103,"core","HH_size_n > 5.5 & months_since_cert_n > 3.5 & shelter_expenses_by_hh_size > 313 & unearned_by_hh_size > 20.6","4+","national","ranger","any_error",123,0.3821,0.2872,98.93,0.0163,0.0426,0.0163,2,1,47,"earned income 0.34; unearned income 0.25; shelter deduction 0.21","wrong amount, known item 0.31; wrong include/exclude decision 0.27; method or computation 0.14; unreported source of income 0.08",0.323943661971831,0.680851063829787,0.492957746478873,0.563380281690141,0,0
104,"core","HH_size_n >= 5 & months_since_cert_n >= 4 & months_since_cert_n < 7 & total_deductions_by_hh_size >= 285","4+","national","xgboost","any_error",253,0.3518,0.2857,85.09,0.004,0.0112,0.004,2,1,89,"earned income 0.37; shelter deduction 0.21; dep care or child support deduction 0.18","wrong amount, known item 0.38; wrong include/exclude decision 0.30; unreported source of income 0.08",0.513888888888889,0.764044943820225,0.625,0.6,0,0
105,"core","elderly_disabled_i >= 1 & gross_by_hh_size > 1980 & HH_size_n <= 2.5 & rawben_rel_max <= 0.98","2-3","national","ranger","any_error",65,0.4154,0.2851,91.48,0.0308,0.0741,0.0308,2,1,27,"other element 0.35; earned income 0.25; shelter deduction 0.19","household composition 0.23; wrong amount, known item 0.21; other 0.20; wrong include/exclude decision 0.13",0.213333333333333,1,0.493333333333333,0.28,0,0
106,"buffer","earned_by_hh_size >= 471 & months_since_cert_n >= 8 & percent_abawd >= 0.333 & rawben_rel_max >= 0.5","2-3","national","xgboost","any_error",82,0.4024,0.2863,95.18,0.0488,0.1212,0.0488,3,3,33,"earned income 0.49; other element 0.23; shelter deduction 0.11","wrong amount, known item 0.28; wrong include/exclude decision 0.21; unreported source of income 0.11; household composition 0.10; other 0.10",0.327868852459016,0.848484848484849,0.459016393442623,0.459016393442623,0,0
107,"buffer","expedited_i <= 0 & rawben_rel_max > 0.997 & unc_rawben_rel_max > 1.01 & unc_rawben_rel_max <= 1.02","1","national","ranger","any_error",582,0.3299,0.2863,52.58,0,0,0,10,5,192,"unearned income 0.69; shelter deduction 0.16","wrong include/exclude decision 0.45; wrong amount, known item 0.23; unreported source of income 0.17",0.515570934256055,0.994791666666667,0.439446366782007,0.652920962199313,0.0172,0.0312
108,"buffer","earned_by_hh_size >= 596 & months_since_cert_n >= 7 & rawben_rel_max >= 0.61 & shelter_expenses_by_hh_size >= 172","4+","national","xgboost","any_error",88,0.3977,0.2857,65.8,0.0114,0.0286,0.0114,5,3,35,"earned income 0.38; dep care or child support deduction 0.29; shelter deduction 0.18","wrong amount, known item 0.36; wrong include/exclude decision 0.20; other 0.16; change in circumstances 0.13",0.244444444444444,0.8,0.377777777777778,0.444444444444444,0,0
109,"buffer","medical_deductions < 3 & rawben_rel_max < 0.08 & shelter_expenses_by_hh_size < 977 & unc_rawben_rel_max >= 0.076","1","national","xgboost","any_error",106,0.3868,0.2848,64.46,0.0094,0.0244,0.0094,3,2,41,"shelter deduction 0.36; unearned income 0.27; earned income 0.18","wrong include/exclude decision 0.50; wrong amount, known item 0.21; change in circumstances 0.11",0.571428571428571,0.024390243902439,0.732142857142857,0.785714285714286,0,0
110,"buffer","earned_by_hh_size >= 11 & expedited_i >= 1 & gross_by_hh_size >= 221 & months_since_cert_n >= 9","2-3","national","xgboost","any_error",109,0.3853,0.2848,88.21,0.0459,0.119,0.0459,5,3,42,"earned income 0.61; other element 0.13; shelter deduction 0.13","wrong amount, known item 0.24; unreported source of income 0.21; change in circumstances 0.18; wrong include/exclude decision 0.13",0.295081967213115,0.761904761904762,0.39344262295082,0.483870967741935,0.0826,0.0952
111,"buffer","medical_deductions <= 582 & rawben_rel_max > 0.132 & unc_rawben_rel_max > 0.999 & unc_rawben_rel_max <= 1","2-3","national","ranger","any_error",261,0.3487,0.2838,60.14,0,0,0,4,2,91,"shelter deduction 0.59; dep care or child support deduction 0.12; utility allowance 0.09","wrong include/exclude decision 0.54; wrong amount, known item 0.31",0.275590551181102,0.978021978021978,0.779527559055118,0.480314960629921,0,0
112,"buffer","earned_by_hh_size > 104 & gross_by_hh_size <= 671 & months_since_cert_n > 19.5","2-3","national","ranger","any_error",32,0.4688,0.2834,96.03,0,0,0,7,5,15,"earned income 0.45; unearned income 0.21; other element 0.14","wrong include/exclude decision 0.24; change in circumstances 0.21; wrong amount, known item 0.21; other 0.17",0.241379310344828,0.666666666666667,0.517241379310345,0.586206896551724,0.0625,0.1333
113,"buffer","gross_by_hh_size <= 834 & months_since_cert_n > 7.5 & total_deductions_by_hh_size > 559 & unc_rawben_rel_max <= 1.03","1","national","ranger","any_error",355,0.338,0.2825,49.09,0.0085,0.0083,0.0028,15,10,120,"unearned income 0.60; shelter deduction 0.20","wrong include/exclude decision 0.43; wrong amount, known item 0.25; unreported source of income 0.10",0.505208333333333,0.933333333333333,0.322916666666667,0.725388601036269,0,0
114,"buffer","earned_by_hh_size >= 872 & rawben_rel_max >= 0.391 & shelter_expenses_by_hh_size < 956 & unearned_by_hh_size >= 12.7","2-3","national","xgboost","any_error",86,0.3953,0.2824,71.41,0.0116,0.0294,0.0116,3,2,34,"earned income 0.41; unearned income 0.25; shelter deduction 0.14","wrong amount, known item 0.38; wrong include/exclude decision 0.27; unreported source of income 0.16",0.34375,0.823529411764706,0.53125,0.5625,0,0
115,"buffer","bbce_state_i >= 1 & earned_by_hh_size > 404 & expedited_i >= 1 & months_since_cert_n > 6.5","1","national","ranger","any_error",219,0.3516,0.281,72.73,0.0776,0.2208,0.0776,19,12,77,"earned income 0.58; other element 0.21","unreported source of income 0.25; change in circumstances 0.23; wrong include/exclude decision 0.15; limits and thresholds 0.15",0.263565891472868,0.857142857142857,0.131782945736434,0.230769230769231,0.0913,0.1818
116,"buffer","earned_by_hh_size >= 1080 & months_since_cert_n >= 4 & rawben_rel_max < 0.596 & unc_rawben_rel_max >= 0.461","2-3","national","xgboost","any_error",66,0.4091,0.2805,81.11,0.0455,0.1111,0.0455,6,4,27,"earned income 0.46; unearned income 0.13; other element 0.13; dep care or child support deduction 0.11","wrong amount, known item 0.33; unreported source of income 0.22; wrong include/exclude decision 0.20; household composition 0.13",0.347826086956522,0.888888888888889,0.5,0.369565217391304,0,0
117,"buffer","earned_by_hh_size > 120 & earned_by_hh_size <= 258 & gross_by_hh_size > 244 & unc_rawben_rel_max <= 1.21","2-3","national","ranger","any_error",645,0.3209,0.2798,69.17,0.0078,0.0145,0.0047,16,12,207,"earned income 0.56; unearned income 0.18; shelter deduction 0.14","wrong amount, known item 0.36; wrong include/exclude decision 0.20; unreported source of income 0.14; change in circumstances 0.12",0.397476340694006,0.72463768115942,0.574132492113565,0.569182389937107,0.0853,0.1836
118,"buffer","gross_by_hh_size >= 698 & rawben_rel_max < 0.39 & unc_rawben_rel_max >= 0.372 & unearned_by_hh_size < 123","4+","national","xgboost","any_error",117,0.3761,0.2796,81.44,0,0,0,5,3,44,"earned income 0.43; other element 0.16; shelter deduction 0.14; unearned income 0.13","wrong amount, known item 0.31; wrong include/exclude decision 0.25; unreported source of income 0.12; household composition 0.09",0.38961038961039,0.681818181818182,0.480519480519481,0.623376623376623,0,0
119,"buffer","earned_by_hh_size >= 706 & earned_by_hh_size < 969 & months_since_cert_n >= 2 & shelter_expenses_by_hh_size >= 894","2-3","national","xgboost","any_error",105,0.381,0.2791,82.26,0.0095,0.025,0.0095,2,1,40,"earned income 0.51; unearned income 0.21; other element 0.13","wrong amount, known item 0.26; unreported source of income 0.18; change in circumstances 0.16; other 0.16",0.442622950819672,0.8,0.311475409836066,0.540983606557377,0,0
120,"buffer","earned_by_hh_size > 4.75 & rawben_rel_max > 0.402 & unc_rawben_rel_max <= 1 & unearned_by_hh_size > 236","2-3","national","ranger","any_error",841,0.3151,0.2791,55.97,0.0083,0.0189,0.0059,18,10,265,"earned income 0.43; unearned income 0.22; shelter deduction 0.19","wrong amount, known item 0.32; wrong include/exclude decision 0.23; unreported source of income 0.15; change in circumstances 0.11",0.395238095238095,0.656603773584906,0.583333333333333,0.553444180522565,0.0012,0.0038
121,"buffer","gross_by_hh_size < 669 & rawben_rel_max < 0.942 & shelter_expenses_by_hh_size >= 219 & utilities_sua < 2","4+","national","xgboost","any_error",262,0.3435,0.2791,60.53,0.0038,0.0111,0.0038,3,2,90,"earned income 0.29; shelter deduction 0.24; unearned income 0.19; utility allowance 0.18","wrong include/exclude decision 0.34; wrong amount, known item 0.31; change in circumstances 0.09; unreported source of income 0.07",0.444444444444444,0.677777777777778,0.625,0.564625850340136,0,0
122,"buffer","expedited_i >= 1 & rawben_rel_max <= 0.961 & total_deductions_by_hh_size > 64.2 & unc_rawben_rel_max > 0.486","4+","national","ranger","any_error",330,0.3364,0.2789,73.66,0.0091,0.027,0.0091,4,2,111,"earned income 0.35; unearned income 0.22; other element 0.18","wrong amount, known item 0.37; wrong include/exclude decision 0.25; household composition 0.11; change in circumstances 0.10",0.47027027027027,0.630630630630631,0.508108108108108,0.627027027027027,0,0
123,"buffer","bbce_state_i >= 1 & rawben_rel_max > 0.624 & total_deductions_by_hh_size > 542 & utilities_sua <= 1.5","2-3","national","ranger","any_error",164,0.3598,0.2784,91.55,0.0122,0.0339,0.0122,5,4,59,"earned income 0.42; shelter deduction 0.25; dep care or child support deduction 0.12","wrong include/exclude decision 0.36; wrong amount, known item 0.31; unreported source of income 0.11",0.273809523809524,0.915254237288136,0.666666666666667,0.547619047619048,0.0671,0.1356
124,"buffer","earned_by_hh_size > 13 & earned_by_hh_size <= 82.2 & medical_deductions <= 24.5 & unc_rawben_rel_max <= 1","2-3","national","ranger","any_error",164,0.3598,0.2784,61.98,0.0244,0.0339,0.0122,2,1,59,"earned income 0.49; unearned income 0.24; shelter deduction 0.16","unreported source of income 0.30; wrong amount, known item 0.27; wrong include/exclude decision 0.16; change in circumstances 0.10",0.386363636363636,0.745762711864407,0.636363636363636,0.465909090909091,0,0
125,"buffer","earned_by_hh_size > 87.8 & married <= 0 & shelter_expenses_by_hh_size > 274 & unearned_by_hh_size > 160","4+","national","ranger","any_error",516,0.3236,0.2778,67.56,0.0058,0.018,0.0058,5,3,167,"earned income 0.34; unearned income 0.29; shelter deduction 0.17","wrong amount, known item 0.44; wrong include/exclude decision 0.19; unreported source of income 0.09; change in circumstances 0.07",0.437062937062937,0.622754491017964,0.629370629370629,0.634146341463415,0,0
126,"buffer","earned_by_hh_size >= 451 & gross_by_hh_size < 608 & percent_abawd >= 0.333 & shelter_expenses_by_hh_size < 369","2-3","national","xgboost","any_error",55,0.4182,0.2777,84.11,0.0545,0.1304,0.0545,1,1,23,"earned income 0.42; shelter deduction 0.25; other element 0.23","wrong amount, known item 0.30; wrong include/exclude decision 0.30; other 0.17",0.325,0.521739130434783,0.65,0.45,0,0
127,"buffer","earned_by_hh_size > 41 & elderly_disabled_i >= 1 & rawben_rel_max > 0.539 & total_deductions_by_hh_size <= 254","2-3","national","ranger","any_error",64,0.4062,0.2762,69.73,0,0,0,4,2,26,"earned income 0.61; unearned income 0.13; shelter deduction 0.11","wrong amount, known item 0.32; wrong include/exclude decision 0.24; unreported source of income 0.21",0.473684210526316,0.653846153846154,0.552631578947368,0.684210526315789,0.0156,0.0385
128,"buffer","married <= 0 & total_deductions_by_hh_size > 335 & total_deductions_by_hh_size <= 340","4+","national","ranger","any_error",67,0.403,0.276,73.31,0,0,0,2,1,27,"earned income 0.39; dep care or child support deduction 0.18; shelter deduction 0.18","wrong amount, known item 0.37; wrong include/exclude decision 0.31; unreported source of income 0.10",0.291666666666667,0.777777777777778,0.645833333333333,0.551020408163265,0,0
129,"buffer","months_since_cert_n >= 7 & rawben_rel_max >= 0.805 & rawben_rel_max < 0.824 & shelter_expenses_by_hh_size >= 136","4+","national","xgboost","any_error",67,0.403,0.276,84.03,0,0,0,5,3,27,"earned income 0.36; other element 0.19; shelter deduction 0.17; unearned income 0.17","wrong amount, known item 0.31; wrong include/exclude decision 0.19; unreported source of income 0.14; household composition 0.12",0.547619047619048,0.740740740740741,0.30952380952381,0.571428571428571,0,0
130,"buffer","total_deductions_by_hh_size >= 509 & unc_rawben_rel_max >= 0.986 & unc_rawben_rel_max < 1.01","1","national","xgboost","any_error",1401,0.3026,0.2749,44.6,0.0107,0.0189,0.0057,25,13,424,"shelter deduction 0.49; unearned income 0.18; medical deduction 0.17","wrong include/exclude decision 0.58; wrong amount, known item 0.19",0.345878136200717,0.992924528301887,0.603942652329749,0.543828264758497,0.02,0.033
131,"buffer","earned_by_hh_size >= 399 & rawben_rel_max >= 0.592 & shelter_expenses_by_hh_size < 102 & utilities_sua >= 2","4+","national","xgboost","any_error",33,0.4545,0.274,114.33,0,0,0,3,2,15,"earned income 0.71; shelter deduction 0.10","change in circumstances 0.29; wrong amount, known item 0.29; unreported source of income 0.19",0.380952380952381,0.533333333333333,0.571428571428571,0.523809523809524,0,0
132,"buffer","earned_by_hh_size >= 138 & gross_by_hh_size < 360 & total_deductions_by_hh_size < 282","4+","national","xgboost","any_error",1437,0.3006,0.2733,75.03,0.0125,0.0394,0.0118,48,24,432,"earned income 0.54; shelter deduction 0.15; other element 0.13","wrong amount, known item 0.32; wrong include/exclude decision 0.22; unreported source of income 0.14; change in circumstances 0.10",0.4208,0.712962962962963,0.6304,0.58213716108453,0.055,0.1042
133,"buffer","expedited_i <= 0 & medical_deductions < 169 & total_deductions_by_hh_size >= 1200 & utilities_sua < 1","1","national","xgboost","any_error",53,0.4151,0.2728,90.17,0.0566,0.0909,0.0377,1,1,22,"earned income 0.30; utility allowance 0.28; shelter deduction 0.23","wrong include/exclude decision 0.45; change in circumstances 0.17; wrong amount, known item 0.15",0.225,0.954545454545455,0.525,0.475,0,0
134,"buffer","gross_by_hh_size >= 862 & rawben_rel_max < 0.619 & shelter_expenses_by_hh_size >= 439 & shelter_expenses_by_hh_size < 463","4+","national","xgboost","any_error",53,0.4151,0.2728,90.08,0,0,0,3,2,22,"earned income 0.46; shelter deduction 0.20; dep care or child support deduction 0.17","wrong amount, known item 0.43; wrong include/exclude decision 0.31; other 0.11",0.314285714285714,0.5,0.685714285714286,0.514285714285714,0,0
135,"buffer","expedited_i >= 1 & shelter_expenses_by_hh_size >= 30.6 & shelter_expenses_by_hh_size < 156 & unc_rawben_rel_max < 1","4+","national","xgboost","any_error",92,0.3804,0.2725,78.7,0.0217,0,0,2,1,35,"earned income 0.29; other element 0.20; unearned income 0.19; shelter deduction 0.17","wrong amount, known item 0.39; wrong include/exclude decision 0.29; household composition 0.14",0.661016949152542,0.514285714285714,0.593220338983051,0.711864406779661,0,0
136,"buffer","bbce_state_i >= 1 & rawben_rel_max >= 0.54 & shelter_expenses_by_hh_size < 740 & unearned_by_hh_size >= 1140","1","national","xgboost","any_error",56,0.4107,0.2723,65.2,0,0,0,3,2,23,"medical deduction 0.56; shelter deduction 0.25","wrong include/exclude decision 0.61; wrong amount, known item 0.22",0.5,0.869565217391304,0.722222222222222,0.777777777777778,0,0
137,"buffer","count_divisible_by_100 >= 1 & earned_by_hh_size >= 1010 & shelter_expenses_by_hh_size >= 741","2-3","national","xgboost","any_error",56,0.4107,0.2723,72.98,0.0357,0.087,0.0357,2,1,23,"earned income 0.35; unearned income 0.28; shelter deduction 0.15","wrong amount, known item 0.33; unreported source of income 0.25; wrong include/exclude decision 0.12; other 0.10",0.275,0.869565217391304,0.5,0.225,0,0
138,"buffer","earned_by_hh_size > 7.83 & gross_by_hh_size > 222 & HH_size_n > 2.5 & total_deductions_by_hh_size <= 129","2-3","national","ranger","any_error",117,0.3675,0.2718,62.31,0,0,0,2,1,43,"earned income 0.52; unearned income 0.24","wrong amount, known item 0.27; wrong include/exclude decision 0.23; unreported source of income 0.15; change in circumstances 0.15",0.47887323943662,0.395348837209302,0.704225352112676,0.619718309859155,0,0
139,"buffer","HH_size_n > 2.5 & months_since_cert_n <= 0.5 & total_deductions_by_hh_size > 117 & utilities_sua <= 0.5","2-3","national","ranger","any_error",74,0.3919,0.2716,65.46,0,0,0,1,1,29,"earned income 0.52; shelter deduction 0.24","wrong amount, known item 0.45; wrong include/exclude decision 0.24; unreported source of income 0.10",0.380952380952381,0.655172413793103,0.785714285714286,0.595238095238095,0,0
140,"buffer","count_divisible_by_100 >= 1 & earned_by_hh_size < 1480 & shelter_expenses_by_hh_size >= 730 & unc_rawben_rel_max < 0.647","2-3","national","xgboost","any_error",124,0.3629,0.2702,61.65,0.0081,0.0222,0.0081,3,2,45,"unearned income 0.33; shelter deduction 0.25; earned income 0.24","wrong amount, known item 0.37; unreported source of income 0.20; wrong include/exclude decision 0.17; other 0.11",0.276315789473684,0.822222222222222,0.578947368421053,0.394736842105263,0,0
141,"buffer","rawben_rel_max < 0.882 & unc_rawben_rel_max >= 0.871","4+","national","xgboost","any_error",179,0.3464,0.2693,67.12,0,0,0,4,2,62,"earned income 0.34; unearned income 0.22; shelter deduction 0.19","wrong amount, known item 0.35; wrong include/exclude decision 0.28; change in circumstances 0.08; unreported source of income 0.08",0.436781609195402,0.629032258064516,0.747126436781609,0.681818181818182,0,0
142,"buffer","earned_by_hh_size > 30.9 & gross_by_hh_size <= 775 & percent_abawd > 0.167 & unc_rawben_rel_max <= 0.795","2-3","national","ranger","any_error",215,0.3395,0.2692,62.45,0.0326,0.0959,0.0326,6,3,73,"earned income 0.50; shelter deduction 0.15; other element 0.14","wrong amount, known item 0.32; wrong include/exclude decision 0.19; other 0.15; change in circumstances 0.12",0.40650406504065,0.616438356164384,0.601626016260163,0.560975609756098,0,0
143,"buffer","months_since_cert_n >= 8 & rawben_rel_max >= 0.461 & shelter_expenses_by_hh_size >= 171 & total_deductions_by_hh_size < 168","4+","national","xgboost","any_error",180,0.3444,0.2677,70.02,0,0,0,12,9,62,"unearned income 0.40; earned income 0.20; shelter deduction 0.19","wrong amount, known item 0.35; wrong include/exclude decision 0.23; unreported source of income 0.13; household composition 0.08",0.576576576576577,0.67741935483871,0.387387387387387,0.702702702702703,0,0
144,"buffer","months_since_cert_n >= 2 & shelter_expenses_by_hh_size >= 378 & unearned_by_hh_size >= 160 & unearned_by_hh_size < 206","4+","national","xgboost","any_error",103,0.3689,0.2675,74.67,0.0291,0.0789,0.0291,3,2,38,"unearned income 0.37; earned income 0.33; shelter deduction 0.13","wrong amount, known item 0.37; wrong include/exclude decision 0.19; method or computation 0.15; change in circumstances 0.09",0.462962962962963,0.736842105263158,0.518518518518518,0.722222222222222,0.0485,0.0526
145,"buffer","earned_by_hh_size > 72.4 & HH_size_n > 2.5 & unc_rawben_rel_max > 1 & unearned_by_hh_size > 53.8","2-3","national","ranger","any_error",122,0.3607,0.2674,86.96,0,0,0,3,2,44,"earned income 0.62; unearned income 0.21","wrong amount, known item 0.44; wrong include/exclude decision 0.17; unreported source of income 0.16",0.396825396825397,1,0.634920634920635,0.650793650793651,0,0
146,"buffer","expedited_i <= 0 & gross_by_hh_size < 344 & HH_size_n >= 8 & unc_rawben_rel_max < 0.79","4+","national","xgboost","any_error",57,0.4035,0.2672,82.42,0,0,0,2,1,23,"earned income 0.38; unearned income 0.27; other element 0.19","wrong amount, known item 0.38; unreported source of income 0.23; household composition 0.15",0.384615384615385,0.652173913043478,0.615384615384615,0.576923076923077,0,0
147,"buffer","months_since_cert_n > 6.5 & rawben_rel_max <= 0.976 & total_deductions_by_hh_size > 152 & utilities_sua <= 1.5","4+","national","ranger","any_error",194,0.3402,0.2664,70.76,0.0103,0.0303,0.0103,6,3,66,"earned income 0.36; shelter deduction 0.18; utility allowance 0.17; unearned income 0.15","wrong include/exclude decision 0.35; wrong amount, known item 0.31; change in circumstances 0.11",0.460869565217391,0.666666666666667,0.452173913043478,0.6,0,0
148,"buffer","earned_by_hh_size >= 32.3 & percent_abawd >= 0.333 & total_deductions_by_hh_size >= 194 & unearned_by_hh_size >= 238","2-3","national","xgboost","any_error",165,0.3455,0.2655,72.75,0.0182,0.0526,0.0182,1,1,57,"earned income 0.41; unearned income 0.19; other element 0.19","wrong amount, known item 0.22; unreported source of income 0.19; wrong include/exclude decision 0.17; household composition 0.13; other 0.10",0.276190476190476,0.754385964912281,0.523809523809524,0.509433962264151,0,0
149,"buffer","gross_by_hh_size > 25.2 & HH_size_n > 2.5 & percent_abawd > 0.167 & total_deductions_by_hh_size > 446","2-3","national","ranger","any_error",107,0.3645,0.2652,66.71,0.0093,0.0256,0.0093,1,1,39,"earned income 0.28; other element 0.25; shelter deduction 0.17; unearned income 0.17","wrong amount, known item 0.26; wrong include/exclude decision 0.25; unreported source of income 0.14; household composition 0.13",0.463768115942029,0.743589743589744,0.710144927536232,0.63768115942029,0,0
150,"buffer","earned_by_hh_size > 127 & months_since_cert_n > 5.5 & unearned_by_hh_size > 40.4 & unearned_by_hh_size <= 96","2-3","national","ranger","any_error",149,0.349,0.2649,56.19,0,0,0,5,4,52,"earned income 0.40; unearned income 0.26; shelter deduction 0.11","wrong amount, known item 0.41; wrong include/exclude decision 0.14; other 0.14; unreported source of income 0.13",0.436781609195402,0.692307692307692,0.459770114942529,0.471264367816092,0.0067,0
151,"buffer","bbce_state_i >= 1 & gross_by_hh_size > 304 & rawben_rel_max <= 0.0822 & unc_rawben_rel_max > 0.0787","1","national","ranger","any_error",545,0.3083,0.2643,47.79,0.0018,0.006,0.0018,12,7,168,"unearned income 0.35; shelter deduction 0.30; earned income 0.15","wrong include/exclude decision 0.42; wrong amount, known item 0.29; other 0.13",0.525,0.0119047619047619,0.620833333333333,0.758333333333333,0,0
152,"buffer","children_i <= 0 & gross_by_hh_size > 250 & months_since_cert_n > 5.5 & shelter_expenses_by_hh_size > 1230","2-3","national","ranger","any_error",76,0.3816,0.264,85.16,0.0263,0.069,0.0263,2,1,29,"shelter deduction 0.38; earned income 0.29; unearned income 0.14","wrong include/exclude decision 0.33; wrong amount, known item 0.33; other 0.12",0.261904761904762,0.96551724137931,0.428571428571429,0.5,0.0395,0.069
153,"buffer","medical_deductions >= 196 & months_since_cert_n >= 15 & total_deductions_by_hh_size < 1300 & unearned_by_hh_size < 1320","1","national","xgboost","any_error",70,0.3857,0.2633,42.5,0,0,0,1,1,27,"medical deduction 0.53; unearned income 0.25","wrong include/exclude decision 0.55; wrong amount, known item 0.25",0.5,1,0.475,0.625,0,0
154,"buffer","HH_size_n >= 5 & months_since_cert_n >= 4 & rawben_rel_max >= 0.353 & rawben_rel_max < 0.371","4+","national","xgboost","any_error",67,0.3881,0.263,69.34,0,0,0,2,1,26,"earned income 0.55; unearned income 0.21","wrong amount, known item 0.34; wrong include/exclude decision 0.32; unreported source of income 0.13",0.473684210526316,0.653846153846154,0.394736842105263,0.684210526315789,0,0
155,"buffer","earned_by_hh_size >= 250 & gross_by_hh_size < 624 & months_since_cert_n >= 4 & total_deductions_by_hh_size < 160","2-3","national","xgboost","any_error",92,0.3696,0.2628,49.33,0,0,0,5,3,34,"earned income 0.47; unearned income 0.22; other element 0.18","change in circumstances 0.22; unreported source of income 0.20; wrong amount, known item 0.20; wrong include/exclude decision 0.18",0.313725490196078,0.470588235294118,0.627450980392157,0.490196078431373,0,0
156,"buffer","gross_by_hh_size >= 588 & rawben_rel_max >= 0.592 & total_deductions_by_hh_size < 322","4+","national","xgboost","any_error",92,0.3696,0.2628,65.45,0,0,0,1,1,34,"earned income 0.44; shelter deduction 0.19; other element 0.17","wrong amount, known item 0.33; wrong include/exclude decision 0.30; household composition 0.11; method or computation 0.09",0.444444444444444,0.794117647058823,0.666666666666667,0.611111111111111,0,0
157,"buffer","earned_by_hh_size >= 361 & earned_by_hh_size < 387 & total_deductions_by_hh_size < 190","2-3","national","xgboost","any_error",61,0.3934,0.2624,72.3,0,0,0,1,1,24,"earned income 0.47; unearned income 0.33","wrong amount, known item 0.31; wrong include/exclude decision 0.17; other 0.17; unreported source of income 0.14",0.222222222222222,0.5,0.527777777777778,0.416666666666667,0.0164,0.0417
158,"buffer","months_since_cert_n >= 9 & shelter_expenses_by_hh_size >= 783 & total_deductions_by_hh_size >= 576 & total_deductions_by_hh_size < 606","2-3","national","xgboost","any_error",46,0.413,0.2622,74.11,0.0217,0,0,1,1,19,"unearned income 0.35; shelter deduction 0.23; earned income 0.23","unreported source of income 0.31; wrong amount, known item 0.27; wrong include/exclude decision 0.19",0.192307692307692,0.894736842105263,0.576923076923077,0.384615384615385,0,0
159,"buffer","earned_by_hh_size < 5 & gross_by_hh_size >= 199 & total_deductions_by_hh_size >= 848","2-3","national","xgboost","any_error",191,0.3351,0.2611,76.62,0.0052,0.0156,0.0052,2,1,64,"shelter deduction 0.32; medical deduction 0.29; unearned income 0.26","wrong include/exclude decision 0.51; wrong amount, known item 0.23; unreported source of income 0.09",0.419354838709677,0.9375,0.720430107526882,0.645161290322581,0,0
160,"buffer","HH_size_n >= 6 & total_deductions_by_hh_size >= 63 & total_deductions_by_hh_size < 308 & unearned_by_hh_size >= 180","4+","national","xgboost","any_error",468,0.3077,0.2605,75.9,0.0064,0.0139,0.0043,3,2,144,"unearned income 0.35; earned income 0.25; shelter deduction 0.17","wrong amount, known item 0.37; wrong include/exclude decision 0.26; household composition 0.12; unreported source of income 0.10",0.466367713004484,0.583333333333333,0.713004484304933,0.668161434977579,0,0
161,"buffer","expedited_i >= 1 & unc_rawben_rel_max <= 0.788 & unearned_by_hh_size <= 468 & utilities_sua <= 0.5","2-3","national","ranger","any_error",96,0.3646,0.2604,66.2,0.0104,0.0286,0.0104,1,1,35,"earned income 0.34; unearned income 0.23; other element 0.23","wrong amount, known item 0.26; household composition 0.23; wrong include/exclude decision 0.19; unreported source of income 0.17",0.283018867924528,0.542857142857143,0.509433962264151,0.528301886792453,0,0
162,"buffer","gross_by_hh_size >= 1140 & rawben_rel_max >= 0.331 & unc_rawben_rel_max < 1.1 & utilities_sua < 2","1","national","xgboost","any_error",679,0.299,0.2598,40.38,0.0088,0.0197,0.0059,6,3,203,"shelter deduction 0.34; utility allowance 0.27; medical deduction 0.14; earned income 0.12","wrong include/exclude decision 0.56; wrong amount, known item 0.21",0.320872274143302,0.876847290640394,0.67601246105919,0.517133956386293,0,0
163,"buffer","earned_by_hh_size > 681 & HH_size_n > 2.5 & percent_abawd > 0.167 & utilities_sua > 0.5","2-3","national","ranger","any_error",142,0.3451,0.2595,68.4,0.0211,0.0612,0.0211,6,4,49,"earned income 0.43; other element 0.27; shelter deduction 0.13","wrong amount, known item 0.31; wrong include/exclude decision 0.17; household composition 0.16; unreported source of income 0.12",0.518072289156627,0.63265306122449,0.650602409638554,0.590361445783133,0,0
164,"buffer","rawben_rel_max >= 0.272 & total_deductions_by_hh_size >= 1390 & unc_rawben_rel_max < 1.04","1","national","xgboost","any_error",867,0.293,0.2584,44.5,0.0046,0.0039,0.0012,2,1,254,"shelter deduction 0.33; medical deduction 0.24; unearned income 0.22","wrong include/exclude decision 0.47; wrong amount, known item 0.23; unreported source of income 0.11",0.432876712328767,0.901574803149606,0.638356164383562,0.589041095890411,0,0
165,"buffer","rawben_rel_max >= 0.663 & rawben_rel_max < 0.703 & total_deductions_by_hh_size >= 569 & unc_rawben_rel_max < 0.87","2-3","national","xgboost","any_error",123,0.3496,0.2578,61.32,0.0163,0.0465,0.0163,2,1,43,"earned income 0.33; unearned income 0.23; shelter deduction 0.21","wrong include/exclude decision 0.30; wrong amount, known item 0.23; change in circumstances 0.15; other 0.14",0.454545454545455,0.744186046511628,0.46969696969697,0.5,0,0
166,"buffer","earned_by_hh_size < 72.7 & total_deductions_by_hh_size >= 395 & unearned_by_hh_size >= 306 & utilities_sua < 2","2-3","national","xgboost","any_error",190,0.3316,0.2578,63.31,0.0158,0.0159,0.0053,3,2,63,"shelter deduction 0.31; unearned income 0.26; utility allowance 0.21","wrong include/exclude decision 0.53; unreported source of income 0.16; wrong amount, known item 0.14",0.276190476190476,0.920634920634921,0.733333333333333,0.514285714285714,0.0526,0.1111
167,"buffer","earned_by_hh_size >= 1560 & percent_abawd >= 0.5","2-3","national","xgboost","any_error",32,0.4375,0.2577,94.28,0,0,0,4,2,14,"other element 0.41; earned income 0.32; shelter deduction 0.15","household composition 0.26; wrong amount, known item 0.24; other 0.15; wrong include/exclude decision 0.15",0.352941176470588,1,0.529411764705882,0.441176470588235,0,0
168,"buffer","earned_by_hh_size >= 915 & earned_by_hh_size < 956 & rawben_rel_max >= 0.256 & total_deductions_by_hh_size < 330","2-3","national","xgboost","any_error",59,0.3898,0.2574,70.92,0.0508,0.1304,0.0508,6,6,23,"earned income 0.51; shelter deduction 0.16; unearned income 0.14","wrong amount, known item 0.30; unreported source of income 0.24; wrong include/exclude decision 0.19; household composition 0.08",0.540540540540541,0.521739130434783,0.702702702702703,0.594594594594595,0,0
169,"buffer","earned_by_hh_size > 164 & elderly_disabled_i <= 0 & shelter_expenses_by_hh_size > 1350 & unearned_by_hh_size > 226","1","national","ranger","any_error",56,0.3929,0.257,72.7,0.0714,0.1364,0.0536,3,2,22,"unearned income 0.46; earned income 0.34","wrong amount, known item 0.37; unreported source of income 0.27; change in circumstances 0.10; wrong include/exclude decision 0.10",0.268292682926829,0.727272727272727,0.414634146341463,0.414634146341463,0,0
170,"buffer","percent_abawd >= 0.667 & rawben_rel_max < 0.711 & unearned_by_hh_size >= 0.5","2-3","national","xgboost","any_error",35,0.4286,0.2568,109.23,0.0286,0.0667,0.0286,1,1,15,"earned income 0.38; unearned income 0.27; other element 0.15","unreported source of income 0.23; wrong include/exclude decision 0.19; household composition 0.15; other 0.15; wrong amount, known item 0.12",0.384615384615385,0.8,0.692307692307692,0.576923076923077,0,0
171,"buffer","bbce_state_i >= 1 & earned_by_hh_size > 42.6 & earned_by_hh_size <= 55.4 & total_deductions_by_hh_size <= 124","4+","national","ranger","any_error",41,0.4146,0.2561,72.51,0,0,0,2,1,17,"earned income 0.52; unearned income 0.18; other element 0.15","wrong amount, known item 0.30; unreported source of income 0.27; wrong include/exclude decision 0.21",0.181818181818182,0.882352941176471,0.727272727272727,0.575757575757576,0,0
172,"buffer","gross_by_hh_size >= 412 & total_deductions_by_hh_size < 184 & unearned_by_hh_size >= 119 & unearned_by_hh_size < 219","2-3","national","xgboost","any_error",44,0.4091,0.256,55,0,0,0,1,1,18,"earned income 0.39; shelter deduction 0.25; unearned income 0.21","wrong include/exclude decision 0.36; wrong amount, known item 0.32; change in circumstances 0.11",0.464285714285714,0.111111111111111,0.785714285714286,0.642857142857143,0,0
173,"buffer","bbce_state_i >= 1 & earned_by_hh_size > 4.75 & gross_by_hh_size > 198 & months_since_cert_n > 8.5","2-3","national","ranger","any_error",1535,0.2814,0.2555,56.12,0.0124,0.0394,0.0111,111,57,432,"earned income 0.46; other element 0.17; shelter deduction 0.16","wrong amount, known item 0.25; wrong include/exclude decision 0.19; change in circumstances 0.14; unreported source of income 0.12; other 0.10",0.37997256515775,0.712962962962963,0.366255144032922,0.491156462585034,0.0274,0.0532
174,"buffer","medical_deductions < 468 & months_since_cert_n >= 3 & percent_abawd >= 1 & total_deductions_by_hh_size >= 1250","1","national","xgboost","any_error",128,0.3438,0.2542,56.1,0.0625,0.1818,0.0625,6,4,44,"earned income 0.53; shelter deduction 0.16; other element 0.11","wrong amount, known item 0.34; unreported source of income 0.19; wrong include/exclude decision 0.17; change in circumstances 0.14",0.26984126984127,0.886363636363636,0.349206349206349,0.390625,0,0
175,"buffer","gross_by_hh_size < 712 & rawben_rel_max >= 0.683 & rawben_rel_max < 0.719 & total_deductions_by_hh_size < 126","4+","national","xgboost","any_error",159,0.3333,0.2531,58.58,0.0126,0.0377,0.0126,6,4,53,"earned income 0.37; unearned income 0.29; other element 0.17","wrong amount, known item 0.38; wrong include/exclude decision 0.17; household composition 0.12; unreported source of income 0.11",0.381578947368421,0.509433962264151,0.592105263157895,0.657894736842105,0,0
176,"buffer","elderly_disabled_i <= 0 & HH_size_n >= 7 & total_deductions_by_hh_size >= 128 & unearned_by_hh_size >= 3.17","4+","national","xgboost","any_error",197,0.3249,0.2528,94.56,0.0102,0.0156,0.0051,1,1,64,"earned income 0.36; unearned income 0.29; shelter deduction 0.19","wrong include/exclude decision 0.31; wrong amount, known item 0.23; unreported source of income 0.16; method or computation 0.12",0.3125,0.796875,0.705357142857143,0.589285714285714,0,0
177,"buffer","rawben_rel_max >= 0.436 & unearned_by_hh_size >= 208 & unearned_by_hh_size < 212","4+","national","xgboost","any_error",60,0.3833,0.2528,63.9,0,0,0,4,3,23,"unearned income 0.36; earned income 0.22; shelter deduction 0.19","wrong amount, known item 0.33; wrong include/exclude decision 0.25; unreported source of income 0.11; other 0.11",0.444444444444444,0.739130434782609,0.694444444444444,0.722222222222222,0,0
178,"buffer","gross_by_hh_size < 937 & shelter_expenses_by_hh_size >= 244 & unearned_by_hh_size >= 317 & unearned_by_hh_size < 334","4+","national","xgboost","any_error",76,0.3684,0.2525,72.04,0.0132,0.0357,0.0132,1,1,28,"unearned income 0.38; shelter deduction 0.24; earned income 0.24","wrong include/exclude decision 0.33; wrong amount, known item 0.31; unreported source of income 0.10; other 0.07",0.357142857142857,0.678571428571429,0.619047619047619,0.666666666666667,0,0
179,"buffer","months_since_cert_n >= 2 & rawben_rel_max < 0.749 & total_deductions_by_hh_size >= 285 & total_deductions_by_hh_size < 296","4+","national","xgboost","any_error",139,0.3381,0.2524,79.92,0.0072,0.0213,0.0072,1,1,47,"earned income 0.39; shelter deduction 0.21; other element 0.15","wrong include/exclude decision 0.31; wrong amount, known item 0.27; other 0.11; method or computation 0.08",0.416666666666667,0.638297872340426,0.5,0.583333333333333,0,0
180,"buffer","percent_abawd > 0.236 & rawben_rel_max <= 0.896","4+","national","ranger","any_error",400,0.3025,0.252,67.35,0.0075,0.0248,0.0075,6,3,121,"earned income 0.40; shelter deduction 0.19; other element 0.17","wrong include/exclude decision 0.25; wrong amount, known item 0.24; change in circumstances 0.12; household composition 0.11; unreported source of income 0.10",0.37914691943128,0.59504132231405,0.597156398104265,0.540284360189573,0,0
181,"buffer","elderly_disabled_i <= 0 & months_since_cert_n > 5.5 & rawben_rel_max > 0.274 & unc_rawben_rel_max <= 0.818","1","national","ranger","any_error",513,0.2963,0.2517,37.46,0.037,0.125,0.037,37,30,152,"earned income 0.48; unearned income 0.21; shelter deduction 0.13","wrong amount, known item 0.37; wrong include/exclude decision 0.20; unreported source of income 0.14; change in circumstances 0.09",0.304147465437788,0.638157894736842,0.341013824884793,0.410958904109589,0,0
182,"buffer","earned_by_hh_size > 34.8 & percent_abawd > 0.417 & rawben_rel_max <= 0.907 & utilities_sua <= 0.5","2-3","national","ranger","any_error",73,0.3699,0.2517,70,0.0411,0.1111,0.0411,3,2,27,"earned income 0.46; other element 0.26; utility allowance 0.11","wrong include/exclude decision 0.26; wrong amount, known item 0.15; household composition 0.15; other 0.13; change in circumstances 0.13",0.326086956521739,0.592592592592593,0.58695652173913,0.543478260869565,0,0
183,"buffer","gross_by_hh_size >= 552 & unearned_by_hh_size >= 518 & unearned_by_hh_size < 548 & utilities_sua >= 2","2-3","national","xgboost","any_error",54,0.3889,0.2515,71.48,0,0,0,2,1,21,"earned income 0.32; shelter deduction 0.27; other element 0.17","wrong include/exclude decision 0.29; wrong amount, known item 0.24; other 0.10; change in circumstances 0.10; household composition 0.07",0.439024390243902,0.476190476190476,0.707317073170732,0.560975609756098,0,0
184,"buffer","medical_deductions < 161 & shelter_expenses_by_hh_size < 414 & unearned_by_hh_size >= 432 & unearned_by_hh_size < 441","2-3","national","xgboost","any_error",48,0.3958,0.2504,76.54,0.0417,0.1053,0.0417,1,1,19,"unearned income 0.38; earned income 0.21; utility allowance 0.17","wrong amount, known item 0.38; wrong include/exclude decision 0.31; unreported source of income 0.14",0.275862068965517,0.578947368421053,0.551724137931034,0.586206896551724,0,0
185,"buffer","HH_size_n >= 3 & rawben_rel_max >= 0.663 & unearned_by_hh_size >= 565","2-3","national","xgboost","any_error",93,0.3548,0.2503,75.91,0,0,0,1,1,33,"shelter deduction 0.32; unearned income 0.29; other element 0.12; medical deduction 0.10","wrong include/exclude decision 0.39; wrong amount, known item 0.24; unreported source of income 0.12; other 0.08",0.254237288135593,0.636363636363636,0.694915254237288,0.457627118644068,0,0
186,"buffer","earned_by_hh_size > 10.8 & earned_by_hh_size <= 173 & elderly_disabled_i >= 1 & unc_rawben_rel_max <= 1","2-3","national","ranger","any_error",196,0.3214,0.2495,53.36,0,0,0,1,1,63,"earned income 0.42; unearned income 0.21; shelter deduction 0.19","wrong amount, known item 0.27; wrong include/exclude decision 0.25; unreported source of income 0.21; change in circumstances 0.09",0.401960784313726,0.73015873015873,0.57843137254902,0.490196078431373,0,0
187,"buffer","bbce_state_i >= 1 & HH_size_n > 2.5 & shelter_expenses_by_hh_size > 754 & total_deductions_by_hh_size > 366","2-3","national","ranger","any_error",332,0.3042,0.249,66.75,0.003,0.0099,0.003,2,1,101,"earned income 0.46; shelter deduction 0.17; unearned income 0.16","wrong amount, known item 0.31; unreported source of income 0.16; wrong include/exclude decision 0.16; change in circumstances 0.09; other 0.09",0.353741496598639,0.732673267326733,0.585034013605442,0.510204081632653,0.0271,0.0693
188,"buffer","bbce_state_i >= 1 & earned_by_hh_size > 523 & expedited_i >= 1 & rawben_rel_max <= 0.996","4+","national","ranger","any_error",87,0.3563,0.2485,102.13,0,0,0,2,1,31,"earned income 0.43; other element 0.20; shelter deduction 0.17","wrong amount, known item 0.28; wrong include/exclude decision 0.22; change in circumstances 0.13; household composition 0.12",0.433333333333333,0.645161290322581,0.333333333333333,0.55,0,0
189,"buffer","bbce_state_i >= 1 & earned_by_hh_size <= 124 & shelter_expenses_by_hh_size > 609 & utilities_sua <= 1.5","2-3","national","ranger","any_error",204,0.3186,0.2483,62.36,0.0049,0,0,1,1,65,"shelter deduction 0.30; unearned income 0.23; utility allowance 0.17; other element 0.13","wrong include/exclude decision 0.45; wrong amount, known item 0.17; unreported source of income 0.16",0.281553398058252,0.815384615384615,0.728155339805825,0.592233009708738,0.0392,0.0923
190,"buffer","bbce_state_i >= 1 & medical_deductions >= 136 & rawben_rel_max >= 0.324 & unc_rawben_rel_max < 1.02","1","national","xgboost","any_error",1785,0.2717,0.2479,30.37,0.0039,0.0124,0.0034,9,5,485,"medical deduction 0.45; shelter deduction 0.22; unearned income 0.19","wrong include/exclude decision 0.61; wrong amount, known item 0.20",0.486896551724138,0.929896907216495,0.655172413793103,0.685950413223141,0,0
191,"buffer","medical_deductions > 124 & months_since_cert_n > 2.5 & unc_rawben_rel_max > 0.159 & utilities_sua > 0.5","2-3","national","ranger","any_error",573,0.2897,0.2478,39.07,0.0035,0.012,0.0035,7,4,166,"medical deduction 0.34; unearned income 0.26; shelter deduction 0.25","wrong include/exclude decision 0.52; wrong amount, known item 0.25",0.5078125,0.897590361445783,0.62109375,0.64453125,0,0
192,"buffer","gross_by_hh_size >= 1180 & months_since_cert_n < 21 & rawben_rel_max >= 0.155","2-3","national","xgboost","any_error",783,0.2835,0.2476,45.18,0.0089,0.0315,0.0089,14,7,222,"earned income 0.29; shelter deduction 0.26; unearned income 0.14; dep care or child support deduction 0.10","wrong include/exclude decision 0.35; wrong amount, known item 0.30; unreported source of income 0.11",0.360795454545455,0.801801801801802,0.610795454545455,0.491477272727273,0,0
193,"buffer","rawben_rel_max < 0.0446 & unc_rawben_rel_max >= 0.043","2-3","national","xgboost","any_error",71,0.3662,0.2471,72.11,0,0,0,1,1,26,"shelter deduction 0.31; unearned income 0.28; earned income 0.25","wrong include/exclude decision 0.34; wrong amount, known item 0.28; change in circumstances 0.19",0.4375,0.0384615384615385,0.6875,0.8125,0,0
194,"buffer","elderly_disabled_i <= 0 & rawben_rel_max < 0.939 & unearned_by_hh_size >= 164 & unearned_by_hh_size < 269","4+","national","xgboost","any_error",755,0.2834,0.2469,58.41,0.0093,0.0327,0.0093,12,6,214,"unearned income 0.29; earned income 0.29; shelter deduction 0.18","wrong amount, known item 0.31; wrong include/exclude decision 0.25; unreported source of income 0.09; method or computation 0.09; other 0.08",0.468842729970326,0.551401869158878,0.667655786350148,0.663716814159292,0,0
195,"buffer","expedited_i >= 1 & gross_by_hh_size > 183 & married >= 1 & unc_rawben_rel_max <= 0.677","2-3","national","ranger","any_error",81,0.358,0.2466,85.2,0.0741,0.2069,0.0741,5,3,29,"earned income 0.37; other element 0.22; unearned income 0.17","unreported source of income 0.29; wrong include/exclude decision 0.22; household composition 0.22; wrong amount, known item 0.20",0.414634146341463,0.724137931034483,0.439024390243902,0.463414634146341,0,0
196,"buffer","bbce_state_i >= 1 & homeless >= 1 & rawben_rel_max >= 0.408 & unearned_by_hh_size >= 962","1","national","xgboost","any_error",160,0.325,0.2458,43.43,0.0063,0.0192,0.0063,3,3,52,"shelter deduction 0.58; utility allowance 0.27","wrong include/exclude decision 0.71; change in circumstances 0.17",0.230769230769231,0.903846153846154,0.476923076923077,0.454545454545455,0.0063,0
197,"buffer","gross_by_hh_size >= 669 & homeless >= 1 & rawben_rel_max >= 0.502 & unc_rawben_rel_max < 1.3","1","national","xgboost","any_error",287,0.3031,0.2442,39.63,0.0105,0.0345,0.0105,7,4,87,"shelter deduction 0.39; utility allowance 0.20; earned income 0.14; unearned income 0.13","wrong include/exclude decision 0.57; wrong amount, known item 0.15; change in circumstances 0.13",0.316666666666667,0.873563218390805,0.566666666666667,0.5,0.0035,0
198,"buffer","gross_by_hh_size >= 294 & shelter_expenses_by_hh_size >= 352 & unearned_by_hh_size >= 160","4+","national","xgboost","any_error",890,0.2775,0.244,56.56,0.0056,0.0202,0.0056,10,5,247,"unearned income 0.32; earned income 0.24; shelter deduction 0.20","wrong amount, known item 0.36; wrong include/exclude decision 0.26; unreported source of income 0.10; household composition 0.09",0.42257217847769,0.704453441295547,0.661417322834646,0.574803149606299,0,0
199,"buffer","gross_by_hh_size >= 1820 & medical_deductions < 202 & months_since_cert_n < 3 & rawben_rel_max < 0.617","2-3","national","xgboost","any_error",46,0.3913,0.244,106.48,0.087,0.2222,0.087,1,1,18,"earned income 0.31; other element 0.31; unearned income 0.20","wrong amount, known item 0.37; household composition 0.23; other 0.11; unreported source of income 0.09",0.228571428571429,1,0.714285714285714,0.457142857142857,0,0
200,"buffer","rawben_rel_max < 0.905 & shelter_expenses_by_hh_size >= 700 & unc_rawben_rel_max >= 0.85","2-3","national","xgboost","any_error",183,0.3169,0.2432,63.54,0.0109,0.0345,0.0109,1,1,58,"earned income 0.40; shelter deduction 0.31; unearned income 0.10","wrong include/exclude decision 0.40; wrong amount, known item 0.30; unreported source of income 0.14",0.25974025974026,0.793103448275862,0.623376623376623,0.402597402597403,0,0
201,"buffer","count_divisible_by_100 > 0.5 & count_divisible_by_100 <= 1.5 & earned_by_hh_size <= 194 & total_deductions_by_hh_size > 718","2-3","national","ranger","any_error",40,0.4,0.2424,75.03,0,0,0,1,1,16,"unearned income 0.42; shelter deduction 0.27; medical deduction 0.12","wrong include/exclude decision 0.42; unreported source of income 0.27; wrong amount, known item 0.23",0.307692307692308,0.875,0.692307692307692,0.307692307692308,0,0
202,"buffer","rawben_rel_max >= 0.57 & rawben_rel_max < 0.596 & shelter_expenses_by_hh_size >= 109 & unearned_by_hh_size >= 843","2-3","national","xgboost","any_error",40,0.4,0.2424,63.38,0,0,0,2,1,16,"shelter deduction 0.36; unearned income 0.32; medical deduction 0.14","wrong include/exclude decision 0.59; wrong amount, known item 0.18",0.363636363636364,1,0.636363636363636,0.409090909090909,0,0
203,"buffer","HH_size_n < 5 & shelter_expenses_by_hh_size >= 414 & utilities_sua < 2","4+","national","xgboost","any_error",79,0.3544,0.2423,73.97,0.0127,0.0357,0.0127,1,1,28,"earned income 0.34; shelter deduction 0.32; unearned income 0.11","wrong amount, known item 0.39; wrong include/exclude decision 0.25; change in circumstances 0.09; unreported source of income 0.09",0.295454545454545,0.75,0.590909090909091,0.477272727272727,0.0127,0.0357
204,"buffer","expedited_i >= 1 & gross_by_hh_size > 520 & unc_rawben_rel_max > 0.192 & unearned_by_hh_size > 222","2-3","national","ranger","any_error",249,0.3052,0.2421,61.76,0.0161,0.0526,0.0161,4,2,76,"unearned income 0.28; shelter deduction 0.28; earned income 0.23","wrong include/exclude decision 0.33; wrong amount, known item 0.25; unreported source of income 0.14; household composition 0.09",0.518181818181818,0.565789473684211,0.618181818181818,0.625,0,0
205,"buffer","earned_by_hh_size >= 319 & months_since_cert_n < 9 & shelter_expenses_by_hh_size >= 82.4 & total_deductions_by_hh_size < 123","4+","national","xgboost","any_error",76,0.3553,0.2411,72.84,0,0,0,2,1,27,"earned income 0.59; shelter deduction 0.16","wrong amount, known item 0.38; wrong include/exclude decision 0.22; change in circumstances 0.16",0.5,0.518518518518518,0.59375,0.59375,0,0
206,"buffer","gross_by_hh_size < 128 & shelter_expenses_by_hh_size >= 150 & unc_rawben_rel_max >= 1.07 & unc_rawben_rel_max < 1.09","4+","national","xgboost","any_error",34,0.4118,0.2411,146.41,0,0,0,2,1,14,"earned income 0.76","wrong amount, known item 0.41; wrong include/exclude decision 0.24; unreported source of income 0.18",0.352941176470588,1,0.705882352941177,0.588235294117647,0,0
207,"buffer","gross_by_hh_size > 157 & months_since_cert_n <= 10.5 & total_deductions_by_hh_size > 715 & utilities_sua <= 0.5","1","national","ranger","any_error",631,0.2805,0.2409,46.41,0.0206,0.0565,0.0158,16,10,177,"shelter deduction 0.30; earned income 0.23; utility allowance 0.22; unearned income 0.11","wrong include/exclude decision 0.49; wrong amount, known item 0.16; unreported source of income 0.13",0.329749103942652,0.909604519774011,0.645161290322581,0.494623655913978,0.0143,0.0282
208,"buffer","earned_by_hh_size >= 790 & gross_by_hh_size < 798","2-3","national","xgboost","any_error",53,0.3774,0.2408,54.13,0,0,0,2,1,20,"earned income 0.52; shelter deduction 0.19; unearned income 0.15","wrong amount, known item 0.41; wrong include/exclude decision 0.22; unreported source of income 0.19",0.296296296296296,0.55,0.703703703703704,0.481481481481481,0,0
209,"buffer","expedited_i >= 1 & rawben_rel_max <= 0.901 & unearned_by_hh_size <= 505","2-3","national","ranger","any_error",567,0.2822,0.2404,53.31,0.0176,0.0625,0.0176,12,6,160,"earned income 0.37; unearned income 0.19; other element 0.18; shelter deduction 0.16","wrong amount, known item 0.27; wrong include/exclude decision 0.24; unreported source of income 0.14; household composition 0.13",0.405405405405405,0.5,0.602316602316602,0.6,0,0
210,"buffer","earned_by_hh_size > 22.5 & rawben_rel_max > 0.324 & unearned_by_hh_size > 282 & utilities_sua <= 1.5","1","national","ranger","any_error",114,0.3333,0.2403,44.14,0,0,0,2,2,38,"earned income 0.34; shelter deduction 0.27; unearned income 0.19","wrong amount, known item 0.36; wrong include/exclude decision 0.36; unreported source of income 0.19",0.288135593220339,0.842105263157895,0.661016949152542,0.423728813559322,0,0
211,"buffer","earned_by_hh_size < 532 & shelter_expenses_by_hh_size < 402 & total_deductions_by_hh_size >= 333 & total_deductions_by_hh_size < 374","4+","national","xgboost","any_error",114,0.3333,0.2403,66.53,0.0088,0.0263,0.0088,2,1,38,"earned income 0.40; dep care or child support deduction 0.21; unearned income 0.19","wrong amount, known item 0.33; wrong include/exclude decision 0.30; unreported source of income 0.14",0.344262295081967,0.789473684210526,0.704918032786885,0.492063492063492,0,0
212,"buffer","shelter_expenses_by_hh_size >= 165 & total_deductions_by_hh_size >= 290 & unearned_by_hh_size >= 193 & unearned_by_hh_size < 244","4+","national","xgboost","any_error",121,0.3306,0.2402,80.35,0.0083,0.025,0.0083,2,1,40,"earned income 0.33; shelter deduction 0.23; unearned income 0.21","wrong amount, known item 0.44; wrong include/exclude decision 0.23; change in circumstances 0.13",0.516666666666667,0.85,0.7,0.540983606557377,0,0
213,"buffer","gross_by_hh_size > 140 & shelter_expenses_by_hh_size > 295 & shelter_expenses_by_hh_size <= 300","4+","national","ranger","any_error",160,0.3188,0.2402,67.79,0.0187,0.0588,0.0187,5,3,51,"earned income 0.38; shelter deduction 0.21; unearned income 0.21","wrong include/exclude decision 0.38; wrong amount, known item 0.23; unreported source of income 0.15",0.402777777777778,0.784313725490196,0.722222222222222,0.611111111111111,0.0125,0.0196
214,"buffer","children_i <= 0 & count_divisible_by_100 > 0.5 & earned_by_hh_size > 3.25 & rawben_rel_max <= 0.985","2-3","national","ranger","any_error",87,0.3448,0.2385,59.7,0,0,0,4,2,30,"earned income 0.46; shelter deduction 0.19; unearned income 0.15","wrong include/exclude decision 0.27; wrong amount, known item 0.23; change in circumstances 0.12; unreported source of income 0.12",0.291666666666667,0.833333333333333,0.5625,0.416666666666667,0,0
215,"buffer","bbce_state_i >= 1 & rawben_rel_max > 0.984 & unearned_by_hh_size > 545","2-3","national","ranger","any_error",194,0.3093,0.2381,83.85,0,0,0,2,1,60,"shelter deduction 0.36; unearned income 0.28; medical deduction 0.15","wrong include/exclude decision 0.44; wrong amount, known item 0.36",0.407407407407407,0.966666666666667,0.641975308641975,0.654320987654321,0,0
216,"buffer","count_divisible_by_100 > 0.5 & earned_by_hh_size > 194 & medical_deductions <= 148 & total_deductions_by_hh_size <= 308","2-3","national","ranger","any_error",242,0.3017,0.238,40.56,0.0041,0.0137,0.0041,10,6,73,"earned income 0.46; unearned income 0.20; shelter deduction 0.19","wrong amount, known item 0.35; wrong include/exclude decision 0.25; unreported source of income 0.14; method or computation 0.09",0.346534653465347,0.493150684931507,0.762376237623762,0.574257425742574,0,0
217,"buffer","earned_by_hh_size > 374 & expedited_i >= 1 & gross_by_hh_size <= 1720 & shelter_expenses_by_hh_size <= 112","1","national","ranger","any_error",74,0.3514,0.2365,59.51,0.0946,0.2308,0.0811,4,3,26,"earned income 0.63; other element 0.21","unreported source of income 0.24; change in circumstances 0.18; wrong include/exclude decision 0.18; limits and thresholds 0.16",0.236842105263158,0.653846153846154,0.368421052631579,0.289473684210526,0,0
218,"buffer","bbce_state_i >= 1 & gross_by_hh_size >= 1830 & rawben_rel_max >= 0.34","1","national","xgboost","any_error",507,0.2801,0.2362,39.1,0.0079,0.0211,0.0059,4,2,142,"shelter deduction 0.30; medical deduction 0.27; unearned income 0.19","wrong include/exclude decision 0.45; wrong amount, known item 0.30; unreported source of income 0.11",0.456310679611651,0.809859154929577,0.655339805825243,0.563106796116505,0,0
219,"buffer","shelter_expenses_by_hh_size >= 1680 & total_deductions_by_hh_size >= 1420 & unc_rawben_rel_max < 1.08","1","national","xgboost","any_error",698,0.2722,0.2349,43.76,0.0158,0.0526,0.0143,2,1,190,"shelter deduction 0.34; unearned income 0.27; earned income 0.15","wrong include/exclude decision 0.39; wrong amount, known item 0.24; unreported source of income 0.16",0.370786516853933,0.9,0.588014981273408,0.49063670411985,0,0
220,"buffer","earned_by_hh_size >= 1500 & gross_by_hh_size >= 1550 & rawben_rel_max >= 0.46 & total_deductions_by_hh_size < 1280","1","national","xgboost","any_error",106,0.3302,0.2345,45.58,0.0283,0.0857,0.0283,3,3,35,"earned income 0.50; shelter deduction 0.27","wrong amount, known item 0.41; wrong include/exclude decision 0.30; change in circumstances 0.11",0.363636363636364,0.828571428571429,0.509090909090909,0.410714285714286,0,0
221,"buffer","elderly_disabled_i >= 1 & shelter_expenses_by_hh_size > 1330 & unc_rawben_rel_max <= 1.03 & utilities_sua <= 1.5","1","national","ranger","any_error",223,0.3004,0.2345,48.93,0.0045,0,0,5,3,67,"shelter deduction 0.43; utility allowance 0.32; unearned income 0.10","wrong include/exclude decision 0.56; wrong amount, known item 0.19; other 0.07",0.27027027027027,0.865671641791045,0.666666666666667,0.45045045045045,0,0
222,"buffer","rawben_rel_max < 0.899 & total_deductions_by_hh_size >= 606 & total_deductions_by_hh_size < 614","2-3","national","xgboost","any_error",68,0.3529,0.2336,72.04,0.0147,0.0417,0.0147,1,1,24,"earned income 0.44; unearned income 0.21; shelter deduction 0.21","wrong amount, known item 0.29; wrong include/exclude decision 0.24; change in circumstances 0.24",0.382352941176471,0.625,0.529411764705882,0.5,0,0
223,"buffer","expedited_i >= 1 & gross_by_hh_size >= 1750 & unc_rawben_rel_max >= 0.076","1","national","xgboost","any_error",75,0.3467,0.2331,56.6,0.0533,0.1538,0.0533,1,1,26,"earned income 0.29; unearned income 0.26; shelter deduction 0.16; medical deduction 0.13","wrong amount, known item 0.39; wrong include/exclude decision 0.29; change in circumstances 0.11",0.447368421052632,0.769230769230769,0.578947368421053,0.578947368421053,0,0
224,"buffer","rawben_rel_max >= 0.621 & shelter_expenses_by_hh_size < 490 & unearned_by_hh_size >= 426 & unearned_by_hh_size < 441","2-3","national","xgboost","any_error",89,0.3371,0.2329,63.16,0.0337,0.0667,0.0225,2,1,30,"unearned income 0.41; shelter deduction 0.16; earned income 0.14; utility allowance 0.12","wrong amount, known item 0.37; wrong include/exclude decision 0.33; unreported source of income 0.14",0.346938775510204,0.666666666666667,0.551020408163265,0.571428571428571,0,0
225,"buffer","months_since_cert_n > 12.5 & shelter_expenses_by_hh_size > 16 & unc_rawben_rel_max > 0.488 & utilities_sua <= 1.5","1","national","ranger","any_error",631,0.271,0.2319,39.63,0.0222,0.0643,0.0174,20,10,171,"utility allowance 0.32; shelter deduction 0.32; unearned income 0.18","wrong include/exclude decision 0.49; wrong amount, known item 0.21; change in circumstances 0.10",0.332191780821918,0.906432748538012,0.448630136986301,0.534246575342466,0.0079,0
226,"buffer","rawben_rel_max >= 0.845 & rawben_rel_max < 0.878 & shelter_expenses_by_hh_size < 440 & unearned_by_hh_size >= 340","2-3","national","xgboost","any_error",93,0.3333,0.2316,58.27,0.0108,0.0323,0.0108,1,1,31,"unearned income 0.42; shelter deduction 0.29; earned income 0.12","wrong include/exclude decision 0.33; wrong amount, known item 0.23; change in circumstances 0.15; unreported source of income 0.15",0.25,0.709677419354839,0.708333333333333,0.458333333333333,0,0
227,"buffer","children_i >= 1 & months_since_cert_n > 10.5 & percent_abawd > 0.167 & utilities_sua > 1.5","2-3","national","ranger","any_error",72,0.3472,0.2316,91.83,0,0,0,3,2,25,"earned income 0.40; unearned income 0.21; other element 0.21","wrong include/exclude decision 0.19; unreported source of income 0.17; wrong amount, known item 0.17; change in circumstances 0.15; method or computation 0.09",0.377777777777778,0.72,0.466666666666667,0.468085106382979,0.0139,0
228,"buffer","count_divisible_by_100 > 0.5 & earned_by_hh_size > 361 & earned_by_hh_size <= 481","2-3","national","ranger","any_error",137,0.3139,0.2302,47.67,0,0,0,3,3,43,"earned income 0.40; unearned income 0.21; shelter deduction 0.15","wrong include/exclude decision 0.31; wrong amount, known item 0.21; unreported source of income 0.13; change in circumstances 0.11",0.403225806451613,0.558139534883721,0.661290322580645,0.564516129032258,0.0365,0.0465
229,"buffer","months_since_cert_n < 2 & rawben_rel_max >= 0.842 & rawben_rel_max < 0.902","2-3","national","xgboost","any_error",289,0.2872,0.2296,45.21,0.0104,0.0361,0.0104,7,6,83,"earned income 0.26; unearned income 0.24; shelter deduction 0.21; other element 0.13","wrong include/exclude decision 0.36; wrong amount, known item 0.26; unreported source of income 0.15",0.401709401709402,0.686746987951807,0.888888888888889,0.598290598290598,0,0
230,"buffer","children_i <= 0 & earned_by_hh_size > 721 & married >= 1 & months_since_cert_n > 5.5","2-3","national","ranger","any_error",112,0.3214,0.2291,71.02,0.0268,0.0833,0.0268,10,5,36,"earned income 0.38; other element 0.25; shelter deduction 0.21","wrong include/exclude decision 0.27; household composition 0.18; unreported source of income 0.14; other 0.14; wrong amount, known item 0.13",0.311688311688312,0.916666666666667,0.402597402597403,0.324675324675325,0,0
231,"buffer","elderly_disabled_i >= 1 & gross_by_hh_size <= 540 & total_deductions_by_hh_size <= 559 & unc_rawben_rel_max <= 1.03","1","national","ranger","any_error",380,0.2789,0.2288,49.22,0.0289,0.0566,0.0158,13,8,106,"unearned income 0.69; utility allowance 0.09","wrong include/exclude decision 0.49; unreported source of income 0.20; wrong amount, known item 0.15",0.422535211267606,0.952830188679245,0.485915492957746,0.633802816901408,0.0921,0.1226
232,"buffer","HH_size_n >= 3 & rawben_rel_max >= 0.561 & unearned_by_hh_size >= 565","2-3","national","xgboost","any_error",194,0.299,0.2288,57.13,0.0052,0.0172,0.0052,2,1,58,"shelter deduction 0.32; unearned income 0.29; other element 0.15","wrong include/exclude decision 0.38; wrong amount, known item 0.26; other 0.11",0.303030303030303,0.637931034482759,0.616161616161616,0.494949494949495,0,0
233,"buffer","months_since_cert_n < 10 & total_deductions_by_hh_size >= 200 & total_deductions_by_hh_size < 215 & unearned_by_hh_size >= 206","4+","national","xgboost","any_error",164,0.3049,0.2286,61.77,0.0061,0.02,0.0061,4,2,50,"unearned income 0.36; earned income 0.21; shelter deduction 0.20","wrong amount, known item 0.33; wrong include/exclude decision 0.22; household composition 0.14; unreported source of income 0.13",0.342105263157895,0.68,0.710526315789474,0.578947368421053,0,0
234,"buffer","HH_size_n >= 7 & months_since_cert_n >= 5 & rawben_rel_max < 0.862 & total_deductions_by_hh_size >= 141","4+","national","xgboost","any_error",221,0.2941,0.2284,61.89,0,0,0,2,1,65,"earned income 0.42; shelter deduction 0.18; unearned income 0.15","wrong amount, known item 0.33; wrong include/exclude decision 0.23; household composition 0.14; change in circumstances 0.12",0.295918367346939,0.738461538461539,0.479591836734694,0.505050505050505,0,0
235,"buffer","gross_by_hh_size >= 656 & married <= 0 & rawben_rel_max >= 0.42 & shelter_expenses_by_hh_size < 422","2-3","national","xgboost","any_error",817,0.2619,0.2278,40.63,0.0098,0.0327,0.0086,34,18,214,"earned income 0.41; shelter deduction 0.21; dep care or child support deduction 0.11; unearned income 0.10","wrong amount, known item 0.33; wrong include/exclude decision 0.27; change in circumstances 0.11; other 0.08",0.356287425149701,0.616822429906542,0.667664670658683,0.550295857988166,0.0012,0.0047
236,"buffer","shelter_expenses_by_hh_size < 1060 & total_deductions_by_hh_size >= 1280","1","national","xgboost","any_error",146,0.3082,0.2275,57.71,0.0137,0.0222,0.0068,7,4,45,"medical deduction 0.29; earned income 0.21; shelter deduction 0.14; unearned income 0.12","wrong include/exclude decision 0.50; wrong amount, known item 0.21; other 0.08",0.486842105263158,0.955555555555556,0.723684210526316,0.697368421052632,0,0
237,"buffer","rawben_rel_max < 0.725 & unc_rawben_rel_max >= 0.695 & unearned_by_hh_size < 0.5","2-3","national","xgboost","any_error",234,0.2906,0.2269,43.33,0.0085,0.0294,0.0085,9,6,68,"earned income 0.50; shelter deduction 0.20; other element 0.15","wrong amount, known item 0.37; wrong include/exclude decision 0.16; change in circumstances 0.13; method or computation 0.10",0.46,0.602941176470588,0.7,0.6,0,0
238,"buffer","rawben_rel_max >= 0.59 & unearned_by_hh_size >= 774","2-3","national","xgboost","any_error",427,0.274,0.2269,51.84,0.007,0.0256,0.007,2,1,117,"shelter deduction 0.43; unearned income 0.23; medical deduction 0.17","wrong include/exclude decision 0.43; wrong amount, known item 0.23; other 0.13",0.377245508982036,0.923076923076923,0.604790419161677,0.502994011976048,0,0
239,"buffer","count_divisible_by_100 >= 1 & married >= 1 & total_deductions_by_hh_size < 104","4+","national","xgboost","any_error",53,0.3585,0.2251,82.98,0,0,0,2,1,19,"earned income 0.31; unearned income 0.26; shelter deduction 0.11; other element 0.11","wrong amount, known item 0.34; wrong include/exclude decision 0.29; unreported source of income 0.17",0.428571428571429,0.526315789473684,0.742857142857143,0.514285714285714,0.0189,0
240,"buffer","earned_by_hh_size >= 81.7 & married >= 1 & rawben_rel_max >= 0.785 & rawben_rel_max < 0.824","2-3","national","xgboost","any_error",74,0.3378,0.2249,71.07,0.0135,0.04,0.0135,2,1,25,"earned income 0.42; other element 0.24; shelter deduction 0.21","wrong amount, known item 0.32; other 0.21; wrong include/exclude decision 0.16; unreported source of income 0.13",0.394736842105263,0.68,0.5,0.605263157894737,0,0
241,"buffer","gross_by_hh_size >= 1190 & gross_by_hh_size < 1270 & shelter_expenses_by_hh_size < 781 & total_deductions_by_hh_size >= 774","1","national","xgboost","any_error",33,0.3939,0.2249,49.39,0,0,0,2,1,13,"medical deduction 0.40; earned income 0.33; shelter deduction 0.13","wrong include/exclude decision 0.47; wrong amount, known item 0.33",0.466666666666667,1,0.6,0.733333333333333,0,0
242,"buffer","earned_by_hh_size < 1 & rawben_rel_max >= 0.608 & total_deductions_by_hh_size >= 1340 & unc_rawben_rel_max < 1.01","1","national","xgboost","any_error",622,0.2621,0.2232,41.39,0.0032,0.0061,0.0016,1,1,163,"shelter deduction 0.41; medical deduction 0.30; unearned income 0.14","wrong include/exclude decision 0.58; wrong amount, known item 0.19",0.429864253393665,0.950920245398773,0.660633484162896,0.588235294117647,0,0
243,"buffer","gross_by_hh_size >= 668 & HH_size_n >= 3 & unc_rawben_rel_max >= 0.491 & unc_rawben_rel_max < 0.508","2-3","national","xgboost","any_error",89,0.3258,0.2232,49.43,0,0,0,5,3,29,"unearned income 0.33; earned income 0.33; shelter deduction 0.17","wrong amount, known item 0.39; other 0.15; change in circumstances 0.11; wrong include/exclude decision 0.11",0.521739130434783,0.655172413793103,0.5,0.695652173913043,0,0
244,"buffer","months_since_cert_n >= 12 & unc_rawben_rel_max >= 1.11 & unearned_by_hh_size >= 71.7","2-3","national","xgboost","any_error",89,0.3258,0.2232,85.93,0,0,0,5,4,29,"unearned income 0.48; other element 0.17; shelter deduction 0.15","wrong include/exclude decision 0.39; wrong amount, known item 0.28; other 0.09",0.434782608695652,0.793103448275862,0.326086956521739,0.673913043478261,0,0
245,"buffer","gross_by_hh_size >= 886 & percent_abawd >= 0.667 & rawben_rel_max >= 0.331 & unc_rawben_rel_max < 1.17","2-3","national","xgboost","any_error",30,0.4,0.2232,56.77,0,0,0,2,1,12,"earned income 0.50; shelter deduction 0.25","wrong amount, known item 0.29; wrong include/exclude decision 0.29; household composition 0.12; unreported source of income 0.12",0.333333333333333,0.916666666666667,0.541666666666667,0.5,0,0
246,"buffer","months_since_cert_n >= 7 & shelter_expenses_by_hh_size >= 364 & shelter_expenses_by_hh_size < 369","4+","national","xgboost","any_error",30,0.4,0.2232,68.9,0,0,0,1,1,12,"earned income 0.41; unearned income 0.18; shelter deduction 0.12; other element 0.12","wrong amount, known item 0.41; unreported source of income 0.18; other 0.12; wrong include/exclude decision 0.12",0.352941176470588,0.583333333333333,0.411764705882353,0.588235294117647,0,0
247,"buffer","count_divisible_by_100 > 0.5 & medical_deductions <= 386 & unearned_by_hh_size > 341 & unearned_by_hh_size <= 434","2-3","national","ranger","any_error",164,0.2988,0.2232,56.27,0,0,0,1,1,49,"unearned income 0.41; earned income 0.25; shelter deduction 0.16","wrong include/exclude decision 0.37; wrong amount, known item 0.20; unreported source of income 0.20",0.383561643835616,0.714285714285714,0.73972602739726,0.573333333333333,0.0671,0.1633
248,"buffer","married <= 0 & months_since_cert_n < 13 & percent_abawd >= 0.429 & total_deductions_by_hh_size >= 94","4+","national","xgboost","any_error",64,0.3438,0.2228,95.61,0,0,0,1,1,22,"earned income 0.31; other element 0.27; unearned income 0.20","wrong amount, known item 0.20; household composition 0.20; wrong include/exclude decision 0.20; unreported source of income 0.16",0.422222222222222,0.772727272727273,0.6,0.577777777777778,0,0
249,"buffer","earned_by_hh_size >= 126 & earned_by_hh_size < 243 & months_since_cert_n < 3 & total_deductions_by_hh_size < 295","2-3","national","xgboost","any_error",149,0.302,0.2227,64.41,0.0134,0.0222,0.0067,4,2,45,"earned income 0.59; unearned income 0.18","wrong amount, known item 0.35; unreported source of income 0.19; wrong include/exclude decision 0.15; method or computation 0.12",0.264705882352941,0.733333333333333,0.823529411764706,0.602941176470588,0,0
250,"buffer","gross_by_hh_size >= 389 & gross_by_hh_size < 418 & shelter_expenses_by_hh_size < 120 & total_deductions_by_hh_size < 231","4+","national","xgboost","any_error",104,0.3173,0.2224,68.96,0,0,0,4,2,33,"earned income 0.57; unearned income 0.18","wrong amount, known item 0.27; unreported source of income 0.20; wrong include/exclude decision 0.18; household composition 0.10",0.291666666666667,0.727272727272727,0.583333333333333,0.5,0,0
251,"buffer","earned_by_hh_size >= 807 & total_deductions_by_hh_size >= 290 & total_deductions_by_hh_size < 408 & unc_rawben_rel_max >= 0.309","4+","national","xgboost","any_error",169,0.2959,0.2216,51.56,0,0,0,5,3,50,"earned income 0.40; shelter deduction 0.24; other element 0.11","wrong amount, known item 0.29; wrong include/exclude decision 0.29; unreported source of income 0.18",0.388888888888889,0.66,0.694444444444444,0.527777777777778,0,0
252,"buffer","gross_by_hh_size >= 351 & total_deductions_by_hh_size >= 552 & unc_rawben_rel_max >= 1.16","2-3","national","xgboost","any_error",380,0.2711,0.2215,80,0,0,0,5,3,103,"earned income 0.43; unearned income 0.30; shelter deduction 0.10","wrong include/exclude decision 0.31; wrong amount, known item 0.24; unreported source of income 0.17; change in circumstances 0.10",0.342657342657343,0.932038834951456,0.524475524475524,0.538461538461538,0.0974,0.2039
253,"buffer","rawben_rel_max >= 0.636 & rawben_rel_max < 0.706 & shelter_expenses_by_hh_size >= 624","2-3","national","xgboost","any_error",385,0.2701,0.2209,44.4,0.0052,0.0192,0.0052,6,3,104,"earned income 0.32; shelter deduction 0.26; unearned income 0.22","wrong amount, known item 0.28; wrong include/exclude decision 0.24; unreported source of income 0.13; other 0.12",0.420689655172414,0.721153846153846,0.579310344827586,0.527397260273973,0,0
254,"buffer","HH_size_n >= 6 & total_deductions_by_hh_size >= 87.2 & unearned_by_hh_size < 199 & utilities_sua < 2","4+","national","xgboost","any_error",260,0.2808,0.2209,67.17,0.0154,0.0274,0.0077,2,1,73,"earned income 0.39; other element 0.22; unearned income 0.13; shelter deduction 0.13","wrong amount, known item 0.29; wrong include/exclude decision 0.27; household composition 0.16; unreported source of income 0.09",0.478260869565217,0.561643835616438,0.652173913043478,0.646551724137931,0,0
255,"buffer","earned_by_hh_size >= 801 & HH_size_n >= 5 & shelter_expenses_by_hh_size >= 94.5","4+","national","xgboost","any_error",357,0.2717,0.2207,56.42,0,0,0,2,1,97,"earned income 0.43; shelter deduction 0.21; other element 0.12","wrong amount, known item 0.33; wrong include/exclude decision 0.26; method or computation 0.12; household composition 0.10",0.354838709677419,0.587628865979381,0.664516129032258,0.516129032258065,0,0
256,"buffer","elderly_disabled_i <= 0 & shelter_expenses_by_hh_size >= 93 & unearned_by_hh_size >= 266 & unearned_by_hh_size < 292","4+","national","xgboost","any_error",120,0.3083,0.2203,53.81,0.0083,0.027,0.0083,2,1,37,"unearned income 0.29; earned income 0.24; other element 0.20; shelter deduction 0.17","wrong amount, known item 0.29; wrong include/exclude decision 0.24; household composition 0.17; change in circumstances 0.10",0.528571428571429,0.378378378378378,0.785714285714286,0.814285714285714,0,0
257,"buffer","earned_by_hh_size >= 791 & married <= 0 & months_since_cert_n >= 11","4+","national","xgboost","any_error",37,0.3784,0.22,83.38,0,0,0,3,2,14,"earned income 0.32; unearned income 0.24; other element 0.16; shelter deduction 0.16","wrong amount, known item 0.28; wrong include/exclude decision 0.28; unreported source of income 0.16; method or computation 0.08",0.4,0.785714285714286,0.4,0.56,0,0
258,"buffer","gross_by_hh_size < 518 & rawben_rel_max >= 0.69 & rawben_rel_max < 0.703","2-3","national","xgboost","any_error",124,0.3065,0.2199,48.75,0,0,0,1,1,38,"unearned income 0.37; earned income 0.28; other element 0.16","wrong amount, known item 0.26; wrong include/exclude decision 0.23; household composition 0.16; unreported source of income 0.14",0.403508771929825,0.578947368421053,0.543859649122807,0.631578947368421,0,0
259,"buffer","shelter_expenses_by_hh_size < 894 & unc_rawben_rel_max >= 0.473 & unearned_by_hh_size >= 1130 & utilities_sua >= 1","1","national","xgboost","any_error",210,0.2857,0.2193,34.37,0,0,0,6,3,60,"medical deduction 0.45; shelter deduction 0.25; unearned income 0.10","wrong include/exclude decision 0.68; wrong amount, known item 0.16",0.556818181818182,0.85,0.727272727272727,0.761363636363636,0,0
260,"buffer","count_divisible_by_100 <= 0.5 & earned_by_hh_size > 316 & unc_rawben_rel_max > 1.2","2-3","national","ranger","any_error",98,0.3163,0.2191,97.4,0,0,0,3,2,31,"earned income 0.71; shelter deduction 0.10","wrong amount, known item 0.32; wrong include/exclude decision 0.24; change in circumstances 0.17; unreported source of income 0.15",0.268292682926829,1,0.341463414634146,0.365853658536585,0,0
261,"buffer","elderly_disabled_i <= 0 & gross_by_hh_size >= 1120 & gross_by_hh_size < 1350 & unearned_by_hh_size >= 52.5","2-3","national","xgboost","any_error",195,0.2872,0.2184,56.74,0.0103,0.0357,0.0103,4,2,56,"earned income 0.37; unearned income 0.26; shelter deduction 0.15","wrong amount, known item 0.37; wrong include/exclude decision 0.27; unreported source of income 0.12",0.442105263157895,0.607142857142857,0.568421052631579,0.568421052631579,0,0
262,"buffer","HH_size_n >= 3 & rawben_rel_max >= 0.493 & shelter_expenses_by_hh_size >= 660","2-3","national","xgboost","any_error",661,0.2542,0.2169,54.12,0.0061,0.0238,0.0061,4,2,168,"earned income 0.42; unearned income 0.20; shelter deduction 0.18","wrong amount, known item 0.32; wrong include/exclude decision 0.20; unreported source of income 0.16; other 0.09",0.34297520661157,0.720238095238095,0.611570247933884,0.526748971193416,0.0408,0.1012
263,"buffer","earned_by_hh_size >= 624 & married >= 1 & shelter_expenses_by_hh_size < 311 & unearned_by_hh_size >= 18.5","4+","national","xgboost","any_error",73,0.3288,0.2166,63.18,0,0,0,1,1,24,"earned income 0.38; unearned income 0.28; other element 0.17","wrong amount, known item 0.45; wrong include/exclude decision 0.15; method or computation 0.10; unreported source of income 0.10",0.4,0.583333333333333,0.45,0.6,0,0
264,"buffer","rawben_rel_max >= 0.29 & unc_rawben_rel_max < 0.293","2-3","national","xgboost","any_error",55,0.3455,0.2163,27.62,0,0,0,1,1,19,"earned income 0.31; shelter deduction 0.23; unearned income 0.19; other element 0.12","wrong include/exclude decision 0.38; wrong amount, known item 0.35; method or computation 0.12",0.5,0.526315789473684,0.730769230769231,0.692307692307692,0,0
265,"buffer","months_since_cert_n >= 2 & shelter_expenses_by_hh_size >= 584 & total_deductions_by_hh_size < 558 & utilities_sua < 2","2-3","national","xgboost","any_error",241,0.278,0.2163,55.82,0.0083,0.0149,0.0041,2,1,67,"shelter deduction 0.24; earned income 0.21; unearned income 0.20; utility allowance 0.18","wrong include/exclude decision 0.41; wrong amount, known item 0.21; unreported source of income 0.12; change in circumstances 0.08",0.289719626168224,0.805970149253731,0.635514018691589,0.551401869158878,0.0539,0.1493
266,"buffer","gross_by_hh_size < 118 & married <= 0 & unc_rawben_rel_max < 1.04 & unearned_by_hh_size >= 109","4+","national","xgboost","any_error",41,0.3659,0.2163,54.44,0.0732,0.0667,0.0244,2,1,15,"unearned income 0.45; utility allowance 0.23; other element 0.14","wrong amount, known item 0.36; wrong include/exclude decision 0.32; unreported source of income 0.14",0.318181818181818,0.466666666666667,0.727272727272727,0.636363636363636,0,0
267,"buffer","rawben_rel_max < 0.737 & shelter_expenses_by_hh_size >= 210 & total_deductions_by_hh_size >= 217 & unc_rawben_rel_max >= 0.717","4+","national","xgboost","any_error",130,0.3,0.216,71.6,0.0154,0.0513,0.0154,2,1,39,"earned income 0.54; other element 0.12; shelter deduction 0.11","wrong amount, known item 0.27; other 0.14; wrong include/exclude decision 0.14; unreported source of income 0.14; change in circumstances 0.11",0.232142857142857,0.692307692307692,0.625,0.464285714285714,0,0
268,"buffer","gross_by_hh_size < 998 & unc_rawben_rel_max < 1.05 & unearned_by_hh_size < 644 & utilities_sua >= 2","1","national","xgboost","any_error",406,0.2635,0.216,43.02,0.0148,0.0467,0.0123,32,17,107,"unearned income 0.57; earned income 0.18; shelter deduction 0.11","wrong include/exclude decision 0.35; wrong amount, known item 0.22; unreported source of income 0.22",0.43609022556391,0.85981308411215,0.503759398496241,0.582089552238806,0,0
269,"buffer","earned_by_hh_size > 292 & months_since_cert_n > 5.5 & unearned_by_hh_size > 171 & unearned_by_hh_size <= 280","1","national","ranger","any_error",31,0.3871,0.2154,75.45,0.0323,0.0833,0.0323,2,1,12,"earned income 0.59; unearned income 0.18","wrong amount, known item 0.35; change in circumstances 0.29; unreported source of income 0.18",0.117647058823529,0.833333333333333,0.235294117647059,0.352941176470588,0,0
270,"buffer","elderly_disabled_i >= 1 & married >= 1 & total_deductions_by_hh_size > 1040","1","national","ranger","any_error",31,0.3871,0.2154,76.23,0.0645,0.1667,0.0645,1,1,12,"other element 0.35; earned income 0.24; unearned income 0.18","wrong include/exclude decision 0.41; household composition 0.29; unreported source of income 0.12",0.352941176470588,0.75,0.411764705882353,0.352941176470588,0,0
271,"buffer","homeless >= 1 & percent_abawd <= 0.1 & rawben_rel_max > 0.884 & total_deductions_by_hh_size > 68.1","4+","national","ranger","any_error",31,0.3871,0.2154,64.87,0,0,0,1,1,12,"unearned income 0.36; utility allowance 0.21; earned income 0.21","wrong include/exclude decision 0.43; wrong amount, known item 0.29; other 0.14",0.5,0.833333333333333,0.428571428571429,0.857142857142857,0,0
272,"buffer","earned_by_hh_size >= 328 & shelter_expenses_by_hh_size < 586 & unc_rawben_rel_max >= 1.25","1","national","xgboost","any_error",119,0.3025,0.2149,68.85,0,0,0,9,7,36,"earned income 0.72; other element 0.13","unreported source of income 0.28; wrong include/exclude decision 0.23; change in circumstances 0.15; wrong amount, known item 0.13",0.283018867924528,1,0.490566037735849,0.433962264150943,0,0
