"hh","rule","source","n_flagged_train","errors_train","precision_train","precision_train_lcb","n_flagged_holdout","errors_caught_holdout","precision_holdout","recall_holdout","dollar_recall_holdout","workload_pct_holdout","n_flagged_any","errors_caught_any","precision_any","recall_any","dollar_recall_any","workload_pct_any"
"1","medical_deductions >=   4.000 & medical_deductions <   8.000 & rawben_rel_max <   0.691 & total_deductions_by_hh_size >= 217.000","xgboost",36,23,0.6389,0.4462,16,9,0.5625,0.012,0.008,0.075,16,9,0.5625,0.007,0.0038,0.074
"1","medical_deductions >=   3.000 & medical_deductions <   7.000 & rawben_rel_max <   0.639 & utilities >= 431.000","xgboost",28,18,0.6429,0.4255,8,5,0.625,0.0067,0.0035,0.038,8,5,0.625,0.0039,0.0017,0.037
"1","total_deductions_by_hh_size > 1290.000 & unc_rawben_rel_max >    0.987 & unc_rawben_rel_max <=    0.991","ranger",12,9,0.75,0.4187,4,1,0.25,0.0013,0.003,0.019,4,1,0.25,8e-04,0.0014,0.018
"1","homeless <=    0.500 & rawben_rel_max >    0.987 & total_deductions_by_hh_size > 1290.000 & unc_rawben_rel_max <=    1.000","ranger",13,9,0.6923,0.3793,8,1,0.125,0.0013,0.003,0.038,8,1,0.125,8e-04,0.0014,0.037
"1","elderly_disabled_i >   0.500 & rawben_rel_max >   0.987 & rawben_rel_max <=   0.991 & utilities <= 476.000","ranger",140,66,0.4714,0.3762,85,27,0.3176,0.036,0.0451,0.401,85,27,0.3176,0.0209,0.0216,0.39
"1","count_divisible_by_100 <= 0.500 & medical_deductions > 3.500 & medical_deductions <= 7.500 & unc_rawben_rel_max <= 0.595","ranger",44,24,0.5455,0.3756,17,8,0.4706,0.0107,0.0057,0.08,17,8,0.4706,0.0062,0.0027,0.078
"1","rawben_rel_max >    0.987 & rawben_rel_max <=    0.998 & shelter_expenses_by_hh_size > 1680.000","ranger",23,14,0.6087,0.374,11,4,0.3636,0.0053,0.0078,0.052,12,5,0.4167,0.0039,0.0047,0.055
"1","months_since_cert_n <=   30.500 & rawben_rel_max >    0.987 & shelter_expenses_by_hh_size > 1680.000 & unc_rawben_rel_max <=    1.000","ranger",21,13,0.619,0.3735,13,4,0.3077,0.0053,0.0078,0.061,14,5,0.3571,0.0039,0.0047,0.064
"1","elderly_disabled_i >   0.50 & medical_deductions >   4.94 & medical_deductions <=   7.50 & total_deductions_by_hh_size > 290.00","ranger",40,22,0.55,0.3722,20,6,0.3,0.008,0.0041,0.094,20,6,0.3,0.0046,0.002,0.092
"1","rawben_rel_max >=   0.988 & rawben_rel_max <   0.992 & total_deductions_by_hh_size >= 445.000 & utilities < 560.000","xgboost",172,78,0.4535,0.368,83,30,0.3614,0.0401,0.0512,0.391,83,30,0.3614,0.0232,0.0245,0.381
"1","elderly_disabled_i >   0.500 & rawben_rel_max <=   0.991 & unc_rawben_rel_max >   0.987 & utilities <= 502.000","ranger",156,70,0.4487,0.3594,87,28,0.3218,0.0374,0.0458,0.41,87,28,0.3218,0.0217,0.0219,0.4
"1","medical_deductions >   1.5 & medical_deductions <=   8.5 & utilities > 470.0","ranger",47,24,0.5106,0.3489,20,7,0.35,0.0093,0.007,0.094,20,7,0.35,0.0054,0.0033,0.092
"1","medical_deductions >   0.5 & medical_deductions <=   7.5 & shelter_expenses_by_hh_size > 180.0 & utilities > 448.0","ranger",50,25,0.5,0.3438,21,7,0.3333,0.0093,0.007,0.099,21,7,0.3333,0.0054,0.0033,0.096
"1","medical_deductions >    3.5 & medical_deductions <=    7.5 & total_deductions_by_hh_size >  290.0 & utilities <= 1050.0","ranger",48,24,0.5,0.3409,20,5,0.25,0.0067,0.0034,0.094,20,5,0.25,0.0039,0.0016,0.092
"1","rawben_rel_max >    0.983 & rawben_rel_max <=    0.991 & shelter_expenses_by_hh_size > 1310.000 & unc_rawben_rel_max <=    1.000","ranger",80,37,0.4625,0.3394,40,12,0.3,0.016,0.0233,0.188,40,12,0.3,0.0093,0.0111,0.184
"1","medical_deductions <=   0.500 & rawben_rel_max <=   0.991 & total_deductions_by_hh_size > 871.000 & unc_rawben_rel_max >   0.987","ranger",68,32,0.4706,0.3372,32,12,0.375,0.016,0.0253,0.151,32,12,0.375,0.0093,0.0121,0.147
"1","shelter_expenses_by_hh_size > 1380.000 & unc_rawben_rel_max >    0.987 & unc_rawben_rel_max <=    0.991","ranger",56,27,0.4821,0.3354,30,11,0.3667,0.0147,0.0222,0.141,30,11,0.3667,0.0085,0.0106,0.138
"1","total_deductions_by_hh_size > 443.000 & unc_rawben_rel_max >   0.987 & unc_rawben_rel_max <=   1.000 & utilities <= 460.000","ranger",154,65,0.4221,0.3337,80,22,0.275,0.0294,0.0393,0.377,81,23,0.284,0.0178,0.0199,0.372
"1","cat_elig >   0.500 & rawben_rel_max >   0.985 & total_deductions_by_hh_size > 938.000 & unc_rawben_rel_max <=   0.991","ranger",59,28,0.4746,0.332,31,10,0.3226,0.0134,0.0177,0.146,31,10,0.3226,0.0077,0.0085,0.142
"1","homeless <=   0.500 & unc_rawben_rel_max >   0.987 & unc_rawben_rel_max <=   0.991 & utilities <= 570.000","ranger",203,83,0.4089,0.332,126,33,0.2619,0.0441,0.0538,0.594,126,33,0.2619,0.0255,0.0257,0.579
"1","rawben_rel_max <=   0.998 & shelter_expenses_by_hh_size > 859.000 & unc_rawben_rel_max >   0.987 & utilities <= 568.000","ranger",188,76,0.4043,0.3248,85,32,0.3765,0.0427,0.0567,0.401,86,33,0.3837,0.0255,0.0282,0.395
"1","rawben_rel_max >   0.987 & rawben_rel_max <=   0.991 & total_deductions_by_hh_size > 932.000 & unc_rawben_rel_max <=   0.989","ranger",17,10,0.5882,0.3242,0,0,NA,0,0,0,0,0,NA,0,0,0
"1","elderly_disabled_i >    0.500 & rawben_rel_max >    0.987 & shelter_expenses_by_hh_size > 1310.000 & unc_rawben_rel_max <=    1.000","ranger",84,37,0.4405,0.3219,48,12,0.25,0.016,0.0233,0.226,48,12,0.25,0.0093,0.0111,0.221
"1","rawben_rel_max >=    0.988 & rawben_rel_max <    0.992 & shelter_expenses_by_hh_size >= 1120.000 & utilities <  819.000","xgboost",111,47,0.4234,0.3204,43,18,0.4186,0.024,0.0348,0.203,43,18,0.4186,0.0139,0.0167,0.198
"1","percent_abawd <=    0.500 & rawben_rel_max >    0.987 & shelter_expenses_by_hh_size > 1230.000 & unc_rawben_rel_max <=    0.991","ranger",95,41,0.4316,0.3202,52,14,0.2692,0.0187,0.028,0.245,52,14,0.2692,0.0108,0.0134,0.239
"1","homeless <=   0.5 & medical_deductions >   3.5 & medical_deductions <=   8.5 & total_deductions_by_hh_size > 226.0","ranger",56,26,0.4643,0.3194,27,9,0.3333,0.012,0.008,0.127,27,9,0.3333,0.007,0.0038,0.124
"1","medical_deductions >= 5 & medical_deductions < 8","xgboost",54,25,0.463,0.3158,30,11,0.3667,0.0147,0.0096,0.141,30,11,0.3667,0.0085,0.0046,0.138
"1","expedited_i <=    0.500 & rawben_rel_max >    0.987 & shelter_expenses_by_hh_size > 1380.000 & unc_rawben_rel_max <=    1.000","ranger",57,26,0.4561,0.3132,37,10,0.2703,0.0134,0.0193,0.174,38,11,0.2895,0.0085,0.0102,0.175
"1","medical_deductions > 0.50 & medical_deductions <= 8.50 & months_since_cert_n <= 1.50 & percent_abawd <= 0.75","ranger",11,7,0.6364,0.3116,4,4,1,0.0053,0.0028,0.019,4,4,1,0.0031,0.0013,0.018
"1","shelter_expenses_by_hh_size > 180.000 & unc_rawben_rel_max >   0.987 & unc_rawben_rel_max <=   1.000 & utilities <= 451.000","ranger",174,68,0.3908,0.3093,91,25,0.2747,0.0334,0.0423,0.429,92,26,0.2826,0.0201,0.0213,0.423
"1","rawben_rel_max >    0.987 & shelter_expenses_by_hh_size > 1310.000 & unc_rawben_rel_max <=    1.000","ranger",90,38,0.4222,0.3089,49,12,0.2449,0.016,0.0233,0.231,50,13,0.26,0.0101,0.0121,0.23
"1","medical_deductions >= 123.000 & medical_deductions < 130.000 & rawben_rel_max >=   0.256 & shelter_expenses_by_hh_size >= 150.000","xgboost",50,23,0.46,0.3081,42,16,0.381,0.0214,0.0122,0.198,44,18,0.4091,0.0139,0.0075,0.202
"1","count_divisible_by_100 <=   0.500 & rawben_rel_max >   0.987 & unc_rawben_rel_max <=   0.991 & utilities <= 542.000","ranger",198,76,0.3838,0.3076,115,28,0.2435,0.0374,0.0468,0.542,115,28,0.2435,0.0217,0.0224,0.528
"1","expedited_i <=  0.5 & medical_deductions >  3.5 & medical_deductions <=  7.5 & utilities > 29.5","ranger",58,26,0.4483,0.3074,29,11,0.3793,0.0147,0.0096,0.137,29,11,0.3793,0.0085,0.0046,0.133
"1","medical_deductions >=   5.00 & medical_deductions <  15.00 & unc_rawben_rel_max <   1.14 & utilities >= 417.00","xgboost",58,26,0.4483,0.3074,24,7,0.2917,0.0093,0.0067,0.113,24,7,0.2917,0.0054,0.0032,0.11
"1","unc_rawben_rel_max >   0.987 & unc_rawben_rel_max <=   0.991 & utilities <= 570.000","ranger",222,84,0.3784,0.3064,138,36,0.2609,0.0481,0.0597,0.65,138,36,0.2609,0.0278,0.0286,0.634
"1","expedited_i < 1.000 & medical_deductions >= 4.000 & medical_deductions < 8.000 & rawben_rel_max < 0.528","xgboost",40,19,0.475,0.3056,17,8,0.4706,0.0107,0.0073,0.08,17,8,0.4706,0.0062,0.0035,0.078
"1","rawben_rel_max >=   0.988 & rawben_rel_max <   0.992 & utilities < 550.000","xgboost",205,78,0.3805,0.3056,124,30,0.2419,0.0401,0.0495,0.584,124,30,0.2419,0.0232,0.0237,0.57
"1","count_divisible_by_100 <= 0.5 & medical_deductions > 3.5 & medical_deductions <= 7.5","ranger",61,27,0.4426,0.3055,30,10,0.3333,0.0134,0.0071,0.141,30,10,0.3333,0.0077,0.0034,0.138
"1","months_since_cert_n <=  24.500 & rawben_rel_max >   0.985 & rawben_rel_max <=   0.991 & utilities <= 451.000","ranger",165,64,0.3879,0.3045,107,22,0.2056,0.0294,0.0376,0.504,107,22,0.2056,0.017,0.018,0.492
"1","rawben_rel_max >=   0.988 & rawben_rel_max <   0.992 & total_deductions_by_hh_size >= 842.000","xgboost",94,39,0.4149,0.3045,55,17,0.3091,0.0227,0.0338,0.259,55,17,0.3091,0.0131,0.0162,0.253
"1","months_since_cert_n <    7.000 & rawben_rel_max >=    0.988 & rawben_rel_max <    0.992 & shelter_expenses_by_hh_size >= 1490.000","xgboost",18,10,0.5556,0.3035,9,4,0.4444,0.0053,0.0086,0.042,9,4,0.4444,0.0031,0.0041,0.041
"1","cat_elig <=   1.500 & rawben_rel_max >   0.985 & rawben_rel_max <=   0.991 & utilities <= 476.000","ranger",140,55,0.3929,0.3026,124,28,0.2258,0.0374,0.0468,0.584,124,28,0.2258,0.0217,0.0224,0.57
"1","cat_elig >    0.50 & medical_deductions >    4.94 & medical_deductions <=    8.50 & shelter_expenses_by_hh_size <= 2530.00","ranger",57,25,0.4386,0.2977,25,10,0.4,0.0134,0.0092,0.118,25,10,0.4,0.0077,0.0044,0.115
"1","shelter_expenses_by_hh_size > 1850.000 & total_deductions_by_hh_size >    7.800 & unc_rawben_rel_max >    0.976 & unc_rawben_rel_max <=    1.000","ranger",16,9,0.5625,0.2968,9,1,0.1111,0.0013,0.003,0.042,9,1,0.1111,8e-04,0.0014,0.041
"1","rawben_rel_max <=   0.991 & unc_rawben_rel_max >   0.985 & utilities <= 578.000","ranger",239,87,0.364,0.2954,160,40,0.25,0.0534,0.0656,0.754,160,40,0.25,0.0309,0.0314,0.735
"1","total_deductions_by_hh_size >   8.9 & total_deductions_by_hh_size <=  11.1 & utilities > 355.0 & utilities <= 428.0","ranger",36,17,0.4722,0.2954,7,0,0,0,0,0.033,7,0,0,0,0,0.032
"1","count_divisible_by_100 <=   0.5 & medical_deductions >   0.5 & medical_deductions <=   8.5 & total_deductions_by_hh_size > 302.0","ranger",63,27,0.4286,0.2949,27,7,0.2593,0.0093,0.0051,0.127,27,7,0.2593,0.0054,0.0025,0.124
"1","medical_deductions > 403.000 & rawben_rel_max <=   0.991 & unc_rawben_rel_max >   0.683","ranger",31,15,0.4839,0.2936,23,9,0.3913,0.012,0.0209,0.108,23,9,0.3913,0.007,0.01,0.106
"1","rawben_rel_max >   0.914 & shelter_expenses_by_hh_size > 382.000 & unc_rawben_rel_max <=   0.991 & utilities <=  26.500","ranger",31,15,0.4839,0.2936,16,8,0.5,0.0107,0.0134,0.075,18,10,0.5556,0.0077,0.0091,0.083
"1","cat_elig <=   2.500 & rawben_rel_max <=   0.991 & unc_rawben_rel_max >   0.985 & utilities <= 578.000","ranger",238,86,0.3613,0.2927,160,40,0.25,0.0534,0.0656,0.754,160,40,0.25,0.0309,0.0314,0.735
"1","medical_deductions > 3.5 & medical_deductions <= 7.5 & percent_abawd <= 0.5","ranger",64,27,0.4219,0.29,31,11,0.3548,0.0147,0.0096,0.146,31,11,0.3548,0.0085,0.0046,0.142
"1","medical_deductions >    3.5 & medical_deductions <=    8.5 & utilities >   26.5 & utilities <= 1050.0","ranger",67,28,0.4179,0.2891,32,10,0.3125,0.0134,0.0089,0.151,32,10,0.3125,0.0077,0.0043,0.147
"1","medical_deductions >   3.500 & medical_deductions <=   7.500 & total_deductions_by_hh_size > 302.000 & unc_rawben_rel_max >   0.268","ranger",37,17,0.4595,0.2866,18,5,0.2778,0.0067,0.0035,0.085,18,5,0.2778,0.0039,0.0017,0.083
"1","total_deductions_by_hh_size >   7.8000 & total_deductions_by_hh_size <=  11.1000 & unc_rawben_rel_max >   0.0513 & utilities > 350.0000","ranger",40,18,0.45,0.2841,11,0,0,0,0,0.052,11,0,0,0,0,0.051
"1","rawben_rel_max >    0.985 & rawben_rel_max <=    0.991 & total_deductions_by_hh_size > 1100.000 & utilities >   29.500","ranger",32,15,0.4688,0.2834,17,5,0.2941,0.0067,0.0089,0.08,17,5,0.2941,0.0039,0.0043,0.078
"1","medical_deductions > 386.000 & rawben_rel_max >   0.638 & total_deductions_by_hh_size > 187.000 & unc_rawben_rel_max <=   0.991","ranger",43,19,0.4419,0.2822,24,9,0.375,0.012,0.0209,0.113,24,9,0.375,0.007,0.01,0.11
"1","rawben_rel_max <=    0.998 & shelter_expenses_by_hh_size > 1260.000 & unc_rawben_rel_max >    0.985","ranger",104,40,0.3846,0.282,63,17,0.2698,0.0227,0.0332,0.297,64,18,0.2812,0.0139,0.0169,0.294
"1","medical_deductions > 1.500 & medical_deductions <= 7.500 & unc_rawben_rel_max <= 0.666","ranger",60,25,0.4167,0.2816,24,12,0.5,0.016,0.0106,0.113,24,12,0.5,0.0093,0.0051,0.11
"1","rawben_rel_max >    0.985 & rawben_rel_max <=    0.991 & shelter_expenses_by_hh_size > 1070.000 & unc_rawben_rel_max >    0.989","ranger",175,63,0.36,0.281,115,27,0.2348,0.036,0.0479,0.542,115,27,0.2348,0.0209,0.0229,0.528
"1","rawben_rel_max <=   0.996 & total_deductions_by_hh_size >   7.800 & unc_rawben_rel_max >   0.987 & utilities <= 440.000","ranger",169,61,0.3609,0.2806,88,22,0.25,0.0294,0.0377,0.415,88,22,0.25,0.017,0.018,0.404
"1","medical_deductions >   0.5 & medical_deductions <=   8.5 & total_deductions_by_hh_size > 302.0","ranger",66,27,0.4091,0.2805,27,7,0.2593,0.0093,0.0051,0.127,27,7,0.2593,0.0054,0.0025,0.124
"1","homeless <=   0.500 & total_deductions_by_hh_size > 938.000 & unc_rawben_rel_max >   0.987 & unc_rawben_rel_max <=   1.000","ranger",69,28,0.4058,0.2801,44,10,0.2273,0.0134,0.0177,0.207,44,10,0.2273,0.0077,0.0085,0.202
"1","percent_abawd <=   0.500 & rawben_rel_max >   0.987 & rawben_rel_max <=   0.991 & utilities <= 804.000","ranger",329,111,0.3374,0.2798,178,47,0.264,0.0628,0.071,0.839,178,47,0.264,0.0363,0.034,0.818
"1","medical_deductions > 0.500 & medical_deductions <= 7.500 & rawben_rel_max <= 0.758 & unc_rawben_rel_max <= 0.991","ranger",72,29,0.4028,0.2797,28,12,0.4286,0.016,0.0106,0.132,28,12,0.4286,0.0093,0.0051,0.129
"1","medical_deductions > 0.500 & medical_deductions <= 7.500 & rawben_rel_max > 0.087 & unc_rawben_rel_max <= 1.000","ranger",72,29,0.4028,0.2797,35,12,0.3429,0.016,0.0106,0.165,35,12,0.3429,0.0093,0.0051,0.161
"1","medical_deductions >    0.5 & medical_deductions <=    7.5 & shelter_expenses_by_hh_size <= 2730.0 & total_deductions_by_hh_size >  142.0","ranger",73,29,0.3973,0.2756,31,11,0.3548,0.0147,0.0097,0.146,31,11,0.3548,0.0085,0.0046,0.142
"1","homeless <   1 & medical_deductions >=   4 & medical_deductions <  18 & utilities >= 361","xgboost",77,30,0.3896,0.2717,37,9,0.2432,0.012,0.0085,0.174,37,9,0.2432,0.007,0.0041,0.17
"1","elderly_disabled_i >=   1.000 & rawben_rel_max >=   0.988 & rawben_rel_max <   1.000 & total_deductions_by_hh_size >= 803.000","xgboost",121,44,0.3636,0.2698,73,20,0.274,0.0267,0.0381,0.344,73,20,0.274,0.0155,0.0182,0.335
"1","homeless >    0.50 & rawben_rel_max >    0.32 & shelter_expenses_by_hh_size > 1030.00 & unc_rawben_rel_max <=    1.00","ranger",15,8,0.5333,0.2675,10,4,0.4,0.0053,0.0093,0.047,10,4,0.4,0.0031,0.0044,0.046
"1","medical_deductions >= 278.000 & rawben_rel_max >=   0.670 & rawben_rel_max <   0.942","xgboost",60,24,0.4,0.2671,36,12,0.3333,0.016,0.0258,0.17,37,13,0.3514,0.0101,0.0129,0.17
"1","count_divisible_by_100 <=   0.500 & rawben_rel_max >   0.987 & rawben_rel_max <=   0.991 & total_deductions_by_hh_size > 465.000","ranger",384,122,0.3177,0.2653,182,45,0.2473,0.0601,0.071,0.858,182,45,0.2473,0.0348,0.034,0.836
"1","medical_deductions >   1.5 & medical_deductions <=   7.5 & shelter_expenses_by_hh_size > 160.0 & total_deductions_by_hh_size >   7.8","ranger",73,28,0.3836,0.2636,35,12,0.3429,0.016,0.0106,0.165,35,12,0.3429,0.0093,0.0051,0.161
"1","total_deductions_by_hh_size >   8.9 & total_deductions_by_hh_size <=  11.1 & utilities > 355.0","ranger",40,17,0.425,0.2631,8,0,0,0,0,0.038,8,0,0,0,0,0.037
"1","homeless <= 0.5 & medical_deductions > 3.5 & medical_deductions <= 8.5","ranger",74,28,0.3784,0.2598,34,12,0.3529,0.016,0.0106,0.16,34,12,0.3529,0.0093,0.0051,0.156
"1","medical_deductions > 3.500 & medical_deductions <= 5.500 & rawben_rel_max <= 0.991 & unc_rawben_rel_max > 0.309","ranger",18,9,0.5,0.2596,7,2,0.2857,0.0027,0.0014,0.033,7,2,0.2857,0.0015,7e-04,0.032
"1","children_i <= 0.500 & rawben_rel_max > 0.985 & rawben_rel_max <= 0.991 & unc_rawben_rel_max > 0.989","ranger",238,77,0.3235,0.2576,236,50,0.2119,0.0668,0.0761,1.112,236,50,0.2119,0.0387,0.0365,1.084
"1","rawben_rel_max <=   0.991 & shelter_expenses_by_hh_size > 678.000 & total_deductions_by_hh_size > 497.000 & unc_rawben_rel_max >   0.987","ranger",388,120,0.3093,0.2576,179,46,0.257,0.0614,0.073,0.843,179,46,0.257,0.0356,0.0349,0.822
"1","elderly_disabled_i > 0.500 & rawben_rel_max > 0.987 & rawben_rel_max <= 0.991","ranger",403,124,0.3077,0.2571,204,50,0.2451,0.0668,0.0761,0.961,204,50,0.2451,0.0387,0.0365,0.937
"1","medical_deductions > 372.000 & rawben_rel_max <=   0.996 & shelter_expenses_by_hh_size > 150.000 & unc_rawben_rel_max >   0.679","ranger",35,15,0.4286,0.2568,25,9,0.36,0.012,0.0209,0.118,25,9,0.36,0.007,0.01,0.115
"1","children_i <=   0.500 & rawben_rel_max <=   0.991 & shelter_expenses_by_hh_size > 562.000 & unc_rawben_rel_max >   0.987","ranger",400,123,0.3075,0.2567,189,48,0.254,0.0641,0.0744,0.891,189,48,0.254,0.0371,0.0356,0.868
"1","medical_deductions > 4.940 & medical_deductions <= 8.500 & rawben_rel_max > 0.352","ranger",38,16,0.4211,0.2563,21,8,0.381,0.0107,0.0057,0.099,21,8,0.381,0.0062,0.0027,0.096
"1","elderly_disabled_i > 0.500 & expedited_i <= 0.500 & unc_rawben_rel_max > 0.987 & unc_rawben_rel_max <= 0.991","ranger",369,114,0.3089,0.2561,186,46,0.2473,0.0614,0.0673,0.876,186,46,0.2473,0.0356,0.0322,0.855
"1","rawben_rel_max >=   0.984 & total_deductions_by_hh_size >= 485.000 & unc_rawben_rel_max <   1.000 & utilities < 703.000","xgboost",299,94,0.3144,0.2557,149,44,0.2953,0.0587,0.0717,0.702,151,46,0.3046,0.0356,0.0364,0.694
"1","elderly_disabled_i > 0.500 & medical_deductions <= 0.500 & rawben_rel_max > 0.987 & unc_rawben_rel_max <= 0.991","ranger",374,115,0.3075,0.2551,185,48,0.2595,0.0641,0.0741,0.872,185,48,0.2595,0.0371,0.0355,0.85
"1","children_i <=   0.500 & total_deductions_by_hh_size > 329.000 & unc_rawben_rel_max >   0.987 & unc_rawben_rel_max <=   0.991","ranger",410,125,0.3049,0.2548,197,48,0.2437,0.0641,0.0744,0.928,197,48,0.2437,0.0371,0.0356,0.905
"1","percent_abawd <=   0.500 & rawben_rel_max <=   0.991 & shelter_expenses_by_hh_size > 116.000 & unc_rawben_rel_max >   0.987","ranger",414,126,0.3043,0.2546,205,49,0.239,0.0654,0.0744,0.966,205,49,0.239,0.0379,0.0356,0.942
"1","rawben_rel_max > 0.989 & rawben_rel_max <= 0.991","ranger",241,77,0.3195,0.2543,236,50,0.2119,0.0668,0.0761,1.112,236,50,0.2119,0.0387,0.0365,1.084
"1","homeless <=   0.500 & rawben_rel_max >   0.987 & rawben_rel_max <=   0.991 & total_deductions_by_hh_size > 447.000","ranger",387,118,0.3049,0.2535,182,43,0.2363,0.0574,0.0671,0.858,182,43,0.2363,0.0333,0.0321,0.836
"1","cat_elig >    1.500 & rawben_rel_max <=    0.998 & shelter_expenses_by_hh_size > 1260.000 & unc_rawben_rel_max >    0.985","ranger",60,23,0.3833,0.2528,0,0,NA,0,0,0,0,0,NA,0,0,0
"1","homeless <= 0.500 & rawben_rel_max > 0.989 & rawben_rel_max <= 0.991","ranger",229,73,0.3188,0.252,221,45,0.2036,0.0601,0.0686,1.041,221,45,0.2036,0.0348,0.0329,1.015
"1","homeless <=  0.500 & months_since_cert_n <= 28.500 & rawben_rel_max >  0.987 & rawben_rel_max <=  0.991","ranger",393,119,0.3028,0.2519,215,44,0.2047,0.0587,0.0668,1.013,215,44,0.2047,0.034,0.032,0.988
"1","cat_elig >   0.500 & rawben_rel_max <=   0.991 & total_deductions_by_hh_size > 494.000 & unc_rawben_rel_max >   0.985","ranger",404,122,0.302,0.2518,196,49,0.25,0.0654,0.0781,0.924,196,49,0.25,0.0379,0.0374,0.9
"1","rawben_rel_max <=   0.998 & shelter_expenses_by_hh_size > 380.000 & unc_rawben_rel_max >   0.987 & unc_rawben_rel_max <=   0.991","ranger",415,125,0.3012,0.2517,197,49,0.2487,0.0654,0.0754,0.928,197,49,0.2487,0.0379,0.0361,0.905
"1","children_i <=   0.500 & rawben_rel_max >   0.987 & rawben_rel_max <=   0.991 & shelter_expenses_by_hh_size > 150.000","ranger",421,126,0.2993,0.2502,208,50,0.2404,0.0668,0.0761,0.98,208,50,0.2404,0.0387,0.0365,0.956
"1","rawben_rel_max <=   0.991 & total_deductions_by_hh_size > 494.000 & unc_rawben_rel_max >   0.987 & utilities >  14.500","ranger",381,115,0.3018,0.2502,175,43,0.2457,0.0574,0.0666,0.825,175,43,0.2457,0.0333,0.0319,0.804
"1","expedited_i <=   0.500 & rawben_rel_max >   0.987 & rawben_rel_max <=   0.998 & utilities <= 568.000","ranger",256,80,0.3125,0.2496,137,34,0.2482,0.0454,0.0539,0.646,138,35,0.2536,0.0271,0.0268,0.634
"1","medical_deductions <= 386.000 & total_deductions_by_hh_size > 187.000 & unc_rawben_rel_max >   0.987 & unc_rawben_rel_max <=   0.991","ranger",422,126,0.2986,0.2496,204,50,0.2451,0.0668,0.0761,0.961,204,50,0.2451,0.0387,0.0365,0.937
"1","months_since_cert_n <= 25.500 & rawben_rel_max >  0.987 & rawben_rel_max <=  0.991 & utilities > 28.500","ranger",364,110,0.3022,0.2494,179,42,0.2346,0.0561,0.064,0.843,179,42,0.2346,0.0325,0.0306,0.822
"1","months_since_cert_n >  13.5 & shelter_expenses_by_hh_size > 376.0 & total_deductions_by_hh_size >   7.8 & total_deductions_by_hh_size <=  14.5","ranger",39,16,0.4103,0.2492,16,5,0.3125,0.0067,0.0053,0.075,16,5,0.3125,0.0039,0.0025,0.074
"1","medical_deductions >= 18.000 & months_since_cert_n >=  8.000 & rawben_rel_max >=  0.908 & rawben_rel_max <  0.948","xgboost",33,14,0.4242,0.2491,16,6,0.375,0.008,0.0074,0.075,16,6,0.375,0.0046,0.0036,0.074
"1","shelter_expenses_by_hh_size >  842.00 & total_deductions_by_hh_size > 1630.00 & unc_rawben_rel_max <=    1.01","ranger",16,8,0.5,0.2487,21,5,0.2381,0.0067,0.0068,0.099,21,5,0.2381,0.0039,0.0033,0.096
"1","medical_deductions <= 3.500 & rawben_rel_max > 0.989 & rawben_rel_max <= 0.991 & unc_rawben_rel_max > 0.987","ranger",225,71,0.3156,0.2485,218,48,0.2202,0.0641,0.0741,1.027,218,48,0.2202,0.0371,0.0355,1.002
"1","elderly_disabled_i >  0.500 & months_since_cert_n <= 13.500 & rawben_rel_max >  0.987 & rawben_rel_max <=  0.991","ranger",276,85,0.308,0.2475,143,38,0.2657,0.0507,0.0594,0.674,143,38,0.2657,0.0294,0.0284,0.657
"1","elderly_disabled_i >  0.500 & unc_rawben_rel_max >  0.987 & unc_rawben_rel_max <=  0.991 & utilities > 26.500","ranger",385,115,0.2987,0.2475,190,45,0.2368,0.0601,0.068,0.895,190,45,0.2368,0.0348,0.0326,0.873
"1","rawben_rel_max >   0.987 & shelter_expenses_by_hh_size > 708.000 & unc_rawben_rel_max <=   0.991 & utilities >  26.000","ranger",382,114,0.2984,0.2471,176,43,0.2443,0.0574,0.0666,0.829,176,43,0.2443,0.0333,0.0319,0.809
"1","months_since_cert_n <= 30.500 & rawben_rel_max >  0.987 & rawben_rel_max <=  0.991","ranger",424,125,0.2948,0.2462,231,49,0.2121,0.0654,0.0744,1.088,231,49,0.2121,0.0379,0.0356,1.061
"1","total_deductions_by_hh_size >  457.000 & total_deductions_by_hh_size <= 1290.000 & unc_rawben_rel_max >    0.987 & unc_rawben_rel_max <=    0.991","ranger",384,114,0.2969,0.2458,181,46,0.2541,0.0614,0.0707,0.853,181,46,0.2541,0.0356,0.0338,0.832
"1","percent_abawd <= 0.750 & rawben_rel_max > 0.987 & rawben_rel_max <= 0.991","ranger",430,126,0.293,0.2448,227,49,0.2159,0.0654,0.0744,1.07,227,49,0.2159,0.0379,0.0356,1.043
"1","children_i > 0.5 & count_divisible_by_100 <= 0.5 & elderly_disabled_i > 0.5","ranger",19,9,0.4737,0.2444,11,4,0.3636,0.0053,0.0085,0.052,11,4,0.3636,0.0031,0.0041,0.051
"1","homeless >    0.500 & months_since_cert_n >    7.500 & rawben_rel_max <=    0.991 & shelter_expenses_by_hh_size > 1050.000","ranger",11,6,0.5455,0.2442,6,3,0.5,0.004,0.0068,0.028,6,3,0.5,0.0023,0.0033,0.028
"1","cat_elig >  0.500 & rawben_rel_max <=  0.991 & unc_rawben_rel_max >  0.987 & utilities > 30.500","ranger",387,114,0.2946,0.2438,186,44,0.2366,0.0587,0.0655,0.876,186,44,0.2366,0.034,0.0314,0.855
"1","medical_deductions >=  4.000 & medical_deductions < 15.000 & rawben_rel_max >=  0.120 & unc_rawben_rel_max >=  0.036","xgboost",92,32,0.3478,0.2437,47,12,0.2553,0.016,0.0106,0.221,47,12,0.2553,0.0093,0.0051,0.216
"1","medical_deductions < 192.000 & rawben_rel_max >=   0.988 & unc_rawben_rel_max <   1.000 & utilities < 436.000","xgboost",198,62,0.3131,0.2423,113,23,0.2035,0.0307,0.0397,0.532,114,24,0.2105,0.0186,0.02,0.524
"1","children_i <= 0.500 & homeless <= 0.500 & rawben_rel_max <= 0.991 & unc_rawben_rel_max > 0.987","ranger",417,121,0.2902,0.2414,221,45,0.2036,0.0601,0.0686,1.041,221,45,0.2036,0.0348,0.0329,1.015
"1","rawben_rel_max >  0.987 & rawben_rel_max <=  0.991 & utilities > 28.500","ranger",403,117,0.2903,0.2408,194,45,0.232,0.0601,0.068,0.914,194,45,0.232,0.0348,0.0326,0.891
"1","children_i <=   0.5 & medical_deductions >   0.5 & medical_deductions <=   8.5 & shelter_expenses_by_hh_size > 378.0","ranger",90,31,0.3444,0.2398,36,11,0.3056,0.0147,0.0097,0.17,36,11,0.3056,0.0085,0.0046,0.165
"1","medical_deductions >=  4.00 & medical_deductions < 18.00 & rawben_rel_max <  0.58","xgboost",90,31,0.3444,0.2398,32,9,0.2812,0.012,0.0083,0.151,32,9,0.2812,0.007,0.004,0.147
"1","medical_deductions >=    5 & medical_deductions <   11 & shelter_expenses_by_hh_size < 1950","xgboost",80,28,0.35,0.2391,39,12,0.3077,0.016,0.0106,0.184,39,12,0.3077,0.0093,0.0051,0.179
"1","count_divisible_by_100 <= 0.500 & rawben_rel_max <= 0.991 & unc_rawben_rel_max > 0.987","ranger",433,124,0.2864,0.2387,228,48,0.2105,0.0641,0.0734,1.074,228,48,0.2105,0.0371,0.0352,1.047
"1","medical_deductions <=   1.500 & rawben_rel_max >   0.987 & rawben_rel_max <=   0.996 & total_deductions_by_hh_size > 770.000","ranger",136,44,0.3235,0.2385,68,18,0.2647,0.024,0.0361,0.32,68,18,0.2647,0.0139,0.0173,0.312
"1","count_divisible_by_100 <= 0.500 & medical_deductions > 0.500 & medical_deductions <= 8.500 & unc_rawben_rel_max > 0.308","ranger",57,21,0.3684,0.2373,27,10,0.3704,0.0134,0.0078,0.127,27,10,0.3704,0.0077,0.0037,0.124
"1","cat_elig <=    1.500 & rawben_rel_max <=    0.998 & shelter_expenses_by_hh_size > 1260.000 & unc_rawben_rel_max >    0.985","ranger",44,17,0.3864,0.2372,63,17,0.2698,0.0227,0.0332,0.297,64,18,0.2812,0.0139,0.0169,0.294
"1","rawben_rel_max >   0.985 & rawben_rel_max <=   0.991 & unc_rawben_rel_max <=   0.989 & utilities <= 606.000","ranger",137,44,0.3212,0.2367,16,3,0.1875,0.004,0.0051,0.075,16,3,0.1875,0.0023,0.0024,0.074
"1","count_divisible_by_100 <=   0.500 & medical_deductions > 396.000 & unc_rawben_rel_max >   0.266 & unc_rawben_rel_max <=   1.000","ranger",74,26,0.3514,0.2365,36,11,0.3056,0.0147,0.0237,0.17,37,12,0.3243,0.0093,0.0117,0.17
"1","cat_elig > 1.500 & rawben_rel_max > 0.989 & rawben_rel_max <= 0.991","ranger",102,34,0.3333,0.2356,5,0,0,0,0,0.024,5,0,0,0,0,0.023
"1","medical_deductions <= 0.500 & rawben_rel_max <= 0.991 & unc_rawben_rel_max > 0.987","ranger",418,118,0.2823,0.2341,217,48,0.2212,0.0641,0.0741,1.022,217,48,0.2212,0.0371,0.0355,0.997
"1","medical_deductions >   0.500 & medical_deductions <=  10.500 & shelter_expenses_by_hh_size > 160.000 & unc_rawben_rel_max >   0.266","ranger",68,24,0.3529,0.2336,29,10,0.3448,0.0134,0.0074,0.137,29,10,0.3448,0.0077,0.0035,0.133
"1","rawben_rel_max >=   0.984 & rawben_rel_max <   1.000 & unc_rawben_rel_max >=   0.036 & utilities < 452.000","xgboost",221,66,0.2986,0.2325,129,26,0.2016,0.0347,0.0439,0.608,130,27,0.2077,0.0209,0.0221,0.597
"1","count_divisible_by_100 <=    0.500 & rawben_rel_max <=    0.991 & shelter_expenses_by_hh_size >  708.000 & total_deductions_by_hh_size > 1630.000","ranger",17,8,0.4706,0.2323,19,5,0.2632,0.0067,0.0068,0.09,19,5,0.2632,0.0039,0.0033,0.087
"1","months_since_cert_n <= 36.500 & rawben_rel_max <=  0.991 & total_deductions_by_hh_size >  2.800 & unc_rawben_rel_max >  0.985","ranger",472,131,0.2775,0.2323,245,54,0.2204,0.0721,0.0837,1.154,245,54,0.2204,0.0418,0.0401,1.126
"1","count_divisible_by_100 <= 0.500 & months_since_cert_n > 2.500 & rawben_rel_max > 0.987 & rawben_rel_max <= 0.991","ranger",356,101,0.2837,0.2317,186,36,0.1935,0.0481,0.0503,0.876,186,36,0.1935,0.0278,0.0241,0.855
"1","medical_deductions >    0.5 & medical_deductions <=    7.5 & months_since_cert_n <=   16.5 & shelter_expenses_by_hh_size <= 1900.0","ranger",72,25,0.3472,0.2316,30,11,0.3667,0.0147,0.0081,0.141,30,11,0.3667,0.0085,0.0039,0.138
"1","cat_elig > 0.500 & rawben_rel_max > 0.985 & unc_rawben_rel_max <= 0.991","ranger",458,127,0.2773,0.2315,253,53,0.2095,0.0708,0.0813,1.192,253,53,0.2095,0.041,0.0389,1.162
"1","medical_deductions >   0.5 & medical_deductions <=   7.5 & shelter_expenses_by_hh_size > 180.0","ranger",86,29,0.3372,0.2314,35,12,0.3429,0.016,0.0106,0.165,35,12,0.3429,0.0093,0.0051,0.161
"1","expedited_i <=  0.500 & unc_rawben_rel_max >  0.985 & unc_rawben_rel_max <=  0.991 & utilities > 28.500","ranger",396,111,0.2803,0.231,203,45,0.2217,0.0601,0.0667,0.957,203,45,0.2217,0.0348,0.032,0.933
"1","children_i > 0.50 & elderly_disabled_i > 0.50 & percent_abawd <= 0.75","ranger",20,9,0.45,0.2308,11,4,0.3636,0.0053,0.0085,0.052,11,4,0.3636,0.0031,0.0041,0.051
"1","homeless >    0.500 & rawben_rel_max <=    0.995 & shelter_expenses_by_hh_size > 1020.000 & total_deductions_by_hh_size >  191.000","ranger",23,10,0.4348,0.2305,22,6,0.2727,0.008,0.0109,0.104,22,6,0.2727,0.0046,0.0052,0.101
"1","medical_deductions > 157.000 & unc_rawben_rel_max >   0.479 & unc_rawben_rel_max <=   0.991 & utilities <=  28.500","ranger",23,10,0.4348,0.2305,12,4,0.3333,0.0053,0.0079,0.057,13,5,0.3846,0.0039,0.0044,0.06
"1","elderly_disabled_i >   0.500 & rawben_rel_max <=   0.996 & shelter_expenses_by_hh_size > 788.000 & unc_rawben_rel_max >   0.987","ranger",433,120,0.2771,0.2301,204,49,0.2402,0.0654,0.0779,0.961,204,49,0.2402,0.0379,0.0373,0.937
"1","children_i <=  0.500 & medical_deductions >  0.500 & medical_deductions <= 10.500 & unc_rawben_rel_max >  0.297","ranger",69,24,0.3478,0.23,29,10,0.3448,0.0134,0.0078,0.137,29,10,0.3448,0.0077,0.0037,0.133
"1","elderly_disabled_i > 0.5 & medical_deductions > 0.5 & medical_deductions <= 7.5","ranger",87,29,0.3333,0.2286,36,12,0.3333,0.016,0.0106,0.17,36,12,0.3333,0.0093,0.0051,0.165
"1","medical_deductions >=   4 & medical_deductions <   8 & months_since_cert_n <  15 & total_deductions_by_hh_size < 676","xgboost",39,15,0.3846,0.2283,18,8,0.4444,0.0107,0.0057,0.085,18,8,0.4444,0.0062,0.0028,0.083
"1","cat_elig <= 1.500 & rawben_rel_max > 0.987 & rawben_rel_max <= 0.991 & unc_rawben_rel_max > 0.989","ranger",139,43,0.3094,0.2267,231,50,0.2165,0.0668,0.0761,1.088,231,50,0.2165,0.0387,0.0365,1.061
"1","medical_deductions > 396.000 & unc_rawben_rel_max >   0.266 & unc_rawben_rel_max <=   1.000","ranger",77,26,0.3377,0.2267,37,12,0.3243,0.016,0.0248,0.174,38,13,0.3421,0.0101,0.0122,0.175
"1","medical_deductions >= 126.000 & medical_deductions < 133.000 & rawben_rel_max >=   0.192 & total_deductions_by_hh_size >= 133.000","xgboost",70,24,0.3429,0.2265,129,11,0.0853,0.0147,0.0091,0.608,134,16,0.1194,0.0124,0.0077,0.616
"1","months_since_cert_n >=  18.000 & rawben_rel_max >=   0.988 & rawben_rel_max <   0.992 & utilities < 875.000","xgboost",70,24,0.3429,0.2265,32,9,0.2812,0.012,0.0135,0.151,32,9,0.2812,0.007,0.0065,0.147
"1","months_since_cert_n > 20.500 & months_since_cert_n <= 30.500 & rawben_rel_max >  0.987 & rawben_rel_max <=  0.991","ranger",46,17,0.3696,0.2261,28,8,0.2857,0.0107,0.0118,0.132,28,8,0.2857,0.0062,0.0056,0.129
"1","count_divisible_by_100 <= 0.500 & rawben_rel_max <= 0.998 & unc_rawben_rel_max > 0.983 & unc_rawben_rel_max <= 0.991","ranger",478,129,0.2699,0.2254,257,52,0.2023,0.0694,0.081,1.211,257,52,0.2023,0.0402,0.0388,1.181
"1","expedited_i <= 0.500 & rawben_rel_max > 0.983 & rawben_rel_max <= 0.998 & unc_rawben_rel_max <= 0.991","ranger",450,122,0.2711,0.2253,239,50,0.2092,0.0668,0.0749,1.126,239,50,0.2092,0.0387,0.0359,1.098
"1","medical_deductions >=  4.000 & medical_deductions < 22.000 & months_since_cert_n >=  9.000 & rawben_rel_max <  0.608","xgboost",33,13,0.3939,0.2249,18,4,0.2222,0.0053,0.0049,0.085,18,4,0.2222,0.0031,0.0023,0.083
"1","medical_deductions <=   3.500 & rawben_rel_max >   0.987 & rawben_rel_max <=   0.998 & shelter_expenses_by_hh_size > 848.000","ranger",415,113,0.2723,0.2246,196,45,0.2296,0.0601,0.0742,0.924,198,47,0.2374,0.0363,0.0375,0.91
"1","married <=   0.500 & rawben_rel_max >   0.987 & rawben_rel_max <=   0.996 & total_deductions_by_hh_size > 302.000","ranger",485,130,0.268,0.224,228,50,0.2193,0.0668,0.0775,1.074,228,50,0.2193,0.0387,0.0371,1.047
"1","medical_deductions <=   0.500 & rawben_rel_max >   0.987 & total_deductions_by_hh_size > 450.000 & unc_rawben_rel_max <=   0.998","ranger",441,119,0.2698,0.2237,211,48,0.2275,0.0641,0.0765,0.994,213,50,0.2347,0.0387,0.0386,0.979
"1","cat_elig >   0.500 & shelter_expenses_by_hh_size > 560.000 & unc_rawben_rel_max >   0.987 & unc_rawben_rel_max <=   0.998","ranger",463,124,0.2678,0.2228,228,50,0.2193,0.0668,0.0768,1.074,230,52,0.2261,0.0402,0.0388,1.057
"1","elderly_disabled_i > 0.500 & rawben_rel_max <= 0.998 & unc_rawben_rel_max > 0.987","ranger",477,127,0.2662,0.222,253,53,0.2095,0.0708,0.081,1.192,254,54,0.2126,0.0418,0.0398,1.167
"1","expedited_i <=   0.500 & rawben_rel_max >   0.987 & rawben_rel_max <=   0.998 & shelter_expenses_by_hh_size > 726.000","ranger",428,115,0.2687,0.222,206,45,0.2184,0.0601,0.069,0.971,208,47,0.226,0.0363,0.0351,0.956
"1","medical_deductions <=   3.500 & rawben_rel_max >   0.987 & rawben_rel_max <=   0.998 & utilities <= 606.000","ranger",303,84,0.2772,0.2217,159,39,0.2453,0.0521,0.0637,0.749,160,40,0.25,0.0309,0.0316,0.735
"1","cat_elig >   0.500 & rawben_rel_max >   0.987 & rawben_rel_max <=   0.996 & shelter_expenses_by_hh_size > 160.000","ranger",474,126,0.2658,0.2215,229,52,0.2271,0.0694,0.0786,1.079,229,52,0.2271,0.0402,0.0376,1.052
"1","children_i >   0.5 & elderly_disabled_i >   0.5 & total_deductions_by_hh_size <= 368.0","ranger",12,6,0.5,0.2213,5,1,0.2,0.0013,0.0027,0.024,5,1,0.2,8e-04,0.0013,0.023
"1","rawben_rel_max >=   0.984 & total_deductions_by_hh_size >= 725.000 & unc_rawben_rel_max <   1.000","xgboost",301,83,0.2757,0.2202,140,28,0.2,0.0374,0.051,0.66,141,29,0.2057,0.0224,0.0254,0.648
"1","children_i <=  0.500 & rawben_rel_max <=  0.995 & unc_rawben_rel_max >  0.987 & utilities > 28.500","ranger",444,118,0.2658,0.22,227,48,0.2115,0.0641,0.0729,1.07,227,48,0.2115,0.0371,0.0349,1.043
"1","rawben_rel_max <=   0.998 & total_deductions_by_hh_size > 570.000 & unc_rawben_rel_max >   0.985","ranger",479,126,0.263,0.2191,239,52,0.2176,0.0694,0.0846,1.126,241,54,0.2241,0.0418,0.0425,1.107
"1","elderly_disabled_i >   0.500 & medical_deductions <= 179.000 & rawben_rel_max <=   0.998 & unc_rawben_rel_max >   0.987","ranger",471,124,0.2633,0.2189,248,52,0.2097,0.0694,0.0797,1.169,249,53,0.2129,0.041,0.0392,1.144
"1","expedited_i <=   0.500 & rawben_rel_max <=   0.998 & total_deductions_by_hh_size > 310.000 & unc_rawben_rel_max >   0.987","ranger",459,121,0.2636,0.2187,227,47,0.207,0.0628,0.0704,1.07,229,49,0.214,0.0379,0.0357,1.052
"1","rawben_rel_max <=    0.991 & shelter_expenses_by_hh_size <= 1770.000 & total_deductions_by_hh_size >    8.800 & unc_rawben_rel_max >    0.985","ranger",451,119,0.2639,0.2186,239,52,0.2176,0.0694,0.0784,1.126,239,52,0.2176,0.0402,0.0376,1.098
"1","homeless >  0.500 & months_since_cert_n > 15.500 & rawben_rel_max <=  0.991 & unc_rawben_rel_max >  0.818","ranger",15,7,0.4667,0.2185,5,1,0.2,0.0013,0.0029,0.024,5,1,0.2,8e-04,0.0014,0.023
"1","medical_deductions <= 792.000 & months_since_cert_n >  11.500 & rawben_rel_max <=   0.991 & unc_rawben_rel_max >   0.987","ranger",144,43,0.2986,0.2185,72,15,0.2083,0.02,0.0213,0.339,72,15,0.2083,0.0116,0.0102,0.331
"1","children_i >  0.50 & elderly_disabled_i >  0.50 & months_since_cert_n <= 27.50 & percent_abawd <=  0.75","ranger",18,8,0.4444,0.2181,10,3,0.3,0.004,0.0068,0.047,10,3,0.3,0.0023,0.0033,0.046
"1","medical_deductions > 366.000 & months_since_cert_n >  17.000 & rawben_rel_max <=   0.998","ranger",18,8,0.4444,0.2181,8,2,0.25,0.0027,0.0026,0.038,8,2,0.25,0.0015,0.0012,0.037
"1","elderly_disabled_i > 0.500 & married <= 0.500 & rawben_rel_max > 0.985 & rawben_rel_max <= 0.998","ranger",498,130,0.261,0.218,275,56,0.2036,0.0748,0.0869,1.296,276,57,0.2065,0.0441,0.0426,1.268
"1","medical_deductions >= 293.000 & rawben_rel_max >=   0.598 & unc_rawben_rel_max <   1.010","xgboost",80,26,0.325,0.2177,44,14,0.3182,0.0187,0.0299,0.207,45,15,0.3333,0.0116,0.0149,0.207
"1","rawben_rel_max <=  0.995 & unc_rawben_rel_max >  0.987 & utilities > 28.500","ranger",449,118,0.2628,0.2175,228,48,0.2105,0.0641,0.0729,1.074,228,48,0.2105,0.0371,0.0349,1.047
"1","rawben_rel_max >    0.985 & rawben_rel_max <=    0.991 & total_deductions_by_hh_size <= 1100.000 & utilities >   29.500","ranger",400,106,0.265,0.2171,203,44,0.2167,0.0587,0.0667,0.957,203,44,0.2167,0.034,0.0319,0.933
"1","homeless <=   0.5 & total_deductions_by_hh_size >   7.8 & total_deductions_by_hh_size <=  11.1 & utilities > 321.0","ranger",55,19,0.3455,0.2163,45,15,0.3333,0.02,0.0137,0.212,45,15,0.3333,0.0116,0.0066,0.207
"1","rawben_rel_max >=    0.988 & rawben_rel_max <    0.992 & shelter_expenses_by_hh_size < 1120.000 & utilities <  819.000","xgboost",233,65,0.279,0.2162,144,30,0.2083,0.0401,0.0379,0.679,144,30,0.2083,0.0232,0.0182,0.662
"1","cat_elig >   0.500 & total_deductions_by_hh_size > 464.000 & unc_rawben_rel_max >   0.987 & unc_rawben_rel_max <=   1.000","ranger",494,128,0.2591,0.216,242,49,0.2025,0.0654,0.076,1.14,244,51,0.209,0.0394,0.0384,1.121
"1","married <=  0.500 & months_since_cert_n > 12.500 & unc_rawben_rel_max >  0.987 & unc_rawben_rel_max <=  0.991","ranger",134,40,0.2985,0.2158,67,13,0.194,0.0174,0.018,0.316,67,13,0.194,0.0101,0.0086,0.308
"1","children_i <=   0.500 & rawben_rel_max <=   0.998 & unc_rawben_rel_max >   0.985 & utilities <= 790.000","ranger",449,117,0.2606,0.2154,230,49,0.213,0.0654,0.0763,1.084,232,51,0.2198,0.0394,0.0385,1.066
"1","expedited_i <=   0.500 & rawben_rel_max <=   0.998 & shelter_expenses_by_hh_size > 216.000 & unc_rawben_rel_max >   0.987","ranger",467,121,0.2591,0.2149,234,50,0.2137,0.0668,0.0742,1.103,236,52,0.2203,0.0402,0.0375,1.084
"1","children_i <=   0.500 & rawben_rel_max >   0.987 & shelter_expenses_by_hh_size > 672.000 & unc_rawben_rel_max <=   1.000","ranger",506,130,0.2569,0.2145,248,50,0.2016,0.0668,0.0785,1.169,250,52,0.208,0.0402,0.0396,1.149
"1","cat_elig <= 1.500 & rawben_rel_max > 0.985 & rawben_rel_max <= 0.991","ranger",355,94,0.2648,0.2141,261,54,0.2069,0.0721,0.0837,1.23,261,54,0.2069,0.0418,0.0401,1.199
"1","elderly_disabled_i >    0.500 & rawben_rel_max <=    0.996 & total_deductions_by_hh_size <= 1400.000 & unc_rawben_rel_max >    0.985","ranger",478,123,0.2573,0.2137,259,56,0.2162,0.0748,0.0857,1.22,259,56,0.2162,0.0433,0.041,1.19
"1","cat_elig > 0.500 & rawben_rel_max > 0.987 & rawben_rel_max <= 0.996 & total_deductions_by_hh_size > 2.800","ranger",492,126,0.2561,0.2132,241,52,0.2158,0.0694,0.0786,1.136,241,52,0.2158,0.0402,0.0376,1.107
"1","expedited_i <=   0.500 & shelter_expenses_by_hh_size > 917.000 & unc_rawben_rel_max >   0.985 & unc_rawben_rel_max <=   1.000","ranger",446,115,0.2578,0.2128,234,47,0.2009,0.0628,0.0749,1.103,236,49,0.2076,0.0379,0.0379,1.084
"1","count_divisible_by_100 <= 0.500 & rawben_rel_max <= 0.996 & unc_rawben_rel_max > 0.987 & utilities > 8.000","ranger",464,119,0.2565,0.2123,223,47,0.2108,0.0628,0.0718,1.051,223,47,0.2108,0.0363,0.0344,1.024
"1","medical_deductions >= 142.000 & rawben_rel_max >=   0.667 & rawben_rel_max <   0.848 & shelter_expenses_by_hh_size < 981.000","xgboost",82,26,0.3171,0.2121,37,9,0.2432,0.012,0.0169,0.174,37,9,0.2432,0.007,0.0081,0.17
"1","rawben_rel_max >   0.987 & rawben_rel_max <=   0.998 & shelter_expenses_by_hh_size > 788.000 & utilities >  28.500","ranger",448,115,0.2567,0.2118,216,46,0.213,0.0614,0.0714,1.018,218,48,0.2202,0.0371,0.0362,1.002
"1","children_i <= 0.500 & elderly_disabled_i > 0.500 & unc_rawben_rel_max > 0.987 & unc_rawben_rel_max <= 1.000","ranger",517,131,0.2534,0.2116,272,53,0.1949,0.0708,0.081,1.282,273,54,0.1978,0.0418,0.0398,1.254
"1","children_i <= 0.500 & rawben_rel_max > 0.987 & rawben_rel_max <= 0.996 & total_deductions_by_hh_size > 7.800","ranger",510,129,0.2529,0.2109,253,53,0.2095,0.0708,0.081,1.192,253,53,0.2095,0.041,0.0388,1.162
"1","homeless <= 0.5 & medical_deductions > 1.5 & medical_deductions <= 7.5 & months_since_cert_n > 0.5","ranger",75,24,0.32,0.2105,34,10,0.2941,0.0134,0.0092,0.16,34,10,0.2941,0.0077,0.0044,0.156
"1","homeless <=    0.500 & medical_deductions >  416.000 & rawben_rel_max <=    0.991 & total_deductions_by_hh_size > 1290.000","ranger",25,10,0.4,0.2104,7,3,0.4286,0.004,0.0062,0.033,7,3,0.4286,0.0023,0.003,0.032
"1","elderly_disabled_i > 0.500 & percent_abawd <= 0.500 & rawben_rel_max > 0.985 & unc_rawben_rel_max <= 1.000","ranger",534,134,0.2509,0.2099,296,56,0.1892,0.0748,0.0869,1.395,297,57,0.1919,0.0441,0.0426,1.364
"1","elderly_disabled_i > 0.500 & rawben_rel_max <= 0.998 & unc_rawben_rel_max > 0.985 & utilities > 8.000","ranger",479,121,0.2526,0.2094,260,52,0.2,0.0694,0.0805,1.225,261,53,0.2031,0.041,0.0396,1.199
"1","count_divisible_by_100 <=   0.500 & medical_deductions > 308.000 & rawben_rel_max <=   0.998 & unc_rawben_rel_max >   0.266","ranger",134,39,0.291,0.2093,59,16,0.2712,0.0214,0.0329,0.278,61,18,0.2951,0.0139,0.0166,0.28
"1","children_i < 1.000 & months_since_cert_n >= 8.000 & rawben_rel_max >= 0.988 & rawben_rel_max < 0.992","xgboost",224,61,0.2723,0.2091,120,25,0.2083,0.0334,0.0352,0.565,120,25,0.2083,0.0193,0.0168,0.551
"1","cat_elig <= 1.500 & rawben_rel_max <= 0.991 & unc_rawben_rel_max > 0.983","ranger",369,95,0.2575,0.2083,261,54,0.2069,0.0721,0.0837,1.23,261,54,0.2069,0.0418,0.0401,1.199
"1","elderly_disabled_i > 0.500 & rawben_rel_max > 0.985 & unc_rawben_rel_max <= 1.000","ranger",538,134,0.2491,0.2083,297,57,0.1919,0.0761,0.0886,1.399,298,58,0.1946,0.0449,0.0435,1.369
"1","elderly_disabled_i >   0.500 & total_deductions_by_hh_size > 493.000 & unc_rawben_rel_max >   0.981 & unc_rawben_rel_max <=   1.000","ranger",534,133,0.2491,0.2082,272,53,0.1949,0.0708,0.0855,1.282,273,54,0.1978,0.0418,0.042,1.254
"1","shelter_expenses_by_hh_size <= 1380.000 & unc_rawben_rel_max >    0.987 & unc_rawben_rel_max <=    0.991","ranger",391,100,0.2558,0.208,206,39,0.1893,0.0521,0.0539,0.971,206,39,0.1893,0.0302,0.0258,0.946
"1","children_i >= 1 & elderly_disabled_i >= 1","xgboost",22,9,0.4091,0.2079,12,4,0.3333,0.0053,0.0085,0.057,12,4,0.3333,0.0031,0.0041,0.055
"1","medical_deductions > 1.5 & medical_deductions <= 7.5 & months_since_cert_n > 0.5","ranger",76,24,0.3158,0.2076,34,10,0.2941,0.0134,0.0092,0.16,34,10,0.2941,0.0077,0.0044,0.156
"1","percent_abawd <=   1.500 & shelter_expenses_by_hh_size > 552.000 & unc_rawben_rel_max >   0.987 & unc_rawben_rel_max <=   1.000","ranger",527,131,0.2486,0.2075,262,51,0.1947,0.0681,0.0793,1.235,264,53,0.2008,0.041,0.04,1.213
"1","children_i <= 0.500 & percent_abawd <= 0.750 & rawben_rel_max <= 0.996 & unc_rawben_rel_max > 0.985","ranger",532,132,0.2481,0.2072,290,56,0.1931,0.0748,0.0869,1.366,290,56,0.1931,0.0433,0.0416,1.332
"1","married <=   0.500 & total_deductions_by_hh_size > 404.000 & unc_rawben_rel_max >   0.987 & unc_rawben_rel_max <=   1.000","ranger",528,131,0.2481,0.2071,258,49,0.1899,0.0654,0.0768,1.216,260,51,0.1962,0.0394,0.0388,1.194
"1","children_i <=  0.500 & rawben_rel_max >  0.985 & rawben_rel_max <=  0.996 & utilities > 26.000","ranger",498,124,0.249,0.2068,253,52,0.2055,0.0694,0.0805,1.192,253,52,0.2055,0.0402,0.0385,1.162
"1","rawben_rel_max >    0.987 & rawben_rel_max <=    0.998 & shelter_expenses_by_hh_size >  662.000 & shelter_expenses_by_hh_size <= 1680.000","ranger",446,112,0.2511,0.2065,217,46,0.212,0.0614,0.0707,1.022,218,47,0.2156,0.0363,0.0349,1.002
"1","cat_elig > 1.500 & homeless <= 0.500 & rawben_rel_max <= 0.996 & unc_rawben_rel_max > 0.985","ranger",132,38,0.2879,0.206,6,0,0,0,0,0.028,6,0,0,0,0,0.028
"1","count_divisible_by_100 <= 0.500 & percent_abawd <= 0.500 & rawben_rel_max <= 0.998 & unc_rawben_rel_max > 0.987","ranger",513,127,0.2476,0.206,269,49,0.1822,0.0654,0.0755,1.267,270,50,0.1852,0.0387,0.0372,1.24
"1","months_since_cert_n > 13.500 & months_since_cert_n <= 24.500 & rawben_rel_max >  0.987 & unc_rawben_rel_max <=  1.000","ranger",108,32,0.2963,0.2058,56,9,0.1607,0.012,0.0128,0.264,57,10,0.1754,0.0077,0.0072,0.262
"1","expedited_i <=   0.500 & rawben_rel_max >   0.987 & total_deductions_by_hh_size > 366.000 & unc_rawben_rel_max <=   1.000","ranger",492,122,0.248,0.2056,248,47,0.1895,0.0628,0.0704,1.169,250,49,0.196,0.0379,0.0357,1.149
"1","children_i > 0.500 & elderly_disabled_i > 0.500 & unc_rawben_rel_max > 0.085","ranger",19,8,0.4211,0.2055,9,4,0.4444,0.0053,0.0085,0.042,9,4,0.4444,0.0031,0.0041,0.041
"1","homeless >   0.500 & rawben_rel_max <=   0.995 & total_deductions_by_hh_size > 680.000","ranger",19,8,0.4211,0.2055,14,3,0.2143,0.004,0.0078,0.066,14,3,0.2143,0.0023,0.0037,0.064
"1","total_deductions_by_hh_size > 1630 & unc_rawben_rel_max <=    1","ranger",19,8,0.4211,0.2055,21,5,0.2381,0.0067,0.0068,0.099,21,5,0.2381,0.0039,0.0033,0.096
"1","total_deductions_by_hh_size > 490.000 & unc_rawben_rel_max >   0.987 & unc_rawben_rel_max <=   1.000 & utilities >  28.500","ranger",498,123,0.247,0.2049,245,46,0.1878,0.0614,0.0714,1.154,247,48,0.1943,0.0371,0.0362,1.135
"1","married <= 0.500 & rawben_rel_max > 0.987 & rawben_rel_max <= 0.996","ranger",531,130,0.2448,0.2041,270,52,0.1926,0.0694,0.0793,1.272,270,52,0.1926,0.0402,0.038,1.24
"1","children_i >   0.500 & rawben_rel_max <=   0.708 & total_deductions_by_hh_size > 150.000 & utilities <=   5.000","ranger",10,5,0.5,0.2037,6,1,0.1667,0.0013,9e-04,0.028,6,1,0.1667,8e-04,4e-04,0.028
"1","count_divisible_by_100 <=  0.500 & rawben_rel_max >  0.987 & rawben_rel_max <=  0.996 & utilities > 55.500","ranger",452,112,0.2478,0.2037,221,47,0.2127,0.0628,0.0718,1.041,221,47,0.2127,0.0363,0.0344,1.015
"1","medical_deductions >   0.500 & rawben_rel_max >   0.275 & shelter_expenses_by_hh_size > 825.000 & total_deductions_by_hh_size <= 486.000","ranger",10,5,0.5,0.2037,6,2,0.3333,0.0027,0.0017,0.028,7,3,0.4286,0.0023,0.0011,0.032
"1","cat_elig > 0.500 & homeless <= 0.500 & rawben_rel_max > 0.987 & rawben_rel_max <= 0.998","ranger",498,122,0.245,0.2031,257,47,0.1829,0.0628,0.071,1.211,259,49,0.1892,0.0379,0.036,1.19
"1","percent_abawd <=    0.500 & rawben_rel_max >    0.987 & shelter_expenses_by_hh_size <= 1230.000 & unc_rawben_rel_max <=    0.991","ranger",335,85,0.2537,0.2026,175,35,0.2,0.0467,0.0464,0.825,175,35,0.2,0.0271,0.0222,0.804
"1","children_i >   0.500 & rawben_rel_max <=   0.543 & shelter_expenses_by_hh_size <= 222.000 & total_deductions_by_hh_size <= 325.000","ranger",13,6,0.4615,0.2024,3,0,0,0,0,0.014,3,0,0,0,0,0.014
"1","children_i >   0.500 & shelter_expenses_by_hh_size <= 182.000 & unc_rawben_rel_max <=   0.572","ranger",13,6,0.4615,0.2024,5,0,0,0,0,0.024,5,0,0,0,0,0.023
"1","homeless <= 0.500 & rawben_rel_max <= 0.996 & unc_rawben_rel_max > 0.985","ranger",532,129,0.2425,0.202,287,52,0.1812,0.0694,0.0811,1.352,287,52,0.1812,0.0402,0.0388,1.319
"1","medical_deductions >  1.5 & medical_deductions <=  9.5 & months_since_cert_n <= 13.5","ranger",82,25,0.3049,0.2018,36,12,0.3333,0.016,0.0091,0.17,36,12,0.3333,0.0093,0.0044,0.165
"1","medical_deductions <= 3.500 & percent_abawd <= 0.500 & rawben_rel_max <= 0.998 & unc_rawben_rel_max > 0.987","ranger",497,121,0.2435,0.2016,259,51,0.1969,0.0681,0.0793,1.22,261,53,0.2031,0.041,0.04,1.199
"1","cat_elig >   0.500 & rawben_rel_max >   0.985 & total_deductions_by_hh_size <= 938.000 & unc_rawben_rel_max <=   0.991","ranger",399,99,0.2481,0.2014,222,43,0.1937,0.0574,0.0635,1.046,222,43,0.1937,0.0333,0.0304,1.02
"1","children_i >   0.500 & rawben_rel_max <=   0.586 & shelter_expenses_by_hh_size <= 708.000","ranger",33,12,0.3636,0.2013,22,2,0.0909,0.0027,0.0036,0.104,26,6,0.2308,0.0046,0.0042,0.119
"1","medical_deductions <= 1.500 & rawben_rel_max > 0.987 & rawben_rel_max <= 0.996","ranger",498,121,0.243,0.2012,251,51,0.2032,0.0681,0.079,1.183,251,51,0.2032,0.0394,0.0378,1.153
"1","rawben_rel_max >    0.987 & rawben_rel_max <=    0.998 & total_deductions_by_hh_size >    8.900 & total_deductions_by_hh_size <= 1500.000","ranger",526,127,0.2414,0.2008,270,53,0.1963,0.0708,0.0801,1.272,272,55,0.2022,0.0425,0.0404,1.25
"1","percent_abawd <= 0.750 & total_deductions_by_hh_size > 7.800 & unc_rawben_rel_max > 0.987 & unc_rawben_rel_max <= 1.000","ranger",558,134,0.2401,0.2007,288,53,0.184,0.0708,0.0813,1.357,290,55,0.1897,0.0425,0.041,1.332
"1","medical_deductions > 149.000 & rawben_rel_max <=   0.996 & shelter_expenses_by_hh_size <= 752.000 & total_deductions_by_hh_size > 440.000","ranger",119,34,0.2857,0.2004,66,18,0.2727,0.024,0.0294,0.311,69,21,0.3043,0.0162,0.0156,0.317
"2-3","medical_deductions <= 747.000 & rawben_rel_max <=   0.996 & total_deductions_by_hh_size > 466.000 & unc_rawben_rel_max >   0.993","ranger",12,12,1,0.6892,9,3,0.3333,0.0077,0.0147,0.105,9,3,0.3333,0.003,0.0048,0.098
"2-3","months_since_cert_n <=  36.500 & rawben_rel_max >   0.993 & rawben_rel_max <=   0.996 & total_deductions_by_hh_size > 468.000","ranger",11,11,1,0.6703,9,3,0.3333,0.0077,0.0147,0.105,9,3,0.3333,0.003,0.0048,0.098
"2-3","children_i <=   0.500 & rawben_rel_max >   0.994 & rawben_rel_max <=   0.996 & total_deductions_by_hh_size > 466.000","ranger",10,10,1,0.6489,7,3,0.4286,0.0077,0.0147,0.081,7,3,0.4286,0.003,0.0048,0.076
"2-3","rawben_rel_max >   0.993 & rawben_rel_max <=   0.995 & total_deductions_by_hh_size > 524.000","ranger",10,10,1,0.6489,5,3,0.6,0.0077,0.0147,0.058,5,3,0.6,0.003,0.0048,0.054
"2-3","children_i <=   0.500 & rawben_rel_max >   0.993 & rawben_rel_max <=   0.998 & shelter_expenses_by_hh_size > 559.000","ranger",15,14,0.9333,0.6462,7,4,0.5714,0.0102,0.0178,0.081,7,4,0.5714,0.0041,0.0058,0.076
"2-3","elderly_disabled_i >   0.500 & rawben_rel_max >   0.993 & rawben_rel_max <=   0.998 & total_deductions_by_hh_size > 456.000","ranger",12,11,0.9167,0.5859,8,3,0.375,0.0077,0.0147,0.093,8,3,0.375,0.003,0.0048,0.087
"2-3","elderly_disabled_i >   0.500 & rawben_rel_max >   0.993 & rawben_rel_max <=   0.998 & shelter_expenses_by_hh_size > 559.000","ranger",19,16,0.8421,0.5786,9,4,0.4444,0.0102,0.0178,0.105,9,4,0.4444,0.0041,0.0058,0.098
"2-3","expedited_i <=   0.500 & shelter_expenses_by_hh_size > 547.000 & unc_rawben_rel_max >   0.994 & unc_rawben_rel_max <=   0.996","ranger",19,16,0.8421,0.5786,10,3,0.3,0.0077,0.013,0.116,10,3,0.3,0.003,0.0042,0.109
"2-3","children_i <=   0.500 & shelter_expenses_by_hh_size > 499.000 & unc_rawben_rel_max >   0.992 & unc_rawben_rel_max <=   0.997","ranger",22,18,0.8182,0.5729,13,5,0.3846,0.0128,0.0206,0.151,13,5,0.3846,0.0051,0.0068,0.142
"2-3","expedited_i <=   0.500 & rawben_rel_max <=   0.995 & total_deductions_by_hh_size > 533.000 & unc_rawben_rel_max >   0.979","ranger",11,10,0.9091,0.5611,5,2,0.4,0.0051,0.0099,0.058,6,3,0.5,0.003,0.0047,0.065
"2-3","homeless <=   0.500 & rawben_rel_max <=   0.995 & total_deductions_by_hh_size > 524.000 & unc_rawben_rel_max >   0.979","ranger",11,10,0.9091,0.5611,7,3,0.4286,0.0077,0.0147,0.081,8,4,0.5,0.0041,0.0063,0.087
"2-3","rawben_rel_max >   0.993 & shelter_expenses_by_hh_size > 547.000 & unc_rawben_rel_max <=   0.996 & utilities > 682.000","ranger",11,10,0.9091,0.5611,5,0,0,0,0,0.058,5,0,0,0,0,0.054
"2-3","shelter_expenses_by_hh_size > 547.000 & unc_rawben_rel_max >   0.994 & unc_rawben_rel_max <=   0.996","ranger",21,17,0.8095,0.5574,11,4,0.3636,0.0102,0.0178,0.128,11,4,0.3636,0.0041,0.0058,0.12
"2-3","elderly_disabled_i >   0.500 & rawben_rel_max >   0.993 & shelter_expenses_by_hh_size > 502.000 & unc_rawben_rel_max <=   0.996","ranger",27,21,0.7778,0.5553,14,5,0.3571,0.0128,0.0206,0.163,14,5,0.3571,0.0051,0.0068,0.152
"2-3","rawben_rel_max <=   0.995 & total_deductions_by_hh_size > 345.000 & unc_rawben_rel_max >   0.993","ranger",31,23,0.7419,0.5335,17,5,0.2941,0.0128,0.0206,0.198,17,5,0.2941,0.0051,0.0068,0.185
"2-3","rawben_rel_max >   0.978 & total_deductions_by_hh_size > 644.000 & unc_rawben_rel_max <=   0.998","ranger",10,9,0.9,0.533,4,1,0.25,0.0026,0.0081,0.047,5,2,0.4,0.002,0.0041,0.054
"2-3","elderly_disabled_i >   0.500 & shelter_expenses_by_hh_size > 543.000 & unc_rawben_rel_max >   0.993 & unc_rawben_rel_max <=   0.998","ranger",25,19,0.76,0.5278,11,4,0.3636,0.0102,0.0178,0.128,11,4,0.3636,0.0041,0.0058,0.12
"2-3","cat_elig >   0.500 & total_deductions_by_hh_size > 475.000 & unc_rawben_rel_max >   0.993 & unc_rawben_rel_max <=   0.997","ranger",13,11,0.8462,0.524,7,3,0.4286,0.0077,0.0147,0.081,7,3,0.4286,0.003,0.0048,0.076
"2-3","months_since_cert_n <=  21.500 & rawben_rel_max <=   0.995 & total_deductions_by_hh_size > 351.000 & unc_rawben_rel_max >   0.994","ranger",24,18,0.75,0.5127,17,5,0.2941,0.0128,0.0206,0.198,17,5,0.2941,0.0051,0.0068,0.185
"2-3","rawben_rel_max >   0.993 & rawben_rel_max <=   0.995 & shelter_expenses_by_hh_size > 559.000 & unc_rawben_rel_max <=   1.000","ranger",22,16,0.7273,0.4795,10,4,0.4,0.0102,0.0178,0.116,10,4,0.4,0.0041,0.0058,0.109
"2-3","children_i <=   0.500 & rawben_rel_max >   0.993 & rawben_rel_max <=   0.997 & utilities > 472.000","ranger",24,17,0.7083,0.4713,9,5,0.5556,0.0128,0.0206,0.105,9,5,0.5556,0.0051,0.0068,0.098
"2-3","rawben_rel_max >   0.993 & rawben_rel_max <=   0.995 & shelter_expenses_by_hh_size > 502.000","ranger",31,21,0.6774,0.4689,15,5,0.3333,0.0128,0.0206,0.175,15,5,0.3333,0.0051,0.0068,0.163
"2-3","rawben_rel_max <=    0.995 & shelter_expenses_by_hh_size > 1300.000 & total_deductions_by_hh_size >  655.000","ranger",11,9,0.8182,0.4682,6,1,0.1667,0.0026,0.0081,0.07,6,1,0.1667,0.001,0.0027,0.065
"2-3","rawben_rel_max <=   0.996 & shelter_expenses_by_hh_size > 553.000 & unc_rawben_rel_max >   0.993 & utilities >  28.500","ranger",26,18,0.6923,0.4648,11,4,0.3636,0.0102,0.0178,0.128,11,4,0.3636,0.0041,0.0058,0.12
"2-3","children_i <= 0.500 & rawben_rel_max > 0.994 & rawben_rel_max <= 0.996","ranger",23,16,0.6957,0.4542,15,7,0.4667,0.0179,0.0256,0.175,15,7,0.4667,0.0071,0.0084,0.163
"2-3","children_i <= 0.500 & HH_size_n <= 2.500 & unc_rawben_rel_max > 0.993 & unc_rawben_rel_max <= 0.996","ranger",34,22,0.6471,0.4487,13,6,0.4615,0.0153,0.0225,0.151,13,6,0.4615,0.0061,0.0074,0.142
"2-3","children_i <= 0.500 & percent_abawd <= 0.583 & unc_rawben_rel_max > 0.993 & unc_rawben_rel_max <= 0.996","ranger",34,22,0.6471,0.4487,15,7,0.4667,0.0179,0.0256,0.175,15,7,0.4667,0.0071,0.0084,0.163
"2-3","rawben_rel_max >   0.993 & shelter_expenses_by_hh_size > 742.000 & unc_rawben_rel_max <=   0.998","ranger",13,10,0.7692,0.4484,8,4,0.5,0.0102,0.0184,0.093,8,4,0.5,0.0041,0.006,0.087
"2-3","elderly_disabled_i > 0.500 & rawben_rel_max > 0.994 & rawben_rel_max <= 0.996 & unc_rawben_rel_max <= 0.995","ranger",27,18,0.6667,0.4442,16,7,0.4375,0.0179,0.0245,0.186,16,7,0.4375,0.0071,0.008,0.174
"2-3","elderly_disabled_i > 0.500 & HH_size_n <= 2.500 & unc_rawben_rel_max > 0.993 & unc_rawben_rel_max <= 0.996","ranger",44,27,0.6136,0.4396,15,6,0.4,0.0153,0.0225,0.175,15,6,0.4,0.0061,0.0074,0.163
"2-3","cat_elig > 0.500 & married > 0.500 & rawben_rel_max <= 0.995 & unc_rawben_rel_max > 0.994","ranger",15,11,0.7333,0.4356,8,3,0.375,0.0077,0.0117,0.093,8,3,0.375,0.003,0.0038,0.087
"2-3","count_divisible_by_100 <=   0.500 & rawben_rel_max <=   0.998 & total_deductions_by_hh_size > 353.000 & unc_rawben_rel_max >   0.993","ranger",35,22,0.6286,0.4337,19,5,0.2632,0.0128,0.0206,0.221,19,5,0.2632,0.0051,0.0068,0.207
"2-3","cat_elig >   0.500 & rawben_rel_max >   0.993 & rawben_rel_max <=   0.997 & shelter_expenses_by_hh_size > 554.000","ranger",28,18,0.6429,0.4255,12,5,0.4167,0.0128,0.0215,0.14,12,5,0.4167,0.0051,0.007,0.131
"2-3","children_i <=   0.500 & rawben_rel_max <=   0.997 & unc_rawben_rel_max >   0.993 & utilities > 284.000","ranger",34,21,0.6176,0.4207,12,6,0.5,0.0153,0.0237,0.14,12,6,0.5,0.0061,0.0078,0.131
"2-3","children_i <= 0.500 & percent_abawd <= 0.583 & rawben_rel_max > 0.992 & rawben_rel_max <= 0.997","ranger",36,22,0.6111,0.4198,16,7,0.4375,0.0179,0.0256,0.186,16,7,0.4375,0.0071,0.0084,0.174
"2-3","rawben_rel_max >    0.979 & shelter_expenses_by_hh_size <= 1430.000 & total_deductions_by_hh_size >  500.000 & unc_rawben_rel_max <=    0.997","ranger",12,9,0.75,0.4187,8,2,0.25,0.0051,0.0066,0.093,10,4,0.4,0.0041,0.0062,0.109
"2-3","children_i <=   0.500 & total_deductions_by_hh_size > 796.000 & unc_rawben_rel_max >   0.659 & unc_rawben_rel_max <=   0.995","ranger",14,10,0.7143,0.4087,5,1,0.2,0.0026,0.0081,0.058,5,1,0.2,0.001,0.0027,0.054
"2-3","cat_elig > 0.500 & elderly_disabled_i > 0.500 & unc_rawben_rel_max > 0.993 & unc_rawben_rel_max <= 0.996","ranger",47,27,0.5745,0.4077,22,10,0.4545,0.0255,0.0327,0.256,22,10,0.4545,0.0101,0.0107,0.24
"2-3","children_i <= 0.500 & expedited_i <= 0.500 & rawben_rel_max > 0.992 & unc_rawben_rel_max <= 0.996","ranger",33,20,0.6061,0.4071,14,6,0.4286,0.0153,0.0207,0.163,14,6,0.4286,0.0061,0.0068,0.152
"2-3","rawben_rel_max >=   0.994 & rawben_rel_max <   0.995 & utilities >= 559.000","xgboost",18,12,0.6667,0.3983,11,4,0.3636,0.0102,0.0117,0.128,11,4,0.3636,0.0041,0.0038,0.12
"2-3","medical_deductions <= 562.000 & rawben_rel_max >   0.993 & shelter_expenses_by_hh_size > 559.000 & unc_rawben_rel_max <=   0.998","ranger",26,16,0.6154,0.3926,12,5,0.4167,0.0128,0.0215,0.14,12,5,0.4167,0.0051,0.007,0.131
"2-3","elderly_disabled_i > 0.500 & rawben_rel_max > 0.993 & unc_rawben_rel_max <= 0.996","ranger",49,27,0.551,0.389,24,11,0.4583,0.0281,0.0343,0.279,24,11,0.4583,0.0112,0.0113,0.261
"2-3","married >   0.5 & medical_deductions > 172.0 & total_deductions_by_hh_size > 416.0 & utilities <= 438.0","ranger",11,8,0.7273,0.3859,5,1,0.2,0.0026,0.0011,0.058,6,2,0.3333,0.002,9e-04,0.065
"2-3","children_i <= 0.500 & homeless <= 0.500 & rawben_rel_max > 0.992 & rawben_rel_max <= 0.998","ranger",37,21,0.5676,0.3818,16,7,0.4375,0.0179,0.0256,0.186,16,7,0.4375,0.0071,0.0084,0.174
"2-3","total_deductions_by_hh_size > 352.000 & unc_rawben_rel_max >   0.993 & unc_rawben_rel_max <=   0.998 & utilities >  30.500","ranger",37,21,0.5676,0.3818,18,5,0.2778,0.0128,0.0206,0.21,18,5,0.2778,0.0051,0.0068,0.196
"2-3","elderly_disabled_i > 0.500 & expedited_i <= 0.500 & unc_rawben_rel_max > 0.993 & unc_rawben_rel_max <= 0.996","ranger",46,25,0.5435,0.3773,21,10,0.4762,0.0255,0.0295,0.244,21,10,0.4762,0.0101,0.0097,0.229
"2-3","percent_abawd <=   0.250 & total_deductions_by_hh_size > 681.000 & unc_rawben_rel_max >   0.908 & unc_rawben_rel_max <=   0.998","ranger",15,10,0.6667,0.3758,9,2,0.2222,0.0051,0.0091,0.105,10,3,0.3,0.003,0.0044,0.109
"2-3","rawben_rel_max >   0.993 & unc_rawben_rel_max <=   0.995 & utilities > 425.000","ranger",44,24,0.5455,0.3756,21,6,0.2857,0.0153,0.0227,0.244,22,7,0.3182,0.0071,0.0098,0.24
"2-3","elderly_disabled_i >  0.500 & months_since_cert_n <= 20.500 & rawben_rel_max >  0.993 & unc_rawben_rel_max <=  0.996","ranger",47,25,0.5319,0.3683,24,11,0.4583,0.0281,0.0343,0.279,24,11,0.4583,0.0112,0.0113,0.261
"2-3","HH_size_n <=   2.500 & rawben_rel_max >   0.993 & rawben_rel_max <=   0.998 & shelter_expenses_by_hh_size > 368.000","ranger",56,29,0.5179,0.368,21,6,0.2857,0.0153,0.0243,0.244,21,6,0.2857,0.0061,0.008,0.229
"2-3","cat_elig > 0.500 & elderly_disabled_i > 0.500 & rawben_rel_max > 0.993 & unc_rawben_rel_max <= 0.998","ranger",56,29,0.5179,0.368,22,10,0.4545,0.0255,0.0327,0.256,22,10,0.4545,0.0101,0.0107,0.24
"2-3","percent_abawd <=   1.750 & rawben_rel_max <=   0.996 & shelter_expenses_by_hh_size > 277.000 & unc_rawben_rel_max >   0.994","ranger",43,23,0.5349,0.3642,32,8,0.25,0.0204,0.0288,0.372,32,8,0.25,0.0081,0.0095,0.348
"2-3","HH_size_n <=   2.500 & rawben_rel_max <=   0.997 & unc_rawben_rel_max >   0.993 & utilities > 456.000","ranger",39,21,0.5385,0.3597,16,6,0.375,0.0153,0.0243,0.186,16,6,0.375,0.0061,0.008,0.174
"2-3","cat_elig >   0.500 & shelter_expenses_by_hh_size > 277.000 & unc_rawben_rel_max >   0.993 & unc_rawben_rel_max <=   0.996","ranger",62,31,0.5,0.3583,31,8,0.2581,0.0204,0.0288,0.361,32,9,0.2812,0.0091,0.0118,0.348
"2-3","children_i <=    0.500 & rawben_rel_max >    0.992 & shelter_expenses_by_hh_size <= 1210.000 & unc_rawben_rel_max <=    0.997","ranger",35,19,0.5429,0.3548,15,6,0.4,0.0153,0.0175,0.175,15,6,0.4,0.0061,0.0057,0.163
"2-3","cat_elig >   0.500 & rawben_rel_max <=   0.995 & total_deductions_by_hh_size > 621.000 & unc_rawben_rel_max >   0.916","ranger",22,13,0.5909,0.3538,14,2,0.1429,0.0051,0.0091,0.163,15,3,0.2,0.003,0.0044,0.163
"2-3","HH_size_n <=   2.500 & rawben_rel_max >   0.993 & total_deductions_by_hh_size > 177.000 & unc_rawben_rel_max <=   0.997","ranger",63,31,0.4921,0.3521,25,7,0.28,0.0179,0.0261,0.291,25,7,0.28,0.0071,0.0086,0.272
"2-3","cat_elig > 0.500 & married > 0.500 & rawben_rel_max > 0.993 & rawben_rel_max <= 0.996","ranger",20,12,0.6,0.3517,10,4,0.4,0.0102,0.0148,0.116,10,4,0.4,0.0041,0.0049,0.109
"2-3","elderly_disabled_i > 0.500 & rawben_rel_max > 0.993 & rawben_rel_max <= 0.998","ranger",61,30,0.4918,0.3498,24,11,0.4583,0.0281,0.0343,0.279,24,11,0.4583,0.0112,0.0113,0.261
"2-3","married >    0.500 & rawben_rel_max >    0.994 & unc_rawben_rel_max <=    0.996 & utilities <= 1020.000","ranger",18,11,0.6111,0.3497,10,4,0.4,0.0102,0.0148,0.116,10,4,0.4,0.0041,0.0049,0.109
"2-3","medical_deductions >  4.500 & medical_deductions <= 27.500 & unc_rawben_rel_max >  0.390 & unc_rawben_rel_max <=  0.998","ranger",18,11,0.6111,0.3497,8,0,0,0,0,0.093,8,0,0,0,0,0.087
"2-3","medical_deductions > 145 & total_deductions_by_hh_size > 525 & utilities <= 555","ranger",18,11,0.6111,0.3497,7,1,0.1429,0.0026,0.004,0.081,9,3,0.3333,0.003,0.0045,0.098
"2-3","married >   0.5 & shelter_expenses_by_hh_size > 943.0 & unc_rawben_rel_max <=   1.0 & utilities <= 476.0","ranger",10,7,0.7,0.3493,4,0,0,0,0,0.047,4,0,0,0,0,0.044
"2-3","married > 0.500 & months_since_cert_n > 0.500 & rawben_rel_max > 0.994 & unc_rawben_rel_max <= 0.998","ranger",16,10,0.625,0.348,9,4,0.4444,0.0102,0.0167,0.105,9,4,0.4444,0.0041,0.0055,0.098
"2-3","medical_deductions <=  185.00 & shelter_expenses_by_hh_size > 1300.00 & total_deductions_by_hh_size >  579.00 & unc_rawben_rel_max <=    1.07","ranger",12,8,0.6667,0.347,8,1,0.125,0.0026,0.0081,0.093,9,2,0.2222,0.002,0.0042,0.098
"2-3","rawben_rel_max <=   0.998 & total_deductions_by_hh_size > 768.000 & total_deductions_by_hh_size <= 814.000","ranger",14,9,0.6429,0.347,8,2,0.25,0.0051,0.0079,0.093,8,2,0.25,0.002,0.0026,0.087
"2-3","children_i <= 0.500 & rawben_rel_max <= 0.998 & unc_rawben_rel_max > 0.989","ranger",45,23,0.5111,0.3462,16,7,0.4375,0.0179,0.0256,0.186,16,7,0.4375,0.0071,0.0084,0.174
"2-3","rawben_rel_max <   0.995 & shelter_expenses_by_hh_size >= 164.000 & unc_rawben_rel_max >=   0.993","xgboost",64,31,0.4844,0.3461,28,7,0.25,0.0179,0.0245,0.326,29,8,0.2759,0.0081,0.0104,0.316
"2-3","children_i <=  0.500 & medical_deductions <= 64.500 & unc_rawben_rel_max >  0.993 & unc_rawben_rel_max <=  0.997","ranger",34,18,0.5294,0.3404,14,6,0.4286,0.0153,0.0175,0.163,14,6,0.4286,0.0061,0.0057,0.152
"2-3","shelter_expenses_by_hh_size > 943 & total_deductions_by_hh_size > 724 & unc_rawben_rel_max <=   1 & utilities > 476","ranger",34,18,0.5294,0.3404,23,3,0.1304,0.0077,0.0119,0.268,24,4,0.1667,0.0041,0.0063,0.261
"2-3","elderly_disabled_i > 0.500 & medical_deductions <= 2.500 & unc_rawben_rel_max > 0.993 & unc_rawben_rel_max <= 0.996","ranger",44,22,0.5,0.3345,21,9,0.4286,0.023,0.0246,0.244,21,9,0.4286,0.0091,0.0081,0.229
"2-3","total_deductions_by_hh_size > 242.000 & total_deductions_by_hh_size <= 679.000 & unc_rawben_rel_max >   0.994 & unc_rawben_rel_max <=   0.996","ranger",30,16,0.5333,0.3332,24,4,0.1667,0.0102,0.0125,0.279,24,4,0.1667,0.0041,0.0041,0.261
"2-3","elderly_disabled_i > 0.500 & married > 0.500 & rawben_rel_max > 0.993 & unc_rawben_rel_max <= 0.998","ranger",21,12,0.5714,0.3323,8,4,0.5,0.0102,0.0148,0.093,8,4,0.5,0.0041,0.0049,0.087
"2-3","shelter_expenses_by_hh_size > 1270 & total_deductions_by_hh_size >  767 & utilities <=  974","ranger",19,11,0.5789,0.3284,9,1,0.1111,0.0026,0.0081,0.105,9,1,0.1111,0.001,0.0027,0.098
"2-3","expedited_i <=   0.500 & total_deductions_by_hh_size > 298.000 & unc_rawben_rel_max >   0.993 & unc_rawben_rel_max <=   0.998","ranger",55,26,0.4727,0.3257,22,5,0.2273,0.0128,0.0195,0.256,22,5,0.2273,0.0051,0.0064,0.24
"2-3","cat_elig >   0.500 & rawben_rel_max <=   0.997 & shelter_expenses_by_hh_size > 275.000 & unc_rawben_rel_max >   0.993","ranger",78,35,0.4487,0.3253,33,9,0.2727,0.023,0.0325,0.384,34,10,0.2941,0.0101,0.0131,0.37
"2-3","medical_deductions > 575.0 & months_since_cert_n >   0.5 & total_deductions_by_hh_size <= 897.0 & utilities > 368.0","ranger",17,10,0.5882,0.3242,8,1,0.125,0.0026,0.002,0.093,8,1,0.125,0.001,7e-04,0.087
"2-3","elderly_disabled_i >   0.500 & rawben_rel_max >   0.993 & total_deductions_by_hh_size <= 704.000 & unc_rawben_rel_max <=   0.996","ranger",43,21,0.4884,0.3226,21,10,0.4762,0.0255,0.0263,0.244,21,10,0.4762,0.0101,0.0086,0.229
"2-3","children_i <=   0.500 & total_deductions_by_hh_size > 796.000 & unc_rawben_rel_max <=   0.995","ranger",24,13,0.5417,0.3202,10,1,0.1,0.0026,0.0081,0.116,10,1,0.1,0.001,0.0027,0.109
"2-3","elderly_disabled_i >    0.500 & shelter_expenses_by_hh_size > 1020.000 & total_deductions_by_hh_size >  766.000 & unc_rawben_rel_max <=    0.997","ranger",24,13,0.5417,0.3202,12,2,0.1667,0.0051,0.0101,0.14,12,2,0.1667,0.002,0.0033,0.131
"2-3","expedited_i <=    0.500 & shelter_expenses_by_hh_size > 1160.000 & total_deductions_by_hh_size >  722.000 & unc_rawben_rel_max <=    0.996","ranger",24,13,0.5417,0.3202,11,1,0.0909,0.0026,0.0081,0.128,11,1,0.0909,0.001,0.0027,0.12
"2-3","children_i <=   0.5 & medical_deductions >   3.0 & total_deductions_by_hh_size > 464.0 & utilities <= 428.0","ranger",15,9,0.6,0.3199,9,1,0.1111,0.0026,0.0011,0.105,10,2,0.2,0.002,9e-04,0.109
"2-3","months_since_cert_n >   7.500 & rawben_rel_max <=   0.996 & total_deductions_by_hh_size > 762.000 & unc_rawben_rel_max <=   0.996","ranger",15,9,0.6,0.3199,8,1,0.125,0.0026,0.0059,0.093,8,1,0.125,0.001,0.0019,0.087
"2-3","medical_deductions <= 292.000 & total_deductions_by_hh_size > 704.000 & unc_rawben_rel_max <=   0.996 & utilities > 420.000","ranger",59,27,0.4576,0.3168,37,5,0.1351,0.0128,0.0166,0.431,39,7,0.1795,0.0071,0.0093,0.425
"2-3","elderly_disabled_i > 0.500 & medical_deductions <= 4.500 & rawben_rel_max > 0.993 & unc_rawben_rel_max <= 0.997","ranger",54,25,0.463,0.3158,21,9,0.4286,0.023,0.0246,0.244,21,9,0.4286,0.0091,0.0081,0.229
"2-3","medical_deductions >  3.0 & medical_deductions <=  8.5 & total_deductions_by_hh_size > 38.1","ranger",13,8,0.6154,0.3156,7,3,0.4286,0.0077,0.0042,0.081,7,3,0.4286,0.003,0.0014,0.076
"2-3","months_since_cert_n >   8.500 & rawben_rel_max <=   0.997 & total_deductions_by_hh_size > 731.000","ranger",13,8,0.6154,0.3156,8,0,0,0,0,0.093,8,0,0,0,0,0.087
"2-3","rawben_rel_max >= 0.994 & rawben_rel_max < 0.995","xgboost",44,21,0.4773,0.3145,34,7,0.2059,0.0179,0.0245,0.396,34,7,0.2059,0.0071,0.008,0.37
"2-3","HH_size_n <= 2.500 & unc_rawben_rel_max > 0.993 & unc_rawben_rel_max <= 0.995","ranger",70,31,0.4429,0.3138,31,6,0.1935,0.0153,0.0225,0.361,31,6,0.1935,0.0061,0.0074,0.338
"2-3","cat_elig >   0.500 & rawben_rel_max <=   0.996 & unc_rawben_rel_max >   0.993 & utilities > 570.000","ranger",27,14,0.5185,0.3113,19,4,0.2105,0.0102,0.0117,0.221,20,5,0.25,0.0051,0.0062,0.218
"2-3","count_divisible_by_100 <=   0.500 & total_deductions_by_hh_size > 768.000 & unc_rawben_rel_max <=   0.996 & utilities > 684.000","ranger",27,14,0.5185,0.3113,15,1,0.0667,0.0026,0.002,0.175,15,1,0.0667,0.001,7e-04,0.163
"2-3","children_i <=  0.500 & months_since_cert_n <= 19.500 & rawben_rel_max >  0.988 & unc_rawben_rel_max <=  0.998","ranger",42,20,0.4762,0.3102,18,7,0.3889,0.0179,0.0256,0.21,18,7,0.3889,0.0071,0.0084,0.196
"2-3","elderly_disabled_i >   0.500 & rawben_rel_max >   0.993 & rawben_rel_max <=   0.996 & total_deductions_by_hh_size <= 692.000","ranger",42,20,0.4762,0.3102,21,10,0.4762,0.0255,0.0263,0.244,21,10,0.4762,0.0101,0.0086,0.229
"2-3","elderly_disabled_i > 0.500 & medical_deductions <= 4.500 & rawben_rel_max <= 0.997 & unc_rawben_rel_max > 0.992","ranger",55,25,0.4545,0.3095,22,9,0.4091,0.023,0.0246,0.256,22,9,0.4091,0.0091,0.0081,0.24
"2-3","married > 0.500 & rawben_rel_max > 0.994 & unc_rawben_rel_max <= 0.997","ranger",20,11,0.55,0.3095,12,5,0.4167,0.0128,0.0185,0.14,12,5,0.4167,0.0051,0.0061,0.131
"2-3","elderly_disabled_i >  0.500 & months_since_cert_n <= 36.500 & unc_rawben_rel_max >  0.987 & unc_rawben_rel_max <=  0.997","ranger",71,31,0.4366,0.3091,33,11,0.3333,0.0281,0.0343,0.384,34,12,0.3529,0.0122,0.0117,0.37
"2-3","HH_size_n <= 2.500 & rawben_rel_max <= 0.996 & unc_rawben_rel_max > 0.994","ranger",45,21,0.4667,0.3068,31,6,0.1935,0.0153,0.0225,0.361,31,6,0.1935,0.0061,0.0074,0.338
"2-3","shelter_expenses_by_hh_size > 941.000 & total_deductions_by_hh_size > 684.000 & unc_rawben_rel_max <=   0.997","ranger",48,22,0.4583,0.3039,32,5,0.1562,0.0128,0.0158,0.372,33,6,0.1818,0.0061,0.0076,0.359
"2-3","homeless <=    0.500 & rawben_rel_max <=    0.995 & shelter_expenses_by_hh_size > 1270.000 & total_deductions_by_hh_size >  524.000","ranger",18,10,0.5556,0.3035,15,1,0.0667,0.0026,0.0081,0.175,16,2,0.125,0.002,0.0042,0.174
"2-3","medical_deductions <= 204.000 & rawben_rel_max >   0.994 & rawben_rel_max <=   0.995 & unc_rawben_rel_max <=   0.998","ranger",43,20,0.4651,0.3022,34,7,0.2059,0.0179,0.0245,0.396,34,7,0.2059,0.0071,0.008,0.37
"2-3","rawben_rel_max <=   0.998 & unc_rawben_rel_max >   0.993 & utilities > 476.000","ranger",54,24,0.4444,0.2995,28,8,0.2857,0.0204,0.0284,0.326,29,9,0.3103,0.0091,0.0117,0.316
"2-3","medical_deductions <= 584.000 & total_deductions_by_hh_size >  62.700 & unc_rawben_rel_max >   0.993 & unc_rawben_rel_max <=   0.996","ranger",79,33,0.4177,0.298,54,14,0.2593,0.0357,0.0393,0.629,55,15,0.2727,0.0152,0.0153,0.599
"2-3","expedited_i <=  0.500 & unc_rawben_rel_max >  0.993 & unc_rawben_rel_max <=  0.996 & utilities > 30.500","ranger",68,29,0.4265,0.2975,41,9,0.2195,0.023,0.0258,0.477,42,10,0.2381,0.0101,0.0108,0.457
"2-3","children_i <=    0.500 & shelter_expenses_by_hh_size <= 1140.000 & unc_rawben_rel_max >    0.991 & unc_rawben_rel_max <=    0.997","ranger",41,19,0.4634,0.2974,14,6,0.4286,0.0153,0.0175,0.163,14,6,0.4286,0.0061,0.0057,0.152
"2-3","elderly_disabled_i >   0.500 & total_deductions_by_hh_size <= 637.000 & unc_rawben_rel_max >   0.993 & unc_rawben_rel_max <=   0.996","ranger",41,19,0.4634,0.2974,21,10,0.4762,0.0255,0.0263,0.244,21,10,0.4762,0.0101,0.0086,0.229
"2-3","cat_elig >  0.500 & rawben_rel_max >  0.993 & total_deductions_by_hh_size > 23.000 & unc_rawben_rel_max <=  0.997","ranger",99,40,0.404,0.2972,50,12,0.24,0.0306,0.0389,0.582,51,13,0.2549,0.0132,0.0151,0.555
"2-3","months_since_cert_n <=   2.500 & total_deductions_by_hh_size > 759.000 & unc_rawben_rel_max <=   0.998 & utilities > 502.000","ranger",16,9,0.5625,0.2968,7,2,0.2857,0.0051,0.0037,0.081,7,2,0.2857,0.002,0.0012,0.076
"2-3","medical_deductions <= 292.000 & rawben_rel_max <=   0.997 & total_deductions_by_hh_size > 679.000 & utilities > 420.000","ranger",71,30,0.4225,0.2965,49,8,0.1633,0.0204,0.0215,0.57,51,10,0.1961,0.0101,0.0109,0.555
"2-3","medical_deductions <=   2.500 & shelter_expenses_by_hh_size > 286.000 & unc_rawben_rel_max >   0.993 & unc_rawben_rel_max <=   0.996","ranger",60,26,0.4333,0.2962,33,7,0.2121,0.0179,0.0208,0.384,34,8,0.2353,0.0081,0.0092,0.37
"2-3","cat_elig <=   2.500 & total_deductions_by_hh_size > 715.000 & unc_rawben_rel_max <=   0.997 & utilities > 420.000","ranger",66,28,0.4242,0.2938,39,5,0.1282,0.0128,0.0168,0.454,40,6,0.15,0.0061,0.0079,0.435
"2-3","rawben_rel_max >   0.993 & total_deductions_by_hh_size > 189.000 & unc_rawben_rel_max <=   0.998 & utilities <= 736.000","ranger",66,28,0.4242,0.2938,33,9,0.2727,0.023,0.0299,0.384,33,9,0.2727,0.0091,0.0098,0.359
"2-3","elderly_disabled_i >    0.500 & rawben_rel_max <=    0.997 & shelter_expenses_by_hh_size > 1160.000 & total_deductions_by_hh_size >  584.000","ranger",31,15,0.4839,0.2936,15,2,0.1333,0.0051,0.0098,0.175,16,3,0.1875,0.003,0.0048,0.174
"2-3","children_i <= 0.500 & married <= 0.500 & rawben_rel_max <= 0.997 & unc_rawben_rel_max > 0.989","ranger",21,11,0.5238,0.2928,7,3,0.4286,0.0077,0.0107,0.081,7,3,0.4286,0.003,0.0035,0.076
"2-3","children_i <=   0.500 & rawben_rel_max >   0.993 & rawben_rel_max <=   0.996 & total_deductions_by_hh_size <= 503.000","ranger",26,13,0.5,0.2925,10,4,0.4,0.0102,0.0108,0.116,10,4,0.4,0.0041,0.0036,0.109
"2-3","rawben_rel_max <   1.000 & shelter_expenses_by_hh_size >= 252.000 & total_deductions_by_hh_size >=  27.000 & unc_rawben_rel_max >=   0.993","xgboost",95,38,0.4,0.2915,47,11,0.234,0.0281,0.0424,0.547,48,12,0.25,0.0122,0.0163,0.523
"2-3","rawben_rel_max <= 0.996 & unc_rawben_rel_max > 0.993 & unc_rawben_rel_max <= 0.995","ranger",75,31,0.4133,0.2913,38,7,0.1842,0.0179,0.0245,0.442,39,8,0.2051,0.0081,0.0104,0.425
"2-3","rawben_rel_max <=    0.998 & shelter_expenses_by_hh_size >  275.000 & shelter_expenses_by_hh_size <= 1270.000 & unc_rawben_rel_max >    0.993","ranger",84,34,0.4048,0.2896,39,8,0.2051,0.0204,0.0244,0.454,40,9,0.225,0.0091,0.0104,0.435
"2-3","HH_size_n <=   2.5 & months_since_cert_n >   8.5 & total_deductions_by_hh_size > 704.0 & unc_rawben_rel_max <=   1.0","ranger",14,8,0.5714,0.2895,9,1,0.1111,0.0026,0.003,0.105,9,1,0.1111,0.001,0.001,0.098
"2-3","cat_elig <=   1.500 & married >   0.500 & total_deductions_by_hh_size > 797.000 & unc_rawben_rel_max <=   0.998","ranger",14,8,0.5714,0.2895,8,1,0.125,0.0026,0.0081,0.093,8,1,0.125,0.001,0.0027,0.087
"2-3","months_since_cert_n <=    7.500 & rawben_rel_max <=    0.998 & shelter_expenses_by_hh_size > 1190.000 & total_deductions_by_hh_size >  775.000","ranger",14,8,0.5714,0.2895,6,1,0.1667,0.0026,0.0081,0.07,6,1,0.1667,0.001,0.0027,0.065
"2-3","months_since_cert_n > 10.500 & rawben_rel_max <=  0.997 & unc_rawben_rel_max >  0.993","ranger",14,8,0.5714,0.2895,7,2,0.2857,0.0051,0.0049,0.081,7,2,0.2857,0.002,0.0016,0.076
"2-3","rawben_rel_max <=   0.997 & total_deductions_by_hh_size > 637.000 & utilities > 368.000 & utilities <= 428.000","ranger",14,8,0.5714,0.2895,7,0,0,0,0,0.081,8,1,0.125,0.001,5e-04,0.087
"2-3","HH_size_n <=   2.500 & rawben_rel_max <=   0.996 & total_deductions_by_hh_size > 768.000 & utilities >  26.000","ranger",53,23,0.434,0.2891,27,3,0.1111,0.0077,0.012,0.314,27,3,0.1111,0.003,0.0039,0.294
"2-3","HH_size_n <=  2.500 & months_since_cert_n <= 21.500 & rawben_rel_max >  0.993 & unc_rawben_rel_max <=  0.996","ranger",70,29,0.4143,0.2883,31,6,0.1935,0.0153,0.0225,0.361,31,6,0.1935,0.0061,0.0074,0.338
"2-3","homeless <=  0.500 & rawben_rel_max <=  0.996 & unc_rawben_rel_max >  0.993 & utilities > 29.500","ranger",73,30,0.411,0.2877,43,10,0.2326,0.0255,0.0306,0.501,44,11,0.25,0.0112,0.0124,0.479
"2-3","cat_elig > 0.500 & percent_abawd <= 0.583 & unc_rawben_rel_max > 0.993 & unc_rawben_rel_max <= 0.996","ranger",79,32,0.4051,0.2867,51,11,0.2157,0.0281,0.0352,0.594,52,12,0.2308,0.0122,0.0139,0.566
"2-3","married >   0.50 & total_deductions_by_hh_size > 533.00 & unc_rawben_rel_max <=   1.03 & utilities <= 530.00","ranger",37,17,0.4595,0.2866,17,3,0.1765,0.0077,0.0136,0.198,19,5,0.2632,0.0051,0.0054,0.207
"2-3","expedited_i <=   0.500 & rawben_rel_max <=   0.998 & shelter_expenses_by_hh_size > 198.000 & unc_rawben_rel_max >   0.993","ranger",94,37,0.3936,0.2853,47,12,0.2553,0.0306,0.0352,0.547,48,13,0.2708,0.0132,0.0139,0.523
"2-3","married >    0.500 & rawben_rel_max >    0.994 & shelter_expenses_by_hh_size <= 1310.000 & unc_rawben_rel_max <=    0.998","ranger",19,10,0.5263,0.2853,12,4,0.3333,0.0102,0.0104,0.14,12,4,0.3333,0.0041,0.0034,0.131
"2-3","married >   0.500 & shelter_expenses_by_hh_size > 850.000 & total_deductions_by_hh_size > 796.000 & unc_rawben_rel_max <=   0.998","ranger",19,10,0.5263,0.2853,7,1,0.1429,0.0026,0.0081,0.081,7,1,0.1429,0.001,0.0027,0.076
"2-3","months_since_cert_n >   5.500 & total_deductions_by_hh_size > 755.000 & unc_rawben_rel_max <=   0.998","ranger",19,10,0.5263,0.2853,16,2,0.125,0.0051,0.0079,0.186,17,3,0.1765,0.003,0.004,0.185
"2-3","cat_elig > 0.500 & rawben_rel_max > 0.993 & rawben_rel_max <= 0.997","ranger",103,40,0.3883,0.2849,55,12,0.2182,0.0306,0.0389,0.64,56,13,0.2321,0.0132,0.0151,0.61
"2-3","elderly_disabled_i > 0.500 & married <= 0.500 & rawben_rel_max > 0.993 & unc_rawben_rel_max <= 0.998","ranger",40,18,0.45,0.2841,16,7,0.4375,0.0179,0.0195,0.186,16,7,0.4375,0.0071,0.0064,0.174
"2-3","elderly_disabled_i >    0.500 & rawben_rel_max <=    0.997 & shelter_expenses_by_hh_size > 1170.000","ranger",32,15,0.4688,0.2834,15,2,0.1333,0.0051,0.0098,0.175,16,3,0.1875,0.003,0.0048,0.174
"2-3","elderly_disabled_i >   0.500 & rawben_rel_max <=   0.998 & total_deductions_by_hh_size > 765.000","ranger",32,15,0.4688,0.2834,15,2,0.1333,0.0051,0.0101,0.175,15,2,0.1333,0.002,0.0033,0.163
"2-3","elderly_disabled_i >   0.500 & rawben_rel_max <=   0.998 & total_deductions_by_hh_size <= 691.000 & unc_rawben_rel_max >   0.993","ranger",54,23,0.4259,0.2833,21,10,0.4762,0.0255,0.0263,0.244,21,10,0.4762,0.0101,0.0086,0.229
"2-3","count_divisible_by_100 <= 0.500 & unc_rawben_rel_max > 0.993 & unc_rawben_rel_max <= 0.997","ranger",104,40,0.3846,0.282,57,15,0.2632,0.0383,0.043,0.663,58,16,0.2759,0.0162,0.0165,0.631
"2-3","elderly_disabled_i >    0.5 & shelter_expenses_by_hh_size > 1400.0","ranger",12,7,0.5833,0.2814,11,1,0.0909,0.0026,0.0081,0.128,12,2,0.1667,0.002,0.0042,0.131
"2-3","medical_deductions >   3.0 & months_since_cert_n <=   2.5 & shelter_expenses_by_hh_size > 892.0","ranger",12,7,0.5833,0.2814,7,2,0.2857,0.0051,0.0036,0.081,9,4,0.4444,0.0041,0.0047,0.098
"2-3","rawben_rel_max <=    0.997 & shelter_expenses_by_hh_size > 1410.000","ranger",12,7,0.5833,0.2814,8,1,0.125,0.0026,0.0081,0.093,11,4,0.3636,0.0041,0.0085,0.12
"2-3","shelter_expenses_by_hh_size > 854 & total_deductions_by_hh_size > 583 & total_deductions_by_hh_size <= 592","ranger",12,7,0.5833,0.2814,11,0,0,0,0,0.128,11,0,0,0,0,0.12
"2-3","elderly_disabled_i >   0.50 & percent_abawd <=   1.75 & total_deductions_by_hh_size > 754.00 & unc_rawben_rel_max <=   1.00","ranger",35,16,0.4571,0.2805,17,3,0.1765,0.0077,0.0119,0.198,17,3,0.1765,0.003,0.0039,0.185
"2-3","elderly_disabled_i >   0.500 & medical_deductions <= 610.000 & total_deductions_by_hh_size > 768.000 & unc_rawben_rel_max <=   0.997","ranger",27,13,0.4815,0.2804,13,2,0.1538,0.0051,0.0101,0.151,13,2,0.1538,0.002,0.0033,0.142
"2-3","medical_deductions >   3 & shelter_expenses_by_hh_size > 894 & utilities <= 770","ranger",27,13,0.4815,0.2804,17,4,0.2353,0.0102,0.0151,0.198,20,7,0.35,0.0071,0.0089,0.218
"2-3","count_divisible_by_100 <= 0.500 & rawben_rel_max > 0.993 & unc_rawben_rel_max <= 0.996","ranger",84,33,0.3929,0.279,55,14,0.2545,0.0357,0.0393,0.64,56,15,0.2679,0.0152,0.0153,0.61
"2-3","cat_elig > 0.500 & expedited_i <= 0.500 & unc_rawben_rel_max > 0.993 & unc_rawben_rel_max <= 0.997","ranger",96,37,0.3854,0.2789,52,11,0.2115,0.0281,0.0341,0.605,53,12,0.2264,0.0122,0.0136,0.577
"2-3","rawben_rel_max >    0.635 & shelter_expenses_by_hh_size > 1170.000 & unc_rawben_rel_max <=    0.996 & utilities <= 1020.000","ranger",22,11,0.5,0.2779,13,2,0.1538,0.0051,0.0096,0.151,16,5,0.3125,0.0051,0.0076,0.174
"2-3","elderly_disabled_i > 0.500 & medical_deductions <= 4.500 & rawben_rel_max > 0.987 & rawben_rel_max <= 0.996","ranger",55,23,0.4182,0.2777,30,9,0.3,0.023,0.0246,0.349,31,10,0.3226,0.0101,0.0085,0.338
"2-3","children_i <=    0.500 & rawben_rel_max <=    0.998 & shelter_expenses_by_hh_size > 1020.000 & utilities <=  572.000","ranger",17,9,0.5294,0.277,12,2,0.1667,0.0051,0.0099,0.14,12,2,0.1667,0.002,0.0033,0.131
"2-3","elderly_disabled_i >    0.5 & shelter_expenses_by_hh_size > 1270.0 & total_deductions_by_hh_size >  767.0 & utilities <=  974.0","ranger",17,9,0.5294,0.277,8,1,0.125,0.0026,0.0081,0.093,8,1,0.125,0.001,0.0027,0.087
"2-3","medical_deductions > 4.50 & medical_deductions <= 8.50 & percent_abawd <= 1.75","ranger",17,9,0.5294,0.277,9,3,0.3333,0.0077,0.0042,0.105,9,3,0.3333,0.003,0.0014,0.098
"2-3","medical_deductions > 548.000 & total_deductions_by_hh_size <= 815.000 & unc_rawben_rel_max >   0.132","ranger",17,9,0.5294,0.277,3,2,0.6667,0.0051,0.006,0.035,3,2,0.6667,0.002,0.002,0.033
"2-3","HH_size_n <= 2.500 & rawben_rel_max > 0.992 & rawben_rel_max <= 0.997","ranger",82,32,0.3902,0.2755,37,7,0.1892,0.0179,0.0261,0.431,37,7,0.1892,0.0071,0.0086,0.403
"2-3","total_deductions_by_hh_size > 759.000 & unc_rawben_rel_max <=   0.998 & utilities > 502.000","ranger",47,20,0.4255,0.2742,30,4,0.1333,0.0102,0.0138,0.349,30,4,0.1333,0.0041,0.0045,0.327
"2-3","unc_rawben_rel_max >  0.993 & unc_rawben_rel_max <=  0.997 & utilities > 30.500","ranger",98,37,0.3776,0.2729,46,11,0.2391,0.0281,0.0343,0.535,47,12,0.2553,0.0122,0.0136,0.512
"2-3","count_divisible_by_100 <=    0.500 & rawben_rel_max <=    0.997 & total_deductions_by_hh_size > 1040.000","ranger",10,6,0.6,0.2725,3,1,0.3333,0.0026,0.0081,0.035,3,1,0.3333,0.001,0.0027,0.033
"2-3","elderly_disabled_i >    0.5 & expedited_i <=    0.5 & shelter_expenses_by_hh_size > 1400.0 & utilities >   48.5","ranger",10,6,0.6,0.2725,11,1,0.0909,0.0026,0.0081,0.128,12,2,0.1667,0.002,0.0042,0.131
"2-3","elderly_disabled_i >    0.5 & months_since_cert_n <=   25.5 & shelter_expenses_by_hh_size > 1400.0 & utilities >  335.0","ranger",10,6,0.6,0.2725,11,1,0.0909,0.0026,0.0081,0.128,12,2,0.1667,0.002,0.0042,0.131
"2-3","medical_deductions >=   6 & medical_deductions <   9 & months_since_cert_n <   9 & total_deductions_by_hh_size < 433","xgboost",10,6,0.6,0.2725,7,2,0.2857,0.0051,0.0032,0.081,7,2,0.2857,0.002,0.001,0.076
"2-3","shelter_expenses_by_hh_size > 1420 & total_deductions_by_hh_size >  949","ranger",10,6,0.6,0.2725,9,1,0.1111,0.0026,0.0081,0.105,9,1,0.1111,0.001,0.0027,0.098
"2-3","rawben_rel_max <=   0.997 & total_deductions_by_hh_size > 679.000 & utilities > 420.000","ranger",83,32,0.3855,0.2719,55,9,0.1636,0.023,0.0235,0.64,57,11,0.193,0.0112,0.0115,0.621
"2-3","medical_deductions <= 292.000 & total_deductions_by_hh_size > 704.000 & unc_rawben_rel_max <=   0.996","ranger",71,28,0.3944,0.2716,44,6,0.1364,0.0153,0.0225,0.512,47,9,0.1915,0.0091,0.0126,0.512
"2-3","percent_abawd <= 0.250 & rawben_rel_max <= 0.996 & unc_rawben_rel_max > 0.993 & unc_rawben_rel_max <= 0.995","ranger",68,27,0.3971,0.2716,31,5,0.1613,0.0128,0.0166,0.361,32,6,0.1875,0.0061,0.0078,0.348
"2-3","rawben_rel_max <=   0.995 & unc_rawben_rel_max >   0.994 & utilities <= 770.000","ranger",39,17,0.4359,0.2705,30,7,0.2333,0.0179,0.0245,0.349,30,7,0.2333,0.0071,0.008,0.327
"2-3","HH_size_n <=   2.5 & medical_deductions > 578.0 & medical_deductions <= 980.0 & months_since_cert_n >   0.5","ranger",20,10,0.5,0.2693,7,1,0.1429,0.0026,0.002,0.081,7,1,0.1429,0.001,7e-04,0.076
"2-3","elderly_disabled_i >    0.5 & months_since_cert_n >    0.5 & shelter_expenses_by_hh_size > 1160.0 & unc_rawben_rel_max <=    1.0","ranger",28,13,0.4643,0.2693,15,2,0.1333,0.0051,0.0098,0.175,16,3,0.1875,0.003,0.0048,0.174
"2-3","married >  0.500 & medical_deductions <= 64.500 & rawben_rel_max <=  0.996 & unc_rawben_rel_max >  0.993","ranger",20,10,0.5,0.2693,10,3,0.3,0.0077,0.0067,0.116,10,3,0.3,0.003,0.0022,0.109
"2-3","medical_deductions > 575.0000 & months_since_cert_n >   2.5000 & unc_rawben_rel_max >   0.0886","ranger",20,10,0.5,0.2693,5,2,0.4,0.0051,0.0082,0.058,5,2,0.4,0.002,0.0027,0.054
"2-3","months_since_cert_n <= 1.500 & rawben_rel_max <= 0.998 & unc_rawben_rel_max > 0.993","ranger",28,13,0.4643,0.2693,19,3,0.1579,0.0077,0.0069,0.221,20,4,0.2,0.0041,0.0047,0.218
"2-3","rawben_rel_max <=   0.997 & total_deductions_by_hh_size > 949.000","ranger",20,10,0.5,0.2693,9,1,0.1111,0.0026,0.0081,0.105,9,1,0.1111,0.001,0.0027,0.098
"2-3","percent_abawd <= 0.583 & unc_rawben_rel_max > 0.993 & unc_rawben_rel_max <= 0.996","ranger",87,33,0.3793,0.2688,60,14,0.2333,0.0357,0.0393,0.698,61,15,0.2459,0.0152,0.0153,0.664
"2-3","cat_elig > 0.500 & rawben_rel_max > 0.993 & unc_rawben_rel_max <= 0.998","ranger",109,40,0.367,0.2683,62,12,0.1935,0.0306,0.0389,0.722,63,13,0.2063,0.0132,0.0151,0.686
"2-3","expedited_i <=   0.500 & medical_deductions <= 575.000 & unc_rawben_rel_max >   0.993 & unc_rawben_rel_max <=   0.996","ranger",81,31,0.3827,0.2682,58,13,0.2241,0.0332,0.0344,0.675,59,14,0.2373,0.0142,0.0137,0.642
"2-3","children_i <=   0.5 & HH_size_n <=   2.5 & medical_deductions > 562.0 & total_deductions_by_hh_size > 524.0","ranger",15,8,0.5333,0.2675,7,3,0.4286,0.0077,0.0163,0.081,7,3,0.4286,0.003,0.0053,0.076
"2-3","married >    0.500 & rawben_rel_max <=    0.997 & shelter_expenses_by_hh_size > 1150.000 & total_deductions_by_hh_size >  768.000","ranger",15,8,0.5333,0.2675,6,1,0.1667,0.0026,0.0081,0.07,6,1,0.1667,0.001,0.0027,0.065
"2-3","medical_deductions > 4.500 & medical_deductions <= 9.000 & unc_rawben_rel_max > 0.303","ranger",15,8,0.5333,0.2675,8,1,0.125,0.0026,0.001,0.093,8,1,0.125,0.001,3e-04,0.087
"2-3","married <=   0.500 & rawben_rel_max >   0.993 & total_deductions_by_hh_size > 193.000 & unc_rawben_rel_max <=   0.998","ranger",66,26,0.3939,0.2672,37,6,0.1622,0.0153,0.0169,0.431,38,7,0.1842,0.0071,0.0079,0.414
"2-3","cat_elig <=  2.500 & unc_rawben_rel_max >  0.993 & unc_rawben_rel_max <=  0.997 & utilities > 30.500","ranger",97,36,0.3711,0.2667,46,11,0.2391,0.0281,0.0343,0.535,47,12,0.2553,0.0122,0.0136,0.512
"2-3","expedited_i <= 0.500 & percent_abawd <= 1.750 & rawben_rel_max > 0.993 & unc_rawben_rel_max <= 0.997","ranger",107,39,0.3645,0.2652,60,14,0.2333,0.0357,0.0381,0.698,61,15,0.2459,0.0152,0.0149,0.664
"2-3","medical_deductions > 575.0 & months_since_cert_n >   0.5 & utilities > 368.0","ranger",23,11,0.4783,0.2644,11,3,0.2727,0.0077,0.0163,0.128,11,3,0.2727,0.003,0.0053,0.12
"2-3","count_divisible_by_100 <= 0.500 & rawben_rel_max <= 0.998 & unc_rawben_rel_max > 0.993","ranger",111,40,0.3604,0.2631,66,15,0.2273,0.0383,0.043,0.768,67,16,0.2388,0.0162,0.0165,0.729
"2-3","cat_elig >  1.500 & unc_rawben_rel_max >  0.993 & unc_rawben_rel_max <=  0.998 & utilities > 32.500","ranger",43,18,0.4186,0.2625,1,0,0,0,0,0.012,1,0,0,0,0,0.011
"2-3","cat_elig >   0.500 & HH_size_n <=   2.500 & rawben_rel_max <=   0.997 & total_deductions_by_hh_size > 750.000","ranger",58,23,0.3966,0.2622,31,4,0.129,0.0102,0.0138,0.361,32,5,0.1562,0.0051,0.0059,0.348
"2-3","HH_size_n <=   2.500 & percent_abawd <=   0.417 & rawben_rel_max <=   0.997 & total_deductions_by_hh_size > 679.000","ranger",83,31,0.3735,0.2613,56,9,0.1607,0.023,0.0235,0.652,57,10,0.1754,0.0101,0.0091,0.621
"2-3","HH_size_n <=  2.500 & months_since_cert_n <= 21.000 & rawben_rel_max >  0.992 & rawben_rel_max <=  0.997","ranger",80,30,0.375,0.2608,37,7,0.1892,0.0179,0.0261,0.431,37,7,0.1892,0.0071,0.0086,0.403
"2-3","HH_size_n <=   2.500 & medical_deductions > 584.000 & rawben_rel_max >   0.132 & shelter_expenses_by_hh_size <= 767.000","ranger",18,9,0.5,0.2596,4,3,0.75,0.0077,0.0183,0.047,4,3,0.75,0.003,0.006,0.044
"2-3","married <=   0.500 & rawben_rel_max <=   0.636 & total_deductions_by_hh_size > 768.000","ranger",18,9,0.5,0.2596,12,0,0,0,0,0.14,12,0,0,0,0,0.131
"2-3","medical_deductions >  404 & shelter_expenses_by_hh_size <= 1160 & total_deductions_by_hh_size >  524","ranger",18,9,0.5,0.2596,13,5,0.3846,0.0128,0.0223,0.151,14,6,0.4286,0.0061,0.0078,0.152
"2-3","medical_deductions > 3.0 & medical_deductions <= 8.5","ranger",18,9,0.5,0.2596,9,3,0.3333,0.0077,0.0042,0.105,9,3,0.3333,0.003,0.0014,0.098
"2-3","percent_abawd <=    1.75 & shelter_expenses_by_hh_size > 1310.00 & total_deductions_by_hh_size >  768.00","ranger",18,9,0.5,0.2596,13,1,0.0769,0.0026,0.0081,0.151,14,2,0.1429,0.002,0.0033,0.152
"2-3","medical_deductions > 185.000 & total_deductions_by_hh_size > 579.000 & unc_rawben_rel_max >   0.237","ranger",32,14,0.4375,0.2577,24,5,0.2083,0.0128,0.0221,0.279,27,8,0.2963,0.0081,0.011,0.294
"2-3","cat_elig >  0.500 & medical_deductions <= 11.500 & unc_rawben_rel_max >  0.993 & unc_rawben_rel_max <=  0.997","ranger",97,35,0.3608,0.2576,53,11,0.2075,0.0281,0.0308,0.617,54,12,0.2222,0.0122,0.0125,0.588
"2-3","cat_elig >   0.500 & rawben_rel_max <=   0.997 & total_deductions_by_hh_size > 768.000","ranger",59,23,0.3898,0.2574,31,4,0.129,0.0102,0.0179,0.361,31,4,0.129,0.0041,0.0059,0.338
"2-3","percent_abawd <=   0.417 & rawben_rel_max <=   0.997 & total_deductions_by_hh_size > 679.000","ranger",94,34,0.3617,0.2569,65,10,0.1538,0.0255,0.0294,0.757,67,12,0.1791,0.0122,0.0125,0.729
"2-3","cat_elig <=   1.500 & rawben_rel_max <=   0.998 & total_deductions_by_hh_size > 704.000","ranger",35,15,0.4286,0.2568,49,7,0.1429,0.0179,0.0245,0.57,52,10,0.1923,0.0101,0.0132,0.566
"2-3","children_i <=   0.5 & medical_deductions > 562.0 & shelter_expenses_by_hh_size > 560.0","ranger",13,7,0.5385,0.2567,7,2,0.2857,0.0051,0.0082,0.081,7,2,0.2857,0.002,0.0027,0.076
"2-3","count_divisible_by_100 >   0.500 & rawben_rel_max <=   0.996 & shelter_expenses_by_hh_size > 946.000","ranger",13,7,0.5385,0.2567,20,0,0,0,0,0.233,23,3,0.1304,0.003,0.0045,0.25
"2-3","elderly_disabled_i <=   0.500 & total_deductions_by_hh_size > 668.000 & unc_rawben_rel_max <=   0.997 & utilities > 754.000","ranger",13,7,0.5385,0.2567,11,0,0,0,0,0.128,12,1,0.0833,0.001,4e-04,0.131
"2-3","HH_size_n <=  2.500 & months_since_cert_n <= 10.500 & rawben_rel_max <=  0.996 & unc_rawben_rel_max >  0.994","ranger",38,16,0.4211,0.2563,25,5,0.2,0.0128,0.0207,0.291,25,5,0.2,0.0051,0.0068,0.272
"2-3","cat_elig > 1.500 & rawben_rel_max <= 0.998 & unc_rawben_rel_max > 0.994","ranger",47,19,0.4043,0.2562,4,1,0.25,0.0026,0.0025,0.047,4,1,0.25,0.001,8e-04,0.044
"2-3","children_i <=   0.500 & elderly_disabled_i >   0.500 & rawben_rel_max <=   0.996 & total_deductions_by_hh_size > 666.000","ranger",47,19,0.4043,0.2562,25,7,0.28,0.0179,0.0196,0.291,27,9,0.3333,0.0091,0.0093,0.294
"2-3","HH_size_n <=   2.5 & total_deductions_by_hh_size > 704.0 & unc_rawben_rel_max <=   1.0","ranger",75,28,0.3733,0.2561,44,6,0.1364,0.0153,0.0186,0.512,46,8,0.1739,0.0081,0.0099,0.501
"2-3","children_i <=   0.500 & rawben_rel_max <=   0.997 & shelter_expenses_by_hh_size > 943.000 & total_deductions_by_hh_size > 666.000","ranger",44,18,0.4091,0.256,23,6,0.2609,0.0153,0.0182,0.268,24,7,0.2917,0.0071,0.0083,0.261
"2-3","months_since_cert_n <= 21.000 & rawben_rel_max >  0.993 & unc_rawben_rel_max <=  0.997","ranger",114,40,0.3509,0.2558,65,15,0.2308,0.0383,0.043,0.757,66,16,0.2424,0.0162,0.0165,0.719
"2-3","rawben_rel_max >    0.993 & rawben_rel_max <=    0.997 & total_deductions_by_hh_size <= 1010.000","ranger",114,40,0.3509,0.2558,64,14,0.2188,0.0357,0.0349,0.745,65,15,0.2308,0.0152,0.0138,0.708
"2-3","medical_deductions <= 144.000 & unc_rawben_rel_max >   0.993 & unc_rawben_rel_max <=   0.996","ranger",88,32,0.3636,0.2555,62,14,0.2258,0.0357,0.0393,0.722,63,15,0.2381,0.0152,0.0153,0.686
"2-3","medical_deductions > 578.0 & medical_deductions <= 980.0 & months_since_cert_n >   0.5","ranger",21,10,0.4762,0.255,8,1,0.125,0.0026,0.002,0.093,8,1,0.125,0.001,7e-04,0.087
"2-3","cat_elig >   0.500 & rawben_rel_max <=   0.997 & total_deductions_by_hh_size <= 768.000 & unc_rawben_rel_max >   0.993","ranger",98,35,0.3571,0.2548,52,11,0.2115,0.0281,0.0308,0.605,53,12,0.2264,0.0122,0.0125,0.577
"2-3","rawben_rel_max >   0.993 & rawben_rel_max <=   0.996 & total_deductions_by_hh_size <= 768.000 & utilities >  26.000","ranger",69,26,0.3768,0.2548,41,9,0.2195,0.023,0.0225,0.477,42,10,0.2381,0.0101,0.0098,0.457
"2-3","total_deductions_by_hh_size > 759.000 & unc_rawben_rel_max <=   0.998","ranger",63,24,0.381,0.2535,36,5,0.1389,0.0128,0.0197,0.419,36,5,0.1389,0.0051,0.0065,0.392
"2-3","elderly_disabled_i >   0.500 & medical_deductions > 138.000 & rawben_rel_max <=   0.997 & total_deductions_by_hh_size > 506.000","ranger",60,23,0.3833,0.2528,28,5,0.1786,0.0128,0.0103,0.326,29,6,0.2069,0.0061,0.0039,0.316
"2-3","children_i <=   0.500 & medical_deductions > 140.000 & shelter_expenses_by_hh_size > 894.000 & unc_rawben_rel_max >   0.197","ranger",24,11,0.4583,0.2522,13,2,0.1538,0.0051,0.0038,0.151,16,5,0.3125,0.0051,0.005,0.174
"2-3","married >   0.50 & total_deductions_by_hh_size > 799.00 & unc_rawben_rel_max <=   1.01","ranger",24,11,0.4583,0.2522,9,1,0.1111,0.0026,0.0081,0.105,9,1,0.1111,0.001,0.0027,0.098
"2-3","married >   0.500 & rawben_rel_max <=   0.997 & total_deductions_by_hh_size > 768.000","ranger",24,11,0.4583,0.2522,12,2,0.1667,0.0051,0.0101,0.14,12,2,0.1667,0.002,0.0033,0.131
"2-3","count_divisible_by_100 <=   0.500 & total_deductions_by_hh_size > 768.000 & unc_rawben_rel_max <=   0.996","ranger",54,21,0.3889,0.2515,27,4,0.1481,0.0102,0.0179,0.314,27,4,0.1481,0.0041,0.0059,0.294
"2-3","children_i <=    0.500 & rawben_rel_max <=    0.997 & shelter_expenses_by_hh_size > 1180.000","ranger",27,12,0.4444,0.2505,17,3,0.1765,0.0077,0.0113,0.198,19,5,0.2632,0.0051,0.0069,0.207
"2-3","children_i <=   0.500 & rawben_rel_max <=   0.996 & total_deductions_by_hh_size > 666.000","ranger",48,19,0.3958,0.2504,27,7,0.2593,0.0179,0.0196,0.314,29,9,0.3103,0.0091,0.0093,0.316
"2-3","percent_abawd <=   0.250 & total_deductions_by_hh_size > 681.000 & unc_rawben_rel_max <=   0.998","ranger",93,33,0.3548,0.2503,65,10,0.1538,0.0255,0.0294,0.757,67,12,0.1791,0.0122,0.0125,0.729
"2-3","months_since_cert_n <=   2.500 & percent_abawd <=   0.417 & rawben_rel_max <=   0.997 & total_deductions_by_hh_size > 640.000","ranger",42,17,0.4048,0.2495,22,3,0.1364,0.0077,0.0055,0.256,24,5,0.2083,0.0051,0.0048,0.261
"2-3","children_i <=   0.500 & percent_abawd <=   1.750 & rawben_rel_max <=   0.996 & total_deductions_by_hh_size > 692.000","ranger",39,16,0.4103,0.2492,21,4,0.1905,0.0102,0.0144,0.244,22,5,0.2273,0.0051,0.0071,0.24
"2-3","cat_elig <=   2.500 & total_deductions_by_hh_size > 715.000 & unc_rawben_rel_max <=   0.997","ranger",77,28,0.3636,0.249,46,6,0.1304,0.0153,0.0226,0.535,48,8,0.1667,0.0081,0.0112,0.523
"2-3","rawben_rel_max >    0.993 & rawben_rel_max <=    0.997 & total_deductions_by_hh_size <= 1010.000 & unc_rawben_rel_max <=    0.996","ranger",87,31,0.3563,0.2485,62,13,0.2097,0.0332,0.0312,0.722,63,14,0.2222,0.0142,0.0126,0.686
"2-3","expedited_i <= 0.500 & unc_rawben_rel_max > 0.993 & unc_rawben_rel_max <= 0.998","ranger",114,39,0.3421,0.248,68,14,0.2059,0.0357,0.0381,0.792,69,15,0.2174,0.0152,0.0149,0.751
"2-3","medical_deductions <= 195.000 & percent_abawd <=   1.750 & unc_rawben_rel_max >   0.993 & unc_rawben_rel_max <=   0.998","ranger",121,41,0.3388,0.2476,74,15,0.2027,0.0383,0.043,0.861,75,16,0.2133,0.0162,0.0165,0.817
"2-3","medical_deductions <= 102.000 & rawben_rel_max >   0.993 & unc_rawben_rel_max <=   0.997","ranger",111,38,0.3423,0.2471,62,13,0.2097,0.0332,0.0332,0.722,63,14,0.2222,0.0142,0.0133,0.686
"2-3","expedited_i <=   0.500 & total_deductions_by_hh_size > 679.000 & unc_rawben_rel_max <=   0.997 & utilities >  30.500","ranger",91,32,0.3516,0.2466,60,10,0.1667,0.0255,0.0294,0.698,63,13,0.2063,0.0132,0.0148,0.686
"2-3","cat_elig <=  2.500 & months_since_cert_n <= 36.500 & rawben_rel_max <=  0.998 & unc_rawben_rel_max >  0.993","ranger",122,41,0.3361,0.2454,74,15,0.2027,0.0383,0.043,0.861,75,16,0.2133,0.0162,0.0165,0.817
"2-3","homeless <= 0.500 & percent_abawd <= 1.750 & rawben_rel_max <= 0.998 & unc_rawben_rel_max > 0.993","ranger",122,41,0.3361,0.2454,72,14,0.1944,0.0357,0.0399,0.838,73,15,0.2055,0.0152,0.0155,0.795
"2-3","cat_elig >   0.500 & rawben_rel_max <=   0.997 & total_deductions_by_hh_size > 650.000 & utilities > 670.000","ranger",65,24,0.3692,0.2451,37,8,0.2162,0.0204,0.0152,0.431,40,11,0.275,0.0112,0.0104,0.435
"2-3","cat_elig >   0.500 & rawben_rel_max <=   0.997 & shelter_expenses_by_hh_size > 292.000 & total_deductions_by_hh_size > 716.000","ranger",75,27,0.36,0.2446,45,6,0.1333,0.0153,0.0226,0.524,47,8,0.1702,0.0081,0.0112,0.512
"2-3","children_i <=   0.500 & medical_deductions <=   5.500 & rawben_rel_max <=   0.998 & total_deductions_by_hh_size > 679.000","ranger",19,9,0.4737,0.2444,15,3,0.2,0.0077,0.0049,0.175,16,4,0.25,0.0041,0.004,0.174
"2-3","elderly_disabled_i >    0.5 & shelter_expenses_by_hh_size > 1310.0 & total_deductions_by_hh_size >  182.0","ranger",19,9,0.4737,0.2444,14,1,0.0714,0.0026,0.0081,0.163,16,3,0.1875,0.003,0.0049,0.174
"2-3","married >   0.5 & medical_deductions > 575.0 & total_deductions_by_hh_size > 463.0","ranger",19,9,0.4737,0.2444,7,3,0.4286,0.0077,0.0163,0.081,7,3,0.4286,0.003,0.0053,0.076
"2-3","medical_deductions > 584.000 & rawben_rel_max >   0.132 & shelter_expenses_by_hh_size <= 767.000","ranger",19,9,0.4737,0.2444,4,3,0.75,0.0077,0.0183,0.047,4,3,0.75,0.003,0.006,0.044
"2-3","percent_abawd <=    1.750 & shelter_expenses_by_hh_size > 1290.000 & unc_rawben_rel_max <=    0.996","ranger",19,9,0.4737,0.2444,15,1,0.0667,0.0026,0.0081,0.175,19,5,0.2632,0.0051,0.0102,0.207
"2-3","children_i <=   0.5 & medical_deductions > 551.0 & shelter_expenses_by_hh_size > 578.0 & shelter_expenses_by_hh_size <= 938.0","ranger",11,6,0.5455,0.2442,5,1,0.2,0.0026,0.0062,0.058,5,1,0.2,0.001,0.002,0.054
"2-3","count_divisible_by_100 <=   0.500 & medical_deductions > 238.000 & months_since_cert_n >  20.500 & unc_rawben_rel_max >   0.255","ranger",11,6,0.5455,0.2442,4,1,0.25,0.0026,0.002,0.047,4,1,0.25,0.001,7e-04,0.044
"2-3","medical_deductions > 551.000 & total_deductions_by_hh_size > 524.000 & unc_rawben_rel_max <=   0.998","ranger",11,6,0.5455,0.2442,5,1,0.2,0.0026,0.002,0.058,5,1,0.2,0.001,7e-04,0.054
"2-3","medical_deductions > 575 & utilities <= 488","ranger",11,6,0.5455,0.2442,4,1,0.25,0.0026,0.004,0.047,4,1,0.25,0.001,0.0013,0.044
"2-3","medical_deductions > 575.0 & months_since_cert_n >   8.5","ranger",11,6,0.5455,0.2442,7,1,0.1429,0.0026,0.0062,0.081,7,1,0.1429,0.001,0.002,0.076
"2-3","medical_deductions > 575.000 & shelter_expenses_by_hh_size > 566.000 & unc_rawben_rel_max <=   0.998","ranger",11,6,0.5455,0.2442,6,1,0.1667,0.0026,0.002,0.07,6,1,0.1667,0.001,7e-04,0.065
"2-3","months_since_cert_n <=   19.5 & shelter_expenses_by_hh_size > 1160.0 & total_deductions_by_hh_size >  500.0 & utilities <=  570.0","ranger",11,6,0.5455,0.2442,9,1,0.1111,0.0026,0.0081,0.105,10,2,0.2,0.002,0.0053,0.109
"2-3","shelter_expenses_by_hh_size > 1430.00 & unc_rawben_rel_max <=    1.06","ranger",11,6,0.5455,0.2442,7,1,0.1429,0.0026,0.0081,0.081,10,4,0.4,0.0041,0.0085,0.109
"2-3","married >   0.500 & rawben_rel_max <=   0.995 & total_deductions_by_hh_size > 524.000 & utilities <= 556.000","ranger",46,18,0.3913,0.244,21,4,0.1905,0.0102,0.0157,0.244,23,6,0.2609,0.0061,0.0061,0.25
"2-3","rawben_rel_max >=   0.993 & rawben_rel_max <   0.996 & total_deductions_by_hh_size >= 197.000 & total_deductions_by_hh_size < 389.000","xgboost",46,18,0.3913,0.244,26,5,0.1923,0.0128,0.0122,0.303,27,6,0.2222,0.0061,0.0064,0.294
"2-3","rawben_rel_max <= 0.998 & unc_rawben_rel_max > 0.994","ranger",92,32,0.3478,0.2437,70,15,0.2143,0.0383,0.043,0.815,70,15,0.2143,0.0152,0.0141,0.762
"2-3","homeless <=   0.500 & medical_deductions > 138.000 & total_deductions_by_hh_size > 508.000 & unc_rawben_rel_max >   0.154","ranger",72,26,0.3611,0.2435,37,8,0.2162,0.0204,0.0286,0.431,40,11,0.275,0.0112,0.0132,0.435
"2-3","HH_size_n <=   2.500 & medical_deductions > 195.000 & unc_rawben_rel_max >   0.494","ranger",43,17,0.3953,0.2432,34,9,0.2647,0.023,0.0277,0.396,37,12,0.3243,0.0122,0.0131,0.403
"2-3","months_since_cert_n <= 2.500 & unc_rawben_rel_max > 0.993 & unc_rawben_rel_max <= 0.998","ranger",40,16,0.4,0.2424,23,5,0.2174,0.0128,0.0101,0.268,24,6,0.25,0.0061,0.0057,0.261
"2-3","percent_abawd <=    0.250 & total_deductions_by_hh_size >  730.000 & total_deductions_by_hh_size <= 1240.000 & unc_rawben_rel_max <=    0.998","ranger",69,25,0.3623,0.2423,41,5,0.122,0.0128,0.0197,0.477,42,6,0.1429,0.0061,0.0079,0.457
"2-3","cat_elig >   0.5 & HH_size_n <=   2.5 & medical_deductions > 566.0 & months_since_cert_n >   0.5","ranger",22,10,0.4545,0.2421,11,3,0.2727,0.0077,0.0163,0.128,11,3,0.2727,0.003,0.0053,0.12
"2-3","children_i <=   0.500 & medical_deductions > 548.000 & months_since_cert_n <=  21.500 & rawben_rel_max >   0.132","ranger",22,10,0.4545,0.2421,5,3,0.6,0.0077,0.0163,0.058,5,3,0.6,0.003,0.0053,0.054
"2-3","medical_deductions > 456 & total_deductions_by_hh_size > 463","ranger",22,10,0.4545,0.2421,11,4,0.3636,0.0102,0.0203,0.128,12,5,0.4167,0.0051,0.0071,0.131
"2-3","elderly_disabled_i >   0.5 & medical_deductions > 575.0 & months_since_cert_n >   0.5","ranger",25,11,0.44,0.241,11,3,0.2727,0.0077,0.0163,0.128,11,3,0.2727,0.003,0.0053,0.12
"2-3","married >   0.5 & shelter_expenses_by_hh_size > 882.0 & utilities <= 472.0","ranger",25,11,0.44,0.241,21,1,0.0476,0.0026,0.001,0.244,23,3,0.1304,0.003,0.0034,0.25
"2-3","medical_deductions > 140.000 & shelter_expenses_by_hh_size > 894.000 & unc_rawben_rel_max >   0.197","ranger",28,12,0.4286,0.2407,15,3,0.2,0.0077,0.0056,0.175,18,6,0.3333,0.0061,0.0056,0.196
"2-3","rawben_rel_max <   0.996 & total_deductions_by_hh_size < 380.000 & unc_rawben_rel_max >=   0.993 & utilities >= 469.000","xgboost",28,12,0.4286,0.2407,16,3,0.1875,0.0077,0.007,0.186,17,4,0.2353,0.0041,0.0047,0.185
"2-3","medical_deductions <= 140.000 & months_since_cert_n <=   7.500 & rawben_rel_max >   0.993 & rawben_rel_max <=   0.997","ranger",83,29,0.3494,0.2403,49,10,0.2041,0.0255,0.0305,0.57,50,11,0.22,0.0112,0.0124,0.544
"2-3","rawben_rel_max <=    0.998 & shelter_expenses_by_hh_size <= 1410.000 & unc_rawben_rel_max >    0.993 & utilities <= 1020.000","ranger",121,40,0.3306,0.2402,70,14,0.2,0.0357,0.0349,0.815,71,15,0.2113,0.0152,0.0138,0.773
"2-3","children_i <=   0.500 & percent_abawd <=   0.250 & total_deductions_by_hh_size > 650.000 & unc_rawben_rel_max <=   0.997","ranger",50,19,0.38,0.2396,29,7,0.2414,0.0179,0.0196,0.338,30,8,0.2667,0.0081,0.0069,0.327
"2-3","count_divisible_by_100 <=  0.500 & months_since_cert_n <= 10.500 & rawben_rel_max <=  0.998 & unc_rawben_rel_max >  0.993","ranger",97,33,0.3402,0.2394,57,13,0.2281,0.0332,0.038,0.663,58,14,0.2414,0.0142,0.0149,0.631
"2-3","percent_abawd <=   1.750 & total_deductions_by_hh_size <= 767.000 & unc_rawben_rel_max >   0.993 & unc_rawben_rel_max <=   0.997","ranger",111,37,0.3333,0.2392,62,14,0.2258,0.0357,0.0349,0.722,63,15,0.2381,0.0152,0.0138,0.686
"2-3","total_deductions_by_hh_size >  730.000 & total_deductions_by_hh_size <= 1240.000 & unc_rawben_rel_max <=    0.998","ranger",70,25,0.3571,0.2386,41,5,0.122,0.0128,0.0197,0.477,42,6,0.1429,0.0061,0.0079,0.457
"2-3","medical_deductions <= 140.000 & rawben_rel_max <=   0.998 & total_deductions_by_hh_size > 765.000","ranger",47,18,0.383,0.2384,26,3,0.1154,0.0077,0.0159,0.303,26,3,0.1154,0.003,0.0052,0.283
"2-3","expedited_i <=  0.500 & medical_deductions <= 11.500 & rawben_rel_max >  0.993 & unc_rawben_rel_max <=  0.997","ranger",101,34,0.3366,0.2381,57,12,0.2105,0.0306,0.0284,0.663,58,13,0.2241,0.0132,0.0117,0.631
"2-3","expedited_i <=    0.500 & rawben_rel_max >    0.993 & shelter_expenses_by_hh_size <= 1160.000 & unc_rawben_rel_max <=    0.996","ranger",77,27,0.3506,0.2378,56,12,0.2143,0.0306,0.0264,0.652,57,13,0.2281,0.0132,0.011,0.621
"2-3","cat_elig <=   1.500 & medical_deductions > 138.000 & rawben_rel_max <=   0.998 & shelter_expenses_by_hh_size > 946.000","ranger",14,7,0.5,0.236,10,3,0.3,0.0077,0.0056,0.116,10,3,0.3,0.003,0.0018,0.109
"2-3","cat_elig >   1.5 & count_divisible_by_100 >   0.5 & elderly_disabled_i >   0.5 & shelter_expenses_by_hh_size > 821.0","ranger",14,7,0.5,0.236,1,0,0,0,0,0.012,1,0,0,0,0,0.011
"2-3","count_divisible_by_100 <=  0.500 & months_since_cert_n > 10.500 & rawben_rel_max <=  0.998 & unc_rawben_rel_max >  0.993","ranger",14,7,0.5,0.236,9,2,0.2222,0.0051,0.0049,0.105,9,2,0.2222,0.002,0.0016,0.098
"2-3","count_divisible_by_100 >   0.500 & rawben_rel_max <=   0.708 & total_deductions_by_hh_size > 556.000","ranger",14,7,0.5,0.236,14,0,0,0,0,0.163,15,1,0.0667,0.001,0.0016,0.163
"2-3","elderly_disabled_i <=   0.5 & medical_deductions <= 206.0 & total_deductions_by_hh_size > 673.0 & utilities > 754.0","ranger",14,7,0.5,0.236,12,0,0,0,0,0.14,13,1,0.0769,0.001,4e-04,0.142
"2-3","expedited_i <=   0.500 & medical_deductions <= 575.000 & total_deductions_by_hh_size > 692.000 & unc_rawben_rel_max <=   0.996","ranger",81,28,0.3457,0.2359,50,7,0.14,0.0179,0.0239,0.582,53,10,0.1887,0.0101,0.013,0.577
"2-3","months_since_cert_n <=  28.500 & rawben_rel_max <=   0.998 & total_deductions_by_hh_size > 691.000","ranger",88,30,0.3409,0.2357,56,8,0.1429,0.0204,0.0259,0.652,59,11,0.1864,0.0112,0.0137,0.642
"2-3","cat_elig >   0.500 & rawben_rel_max >   0.993 & rawben_rel_max <=   0.997 & total_deductions_by_hh_size <= 653.000","ranger",95,32,0.3368,0.2356,52,11,0.2115,0.0281,0.0308,0.605,53,12,0.2264,0.0122,0.0125,0.577
"2-3","medical_deductions > 195.000 & unc_rawben_rel_max >   0.494","ranger",51,19,0.3725,0.2345,35,9,0.2571,0.023,0.0277,0.407,38,12,0.3158,0.0122,0.0131,0.414
"2-3","medical_deductions <= 64.500 & rawben_rel_max <=  0.996 & unc_rawben_rel_max >  0.993","ranger",85,29,0.3412,0.2343,60,12,0.2,0.0306,0.0296,0.698,61,13,0.2131,0.0132,0.0121,0.664
"2-3","shelter_expenses_by_hh_size <= 1700.000 & total_deductions_by_hh_size >  684.000 & unc_rawben_rel_max <=    0.997 & utilities <= 1020.000","ranger",92,31,0.337,0.2342,56,8,0.1429,0.0204,0.0188,0.652,59,11,0.1864,0.0112,0.0114,0.642
"2-3","medical_deductions <= 4.500 & months_since_cert_n > 0.500 & rawben_rel_max <= 0.996 & unc_rawben_rel_max > 0.993","ranger",75,26,0.3467,0.2331,50,10,0.2,0.0255,0.0247,0.582,50,10,0.2,0.0101,0.0081,0.544
"2-3","cat_elig <=   2.500 & medical_deductions > 575.000 & months_since_cert_n >   3.500 & rawben_rel_max <=   0.998","ranger",17,8,0.4706,0.2323,9,1,0.1111,0.0026,0.002,0.105,9,1,0.1111,0.001,7e-04,0.098
"2-3","children_i <=   0.500 & expedited_i >   0.500 & rawben_rel_max <=   0.777 & utilities <= 327.000","ranger",17,8,0.4706,0.2323,11,0,0,0,0,0.128,13,2,0.1538,0.002,0.0026,0.142
"2-3","medical_deductions > 551.000 & months_since_cert_n >   3.500 & unc_rawben_rel_max <=   0.996 & utilities > 284.000","ranger",17,8,0.4706,0.2323,11,1,0.0909,0.0026,0.002,0.128,11,1,0.0909,0.001,7e-04,0.12
"2-3","expedited_i <=   0.500 & rawben_rel_max <=   0.998 & total_deductions_by_hh_size > 666.000 & utilities >  30.500","ranger",107,35,0.3271,0.2322,63,11,0.1746,0.0281,0.031,0.733,69,17,0.2464,0.0172,0.0189,0.751
"2-3","medical_deductions <= 64.500 & rawben_rel_max >  0.993 & rawben_rel_max <=  0.998","ranger",118,38,0.322,0.2317,71,13,0.1831,0.0332,0.0332,0.826,72,14,0.1944,0.0142,0.0133,0.784
"2-3","children_i <=   0.5 & married >   0.5 & medical_deductions > 168.0 & total_deductions_by_hh_size > 505.0","ranger",45,17,0.3778,0.2315,28,4,0.1429,0.0102,0.0183,0.326,30,6,0.2,0.0061,0.0071,0.327
"2-3","medical_deductions <= 805.000 & months_since_cert_n <=  28.500 & rawben_rel_max <=   0.998 & total_deductions_by_hh_size > 691.000","ranger",86,29,0.3372,0.2314,56,8,0.1429,0.0204,0.0259,0.652,59,11,0.1864,0.0112,0.0137,0.642
"2-3","cat_elig <=   1.500 & medical_deductions <=   3.000 & total_deductions_by_hh_size > 691.000 & unc_rawben_rel_max <=   0.996","ranger",26,11,0.4231,0.2309,44,4,0.0909,0.0102,0.011,0.512,47,7,0.1489,0.0071,0.0088,0.512
"2-3","medical_deductions >  2.500 & months_since_cert_n > 19.000 & rawben_rel_max >  0.157 & rawben_rel_max <=  0.996","ranger",26,11,0.4231,0.2309,19,5,0.2632,0.0128,0.0104,0.221,19,5,0.2632,0.0051,0.0034,0.207
"2-3","medical_deductions > 566.000 & rawben_rel_max >   0.132","ranger",26,11,0.4231,0.2309,7,4,0.5714,0.0102,0.0203,0.081,7,4,0.5714,0.0041,0.0066,0.076
"2-3","percent_abawd <=    0.417 & shelter_expenses_by_hh_size > 1270.000 & total_deductions_by_hh_size >  532.000 & utilities >  336.000","ranger",26,11,0.4231,0.2309,20,1,0.05,0.0026,0.0081,0.233,22,3,0.1364,0.003,0.0049,0.24
"2-3","married >   0.5 & medical_deductions > 584.0 & total_deductions_by_hh_size > 456.0 & utilities >  12.5","ranger",20,9,0.45,0.2308,7,3,0.4286,0.0077,0.0163,0.081,7,3,0.4286,0.003,0.0053,0.076
"2-3","medical_deductions > 575.000 & unc_rawben_rel_max >   0.132 & unc_rawben_rel_max <=   1.000 & utilities >  30.500","ranger",20,9,0.45,0.2308,4,1,0.25,0.0026,0.002,0.047,4,1,0.25,0.001,7e-04,0.044
"2-3","HH_size_n <=   2.50 & medical_deductions > 366.00 & percent_abawd <=   1.75 & total_deductions_by_hh_size > 463.00","ranger",23,10,0.4348,0.2305,18,5,0.2778,0.0128,0.0223,0.21,19,6,0.3158,0.0061,0.0078,0.207
"2-3","children_i >   0.500 & total_deductions_by_hh_size > 698.000 & total_deductions_by_hh_size <= 804.000 & unc_rawben_rel_max <=   0.997","ranger",23,10,0.4348,0.2305,18,3,0.1667,0.0077,0.0095,0.21,20,5,0.25,0.0051,0.006,0.218
"2-3","expedited_i <=   0.500 & medical_deductions >   3.000 & rawben_rel_max >   0.205 & shelter_expenses_by_hh_size > 962.000","ranger",23,10,0.4348,0.2305,20,5,0.25,0.0128,0.0167,0.233,23,8,0.3478,0.0081,0.0096,0.25
"2-3","cat_elig >   0.500 & elderly_disabled_i >   0.500 & shelter_expenses_by_hh_size > 946.000 & unc_rawben_rel_max <=   0.997","ranger",97,32,0.3299,0.2304,63,10,0.1587,0.0255,0.0265,0.733,67,14,0.209,0.0142,0.0151,0.729
"2-3","percent_abawd <=   1.750 & total_deductions_by_hh_size > 637.000 & unc_rawben_rel_max <=   0.998 & utilities > 684.000","ranger",69,24,0.3478,0.23,35,6,0.1714,0.0153,0.0104,0.407,38,9,0.2368,0.0091,0.0078,0.414
"2-3","percent_abawd <=    1.750 & shelter_expenses_by_hh_size <= 1210.000 & unc_rawben_rel_max >    0.993 & unc_rawben_rel_max <=    0.998","ranger",119,38,0.3193,0.2296,72,14,0.1944,0.0357,0.0349,0.838,73,15,0.2055,0.0152,0.0138,0.795
"2-3","expedited_i <=   0.500 & months_since_cert_n <=  27.500 & rawben_rel_max <=   0.996 & total_deductions_by_hh_size > 683.000","ranger",87,29,0.3333,0.2286,59,9,0.1525,0.023,0.0268,0.687,62,12,0.1935,0.0122,0.014,0.675
"2-3","cat_elig >   0.5 & medical_deductions > 138.0 & total_deductions_by_hh_size > 524.0","ranger",66,23,0.3485,0.2283,36,7,0.1944,0.0179,0.0259,0.419,39,10,0.2564,0.0101,0.0123,0.425
"2-3","homeless <= 0.500 & months_since_cert_n <= 2.500 & unc_rawben_rel_max > 0.993 & unc_rawben_rel_max <= 0.998","ranger",39,15,0.3846,0.2283,22,4,0.1818,0.0102,0.007,0.256,23,5,0.2174,0.0051,0.0047,0.25
"2-3","medical_deductions >= 165.000 & months_since_cert_n >=   3.000 & rawben_rel_max >=   0.209 & utilities < 750.000","xgboost",80,27,0.3375,0.2283,41,5,0.122,0.0128,0.0082,0.477,43,7,0.1628,0.0071,0.0039,0.468
"2-3","total_deductions_by_hh_size <= 679.000 & unc_rawben_rel_max >   0.993 & unc_rawben_rel_max <=   0.997","ranger",109,35,0.3211,0.2277,62,14,0.2258,0.0357,0.0349,0.722,63,15,0.2381,0.0152,0.0138,0.686
"2-3","months_since_cert_n > 2.500 & rawben_rel_max <= 0.996 & unc_rawben_rel_max > 0.993 & unc_rawben_rel_max <= 0.998","ranger",56,20,0.3571,0.227,43,9,0.2093,0.023,0.0292,0.501,43,9,0.2093,0.0091,0.0096,0.468
"2-3","homeless <=   0.5 & medical_deductions > 138.0 & total_deductions_by_hh_size > 508.0","ranger",77,26,0.3377,0.2267,42,8,0.1905,0.0204,0.0286,0.489,45,11,0.2444,0.0112,0.0132,0.49
"2-3","cat_elig <=   2.5 & medical_deductions > 138.0 & total_deductions_by_hh_size > 524.0","ranger",70,24,0.3429,0.2265,38,7,0.1842,0.0179,0.0259,0.442,41,10,0.2439,0.0101,0.0123,0.446
"2-3","rawben_rel_max >   0.993 & shelter_expenses_by_hh_size <= 938.000 & unc_rawben_rel_max <=   0.997","ranger",106,34,0.3208,0.2262,62,14,0.2258,0.0357,0.0349,0.722,63,15,0.2381,0.0152,0.0138,0.686
"2-3","rawben_rel_max > 0.992 & unc_rawben_rel_max <= 0.996","ranger",106,34,0.3208,0.2262,67,14,0.209,0.0357,0.0393,0.78,68,15,0.2206,0.0152,0.0153,0.74
"2-3","cat_elig <   3.000 & rawben_rel_max <   1.000 & unc_rawben_rel_max >=   0.993 & utilities >= 341.000","xgboost",99,32,0.3232,0.2255,51,11,0.2157,0.0281,0.0407,0.594,52,12,0.2308,0.0122,0.0157,0.566
"2-3","cat_elig <=   1.500 & rawben_rel_max <=   0.998 & total_deductions_by_hh_size > 704.000 & unc_rawben_rel_max <=   0.993","ranger",33,13,0.3939,0.2249,46,6,0.1304,0.0153,0.0164,0.535,49,9,0.1837,0.0091,0.0106,0.533
"2-3","medical_deductions >= 187.000 & months_since_cert_n >=   3.000 & rawben_rel_max >=   0.519 & unc_rawben_rel_max >=   0.206","xgboost",33,13,0.3939,0.2249,25,6,0.24,0.0153,0.0138,0.291,27,8,0.2963,0.0081,0.0058,0.294
"2-3","months_since_cert_n >    5.500 & rawben_rel_max <=    0.996 & unc_rawben_rel_max >    0.993 & utilities <= 1020.000","ranger",33,13,0.3939,0.2249,20,5,0.25,0.0128,0.0118,0.233,20,5,0.25,0.0051,0.0039,0.218
"2-3","married <= 0.500 & rawben_rel_max > 0.993 & rawben_rel_max <= 0.997","ranger",92,30,0.3261,0.2248,53,10,0.1887,0.0255,0.0244,0.617,54,11,0.2037,0.0112,0.0104,0.588
"2-3","unc_rawben_rel_max > 0.991 & unc_rawben_rel_max <= 0.997","ranger",144,44,0.3056,0.2247,76,15,0.1974,0.0383,0.043,0.885,78,17,0.2179,0.0172,0.0169,0.849
"2-3","medical_deductions <= 658.000 & rawben_rel_max >   0.993 & total_deductions_by_hh_size <= 787.000 & unc_rawben_rel_max <=   0.998","ranger",118,37,0.3136,0.2243,72,14,0.1944,0.0357,0.0349,0.838,73,15,0.2055,0.0152,0.0138,0.795
"2-3","children_i >   0.500 & rawben_rel_max <=   0.998 & total_deductions_by_hh_size > 683.000 & total_deductions_by_hh_size <= 808.000","ranger",30,12,0.4,0.2232,23,3,0.1304,0.0077,0.0095,0.268,25,5,0.2,0.0051,0.006,0.272
"2-3","elderly_disabled_i >   0.5 & medical_deductions <= 575.0 & shelter_expenses_by_hh_size > 943.0 & unc_rawben_rel_max <=   1.0","ranger",100,32,0.32,0.2232,65,9,0.1385,0.023,0.0245,0.757,69,13,0.1884,0.0132,0.0144,0.751
"2-3","rawben_rel_max >=  0.994 & rawben_rel_max <  1.000 & shelter_expenses_by_hh_size >= 23.500 & unc_rawben_rel_max >=  0.195","xgboost",100,32,0.32,0.2232,68,16,0.2353,0.0408,0.051,0.792,68,16,0.2353,0.0162,0.0167,0.74
"2-3","medical_deductions >= 137 & total_deductions_by_hh_size >= 519 & utilities >=  28","xgboost",71,24,0.338,0.2231,38,7,0.1842,0.0179,0.0259,0.442,41,10,0.2439,0.0101,0.0123,0.446
"2-3","count_divisible_by_100 <=   0.500 & rawben_rel_max >   0.993 & rawben_rel_max <=   0.998 & total_deductions_by_hh_size <= 693.000","ranger",104,33,0.3173,0.2224,64,14,0.2188,0.0357,0.0349,0.745,65,15,0.2308,0.0152,0.0138,0.708
"2-3","HH_size_n <=   2.5 & medical_deductions > 140.0 & total_deductions_by_hh_size > 578.0","ranger",40,15,0.375,0.2221,33,7,0.2121,0.0179,0.0259,0.384,36,10,0.2778,0.0101,0.0123,0.392
"2-3","cat_elig > 1.500 & married > 0.500 & rawben_rel_max > 0.994 & unc_rawben_rel_max <= 0.997","ranger",12,6,0.5,0.2213,0,0,NA,0,0,0,0,0,NA,0,0,0
"2-3","children_i <= 0.500 & rawben_rel_max <= 0.994 & unc_rawben_rel_max > 0.992 & unc_rawben_rel_max <= 0.995","ranger",12,6,0.5,0.2213,1,0,0,0,0,0.012,1,0,0,0,0,0.011
"2-3","elderly_disabled_i >   0.500 & medical_deductions > 575.000 & months_since_cert_n >   0.500 & unc_rawben_rel_max <=   0.411","ranger",12,6,0.5,0.2213,7,1,0.1429,0.0026,0.002,0.081,7,1,0.1429,0.001,7e-04,0.076
"2-3","medical_deductions >  584.0 & months_since_cert_n >    7.5 & shelter_expenses_by_hh_size <= 1410.0","ranger",12,6,0.5,0.2213,7,1,0.1429,0.0026,0.0062,0.081,7,1,0.1429,0.001,0.002,0.076
"2-3","months_since_cert_n <=   21.500 & rawben_rel_max <=    0.996 & shelter_expenses_by_hh_size > 1200.000 & unc_rawben_rel_max >    0.659","ranger",12,6,0.5,0.2213,8,2,0.25,0.0051,0.0096,0.093,11,5,0.4545,0.0051,0.0076,0.12
"2-3","months_since_cert_n >  10.500 & rawben_rel_max >   0.993 & shelter_expenses_by_hh_size <= 742.000 & unc_rawben_rel_max <=   0.998","ranger",12,6,0.5,0.2213,8,1,0.125,0.0026,0.0031,0.093,8,1,0.125,0.001,0.001,0.087
"2-3","elderly_disabled_i >    0.500 & shelter_expenses_by_hh_size > 1020.000 & unc_rawben_rel_max <=    0.997","ranger",68,23,0.3382,0.2212,42,8,0.1905,0.0204,0.0219,0.489,45,11,0.2444,0.0112,0.0112,0.49
"2-3","expedited_i <=   0.5 & medical_deductions > 115.0 & medical_deductions <= 940.0 & total_deductions_by_hh_size > 524.0","ranger",68,23,0.3382,0.2212,47,7,0.1489,0.0179,0.0227,0.547,52,12,0.2308,0.0122,0.0149,0.566
"2-3","cat_elig <= 2.500 & medical_deductions <= 2.500 & unc_rawben_rel_max > 0.993 & unc_rawben_rel_max <= 0.998","ranger",116,36,0.3103,0.2208,71,13,0.1831,0.0332,0.0332,0.826,72,14,0.1944,0.0142,0.0133,0.784
"2-3","cat_elig >   0.500 & count_divisible_by_100 <=   0.500 & total_deductions_by_hh_size > 666.000 & unc_rawben_rel_max <=   0.997","ranger",101,32,0.3168,0.2208,57,10,0.1754,0.0255,0.0292,0.663,63,16,0.254,0.0162,0.0183,0.686
"2-3","cat_elig >   0.500 & total_deductions_by_hh_size <= 475.000 & unc_rawben_rel_max >   0.993 & unc_rawben_rel_max <=   0.997","ranger",90,29,0.3222,0.2206,48,9,0.1875,0.023,0.0242,0.559,49,10,0.2041,0.0101,0.0103,0.533
"2-3","cat_elig >   1.5 & medical_deductions >   4.5 & months_since_cert_n >   3.5 & total_deductions_by_hh_size > 504.0","ranger",24,10,0.4167,0.22,2,0,0,0,0,0.023,2,0,0,0,0,0.022
"2-3","children_i <=   0.5 & medical_deductions > 551.0 & months_since_cert_n >   2.5","ranger",24,10,0.4167,0.22,12,2,0.1667,0.0051,0.0082,0.14,12,2,0.1667,0.002,0.0027,0.131
"2-3","elderly_disabled_i >   0.5 & expedited_i <=   0.5 & medical_deductions > 578.0 & total_deductions_by_hh_size > 396.0","ranger",24,10,0.4167,0.22,10,4,0.4,0.0102,0.0203,0.116,10,4,0.4,0.0041,0.0066,0.109
"2-3","months_since_cert_n >= 3.000 & rawben_rel_max >= 0.994 & rawben_rel_max < 0.996","xgboost",37,14,0.3784,0.22,41,9,0.2195,0.023,0.0292,0.477,41,9,0.2195,0.0091,0.0096,0.446
"2-3","rawben_rel_max >   0.993 & total_deductions_by_hh_size > 189.000 & unc_rawben_rel_max <=   0.998 & utilities > 736.000","ranger",24,10,0.4167,0.22,13,1,0.0769,0.0026,0.0037,0.151,14,2,0.1429,0.002,0.0036,0.152
"2-3","months_since_cert_n <=   21.500 & rawben_rel_max <=    0.996 & shelter_expenses_by_hh_size <= 1200.000 & unc_rawben_rel_max >    0.993","ranger",83,27,0.3253,0.2196,61,13,0.2131,0.0332,0.0312,0.71,62,14,0.2258,0.0142,0.0126,0.675
"2-3","rawben_rel_max >   0.993 & total_deductions_by_hh_size <= 704.000 & unc_rawben_rel_max <=   0.996","ranger",83,27,0.3253,0.2196,60,13,0.2167,0.0332,0.0312,0.698,61,14,0.2295,0.0142,0.0126,0.664
"2-3","married <=   0.500 & medical_deductions > 201.000 & unc_rawben_rel_max >   0.136","ranger",21,9,0.4286,0.2187,10,3,0.3,0.0077,0.0069,0.116,11,4,0.3636,0.0041,0.0049,0.12
"2-3","medical_deductions >   4.500 & total_deductions_by_hh_size > 506.000 & unc_rawben_rel_max <=   0.997 & utilities >  30.500","ranger",76,25,0.3289,0.2187,35,7,0.2,0.0179,0.0214,0.407,38,10,0.2632,0.0101,0.0099,0.414
"2-3","months_since_cert_n < 3.000 & rawben_rel_max >= 0.994 & rawben_rel_max < 0.996","xgboost",21,9,0.4286,0.2187,18,5,0.2778,0.0128,0.0101,0.21,18,5,0.2778,0.0051,0.0033,0.196
"2-3","count_divisible_by_100 <=   0.500 & medical_deductions > 150.000 & months_since_cert_n >  21.500 & rawben_rel_max >   0.254","ranger",15,7,0.4667,0.2185,7,2,0.2857,0.0051,0.0038,0.081,7,2,0.2857,0.002,0.0013,0.076
"2-3","elderly_disabled_i >    0.50 & shelter_expenses_by_hh_size > 1300.00 & unc_rawben_rel_max >    0.39","ranger",15,7,0.4667,0.2185,12,1,0.0833,0.0026,0.0081,0.14,13,2,0.1538,0.002,0.0033,0.142
"2-3","married >   0.50 & medical_deductions > 584.00 & months_since_cert_n >   5.00 & unc_rawben_rel_max <=   2.31","ranger",15,7,0.4667,0.2185,10,2,0.2,0.0051,0.0082,0.116,10,2,0.2,0.002,0.0027,0.109
"2-3","rawben_rel_max >   0.993 & rawben_rel_max <=   0.997 & shelter_expenses_by_hh_size <= 854.000 & total_deductions_by_hh_size <= 524.000","ranger",102,32,0.3137,0.2185,57,12,0.2105,0.0306,0.0282,0.663,58,13,0.2241,0.0132,0.0116,0.631
"2-3","HH_size_n > 2.500 & married <= 0.500 & rawben_rel_max > 0.996 & unc_rawben_rel_max <= 0.997","ranger",18,8,0.4444,0.2181,0,0,NA,0,0,0,0,0,NA,0,0,0
"2-3","cat_elig <=   1.500 & medical_deductions > 206.000 & rawben_rel_max >   0.237 & total_deductions_by_hh_size > 579.000","ranger",18,8,0.4444,0.2181,22,5,0.2273,0.0128,0.0221,0.256,25,8,0.32,0.0081,0.011,0.272
"2-3","children_i <=   0.5 & count_divisible_by_100 <=   1.5 & medical_deductions > 591.0 & total_deductions_by_hh_size > 463.0","ranger",18,8,0.4444,0.2181,7,3,0.4286,0.0077,0.0163,0.081,7,3,0.4286,0.003,0.0053,0.076
"2-3","children_i <=   0.5 & medical_deductions > 366.0 & total_deductions_by_hh_size > 524.0 & utilities > 392.0","ranger",18,8,0.4444,0.2181,15,4,0.2667,0.0102,0.0183,0.175,15,4,0.2667,0.0041,0.006,0.163
"2-3","children_i <=   0.500 & medical_deductions <= 145.000 & total_deductions_by_hh_size > 704.000 & unc_rawben_rel_max <=   0.997","ranger",18,8,0.4444,0.2181,12,2,0.1667,0.0051,0.0111,0.14,13,3,0.2308,0.003,0.006,0.142
"2-3","elderly_disabled_i <=   0.5 & months_since_cert_n <=  21.5 & total_deductions_by_hh_size > 640.0 & utilities > 754.0","ranger",18,8,0.4444,0.2181,13,0,0,0,0,0.151,14,1,0.0714,0.001,4e-04,0.152
"2-3","elderly_disabled_i >   0.5 & medical_deductions > 456.0 & months_since_cert_n >   5.5 & shelter_expenses_by_hh_size > 204.0","ranger",18,8,0.4444,0.2181,14,2,0.1429,0.0051,0.0082,0.163,14,2,0.1429,0.002,0.0027,0.152
"2-3","married <=   0.500 & total_deductions_by_hh_size > 750.000 & unc_rawben_rel_max <=   0.998 & utilities > 706.000","ranger",18,8,0.4444,0.2181,12,1,0.0833,0.0026,0.0018,0.14,12,1,0.0833,0.001,6e-04,0.131
"2-3","months_since_cert_n <=   7.500 & total_deductions_by_hh_size <= 704.000 & unc_rawben_rel_max >   0.993 & unc_rawben_rel_max <=   0.997","ranger",80,26,0.325,0.2177,47,9,0.1915,0.023,0.0224,0.547,48,10,0.2083,0.0101,0.0097,0.523
"2-3","medical_deductions > 144.000 & months_since_cert_n <=  29.500 & rawben_rel_max >   0.363 & utilities <= 568.000","ranger",84,27,0.3214,0.2168,37,7,0.1892,0.0179,0.0133,0.431,39,9,0.2308,0.0091,0.0077,0.425
"2-3","percent_abawd <=   1.750 & rawben_rel_max <=   0.997 & shelter_expenses_by_hh_size <= 751.000 & unc_rawben_rel_max >   0.993","ranger",103,32,0.3107,0.2163,57,11,0.193,0.0281,0.0245,0.663,58,12,0.2069,0.0122,0.0104,0.631
"2-3","rawben_rel_max <=    0.997 & shelter_expenses_by_hh_size <= 1420.000 & total_deductions_by_hh_size >  679.000 & utilities >   22.000","ranger",88,28,0.3182,0.2161,59,9,0.1525,0.023,0.0213,0.687,62,12,0.1935,0.0122,0.0122,0.675
"2-3","months_since_cert_n > 5.500 & unc_rawben_rel_max > 0.993 & unc_rawben_rel_max <= 0.997","ranger",48,17,0.3542,0.216,22,6,0.2727,0.0153,0.0155,0.256,22,6,0.2727,0.0061,0.0051,0.24
"2-3","elderly_disabled_i >   0.5 & medical_deductions > 138.0 & shelter_expenses_by_hh_size > 946.0","ranger",31,12,0.3871,0.2154,14,3,0.2143,0.0077,0.0056,0.163,16,5,0.3125,0.0051,0.0051,0.174
"2-3","elderly_disabled_i >   0.500 & medical_deductions >   4.500 & total_deductions_by_hh_size > 754.000 & unc_rawben_rel_max >   0.205","ranger",31,12,0.3871,0.2154,22,5,0.2273,0.0128,0.0262,0.256,24,7,0.2917,0.0071,0.0119,0.261
"2-3","cat_elig <=   2.500 & medical_deductions <= 144.000 & rawben_rel_max <=   0.998 & total_deductions_by_hh_size > 666.000","ranger",96,30,0.3125,0.215,58,9,0.1552,0.023,0.0272,0.675,63,14,0.2222,0.0142,0.0172,0.686
"2-3","rawben_rel_max <=   0.997 & total_deductions_by_hh_size <= 491.000 & unc_rawben_rel_max >   0.993","ranger",104,32,0.3077,0.2141,58,12,0.2069,0.0306,0.0282,0.675,59,13,0.2203,0.0132,0.0116,0.642
"2-3","count_divisible_by_100 <=   0.500 & married <=   0.500 & rawben_rel_max <=   0.997 & total_deductions_by_hh_size > 684.000","ranger",52,18,0.3462,0.2139,36,4,0.1111,0.0102,0.0126,0.419,38,6,0.1579,0.0061,0.007,0.414
"2-3","expedited_i <   1.000 & rawben_rel_max <   0.996 & total_deductions_by_hh_size < 624.000 & unc_rawben_rel_max >=   0.993","xgboost",74,24,0.3243,0.2135,55,12,0.2182,0.0306,0.0264,0.64,56,13,0.2321,0.0132,0.011,0.61
"2-3","expedited_i <=   0.5 & medical_deductions > 115.0 & total_deductions_by_hh_size > 524.0","ranger",74,24,0.3243,0.2135,50,9,0.18,0.023,0.037,0.582,55,14,0.2545,0.0142,0.0195,0.599
"2-3","medical_deductions > 144.000 & rawben_rel_max <=   0.993 & total_deductions_by_hh_size > 513.000 & unc_rawben_rel_max <=   0.996","ranger",45,16,0.3556,0.2135,24,4,0.1667,0.0102,0.0077,0.279,25,5,0.2,0.0051,0.003,0.272
"2-3","medical_deductions >= 137 & shelter_expenses_by_hh_size >= 886 & utilities >=  57","xgboost",45,16,0.3556,0.2135,18,4,0.2222,0.0102,0.0066,0.21,21,7,0.3333,0.0071,0.006,0.229
"2-3","medical_deductions >  562 & total_deductions_by_hh_size <= 1290","ranger",28,11,0.3929,0.2129,12,2,0.1667,0.0051,0.006,0.14,12,2,0.1667,0.002,0.002,0.131
"2-3","medical_deductions > 575 & utilities > 368","ranger",28,11,0.3929,0.2129,13,4,0.3077,0.0102,0.0203,0.151,13,4,0.3077,0.0041,0.0066,0.142
"2-3","shelter_expenses_by_hh_size > 1270 & total_deductions_by_hh_size >  532 & utilities >  336","ranger",28,11,0.3929,0.2129,22,1,0.0455,0.0026,0.0081,0.256,24,3,0.125,0.003,0.0049,0.261
"2-3","children_i <=   0.5 & months_since_cert_n <=   7.5 & shelter_expenses_by_hh_size > 938.0 & unc_rawben_rel_max <=   1.0","ranger",56,19,0.3393,0.2122,41,6,0.1463,0.0153,0.0173,0.477,45,10,0.2222,0.0101,0.014,0.49
"2-3","shelter_expenses_by_hh_size <= 543.000 & total_deductions_by_hh_size > 193.000 & unc_rawben_rel_max >   0.993 & unc_rawben_rel_max <=   0.998","ranger",56,19,0.3393,0.2122,30,5,0.1667,0.0128,0.0122,0.349,31,6,0.1935,0.0061,0.0064,0.338
"2-3","medical_deductions <=    3.000 & total_deductions_by_hh_size <= 1000.000 & unc_rawben_rel_max >    0.993 & unc_rawben_rel_max <=    0.996","ranger",82,26,0.3171,0.2121,60,12,0.2,0.0306,0.0296,0.698,61,13,0.2131,0.0132,0.0121,0.664
"2-3","expedited_i <=   0.50 & medical_deductions > 104.00 & percent_abawd <=   1.75 & total_deductions_by_hh_size > 504.00","ranger",86,27,0.314,0.2115,54,10,0.1852,0.0255,0.0397,0.629,60,16,0.2667,0.0162,0.0212,0.653
"2-3","months_since_cert_n <=   5.500 & total_deductions_by_hh_size > 649.000 & unc_rawben_rel_max <=   0.998","ranger",86,27,0.314,0.2115,42,5,0.119,0.0128,0.015,0.489,46,9,0.1957,0.0091,0.0108,0.501
"2-3","children_i <   1.000 & medical_deductions >=   1.000 & rawben_rel_max >=   0.365 & utilities < 534.000","xgboost",117,35,0.2991,0.2114,51,9,0.1765,0.023,0.021,0.594,54,12,0.2222,0.0122,0.0123,0.588
"2-3","months_since_cert_n <=   31.500 & rawben_rel_max >    0.991 & rawben_rel_max <=    0.996 & utilities <= 1020.000","ranger",117,35,0.2991,0.2114,70,14,0.2,0.0357,0.0393,0.815,72,16,0.2222,0.0162,0.0157,0.784
"2-3","cat_elig >   0.500 & rawben_rel_max >   0.993 & rawben_rel_max <=   0.996 & shelter_expenses_by_hh_size <= 850.000","ranger",71,23,0.3239,0.2113,49,10,0.2041,0.0255,0.0271,0.57,50,11,0.22,0.0112,0.0113,0.544
"2-3","married <=    0.500 & total_deductions_by_hh_size <= 1060.000 & unc_rawben_rel_max >    0.993 & unc_rawben_rel_max <=    0.997","ranger",90,28,0.3111,0.2111,53,10,0.1887,0.0255,0.0244,0.617,54,11,0.2037,0.0112,0.0104,0.588
"2-3","elderly_disabled_i >   0.500 & rawben_rel_max <=   0.462 & shelter_expenses_by_hh_size > 945.000 & unc_rawben_rel_max <=   0.837","ranger",35,13,0.3714,0.211,28,3,0.1071,0.0077,0.006,0.326,30,5,0.1667,0.0051,0.0043,0.327
"2-3","count_divisible_by_100 <=   1.500 & rawben_rel_max <=   0.995 & total_deductions_by_hh_size > 617.000 & utilities > 422.000","ranger",137,40,0.292,0.2109,80,11,0.1375,0.0281,0.0264,0.931,87,18,0.2069,0.0183,0.0192,0.947
"2-3","cat_elig > 0.500 & married <= 0.500 & rawben_rel_max > 0.993 & rawben_rel_max <= 0.996","ranger",60,20,0.3333,0.2108,43,7,0.1628,0.0179,0.0204,0.501,44,8,0.1818,0.0081,0.0091,0.479
"2-3","cat_elig <=   2.500 & married >   0.500 & medical_deductions > 562.000 & rawben_rel_max >   0.119","ranger",25,10,0.4,0.2104,5,3,0.6,0.0077,0.0163,0.058,5,3,0.6,0.003,0.0053,0.054
"2-3","cat_elig > 1.500 & expedited_i > 0.500 & months_since_cert_n > 8.500 & unc_rawben_rel_max <= 0.998","ranger",25,10,0.4,0.2104,3,0,0,0,0,0.035,3,0,0,0,0,0.033
"2-3","children_i <=   0.5 & expedited_i <=   0.5 & medical_deductions > 575.0 & total_deductions_by_hh_size <= 949.0","ranger",25,10,0.4,0.2104,9,1,0.1111,0.0026,0.002,0.105,9,1,0.1111,0.001,7e-04,0.098
"2-3","rawben_rel_max <=   0.998 & total_deductions_by_hh_size <= 524.000 & unc_rawben_rel_max >   0.993 & utilities <= 766.000","ranger",98,30,0.3061,0.2104,56,11,0.1964,0.0281,0.0245,0.652,56,11,0.1964,0.0112,0.008,0.61
"2-3","medical_deductions <=  11.500 & rawben_rel_max <=   0.997 & total_deductions_by_hh_size <= 579.000 & unc_rawben_rel_max >   0.993","ranger",102,31,0.3039,0.2101,60,13,0.2167,0.0332,0.0332,0.698,61,14,0.2295,0.0142,0.0133,0.664
"2-3","rawben_rel_max <=   0.993 & total_deductions_by_hh_size > 691.000 & utilities <= 864.000","ranger",64,21,0.3281,0.2098,37,6,0.1622,0.0153,0.0164,0.431,39,8,0.2051,0.0081,0.0082,0.425
"2-3","cat_elig >   0.500 & rawben_rel_max <=   0.996 & unc_rawben_rel_max >   0.993 & utilities <= 570.000","ranger",53,18,0.3396,0.2096,34,7,0.2059,0.0179,0.0235,0.396,34,7,0.2059,0.0071,0.0077,0.37
"2-3","percent_abawd <=   0.417 & shelter_expenses_by_hh_size > 615.000 & total_deductions_by_hh_size > 637.000 & unc_rawben_rel_max <=   1.000","ranger",118,35,0.2966,0.2095,63,9,0.1429,0.023,0.0233,0.733,67,13,0.194,0.0132,0.0128,0.729
"2-3","months_since_cert_n >=   1.000 & rawben_rel_max <   0.995 & total_deductions_by_hh_size >= 655.000 & utilities >= 487.000","xgboost",83,26,0.3133,0.2094,54,9,0.1667,0.023,0.0233,0.629,57,12,0.2105,0.0122,0.013,0.621
"2-3","expedited_i <=   0.5 & total_deductions_by_hh_size > 650.0 & unc_rawben_rel_max <=   1.0","ranger",126,37,0.2937,0.2093,72,12,0.1667,0.0306,0.0328,0.838,78,18,0.2308,0.0183,0.0195,0.849
"2-3","HH_size_n <=   2.500 & rawben_rel_max <=   0.994 & total_deductions_by_hh_size > 705.000 & unc_rawben_rel_max <=   0.996","ranger",68,22,0.3235,0.2089,40,5,0.125,0.0128,0.0105,0.466,42,7,0.1667,0.0071,0.0072,0.457
"2-3","months_since_cert_n >  1.500 & months_since_cert_n <= 36.000 & rawben_rel_max <=  0.998 & unc_rawben_rel_max >  0.993","ranger",95,29,0.3053,0.2083,55,12,0.2182,0.0306,0.036,0.64,55,12,0.2182,0.0122,0.0118,0.599
"2-3","rawben_rel_max >   0.993 & unc_rawben_rel_max <=   0.996 & utilities <= 682.000","ranger",72,23,0.3194,0.2082,53,14,0.2642,0.0357,0.0393,0.617,53,14,0.2642,0.0142,0.0129,0.577
"2-3","cat_elig <=   2.5 & medical_deductions > 138.0 & shelter_expenses_by_hh_size > 937.0 & total_deductions_by_hh_size > 524.0","ranger",32,12,0.375,0.2081,14,3,0.2143,0.0077,0.0056,0.163,16,5,0.3125,0.0051,0.0051,0.174
"2-3","married <= 0.500 & rawben_rel_max > 0.993 & unc_rawben_rel_max <= 0.998","ranger",99,30,0.303,0.2081,61,10,0.1639,0.0255,0.0244,0.71,62,11,0.1774,0.0112,0.0104,0.675
"2-3","medical_deductions >   4.5 & shelter_expenses_by_hh_size > 894.0 & total_deductions_by_hh_size > 620.0","ranger",32,12,0.375,0.2081,22,4,0.1818,0.0102,0.0149,0.256,27,9,0.3333,0.0091,0.011,0.294
"2-3","rawben_rel_max >=   0.993 & rawben_rel_max <   0.996 & utilities >= 331.000 & utilities < 505.000","xgboost",32,12,0.375,0.2081,17,3,0.1765,0.0077,0.0071,0.198,17,3,0.1765,0.003,0.0023,0.185
"2-3","shelter_expenses_by_hh_size > 854.00 & unc_rawben_rel_max <=   1.03 & utilities > 425.00 & utilities <= 476.00","ranger",32,12,0.375,0.2081,13,1,0.0769,0.0026,0.0018,0.151,14,2,0.1429,0.002,0.0024,0.152
"2-3","cat_elig <=   2.500 & rawben_rel_max <=   0.997 & total_deductions_by_hh_size <= 491.000 & unc_rawben_rel_max >   0.993","ranger",103,31,0.301,0.208,58,12,0.2069,0.0306,0.0282,0.675,59,13,0.2203,0.0132,0.0116,0.642
"2-3","HH_size_n <=    2.5 & total_deductions_by_hh_size > 1010.0 & utilities <=  864.0","ranger",22,9,0.4091,0.2079,13,3,0.2308,0.0077,0.0224,0.151,14,4,0.2857,0.0041,0.01,0.152
"2-3","medical_deductions > 575.000 & rawben_rel_max <=   0.998 & total_deductions_by_hh_size <= 897.000 & unc_rawben_rel_max <=   0.993","ranger",22,9,0.4091,0.2079,9,1,0.1111,0.0026,0.002,0.105,9,1,0.1111,0.001,7e-04,0.098
"2-3","elderly_disabled_i >   0.500 & rawben_rel_max <=   0.995 & total_deductions_by_hh_size > 579.000 & utilities >  22.000","ranger",107,32,0.2991,0.2078,60,8,0.1333,0.0204,0.0214,0.698,65,13,0.2,0.0132,0.0139,0.708
"2-3","rawben_rel_max <=   0.994 & total_deductions_by_hh_size > 705.000 & unc_rawben_rel_max <=   0.996","ranger",76,24,0.3158,0.2076,46,6,0.1304,0.0153,0.0164,0.535,49,9,0.1837,0.0091,0.0106,0.533
"2-3","HH_size_n <=   2.5 & months_since_cert_n <=   8.5 & total_deductions_by_hh_size > 704.0 & unc_rawben_rel_max <=   1.0","ranger",61,20,0.3279,0.2072,35,5,0.1429,0.0128,0.0156,0.407,37,7,0.1892,0.0071,0.0089,0.403
"2-3","married <=   0.500 & shelter_expenses_by_hh_size > 161.000 & total_deductions_by_hh_size > 681.000 & unc_rawben_rel_max <=   0.997","ranger",61,20,0.3279,0.2072,43,6,0.1395,0.0153,0.0169,0.501,45,8,0.1778,0.0081,0.0084,0.49
"2-3","rawben_rel_max <=   0.998 & total_deductions_by_hh_size > 679.000 & unc_rawben_rel_max <=   0.983 & utilities >  30.500","ranger",88,27,0.3068,0.2065,61,9,0.1475,0.023,0.0213,0.71,63,11,0.1746,0.0112,0.0107,0.686
"2-3","homeless < 1.000 & rawben_rel_max >= 0.993 & rawben_rel_max < 1.000 & unc_rawben_rel_max < 1.140","xgboost",148,42,0.2838,0.2064,78,15,0.1923,0.0383,0.048,0.908,79,16,0.2025,0.0162,0.0181,0.86
"2-3","medical_deductions >= 143.00 & months_since_cert_n >=   4.00 & rawben_rel_max >=   0.19 & total_deductions_by_hh_size >= 155.00","xgboost",100,30,0.3,0.2059,63,12,0.1905,0.0306,0.0299,0.733,66,15,0.2273,0.0152,0.0117,0.719
"2-3","medical_deductions >   4.5 & months_since_cert_n >   3.5 & total_deductions_by_hh_size > 504.0","ranger",69,22,0.3188,0.2057,38,6,0.1579,0.0153,0.0239,0.442,41,9,0.2195,0.0091,0.0121,0.446
"2-3","cat_elig >   0.500 & medical_deductions >   3.000 & rawben_rel_max >   0.197 & shelter_expenses_by_hh_size > 894.000","ranger",43,15,0.3488,0.2055,26,5,0.1923,0.0128,0.0167,0.303,30,9,0.3,0.0091,0.0101,0.327
"2-3","married <=   0.500 & medical_deductions > 201.000 & rawben_rel_max >   0.136 & unc_rawben_rel_max <=   1.000","ranger",19,8,0.4211,0.2055,5,1,0.2,0.0026,0.0018,0.058,5,1,0.2,0.001,6e-04,0.054
"2-3","medical_deductions <=   5.500 & rawben_rel_max >   0.994 & rawben_rel_max <=   0.997 & total_deductions_by_hh_size <= 626.000","ranger",73,23,0.3151,0.2051,57,13,0.2281,0.0332,0.0332,0.663,57,13,0.2281,0.0132,0.0109,0.621
"2-3","children_i <=   0.5 & medical_deductions > 573.0","ranger",29,11,0.3793,0.205,12,3,0.25,0.0077,0.0163,0.14,12,3,0.25,0.003,0.0053,0.131
"2-3","children_i <= 0.500 & expedited_i > 0.500 & rawben_rel_max <= 0.508","ranger",29,11,0.3793,0.205,19,0,0,0,0,0.221,21,2,0.0952,0.002,0.0039,0.229
"2-3","married <= 0.500 & percent_abawd <= 0.250 & unc_rawben_rel_max > 0.993 & unc_rawben_rel_max <= 0.997","ranger",85,26,0.3059,0.2042,46,7,0.1522,0.0179,0.0155,0.535,47,8,0.1702,0.0081,0.0075,0.512
"2-3","elderly_disabled_i >   0.500 & percent_abawd <=   0.250 & rawben_rel_max <=   0.997 & total_deductions_by_hh_size > 585.000","ranger",97,29,0.299,0.2038,54,8,0.1481,0.0204,0.0214,0.629,58,12,0.2069,0.0122,0.0115,0.631
"2-3","months_since_cert_n <=   29.5 & shelter_expenses_by_hh_size > 1140.0 & total_deductions_by_hh_size >  670.0 & total_deductions_by_hh_size <= 1390.0","ranger",47,16,0.3404,0.2038,29,3,0.1034,0.0077,0.0111,0.338,32,6,0.1875,0.0061,0.0096,0.348
"2-3","children_i <=    0.5 & shelter_expenses_by_hh_size > 1420.0","ranger",10,5,0.5,0.2037,9,1,0.1111,0.0026,0.0081,0.105,11,3,0.2727,0.003,0.0059,0.12
"2-3","children_i <=   0.5 & shelter_expenses_by_hh_size <= 227.0 & total_deductions_by_hh_size > 343.0 & total_deductions_by_hh_size <= 650.0","ranger",10,5,0.5,0.2037,2,1,0.5,0.0026,0.0022,0.023,2,1,0.5,0.001,7e-04,0.022
"2-3","elderly_disabled_i >   0.5 & married <=   0.5 & medical_deductions > 138.0 & shelter_expenses_by_hh_size > 946.0","ranger",10,5,0.5,0.2037,3,2,0.6667,0.0051,0.0036,0.035,4,3,0.75,0.003,0.0038,0.044
"2-3","medical_deductions >  650.0 & months_since_cert_n >    6.5 & utilities <= 1020.0","ranger",10,5,0.5,0.2037,6,1,0.1667,0.0026,0.0062,0.07,6,1,0.1667,0.001,0.002,0.065
"2-3","cat_elig < 3.000 & rawben_rel_max < 1.000 & unc_rawben_rel_max >= 0.993","xgboost",150,42,0.28,0.2035,80,16,0.2,0.0408,0.051,0.931,81,17,0.2099,0.0172,0.0191,0.882
"2-3","children_i <=   0.500 & medical_deductions > 145.000 & total_deductions_by_hh_size > 704.000 & unc_rawben_rel_max <=   0.997","ranger",16,7,0.4375,0.2034,8,1,0.125,0.0026,0.002,0.093,8,1,0.125,0.001,7e-04,0.087
"2-3","expedited_i <=  0.5 & married >  0.5 & medical_deductions >  4.5 & medical_deductions <= 17.5","ranger",16,7,0.4375,0.2034,7,2,0.2857,0.0051,0.0032,0.081,7,2,0.2857,0.002,0.001,0.076
"2-3","married >    0.500 & rawben_rel_max <=    0.996 & shelter_expenses_by_hh_size > 1180.000 & total_deductions_by_hh_size <= 1040.000","ranger",16,7,0.4375,0.2034,12,1,0.0833,0.0026,0.0017,0.14,13,2,0.1538,0.002,0.0021,0.142
"2-3","married >    0.500 & rawben_rel_max <=    0.997 & shelter_expenses_by_hh_size > 1200.000","ranger",16,7,0.4375,0.2034,13,2,0.1538,0.0051,0.0098,0.151,14,3,0.2143,0.003,0.0048,0.152
"2-3","medical_deductions > 578.000 & months_since_cert_n >   4.000 & unc_rawben_rel_max <=   0.998","ranger",16,7,0.4375,0.2034,9,1,0.1111,0.0026,0.002,0.105,9,1,0.1111,0.001,7e-04,0.098
"2-3","months_since_cert_n >  29.500 & months_since_cert_n <=  35.500 & percent_abawd <=   0.167 & shelter_expenses_by_hh_size > 779.000","ranger",16,7,0.4375,0.2034,8,1,0.125,0.0026,0.0027,0.093,9,2,0.2222,0.002,0.0013,0.098
"2-3","shelter_expenses_by_hh_size <= 1140.000 & unc_rawben_rel_max >    0.991 & unc_rawben_rel_max <=    0.997","ranger",138,39,0.2826,0.203,73,14,0.1918,0.0357,0.0349,0.85,75,16,0.2133,0.0162,0.0142,0.817
"2-3","children_i >    0.5 & shelter_expenses_by_hh_size >  288.0 & total_deductions_by_hh_size > 1080.0 & utilities >   30.5","ranger",13,6,0.4615,0.2024,5,1,0.2,0.0026,0.0013,0.058,5,1,0.2,0.001,4e-04,0.054
"2-3","elderly_disabled_i <=   0.5 & months_since_cert_n >   0.5 & total_deductions_by_hh_size > 691.0 & utilities > 754.0","ranger",13,6,0.4615,0.2024,12,0,0,0,0,0.14,12,0,0,0,0,0.131
"2-3","elderly_disabled_i >    0.50 & rawben_rel_max <=    0.34 & total_deductions_by_hh_size >  581.00 & utilities <= 1020.00","ranger",13,6,0.4615,0.2024,8,1,0.125,0.0026,0.002,0.093,10,3,0.3,0.003,0.0027,0.109
"2-3","married >   0.500 & medical_deductions > 548.000 & rawben_rel_max <=   0.377","ranger",13,6,0.4615,0.2024,9,1,0.1111,0.0026,0.002,0.105,9,1,0.1111,0.001,7e-04,0.098
"2-3","medical_deductions > 561.00 & shelter_expenses_by_hh_size > 412.00 & total_deductions_by_hh_size > 525.00 & unc_rawben_rel_max <=   1.19","ranger",13,6,0.4615,0.2024,5,1,0.2,0.0026,0.002,0.058,5,1,0.2,0.001,7e-04,0.054
"2-3","medical_deductions > 6.500 & rawben_rel_max > 0.493 & unc_rawben_rel_max <= 0.521","ranger",13,6,0.4615,0.2024,7,2,0.2857,0.0051,0.0037,0.081,7,2,0.2857,0.002,0.0012,0.076
"2-3","rawben_rel_max >    0.68 & shelter_expenses_by_hh_size > 1310.00 & total_deductions_by_hh_size >  785.00","ranger",13,6,0.4615,0.2024,10,1,0.1,0.0026,0.0081,0.116,11,2,0.1818,0.002,0.0033,0.12
"2-3","medical_deductions >   4.500 & percent_abawd <=   0.583 & shelter_expenses_by_hh_size > 902.000 & unc_rawben_rel_max >   0.166","ranger",40,14,0.35,0.2023,26,5,0.1923,0.0128,0.0167,0.303,30,9,0.3,0.0091,0.0101,0.327
"2-3","medical_deductions >= 145.000 & rawben_rel_max >=   0.209 & unc_rawben_rel_max >=  -0.497 & utilities < 643.000","xgboost",122,35,0.2869,0.2023,67,12,0.1791,0.0306,0.0304,0.78,71,16,0.2254,0.0162,0.0145,0.773
"2-3","HH_size_n <=   2.500 & rawben_rel_max >   0.992 & rawben_rel_max <=   0.998 & shelter_expenses_by_hh_size <= 877.000","ranger",74,23,0.3108,0.2022,34,6,0.1765,0.0153,0.018,0.396,34,6,0.1765,0.0061,0.0059,0.37
"2-3","cat_elig <=   2.5 & medical_deductions > 148.0 & total_deductions_by_hh_size > 351.0 & utilities <= 690.0","ranger",74,23,0.3108,0.2022,36,7,0.1944,0.0179,0.0203,0.419,38,9,0.2368,0.0091,0.0098,0.414
"2-3","elderly_disabled_i >    0.5 & married >    0.5 & medical_deductions <=  278.0 & shelter_expenses_by_hh_size > 1130.0","ranger",26,10,0.3846,0.2016,22,2,0.0909,0.0051,0.0098,0.256,24,4,0.1667,0.0041,0.0074,0.261
"2-3","medical_deductions > 104.00 & percent_abawd <=   1.75 & total_deductions_by_hh_size > 504.00","ranger",94,28,0.2979,0.2016,56,10,0.1786,0.0255,0.0397,0.652,62,16,0.2581,0.0162,0.0212,0.675
"2-3","children_i <=   0.500 & total_deductions_by_hh_size > 666.000 & total_deductions_by_hh_size <= 862.000 & unc_rawben_rel_max <=   0.997","ranger",33,12,0.3636,0.2013,22,6,0.2727,0.0153,0.0115,0.256,24,8,0.3333,0.0081,0.0066,0.261
"2-3","percent_abawd <=   1.75 & shelter_expenses_by_hh_size > 298.00 & total_deductions_by_hh_size > 976.00 & utilities <= 882.00","ranger",33,12,0.3636,0.2013,16,4,0.25,0.0102,0.0236,0.186,18,6,0.3333,0.0061,0.0113,0.196
"2-3","expedited_i <=   0.5 & medical_deductions >   4.5 & shelter_expenses_by_hh_size > 902.0","ranger",44,15,0.3409,0.2005,29,6,0.2069,0.0153,0.0189,0.338,34,11,0.3235,0.0112,0.0124,0.37
"4+","months_since_cert_n >   2.5 & total_deductions_by_hh_size > 492.0 & unc_rawben_rel_max <=   1.0 & utilities > 442.0","ranger",10,8,0.8,0.4353,4,1,0.25,0.0042,0.0037,0.095,4,1,0.25,0.0014,9e-04,0.085
"4+","cat_elig >   0.5 & months_since_cert_n >   4.5 & shelter_expenses_by_hh_size > 251.0 & total_deductions_by_hh_size > 517.0","ranger",10,7,0.7,0.3493,3,0,0,0,0,0.071,6,3,0.5,0.0042,0.0028,0.127
"4+","elderly_disabled_i <=   0.5 & expedited_i <=   0.5 & months_since_cert_n >   1.5 & total_deductions_by_hh_size > 490.0","ranger",16,10,0.625,0.348,8,2,0.25,0.0085,0.0063,0.189,10,4,0.4,0.0056,0.0034,0.212
"4+","elderly_disabled_i <=   0.500 & months_since_cert_n >   0.500 & rawben_rel_max <=   0.998 & total_deductions_by_hh_size > 517.000","ranger",14,9,0.6429,0.347,6,1,0.1667,0.0042,0.0037,0.142,8,3,0.375,0.0042,0.0027,0.17
"4+","HH_size_n <=   5.5 & months_since_cert_n >   2.5 & total_deductions_by_hh_size > 490.0 & unc_rawben_rel_max <=   1.0","ranger",17,10,0.5882,0.3242,4,1,0.25,0.0042,0.0037,0.095,6,3,0.5,0.0042,0.0027,0.127
"4+","elderly_disabled_i <=   0.5 & months_since_cert_n >   0.5 & total_deductions_by_hh_size > 517.0","ranger",15,9,0.6,0.3199,8,2,0.25,0.0085,0.0063,0.189,10,4,0.4,0.0056,0.0034,0.212
"4+","elderly_disabled_i <=   0.5 & shelter_expenses_by_hh_size <= 446.0 & total_deductions_by_hh_size > 490.0","ranger",15,9,0.6,0.3199,6,1,0.1667,0.0042,0.0037,0.142,7,2,0.2857,0.0028,0.0024,0.149
"4+","rawben_rel_max >   0.996 & unc_rawben_rel_max <=   0.998 & utilities <= 364.000","ranger",15,9,0.6,0.3199,6,0,0,0,0,0.142,6,0,0,0,0,0.127
"4+","HH_size_n <=   6.5 & shelter_expenses_by_hh_size <= 446.0 & total_deductions_by_hh_size > 516.0 & unc_rawben_rel_max <=   1.0","ranger",13,8,0.6154,0.3156,4,1,0.25,0.0042,0.0037,0.095,5,2,0.4,0.0028,0.0024,0.106
"4+","cat_elig >  1.500 & rawben_rel_max <=  0.999 & total_deductions_by_hh_size > 41.400 & unc_rawben_rel_max >  0.994","ranger",11,7,0.6364,0.3116,2,0,0,0,0,0.047,2,0,0,0,0,0.042
"4+","months_since_cert_n >   3.500 & total_deductions_by_hh_size > 510.000 & unc_rawben_rel_max <=   0.998","ranger",11,7,0.6364,0.3116,3,0,0,0,0,0.071,5,2,0.4,0.0028,0.0018,0.106
"4+","married <=   0.50 & months_since_cert_n >   1.50 & total_deductions_by_hh_size > 493.00 & unc_rawben_rel_max <=   1.01","ranger",18,10,0.5556,0.3035,5,1,0.2,0.0042,0.0037,0.118,6,2,0.3333,0.0028,0.0013,0.127
"4+","elderly_disabled_i <=   0.5 & married <=   0.5 & total_deductions_by_hh_size > 516.0 & utilities <= 934.0","ranger",16,9,0.5625,0.2968,6,2,0.3333,0.0085,0.0063,0.142,7,3,0.4286,0.0042,0.002,0.149
"4+","elderly_disabled_i <=   0.500 & rawben_rel_max <=   0.982 & total_deductions_by_hh_size > 516.000 & utilities >  28.500","ranger",16,9,0.5625,0.2968,6,1,0.1667,0.0042,0.0037,0.142,8,3,0.375,0.0042,0.0027,0.17
"4+","cat_elig >   0.5 & shelter_expenses_by_hh_size <= 455.0 & total_deductions_by_hh_size > 516.0","ranger",14,8,0.5714,0.2895,5,1,0.2,0.0042,0.0037,0.118,7,3,0.4286,0.0042,0.0027,0.149
"4+","elderly_disabled_i <=   0.5 & married <=   0.5 & total_deductions_by_hh_size > 493.0 & utilities > 450.0","ranger",14,8,0.5714,0.2895,3,1,0.3333,0.0042,0.0037,0.071,3,1,0.3333,0.0014,9e-04,0.064
"4+","elderly_disabled_i <=   0.500 & percent_abawd <=   0.125 & shelter_expenses_by_hh_size <= 446.000 & total_deductions_by_hh_size > 490.000","ranger",14,8,0.5714,0.2895,6,1,0.1667,0.0042,0.0037,0.142,7,2,0.2857,0.0028,0.0024,0.149
"4+","shelter_expenses_by_hh_size <= 446 & total_deductions_by_hh_size > 509 & unc_rawben_rel_max <=   1","ranger",14,8,0.5714,0.2895,5,1,0.2,0.0042,0.0037,0.118,6,2,0.3333,0.0028,0.0024,0.127
"4+","rawben_rel_max <=   0.998 & total_deductions_by_hh_size > 490.000 & utilities > 433.000","ranger",19,10,0.5263,0.2853,5,1,0.2,0.0042,0.0037,0.118,6,2,0.3333,0.0028,0.0013,0.127
"4+","elderly_disabled_i > 0.50 & total_deductions_by_hh_size > 1.79 & total_deductions_by_hh_size <= 2.78","ranger",12,7,0.5833,0.2814,8,1,0.125,0.0042,0.0054,0.189,8,1,0.125,0.0014,0.0014,0.17
"4+","HH_size_n <=  11.500 & months_since_cert_n >   4.500 & rawben_rel_max <=   0.998 & total_deductions_by_hh_size > 434.000","ranger",17,9,0.5294,0.277,9,2,0.2222,0.0085,0.0153,0.213,12,5,0.4167,0.007,0.0068,0.255
"4+","elderly_disabled_i <=   0.5 & homeless <=   0.5 & total_deductions_by_hh_size > 516.0 & utilities >  30.5","ranger",17,9,0.5294,0.277,8,2,0.25,0.0085,0.0063,0.189,10,4,0.4,0.0056,0.0034,0.212
"4+","elderly_disabled_i <=   0.5 & total_deductions_by_hh_size > 516.0 & unc_rawben_rel_max <=   1.0","ranger",17,9,0.5294,0.277,6,1,0.1667,0.0042,0.0037,0.142,8,3,0.375,0.0042,0.0027,0.17
"4+","rawben_rel_max <=   0.998 & shelter_expenses_by_hh_size <= 446.000 & total_deductions_by_hh_size > 490.000 & unc_rawben_rel_max >   0.367","ranger",17,9,0.5294,0.277,5,1,0.2,0.0042,0.0037,0.118,6,2,0.3333,0.0028,0.0024,0.127
"4+","elderly_disabled_i <=   0.5 & HH_size_n >   4.5 & total_deductions_by_hh_size > 385.0","ranger",10,6,0.6,0.2725,6,2,0.3333,0.0085,0.0078,0.142,8,4,0.5,0.0056,0.0043,0.17
"4+","medical_deductions <=  82.5 & total_deductions_by_hh_size > 490.0 & utilities > 450.0 & utilities <= 662.0","ranger",10,6,0.6,0.2725,2,1,0.5,0.0042,0.0037,0.047,2,1,0.5,0.0014,9e-04,0.042
"4+","cat_elig <=   2.5 & medical_deductions <=  65.0 & months_since_cert_n >   2.5 & total_deductions_by_hh_size > 516.0","ranger",15,8,0.5333,0.2675,7,1,0.1429,0.0042,0.0037,0.166,10,4,0.4,0.0056,0.0037,0.212
"4+","elderly_disabled_i > 0.500 & total_deductions_by_hh_size > 1.790 & total_deductions_by_hh_size <= 3.500 & unc_rawben_rel_max <= 0.998","ranger",15,8,0.5333,0.2675,9,1,0.1111,0.0042,0.0054,0.213,9,1,0.1111,0.0014,0.0014,0.191
"4+","married <=   0.5 & shelter_expenses_by_hh_size <= 461.0 & total_deductions_by_hh_size > 375.0 & utilities > 466.0","ranger",31,14,0.4516,0.2668,13,3,0.2308,0.0127,0.0113,0.308,13,3,0.2308,0.0042,0.0029,0.276
"4+","cat_elig >   0.5 & elderly_disabled_i <=   0.5 & total_deductions_by_hh_size > 509.0 & utilities >  28.5","ranger",18,9,0.5,0.2596,9,2,0.2222,0.0085,0.0063,0.213,11,4,0.3636,0.0056,0.0034,0.234
"4+","elderly_disabled_i <=   0.5 & total_deductions_by_hh_size > 516.0","ranger",18,9,0.5,0.2596,8,2,0.25,0.0085,0.0063,0.189,10,4,0.4,0.0056,0.0034,0.212
"4+","elderly_disabled_i > 0.500 & expedited_i <= 0.500 & rawben_rel_max > 0.996 & unc_rawben_rel_max <= 0.998","ranger",18,9,0.5,0.2596,6,4,0.6667,0.0169,0.0133,0.142,6,4,0.6667,0.0056,0.0034,0.127
"4+","rawben_rel_max <=   0.998 & shelter_expenses_by_hh_size <= 446.000 & total_deductions_by_hh_size > 490.000","ranger",18,9,0.5,0.2596,5,1,0.2,0.0042,0.0037,0.118,6,2,0.3333,0.0028,0.0024,0.127
"4+","cat_elig >  1.500 & rawben_rel_max >  0.995 & total_deductions_by_hh_size > 35.900 & unc_rawben_rel_max <=  1.000","ranger",13,7,0.5385,0.2567,2,0,0,0,0,0.047,2,0,0,0,0,0.042
"4+","months_since_cert_n >   2.500 & rawben_rel_max <=   0.998 & total_deductions_by_hh_size > 374.000 & utilities > 384.000","ranger",55,21,0.3818,0.2466,32,8,0.25,0.0339,0.0402,0.757,34,10,0.2941,0.014,0.0117,0.722
"4+","cat_elig >   0.5 & months_since_cert_n >   0.5 & total_deductions_by_hh_size > 517.0 & unc_rawben_rel_max <=   1.0","ranger",19,9,0.4737,0.2444,6,1,0.1667,0.0042,0.0037,0.142,8,3,0.375,0.0042,0.0027,0.17
"4+","children_i > 0.500 & elderly_disabled_i > 0.500 & rawben_rel_max > 0.996 & unc_rawben_rel_max <= 0.998","ranger",19,9,0.4737,0.2444,7,5,0.7143,0.0212,0.0163,0.166,7,5,0.7143,0.007,0.0041,0.149
"4+","elderly_disabled_i <=   0.5 & months_since_cert_n <=  26.5 & total_deductions_by_hh_size > 513.0","ranger",19,9,0.4737,0.2444,8,2,0.25,0.0085,0.0063,0.189,10,4,0.4,0.0056,0.0034,0.212
"4+","elderly_disabled_i > 0.500 & percent_abawd <= 0.174 & rawben_rel_max <= 0.998 & unc_rawben_rel_max > 0.996","ranger",19,9,0.4737,0.2444,7,5,0.7143,0.0212,0.0163,0.166,7,5,0.7143,0.007,0.0041,0.149
"4+","total_deductions_by_hh_size > 516 & total_deductions_by_hh_size <= 555 & utilities > 294","ranger",11,6,0.5455,0.2442,3,0,0,0,0,0.071,3,0,0,0,0,0.064
"4+","shelter_expenses_by_hh_size <= 461 & total_deductions_by_hh_size > 375 & utilities > 466","ranger",37,15,0.4054,0.2417,20,4,0.2,0.0169,0.0165,0.473,20,4,0.2,0.0056,0.0042,0.425
"4+","HH_size_n <=  11.500 & shelter_expenses_by_hh_size > 300.000 & total_deductions_by_hh_size > 490.000 & unc_rawben_rel_max <=   0.998","ranger",25,11,0.44,0.241,6,1,0.1667,0.0042,0.0037,0.142,8,3,0.375,0.0042,0.0027,0.17
"4+","medical_deductions <=  65.0 & months_since_cert_n >   3.5 & shelter_expenses_by_hh_size <= 454.0 & total_deductions_by_hh_size > 372.0","ranger",31,13,0.4194,0.2407,25,6,0.24,0.0254,0.0342,0.591,29,10,0.3448,0.014,0.0129,0.616
"4+","months_since_cert_n >   2.500 & rawben_rel_max <=   0.998 & total_deductions_by_hh_size > 366.000 & unc_rawben_rel_max >   0.391","ranger",57,21,0.3684,0.2373,27,6,0.2222,0.0254,0.0328,0.639,31,10,0.3226,0.014,0.0125,0.659
"4+","elderly_disabled_i <=   0.5 & married <=   0.5 & shelter_expenses_by_hh_size > 181.0 & total_deductions_by_hh_size > 523.0","ranger",14,7,0.5,0.236,7,2,0.2857,0.0085,0.0063,0.166,8,3,0.375,0.0042,0.002,0.17
"4+","expedited_i <= 0.500 & months_since_cert_n > 4.500 & rawben_rel_max <= 0.998 & unc_rawben_rel_max > 0.996","ranger",14,7,0.5,0.236,5,3,0.6,0.0127,0.0083,0.118,5,3,0.6,0.0042,0.0021,0.106
"4+","months_since_cert_n >   3.5 & total_deductions_by_hh_size > 517.0","ranger",14,7,0.5,0.236,5,0,0,0,0,0.118,8,3,0.375,0.0042,0.0028,0.17
"4+","rawben_rel_max >=   0.57 & shelter_expenses_by_hh_size < 418.00 & total_deductions_by_hh_size >= 387.00 & utilities >= 495.00","xgboost",14,7,0.5,0.236,7,0,0,0,0,0.166,7,0,0,0,0,0.149
"4+","elderly_disabled_i <=   0.50 & percent_abawd <=   0.05 & total_deductions_by_hh_size > 516.00","ranger",17,8,0.4706,0.2323,7,2,0.2857,0.0085,0.0063,0.166,9,4,0.4444,0.0056,0.0034,0.191
"4+","elderly_disabled_i > 0.500 & married <= 0.500 & unc_rawben_rel_max > 0.996 & unc_rawben_rel_max <= 0.998","ranger",17,8,0.4706,0.2323,5,4,0.8,0.0169,0.0146,0.118,5,4,0.8,0.0056,0.0037,0.106
"4+","married <=   0.500 & months_since_cert_n >   6.000 & total_deductions_by_hh_size > 366.000 & unc_rawben_rel_max >   0.567","ranger",17,8,0.4706,0.2323,15,3,0.2,0.0127,0.0199,0.355,17,5,0.2941,0.007,0.0072,0.361
"4+","elderly_disabled_i <=   0.5 & married <=   0.5 & total_deductions_by_hh_size > 493.0","ranger",20,9,0.45,0.2308,8,2,0.25,0.0085,0.0063,0.189,9,3,0.3333,0.0042,0.002,0.191
"4+","elderly_disabled_i > 0.500 & HH_size_n <= 6.500 & rawben_rel_max > 0.996 & unc_rawben_rel_max <= 1.000","ranger",20,9,0.45,0.2308,10,5,0.5,0.0212,0.0163,0.237,10,5,0.5,0.007,0.0041,0.212
"4+","elderly_disabled_i > 0.500 & rawben_rel_max > 0.996 & rawben_rel_max <= 0.998","ranger",20,9,0.45,0.2308,7,5,0.7143,0.0212,0.0163,0.166,7,5,0.7143,0.007,0.0041,0.149
"4+","months_since_cert_n >   0.500 & rawben_rel_max <=   0.998 & total_deductions_by_hh_size > 517.000","ranger",20,9,0.45,0.2308,6,1,0.1667,0.0042,0.0037,0.142,8,3,0.375,0.0042,0.0027,0.17
"4+","elderly_disabled_i <=   0.500 & rawben_rel_max <=   0.998 & shelter_expenses_by_hh_size <= 452.000 & total_deductions_by_hh_size > 366.000","ranger",52,19,0.3654,0.2297,29,8,0.2759,0.0339,0.0433,0.686,32,11,0.3438,0.0154,0.0148,0.68
"4+","elderly_disabled_i <=   0.500 & rawben_rel_max >   0.429 & total_deductions_by_hh_size > 374.000 & utilities > 379.000","ranger",57,20,0.3509,0.2227,30,8,0.2667,0.0339,0.0407,0.71,32,10,0.3125,0.014,0.0118,0.68
"4+","expedited_i <=   0.5 & months_since_cert_n >   1.5 & total_deductions_by_hh_size > 490.0","ranger",27,11,0.4074,0.2215,9,2,0.2222,0.0085,0.0063,0.213,12,5,0.4167,0.007,0.0044,0.255
"4+","cat_elig >   1.5 & elderly_disabled_i <=   0.5 & HH_size_n <=   4.5 & total_deductions_by_hh_size > 513.0","ranger",12,6,0.5,0.2213,0,0,NA,0,0,0,0,0,NA,0,0,0
"4+","cat_elig >   1.500 & rawben_rel_max <=   0.998 & total_deductions_by_hh_size > 490.000 & utilities > 433.000","ranger",12,6,0.5,0.2213,0,0,NA,0,0,0,0,0,NA,0,0,0
"4+","months_since_cert_n >   0.500 & rawben_rel_max <=   0.998 & total_deductions_by_hh_size > 517.000 & unc_rawben_rel_max <=   0.853","ranger",12,6,0.5,0.2213,5,1,0.2,0.0042,0.0037,0.118,6,2,0.3333,0.0028,0.0013,0.127
"4+","elderly_disabled_i <=   0.5 & months_since_cert_n >   2.5 & shelter_expenses_by_hh_size <= 402.0 & total_deductions_by_hh_size > 350.0","ranger",37,14,0.3784,0.22,24,6,0.25,0.0254,0.0342,0.568,27,9,0.3333,0.0126,0.0125,0.574
"4+","elderly_disabled_i <=   0.5 & months_since_cert_n >   3.5 & total_deductions_by_hh_size > 366.0 & utilities <= 784.0","ranger",37,14,0.3784,0.22,22,6,0.2727,0.0254,0.0313,0.52,26,10,0.3846,0.014,0.0121,0.552
"4+","rawben_rel_max <=   0.998 & shelter_expenses_by_hh_size > 320.000 & total_deductions_by_hh_size > 490.000","ranger",24,10,0.4167,0.22,5,1,0.2,0.0042,0.0037,0.118,6,2,0.3333,0.0028,0.0013,0.127
"4+","HH_size_n <=   4.5 & months_since_cert_n >   6.5 & shelter_expenses_by_hh_size > 122.0 & total_deductions_by_hh_size > 385.0","ranger",21,9,0.4286,0.2187,14,2,0.1429,0.0085,0.0124,0.331,17,5,0.2941,0.007,0.0062,0.361
"4+","elderly_disabled_i >  0.500 & months_since_cert_n <= 13.000 & unc_rawben_rel_max >  0.996 & unc_rawben_rel_max <=  1.000","ranger",21,9,0.4286,0.2187,10,4,0.4,0.0169,0.0133,0.237,10,4,0.4,0.0056,0.0034,0.212
"4+","elderly_disabled_i <=   0.5 & HH_size_n <=   5.5 & total_deductions_by_hh_size > 523.0 & utilities <= 880.0","ranger",15,7,0.4667,0.2185,6,2,0.3333,0.0085,0.0063,0.142,8,4,0.5,0.0056,0.0034,0.17
"4+","months_since_cert_n <=   5.5 & shelter_expenses_by_hh_size > 406.0 & shelter_expenses_by_hh_size <= 417.0 & total_deductions_by_hh_size > 259.0","ranger",15,7,0.4667,0.2185,11,0,0,0,0,0.26,12,1,0.0833,0.0014,6e-04,0.255
"4+","shelter_expenses_by_hh_size <= 448 & total_deductions_by_hh_size > 523","ranger",15,7,0.4667,0.2185,5,1,0.2,0.0042,0.0037,0.118,6,2,0.3333,0.0028,0.0024,0.127
"4+","elderly_disabled_i <=   0.500 & total_deductions_by_hh_size > 374.000 & unc_rawben_rel_max >   0.257 & utilities > 416.000","ranger",51,18,0.3529,0.2184,37,10,0.2703,0.0424,0.0479,0.875,39,12,0.3077,0.0168,0.0137,0.829
"4+","elderly_disabled_i >   0.500 & rawben_rel_max <=   0.998 & total_deductions_by_hh_size <= 366.000 & unc_rawben_rel_max >   0.996","ranger",18,8,0.4444,0.2181,6,5,0.8333,0.0212,0.0163,0.142,6,5,0.8333,0.007,0.0041,0.127
"4+","expedited_i <=   0.500 & rawben_rel_max <=   0.998 & total_deductions_by_hh_size > 516.000 & utilities <= 829.000","ranger",18,8,0.4444,0.2181,4,1,0.25,0.0042,0.0037,0.095,6,3,0.5,0.0042,0.0027,0.127
"4+","expedited_i <=   0.500 & HH_size_n <=  11.500 & rawben_rel_max <=   0.998 & total_deductions_by_hh_size > 490.000","ranger",28,11,0.3929,0.2129,7,1,0.1429,0.0042,0.0037,0.166,9,3,0.3333,0.0042,0.0027,0.191
"4+","expedited_i <=   0.500 & rawben_rel_max <=   0.998 & shelter_expenses_by_hh_size > 102.000 & unc_rawben_rel_max >   0.996","ranger",28,11,0.3929,0.2129,12,5,0.4167,0.0212,0.0152,0.284,12,5,0.4167,0.007,0.0039,0.255
"4+","cat_elig >   0.5 & expedited_i <=   0.5 & total_deductions_by_hh_size > 493.0 & unc_rawben_rel_max <=   1.0","ranger",25,10,0.4,0.2104,7,1,0.1429,0.0042,0.0037,0.166,9,3,0.3333,0.0042,0.0027,0.191
"4+","medical_deductions <=  82.5 & total_deductions_by_hh_size > 490.0 & utilities > 450.0","ranger",25,10,0.4,0.2104,5,1,0.2,0.0042,0.0037,0.118,6,2,0.3333,0.0028,0.0019,0.127
"4+","expedited_i <=   0.5 & months_since_cert_n >   2.5 & shelter_expenses_by_hh_size <= 649.0 & total_deductions_by_hh_size > 385.0","ranger",53,18,0.3396,0.2096,30,5,0.1667,0.0212,0.0258,0.71,36,11,0.3056,0.0154,0.0153,0.765
"4+","percent_abawd <=   0.9 & shelter_expenses_by_hh_size <= 461.0 & total_deductions_by_hh_size > 374.0 & utilities > 498.0","ranger",32,12,0.375,0.2081,19,5,0.2632,0.0212,0.0215,0.449,19,5,0.2632,0.007,0.0055,0.404
"4+","rawben_rel_max >   0.996 & shelter_expenses_by_hh_size > 101.000 & unc_rawben_rel_max <=   0.998","ranger",32,12,0.375,0.2081,14,6,0.4286,0.0254,0.0182,0.331,14,6,0.4286,0.0084,0.0046,0.297
"4+","cat_elig >   0.500 & children_i >   0.500 & total_deductions_by_hh_size > 512.000 & unc_rawben_rel_max <=   0.998","ranger",22,9,0.4091,0.2079,6,1,0.1667,0.0042,0.0037,0.142,8,3,0.375,0.0042,0.0027,0.17
"4+","cat_elig >   0.500 & rawben_rel_max <=   0.998 & total_deductions_by_hh_size > 516.000","ranger",22,9,0.4091,0.2079,6,1,0.1667,0.0042,0.0037,0.142,8,3,0.375,0.0042,0.0027,0.17
"4+","count_divisible_by_100 <=   0.5 & medical_deductions <=  65.0 & total_deductions_by_hh_size > 490.0 & utilities > 450.0","ranger",22,9,0.4091,0.2079,5,1,0.2,0.0042,0.0037,0.118,5,1,0.2,0.0014,9e-04,0.106
"4+","elderly_disabled_i > 0.500 & rawben_rel_max > 0.996 & unc_rawben_rel_max <= 1.000","ranger",22,9,0.4091,0.2079,11,5,0.4545,0.0212,0.0163,0.26,11,5,0.4545,0.007,0.0041,0.234
"4+","expedited_i <=   0.5 & total_deductions_by_hh_size > 517.0 & unc_rawben_rel_max <=   1.0","ranger",22,9,0.4091,0.2079,6,1,0.1667,0.0042,0.0037,0.142,8,3,0.375,0.0042,0.0027,0.17
"4+","married <=   0.5 & total_deductions_by_hh_size > 516.0 & utilities <= 934.0","ranger",22,9,0.4091,0.2079,6,2,0.3333,0.0085,0.0063,0.142,7,3,0.4286,0.0042,0.002,0.149
"4+","months_since_cert_n >   2.500 & rawben_rel_max >   0.391 & shelter_expenses_by_hh_size > 159.000 & total_deductions_by_hh_size > 374.000","ranger",65,21,0.3231,0.2063,34,6,0.1765,0.0254,0.0328,0.804,41,13,0.3171,0.0182,0.0181,0.871
"4+","count_divisible_by_100 <=   1.500 & months_since_cert_n >   1.500 & rawben_rel_max <=   0.998 & total_deductions_by_hh_size > 374.000","ranger",69,22,0.3188,0.2057,41,9,0.2195,0.0381,0.0421,0.97,45,13,0.2889,0.0182,0.0149,0.956
"4+","elderly_disabled_i >   0.500 & rawben_rel_max >   0.996 & rawben_rel_max <=   0.998 & utilities <= 829.000","ranger",19,8,0.4211,0.2055,6,5,0.8333,0.0212,0.0163,0.142,6,5,0.8333,0.007,0.0041,0.127
"4+","elderly_disabled_i <=   0.500 & rawben_rel_max >   0.516 & rawben_rel_max <=   0.795 & total_deductions_by_hh_size > 366.000","ranger",29,11,0.3793,0.205,23,3,0.1304,0.0127,0.0195,0.544,26,6,0.2308,0.0084,0.0077,0.552
"4+","married <=   0.500 & months_since_cert_n <=  17.500 & rawben_rel_max <=   0.998 & total_deductions_by_hh_size > 487.000","ranger",29,11,0.3793,0.205,7,1,0.1429,0.0042,0.0037,0.166,8,2,0.25,0.0028,0.0013,0.17
"4+","medical_deductions <=   5.5000 & total_deductions_by_hh_size > 490.0000 & unc_rawben_rel_max >   0.0238 & unc_rawben_rel_max <=   1.0000","ranger",29,11,0.3793,0.205,7,1,0.1429,0.0042,0.0037,0.166,9,3,0.3333,0.0042,0.0027,0.191
"4+","shelter_expenses_by_hh_size <= 464.000 & total_deductions_by_hh_size > 374.000 & unc_rawben_rel_max <=   0.998 & utilities >  28.000","ranger",58,19,0.3276,0.2044,29,9,0.3103,0.0381,0.0456,0.686,33,13,0.3939,0.0182,0.0158,0.701
"4+","elderly_disabled_i <=   0.500 & rawben_rel_max <=   0.998 & total_deductions_by_hh_size > 366.000 & unc_rawben_rel_max >   0.567","ranger",47,16,0.3404,0.2038,26,6,0.2308,0.0254,0.0328,0.615,30,10,0.3333,0.014,0.0125,0.637
"4+","elderly_disabled_i >   0.5 & shelter_expenses_by_hh_size > 169.0 & utilities > 829.0 & utilities <= 847.0","ranger",10,5,0.5,0.2037,0,0,NA,0,0,0,0,0,NA,0,0,0
"4+","cat_elig > 1.500 & count_divisible_by_100 <= 0.500 & unc_rawben_rel_max > 0.994 & unc_rawben_rel_max <= 1.000","ranger",16,7,0.4375,0.2034,3,0,0,0,0,0.071,3,0,0,0,0,0.064
"4+","cat_elig > 1.500 & rawben_rel_max <= 0.999 & unc_rawben_rel_max > 0.994","ranger",16,7,0.4375,0.2034,3,0,0,0,0,0.071,3,0,0,0,0,0.064
"4+","months_since_cert_n > 4.500 & rawben_rel_max <= 0.998 & unc_rawben_rel_max > 0.996","ranger",16,7,0.4375,0.2034,7,4,0.5714,0.0169,0.0113,0.166,7,4,0.5714,0.0056,0.0029,0.149
"4+","expedited_i <=   0.500 & months_since_cert_n >   2.500 & rawben_rel_max >   0.429 & total_deductions_by_hh_size > 366.000","ranger",66,21,0.3182,0.203,36,6,0.1667,0.0254,0.0328,0.852,43,13,0.3023,0.0182,0.0181,0.914
"4+","HH_size_n <=   5.500 & rawben_rel_max <=   0.998 & total_deductions_by_hh_size > 152.000 & unc_rawben_rel_max >   0.996","ranger",13,6,0.4615,0.2024,9,4,0.4444,0.0169,0.0133,0.213,9,4,0.4444,0.0056,0.0034,0.191
"4+","HH_size_n > 4.500 & percent_abawd <= 0.100 & unc_rawben_rel_max > 0.997 & unc_rawben_rel_max <= 1.000","ranger",13,6,0.4615,0.2024,10,1,0.1,0.0042,0.0019,0.237,10,1,0.1,0.0014,5e-04,0.212
"4+","unc_rawben_rel_max >   0.995 & unc_rawben_rel_max <=   0.998 & utilities > 286.000 & utilities <= 433.000","ranger",13,6,0.4615,0.2024,2,1,0.5,0.0042,0.005,0.047,2,1,0.5,0.0014,0.0013,0.042
"4+","months_since_cert_n >=   3 & shelter_expenses_by_hh_size < 464 & total_deductions_by_hh_size >= 334 & utilities < 792","xgboost",59,19,0.322,0.2007,40,7,0.175,0.0297,0.035,0.946,46,13,0.2826,0.0182,0.014,0.977
"4+","medical_deductions <=  65.000 & months_since_cert_n >   2.500 & rawben_rel_max >   0.536 & total_deductions_by_hh_size > 385.000","ranger",44,15,0.3409,0.2005,27,3,0.1111,0.0127,0.0184,0.639,33,9,0.2727,0.0126,0.0126,0.701
