"arm","state","budget","f_min","n_rules_core","n_rules_total","used_completion","window_redone","baseline_redone","walk_depth","base_precision","rewalk_precision","precision_diff","base_errors","rewalk_errors","base_dollar_recall_unw","rewalk_dollar_recall_unw","dollar_recall_unw_diff","base_dollar_recall_wtd","rewalk_dollar_recall_wtd","dollar_recall_wtd_diff","base_flagged_share","rewalk_flagged_share","fill_rate"
"era2","Alabama",5,0.25,58,128,FALSE,FALSE,FALSE,2843,0.178571428571429,0.2,0.0214285714285714,5,5,0.0671956609079952,0.0671956609079952,0,0.0711739949048192,0.0711739949048192,0,0.0290155440414508,0.0259067357512953,0.518134715025907
"era2","Alabama",5,0.4,54,119,FALSE,FALSE,FALSE,3488,0.178571428571429,0.2,0.0214285714285714,5,5,0.0671956609079952,0.0671956609079952,0,0.0711739949048192,0.0711739949048192,0,0.0290155440414508,0.0259067357512953,0.518134715025907
"era2","Alabama",5,0.5,53,124,FALSE,FALSE,FALSE,3772,0.178571428571429,0.2,0.0214285714285714,5,5,0.0671956609079952,0.0671956609079952,0,0.0711739949048192,0.0711739949048192,0,0.0290155440414508,0.0259067357512953,0.518134715025907
"era2","Alabama",5,0.55,47,116,FALSE,FALSE,FALSE,4247,0.178571428571429,0.173913043478261,-0.00465838509316771,5,4,0.0671956609079952,0.0400763358778626,-0.0271193250301326,0.0711739949048192,0.0348485578687007,-0.0363254370361186,0.0290155440414508,0.0238341968911917,0.476683937823834
"era2","Alabama",5,0.6,47,107,FALSE,FALSE,FALSE,4208,0.178571428571429,0.173913043478261,-0.00465838509316771,5,4,0.0671956609079952,0.0400763358778626,-0.0271193250301326,0.0711739949048192,0.0348485578687007,-0.0363254370361186,0.0290155440414508,0.0238341968911917,0.476683937823834
"era2","Alabama",5,0.65,48,99,FALSE,FALSE,FALSE,3684,0.178571428571429,0.166666666666667,-0.0119047619047619,5,4,0.0671956609079952,0.0400763358778626,-0.0271193250301326,0.0711739949048192,0.0348485578687007,-0.0363254370361186,0.0290155440414508,0.0248704663212435,0.49740932642487
"era2","Alabama",5,0.7,49,113,FALSE,FALSE,FALSE,4757,0.178571428571429,0.153846153846154,-0.0247252747252747,5,4,0.0671956609079952,0.0400763358778626,-0.0271193250301326,0.0711739949048192,0.0348485578687007,-0.0363254370361186,0.0290155440414508,0.0269430051813472,0.538860103626943
"era2","Alabama",5,0.75,48,115,FALSE,FALSE,FALSE,5374,0.178571428571429,0.2,0.0214285714285714,5,6,0.0671956609079952,0.0891924467657694,0.0219967858577742,0.0711739949048192,0.0752871091637342,0.00411311425891497,0.0290155440414508,0.0310880829015544,0.621761658031088
"era2","Alabama",10,0.25,101,219,FALSE,FALSE,FALSE,6886,0.206896551724138,0.210526315789474,0.00362976406533574,12,12,0.166030534351145,0.195962233828847,0.0299316994777019,0.158475471759085,0.187750723653342,0.0292752518942562,0.0601036269430052,0.0590673575129534,0.590673575129534
"era2","Alabama",10,0.4,89,204,FALSE,FALSE,FALSE,9192,0.206896551724138,0.203703703703704,-0.00319284802043424,12,11,0.166030534351145,0.153475291281639,-0.0125552430695058,0.158475471759085,0.144922738253477,-0.0135527335056086,0.0601036269430052,0.0559585492227979,0.559585492227979
"era2","Alabama",10,0.5,86,210,FALSE,TRUE,FALSE,12807,0.206896551724138,0.211538461538462,0.00464190981432361,12,11,0.166030534351145,0.153475291281639,-0.0125552430695058,0.158475471759085,0.144922738253477,-0.0135527335056086,0.0601036269430052,0.0538860103626943,0.538860103626943
"era2","Alabama",10,0.55,76,191,FALSE,TRUE,FALSE,13698,0.206896551724138,0.206896551724138,0,12,12,0.166030534351145,0.137304138208116,-0.0287263961430293,0.158475471759085,0.117659775976166,-0.0408156957829195,0.0601036269430052,0.0601036269430052,0.601036269430052
"era2","Alabama",10,0.6,84,191,FALSE,TRUE,FALSE,14545,0.206896551724138,0.196078431372549,-0.0108181203515889,12,10,0.166030534351145,0.126355966251507,-0.0396745680996384,0.158475471759085,0.108597301217358,-0.0498781705417272,0.0601036269430052,0.0528497409326425,0.528497409326425
"era2","Alabama",10,0.65,84,196,FALSE,TRUE,FALSE,19777,0.206896551724138,0.215686274509804,0.008789722785666,12,11,0.166030534351145,0.131076737645641,-0.0349537967055042,0.158475471759085,0.113376262133197,-0.0450992096258887,0.0601036269430052,0.0528497409326425,0.528497409326425
"era2","Alabama",10,0.7,82,206,FALSE,TRUE,FALSE,22188,0.206896551724138,0.220338983050847,0.0134424313267095,12,13,0.166030534351145,0.153575733226195,-0.0124548011249498,0.158475471759085,0.13991339994078,-0.0185620718183056,0.0601036269430052,0.061139896373057,0.61139896373057
"era2","Alabama",10,0.75,74,215,FALSE,TRUE,FALSE,25718,0.206896551724138,0.245283018867925,0.0383864671437866,12,13,0.166030534351145,0.199979911611089,0.0339493772599438,0.158475471759085,0.189399768125427,0.0309242963663413,0.0601036269430052,0.0549222797927461,0.549222797927461
"era2","Arizona",5,0.25,45,100,FALSE,FALSE,FALSE,2792,0.233333333333333,0.233333333333333,0,7,7,0.156510244547257,0.156510244547257,0,0.154086071756111,0.154086071756111,0,0.0391134289439374,0.0391134289439374,0.782268578878748
"era2","Arizona",5,0.4,41,93,FALSE,FALSE,FALSE,3337,0.233333333333333,0.275862068965517,0.0425287356321839,7,8,0.156510244547257,0.152676801057502,-0.00383344348975545,0.154086071756111,0.148358317374528,-0.00572775438158316,0.0391134289439374,0.0378096479791395,0.75619295958279
"era2","Arizona",5,0.5,40,95,FALSE,FALSE,FALSE,3466,0.233333333333333,0.296296296296296,0.0629629629629629,7,8,0.156510244547257,0.162326503635162,0.00581625908790484,0.154086071756111,0.159858111255176,0.00577203949906527,0.0391134289439374,0.0352020860495437,0.704041720990873
"era2","Arizona",5,0.55,38,78,FALSE,FALSE,FALSE,3684,0.233333333333333,0.241379310344828,0.00804597701149426,7,7,0.156510244547257,0.119233311302049,-0.0372769332452082,0.154086071756111,0.110289195104127,-0.0437968766519834,0.0391134289439374,0.0378096479791395,0.75619295958279
"era2","Arizona",5,0.6,38,80,FALSE,FALSE,FALSE,3748,0.233333333333333,0.233333333333333,0,7,7,0.156510244547257,0.119233311302049,-0.0372769332452082,0.154086071756111,0.110289195104127,-0.0437968766519834,0.0391134289439374,0.0391134289439374,0.782268578878748
"era2","Arizona",5,0.65,43,81,FALSE,FALSE,FALSE,4000,0.233333333333333,0.205882352941176,-0.0274509803921569,7,7,0.156510244547257,0.128883013879709,-0.0276272306675479,0.154086071756111,0.121788988984776,-0.032297082771335,0.0391134289439374,0.0443285528031291,0.886571056062581
"era2","Arizona",5,0.7,39,86,FALSE,FALSE,FALSE,4767,0.233333333333333,0.269230769230769,0.0358974358974359,7,7,0.156510244547257,0.128883013879709,-0.0276272306675479,0.154086071756111,0.121788988984776,-0.032297082771335,0.0391134289439374,0.0338983050847458,0.677966101694915
"era2","Arizona",5,0.75,39,87,FALSE,FALSE,FALSE,4941,0.233333333333333,0.269230769230769,0.0358974358974359,7,7,0.156510244547257,0.128883013879709,-0.0276272306675479,0.154086071756111,0.121788988984776,-0.032297082771335,0.0391134289439374,0.0338983050847458,0.677966101694915
"era2","Arizona",10,0.25,76,173,FALSE,FALSE,FALSE,6193,0.173076923076923,0.176470588235294,0.00339366515837106,9,9,0.178982154659617,0.178982154659617,0,0.177002619284148,0.177002619284148,0,0.0677966101694915,0.0664928292046936,0.664928292046936
"era2","Arizona",10,0.4,72,156,FALSE,FALSE,FALSE,8155,0.173076923076923,0.185185185185185,0.0121082621082621,9,10,0.178982154659617,0.197752808988764,0.0187706543291474,0.177002619284148,0.185646345837406,0.00864372655325887,0.0677966101694915,0.0704041720990874,0.704041720990873
"era2","Arizona",10,0.5,73,159,FALSE,FALSE,FALSE,8522,0.173076923076923,0.226415094339623,0.0533381712626996,9,12,0.178982154659617,0.22207534699273,0.043093192333113,0.177002619284148,0.211684501097628,0.0346818818134804,0.0677966101694915,0.0691003911342894,0.691003911342894
"era2","Arizona",10,0.55,56,142,FALSE,FALSE,FALSE,11511,0.173076923076923,0.155172413793103,-0.0179045092838196,9,9,0.178982154659617,0.146860541969597,-0.0321216126900198,0.177002619284148,0.139111937327468,-0.037890681956679,0.0677966101694915,0.075619295958279,0.75619295958279
"era2","Arizona",10,0.6,58,154,FALSE,TRUE,FALSE,13478,0.173076923076923,0.180327868852459,0.00725094577553595,9,11,0.178982154659617,0.161533377395902,-0.0174487772637145,0.177002619284148,0.153650298707042,-0.0233523205771059,0.0677966101694915,0.0795306388526728,0.795306388526728
"era2","Arizona",10,0.65,61,154,FALSE,TRUE,FALSE,16231,0.173076923076923,0.183333333333333,0.0102564102564102,9,11,0.178982154659617,0.171183079973562,-0.00779907468605417,0.177002619284148,0.16515009258769,-0.0118525266964575,0.0677966101694915,0.0782268578878748,0.782268578878748
"era2","Arizona",10,0.7,58,159,FALSE,TRUE,FALSE,18740,0.173076923076923,0.192982456140351,0.0199055330634278,9,11,0.178982154659617,0.171183079973562,-0.00779907468605417,0.177002619284148,0.16515009258769,-0.0118525266964575,0.0677966101694915,0.0743155149934811,0.743155149934811
"era2","Arizona",10,0.75,61,188,FALSE,TRUE,FALSE,22099,0.173076923076923,0.206896551724138,0.0338196286472149,9,12,0.178982154659617,0.177131526768011,-0.00185062789160606,0.177002619284148,0.171173829338891,-0.00582878994525624,0.0677966101694915,0.075619295958279,0.75619295958279
"era2","Arkansas",5,0.25,49,113,FALSE,FALSE,FALSE,3319,0.0967741935483871,0.0967741935483871,0,3,3,0.0463812436289501,0.0463812436289501,0,0.0368898243979364,0.0368898243979364,0,0.035632183908046,0.035632183908046,0.712643678160919
"era2","Arkansas",5,0.4,45,102,FALSE,FALSE,FALSE,3428,0.0967741935483871,0.09375,-0.00302419354838709,3,3,0.0463812436289501,0.0463812436289501,0,0.0368898243979364,0.0368898243979364,0,0.035632183908046,0.0367816091954023,0.735632183908046
"era2","Arkansas",5,0.5,45,103,FALSE,FALSE,FALSE,3457,0.0967741935483871,0.09375,-0.00302419354838709,3,3,0.0463812436289501,0.0463812436289501,0,0.0368898243979364,0.0368898243979364,0,0.035632183908046,0.0367816091954023,0.735632183908046
"era2","Arkansas",5,0.55,39,103,FALSE,FALSE,FALSE,4656,0.0967741935483871,0.133333333333333,0.0365591397849462,3,4,0.0463812436289501,0.0949711179068977,0.0485898742779477,0.0368898243979364,0.102275352721631,0.0653855283236941,0.035632183908046,0.0344827586206897,0.689655172413793
"era2","Arkansas",5,0.6,42,107,FALSE,FALSE,FALSE,4776,0.0967741935483871,0.114285714285714,0.0175115207373272,3,4,0.0463812436289501,0.0949711179068977,0.0485898742779477,0.0368898243979364,0.102275352721631,0.0653855283236941,0.035632183908046,0.0402298850574713,0.804597701149425
"era2","Arkansas",5,0.65,45,107,FALSE,FALSE,FALSE,5453,0.0967741935483871,0.114285714285714,0.0175115207373272,3,4,0.0463812436289501,0.081719334012912,0.0353380903839619,0.0368898243979364,0.099806483927991,0.0629166595300546,0.035632183908046,0.0402298850574713,0.804597701149425
"era2","Arkansas",5,0.7,39,107,FALSE,FALSE,FALSE,5811,0.0967741935483871,0.111111111111111,0.014336917562724,3,3,0.0463812436289501,0.0650696568127761,0.018688413183826,0.0368898243979364,0.0836262655112564,0.04673644111332,0.035632183908046,0.0310344827586207,0.620689655172414
"era2","Arkansas",5,0.75,39,119,FALSE,FALSE,FALSE,6435,0.0967741935483871,0.111111111111111,0.014336917562724,3,3,0.0463812436289501,0.0650696568127761,0.018688413183826,0.0368898243979364,0.0836262655112564,0.04673644111332,0.035632183908046,0.0310344827586207,0.620689655172414
"era2","Arkansas",10,0.25,88,202,FALSE,FALSE,FALSE,8833,0.193181818181818,0.195402298850575,0.00222048066875655,17,17,0.297485558953449,0.297485558953449,0,0.292900129973293,0.292900129973293,0,0.101149425287356,0.1,1
"era2","Arkansas",10,0.4,82,179,FALSE,FALSE,FALSE,10635,0.193181818181818,0.230769230769231,0.0375874125874126,17,18,0.297485558953449,0.307509344206592,0.0100237852531431,0.292900129973293,0.308936675,0.0160365450267076,0.101149425287356,0.0896551724137931,0.896551724137931
"era2","Arkansas",10,0.5,82,216,FALSE,TRUE,FALSE,13652,0.193181818181818,0.233766233766234,0.0405844155844156,17,18,0.297485558953449,0.307509344206592,0.0100237852531431,0.292900129973293,0.308936675,0.0160365450267076,0.101149425287356,0.0885057471264368,0.885057471264368
"era2","Arkansas",10,0.55,66,190,FALSE,TRUE,FALSE,19620,0.193181818181818,0.194444444444444,0.00126262626262627,17,14,0.297485558953449,0.248895684675501,-0.0485898742779477,0.292900129973293,0.255079102545069,-0.0378210274282234,0.101149425287356,0.0827586206896552,0.827586206896552
"era2","Arkansas",10,0.6,68,188,FALSE,TRUE,FALSE,18211,0.193181818181818,0.191780821917808,-0.00140099626400997,17,14,0.297485558953449,0.248895684675501,-0.0485898742779477,0.292900129973293,0.255079102545069,-0.0378210274282234,0.101149425287356,0.0839080459770115,0.839080459770115
"era2","Arkansas",10,0.65,70,195,FALSE,TRUE,FALSE,19948,0.193181818181818,0.161764705882353,-0.0314171122994652,17,11,0.297485558953449,0.216106014271152,-0.081379544682297,0.292900129973293,0.217120076560144,-0.0757800534131485,0.101149425287356,0.0781609195402299,0.781609195402299
"era2","Arkansas",10,0.7,64,204,FALSE,TRUE,FALSE,22086,0.193181818181818,0.228571428571429,0.0353896103896104,17,16,0.297485558953449,0.276418620455318,-0.0210669384981312,0.292900129973293,0.283563501042514,-0.00933662893077841,0.101149425287356,0.0804597701149425,0.804597701149425
"era2","Arkansas",10,0.75,73,210,FALSE,TRUE,FALSE,23691,0.193181818181818,0.253731343283582,0.0605495251017639,17,17,0.297485558953449,0.306320081549439,0.00883452259599049,0.292900129973293,0.309362320053438,0.0164621900801452,0.101149425287356,0.0770114942528736,0.770114942528736
"era2","California",5,0.25,38,117,FALSE,FALSE,FALSE,2687,0.222222222222222,0.177777777777778,-0.0444444444444444,10,8,0.180206149545772,0.152341020265549,-0.0278651292802236,0.203308751163487,0.17720166544735,-0.0261070857161368,0.0540216086434574,0.0540216086434574,1.08043217286915
"era2","California",5,0.4,38,101,FALSE,FALSE,FALSE,2760,0.222222222222222,0.196078431372549,-0.0261437908496732,10,10,0.180206149545772,0.177585604472397,-0.00262054507337525,0.203308751163487,0.219873382012093,0.0165646308486065,0.0540216086434574,0.0612244897959184,1.22448979591837
"era2","California",5,0.5,40,109,FALSE,FALSE,FALSE,3254,0.222222222222222,0.255813953488372,0.0335917312661499,10,11,0.180206149545772,0.179157931516422,-0.0010482180293501,0.203308751163487,0.225563372211659,0.0222546210481722,0.0540216086434574,0.0516206482593037,1.03241296518607
"era2","California",5,0.55,39,99,FALSE,FALSE,FALSE,3818,0.222222222222222,0.230769230769231,0.00854700854700857,10,12,0.180206149545772,0.188155136268344,0.00794898672257163,0.203308751163487,0.234630751426602,0.031322000263115,0.0540216086434574,0.0624249699879952,1.2484993997599
"era2","California",5,0.6,40,101,FALSE,FALSE,FALSE,3868,0.222222222222222,0.235294117647059,0.0130718954248366,10,12,0.180206149545772,0.188155136268344,0.00794898672257163,0.203308751163487,0.234630751426602,0.031322000263115,0.0540216086434574,0.0612244897959184,1.22448979591837
"era2","California",5,0.65,43,92,FALSE,FALSE,FALSE,3795,0.222222222222222,0.317073170731707,0.0948509485094851,10,13,0.180206149545772,0.204227812718379,0.0240216631726066,0.203308751163487,0.245241329179905,0.0419325780164185,0.0540216086434574,0.0492196878751501,0.984393757503001
"era2","California",5,0.7,44,102,FALSE,FALSE,FALSE,4499,0.222222222222222,0.325,0.102777777777778,10,13,0.180206149545772,0.204227812718379,0.0240216631726066,0.203308751163487,0.245241329179905,0.0419325780164185,0.0540216086434574,0.0480192076830732,0.960384153661465
"era2","California",5,0.75,44,96,FALSE,FALSE,FALSE,4369,0.222222222222222,0.325,0.102777777777778,10,13,0.180206149545772,0.204227812718379,0.0240216631726066,0.203308751163487,0.245241329179905,0.0419325780164185,0.0540216086434574,0.0480192076830732,0.960384153661465
"era2","California",10,0.25,87,177,FALSE,FALSE,FALSE,5207,0.253012048192771,0.233766233766234,-0.0192458144265373,21,18,0.29559748427673,0.263888888888889,-0.0317085953878407,0.325275188771649,0.293698080024895,-0.0315771087467546,0.099639855942377,0.092436974789916,0.92436974789916
"era2","California",10,0.4,75,181,FALSE,FALSE,FALSE,7129,0.253012048192771,0.230769230769231,-0.0222428174235403,21,18,0.29559748427673,0.259783368273934,-0.0358141160027952,0.325275188771649,0.292607823199717,-0.0326673655719325,0.099639855942377,0.0936374549819928,0.936374549819928
"era2","California",10,0.5,79,188,FALSE,FALSE,FALSE,8220,0.253012048192771,0.232876712328767,-0.020135335864004,21,17,0.29559748427673,0.230870020964361,-0.0647274633123689,0.325275188771649,0.277238216943616,-0.0480369718280334,0.099639855942377,0.0876350540216086,0.876350540216086
"era2","California",10,0.55,74,161,FALSE,FALSE,FALSE,9586,0.253012048192771,0.2125,-0.0405120481927711,21,17,0.29559748427673,0.235761705101328,-0.0598357791754018,0.325275188771649,0.267339242478917,-0.057935946292732,0.099639855942377,0.0960384153661465,0.960384153661465
"era2","California",10,0.6,75,164,FALSE,FALSE,FALSE,10078,0.253012048192771,0.215189873417722,-0.0378221747750495,21,17,0.29559748427673,0.238556953179595,-0.0570405310971349,0.325275188771649,0.27872256449948,-0.0465526242721697,0.099639855942377,0.0948379351740696,0.948379351740696
"era2","California",10,0.65,76,178,FALSE,TRUE,FALSE,13941,0.253012048192771,0.243243243243243,-0.00976880494952781,21,18,0.29559748427673,0.286250873515024,-0.00934661076170507,0.325275188771649,0.300416622383309,-0.0248585663883399,0.099639855942377,0.0888355342136855,0.888355342136855
"era2","California",10,0.7,78,187,FALSE,TRUE,FALSE,17975,0.253012048192771,0.233766233766234,-0.0192458144265373,21,18,0.29559748427673,0.291754018169113,-0.00384346610761704,0.325275188771649,0.309540948144984,-0.015734240626665,0.099639855942377,0.092436974789916,0.92436974789916
"era2","California",10,0.75,82,196,FALSE,TRUE,FALSE,20021,0.253012048192771,0.25974025974026,0.00672821154748865,21,20,0.29559748427673,0.324685534591195,0.0290880503144654,0.325275188771649,0.340578503688022,0.0153033149163732,0.099639855942377,0.092436974789916,0.92436974789916
"era2","Colorado",5,0.25,45,116,FALSE,FALSE,FALSE,3074,0.238095238095238,0.263157894736842,0.025062656641604,10,10,0.0985633434915107,0.0985633434915107,0,0.0999660984749039,0.0999660984749039,0,0.0546163849154746,0.0494148244473342,0.988296488946684
"era2","Colorado",5,0.4,39,105,FALSE,FALSE,FALSE,3457,0.238095238095238,0.244897959183673,0.00680272108843538,10,12,0.0985633434915107,0.11719634305616,0.0186329995646495,0.0999660984749039,0.116806715892002,0.0168406174170977,0.0546163849154746,0.0637191157347204,1.27438231469441
"era2","Colorado",5,0.5,40,108,FALSE,FALSE,FALSE,3739,0.238095238095238,0.285714285714286,0.0476190476190476,10,10,0.0985633434915107,0.0945581192860253,-0.00400522420548541,0.0999660984749039,0.0964843819062804,-0.00348171656862353,0.0546163849154746,0.0455136540962289,0.910273081924577
"era2","Colorado",5,0.55,35,88,FALSE,FALSE,FALSE,3868,0.238095238095238,0.277777777777778,0.0396825396825397,10,10,0.0985633434915107,0.0945581192860253,-0.00400522420548541,0.0999660984749039,0.0964843819062804,-0.00348171656862353,0.0546163849154746,0.046814044213264,0.93628088426528
"era2","Colorado",5,0.6,35,96,FALSE,FALSE,FALSE,4341,0.238095238095238,0.277777777777778,0.0396825396825397,10,10,0.0985633434915107,0.0945581192860253,-0.00400522420548541,0.0999660984749039,0.0964843819062804,-0.00348171656862353,0.0546163849154746,0.046814044213264,0.93628088426528
"era2","Colorado",5,0.65,38,97,FALSE,FALSE,FALSE,4341,0.238095238095238,0.289473684210526,0.0513784461152882,10,11,0.0985633434915107,0.111710927296474,0.013147583804963,0.0999660984749039,0.11228700628056,0.0123209078056557,0.0546163849154746,0.0494148244473342,0.988296488946684
"era2","Colorado",5,0.7,39,97,FALSE,FALSE,FALSE,4725,0.238095238095238,0.25,0.0119047619047619,10,11,0.0985633434915107,0.111710927296474,0.013147583804963,0.0999660984749039,0.11228700628056,0.0123209078056557,0.0546163849154746,0.0572171651495449,1.1443433029909
"era2","Colorado",5,0.75,39,98,FALSE,FALSE,FALSE,4657,0.238095238095238,0.25,0.0119047619047619,10,11,0.0985633434915107,0.111710927296474,0.013147583804963,0.0999660984749039,0.11228700628056,0.0123209078056557,0.0546163849154746,0.0572171651495449,1.1443433029909
"era2","Colorado",10,0.25,81,199,FALSE,FALSE,FALSE,6439,0.22972972972973,0.260869565217391,0.0311398354876616,17,18,0.156726164562473,0.167087505441881,0.0103613408794079,0.158477207503649,0.167641371068959,0.00916416356531013,0.0962288686605982,0.0897269180754226,0.897269180754226
"era2","Colorado",10,0.4,73,176,FALSE,FALSE,FALSE,8795,0.22972972972973,0.233766233766234,0.00403650403650402,17,18,0.156726164562473,0.172747061384414,0.0160208968219417,0.158477207503649,0.170229778222715,0.0117525707190665,0.0962288686605982,0.100130039011704,1.00130039011704
"era2","Colorado",10,0.5,75,188,FALSE,FALSE,FALSE,10146,0.22972972972973,0.25,0.0202702702702703,17,15,0.156726164562473,0.143926861123204,-0.0127993034392686,0.158477207503649,0.143298623127814,-0.0151785843758349,0.0962288686605982,0.0780234070221066,0.780234070221066
"era2","Colorado",10,0.55,64,158,FALSE,FALSE,FALSE,11588,0.22972972972973,0.278688524590164,0.0489587948604342,17,17,0.156726164562473,0.169699608184589,0.0129734436221158,0.158477207503649,0.1765837953264,0.0181065878227515,0.0962288686605982,0.0793237971391417,0.793237971391417
"era2","Colorado",10,0.6,64,152,FALSE,TRUE,FALSE,12371,0.22972972972973,0.278688524590164,0.0489587948604342,17,17,0.156726164562473,0.169699608184589,0.0129734436221158,0.158477207503649,0.1765837953264,0.0181065878227515,0.0962288686605982,0.0793237971391417,0.793237971391417
"era2","Colorado",10,0.65,75,181,FALSE,TRUE,FALSE,17712,0.22972972972973,0.264705882352941,0.0349761526232114,17,18,0.156726164562473,0.184066173269482,0.0273400087070091,0.158477207503649,0.191771934987077,0.0332947274834287,0.0962288686605982,0.0884265279583875,0.884265279583875
"era2","Colorado",10,0.7,67,174,FALSE,TRUE,FALSE,18060,0.22972972972973,0.22972972972973,0,17,17,0.156726164562473,0.171092729647366,0.0143665650848933,0.158477207503649,0.180812328064282,0.0223351205606332,0.0962288686605982,0.0962288686605982,0.962288686605982
"era2","Colorado",10,0.75,67,205,FALSE,TRUE,FALSE,22927,0.22972972972973,0.22972972972973,0,17,17,0.156726164562473,0.171092729647366,0.0143665650848933,0.158477207503649,0.180812328064282,0.0223351205606332,0.0962288686605982,0.0962288686605982,0.962288686605982
"era2","Connecticut",5,0.25,33,94,FALSE,FALSE,FALSE,2382,0.225,0.277777777777778,0.0527777777777778,9,10,0.101028488213343,0.113588786747975,0.0125602985346318,0.106248837576261,0.116842498794379,0.0105936612181182,0.0482509047044632,0.0434258142340169,0.868516284680338
"era2","Connecticut",5,0.4,29,86,FALSE,FALSE,FALSE,2529,0.225,0.25,0.025,9,10,0.101028488213343,0.113588786747975,0.0125602985346318,0.106248837576261,0.116842498794379,0.0105936612181182,0.0482509047044632,0.0482509047044632,0.965018094089264
"era2","Connecticut",5,0.5,35,101,FALSE,FALSE,FALSE,3451,0.225,0.289473684210526,0.0644736842105263,9,11,0.101028488213343,0.140893783562392,0.0398652953490489,0.106248837576261,0.143846693682458,0.0375978561061973,0.0482509047044632,0.04583835946924,0.916767189384801
"era2","Connecticut",5,0.55,29,78,FALSE,FALSE,FALSE,3307,0.225,0.244897959183673,0.0198979591836735,9,12,0.101028488213343,0.15409119868936,0.0530627104760171,0.106248837576261,0.158379628134563,0.052130790558303,0.0482509047044632,0.0591073582629674,1.18214716525935
"era2","Connecticut",5,0.6,31,82,FALSE,FALSE,FALSE,3515,0.225,0.244444444444444,0.0194444444444444,9,11,0.101028488213343,0.137981250568854,0.0369527623555111,0.106248837576261,0.145092188160099,0.0388433505838383,0.0482509047044632,0.0542822677925211,1.08564535585042
"era2","Connecticut",5,0.65,32,82,FALSE,FALSE,FALSE,3318,0.225,0.24,0.015,9,12,0.101028488213343,0.15409119868936,0.0530627104760171,0.106248837576261,0.158379628130889,0.0521307905546285,0.0482509047044632,0.060313630880579,1.20627261761158
"era2","Connecticut",5,0.7,35,87,FALSE,FALSE,FALSE,4369,0.225,0.25531914893617,0.0303191489361702,9,12,0.101028488213343,0.152725948848639,0.0516974606352963,0.106248837576261,0.157528225246959,0.0512793876706983,0.0482509047044632,0.0566948130277443,1.13389626055489
"era2","Connecticut",5,0.75,36,98,FALSE,FALSE,FALSE,5526,0.225,0.25,0.025,9,12,0.101028488213343,0.152725948848639,0.0516974606352963,0.106248837576261,0.157528225246959,0.0512793876706983,0.0482509047044632,0.0579010856453559,1.15802171290712
"era2","Connecticut",10,0.25,70,173,FALSE,FALSE,FALSE,5156,0.197674418604651,0.224719101123595,0.0270446825189443,17,20,0.219987257668153,0.243924638208792,0.0239373805406389,0.219745783679572,0.23968759404007,0.0199418103604979,0.103739445114596,0.107358262967431,1.07358262967431
"era2","Connecticut",10,0.4,67,149,FALSE,FALSE,FALSE,5872,0.197674418604651,0.213483146067416,0.0158087274627646,17,19,0.219987257668153,0.229908073177391,0.00992081550923818,0.219745783679572,0.22311044715001,0.0033646634704376,0.103739445114596,0.107358262967431,1.07358262967431
"era2","Connecticut",10,0.5,66,167,FALSE,FALSE,FALSE,9951,0.197674418604651,0.25,0.0523255813953488,17,20,0.219987257668153,0.243924638208792,0.0239373805406389,0.219745783679572,0.23968759404007,0.0199418103604979,0.103739445114596,0.0965018094089264,0.965018094089264
"era2","Connecticut",10,0.55,52,147,FALSE,FALSE,FALSE,11182,0.197674418604651,0.253164556962025,0.0554901383573742,17,20,0.219987257668153,0.259215436424866,0.0392281787567125,0.219745783679572,0.257333711869701,0.0375879281901286,0.103739445114596,0.0952955367913148,0.952955367913148
"era2","Connecticut",10,0.6,54,156,FALSE,TRUE,FALSE,14643,0.197674418604651,0.256756756756757,0.0590823381521056,17,19,0.219987257668153,0.234549922635842,0.0145626649676891,0.219745783679572,0.236703396060627,0.0169576123810542,0.103739445114596,0.0892641737032569,0.892641737032569
"era2","Connecticut",10,0.65,61,175,FALSE,TRUE,FALSE,19128,0.197674418604651,0.256756756756757,0.0590823381521056,17,19,0.219987257668153,0.236461272412852,0.0164740147446983,0.219745783679572,0.239407657347833,0.0196618736682607,0.103739445114596,0.0892641737032569,0.892641737032569
"era2","Connecticut",10,0.7,59,142,FALSE,TRUE,FALSE,12579,0.197674418604651,0.294117647058824,0.0964432284541724,17,20,0.219987257668153,0.251570037316829,0.0315827796486757,0.219745783679572,0.253031626940024,0.0332858432604518,0.103739445114596,0.0820265379975875,0.820265379975874
"era2","Connecticut",10,0.75,58,192,FALSE,TRUE,FALSE,24035,0.197674418604651,0.279411764705882,0.0817373461012312,17,19,0.219987257668153,0.246018021297898,0.0260307636297442,0.219745783679572,0.246414003561042,0.0266682198814695,0.103739445114596,0.0820265379975875,0.820265379975874
"era2","Delaware",5,0.25,27,70,FALSE,FALSE,FALSE,2030,0.263157894736842,0.294117647058824,0.0309597523219814,5,5,0.0689783743475019,0.0689783743475019,0,0.0788266433498723,0.0788266433498723,0,0.0435779816513761,0.0389908256880734,0.779816513761468
"era2","Delaware",5,0.4,23,53,FALSE,FALSE,FALSE,1941,0.263157894736842,0.277777777777778,0.0146198830409357,5,5,0.0689783743475019,0.0689783743475019,0,0.0788266433498723,0.0788266433498723,0,0.0435779816513761,0.0412844036697248,0.825688073394495
"era2","Delaware",5,0.5,23,64,FALSE,FALSE,FALSE,2298,0.263157894736842,0.263157894736842,0,5,5,0.0689783743475019,0.0689783743475019,0,0.0788266433498723,0.0788266433498723,0,0.0435779816513761,0.0435779816513761,0.871559633027523
"era2","Delaware",5,0.55,22,64,FALSE,FALSE,FALSE,2846,0.263157894736842,0.263157894736842,0,5,5,0.0689783743475019,0.0689783743475019,0,0.0788266433498723,0.0788266433498723,0,0.0435779816513761,0.0435779816513761,0.871559633027523
"era2","Delaware",5,0.6,22,64,FALSE,FALSE,FALSE,2846,0.263157894736842,0.263157894736842,0,5,5,0.0689783743475019,0.0689783743475019,0,0.0788266433498723,0.0788266433498723,0,0.0435779816513761,0.0435779816513761,0.871559633027523
"era2","Delaware",5,0.65,22,61,FALSE,FALSE,FALSE,2826,0.263157894736842,0.294117647058824,0.0309597523219814,5,5,0.0689783743475019,0.0689783743475019,0,0.0788266433498723,0.0788266433498723,0,0.0435779816513761,0.0389908256880734,0.779816513761468
"era2","Delaware",5,0.7,23,64,FALSE,FALSE,FALSE,3169,0.263157894736842,0.294117647058824,0.0309597523219814,5,5,0.0689783743475019,0.0689783743475019,0,0.0788266433498723,0.0788266433498723,0,0.0435779816513761,0.0389908256880734,0.779816513761468
"era2","Delaware",5,0.75,23,64,FALSE,FALSE,FALSE,3169,0.263157894736842,0.294117647058824,0.0309597523219814,5,5,0.0689783743475019,0.0689783743475019,0,0.0788266433498723,0.0788266433498723,0,0.0435779816513761,0.0389908256880734,0.779816513761468
"era2","Delaware",10,0.25,56,139,FALSE,FALSE,FALSE,4746,0.272727272727273,0.294117647058824,0.0213903743315508,9,10,0.142182450907283,0.152249565001243,0.0100671140939597,0.129887934353643,0.13618058998738,0.00629265563373702,0.0756880733944954,0.0779816513761468,0.779816513761468
"era2","Delaware",10,0.4,51,134,FALSE,FALSE,FALSE,6860,0.272727272727273,0.305555555555556,0.0328282828282829,9,11,0.142182450907283,0.188168033805618,0.0459855828983346,0.129887934353643,0.180305963969585,0.0504180296159419,0.0756880733944954,0.0825688073394495,0.825688073394495
"era2","Delaware",10,0.5,54,139,FALSE,FALSE,FALSE,6627,0.272727272727273,0.314285714285714,0.0415584415584416,9,11,0.142182450907283,0.188168033805618,0.0459855828983346,0.129887934353643,0.180305963969585,0.0504180296159419,0.0756880733944954,0.0802752293577982,0.802752293577982
"era2","Delaware",10,0.55,51,122,FALSE,FALSE,FALSE,9710,0.272727272727273,0.324324324324324,0.0515970515970516,9,12,0.142182450907283,0.210166542381307,0.0679840914740243,0.129887934353643,0.20546676697053,0.0755788326168871,0.0756880733944954,0.0848623853211009,0.848623853211009
"era2","Delaware",10,0.6,51,123,FALSE,FALSE,FALSE,8695,0.272727272727273,0.324324324324324,0.0515970515970516,9,12,0.142182450907283,0.210166542381307,0.0679840914740243,0.129887934353643,0.20546676697053,0.0755788326168871,0.0756880733944954,0.0848623853211009,0.848623853211009
"era2","Delaware",10,0.65,51,122,FALSE,FALSE,FALSE,8825,0.272727272727273,0.333333333333333,0.0606060606060606,9,12,0.142182450907283,0.210166542381307,0.0679840914740243,0.129887934353643,0.20546676697053,0.0755788326168871,0.0756880733944954,0.0825688073394495,0.825688073394495
"era2","Delaware",10,0.7,52,123,FALSE,TRUE,FALSE,12294,0.272727272727273,0.323529411764706,0.0508021390374332,9,11,0.142182450907283,0.192642306736266,0.0504598558289834,0.129887934353643,0.207225331476424,0.0773373971227811,0.0756880733944954,0.0779816513761468,0.779816513761468
"era2","Delaware",10,0.75,52,131,FALSE,TRUE,FALSE,13401,0.272727272727273,0.352941176470588,0.0802139037433156,9,12,0.142182450907283,0.227442207307979,0.085259756400696,0.129887934353643,0.300670570113745,0.170782635760102,0.0756880733944954,0.0779816513761468,0.779816513761468
"era2","District of Columbia",5,0.25,21,62,FALSE,FALSE,FALSE,2278,0.708333333333333,0.739130434782609,0.0307971014492753,17,17,0.107381762703908,0.106325548644525,-0.00105621405938271,0.111534069576731,0.108409385155368,-0.00312468442136245,0.0281030444964871,0.0269320843091335,0.53864168618267
"era2","District of Columbia",5,0.4,20,60,FALSE,FALSE,FALSE,2529,0.708333333333333,0.739130434782609,0.0307971014492753,17,17,0.107381762703908,0.104565191878887,-0.00281657082502054,0.111534069576731,0.106996303606463,-0.00453776597026712,0.0281030444964871,0.0269320843091335,0.53864168618267
"era2","District of Columbia",5,0.5,17,60,FALSE,FALSE,FALSE,2839,0.708333333333333,0.642857142857143,-0.0654761904761905,17,18,0.107381762703908,0.117748308101553,0.010366545397645,0.111534069576731,0.122324812726205,0.0107907431494744,0.0281030444964871,0.0327868852459016,0.655737704918033
"era2","District of Columbia",5,0.55,16,51,FALSE,FALSE,FALSE,3046,0.708333333333333,0.633333333333333,-0.0750000000000001,17,19,0.107381762703908,0.12537652075265,0.0179947580487423,0.111534069576731,0.128197079736256,0.0166630101595258,0.0281030444964871,0.0351288056206089,0.702576112412178
"era2","District of Columbia",5,0.6,16,55,FALSE,FALSE,FALSE,3162,0.708333333333333,0.633333333333333,-0.0750000000000001,17,19,0.107381762703908,0.12537652075265,0.0179947580487423,0.111534069576731,0.128197079736256,0.0166630101595258,0.0281030444964871,0.0351288056206089,0.702576112412178
"era2","District of Columbia",5,0.65,16,63,FALSE,FALSE,FALSE,3813,0.708333333333333,0.625,-0.0833333333333334,17,15,0.107381762703908,0.0890349333020381,-0.0183468294018699,0.111534069576731,0.0932624889568987,-0.0182715806198318,0.0281030444964871,0.0281030444964871,0.562060889929742
"era2","District of Columbia",5,0.7,15,65,FALSE,FALSE,FALSE,3911,0.708333333333333,0.625,-0.0833333333333334,17,15,0.107381762703908,0.0896999569690568,-0.0176818057348511,0.111534069576731,0.0940052793816023,-0.0175287901951282,0.0281030444964871,0.0281030444964871,0.562060889929742
"era2","District of Columbia",5,0.75,15,72,FALSE,FALSE,FALSE,4663,0.708333333333333,0.625,-0.0833333333333334,17,15,0.107381762703908,0.0896999569690568,-0.0176818057348511,0.111534069576731,0.0940052793816023,-0.0175287901951282,0.0281030444964871,0.0281030444964871,0.562060889929742
"era2","District of Columbia",10,0.25,46,115,FALSE,FALSE,FALSE,5213,0.571428571428571,0.552631578947368,-0.0187969924812029,24,21,0.148808825255252,0.131713805108947,-0.0170950201463052,0.15423344378635,0.134426743709306,-0.0198067000770438,0.0491803278688525,0.0444964871194379,0.444964871194379
"era2","District of Columbia",10,0.4,53,99,FALSE,FALSE,FALSE,5321,0.571428571428571,0.531914893617021,-0.0395136778115501,24,25,0.148808825255252,0.162187536674099,0.0133787114188476,0.15423344378635,0.164378286294639,0.010144842508289,0.0491803278688525,0.0550351288056206,0.550351288056206
"era2","District of Columbia",10,0.5,52,102,FALSE,FALSE,FALSE,6551,0.571428571428571,0.543478260869565,-0.0279503105590062,24,25,0.148808825255252,0.162187536674099,0.0133787114188476,0.15423344378635,0.164378286294639,0.010144842508289,0.0491803278688525,0.053864168618267,0.53864168618267
"era2","District of Columbia",10,0.55,33,97,FALSE,FALSE,FALSE,10197,0.571428571428571,0.426470588235294,-0.144957983193277,24,29,0.148808825255252,0.180456127997496,0.0316473027422446,0.15423344378635,0.188603776489206,0.0343703327028567,0.0491803278688525,0.0796252927400468,0.796252927400468
"era2","District of Columbia",10,0.6,38,89,FALSE,FALSE,FALSE,6795,0.571428571428571,0.439393939393939,-0.132034632034632,24,29,0.148808825255252,0.178265461800258,0.0294566365450064,0.15423344378635,0.185312353470093,0.0310789096837429,0.0491803278688525,0.0772833723653396,0.772833723653396
"era2","District of Columbia",10,0.65,42,99,FALSE,FALSE,FALSE,10197,0.571428571428571,0.409836065573771,-0.161592505854801,24,25,0.148808825255252,0.140867660290263,-0.00794116496498848,0.15423344378635,0.148687725084747,-0.00554571870160273,0.0491803278688525,0.0714285714285714,0.714285714285714
"era2","District of Columbia",10,0.7,41,86,FALSE,FALSE,FALSE,7146,0.571428571428571,0.359375,-0.212053571428571,24,23,0.148808825255252,0.137190470602042,-0.0116183546532097,0.15423344378635,0.14536696475312,-0.00886647903322957,0.0491803278688525,0.0749414519906323,0.749414519906323
"era2","District of Columbia",10,0.75,40,101,FALSE,TRUE,FALSE,12297,0.571428571428571,0.349206349206349,-0.222222222222222,24,22,0.148808825255252,0.130931424324219,-0.0178774009310332,0.15423344378635,0.138525885295315,-0.0157075584910352,0.0491803278688525,0.0737704918032787,0.737704918032787
"era2","Florida",5,0.25,46,132,FALSE,FALSE,FALSE,3294,0.268292682926829,0.323529411764706,0.0552367288378766,11,11,0.19033481774699,0.19033481774699,0,0.190424093443403,0.190424093443403,0,0.0488095238095238,0.0404761904761905,0.80952380952381
"era2","Florida",5,0.4,45,119,FALSE,FALSE,FALSE,3440,0.268292682926829,0.21875,-0.0495426829268293,11,7,0.19033481774699,0.124360877453406,-0.065973940293584,0.190424093443403,0.126102725225878,-0.0643213682175255,0.0488095238095238,0.0380952380952381,0.761904761904762
"era2","Florida",5,0.5,43,112,FALSE,FALSE,FALSE,3378,0.268292682926829,0.242424242424242,-0.0258684405025869,11,8,0.19033481774699,0.17202704931552,-0.0183077684314696,0.190424093443403,0.206045950376965,0.0156218569335617,0.0488095238095238,0.0392857142857143,0.785714285714286
"era2","Florida",5,0.55,37,96,FALSE,FALSE,FALSE,3440,0.268292682926829,0.228571428571429,-0.0397212543554007,11,8,0.19033481774699,0.17202704931552,-0.0183077684314696,0.190424093443403,0.206045950376965,0.0156218569335617,0.0488095238095238,0.0416666666666667,0.833333333333333
"era2","Florida",5,0.6,37,115,FALSE,FALSE,FALSE,4746,0.268292682926829,0.216216216216216,-0.0520764667106131,11,8,0.19033481774699,0.17202704931552,-0.0183077684314696,0.190424093443403,0.206045950376965,0.0156218569335617,0.0488095238095238,0.0440476190476191,0.880952380952381
"era2","Florida",5,0.65,37,109,FALSE,FALSE,FALSE,4457,0.268292682926829,0.25,-0.0182926829268293,11,9,0.19033481774699,0.208807521029193,0.0184727032822035,0.190424093443403,0.261217997293956,0.0707939038505525,0.0488095238095238,0.0428571428571429,0.857142857142857
"era2","Florida",5,0.7,38,124,FALSE,FALSE,FALSE,6547,0.268292682926829,0.210526315789474,-0.0577663671373556,11,8,0.19033481774699,0.17202704931552,-0.0183077684314696,0.190424093443403,0.206045950376965,0.0156218569335617,0.0488095238095238,0.0452380952380952,0.904761904761905
"era2","Florida",5,0.75,39,126,FALSE,FALSE,FALSE,6963,0.268292682926829,0.2,-0.0682926829268293,11,8,0.19033481774699,0.17202704931552,-0.0183077684314696,0.190424093443403,0.206045950376965,0.0156218569335617,0.0488095238095238,0.0476190476190476,0.952380952380952
"era2","Florida",10,0.25,89,225,FALSE,FALSE,FALSE,7214,0.172413793103448,0.197368421052632,0.0249546279491833,15,15,0.297212601022596,0.297212601022596,0,0.350212916980959,0.350212916980959,0,0.103571428571429,0.0904761904761905,0.904761904761905
"era2","Florida",10,0.4,85,201,FALSE,FALSE,FALSE,8795,0.172413793103448,0.20253164556962,0.030117852466172,15,16,0.297212601022596,0.345208642586178,0.0479960415635824,0.350212916980959,0.407341759229609,0.0571288422486504,0.103571428571429,0.094047619047619,0.94047619047619
"era2","Florida",10,0.5,89,193,FALSE,FALSE,FALSE,8581,0.172413793103448,0.144736842105263,-0.0276769509981851,15,11,0.297212601022596,0.24740227610094,-0.0498103249216559,0.350212916980959,0.299026861742946,-0.0511860552380124,0.103571428571429,0.0904761904761905,0.904761904761905
"era2","Florida",10,0.55,73,186,FALSE,TRUE,FALSE,16022,0.172413793103448,0.166666666666667,-0.00574712643678163,15,11,0.297212601022596,0.24740227610094,-0.0498103249216559,0.350212916980959,0.299026861742946,-0.0511860552380124,0.103571428571429,0.0785714285714286,0.785714285714286
"era2","Florida",10,0.6,70,175,FALSE,TRUE,FALSE,15071,0.172413793103448,0.176470588235294,0.00405679513184584,15,12,0.297212601022596,0.295398317664523,-0.00181428335807354,0.350212916980959,0.356155703991597,0.005942787010638,0.103571428571429,0.080952380952381,0.80952380952381
"era2","Florida",10,0.65,89,201,FALSE,TRUE,FALSE,19341,0.172413793103448,0.152941176470588,-0.01947261663286,15,13,0.297212601022596,0.277090549233053,-0.0201220517895431,0.350212916980959,0.322909172795156,-0.0273037441858031,0.103571428571429,0.101190476190476,1.01190476190476
"era2","Florida",10,0.7,88,204,FALSE,TRUE,FALSE,22837,0.172413793103448,0.148648648648649,-0.0237651444547996,15,11,0.297212601022596,0.214745175655616,-0.08246742536698,0.350212916980959,0.241660977532178,-0.108551939448781,0.103571428571429,0.0880952380952381,0.880952380952381
"era2","Florida",10,0.75,89,227,FALSE,TRUE,FALSE,27418,0.172413793103448,0.148648648648649,-0.0237651444547996,15,11,0.297212601022596,0.214745175655616,-0.08246742536698,0.350212916980959,0.241660977532178,-0.108551939448781,0.103571428571429,0.0880952380952381,0.880952380952381
"era2","Georgia",5,0.25,52,136,FALSE,FALSE,FALSE,3401,0.26530612244898,0.234042553191489,-0.0312635692574902,13,11,0.106105294204395,0.0897360271346409,-0.0163692670697537,0.101818847456655,0.0867134331563841,-0.0151054143002714,0.0549943883277217,0.0527497194163861,1.05499438832772
"era2","Georgia",5,0.4,48,120,FALSE,FALSE,FALSE,3995,0.26530612244898,0.238095238095238,-0.0272108843537415,13,10,0.106105294204395,0.0783807697979649,-0.0277245244064297,0.101818847456655,0.0785791863861109,-0.0232396610705446,0.0549943883277217,0.0471380471380471,0.942760942760943
"era2","Georgia",5,0.5,49,120,FALSE,FALSE,FALSE,4208,0.26530612244898,0.238095238095238,-0.0272108843537415,13,10,0.106105294204395,0.0783807697979649,-0.0277245244064297,0.101818847456655,0.0785791863861109,-0.0232396610705446,0.0549943883277217,0.0471380471380471,0.942760942760943
"era2","Georgia",5,0.55,42,107,FALSE,FALSE,FALSE,4528,0.26530612244898,0.272727272727273,0.0074211502782931,13,9,0.106105294204395,0.0642235658457455,-0.0418817283586492,0.101818847456655,0.0670986429743297,-0.0347202044823257,0.0549943883277217,0.037037037037037,0.740740740740741
"era2","Georgia",5,0.6,42,103,FALSE,FALSE,FALSE,4298,0.26530612244898,0.3125,0.0471938775510204,13,10,0.106105294204395,0.0747677333726589,-0.0313375608317357,0.101818847456655,0.0762613828912392,-0.0255574645654163,0.0549943883277217,0.0359147025813693,0.718294051627385
"era2","Georgia",5,0.65,46,113,FALSE,FALSE,FALSE,4865,0.26530612244898,0.303030303030303,0.0377241805813234,13,10,0.106105294204395,0.0747677333726589,-0.0313375608317357,0.101818847456655,0.0762613828912392,-0.0255574645654163,0.0549943883277217,0.037037037037037,0.740740740740741
"era2","Georgia",5,0.7,49,113,FALSE,FALSE,FALSE,6544,0.26530612244898,0.277777777777778,0.0124716553287982,13,10,0.106105294204395,0.0747677333726589,-0.0313375608317357,0.101818847456655,0.0762613828912392,-0.0255574645654163,0.0549943883277217,0.0404040404040404,0.808080808080808
"era2","Georgia",5,0.75,47,119,FALSE,FALSE,FALSE,6544,0.26530612244898,0.277777777777778,0.0124716553287982,13,10,0.106105294204395,0.0747677333726589,-0.0313375608317357,0.101818847456655,0.0762613828912392,-0.0255574645654163,0.0549943883277217,0.0404040404040404,0.808080808080808
"era2","Georgia",10,0.25,95,225,FALSE,FALSE,FALSE,7902,0.235294117647059,0.234567901234568,-0.000726216412490932,20,19,0.153295974045126,0.14061347883793,-0.0126824952071966,0.155902493130456,0.142131435657278,-0.0137710574731774,0.0953984287317621,0.0909090909090909,0.909090909090909
"era2","Georgia",10,0.4,91,200,FALSE,FALSE,FALSE,11012,0.235294117647059,0.244186046511628,0.00889192886456908,20,21,0.153295974045126,0.155950449786167,0.00265447574104113,0.155902493130456,0.160439261243102,0.00453676811264672,0.0953984287317621,0.0965207631874299,0.965207631874299
"era2","Georgia",10,0.5,93,205,FALSE,TRUE,FALSE,14206,0.235294117647059,0.246753246753247,0.0114591291061879,20,19,0.153295974045126,0.156540333284176,0.00324435923905028,0.155902493130456,0.155832366812439,-7.01263180170331e-05,0.0953984287317621,0.0864197530864197,0.864197530864197
"era2","Georgia",10,0.55,78,156,FALSE,FALSE,FALSE,11514,0.235294117647059,0.240506329113924,0.00521221146686524,20,19,0.153295974045126,0.142678071080962,-0.0106179029641646,0.155902493130456,0.149424035717333,-0.00647845741312278,0.0953984287317621,0.0886644219977553,0.886644219977553
"era2","Georgia",10,0.6,78,155,FALSE,FALSE,FALSE,11531,0.235294117647059,0.25609756097561,0.0208034433285509,20,21,0.153295974045126,0.175564076094971,0.0222681020498451,0.155902493130456,0.176265532632026,0.0203630395015706,0.0953984287317621,0.0920314253647587,0.920314253647587
"era2","Georgia",10,0.65,79,179,FALSE,TRUE,FALSE,19444,0.235294117647059,0.275862068965517,0.0405679513184584,20,24,0.153295974045126,0.205648134493438,0.0523521604483115,0.155902493130456,0.20298644089177,0.0470839477613146,0.0953984287317621,0.0976430976430976,0.976430976430976
"era2","Georgia",10,0.7,81,181,FALSE,TRUE,FALSE,21554,0.235294117647059,0.296296296296296,0.0610021786492375,20,24,0.153295974045126,0.192080814039227,0.0387848399941012,0.155902493130456,0.192026819778762,0.0361243266483061,0.0953984287317621,0.0909090909090909,0.909090909090909
"era2","Georgia",10,0.75,86,207,FALSE,TRUE,FALSE,22927,0.235294117647059,0.2875,0.0522058823529412,20,23,0.153295974045126,0.199233151452588,0.045937177407462,0.155902493130456,0.187550499745924,0.0316480066154683,0.0953984287317621,0.0897867564534231,0.897867564534231
"era2","Idaho",5,0.25,55,129,FALSE,FALSE,FALSE,3232,0.127659574468085,0.127659574468085,0,6,6,0.213207547169811,0.213207547169811,0,0.201696811153283,0.201696811153283,0,0.0524553571428571,0.0524553571428571,1.04910714285714
"era2","Idaho",5,0.4,53,116,FALSE,FALSE,FALSE,3434,0.127659574468085,0.122448979591837,-0.00521059487624836,6,6,0.213207547169811,0.213207547169811,0,0.201696811153283,0.201696811153283,0,0.0524553571428571,0.0546875,1.09375
"era2","Idaho",5,0.5,53,112,FALSE,FALSE,FALSE,3586,0.127659574468085,0.119047619047619,-0.00861195542046606,6,5,0.213207547169811,0.149056603773585,-0.0641509433962264,0.201696811153283,0.144470282131935,-0.0572265290213483,0.0524553571428571,0.046875,0.9375
"era2","Idaho",5,0.55,46,100,FALSE,FALSE,FALSE,4528,0.127659574468085,0.125,-0.0026595744680851,6,5,0.213207547169811,0.149056603773585,-0.0641509433962264,0.201696811153283,0.144470282131935,-0.0572265290213483,0.0524553571428571,0.0446428571428571,0.892857142857143
"era2","Idaho",5,0.6,50,97,FALSE,FALSE,FALSE,4051,0.127659574468085,0.15,0.0223404255319149,6,6,0.213207547169811,0.191509433962264,-0.0216981132075472,0.201696811153283,0.192543093592879,-0.00915371756040448,0.0524553571428571,0.0446428571428571,0.892857142857143
"era2","Idaho",5,0.65,49,109,FALSE,FALSE,FALSE,4757,0.127659574468085,0.13953488372093,0.0118753092528451,6,6,0.213207547169811,0.191509433962264,-0.0216981132075472,0.201696811153283,0.192543093592879,-0.00915371756040448,0.0524553571428571,0.0479910714285714,0.959821428571429
"era2","Idaho",5,0.7,50,108,FALSE,FALSE,FALSE,4752,0.127659574468085,0.13953488372093,0.0118753092528451,6,6,0.213207547169811,0.207075471698113,-0.00613207547169811,0.201696811153283,0.232728693099785,0.0310318819465017,0.0524553571428571,0.0479910714285714,0.959821428571429
"era2","Idaho",5,0.75,46,107,FALSE,FALSE,FALSE,4752,0.127659574468085,0.142857142857143,0.0151975683890578,6,6,0.213207547169811,0.207075471698113,-0.00613207547169811,0.201696811153283,0.232728693099785,0.0310318819465017,0.0524553571428571,0.046875,0.9375
"era2","Idaho",10,0.25,93,201,FALSE,FALSE,FALSE,5900,0.108108108108108,0.123287671232877,0.0151795631247686,8,9,0.30188679245283,0.358018867924528,0.0561320754716981,0.324824677300307,0.367564347968055,0.0427396706677479,0.0825892857142857,0.0814732142857143,0.814732142857143
"era2","Idaho",10,0.4,84,188,FALSE,FALSE,FALSE,8340,0.108108108108108,0.119402985074627,0.0112948769665187,8,8,0.30188679245283,0.30188679245283,0,0.324824677300307,0.324824677300307,0,0.0825892857142857,0.0747767857142857,0.747767857142857
"era2","Idaho",10,0.5,85,199,FALSE,FALSE,FALSE,9176,0.108108108108108,0.104477611940299,-0.00363049616780961,8,7,0.30188679245283,0.237735849056604,-0.0641509433962264,0.324824677300307,0.267598148278959,-0.0572265290213483,0.0825892857142857,0.0747767857142857,0.747767857142857
"era2","Idaho",10,0.55,75,157,FALSE,FALSE,FALSE,10884,0.108108108108108,0.102941176470588,-0.00516693163751988,8,7,0.30188679245283,0.237735849056604,-0.0641509433962264,0.324824677300307,0.267598148278959,-0.0572265290213483,0.0825892857142857,0.0758928571428571,0.758928571428571
"era2","Idaho",10,0.6,73,167,FALSE,FALSE,FALSE,11932,0.108108108108108,0.102941176470588,-0.00516693163751988,8,7,0.30188679245283,0.237735849056604,-0.0641509433962264,0.324824677300307,0.267598148278959,-0.0572265290213483,0.0825892857142857,0.0758928571428571,0.758928571428571
"era2","Idaho",10,0.65,82,172,FALSE,TRUE,FALSE,14552,0.108108108108108,0.0958904109589041,-0.012217697149204,8,7,0.30188679245283,0.237735849056604,-0.0641509433962264,0.324824677300307,0.267598148278959,-0.0572265290213483,0.0825892857142857,0.0814732142857143,0.814732142857143
"era2","Idaho",10,0.7,74,167,FALSE,TRUE,FALSE,13440,0.108108108108108,0.103448275862069,-0.00465983224603915,8,6,0.30188679245283,0.207075471698113,-0.094811320754717,0.324824677300307,0.232728693099785,-0.0920959842005226,0.0825892857142857,0.0647321428571429,0.647321428571429
"era2","Idaho",10,0.75,73,186,FALSE,TRUE,FALSE,19052,0.108108108108108,0.103448275862069,-0.00465983224603915,8,6,0.30188679245283,0.207075471698113,-0.094811320754717,0.324824677300307,0.232728693099785,-0.0920959842005226,0.0825892857142857,0.0647321428571429,0.647321428571429
"era2","Illinois",5,0.25,30,107,FALSE,FALSE,FALSE,2401,0.285714285714286,0.294117647058824,0.00840336134453784,10,10,0.131356727340965,0.141489960592982,0.0101332332520173,0.109381070970352,0.11918583577961,0.00980476480925857,0.0488145048814505,0.0474198047419805,0.948396094839609
"era2","Illinois",5,0.4,25,103,FALSE,FALSE,FALSE,2815,0.285714285714286,0.285714285714286,0,10,10,0.131356727340965,0.126665415650216,-0.00469131169074874,0.109381070970352,0.103143625451259,-0.00623744551909228,0.0488145048814505,0.0488145048814505,0.97629009762901
"era2","Illinois",5,0.5,29,98,FALSE,FALSE,FALSE,2681,0.285714285714286,0.272727272727273,-0.012987012987013,10,9,0.131356727340965,0.117845749671608,-0.0135109776693564,0.109381070970352,0.0965487649272227,-0.012832306043129,0.0488145048814505,0.0460251046025105,0.920502092050209
"era2","Illinois",5,0.55,26,74,FALSE,FALSE,FALSE,2773,0.285714285714286,0.28125,-0.0044642857142857,10,9,0.131356727340965,0.105273034340402,-0.026083693000563,0.109381070970352,0.0865445570495324,-0.0228365139208193,0.0488145048814505,0.0446304044630404,0.892608089260809
"era2","Illinois",5,0.6,26,86,FALSE,FALSE,FALSE,3267,0.285714285714286,0.272727272727273,-0.012987012987013,10,9,0.131356727340965,0.105273034340402,-0.026083693000563,0.109381070970352,0.0865445570495324,-0.0228365139208193,0.0488145048814505,0.0460251046025105,0.920502092050209
"era2","Illinois",5,0.65,30,89,FALSE,FALSE,FALSE,3520,0.285714285714286,0.3,0.0142857142857143,10,9,0.131356727340965,0.102176768624507,-0.0291799587164571,0.109381070970352,0.0819295386922948,-0.0274515322780569,0.0488145048814505,0.0418410041841004,0.836820083682008
"era2","Illinois",5,0.7,33,106,FALSE,FALSE,FALSE,4246,0.285714285714286,0.294117647058824,0.00840336134453784,10,10,0.131356727340965,0.118784012009758,-0.0125727153312066,0.109381070970352,0.0993768630926614,-0.0100042078776903,0.0488145048814505,0.0474198047419805,0.948396094839609
"era2","Illinois",5,0.75,36,106,FALSE,FALSE,FALSE,4457,0.285714285714286,0.296296296296296,0.0105820105820106,10,8,0.131356727340965,0.088947269656596,-0.0424094576843686,0.109381070970352,0.0716102058906119,-0.0377708650797398,0.0488145048814505,0.0376569037656904,0.753138075313807
"era2","Illinois",10,0.25,74,210,FALSE,FALSE,FALSE,6527,0.296875,0.253521126760563,-0.0433538732394366,19,18,0.231000187652468,0.217489209983111,-0.0135109776693564,0.200161687579997,0.185364531246281,-0.0147971563337167,0.0892608089260809,0.099023709902371,0.99023709902371
"era2","Illinois",10,0.4,72,191,FALSE,FALSE,FALSE,9551,0.296875,0.227272727272727,-0.0696022727272727,19,15,0.231000187652468,0.18577594295365,-0.0452242446988178,0.200161687579997,0.157951244260617,-0.0422104433193802,0.0892608089260809,0.0920502092050209,0.920502092050209
"era2","Illinois",10,0.5,73,199,FALSE,FALSE,FALSE,10884,0.296875,0.212121212121212,-0.0847537878787879,19,14,0.231000187652468,0.176956276975042,-0.0540439106774254,0.200161687579997,0.15135638373658,-0.048805303843417,0.0892608089260809,0.0920502092050209,0.920502092050209
"era2","Illinois",10,0.55,55,157,FALSE,TRUE,FALSE,13335,0.296875,0.323529411764706,0.0266544117647059,19,22,0.231000187652468,0.254738224807656,0.0237380371551886,0.200161687579997,0.219971756754974,0.0198100691749765,0.0892608089260809,0.0948396094839609,0.948396094839609
"era2","Illinois",10,0.6,54,178,FALSE,TRUE,FALSE,19739,0.296875,0.283783783783784,-0.0130912162162162,19,21,0.231000187652468,0.2412272471383,0.0102270594858322,0.200161687579997,0.205174600421257,0.0050129128412599,0.0892608089260809,0.103207810320781,1.03207810320781
"era2","Illinois",10,0.65,55,181,FALSE,TRUE,FALSE,19885,0.296875,0.289855072463768,-0.00701992753623187,19,20,0.231000187652468,0.224620003753049,-0.00638018389941827,0.200161687579997,0.192293990522516,-0.00786769705748125,0.0892608089260809,0.096234309623431,0.96234309623431
"era2","Illinois",10,0.7,67,182,FALSE,TRUE,FALSE,20627,0.296875,0.183098591549296,-0.113776408450704,19,13,0.231000187652468,0.168324263464065,-0.0626759241884031,0.200161687579997,0.143195239631217,-0.0569664479487804,0.0892608089260809,0.099023709902371,0.99023709902371
"era2","Illinois",10,0.75,63,230,FALSE,TRUE,FALSE,26738,0.296875,0.266666666666667,-0.0302083333333333,19,20,0.231000187652468,0.22274347907675,-0.00825670857571778,0.200161687579997,0.188814905052209,-0.0113467825277881,0.0892608089260809,0.104602510460251,1.04602510460251
"era2","Indiana",5,0.25,52,121,FALSE,FALSE,FALSE,2985,0.21875,0.21875,0,7,7,0.14125331700347,0.14125331700347,0,0.118620454224078,0.118620454224078,0,0.0397022332506203,0.0397022332506203,0.794044665012407
"era2","Indiana",5,0.4,50,112,FALSE,FALSE,FALSE,3201,0.21875,0.212121212121212,-0.00662878787878787,7,7,0.14125331700347,0.14125331700347,0,0.118620454224078,0.118620454224078,0,0.0397022332506203,0.0409429280397022,0.818858560794045
"era2","Indiana",5,0.5,51,109,FALSE,FALSE,FALSE,3318,0.21875,0.21875,0,7,7,0.14125331700347,0.14125331700347,0,0.118620454224078,0.118620454224078,0,0.0397022332506203,0.0397022332506203,0.794044665012407
"era2","Indiana",5,0.55,43,91,FALSE,FALSE,FALSE,3881,0.21875,0.235294117647059,0.0165441176470588,7,8,0.14125331700347,0.150642988364972,0.00938967136150234,0.118620454224078,0.125442813813157,0.00682235958907901,0.0397022332506203,0.0421836228287841,0.843672456575682
"era2","Indiana",5,0.6,43,94,FALSE,FALSE,FALSE,3868,0.21875,0.235294117647059,0.0165441176470588,7,8,0.14125331700347,0.150642988364972,0.00938967136150234,0.118620454224078,0.125442813813157,0.00682235958907901,0.0397022332506203,0.0421836228287841,0.843672456575682
"era2","Indiana",5,0.65,43,100,FALSE,FALSE,FALSE,4214,0.21875,0.25,0.03125,7,8,0.14125331700347,0.150642988364972,0.00938967136150234,0.118620454224078,0.125442813813157,0.00682235958907901,0.0397022332506203,0.0397022332506203,0.794044665012407
"era2","Indiana",5,0.7,48,99,FALSE,FALSE,FALSE,4468,0.21875,0.264705882352941,0.0459558823529412,7,9,0.14125331700347,0.196264543784446,0.0550112267809757,0.118620454224078,0.173413275062271,0.0547928208381938,0.0397022332506203,0.0421836228287841,0.843672456575682
"era2","Indiana",5,0.75,48,104,FALSE,FALSE,FALSE,4533,0.21875,0.264705882352941,0.0459558823529412,7,9,0.14125331700347,0.196264543784446,0.0550112267809757,0.118620454224078,0.173413275062271,0.0547928208381938,0.0397022332506203,0.0421836228287841,0.843672456575682
"era2","Indiana",10,0.25,92,214,FALSE,FALSE,FALSE,7893,0.253731343283582,0.260869565217391,0.0071382219338092,17,18,0.294447846499286,0.298938558889569,0.0044907123902837,0.271628585620398,0.275886672957463,0.0042580873370649,0.0831265508684863,0.0856079404466501,0.856079404466501
"era2","Indiana",10,0.4,85,193,FALSE,FALSE,FALSE,9222,0.253731343283582,0.257575757575758,0.00384441429217547,17,17,0.294447846499286,0.307715860379669,0.0132680138803837,0.271628585620398,0.285859349048563,0.014230763428165,0.0831265508684863,0.0818858560794045,0.818858560794045
"era2","Indiana",10,0.5,83,191,FALSE,FALSE,FALSE,10254,0.253731343283582,0.236111111111111,-0.017620232172471,17,17,0.294447846499286,0.289548887528067,-0.00489895897121861,0.271628585620398,0.265519480120871,-0.00610910549952692,0.0831265508684863,0.0893300248138958,0.893300248138958
"era2","Indiana",10,0.55,72,148,FALSE,FALSE,FALSE,8901,0.253731343283582,0.238095238095238,-0.015636105188344,17,15,0.294447846499286,0.253725250051031,-0.0407225964482548,0.271628585620398,0.223737749034737,-0.0478908365856614,0.0831265508684863,0.0781637717121588,0.781637717121588
"era2","Indiana",10,0.6,71,175,FALSE,TRUE,FALSE,14527,0.253731343283582,0.276923076923077,0.0231917336394948,17,18,0.294447846499286,0.29924474382527,0.00479689732598487,0.271628585620398,0.271606069296761,-2.2516323636812e-05,0.0831265508684863,0.0806451612903226,0.806451612903226
"era2","Indiana",10,0.65,71,201,FALSE,TRUE,FALSE,19777,0.253731343283582,0.28125,0.0275186567164179,17,18,0.294447846499286,0.29924474382527,0.00479689732598487,0.271628585620398,0.271606069296761,-2.2516323636812e-05,0.0831265508684863,0.0794044665012407,0.794044665012407
"era2","Indiana",10,0.7,76,210,FALSE,TRUE,FALSE,22029,0.253731343283582,0.246153846153846,-0.00757749712973593,17,16,0.294447846499286,0.259134517248418,-0.0353133292508676,0.271628585620398,0.228779408370648,-0.04284917724975,0.0831265508684863,0.0806451612903226,0.806451612903226
"era2","Indiana",10,0.75,84,217,FALSE,TRUE,FALSE,22500,0.253731343283582,0.238805970149254,-0.0149253731343284,17,16,0.294447846499286,0.260257195345989,-0.0341906511532966,0.271628585620398,0.230084281271543,-0.0415443043488554,0.0831265508684863,0.0831265508684863,0.831265508684863
"era2","Iowa",5,0.25,53,132,FALSE,FALSE,FALSE,3231,0.3,0.34375,0.04375,15,11,0.11077242363318,0.0776963486607432,-0.0330760749724366,0.102659668202533,0.0696230880669397,-0.0330365801355937,0.0586854460093897,0.0375586854460094,0.751173708920188
"era2","Iowa",5,0.4,48,123,FALSE,FALSE,FALSE,3811,0.3,0.387096774193548,0.0870967741935484,15,12,0.11077242363318,0.0967637330566185,-0.0140086905765614,0.102659668202533,0.0926369871344399,-0.0100226810680936,0.0586854460093897,0.0363849765258216,0.727699530516432
"era2","Iowa",5,0.5,52,123,FALSE,FALSE,FALSE,3816,0.3,0.393939393939394,0.0939393939393939,15,13,0.11077242363318,0.100136195602828,-0.0106362280303522,0.102659668202533,0.0972226728404796,-0.00543699536205389,0.0586854460093897,0.0387323943661972,0.774647887323944
"era2","Iowa",5,0.55,47,109,FALSE,FALSE,FALSE,4247,0.3,0.382352941176471,0.0823529411764706,15,13,0.11077242363318,0.11660937804008,0.00583695440690059,0.102659668202533,0.113832123255053,0.0111724550525191,0.0586854460093897,0.039906103286385,0.7981220657277
"era2","Iowa",5,0.6,50,112,FALSE,FALSE,FALSE,4725,0.3,0.40625,0.10625,15,13,0.11077242363318,0.0954666320773072,-0.0153057915558726,0.102659668202533,0.0931976053433457,-0.00946206285918771,0.0586854460093897,0.0375586854460094,0.751173708920188
"era2","Iowa",5,0.65,50,111,FALSE,FALSE,FALSE,4657,0.3,0.40625,0.10625,15,13,0.11077242363318,0.0954666320773072,-0.0153057915558726,0.102659668202533,0.0931976053433457,-0.00946206285918771,0.0586854460093897,0.0375586854460094,0.751173708920188
"era2","Iowa",5,0.7,50,110,FALSE,FALSE,FALSE,5159,0.3,0.4375,0.1375,15,14,0.11077242363318,0.0996173552111032,-0.0111550684220767,0.102659668202533,0.0969973449885448,-0.00566232321398862,0.0586854460093897,0.0375586854460094,0.751173708920188
"era2","Iowa",5,0.75,50,108,FALSE,FALSE,FALSE,4865,0.3,0.4375,0.1375,15,14,0.11077242363318,0.0996173552111032,-0.0111550684220767,0.102659668202533,0.0969973449885448,-0.00566232321398862,0.0586854460093897,0.0375586854460094,0.751173708920188
"era2","Iowa",10,0.25,99,205,FALSE,FALSE,FALSE,5846,0.279569892473118,0.315789473684211,0.0362195812110923,26,24,0.218107529671185,0.192424930280822,-0.0256825993903625,0.216101422898975,0.190314255010789,-0.0257871678881853,0.109154929577465,0.0892018779342723,0.892018779342723
"era2","Iowa",10,0.4,90,195,FALSE,FALSE,FALSE,8787,0.279569892473118,0.328571428571429,0.0490015360983103,26,23,0.218107529671185,0.18924703288151,-0.0288604967896751,0.216101422898975,0.195160682813904,-0.0209407400850704,0.109154929577465,0.0821596244131455,0.821596244131455
"era2","Iowa",10,0.5,88,178,FALSE,FALSE,FALSE,7744,0.279569892473118,0.325301204819277,0.0457313123461588,26,27,0.218107529671185,0.207341591542902,-0.0107659381282833,0.216101422898975,0.213142863430413,-0.00295855946856144,0.109154929577465,0.0974178403755869,0.974178403755869
"era2","Iowa",10,0.55,74,159,FALSE,FALSE,FALSE,9710,0.279569892473118,0.342105263157895,0.0625353706847765,26,26,0.218107529671185,0.199818405862896,-0.0182891238082885,0.216101422898975,0.206667130627269,-0.00943429227170503,0.109154929577465,0.0892018779342723,0.892018779342723
"era2","Iowa",10,0.6,73,172,FALSE,TRUE,FALSE,13602,0.279569892473118,0.337662337662338,0.0580924451892194,26,26,0.218107529671185,0.179129645242882,-0.0389778844283027,0.216101422898975,0.185335892391547,-0.0307655305074274,0.109154929577465,0.0903755868544601,0.903755868544601
"era2","Iowa",10,0.65,82,183,FALSE,TRUE,FALSE,16898,0.279569892473118,0.329113924050633,0.0495440315775146,26,26,0.218107529671185,0.176016602892535,-0.0420909267786497,0.216101422898975,0.18349522201541,-0.0326062008835648,0.109154929577465,0.0927230046948357,0.927230046948357
"era2","Iowa",10,0.7,83,180,FALSE,TRUE,FALSE,18546,0.279569892473118,0.3125,0.0329301075268817,26,25,0.218107529671185,0.19041442376289,-0.027693105908295,0.216101422898975,0.19537334274538,-0.0207280801535949,0.109154929577465,0.0938967136150235,0.938967136150235
"era2","Iowa",10,0.75,83,199,FALSE,TRUE,FALSE,21918,0.279569892473118,0.3125,0.0329301075268817,26,25,0.218107529671185,0.19041442376289,-0.027693105908295,0.216101422898975,0.19537334274538,-0.0207280801535949,0.109154929577465,0.0938967136150235,0.938967136150235
"era2","Kansas",5,0.25,51,122,FALSE,FALSE,FALSE,3254,0.169491525423729,0.169491525423729,0,10,10,0.170490705074527,0.170490705074527,0,0.165239371472391,0.165239371472391,0,0.0674285714285714,0.0674285714285714,1.34857142857143
"era2","Kansas",5,0.4,50,125,FALSE,FALSE,FALSE,3783,0.169491525423729,0.163934426229508,-0.00555709919422062,10,10,0.170490705074527,0.170490705074527,0,0.165239371472391,0.165239371472391,0,0.0674285714285714,0.0697142857142857,1.39428571428571
"era2","Kansas",5,0.5,47,119,FALSE,FALSE,FALSE,3748,0.169491525423729,0.176470588235294,0.00697906281156532,10,9,0.170490705074527,0.163289231284542,-0.00720147378998492,0.165239371472391,0.158265500123304,-0.00697387134908653,0.0674285714285714,0.0582857142857143,1.16571428571429
"era2","Kansas",5,0.55,42,104,FALSE,FALSE,FALSE,4135,0.169491525423729,0.163636363636364,-0.00585516178736517,10,9,0.170490705074527,0.158097471110367,-0.0123932339641601,0.165239371472391,0.152024553621842,-0.0132148178505493,0.0674285714285714,0.0628571428571429,1.25714285714286
"era2","Kansas",5,0.6,44,104,FALSE,FALSE,FALSE,4135,0.169491525423729,0.16,-0.0094915254237288,10,8,0.170490705074527,0.150895997320382,-0.019594707754145,0.165239371472391,0.145050682272755,-0.0201886891996358,0.0674285714285714,0.0571428571428571,1.14285714285714
"era2","Kansas",5,0.65,47,115,FALSE,FALSE,FALSE,4553,0.169491525423729,0.163265306122449,-0.00622621930127984,10,8,0.170490705074527,0.150895997320382,-0.019594707754145,0.165239371472391,0.145050682272755,-0.0201886891996358,0.0674285714285714,0.056,1.12
"era2","Kansas",5,0.7,48,121,FALSE,FALSE,FALSE,5315,0.169491525423729,0.163265306122449,-0.00622621930127984,10,8,0.170490705074527,0.150895997320382,-0.019594707754145,0.165239371472391,0.145050682272755,-0.0201886891996358,0.0674285714285714,0.056,1.12
"era2","Kansas",5,0.75,48,120,FALSE,FALSE,FALSE,5283,0.169491525423729,0.163265306122449,-0.00622621930127984,10,8,0.170490705074527,0.150895997320382,-0.019594707754145,0.165239371472391,0.145050682272755,-0.0201886891996358,0.0674285714285714,0.056,1.12
"era2","Kansas",10,0.25,83,206,FALSE,FALSE,FALSE,5422,0.146067415730337,0.127906976744186,-0.018160438986151,13,11,0.193267459387037,0.17936694021102,-0.0139005191760174,0.186084060764254,0.172941899847781,-0.0131421609164735,0.101714285714286,0.0982857142857143,0.982857142857143
"era2","Kansas",10,0.4,78,197,FALSE,FALSE,FALSE,6551,0.146067415730337,0.123456790123457,-0.0226106256068803,13,10,0.193267459387037,0.170490705074527,-0.0227767543125105,0.186084060764254,0.165239371472391,-0.0208446892918633,0.101714285714286,0.0925714285714286,0.925714285714286
"era2","Kansas",10,0.5,79,211,FALSE,FALSE,FALSE,8385,0.146067415730337,0.174418604651163,0.0283511889208257,13,15,0.193267459387037,0.228102495394406,0.034835036007369,0.186084060764254,0.221691805580227,0.0356077448159732,0.101714285714286,0.0982857142857143,0.982857142857143
"era2","Kansas",10,0.55,72,179,FALSE,FALSE,FALSE,9580,0.146067415730337,0.194444444444444,0.0483770287141074,13,14,0.193267459387037,0.211019929660023,0.0177524702729861,0.186084060764254,0.208212099075792,0.0221280383115374,0.101714285714286,0.0822857142857143,0.822857142857143
"era2","Kansas",10,0.6,75,178,FALSE,FALSE,FALSE,9070,0.146067415730337,0.205882352941176,0.0598149372108394,13,14,0.193267459387037,0.210517501256071,0.0172500418690337,0.186084060764254,0.206317096633238,0.0202330358689841,0.101714285714286,0.0777142857142857,0.777142857142857
"era2","Kansas",10,0.65,80,191,FALSE,TRUE,FALSE,12629,0.146067415730337,0.208333333333333,0.0622659176029963,13,15,0.193267459387037,0.222408306816279,0.0291408474292413,0.186084060764254,0.220986476194994,0.0349024154307394,0.101714285714286,0.0822857142857143,0.822857142857143
"era2","Kansas",10,0.7,81,205,FALSE,TRUE,FALSE,18773,0.146067415730337,0.164383561643836,0.0183161459134985,13,12,0.193267459387037,0.190755317367275,-0.00251214201976219,0.186084060764254,0.18641287272689,0.000328811962635844,0.101714285714286,0.0834285714285714,0.834285714285714
"era2","Kansas",10,0.75,84,218,FALSE,TRUE,FALSE,19937,0.146067415730337,0.166666666666667,0.0205992509363296,13,12,0.193267459387037,0.190755317367275,-0.00251214201976219,0.186084060764254,0.18641287272689,0.000328811962635844,0.101714285714286,0.0822857142857143,0.822857142857143
"era2","Kentucky",5,0.25,55,126,FALSE,FALSE,FALSE,3201,0.428571428571429,0.4,-0.0285714285714285,12,12,0.201107207494943,0.201107207494943,0,0.230292663794627,0.230292663794627,0,0.0290758047767394,0.0311526479750779,0.623052959501558
"era2","Kentucky",5,0.4,52,116,FALSE,FALSE,FALSE,3457,0.428571428571429,0.423076923076923,-0.00549450549450547,12,11,0.201107207494943,0.185670179921218,-0.0154370275737251,0.230292663794627,0.215711461617718,-0.0145812021769093,0.0290758047767394,0.0269989615784008,0.539979231568017
"era2","Kentucky",5,0.5,52,117,FALSE,FALSE,FALSE,4101,0.428571428571429,0.423076923076923,-0.00549450549450547,12,11,0.201107207494943,0.185670179921218,-0.0154370275737251,0.230292663794627,0.215711461617718,-0.0145812021769093,0.0290758047767394,0.0269989615784008,0.539979231568017
"era2","Kentucky",5,0.55,46,103,FALSE,FALSE,FALSE,4499,0.428571428571429,0.275,-0.153571428571429,12,11,0.201107207494943,0.161822633876291,-0.0392845736186522,0.230292663794627,0.183377312437572,-0.0469153513570551,0.0290758047767394,0.0415368639667705,0.83073727933541
"era2","Kentucky",5,0.6,46,103,FALSE,FALSE,FALSE,4453,0.428571428571429,0.275,-0.153571428571429,12,11,0.201107207494943,0.161822633876291,-0.0392845736186522,0.230292663794627,0.183377312437572,-0.0469153513570551,0.0290758047767394,0.0415368639667705,0.83073727933541
"era2","Kentucky",5,0.65,51,108,FALSE,FALSE,FALSE,4637,0.428571428571429,0.333333333333333,-0.0952380952380952,12,11,0.201107207494943,0.161822633876291,-0.0392845736186522,0.230292663794627,0.183377312437572,-0.0469153513570551,0.0290758047767394,0.0342679127725857,0.685358255451713
"era2","Kentucky",5,0.7,50,108,FALSE,FALSE,FALSE,5554,0.428571428571429,0.333333333333333,-0.0952380952380952,12,11,0.201107207494943,0.161822633876291,-0.0392845736186522,0.230292663794627,0.183377312437572,-0.0469153513570551,0.0290758047767394,0.0342679127725857,0.685358255451713
"era2","Kentucky",5,0.75,50,108,FALSE,FALSE,FALSE,5554,0.428571428571429,0.333333333333333,-0.0952380952380952,12,11,0.201107207494943,0.161822633876291,-0.0392845736186522,0.230292663794627,0.183377312437572,-0.0469153513570551,0.0290758047767394,0.0342679127725857,0.685358255451713
"era2","Kentucky",10,0.25,97,177,FALSE,FALSE,FALSE,5828,0.253333333333333,0.240506329113924,-0.0128270042194093,19,19,0.313211966357926,0.313211966357926,0,0.346320409331883,0.346320409331883,0,0.0778816199376947,0.0820353063343718,0.820353063343717
"era2","Kentucky",10,0.4,90,175,FALSE,FALSE,FALSE,7748,0.253333333333333,0.207317073170732,-0.0460162601626017,19,17,0.313211966357926,0.29053550516342,-0.0226764611945066,0.346320409331883,0.32063617540894,-0.0256842339229432,0.0778816199376947,0.0851505711318795,0.851505711318795
"era2","Kentucky",10,0.5,88,171,FALSE,FALSE,FALSE,8044,0.253333333333333,0.220779220779221,-0.0325541125541126,19,17,0.313211966357926,0.29053550516342,-0.0226764611945066,0.346320409331883,0.32063617540894,-0.0256842339229432,0.0778816199376947,0.0799584631360332,0.799584631360332
"era2","Kentucky",10,0.55,82,143,FALSE,FALSE,FALSE,7489,0.253333333333333,0.220779220779221,-0.0325541125541126,19,17,0.313211966357926,0.228042159054615,-0.085169807303311,0.346320409331883,0.264296626350384,-0.0820237829814988,0.0778816199376947,0.0799584631360332,0.799584631360332
"era2","Kentucky",10,0.6,83,169,FALSE,FALSE,FALSE,10614,0.253333333333333,0.217948717948718,-0.0353846153846154,19,17,0.313211966357926,0.228042159054615,-0.085169807303311,0.346320409331883,0.264296626350384,-0.0820237829814988,0.0778816199376947,0.0809968847352025,0.809968847352025
"era2","Kentucky",10,0.65,82,166,FALSE,FALSE,FALSE,10458,0.253333333333333,0.233766233766234,-0.0195670995670996,19,18,0.313211966357926,0.235281592675397,-0.0779303736825296,0.346320409331883,0.275399658096418,-0.0709207512354649,0.0778816199376947,0.0799584631360332,0.799584631360332
"era2","Kentucky",10,0.7,85,188,FALSE,TRUE,FALSE,19811,0.253333333333333,0.226666666666667,-0.0266666666666667,19,17,0.313211966357926,0.221867348025125,-0.0913446183328011,0.346320409331883,0.25586821728256,-0.0904521920493231,0.0778816199376947,0.0778816199376947,0.778816199376947
"era2","Kentucky",10,0.75,85,172,FALSE,TRUE,FALSE,16881,0.253333333333333,0.226666666666667,-0.0266666666666667,19,17,0.313211966357926,0.221867348025125,-0.0913446183328011,0.346320409331883,0.25586821728256,-0.0904521920493231,0.0778816199376947,0.0778816199376947,0.778816199376947
"era2","Louisiana",5,0.25,53,126,FALSE,FALSE,FALSE,3515,0.192307692307692,0.230769230769231,0.0384615384615385,5,6,0.150408457472369,0.227534839019702,0.077126381547333,0.145326378441028,0.215748713864916,0.070422335423888,0.0317460317460317,0.0317460317460317,0.634920634920635
"era2","Louisiana",5,0.4,50,123,FALSE,FALSE,FALSE,3772,0.192307692307692,0.208333333333333,0.016025641025641,5,5,0.150408457472369,0.150408457472369,0,0.145326378441028,0.145326378441028,0,0.0317460317460317,0.0293040293040293,0.586080586080586
"era2","Louisiana",5,0.5,51,133,FALSE,FALSE,FALSE,4246,0.192307692307692,0.192307692307692,0,5,5,0.150408457472369,0.150408457472369,0,0.145326378441028,0.145326378441028,0,0.0317460317460317,0.0317460317460317,0.634920634920635
"era2","Louisiana",5,0.55,47,117,FALSE,FALSE,FALSE,4379,0.192307692307692,0.225806451612903,0.0334987593052109,5,7,0.150408457472369,0.192455550216242,0.0420470927438731,0.145326378441028,0.189264877112362,0.0439384986713334,0.0317460317460317,0.0378510378510378,0.757020757020757
"era2","Louisiana",5,0.6,49,123,FALSE,FALSE,FALSE,4746,0.192307692307692,0.225806451612903,0.0334987593052109,5,7,0.150408457472369,0.192455550216242,0.0420470927438731,0.145326378441028,0.189264877112362,0.0439384986713334,0.0317460317460317,0.0378510378510378,0.757020757020757
"era2","Louisiana",5,0.65,49,123,FALSE,FALSE,FALSE,5349,0.192307692307692,0.225806451612903,0.0334987593052109,5,7,0.150408457472369,0.192455550216242,0.0420470927438731,0.145326378441028,0.189264877112362,0.0439384986713334,0.0317460317460317,0.0378510378510378,0.757020757020757
"era2","Louisiana",5,0.7,51,122,FALSE,FALSE,FALSE,6131,0.192307692307692,0.233333333333333,0.041025641025641,5,7,0.150408457472369,0.192455550216242,0.0420470927438731,0.145326378441028,0.189264877112362,0.0439384986713334,0.0317460317460317,0.0366300366300366,0.732600732600733
"era2","Louisiana",5,0.75,50,135,FALSE,FALSE,FALSE,6841,0.192307692307692,0.206896551724138,0.0145888594164456,5,6,0.150408457472369,0.161220567035079,0.0108121095627102,0.145326378441028,0.154124099043285,0.00879772060225642,0.0317460317460317,0.0354090354090354,0.708180708180708
"era2","Louisiana",10,0.25,87,216,FALSE,FALSE,FALSE,7275,0.220338983050847,0.228070175438596,0.00773119238774903,13,13,0.429360884190293,0.429360884190293,0,0.445922596186201,0.445922596186201,0,0.072039072039072,0.0695970695970696,0.695970695970696
"era2","Louisiana",10,0.4,84,198,FALSE,FALSE,FALSE,8992,0.220338983050847,0.189655172413793,-0.0306838106370544,13,11,0.429360884190293,0.359202306583373,-0.0701585776069197,0.445922596186201,0.384105234477066,-0.061817361709135,0.072039072039072,0.0708180708180708,0.708180708180708
"era2","Louisiana",10,0.5,86,201,FALSE,FALSE,FALSE,9256,0.220338983050847,0.209677419354839,-0.0106615636960087,13,13,0.429360884190293,0.449543488707352,0.0201826045170591,0.445922596186201,0.461990849677232,0.0160682534910306,0.072039072039072,0.0757020757020757,0.757020757020757
"era2","Louisiana",10,0.55,85,183,FALSE,TRUE,FALSE,13371,0.220338983050847,0.163934426229508,-0.0564045568213393,13,10,0.429360884190293,0.303700144161461,-0.125660740028832,0.445922596186201,0.329729731122906,-0.116192865063296,0.072039072039072,0.0744810744810745,0.744810744810745
"era2","Louisiana",10,0.6,85,202,FALSE,TRUE,FALSE,16084,0.220338983050847,0.15625,-0.0640889830508475,13,10,0.429360884190293,0.303700144161461,-0.125660740028832,0.445922596186201,0.329729731122906,-0.116192865063296,0.072039072039072,0.0781440781440781,0.781440781440781
"era2","Louisiana",10,0.65,82,212,FALSE,TRUE,FALSE,18571,0.220338983050847,0.161290322580645,-0.0590486604702023,13,10,0.429360884190293,0.303700144161461,-0.125660740028832,0.445922596186201,0.329729731122906,-0.116192865063296,0.072039072039072,0.0757020757020757,0.757020757020757
"era2","Louisiana",10,0.7,85,213,FALSE,TRUE,FALSE,20494,0.220338983050847,0.172413793103448,-0.0479251899473992,13,10,0.429360884190293,0.303700144161461,-0.125660740028832,0.445922596186201,0.329729731122906,-0.116192865063296,0.072039072039072,0.0708180708180708,0.708180708180708
"era2","Louisiana",10,0.75,97,220,FALSE,TRUE,FALSE,21254,0.220338983050847,0.181818181818182,-0.0385208012326656,13,10,0.429360884190293,0.303700144161461,-0.125660740028832,0.445922596186201,0.329729731122906,-0.116192865063296,0.072039072039072,0.0671550671550672,0.671550671550671
"era2","Maine",5,0.25,30,83,FALSE,FALSE,FALSE,2143,0.3125,0.346938775510204,0.0344387755102041,15,17,0.0745619590458096,0.100021110407431,0.0254591513616213,0.0707751051443815,0.104450973668089,0.0336758685237078,0.0513918629550321,0.0524625267665953,1.04925053533191
"era2","Maine",5,0.4,29,82,FALSE,FALSE,FALSE,2539,0.3125,0.346938775510204,0.0344387755102041,15,17,0.0745619590458096,0.100021110407431,0.0254591513616213,0.0707751051443815,0.104450973668089,0.0336758685237078,0.0513918629550321,0.0524625267665953,1.04925053533191
"era2","Maine",5,0.5,30,94,FALSE,FALSE,FALSE,3156,0.3125,0.365384615384615,0.0528846153846154,15,19,0.0745619590458096,0.125480261769052,0.0509183027232425,0.0707751051443815,0.12560497489922,0.0548298697548388,0.0513918629550321,0.0556745182012848,1.1134903640257
"era2","Maine",5,0.55,26,73,FALSE,FALSE,FALSE,3169,0.3125,0.5,0.1875,15,19,0.0745619590458096,0.128689043698543,0.0541270846527338,0.0707751051443815,0.143798721832862,0.0730236166884803,0.0513918629550321,0.0406852248394004,0.813704496788009
"era2","Maine",5,0.6,26,73,FALSE,FALSE,FALSE,3169,0.3125,0.5,0.1875,15,19,0.0745619590458096,0.128689043698543,0.0541270846527338,0.0707751051443815,0.143798721832862,0.0730236166884803,0.0513918629550321,0.0406852248394004,0.813704496788009
"era2","Maine",5,0.65,26,84,FALSE,FALSE,FALSE,3773,0.3125,0.5,0.1875,15,19,0.0745619590458096,0.128689043698543,0.0541270846527338,0.0707751051443815,0.143798721832862,0.0730236166884803,0.0513918629550321,0.0406852248394004,0.813704496788009
"era2","Maine",5,0.7,32,95,FALSE,FALSE,FALSE,4903,0.3125,0.5,0.1875,15,23,0.0745619590458096,0.157568081063965,0.0830061220181549,0.0707751051443815,0.172721459816007,0.101946354671625,0.0513918629550321,0.0492505353319058,0.985010706638116
"era2","Maine",5,0.75,31,95,FALSE,FALSE,FALSE,4666,0.3125,0.5,0.1875,15,23,0.0745619590458096,0.154063753430441,0.0795017943846316,0.0707751051443815,0.167069492612251,0.0962943874678696,0.0513918629550321,0.0492505353319058,0.985010706638116
"era2","Maine",10,0.25,62,172,FALSE,FALSE,FALSE,5452,0.387096774193548,0.40625,0.0191532258064516,36,39,0.240363099007811,0.255942579691788,0.0155794806839772,0.254772685967642,0.272843549008769,0.0180708630411262,0.0995717344753747,0.102783725910064,1.02783725910064
"era2","Maine",10,0.4,64,151,FALSE,FALSE,FALSE,6092,0.387096774193548,0.45360824742268,0.066511473229132,36,44,0.240363099007811,0.288790373654212,0.0484272746464006,0.254772685967642,0.295951520652513,0.0411788346848702,0.0995717344753747,0.103854389721627,1.03854389721627
"era2","Maine",10,0.5,60,171,FALSE,FALSE,FALSE,8787,0.387096774193548,0.442105263157895,0.0550084889643463,36,42,0.240363099007811,0.276081908380832,0.0357188093730209,0.254772685967642,0.281315394182422,0.0265427082147798,0.0995717344753747,0.101713062098501,1.01713062098501
"era2","Maine",10,0.55,49,132,FALSE,FALSE,FALSE,8220,0.387096774193548,0.475609756097561,0.0885129819040126,36,39,0.240363099007811,0.242220814861727,0.00185771585391598,0.254772685967642,0.246423892262602,-0.00834879370504082,0.0995717344753747,0.0877944325481799,0.877944325481799
"era2","Maine",10,0.6,49,163,FALSE,TRUE,FALSE,16635,0.387096774193548,0.475609756097561,0.0885129819040126,36,39,0.240363099007811,0.242220814861727,0.00185771585391598,0.254772685967642,0.246423892262602,-0.00834879370504082,0.0995717344753747,0.0877944325481799,0.877944325481799
"era2","Maine",10,0.65,50,179,FALSE,TRUE,FALSE,15452,0.387096774193548,0.481927710843373,0.0948309366498251,36,40,0.240363099007811,0.243994089085919,0.00363099007810849,0.254772685967642,0.249452264407812,-0.00532042155982998,0.0995717344753747,0.088865096359743,0.88865096359743
"era2","Maine",10,0.7,53,162,FALSE,TRUE,FALSE,16635,0.387096774193548,0.48780487804878,0.100708103855232,36,40,0.240363099007811,0.243994089085919,0.00363099007810849,0.254772685967642,0.249452264407812,-0.00532042155982998,0.0995717344753747,0.0877944325481799,0.877944325481799
"era2","Maine",10,0.75,68,153,FALSE,FALSE,FALSE,11631,0.387096774193548,0.5,0.112903225806452,36,36,0.240363099007811,0.230230103440996,-0.0101329955668145,0.254772685967642,0.234143338252915,-0.0206293477147271,0.0995717344753747,0.0770877944325482,0.770877944325482
"era2","Maryland",5,0.25,33,102,FALSE,FALSE,FALSE,2497,0.25,0.230769230769231,-0.0192307692307692,6,6,0.103803259937089,0.103803259937089,0,0.0918902880072592,0.0918902880072592,0,0.0431654676258993,0.0467625899280576,0.935251798561151
"era2","Maryland",5,0.4,33,97,FALSE,FALSE,FALSE,2803,0.25,0.230769230769231,-0.0192307692307692,6,6,0.103803259937089,0.103803259937089,0,0.0918902880072592,0.0918902880072592,0,0.0431654676258993,0.0467625899280576,0.935251798561151
"era2","Maryland",5,0.5,33,95,FALSE,FALSE,FALSE,2868,0.25,0.230769230769231,-0.0192307692307692,6,6,0.103803259937089,0.103803259937089,0,0.0918902880072592,0.0918902880072592,0,0.0431654676258993,0.0467625899280576,0.935251798561151
"era2","Maryland",5,0.55,31,92,FALSE,FALSE,FALSE,3515,0.25,0.2,-0.05,6,5,0.103803259937089,0.0875035744924221,-0.0162996854446669,0.0918902880072592,0.0757796315591525,-0.0161106564481067,0.0431654676258993,0.0449640287769784,0.899280575539568
"era2","Maryland",5,0.6,33,89,FALSE,FALSE,FALSE,3412,0.25,0.2,-0.05,6,4,0.103803259937089,0.0754932799542465,-0.0283099799828424,0.0918902880072592,0.0661771491500384,-0.0257131388572208,0.0431654676258993,0.0359712230215827,0.719424460431655
"era2","Maryland",5,0.65,33,96,FALSE,FALSE,FALSE,3813,0.25,0.2,-0.05,6,4,0.103803259937089,0.0754932799542465,-0.0283099799828424,0.0918902880072592,0.0661771491500384,-0.0257131388572208,0.0431654676258993,0.0359712230215827,0.719424460431655
"era2","Maryland",5,0.7,32,92,FALSE,FALSE,FALSE,4184,0.25,0.222222222222222,-0.0277777777777778,6,4,0.103803259937089,0.0754932799542465,-0.0283099799828424,0.0918902880072592,0.0661771491500384,-0.0257131388572208,0.0431654676258993,0.0323741007194245,0.647482014388489
"era2","Maryland",5,0.75,38,100,FALSE,FALSE,FALSE,4431,0.25,0.24,-0.01,6,6,0.103803259937089,0.0987989705461824,-0.00500428939090648,0.0918902880072592,0.0908790521277339,-0.00101123587952537,0.0431654676258993,0.0449640287769784,0.899280575539568
"era2","Maryland",10,0.25,68,208,FALSE,FALSE,FALSE,6963,0.170731707317073,0.2,0.0292682926829268,7,12,0.110809265084358,0.24578209894195,0.134972833857592,0.100481534536848,0.235277789091517,0.134796254554669,0.0737410071942446,0.107913669064748,1.07913669064748
"era2","Maryland",10,0.4,67,184,FALSE,FALSE,FALSE,8747,0.170731707317073,0.209677419354839,0.0389457120377655,7,13,0.110809265084358,0.27352016013726,0.162710895052902,0.100481534536848,0.262712238570558,0.16223070403371,0.0737410071942446,0.111510791366906,1.11510791366906
"era2","Maryland",10,0.5,66,194,FALSE,TRUE,FALSE,12129,0.170731707317073,0.2,0.0292682926829268,7,12,0.110809265084358,0.24578209894195,0.134972833857592,0.100481534536848,0.235277789091517,0.134796254554669,0.0737410071942446,0.107913669064748,1.07913669064748
"era2","Maryland",10,0.55,56,160,FALSE,TRUE,FALSE,12814,0.170731707317073,0.213114754098361,0.0423830467812875,7,13,0.110809265084358,0.269087789533886,0.158278524449528,0.100481534536848,0.25803370817507,0.157552173638223,0.0737410071942446,0.109712230215827,1.09712230215827
"era2","Maryland",10,0.6,55,164,FALSE,TRUE,FALSE,14562,0.170731707317073,0.203389830508475,0.0326581231914014,7,12,0.110809265084358,0.257077494995711,0.146268229911353,0.100481534536848,0.248431225765956,0.147949691229108,0.0737410071942446,0.106115107913669,1.06115107913669
"era2","Maryland",10,0.65,60,172,FALSE,TRUE,FALSE,16454,0.170731707317073,0.216666666666667,0.0459349593495935,7,13,0.110809265084358,0.276951672862454,0.166142407778096,0.100481534536848,0.266022881882556,0.165541347345708,0.0737410071942446,0.107913669064748,1.07913669064748
"era2","Maryland",10,0.7,57,167,FALSE,TRUE,FALSE,19344,0.170731707317073,0.224137931034483,0.0534062237174096,7,13,0.110809265084358,0.253645982270518,0.14283671718616,0.100481534536848,0.243825399397805,0.143343864860957,0.0737410071942446,0.10431654676259,1.0431654676259
"era2","Maryland",10,0.75,63,171,FALSE,TRUE,FALSE,17953,0.170731707317073,0.23728813559322,0.0665564282761472,7,14,0.110809265084358,0.269945667715184,0.159136402630826,0.100481534536848,0.259936055845912,0.159454521309064,0.0737410071942446,0.106115107913669,1.06115107913669
"era2","Massachusetts",5,0.25,41,96,FALSE,FALSE,FALSE,2017,0.142857142857143,0.155555555555556,0.0126984126984127,7,7,0.0571739722297849,0.0643887830111625,0.00721481078137762,0.0506712349915059,0.0603346592553044,0.00966342426379847,0.0540242557883131,0.0496141124586549,0.992282249173098
"era2","Massachusetts",5,0.4,36,83,FALSE,FALSE,FALSE,2297,0.142857142857143,0.152173913043478,0.00931677018633542,7,7,0.0571739722297849,0.0643887830111625,0.00721481078137762,0.0506712349915059,0.0603346592553044,0.00966342426379847,0.0540242557883131,0.0507166482910695,1.01433296582139
"era2","Massachusetts",5,0.5,35,84,FALSE,FALSE,FALSE,2393,0.142857142857143,0.152173913043478,0.00931677018633542,7,7,0.0571739722297849,0.0643887830111625,0.00721481078137762,0.0506712349915059,0.0603346592553044,0.00966342426379847,0.0540242557883131,0.0507166482910695,1.01433296582139
"era2","Massachusetts",5,0.55,29,71,FALSE,FALSE,FALSE,2473,0.142857142857143,0.177777777777778,0.0349206349206349,7,8,0.0571739722297849,0.0850803158181323,0.0279063435883474,0.0506712349915059,0.0857348086134783,0.0350635736219724,0.0540242557883131,0.0496141124586549,0.992282249173098
"era2","Massachusetts",5,0.6,35,78,FALSE,FALSE,FALSE,3453,0.142857142857143,0.125,-0.0178571428571428,7,5,0.0571739722297849,0.0592158998094201,0.00204192757963518,0.0506712349915059,0.0616348405707614,0.0109636055792555,0.0540242557883131,0.0441014332965821,0.882028665931643
"era2","Massachusetts",5,0.65,35,94,FALSE,FALSE,FALSE,4369,0.142857142857143,0.125,-0.0178571428571428,7,5,0.0571739722297849,0.0592158998094201,0.00204192757963518,0.0506712349915059,0.0616348405707614,0.0109636055792555,0.0540242557883131,0.0441014332965821,0.882028665931643
"era2","Massachusetts",5,0.7,32,86,FALSE,FALSE,FALSE,4212,0.142857142857143,0.121951219512195,-0.0209059233449477,7,5,0.0571739722297849,0.0592158998094201,0.00204192757963518,0.0506712349915059,0.0616348405707614,0.0109636055792555,0.0540242557883131,0.0452039691289967,0.904079382579934
"era2","Massachusetts",5,0.75,34,99,FALSE,FALSE,FALSE,5171,0.142857142857143,0.133333333333333,-0.00952380952380952,7,6,0.0571739722297849,0.0775932480261367,0.0204192757963518,0.0506712349915059,0.10402390828628,0.0533526732947745,0.0540242557883131,0.0496141124586549,0.992282249173098
"era2","Massachusetts",10,0.25,82,187,FALSE,FALSE,FALSE,6606,0.153846153846154,0.162790697674419,0.00894454382826476,14,14,0.172338687721209,0.172338687721209,0,0.192162874877657,0.192162874877657,0,0.100330760749724,0.0948180815876516,0.948180815876516
"era2","Massachusetts",10,0.4,67,157,FALSE,FALSE,FALSE,8098,0.153846153846154,0.159574468085106,0.00572831423895254,14,15,0.172338687721209,0.184998638714947,0.0126599509937381,0.192162874877657,0.202370936601967,0.01020806172431,0.100330760749724,0.103638368246968,1.03638368246968
"era2","Massachusetts",10,0.5,70,188,FALSE,TRUE,FALSE,12934,0.153846153846154,0.193181818181818,0.0393356643356643,14,17,0.172338687721209,0.238633269806698,0.0662945820854887,0.192162874877657,0.253305595141602,0.061142720263945,0.100330760749724,0.0970231532524807,0.970231532524807
"era2","Massachusetts",10,0.55,48,140,FALSE,FALSE,FALSE,11115,0.153846153846154,0.186046511627907,0.0322003577817531,14,16,0.172338687721209,0.259460931118976,0.0871222433977675,0.192162874877657,0.276283825445359,0.0841209505677022,0.100330760749724,0.0948180815876516,0.948180815876516
"era2","Massachusetts",10,0.6,53,150,FALSE,FALSE,FALSE,11249,0.153846153846154,0.160919540229885,0.0070733863837312,14,14,0.172338687721209,0.242853253471277,0.0705145657500681,0.192162874877657,0.259952039808352,0.0677891649306953,0.100330760749724,0.0959206174200661,0.959206174200661
"era2","Massachusetts",10,0.65,54,184,FALSE,TRUE,FALSE,20267,0.153846153846154,0.160919540229885,0.0070733863837312,14,14,0.172338687721209,0.242853253471277,0.0705145657500681,0.192162874877657,0.259952039808352,0.0677891649306953,0.100330760749724,0.0959206174200661,0.959206174200661
"era2","Massachusetts",10,0.7,55,171,FALSE,TRUE,FALSE,20078,0.153846153846154,0.152941176470588,-0.000904977375565608,14,13,0.172338687721209,0.233596515110264,0.0612578273890552,0.192162874877657,0.252183857402642,0.0600209825249854,0.100330760749724,0.0937155457552371,0.937155457552371
"era2","Massachusetts",10,0.75,54,205,FALSE,TRUE,FALSE,25812,0.153846153846154,0.115942028985507,-0.0379041248606466,14,8,0.172338687721209,0.101551864960523,-0.0707868227606861,0.192162874877657,0.125579972428966,-0.0665829024486915,0.100330760749724,0.0760749724366042,0.760749724366042
"era2","Michigan",5,0.25,34,81,FALSE,FALSE,FALSE,1609,0.394736842105263,0.378378378378378,-0.0163584637268848,15,14,0.0923776662484316,0.0897636971978252,-0.00261396905060644,0.0983973109203663,0.0958128389091242,-0.00258447201124212,0.0452380952380952,0.0440476190476191,0.880952380952381
"era2","Michigan",5,0.4,31,75,FALSE,FALSE,FALSE,1918,0.394736842105263,0.435897435897436,0.0411605937921727,15,17,0.0923776662484316,0.106911334169803,0.0145336679213718,0.0983973109203663,0.11287845252172,0.014481141601354,0.0452380952380952,0.0464285714285714,0.928571428571429
"era2","Michigan",5,0.5,32,78,FALSE,FALSE,FALSE,2154,0.394736842105263,0.421052631578947,0.0263157894736842,15,16,0.0923776662484316,0.0999581764951903,0.00758051024675868,0.0983973109203663,0.107045976515628,0.00864866559526195,0.0452380952380952,0.0452380952380952,0.904761904761905
"era2","Michigan",5,0.55,28,63,FALSE,FALSE,FALSE,2037,0.394736842105263,0.428571428571429,0.0338345864661654,15,15,0.0923776662484316,0.0907047260560435,-0.00167294019238812,0.0983973109203663,0.0941336455992308,-0.00426366532113555,0.0452380952380952,0.0416666666666667,0.833333333333333
"era2","Michigan",5,0.6,28,66,FALSE,FALSE,FALSE,2260,0.394736842105263,0.428571428571429,0.0338345864661654,15,15,0.0923776662484316,0.0907047260560435,-0.00167294019238812,0.0983973109203663,0.0941336455992308,-0.00426366532113555,0.0452380952380952,0.0416666666666667,0.833333333333333
"era2","Michigan",5,0.65,28,66,FALSE,FALSE,FALSE,2260,0.394736842105263,0.428571428571429,0.0338345864661654,15,15,0.0923776662484316,0.0907047260560435,-0.00167294019238812,0.0983973109203663,0.0941336455992308,-0.00426366532113555,0.0452380952380952,0.0416666666666667,0.833333333333333
"era2","Michigan",5,0.7,28,71,FALSE,FALSE,FALSE,2547,0.394736842105263,0.454545454545455,0.0598086124401914,15,15,0.0923776662484316,0.0907047260560435,-0.00167294019238812,0.0983973109203663,0.0941336455992308,-0.00426366532113555,0.0452380952380952,0.0392857142857143,0.785714285714286
"era2","Michigan",5,0.75,28,71,FALSE,FALSE,FALSE,2547,0.394736842105263,0.454545454545455,0.0598086124401914,15,15,0.0923776662484316,0.0907047260560435,-0.00167294019238812,0.0983973109203663,0.0941336455992308,-0.00426366532113555,0.0452380952380952,0.0392857142857143,0.785714285714286
"era2","Michigan",10,0.25,61,168,FALSE,FALSE,FALSE,4499,0.356164383561644,0.361111111111111,0.00494672754946729,26,26,0.174299456294437,0.177854454203262,0.00355499790882477,0.172948976598875,0.174480830878072,0.00153185427919708,0.0869047619047619,0.0857142857142857,0.857142857142857
"era2","Michigan",10,0.4,56,135,FALSE,FALSE,FALSE,4287,0.356164383561644,0.40625,0.0500856164383562,26,26,0.174299456294437,0.180834378920954,0.00653492262651612,0.172948976598875,0.182874955791764,0.00992597919288862,0.0869047619047619,0.0761904761904762,0.761904761904762
"era2","Michigan",10,0.5,57,140,FALSE,FALSE,FALSE,4847,0.356164383561644,0.380952380952381,0.0247879973907371,26,24,0.174299456294437,0.166196152237558,-0.00810330405687995,0.172948976598875,0.167932413556576,-0.00501656304229903,0.0869047619047619,0.075,0.75
"era2","Michigan",10,0.55,54,123,FALSE,FALSE,FALSE,6963,0.356164383561644,0.39344262295082,0.0372782393891758,26,24,0.174299456294437,0.179684232538687,0.00538477624424927,0.172948976598875,0.170849880248183,-0.00209909635069236,0.0869047619047619,0.0726190476190476,0.726190476190476
"era2","Michigan",10,0.6,55,125,FALSE,FALSE,FALSE,7819,0.356164383561644,0.396825396825397,0.040661013263753,26,25,0.174299456294437,0.182036804684233,0.00773734838979506,0.172948976598875,0.173246733561962,0.000297756963086454,0.0869047619047619,0.075,0.75
"era2","Michigan",10,0.65,55,123,FALSE,FALSE,FALSE,6963,0.356164383561644,0.396825396825397,0.040661013263753,26,25,0.174299456294437,0.182036804684233,0.00773734838979506,0.172948976598875,0.173246733561962,0.000297756963086454,0.0869047619047619,0.075,0.75
"era2","Michigan",10,0.7,35,115,FALSE,FALSE,FALSE,7966,0.356164383561644,0.369565217391304,0.0134008338296605,26,34,0.174299456294437,0.243099121706399,0.0687996654119615,0.172948976598875,0.235605040853885,0.0626560642550099,0.0869047619047619,0.10952380952381,1.0952380952381
"era2","Michigan",10,0.75,35,148,FALSE,TRUE,FALSE,17953,0.356164383561644,0.369565217391304,0.0134008338296605,26,34,0.174299456294437,0.243099121706399,0.0687996654119615,0.172948976598875,0.235605040853885,0.0626560642550099,0.0869047619047619,0.10952380952381,1.0952380952381
"era2","Minnesota",5,0.25,26,85,FALSE,FALSE,FALSE,2393,0.454545454545455,0.478260869565217,0.0237154150197629,10,11,0.105064695009242,0.112828096118299,0.00776340110905729,0.0975722417756045,0.105022198068748,0.00744995629314325,0.0240174672489083,0.0251091703056769,0.502183406113537
"era2","Minnesota",5,0.4,27,88,FALSE,FALSE,FALSE,3061,0.454545454545455,0.45,-0.00454545454545452,10,9,0.105064695009242,0.100702402957486,-0.00436229205175601,0.0975722417756045,0.0940028657947178,-0.00356937598088677,0.0240174672489083,0.0218340611353712,0.436681222707424
"era2","Minnesota",5,0.5,27,85,FALSE,FALSE,FALSE,3159,0.454545454545455,0.45,-0.00454545454545452,10,9,0.105064695009242,0.100702402957486,-0.00436229205175601,0.0975722417756045,0.0940028657947178,-0.00356937598088677,0.0240174672489083,0.0218340611353712,0.436681222707424
"era2","Minnesota",5,0.55,29,91,FALSE,FALSE,FALSE,4555,0.454545454545455,0.4,-0.0545454545454545,10,8,0.105064695009242,0.0929390018484288,-0.0121256931608133,0.0975722417756045,0.0865529095015745,-0.01101933227403,0.0240174672489083,0.0218340611353712,0.436681222707424
"era2","Minnesota",5,0.6,26,90,FALSE,FALSE,FALSE,4709,0.454545454545455,0.4,-0.0545454545454545,10,8,0.105064695009242,0.0929390018484288,-0.0121256931608133,0.0975722417756045,0.0865529095015745,-0.01101933227403,0.0240174672489083,0.0218340611353712,0.436681222707424
"era2","Minnesota",5,0.65,28,81,FALSE,FALSE,FALSE,3412,0.454545454545455,0.4375,-0.0170454545454545,10,7,0.105064695009242,0.0798521256931608,-0.0252125693160813,0.0975722417756045,0.0751963484414502,-0.0223758933341543,0.0240174672489083,0.0174672489082969,0.349344978165939
"era2","Minnesota",5,0.7,25,75,FALSE,FALSE,FALSE,3434,0.454545454545455,0.428571428571429,-0.025974025974026,10,9,0.105064695009242,0.0961922365988909,-0.00887245841035121,0.0975722417756045,0.089362412993173,-0.00820982878243157,0.0240174672489083,0.0229257641921397,0.458515283842795
"era2","Minnesota",5,0.75,25,87,FALSE,FALSE,FALSE,4697,0.454545454545455,0.428571428571429,-0.025974025974026,10,9,0.105064695009242,0.0961922365988909,-0.00887245841035121,0.0975722417756045,0.089362412993173,-0.00820982878243157,0.0240174672489083,0.0229257641921397,0.458515283842795
"era2","Minnesota",10,0.25,51,172,FALSE,FALSE,FALSE,7930,0.313725490196078,0.390243902439024,0.076518412242946,16,16,0.143216266173752,0.143216266173752,0,0.132089114394949,0.132089114394949,0,0.0556768558951965,0.0447598253275109,0.447598253275109
"era2","Minnesota",10,0.4,48,165,FALSE,FALSE,FALSE,10884,0.313725490196078,0.411764705882353,0.0980392156862745,16,14,0.143216266173752,0.13634011090573,-0.00687615526802218,0.132089114394949,0.125959570103558,-0.00612954429139104,0.0556768558951965,0.037117903930131,0.37117903930131
"era2","Minnesota",10,0.5,50,162,FALSE,FALSE,FALSE,10934,0.313725490196078,0.470588235294118,0.156862745098039,16,16,0.143216266173752,0.152902033271719,0.00968576709796673,0.132089114394949,0.141402692932468,0.00931357853751916,0.0556768558951965,0.037117903930131,0.37117903930131
"era2","Minnesota",10,0.55,49,152,FALSE,TRUE,FALSE,14217,0.313725490196078,0.351351351351351,0.0376258611552729,16,13,0.143216266173752,0.128207024029575,-0.0150092421441774,0.132089114394949,0.123697552091184,-0.00839156230376505,0.0556768558951965,0.0403930131004367,0.403930131004367
"era2","Minnesota",10,0.6,52,173,FALSE,TRUE,FALSE,19584,0.313725490196078,0.382352941176471,0.0686274509803921,16,13,0.143216266173752,0.133456561922366,-0.00975970425138631,0.132089114394949,0.12131039608051,-0.010778718314439,0.0556768558951965,0.037117903930131,0.37117903930131
"era2","Minnesota",10,0.65,55,178,FALSE,TRUE,FALSE,20357,0.313725490196078,0.366666666666667,0.0529411764705882,16,11,0.143216266173752,0.125914972273567,-0.0173012939001848,0.132089114394949,0.113790125108721,-0.0182989892862285,0.0556768558951965,0.0327510917030568,0.327510917030568
"era2","Minnesota",10,0.7,46,175,FALSE,TRUE,FALSE,21565,0.313725490196078,0.413793103448276,0.100067613252197,16,12,0.143216266173752,0.120665434380776,-0.022550831792976,0.132089114394949,0.115550054063655,-0.0165390603312942,0.0556768558951965,0.0316593886462882,0.316593886462882
"era2","Minnesota",10,0.75,62,188,FALSE,TRUE,FALSE,22178,0.313725490196078,0.365853658536585,0.0521281683405069,16,15,0.143216266173752,0.15452865064695,0.0113123844731978,0.132089114394949,0.143591725476052,0.0115026110811025,0.0556768558951965,0.0447598253275109,0.447598253275109
"era2","Mississippi",5,0.25,65,124,FALSE,FALSE,FALSE,3319,0.1,0.107142857142857,0.00714285714285713,3,3,0.0228779840848806,0.0228779840848806,0,0.0228757159933228,0.0228757159933228,0,0.0324324324324324,0.0302702702702703,0.605405405405405
"era2","Mississippi",5,0.4,59,124,FALSE,FALSE,FALSE,4181,0.1,0.103448275862069,0.00344827586206896,3,3,0.0228779840848806,0.0228779840848806,0,0.0228757159933228,0.0228757159933228,0,0.0324324324324324,0.0313513513513514,0.627027027027027
"era2","Mississippi",5,0.5,58,113,FALSE,FALSE,FALSE,4028,0.1,0.0645161290322581,-0.0354838709677419,3,2,0.0228779840848806,0.0155835543766578,-0.00729442970822281,0.0228757159933228,0.0163910939919859,-0.00648462200133691,0.0324324324324324,0.0335135135135135,0.67027027027027
"era2","Mississippi",5,0.55,50,104,FALSE,FALSE,FALSE,4630,0.1,0.0869565217391304,-0.0130434782608696,3,2,0.0228779840848806,0.0155835543766578,-0.00729442970822281,0.0228757159933228,0.0163910939919859,-0.00648462200133691,0.0324324324324324,0.0248648648648649,0.497297297297297
"era2","Mississippi",5,0.6,50,118,FALSE,FALSE,FALSE,5901,0.1,0.0869565217391304,-0.0130434782608696,3,2,0.0228779840848806,0.0155835543766578,-0.00729442970822281,0.0228757159933228,0.0163910939919859,-0.00648462200133691,0.0324324324324324,0.0248648648648649,0.497297297297297
"era2","Mississippi",5,0.65,50,121,FALSE,FALSE,FALSE,6332,0.1,0.0869565217391304,-0.0130434782608696,3,2,0.0228779840848806,0.0155835543766578,-0.00729442970822281,0.0228757159933228,0.0163910939919859,-0.00648462200133691,0.0324324324324324,0.0248648648648649,0.497297297297297
"era2","Mississippi",5,0.7,49,116,FALSE,FALSE,FALSE,6952,0.1,0.0833333333333333,-0.0166666666666667,3,2,0.0228779840848806,0.0155835543766578,-0.00729442970822281,0.0228757159933228,0.0163910939919859,-0.00648462200133691,0.0324324324324324,0.0259459459459459,0.518918918918919
"era2","Mississippi",5,0.75,50,116,FALSE,FALSE,FALSE,7153,0.1,0.12,0.02,3,3,0.0228779840848806,0.0250884173297966,0.002210433244916,0.0228757159933228,0.0254654228665703,0.00258970687324748,0.0324324324324324,0.027027027027027,0.540540540540541
"era2","Mississippi",10,0.25,92,223,FALSE,FALSE,FALSE,8220,0.161290322580645,0.163934426229508,0.00264410364886303,10,10,0.0982537577365164,0.0982537577365164,0,0.0934364066177513,0.0934364066177513,0,0.067027027027027,0.065945945945946,0.659459459459459
"era2","Mississippi",10,0.4,84,202,FALSE,TRUE,FALSE,12646,0.161290322580645,0.188405797101449,0.0271154745208041,10,13,0.0982537577365164,0.166114058355438,0.0678603006189213,0.0934364066177513,0.1742744989812,0.0808380923634486,0.067027027027027,0.0745945945945946,0.745945945945946
"era2","Mississippi",10,0.5,81,208,FALSE,TRUE,FALSE,13194,0.161290322580645,0.158730158730159,-0.00256016385048644,10,10,0.0982537577365164,0.131741821396994,0.0334880636604774,0.0934364066177513,0.135794175713678,0.0423577690959269,0.067027027027027,0.0681081081081081,0.681081081081081
"era2","Mississippi",10,0.55,70,172,FALSE,TRUE,FALSE,16731,0.161290322580645,0.158730158730159,-0.00256016385048644,10,10,0.0982537577365164,0.140141467727675,0.0418877099911583,0.0934364066177513,0.149079912951744,0.0556435063339924,0.067027027027027,0.0681081081081081,0.681081081081081
"era2","Mississippi",10,0.6,72,187,FALSE,TRUE,FALSE,20172,0.161290322580645,0.163636363636364,0.00234604105571848,10,9,0.0982537577365164,0.124447391688771,0.0261936339522546,0.0934364066177513,0.129309553712341,0.03587314709459,0.067027027027027,0.0594594594594595,0.594594594594595
"era2","Mississippi",10,0.65,73,194,FALSE,TRUE,FALSE,20793,0.161290322580645,0.169491525423729,0.00820120284308365,10,10,0.0982537577365164,0.140141467727675,0.0418877099911583,0.0934364066177513,0.149079912951744,0.0556435063339924,0.067027027027027,0.0637837837837838,0.637837837837838
"era2","Mississippi",10,0.7,72,188,FALSE,TRUE,FALSE,23663,0.161290322580645,0.172413793103448,0.0111234705228031,10,10,0.0982537577365164,0.140141467727675,0.0418877099911583,0.0934364066177513,0.149079912951744,0.0556435063339924,0.067027027027027,0.0627027027027027,0.627027027027027
"era2","Mississippi",10,0.75,68,206,FALSE,TRUE,FALSE,25729,0.161290322580645,0.183333333333333,0.0220430107526882,10,11,0.0982537577365164,0.147435897435897,0.0491821396993811,0.0934364066177513,0.155564534953081,0.0621281283353294,0.067027027027027,0.0648648648648649,0.648648648648649
"era2","Missouri",5,0.25,44,122,FALSE,FALSE,FALSE,2757,0.166666666666667,0.172413793103448,0.00574712643678163,5,5,0.0630906768837803,0.0630906768837803,0,0.0550217472703538,0.0550217472703538,0,0.0361881785283474,0.0349819059107358,0.699638118214717
"era2","Missouri",5,0.4,43,119,FALSE,FALSE,FALSE,3239,0.166666666666667,0.192307692307692,0.0256410256410257,5,5,0.0630906768837803,0.0630906768837803,0,0.0550217472703538,0.0550217472703538,0,0.0361881785283474,0.0313630880579011,0.627261761158022
"era2","Missouri",5,0.5,41,115,FALSE,FALSE,FALSE,3291,0.166666666666667,0.208333333333333,0.0416666666666667,5,5,0.0630906768837803,0.0630906768837803,0,0.0550217472703538,0.0550217472703538,0,0.0361881785283474,0.0289505428226779,0.579010856453558
"era2","Missouri",5,0.55,39,86,FALSE,FALSE,FALSE,3169,0.166666666666667,0.2,0.0333333333333334,5,5,0.0630906768837803,0.0630906768837803,0,0.0550217472703538,0.0550217472703538,0,0.0361881785283474,0.0301568154402895,0.60313630880579
"era2","Missouri",5,0.6,38,87,FALSE,FALSE,FALSE,3291,0.166666666666667,0.192307692307692,0.0256410256410257,5,5,0.0630906768837803,0.0630906768837803,0,0.0550217472703538,0.0550217472703538,0,0.0361881785283474,0.0313630880579011,0.627261761158022
"era2","Missouri",5,0.65,36,106,FALSE,FALSE,FALSE,4287,0.166666666666667,0.172413793103448,0.00574712643678163,5,5,0.0630906768837803,0.0630906768837803,0,0.0550217472703538,0.0550217472703538,0,0.0361881785283474,0.0349819059107358,0.699638118214717
"era2","Missouri",5,0.7,41,110,FALSE,FALSE,FALSE,4556,0.166666666666667,0.172413793103448,0.00574712643678163,5,5,0.0630906768837803,0.0630906768837803,0,0.0550217472703538,0.0550217472703538,0,0.0361881785283474,0.0349819059107358,0.699638118214717
"era2","Missouri",5,0.75,41,112,FALSE,FALSE,FALSE,4637,0.166666666666667,0.172413793103448,0.00574712643678163,5,5,0.0630906768837803,0.0630906768837803,0,0.0550217472703538,0.0550217472703538,0,0.0361881785283474,0.0349819059107358,0.699638118214717
"era2","Missouri",10,0.25,86,193,FALSE,FALSE,FALSE,5395,0.222222222222222,0.211538461538462,-0.0106837606837607,12,11,0.19029374201788,0.17765006385696,-0.0126436781609195,0.199265089488065,0.18256725473148,-0.016697834756584,0.0651387213510253,0.0627261761158022,0.627261761158022
"era2","Missouri",10,0.4,77,183,FALSE,FALSE,FALSE,7248,0.222222222222222,0.191489361702128,-0.0307328605200946,12,9,0.19029374201788,0.149297573435504,-0.0409961685823755,0.199265089488065,0.15669980305394,-0.0425652864341244,0.0651387213510253,0.0566948130277443,0.566948130277443
"era2","Missouri",10,0.5,74,186,FALSE,FALSE,FALSE,7930,0.222222222222222,0.239130434782609,0.0169082125603865,12,11,0.19029374201788,0.169476372924649,-0.0208173690932311,0.199265089488065,0.180176212185563,-0.0190888773025017,0.0651387213510253,0.0554885404101327,0.554885404101327
"era2","Missouri",10,0.55,71,166,FALSE,TRUE,FALSE,13595,0.222222222222222,0.227272727272727,0.00505050505050506,12,10,0.19029374201788,0.176500638569604,-0.0137931034482759,0.199265089488065,0.181146013854951,-0.0181190756331134,0.0651387213510253,0.0530759951749095,0.530759951749095
"era2","Missouri",10,0.6,71,139,FALSE,FALSE,FALSE,8418,0.222222222222222,0.234042553191489,0.0118203309692672,12,11,0.19029374201788,0.191060025542784,0.000766283524904238,0.199265089488065,0.193786346899663,-0.00547874258840123,0.0651387213510253,0.0566948130277443,0.566948130277443
"era2","Missouri",10,0.65,70,151,FALSE,FALSE,FALSE,10159,0.222222222222222,0.215686274509804,-0.00653594771241828,12,11,0.19029374201788,0.191060025542784,0.000766283524904238,0.199265089488065,0.193786346899663,-0.00547874258840123,0.0651387213510253,0.0615199034981906,0.615199034981906
"era2","Missouri",10,0.7,78,159,FALSE,TRUE,FALSE,12368,0.222222222222222,0.229508196721311,0.00728597449908927,12,14,0.19029374201788,0.241890166028097,0.0515964240102171,0.199265089488065,0.24434672331684,0.0450816338287757,0.0651387213510253,0.0735826296743064,0.735826296743064
"era2","Missouri",10,0.75,78,189,FALSE,TRUE,FALSE,18626,0.222222222222222,0.229508196721311,0.00728597449908927,12,14,0.19029374201788,0.241890166028097,0.0515964240102171,0.199265089488065,0.24434672331684,0.0450816338287757,0.0651387213510253,0.0735826296743064,0.735826296743064
"era2","Montana",5,0.25,43,105,FALSE,FALSE,FALSE,2187,0.321428571428571,0.333333333333333,0.0119047619047619,9,9,0.113178294573643,0.113178294573643,0,0.111908357488178,0.111908357488178,0,0.0442338072669826,0.042654028436019,0.853080568720379
"era2","Montana",5,0.4,42,95,FALSE,FALSE,FALSE,2515,0.321428571428571,0.407407407407407,0.0859788359788359,9,11,0.113178294573643,0.131501057082452,0.018322762508809,0.111908357488178,0.132567920587595,0.0206595630994177,0.0442338072669826,0.042654028436019,0.853080568720379
"era2","Montana",5,0.5,42,100,FALSE,FALSE,FALSE,2605,0.321428571428571,0.5,0.178571428571429,9,11,0.113178294573643,0.131501057082452,0.018322762508809,0.111908357488178,0.132567920587595,0.0206595630994177,0.0442338072669826,0.0347551342812006,0.695102685624013
"era2","Montana",5,0.55,38,84,FALSE,FALSE,FALSE,2695,0.321428571428571,0.4,0.0785714285714286,9,10,0.113178294573643,0.12093023255814,0.00775193798449612,0.111908357488178,0.116571428618551,0.00466307113037326,0.0442338072669826,0.0394944707740916,0.789889415481833
"era2","Montana",5,0.6,39,90,FALSE,FALSE,FALSE,3057,0.321428571428571,0.416666666666667,0.0952380952380952,9,10,0.113178294573643,0.12093023255814,0.00775193798449612,0.111908357488178,0.116571428618551,0.00466307113037326,0.0442338072669826,0.037914691943128,0.758293838862559
"era2","Montana",5,0.65,38,102,FALSE,FALSE,FALSE,3412,0.321428571428571,0.391304347826087,0.0698757763975155,9,9,0.113178294573643,0.113178294573643,0,0.111908357488178,0.111908357488178,0,0.0442338072669826,0.0363349131121643,0.726698262243286
"era2","Montana",5,0.7,36,107,FALSE,FALSE,FALSE,3622,0.321428571428571,0.419354838709677,0.097926267281106,9,13,0.113178294573643,0.187878787878788,0.0747004933051445,0.111908357488178,0.164795740692056,0.0528873832038784,0.0442338072669826,0.0489731437598736,0.979462875197472
"era2","Montana",5,0.75,36,114,FALSE,FALSE,FALSE,4184,0.321428571428571,0.419354838709677,0.097926267281106,9,13,0.113178294573643,0.187878787878788,0.0747004933051445,0.111908357488178,0.164795740692056,0.0528873832038784,0.0442338072669826,0.0489731437598736,0.979462875197472
"era2","Montana",10,0.25,78,183,FALSE,FALSE,FALSE,4499,0.385964912280702,0.388888888888889,0.00292397660818716,22,21,0.299788583509514,0.274841437632135,-0.0249471458773785,0.269914540093906,0.24633186355321,-0.0235826765406961,0.0900473933649289,0.0853080568720379,0.853080568720379
"era2","Montana",10,0.4,69,177,FALSE,FALSE,FALSE,6934,0.385964912280702,0.339622641509434,-0.0463422707712678,22,18,0.299788583509514,0.237491190979563,-0.0622973925299507,0.269914540093906,0.213406847576601,-0.0565076925173049,0.0900473933649289,0.0837282780410742,0.837282780410742
"era2","Montana",10,0.5,71,171,FALSE,FALSE,FALSE,6934,0.385964912280702,0.358490566037736,-0.0274743462429659,22,19,0.299788583509514,0.262438336856942,-0.0373502466525722,0.269914540093906,0.236989524117297,-0.0329250159766088,0.0900473933649289,0.0837282780410742,0.837282780410742
"era2","Montana",10,0.55,64,160,FALSE,FALSE,FALSE,9366,0.385964912280702,0.309090909090909,-0.0768740031897927,22,17,0.299788583509514,0.222832980972516,-0.0769556025369979,0.269914540093906,0.201627278251088,-0.0682872618428176,0.0900473933649289,0.0868878357030016,0.868878357030016
"era2","Montana",10,0.6,65,159,FALSE,FALSE,FALSE,8385,0.385964912280702,0.303571428571429,-0.0823934837092732,22,17,0.299788583509514,0.222832980972516,-0.0769556025369979,0.269914540093906,0.201627278251088,-0.0682872618428176,0.0900473933649289,0.0884676145339652,0.884676145339652
"era2","Montana",10,0.65,65,151,FALSE,FALSE,FALSE,8385,0.385964912280702,0.310344827586207,-0.0756200846944948,22,18,0.299788583509514,0.229316420014094,-0.0704721634954193,0.269914540093906,0.208571143631364,-0.0613433964625417,0.0900473933649289,0.0916271721958926,0.916271721958926
"era2","Montana",10,0.7,70,173,FALSE,FALSE,FALSE,10489,0.385964912280702,0.278688524590164,-0.107276387690538,22,17,0.299788583509514,0.270894996476392,-0.0288935870331219,0.269914540093906,0.231661167456697,-0.0382533726372089,0.0900473933649289,0.0963665086887836,0.963665086887836
"era2","Montana",10,0.75,76,190,FALSE,TRUE,FALSE,16073,0.385964912280702,0.265625,-0.120339912280702,22,17,0.299788583509514,0.270894996476392,-0.0288935870331219,0.269914540093906,0.231661167456697,-0.0382533726372089,0.0900473933649289,0.101105845181675,1.01105845181675
"era2","Nebraska",5,0.25,53,118,FALSE,FALSE,FALSE,3439,0.125,0.179487179487179,0.0544871794871795,5,7,0.0705234159779614,0.115426997245179,0.0449035812672176,0.0630973460341456,0.121033738824053,0.0579363927899071,0.0454029511918275,0.0442678774120318,0.885357548240636
"era2","Nebraska",5,0.4,47,103,FALSE,FALSE,FALSE,3515,0.125,0.175,0.05,5,7,0.0705234159779614,0.0915977961432507,0.0210743801652893,0.0630973460341456,0.0839361817711733,0.0208388357370277,0.0454029511918275,0.0454029511918275,0.908059023836549
"era2","Nebraska",5,0.5,47,102,FALSE,FALSE,FALSE,3698,0.125,0.175,0.05,5,7,0.0705234159779614,0.0915977961432507,0.0210743801652893,0.0630973460341456,0.0839361817711733,0.0208388357370277,0.0454029511918275,0.0454029511918275,0.908059023836549
"era2","Nebraska",5,0.55,42,96,FALSE,FALSE,FALSE,4637,0.125,0.157894736842105,0.0328947368421053,5,6,0.0705234159779614,0.093801652892562,0.0232782369146006,0.0630973460341456,0.100180711204651,0.0370833651705055,0.0454029511918275,0.0431328036322361,0.862656072644722
"era2","Nebraska",5,0.6,43,91,FALSE,FALSE,FALSE,4210,0.125,0.162162162162162,0.0371621621621622,5,6,0.0705234159779614,0.093801652892562,0.0232782369146006,0.0630973460341456,0.100180711204651,0.0370833651705055,0.0454029511918275,0.0419977298524404,0.839954597048808
"era2","Nebraska",5,0.65,43,95,FALSE,FALSE,FALSE,4285,0.125,0.162162162162162,0.0371621621621622,5,6,0.0705234159779614,0.093801652892562,0.0232782369146006,0.0630973460341456,0.100180711204651,0.0370833651705055,0.0454029511918275,0.0419977298524404,0.839954597048808
"era2","Nebraska",5,0.7,44,97,FALSE,FALSE,FALSE,5539,0.125,0.0882352941176471,-0.0367647058823529,5,3,0.0705234159779614,0.0398071625344353,-0.0307162534435262,0.0630973460341456,0.0348980243295924,-0.0281993217045533,0.0454029511918275,0.0385925085130533,0.771850170261067
"era2","Nebraska",5,0.75,44,103,FALSE,FALSE,FALSE,6022,0.125,0.0882352941176471,-0.0367647058823529,5,3,0.0705234159779614,0.0398071625344353,-0.0307162534435262,0.0630973460341456,0.0348980243295924,-0.0281993217045533,0.0454029511918275,0.0385925085130533,0.771850170261067
"era2","Nebraska",10,0.25,92,198,FALSE,FALSE,FALSE,6963,0.164705882352941,0.186046511627907,0.0213406292749658,14,16,0.197382920110193,0.216115702479339,0.018732782369146,0.206929716165807,0.227863767090302,0.0209340509244954,0.0964812712826334,0.0976163450624291,0.976163450624291
"era2","Nebraska",10,0.4,86,179,FALSE,FALSE,FALSE,8082,0.164705882352941,0.194805194805195,0.0300993124522536,14,15,0.197382920110193,0.176584022038567,-0.0207988980716254,0.206929716165807,0.179753770199733,-0.0271759459660734,0.0964812712826334,0.0874006810442679,0.874006810442679
"era2","Nebraska",10,0.5,86,190,FALSE,FALSE,FALSE,9383,0.164705882352941,0.175675675675676,0.0109697933227345,14,13,0.197382920110193,0.161707988980716,-0.0356749311294766,0.206929716165807,0.162194750650968,-0.0447349655148382,0.0964812712826334,0.0839954597048808,0.839954597048808
"era2","Nebraska",10,0.55,75,156,FALSE,FALSE,FALSE,10218,0.164705882352941,0.157142857142857,-0.00756302521008403,14,11,0.197382920110193,0.13732782369146,-0.0600550964187328,0.206929716165807,0.140647306451147,-0.0662824097146596,0.0964812712826334,0.0794551645856981,0.794551645856981
"era2","Nebraska",10,0.6,76,161,FALSE,FALSE,FALSE,11844,0.164705882352941,0.166666666666667,0.00196078431372548,14,12,0.197382920110193,0.14862258953168,-0.0487603305785124,0.206929716165807,0.153337069873663,-0.0535926462921437,0.0964812712826334,0.0817253121452894,0.817253121452894
"era2","Nebraska",10,0.65,74,184,FALSE,TRUE,FALSE,18008,0.164705882352941,0.164383561643836,-0.000322320709105567,14,12,0.197382920110193,0.14862258953168,-0.0487603305785124,0.206929716165807,0.153337069873663,-0.0535926462921437,0.0964812712826334,0.0828603859250851,0.828603859250851
"era2","Nebraska",10,0.7,71,181,FALSE,TRUE,FALSE,19388,0.164705882352941,0.161290322580645,-0.00341555977229602,14,10,0.197382920110193,0.119834710743802,-0.0775482093663912,0.206929716165807,0.123687146117035,-0.0832425700487712,0.0964812712826334,0.0703745743473326,0.703745743473326
"era2","Nebraska",10,0.75,79,199,FALSE,TRUE,FALSE,20042,0.164705882352941,0.164179104477612,-0.000526777875329232,14,11,0.197382920110193,0.149724517906336,-0.0476584022038568,0.206929716165807,0.15130720960678,-0.0556225065590266,0.0964812712826334,0.076049943246311,0.76049943246311
"era2","Nevada",5,0.25,48,96,FALSE,FALSE,FALSE,2842,0.209302325581395,0.207547169811321,-0.0017551557700746,9,11,0.121511833274461,0.133050747674556,0.0115389144000942,0.128699761180582,0.139846506819983,0.0111467456394012,0.0526315789473684,0.0648714810281518,1.29742962056304
"era2","Nevada",5,0.4,43,92,FALSE,FALSE,FALSE,3201,0.209302325581395,0.196428571428571,-0.0128737541528239,9,11,0.121511833274461,0.133050747674556,0.0115389144000942,0.128699761180582,0.139846506819983,0.0111467456394012,0.0526315789473684,0.0685434516523868,1.37086903304774
"era2","Nevada",5,0.5,43,94,FALSE,FALSE,FALSE,3255,0.209302325581395,0.19047619047619,-0.0188261351052049,9,12,0.121511833274461,0.137760508654186,0.0162486753797245,0.128699761180582,0.142995294281558,0.0142955331009759,0.0526315789473684,0.0771113831089351,1.5422276621787
"era2","Nevada",5,0.55,39,85,FALSE,FALSE,FALSE,3722,0.209302325581395,0.188679245283019,-0.0206230802983765,9,10,0.121511833274461,0.135758860237843,0.0142470269633816,0.128699761180582,0.127791874339607,-0.000907886840975536,0.0526315789473684,0.0648714810281518,1.29742962056304
"era2","Nevada",5,0.6,44,88,FALSE,FALSE,FALSE,3893,0.209302325581395,0.186440677966102,-0.0228616476152937,9,11,0.121511833274461,0.156599552572707,0.0350877192982456,0.128699761180582,0.15050253864333,0.0218027774627482,0.0526315789473684,0.0722154222766218,1.44430844553244
"era2","Nevada",5,0.65,41,89,FALSE,FALSE,FALSE,4150,0.209302325581395,0.203703703703704,-0.00559862187769167,9,11,0.121511833274461,0.156599552572707,0.0350877192982456,0.128699761180582,0.15050253864333,0.0218027774627482,0.0526315789473684,0.0660954712362301,1.3219094247246
"era2","Nevada",5,0.7,37,91,FALSE,FALSE,FALSE,4528,0.209302325581395,0.196428571428571,-0.0128737541528239,9,11,0.121511833274461,0.140468621217473,0.0189567879430119,0.128699761180582,0.130940661801181,0.00224090062059923,0.0526315789473684,0.0685434516523868,1.37086903304774
"era2","Nevada",5,0.75,45,98,FALSE,FALSE,FALSE,5583,0.209302325581395,0.206349206349206,-0.00295311923218902,9,13,0.121511833274461,0.166843282703403,0.0453314494289415,0.128699761180582,0.159720382081591,0.0310206209010087,0.0526315789473684,0.0771113831089351,1.5422276621787
"era2","Nevada",10,0.25,78,176,FALSE,FALSE,FALSE,5901,0.145631067961165,0.154639175257732,0.00900810729656693,15,15,0.193806664311786,0.193806664311786,0,0.188249822407111,0.188249822407111,0,0.126070991432069,0.118727050183599,1.18727050183599
"era2","Nevada",10,0.4,67,163,FALSE,FALSE,FALSE,8340,0.145631067961165,0.180851063829787,0.0352199958686222,15,17,0.193806664311786,0.252796420581655,0.0589897562698693,0.188249822407111,0.242968495221626,0.0547186728145149,0.126070991432069,0.115055079559364,1.15055079559364
"era2","Nevada",10,0.5,69,163,FALSE,FALSE,FALSE,8421,0.145631067961165,0.193548387096774,0.0479173191356091,15,18,0.193806664311786,0.268220887789945,0.0744142234781585,0.188249822407111,0.259537709986966,0.0712878875798554,0.126070991432069,0.113831089351285,1.13831089351285
"era2","Nevada",10,0.55,64,153,FALSE,FALSE,FALSE,11524,0.145631067961165,0.182926829268293,0.0372957613071276,15,15,0.193806664311786,0.236547745201931,0.0427410808901448,0.188249822407111,0.227859482199871,0.0396096597927607,0.126070991432069,0.100367197062424,1.00367197062423
"era2","Nevada",10,0.6,68,180,FALSE,TRUE,FALSE,18732,0.145631067961165,0.183908045977011,0.0382769780158465,15,16,0.193806664311786,0.248557635699988,0.0547509713882021,0.188249822407111,0.239722538477139,0.0514727160700286,0.126070991432069,0.106487148102815,1.06487148102815
"era2","Nevada",10,0.65,68,175,FALSE,TRUE,FALSE,15575,0.145631067961165,0.197674418604651,0.0520433506434861,15,17,0.193806664311786,0.273637112916519,0.0798304486047333,0.188249822407111,0.2664828932376,0.0782330708304889,0.126070991432069,0.105263157894737,1.05263157894737
"era2","Nevada",10,0.7,53,188,FALSE,TRUE,FALSE,21582,0.145631067961165,0.191919191919192,0.0462881239580269,15,19,0.193806664311786,0.274696809136936,0.0808901448251501,0.188249822407111,0.26479737853088,0.0765475561237693,0.126070991432069,0.121175030599755,1.21175030599755
"era2","Nevada",10,0.75,62,199,FALSE,TRUE,FALSE,22002,0.145631067961165,0.178947368421053,0.0333163004598876,15,17,0.193806664311786,0.215707052867067,0.0219003885552808,0.188249822407111,0.210078705716365,0.0218288833092545,0.126070991432069,0.116279069767442,1.16279069767442
"era2","New Hampshire",5,0.25,28,83,FALSE,FALSE,FALSE,2434,0.238095238095238,0.238095238095238,0,5,5,0.0699224595293157,0.0699224595293157,0,0.0637081435114307,0.0637081435114307,0,0.0360205831903945,0.0360205831903945,0.72041166380789
"era2","New Hampshire",5,0.4,30,80,FALSE,FALSE,FALSE,2528,0.238095238095238,0.277777777777778,0.0396825396825397,5,5,0.0699224595293157,0.0699224595293157,0,0.0637081435114307,0.0637081435114307,0,0.0360205831903945,0.0308747855917667,0.617495711835334
"era2","New Hampshire",5,0.5,29,79,FALSE,FALSE,FALSE,2586,0.238095238095238,0.277777777777778,0.0396825396825397,5,5,0.0699224595293157,0.0699224595293157,0,0.0637081435114307,0.0637081435114307,0,0.0360205831903945,0.0308747855917667,0.617495711835334
"era2","New Hampshire",5,0.55,26,69,FALSE,FALSE,FALSE,2763,0.238095238095238,0.238095238095238,0,5,5,0.0699224595293157,0.0699224595293157,0,0.0637081435114307,0.0637081435114307,0,0.0360205831903945,0.0360205831903945,0.72041166380789
"era2","New Hampshire",5,0.6,28,74,FALSE,FALSE,FALSE,2922,0.238095238095238,0.3,0.0619047619047619,5,6,0.0699224595293157,0.0984900013603591,0.0285675418310434,0.0637081435114307,0.105134713619079,0.0414265701076483,0.0360205831903945,0.0343053173241852,0.686106346483705
"era2","New Hampshire",5,0.65,27,76,FALSE,FALSE,FALSE,3057,0.238095238095238,0.3,0.0619047619047619,5,6,0.0699224595293157,0.0984900013603591,0.0285675418310434,0.0637081435114307,0.105134713619079,0.0414265701076483,0.0360205831903945,0.0343053173241852,0.686106346483705
"era2","New Hampshire",5,0.7,25,77,FALSE,FALSE,FALSE,3422,0.238095238095238,0.263157894736842,0.025062656641604,5,5,0.0699224595293157,0.0699224595293157,0,0.0637081435114307,0.0637081435114307,0,0.0360205831903945,0.032590051457976,0.65180102915952
"era2","New Hampshire",5,0.75,25,82,FALSE,FALSE,FALSE,3794,0.238095238095238,0.3,0.0619047619047619,5,6,0.0699224595293157,0.0984900013603591,0.0285675418310434,0.0637081435114307,0.105134713619079,0.0414265701076483,0.0360205831903945,0.0343053173241852,0.686106346483705
"era2","New Hampshire",10,0.25,57,152,FALSE,FALSE,FALSE,5253,0.263157894736842,0.222222222222222,-0.0409356725146199,15,12,0.260236702489457,0.222554754455176,-0.0376819480342811,0.246103696890382,0.207440550997755,-0.0386631458926269,0.097770154373928,0.0926243567753002,0.926243567753002
"era2","New Hampshire",10,0.4,55,145,FALSE,FALSE,FALSE,5828,0.263157894736842,0.259259259259259,-0.00389863547758285,15,14,0.260236702489457,0.249353829410964,-0.0108828730784928,0.246103696890382,0.234132467314749,-0.0119712295756336,0.097770154373928,0.0926243567753002,0.926243567753002
"era2","New Hampshire",10,0.5,52,158,FALSE,FALSE,FALSE,8043,0.263157894736842,0.269230769230769,0.00607287449392713,15,14,0.260236702489457,0.249353829410964,-0.0108828730784928,0.246103696890382,0.234132467314749,-0.0119712295756336,0.097770154373928,0.0891938250428816,0.891938250428816
"era2","New Hampshire",10,0.55,49,136,FALSE,FALSE,FALSE,8522,0.263157894736842,0.22,-0.0431578947368421,15,11,0.260236702489457,0.212624132771052,-0.0476125697184057,0.246103696890382,0.196777794372437,-0.0493259025179449,0.097770154373928,0.0857632933104631,0.857632933104631
"era2","New Hampshire",10,0.6,56,139,FALSE,FALSE,FALSE,9979,0.263157894736842,0.244897959183673,-0.0182599355531686,15,12,0.260236702489457,0.22296286219562,-0.0372738402938376,0.246103696890382,0.206796396323107,-0.0393073005672749,0.097770154373928,0.0840480274442539,0.840480274442538
"era2","New Hampshire",10,0.65,57,162,FALSE,TRUE,FALSE,13040,0.263157894736842,0.1875,-0.0756578947368421,15,9,0.260236702489457,0.174262005169365,-0.0859746973200925,0.246103696890382,0.163482629267756,-0.082621067622626,0.097770154373928,0.0823327615780446,0.823327615780446
"era2","New Hampshire",10,0.7,61,155,FALSE,TRUE,FALSE,15002,0.263157894736842,0.25,-0.0131578947368421,15,11,0.260236702489457,0.199156577336417,-0.0610801251530404,0.246103696890382,0.198441717989962,-0.04766197890042,0.097770154373928,0.0754716981132075,0.754716981132075
"era2","New Hampshire",10,0.75,63,166,FALSE,TRUE,FALSE,19433,0.263157894736842,0.266666666666667,0.00350877192982457,15,12,0.260236702489457,0.20772683988573,-0.0525098626037274,0.246103696890382,0.204457560811681,-0.0416461360787009,0.097770154373928,0.0771869639794168,0.771869639794168
"era2","New Jersey",5,0.25,31,98,FALSE,FALSE,FALSE,2327,0.28,0.28,0,7,7,0.0829973915105525,0.0829973915105525,0,0.0604872378255656,0.0604872378255656,0,0.0360750360750361,0.0360750360750361,0.721500721500721
"era2","New Jersey",5,0.4,31,88,FALSE,FALSE,FALSE,2445,0.28,0.28,0,7,7,0.0829973915105525,0.0829973915105525,0,0.0604872378255656,0.0604872378255656,0,0.0360750360750361,0.0360750360750361,0.721500721500721
"era2","New Jersey",5,0.5,34,89,FALSE,FALSE,FALSE,2843,0.28,0.321428571428571,0.0414285714285714,7,9,0.0829973915105525,0.132321555608252,0.0493241640976998,0.0604872378255656,0.108290685609151,0.0478034477835856,0.0360750360750361,0.0404040404040404,0.808080808080808
"era2","New Jersey",5,0.55,32,78,FALSE,FALSE,FALSE,3201,0.28,0.3,0.02,7,9,0.0829973915105525,0.132321555608252,0.0493241640976998,0.0604872378255656,0.108290685609151,0.0478034477835856,0.0360750360750361,0.0432900432900433,0.865800865800866
"era2","New Jersey",5,0.6,32,90,FALSE,FALSE,FALSE,4000,0.28,0.3,0.02,7,9,0.0829973915105525,0.132321555608252,0.0493241640976998,0.0604872378255656,0.108290685609151,0.0478034477835856,0.0360750360750361,0.0432900432900433,0.865800865800866
"era2","New Jersey",5,0.65,33,89,FALSE,FALSE,FALSE,3868,0.28,0.3,0.02,7,9,0.0829973915105525,0.132321555608252,0.0493241640976998,0.0604872378255656,0.108290685609151,0.0478034477835856,0.0360750360750361,0.0432900432900433,0.865800865800866
"era2","New Jersey",5,0.7,32,90,FALSE,FALSE,FALSE,4247,0.28,0.323529411764706,0.0435294117647059,7,11,0.0829973915105525,0.147023950675836,0.0640265591652834,0.0604872378255656,0.125753218136516,0.06526598031095,0.0360750360750361,0.0490620490620491,0.981240981240981
"era2","New Jersey",5,0.75,32,93,FALSE,FALSE,FALSE,4512,0.28,0.323529411764706,0.0435294117647059,7,11,0.0829973915105525,0.147023950675836,0.0640265591652834,0.0604872378255656,0.125753218136516,0.06526598031095,0.0360750360750361,0.0490620490620491,0.981240981240981
"era2","New Jersey",10,0.25,66,186,FALSE,FALSE,FALSE,5424,0.277777777777778,0.283018867924528,0.0052410901467505,15,15,0.203106473796538,0.203106473796538,0,0.177564480631539,0.177564480631539,0,0.0779220779220779,0.0764790764790765,0.764790764790765
"era2","New Jersey",10,0.4,58,177,FALSE,FALSE,FALSE,8589,0.277777777777778,0.264150943396226,-0.0136268343815514,15,14,0.203106473796538,0.196466682475694,-0.00663979132084419,0.177564480631539,0.170380761127102,-0.00718371950443691,0.0779220779220779,0.0764790764790765,0.764790764790765
"era2","New Jersey",10,0.5,58,185,FALSE,FALSE,FALSE,9909,0.277777777777778,0.271186440677966,-0.00659133709981169,15,16,0.203106473796538,0.255869101256818,0.0527626274602798,0.177564480631539,0.228556968465393,0.0509924878338538,0.0779220779220779,0.0851370851370851,0.851370851370851
"era2","New Jersey",10,0.55,55,164,FALSE,TRUE,FALSE,13581,0.277777777777778,0.253968253968254,-0.0238095238095238,15,16,0.203106473796538,0.263576001897083,0.0604695281005454,0.177564480631539,0.245888523292772,0.0683240426612324,0.0779220779220779,0.0909090909090909,0.909090909090909
"era2","New Jersey",10,0.6,55,172,FALSE,TRUE,FALSE,14545,0.277777777777778,0.253968253968254,-0.0238095238095238,15,16,0.203106473796538,0.263576001897083,0.0604695281005454,0.177564480631539,0.245888523292772,0.0683240426612324,0.0779220779220779,0.0909090909090909,0.909090909090909
"era2","New Jersey",10,0.65,56,169,FALSE,TRUE,FALSE,15923,0.277777777777778,0.258064516129032,-0.0197132616487455,15,16,0.203106473796538,0.263576001897083,0.0604695281005454,0.177564480631539,0.245888523292772,0.0683240426612324,0.0779220779220779,0.0894660894660895,0.894660894660895
"era2","New Jersey",10,0.7,58,177,FALSE,TRUE,FALSE,18195,0.277777777777778,0.245901639344262,-0.0318761384335155,15,15,0.203106473796538,0.250414986957553,0.0473085131610149,0.177564480631539,0.223795721690746,0.0462312410592069,0.0779220779220779,0.088023088023088,0.88023088023088
"era2","New Jersey",10,0.75,58,186,FALSE,TRUE,FALSE,19755,0.277777777777778,0.245901639344262,-0.0318761384335155,15,15,0.203106473796538,0.250414986957553,0.0473085131610149,0.177564480631539,0.223795721690746,0.0462312410592069,0.0779220779220779,0.088023088023088,0.88023088023088
"era2","New Mexico",5,0.25,44,112,FALSE,FALSE,FALSE,2875,0.166666666666667,0.178571428571429,0.0119047619047619,5,5,0.0532434317600558,0.0532434317600558,0,0.051243635300322,0.051243635300322,0,0.0364077669902913,0.0339805825242718,0.679611650485437
"era2","New Mexico",5,0.4,45,112,FALSE,FALSE,FALSE,3159,0.166666666666667,0.242424242424242,0.0757575757575758,5,8,0.0532434317600558,0.0847089824071921,0.0314655506471363,0.051243635300322,0.0867247767685898,0.0354811414682678,0.0364077669902913,0.0400485436893204,0.800970873786408
"era2","New Mexico",5,0.5,44,114,FALSE,FALSE,FALSE,3412,0.166666666666667,0.25,0.0833333333333333,5,8,0.0532434317600558,0.0847089824071921,0.0314655506471363,0.051243635300322,0.0867247767685898,0.0354811414682678,0.0364077669902913,0.0388349514563107,0.776699029126213
"era2","New Mexico",5,0.55,40,100,FALSE,FALSE,FALSE,3832,0.166666666666667,0.21875,0.0520833333333333,5,7,0.0532434317600558,0.0799813996744943,0.0267379679144385,0.051243635300322,0.083426701635901,0.0321830663355789,0.0364077669902913,0.0388349514563107,0.776699029126213
"era2","New Mexico",5,0.6,37,112,FALSE,FALSE,FALSE,4777,0.166666666666667,0.242424242424242,0.0757575757575758,5,8,0.0532434317600558,0.0854064946136557,0.0321630628535999,0.051243635300322,0.0885533929417903,0.0373097576414683,0.0364077669902913,0.0400485436893204,0.800970873786408
"era2","New Mexico",5,0.65,36,102,FALSE,FALSE,FALSE,4246,0.166666666666667,0.25,0.0833333333333333,5,8,0.0532434317600558,0.0854064946136557,0.0321630628535999,0.051243635300322,0.0885533929417903,0.0373097576414683,0.0364077669902913,0.0388349514563107,0.776699029126213
"era2","New Mexico",5,0.7,40,98,FALSE,FALSE,FALSE,4777,0.166666666666667,0.233333333333333,0.0666666666666667,5,7,0.0532434317600558,0.0697512206463613,0.0165077888863055,0.051243635300322,0.076958694126002,0.02571505882568,0.0364077669902913,0.0364077669902913,0.728155339805825
"era2","New Mexico",5,0.75,41,104,FALSE,FALSE,FALSE,5349,0.166666666666667,0.25,0.0833333333333333,5,7,0.0532434317600558,0.0697512206463613,0.0165077888863055,0.051243635300322,0.076958694126002,0.02571505882568,0.0364077669902913,0.0339805825242718,0.679611650485437
"era2","New Mexico",10,0.25,85,151,FALSE,FALSE,FALSE,4243,0.26027397260274,0.263157894736842,0.00288392213410238,19,20,0.200728512748973,0.210881190420832,0.0101526776718593,0.214956561232753,0.225103655048755,0.0101470938160018,0.0885922330097087,0.0922330097087379,0.922330097087379
"era2","New Mexico",10,0.4,76,135,FALSE,FALSE,FALSE,4285,0.26027397260274,0.289156626506024,0.0288826539032844,19,24,0.200728512748973,0.224211423699915,0.0234829109509417,0.214956561232753,0.235642583226669,0.0206860219939154,0.0885922330097087,0.100728155339806,1.00728155339806
"era2","New Mexico",10,0.5,75,130,FALSE,FALSE,FALSE,4246,0.26027397260274,0.272727272727273,0.012453300124533,19,21,0.200728512748973,0.194683406959622,-0.0060451057893513,0.214956561232753,0.20365234157042,-0.0113042196623332,0.0885922330097087,0.0934466019417476,0.934466019417476
"era2","New Mexico",10,0.55,67,108,FALSE,FALSE,FALSE,4777,0.26027397260274,0.287671232876712,0.0273972602739726,19,21,0.200728512748973,0.196233434085096,-0.00449507866387661,0.214956561232753,0.203501140621627,-0.011455420611126,0.0885922330097087,0.0885922330097087,0.885922330097087
"era2","New Mexico",10,0.6,69,109,FALSE,FALSE,FALSE,4777,0.26027397260274,0.297297297297297,0.0370233246945576,19,22,0.200728512748973,0.216771293497636,0.0160427807486631,0.214956561232753,0.226637025601479,0.0116804643687253,0.0885922330097087,0.0898058252427184,0.898058252427184
"era2","New Mexico",10,0.65,72,132,FALSE,FALSE,FALSE,6454,0.26027397260274,0.298701298701299,0.038427326098559,19,23,0.200728512748973,0.215996279934899,0.0152677671859258,0.214956561232753,0.225821280629202,0.0108647193964489,0.0885922330097087,0.0934466019417476,0.934466019417476
"era2","New Mexico",10,0.7,74,125,FALSE,FALSE,FALSE,6963,0.26027397260274,0.342105263157895,0.081831290555155,19,26,0.200728512748973,0.26954971712005,0.0688212043710765,0.214956561232753,0.291686513072991,0.0767299518402382,0.0885922330097087,0.0922330097087379,0.922330097087379
"era2","New Mexico",10,0.75,83,147,FALSE,FALSE,FALSE,10104,0.26027397260274,0.352941176470588,0.0926672038678485,19,30,0.200728512748973,0.296055180965667,0.0953266682166938,0.214956561232753,0.317006885246388,0.102050324013634,0.0885922330097087,0.103155339805825,1.03155339805825
"era2","New York",5,0.25,32,101,FALSE,FALSE,FALSE,1767,0.037037037037037,0.037037037037037,0,1,1,0.0231070496083551,0.0231070496083551,0,0.0254510454428359,0.0254510454428359,0,0.0312862108922364,0.0312862108922364,0.625724217844728
"era2","New York",5,0.4,28,84,FALSE,FALSE,FALSE,1961,0.037037037037037,0.0333333333333333,-0.0037037037037037,1,1,0.0231070496083551,0.0231070496083551,0,0.0254510454428359,0.0254510454428359,0,0.0312862108922364,0.0347624565469293,0.695249130938586
"era2","New York",5,0.5,31,82,FALSE,FALSE,FALSE,2030,0.037037037037037,0.0303030303030303,-0.00673400673400673,1,1,0.0231070496083551,0.0231070496083551,0,0.0254510454428359,0.0254510454428359,0,0.0312862108922364,0.0382387022016222,0.764774044032445
"era2","New York",5,0.55,26,70,FALSE,FALSE,FALSE,2090,0.037037037037037,0.0294117647058824,-0.00762527233115468,1,1,0.0231070496083551,0.0231070496083551,0,0.0254510454428359,0.0254510454428359,0,0.0312862108922364,0.0393974507531866,0.787949015063731
"era2","New York",5,0.6,26,84,FALSE,FALSE,FALSE,2964,0.037037037037037,0.0645161290322581,0.027479091995221,1,2,0.0231070496083551,0.0439947780678851,0.02088772845953,0.0254510454428359,0.0465582499243058,0.0211072044814699,0.0312862108922364,0.0359212050984936,0.718424101969872
"era2","New York",5,0.65,26,74,FALSE,FALSE,FALSE,2759,0.037037037037037,0.0625,0.025462962962963,1,2,0.0231070496083551,0.0439947780678851,0.02088772845953,0.0254510454428359,0.0465582499243058,0.0211072044814699,0.0312862108922364,0.0370799536500579,0.741599073001159
"era2","New York",5,0.7,24,80,FALSE,FALSE,FALSE,3161,0.037037037037037,0.0882352941176471,0.05119825708061,1,3,0.0231070496083551,0.0493472584856397,0.0262402088772846,0.0254510454428359,0.0512835513229998,0.0258325058801639,0.0312862108922364,0.0393974507531866,0.787949015063731
"era2","New York",5,0.75,24,87,FALSE,FALSE,FALSE,3684,0.037037037037037,0.0882352941176471,0.05119825708061,1,3,0.0231070496083551,0.0493472584856397,0.0262402088772846,0.0254510454428359,0.0512835513229998,0.0258325058801639,0.0312862108922364,0.0393974507531866,0.787949015063731
"era2","New York",10,0.25,62,185,FALSE,FALSE,FALSE,3832,0.0684931506849315,0.0810810810810811,0.0125879303961496,5,6,0.0738903394255875,0.0881201044386423,0.0142297650130548,0.0680849773879395,0.0806840058324629,0.0125990284445234,0.0845886442641947,0.085747392815759,0.85747392815759
"era2","New York",10,0.4,52,168,FALSE,FALSE,FALSE,5347,0.0684931506849315,0.0972222222222222,0.0287290715372907,5,7,0.0738903394255875,0.10378590078329,0.0298955613577024,0.0680849773879395,0.0937818174519107,0.0256968400639712,0.0845886442641947,0.0834298957126304,0.834298957126304
"era2","New York",10,0.5,53,182,FALSE,FALSE,FALSE,6193,0.0684931506849315,0.0898876404494382,0.0213944897645067,5,8,0.0738903394255875,0.126892950391645,0.0530026109660574,0.0680849773879395,0.115351721480459,0.0472667440925197,0.0845886442641947,0.103128621089224,1.03128621089224
"era2","New York",10,0.55,50,149,FALSE,FALSE,FALSE,7368,0.0684931506849315,0.0879120879120879,0.0194189372271564,5,8,0.0738903394255875,0.126892950391645,0.0530026109660574,0.0680849773879395,0.115351721480459,0.0472667440925197,0.0845886442641947,0.105446118192352,1.05446118192352
"era2","New York",10,0.6,55,159,FALSE,FALSE,FALSE,7734,0.0684931506849315,0.106666666666667,0.0381735159817352,5,8,0.0738903394255875,0.121801566579634,0.047911227154047,0.0680849773879395,0.127249776207783,0.0591647988198437,0.0845886442641947,0.0869061413673233,0.869061413673233
"era2","New York",10,0.65,49,165,FALSE,FALSE,FALSE,11032,0.0684931506849315,0.0842105263157895,0.015717375630858,5,8,0.0738903394255875,0.130678851174935,0.0567885117493473,0.0680849773879395,0.136220651791808,0.0681356744038689,0.0845886442641947,0.11008111239861,1.10081112398609
"era2","New York",10,0.7,58,177,FALSE,TRUE,FALSE,14842,0.0684931506849315,0.0845070422535211,0.0160138915685896,5,6,0.0738903394255875,0.0919060052219321,0.0180156657963446,0.0680849773879395,0.101552936143812,0.0334679587558726,0.0845886442641947,0.0822711471610661,0.82271147161066
"era2","New York",10,0.75,60,193,FALSE,TRUE,FALSE,19030,0.0684931506849315,0.0845070422535211,0.0160138915685896,5,6,0.0738903394255875,0.0919060052219321,0.0180156657963446,0.0680849773879395,0.101552936143812,0.0334679587558726,0.0845886442641947,0.0822711471610661,0.82271147161066
"era2","North Carolina",5,0.25,49,116,FALSE,FALSE,FALSE,2964,0.1,0.1,0,3,3,0.0315369743837603,0.0315369743837603,0,0.0334431987764945,0.0334431987764945,0,0.0328947368421053,0.0328947368421053,0.657894736842105
"era2","North Carolina",5,0.4,45,118,FALSE,FALSE,FALSE,3828,0.1,0.0869565217391304,-0.0130434782608696,3,2,0.0315369743837603,0.0200579990333494,-0.0114789753504108,0.0334431987764945,0.019961261765687,-0.0134819370108074,0.0328947368421053,0.025219298245614,0.504385964912281
"era2","North Carolina",5,0.5,45,124,FALSE,FALSE,FALSE,4171,0.1,0.0952380952380952,-0.00476190476190477,3,2,0.0315369743837603,0.0200579990333494,-0.0114789753504108,0.0334431987764945,0.019961261765687,-0.0134819370108074,0.0328947368421053,0.0230263157894737,0.460526315789474
"era2","North Carolina",5,0.55,36,113,FALSE,FALSE,FALSE,4555,0.1,0.142857142857143,0.0428571428571428,3,2,0.0315369743837603,0.0200579990333494,-0.0114789753504108,0.0334431987764945,0.019961261765687,-0.0134819370108074,0.0328947368421053,0.0153508771929825,0.307017543859649
"era2","North Carolina",5,0.6,36,118,FALSE,FALSE,FALSE,5539,0.1,0.142857142857143,0.0428571428571428,3,2,0.0315369743837603,0.0200579990333494,-0.0114789753504108,0.0334431987764945,0.019961261765687,-0.0134819370108074,0.0328947368421053,0.0153508771929825,0.307017543859649
"era2","North Carolina",5,0.65,36,128,FALSE,FALSE,FALSE,6112,0.1,0.133333333333333,0.0333333333333333,3,2,0.0315369743837603,0.0200579990333494,-0.0114789753504108,0.0334431987764945,0.019961261765687,-0.0134819370108074,0.0328947368421053,0.0164473684210526,0.328947368421053
"era2","North Carolina",5,0.7,39,125,FALSE,FALSE,FALSE,6622,0.1,0.125,0.025,3,2,0.0315369743837603,0.0200579990333494,-0.0114789753504108,0.0334431987764945,0.019961261765687,-0.0134819370108074,0.0328947368421053,0.0175438596491228,0.350877192982456
"era2","North Carolina",5,0.75,39,121,FALSE,FALSE,FALSE,5539,0.1,0.125,0.025,3,2,0.0315369743837603,0.0200579990333494,-0.0114789753504108,0.0334431987764945,0.019961261765687,-0.0134819370108074,0.0328947368421053,0.0175438596491228,0.350877192982456
"era2","North Carolina",10,0.25,94,225,FALSE,FALSE,FALSE,8364,0.0754716981132075,0.117647058823529,0.0421753607103219,4,6,0.0390285161913968,0.0659739004349928,0.0269453842435959,0.0419988989192828,0.0745467623671548,0.032547863447872,0.0581140350877193,0.0559210526315789,0.559210526315789
"era2","North Carolina",10,0.4,82,191,FALSE,FALSE,FALSE,8590,0.0754716981132075,0.115384615384615,0.0399129172714078,4,6,0.0390285161913968,0.0616239729337844,0.0225954567423876,0.0419988989192828,0.0668395778816048,0.0248406789623219,0.0581140350877193,0.0570175438596491,0.570175438596491
"era2","North Carolina",10,0.5,84,215,FALSE,FALSE,FALSE,11133,0.0754716981132075,0.127272727272727,0.0518010291595197,4,7,0.0390285161913968,0.069115514741421,0.0300869985500242,0.0419988989192828,0.0753952780243931,0.0333963791051103,0.0581140350877193,0.0603070175438596,0.603070175438596
"era2","North Carolina",10,0.55,73,188,FALSE,TRUE,FALSE,15059,0.0754716981132075,0.166666666666667,0.0911949685534591,4,9,0.0390285161913968,0.142218463025616,0.103189946834219,0.0419988989192828,0.13752165465582,0.0955227557365368,0.0581140350877193,0.0592105263157895,0.592105263157895
"era2","North Carolina",10,0.6,73,196,FALSE,TRUE,FALSE,16868,0.0754716981132075,0.166666666666667,0.0911949685534591,4,9,0.0390285161913968,0.142218463025616,0.103189946834219,0.0419988989192828,0.13752165465582,0.0955227557365368,0.0581140350877193,0.0592105263157895,0.592105263157895
"era2","North Carolina",10,0.65,85,212,FALSE,TRUE,FALSE,20627,0.0754716981132075,0.12,0.0445283018867925,4,6,0.0390285161913968,0.0862735621072982,0.0472450459159014,0.0419988989192828,0.0926647288032867,0.0506658298840039,0.0581140350877193,0.0548245614035088,0.548245614035088
"era2","North Carolina",10,0.7,86,209,FALSE,TRUE,FALSE,21423,0.0754716981132075,0.130434782608696,0.0549630844954881,4,6,0.0390285161913968,0.0924359594006767,0.0534074432092798,0.0419988989192828,0.100757358027952,0.0587584591086688,0.0581140350877193,0.0504385964912281,0.504385964912281
"era2","North Carolina",10,0.75,89,240,FALSE,TRUE,FALSE,26224,0.0754716981132075,0.12,0.0445283018867925,4,6,0.0390285161913968,0.0924359594006767,0.0534074432092798,0.0419988989192828,0.100757358027952,0.0587584591086688,0.0581140350877193,0.0548245614035088,0.548245614035088
"era2","North Dakota",5,0.25,30,81,FALSE,FALSE,FALSE,2565,0.137931034482759,0.137931034482759,0,4,4,0.155636363636364,0.155636363636364,0,0.15097409994269,0.15097409994269,0,0.0662100456621005,0.0662100456621005,1.32420091324201
"era2","North Dakota",5,0.4,29,73,FALSE,FALSE,FALSE,2843,0.137931034482759,0.137931034482759,0,4,4,0.155636363636364,0.155636363636364,0,0.15097409994269,0.15097409994269,0,0.0662100456621005,0.0662100456621005,1.32420091324201
"era2","North Dakota",5,0.5,29,75,FALSE,FALSE,FALSE,3002,0.137931034482759,0.137931034482759,0,4,4,0.155636363636364,0.155636363636364,0,0.15097409994269,0.15097409994269,0,0.0662100456621005,0.0662100456621005,1.32420091324201
"era2","North Dakota",5,0.55,26,58,FALSE,FALSE,FALSE,2843,0.137931034482759,0.111111111111111,-0.0268199233716475,4,3,0.155636363636364,0.111636363636364,-0.044,0.15097409994269,0.120433523669541,-0.0305405762731489,0.0662100456621005,0.0616438356164384,1.23287671232877
"era2","North Dakota",5,0.6,26,58,FALSE,FALSE,FALSE,2843,0.137931034482759,0.111111111111111,-0.0268199233716475,4,3,0.155636363636364,0.111636363636364,-0.044,0.15097409994269,0.120433523669541,-0.0305405762731489,0.0662100456621005,0.0616438356164384,1.23287671232877
"era2","North Dakota",5,0.65,26,61,FALSE,FALSE,FALSE,3231,0.137931034482759,0.115384615384615,-0.0225464190981432,4,3,0.155636363636364,0.111636363636364,-0.044,0.15097409994269,0.120433523669541,-0.0305405762731489,0.0662100456621005,0.0593607305936073,1.18721461187215
"era2","North Dakota",5,0.7,25,60,FALSE,FALSE,FALSE,3183,0.137931034482759,0.115384615384615,-0.0225464190981432,4,3,0.155636363636364,0.111636363636364,-0.044,0.15097409994269,0.120433523669541,-0.0305405762731489,0.0662100456621005,0.0593607305936073,1.18721461187215
"era2","North Dakota",5,0.75,25,60,FALSE,FALSE,FALSE,3183,0.137931034482759,0.115384615384615,-0.0225464190981432,4,3,0.155636363636364,0.111636363636364,-0.044,0.15097409994269,0.120433523669541,-0.0305405762731489,0.0662100456621005,0.0593607305936073,1.18721461187215
"era2","North Dakota",10,0.25,59,134,FALSE,FALSE,FALSE,5075,0.116279069767442,0.133333333333333,0.0170542635658915,5,6,0.174545454545455,0.210909090909091,0.0363636363636363,0.170232923589159,0.197731682559491,0.027498758970332,0.0981735159817352,0.102739726027397,1.02739726027397
"era2","North Dakota",10,0.4,56,121,FALSE,FALSE,FALSE,5333,0.116279069767442,0.145833333333333,0.0295542635658915,5,7,0.174545454545455,0.261818181818182,0.0872727272727273,0.170232923589159,0.27212408385147,0.101891160262311,0.0981735159817352,0.10958904109589,1.0958904109589
"era2","North Dakota",10,0.5,57,129,FALSE,FALSE,FALSE,6511,0.116279069767442,0.148936170212766,0.0326571004453241,5,7,0.174545454545455,0.261818181818182,0.0872727272727273,0.170232923589159,0.27212408385147,0.101891160262311,0.0981735159817352,0.107305936073059,1.07305936073059
"era2","North Dakota",10,0.55,51,109,FALSE,FALSE,FALSE,7044,0.116279069767442,0.14,0.0237209302325582,5,7,0.174545454545455,0.306181818181818,0.131636363636364,0.170232923589159,0.358753444112171,0.188520520523012,0.0981735159817352,0.114155251141553,1.14155251141552
"era2","North Dakota",10,0.6,51,118,FALSE,FALSE,FALSE,9910,0.116279069767442,0.14,0.0237209302325582,5,7,0.174545454545455,0.306181818181818,0.131636363636364,0.170232923589159,0.358753444112171,0.188520520523012,0.0981735159817352,0.114155251141553,1.14155251141552
"era2","North Dakota",10,0.65,51,123,FALSE,FALSE,FALSE,10192,0.116279069767442,0.142857142857143,0.026578073089701,5,7,0.174545454545455,0.306181818181818,0.131636363636364,0.170232923589159,0.358753444112171,0.188520520523012,0.0981735159817352,0.111872146118721,1.11872146118721
"era2","North Dakota",10,0.7,49,120,FALSE,TRUE,FALSE,12240,0.116279069767442,0.145833333333333,0.0295542635658915,5,7,0.174545454545455,0.306181818181818,0.131636363636364,0.170232923589159,0.358753444112171,0.188520520523012,0.0981735159817352,0.10958904109589,1.0958904109589
"era2","North Dakota",10,0.75,49,125,FALSE,TRUE,FALSE,13040,0.116279069767442,0.145833333333333,0.0295542635658915,5,7,0.174545454545455,0.306181818181818,0.131636363636364,0.170232923589159,0.358753444112171,0.188520520523012,0.0981735159817352,0.10958904109589,1.0958904109589
"era2","Ohio",5,0.25,40,113,FALSE,FALSE,FALSE,2792,0.325581395348837,0.325581395348837,0,14,14,0.163267005245192,0.163267005245192,0,0.16028471630271,0.16028471630271,0,0.0490867579908676,0.0490867579908676,0.981735159817351
"era2","Ohio",5,0.4,44,111,FALSE,FALSE,FALSE,3772,0.325581395348837,0.357142857142857,0.0315614617940199,14,15,0.163267005245192,0.167513112979769,0.00424610773457662,0.16028471630271,0.165893950847839,0.00560923454512882,0.0490867579908676,0.0479452054794521,0.958904109589041
"era2","Ohio",5,0.5,44,119,FALSE,FALSE,FALSE,4208,0.325581395348837,0.348837209302326,0.0232558139534884,14,15,0.163267005245192,0.167513112979769,0.00424610773457662,0.16028471630271,0.165893950847839,0.00560923454512882,0.0490867579908676,0.0490867579908676,0.981735159817351
"era2","Ohio",5,0.55,40,101,FALSE,FALSE,FALSE,4749,0.325581395348837,0.348837209302326,0.0232558139534884,14,15,0.163267005245192,0.167513112979769,0.00424610773457662,0.16028471630271,0.165893950847839,0.00560923454512882,0.0490867579908676,0.0490867579908676,0.981735159817351
"era2","Ohio",5,0.6,40,102,FALSE,FALSE,FALSE,4637,0.325581395348837,0.348837209302326,0.0232558139534884,14,15,0.163267005245192,0.167513112979769,0.00424610773457662,0.16028471630271,0.165893950847839,0.00560923454512882,0.0490867579908676,0.0490867579908676,0.981735159817351
"era2","Ohio",5,0.65,40,105,FALSE,FALSE,FALSE,5106,0.325581395348837,0.348837209302326,0.0232558139534884,14,15,0.163267005245192,0.167513112979769,0.00424610773457662,0.16028471630271,0.165893950847839,0.00560923454512882,0.0490867579908676,0.0490867579908676,0.981735159817351
"era2","Ohio",5,0.7,32,106,FALSE,FALSE,FALSE,5786,0.325581395348837,0.394736842105263,0.0691554467564259,14,15,0.163267005245192,0.167513112979769,0.00424610773457662,0.16028471630271,0.165893950847839,0.00560923454512882,0.0490867579908676,0.04337899543379,0.867579908675799
"era2","Ohio",5,0.75,34,115,FALSE,FALSE,FALSE,6422,0.325581395348837,0.405405405405405,0.0798240100565682,14,15,0.163267005245192,0.167513112979769,0.00424610773457662,0.16028471630271,0.165893950847839,0.00560923454512882,0.0490867579908676,0.0422374429223744,0.844748858447488
"era2","Ohio",10,0.25,85,195,FALSE,FALSE,FALSE,7056,0.260869565217391,0.25,-0.0108695652173913,18,18,0.190825077012738,0.187328282407793,-0.00349679460494545,0.187231656108954,0.187976415194859,0.000744759085905045,0.0787671232876712,0.0821917808219178,0.821917808219178
"era2","Ohio",10,0.4,80,177,FALSE,FALSE,FALSE,8581,0.260869565217391,0.276923076923077,0.0160535117056856,18,18,0.190825077012738,0.187328282407793,-0.00349679460494545,0.187231656108954,0.187976415194859,0.000744759085905045,0.0787671232876712,0.0742009132420091,0.742009132420091
"era2","Ohio",10,0.5,79,183,FALSE,FALSE,FALSE,9601,0.260869565217391,0.285714285714286,0.0248447204968944,18,18,0.190825077012738,0.187328282407793,-0.00349679460494545,0.187231656108954,0.187976415194859,0.000744759085905045,0.0787671232876712,0.0719178082191781,0.719178082191781
"era2","Ohio",10,0.55,72,163,FALSE,TRUE,FALSE,13581,0.260869565217391,0.285714285714286,0.0248447204968944,18,18,0.190825077012738,0.187328282407793,-0.00349679460494545,0.187231656108954,0.187976415194859,0.000744759085905045,0.0787671232876712,0.0719178082191781,0.719178082191781
"era2","Ohio",10,0.6,72,164,FALSE,TRUE,FALSE,15320,0.260869565217391,0.28125,0.0203804347826087,18,18,0.190825077012738,0.187328282407793,-0.00349679460494545,0.187231656108954,0.187976415194859,0.000744759085905045,0.0787671232876712,0.0730593607305936,0.730593607305936
"era2","Ohio",10,0.65,73,168,FALSE,TRUE,FALSE,18382,0.260869565217391,0.294117647058824,0.0332480818414322,18,20,0.190825077012738,0.201981516942802,0.0111564399300641,0.187231656108954,0.202866306527859,0.0156346504189051,0.0787671232876712,0.0776255707762557,0.776255707762557
"era2","Ohio",10,0.7,74,192,FALSE,TRUE,FALSE,22886,0.260869565217391,0.268292682926829,0.00742311770943799,18,22,0.190825077012738,0.24494213637499,0.0541170593622513,0.187231656108954,0.24165656059134,0.0544249044823861,0.0787671232876712,0.0936073059360731,0.93607305936073
"era2","Ohio",10,0.75,74,220,FALSE,TRUE,FALSE,25473,0.260869565217391,0.304878048780488,0.0440084835630965,18,25,0.190825077012738,0.259678627924403,0.0688535509116643,0.187231656108954,0.2618116822784,0.0745800261694466,0.0787671232876712,0.0936073059360731,0.93607305936073
"era2","Oklahoma",5,0.25,49,126,FALSE,FALSE,FALSE,3706,0.244444444444444,0.266666666666667,0.0222222222222222,11,12,0.124861177217198,0.140885292717753,0.0160241155005553,0.111528407054633,0.121825846990919,0.0102974399362867,0.047418335089568,0.047418335089568,0.948366701791359
"era2","Oklahoma",5,0.4,43,113,FALSE,FALSE,FALSE,4253,0.244444444444444,0.25,0.00555555555555556,11,11,0.124861177217198,0.124861177217198,0,0.111528407054633,0.111528407054633,0,0.047418335089568,0.0463645943097998,0.927291886195996
"era2","Oklahoma",5,0.5,46,112,FALSE,FALSE,FALSE,4384,0.244444444444444,0.295454545454545,0.051010101010101,11,13,0.124861177217198,0.144693003331747,0.0198318261145486,0.111528407054633,0.130080610069885,0.0185522030152521,0.047418335089568,0.0463645943097998,0.927291886195996
"era2","Oklahoma",5,0.55,39,98,FALSE,FALSE,FALSE,5213,0.244444444444444,0.285714285714286,0.0412698412698413,11,12,0.124861177217198,0.141202601935586,0.0163414247183881,0.111528407054633,0.127354376250268,0.0158259691956351,0.047418335089568,0.0442571127502634,0.885142255005269
"era2","Oklahoma",5,0.6,41,99,FALSE,FALSE,FALSE,5390,0.244444444444444,0.285714285714286,0.0412698412698413,11,12,0.124861177217198,0.140885292717753,0.0160241155005553,0.111528407054633,0.126582840799506,0.0150544337448738,0.047418335089568,0.0442571127502634,0.885142255005269
"era2","Oklahoma",5,0.65,37,92,FALSE,FALSE,FALSE,5073,0.244444444444444,0.3,0.0555555555555556,11,12,0.124861177217198,0.139219419324131,0.0143582421069332,0.111528407054633,0.129805139673459,0.0182767326188269,0.047418335089568,0.0421496311907271,0.842992623814542
"era2","Oklahoma",5,0.7,40,110,FALSE,FALSE,FALSE,6413,0.244444444444444,0.27906976744186,0.034625322997416,11,12,0.124861177217198,0.143423766460416,0.0185625892432175,0.111528407054633,0.137005904525229,0.0254774974705966,0.047418335089568,0.0453108535300316,0.906217070600632
"era2","Oklahoma",5,0.75,46,110,FALSE,FALSE,FALSE,6406,0.244444444444444,0.318181818181818,0.0737373737373737,11,14,0.124861177217198,0.154767570997938,0.0299063937807393,0.111528407054633,0.1480479206459,0.0365195135912673,0.047418335089568,0.0463645943097998,0.927291886195996
"era2","Oklahoma",10,0.25,88,205,FALSE,FALSE,FALSE,7748,0.263736263736264,0.260416666666667,-0.00331959706959706,24,25,0.262573377756624,0.278597493257179,0.0160241155005553,0.235793777145749,0.246091217082036,0.0102974399362868,0.0958904109589041,0.101159114857745,1.01159114857745
"era2","Oklahoma",10,0.4,85,170,FALSE,FALSE,FALSE,7889,0.263736263736264,0.236559139784946,-0.0271771239513175,24,22,0.262573377756624,0.236712676503252,-0.0258607012533714,0.235793777145749,0.209563984836212,-0.0262297923095377,0.0958904109589041,0.0979978925184405,0.979978925184405
"era2","Oklahoma",10,0.5,75,179,FALSE,FALSE,FALSE,9860,0.263736263736264,0.266666666666667,0.00293040293040292,24,24,0.262573377756624,0.246628589560527,-0.0159447881960971,0.235793777145749,0.22069317938598,-0.0151005977597692,0.0958904109589041,0.0948366701791359,0.948366701791359
"era2","Oklahoma",10,0.55,73,157,FALSE,TRUE,FALSE,13602,0.263736263736264,0.2125,-0.0512362637362637,24,17,0.262573377756624,0.195383150880533,-0.0671902268760907,0.235793777145749,0.176141619485219,-0.0596521576605301,0.0958904109589041,0.0842992623814542,0.842992623814542
"era2","Oklahoma",10,0.6,68,153,FALSE,TRUE,FALSE,12773,0.263736263736264,0.228915662650602,-0.0348206010856613,24,19,0.262573377756624,0.201808662541647,-0.060764715214977,0.235793777145749,0.178288687118007,-0.0575050900277419,0.0958904109589041,0.0874604847207587,0.874604847207587
"era2","Oklahoma",10,0.65,77,170,FALSE,TRUE,FALSE,16088,0.263736263736264,0.252873563218391,-0.0108627005178729,24,22,0.262573377756624,0.273837854989687,0.0112644772330636,0.235793777145749,0.246580600571642,0.0107868234258928,0.0958904109589041,0.0916754478398314,0.916754478398314
"era2","Oklahoma",10,0.7,83,164,FALSE,TRUE,FALSE,19195,0.263736263736264,0.21978021978022,-0.043956043956044,24,20,0.262573377756624,0.268998889417738,0.00642551166111377,0.235793777145749,0.258133320588116,0.0223395434423663,0.0958904109589041,0.0958904109589041,0.958904109589041
"era2","Oklahoma",10,0.75,82,182,FALSE,TRUE,FALSE,21210,0.263736263736264,0.263157894736842,-0.000578368999421652,24,25,0.262573377756624,0.3189750912264,0.0564017134697763,0.235793777145749,0.290090120762775,0.054296343617026,0.0958904109589041,0.100105374077977,1.00105374077977
"era2","Oregon",5,0.25,34,121,FALSE,FALSE,FALSE,2873,0.3125,0.304347826086957,-0.00815217391304346,15,14,0.135199321458863,0.120186598812553,-0.0150127226463104,0.141166047557294,0.125113786319564,-0.0160522612377297,0.0619354838709677,0.0593548387096774,1.18709677419355
"era2","Oregon",5,0.4,38,113,FALSE,FALSE,FALSE,3386,0.3125,0.375,0.0625,15,12,0.135199321458863,0.0901611535199321,-0.0450381679389313,0.141166047557294,0.0972402564908323,-0.0439257910664615,0.0619354838709677,0.0412903225806452,0.825806451612903
"era2","Oregon",5,0.5,38,124,FALSE,FALSE,FALSE,4000,0.3125,0.393939393939394,0.0814393939393939,15,13,0.135199321458863,0.0970313825275657,-0.0381679389312977,0.141166047557294,0.101389026338928,-0.0397770212183663,0.0619354838709677,0.0425806451612903,0.851612903225806
"era2","Oregon",5,0.55,29,97,FALSE,FALSE,FALSE,4028,0.3125,0.352941176470588,0.0404411764705883,15,12,0.135199321458863,0.0901611535199321,-0.0450381679389313,0.141166047557294,0.0972402564908323,-0.0439257910664615,0.0619354838709677,0.0438709677419355,0.87741935483871
"era2","Oregon",5,0.6,29,97,FALSE,FALSE,FALSE,4243,0.3125,0.352941176470588,0.0404411764705883,15,12,0.135199321458863,0.0901611535199321,-0.0450381679389313,0.141166047557294,0.0972402564908323,-0.0439257910664615,0.0619354838709677,0.0438709677419355,0.87741935483871
"era2","Oregon",5,0.65,31,97,FALSE,FALSE,FALSE,4468,0.3125,0.333333333333333,0.0208333333333333,15,12,0.135199321458863,0.0864291772688719,-0.0487701441899915,0.141166047557294,0.0898117395103851,-0.0513543080469087,0.0619354838709677,0.0464516129032258,0.929032258064516
"era2","Oregon",5,0.7,39,100,FALSE,FALSE,FALSE,4746,0.3125,0.380952380952381,0.0684523809523809,15,16,0.135199321458863,0.142324003392706,0.00712468193384225,0.141166047557294,0.145725537464728,0.00455948990743382,0.0619354838709677,0.0541935483870968,1.08387096774194
"era2","Oregon",5,0.75,40,113,FALSE,FALSE,FALSE,6270,0.3125,0.395348837209302,0.0828488372093023,15,17,0.135199321458863,0.153519932145886,0.0183206106870229,0.141166047557294,0.159284372109268,0.0181183245519747,0.0619354838709677,0.0554838709677419,1.10967741935484
"era2","Oregon",10,0.25,87,208,FALSE,FALSE,FALSE,5900,0.294117647058824,0.315789473684211,0.021671826625387,25,24,0.233163698049194,0.218405428329092,-0.0147582697201018,0.238901984463561,0.221482875811913,-0.0174191086516481,0.109677419354839,0.0980645161290323,0.980645161290323
"era2","Oregon",10,0.4,84,191,FALSE,FALSE,FALSE,7814,0.294117647058824,0.352112676056338,0.0579950289975145,25,25,0.233163698049194,0.218490245971162,-0.0146734520780322,0.238901984463561,0.215562385411243,-0.0233395990523184,0.109677419354839,0.0916129032258065,0.916129032258065
"era2","Oregon",10,0.5,86,194,FALSE,FALSE,FALSE,9366,0.294117647058824,0.357142857142857,0.0630252100840336,25,25,0.233163698049194,0.218490245971162,-0.0146734520780322,0.238901984463561,0.215562385411243,-0.0233395990523184,0.109677419354839,0.0903225806451613,0.903225806451613
"era2","Oregon",10,0.55,73,181,FALSE,TRUE,FALSE,16913,0.294117647058824,0.324324324324324,0.0302066772655008,25,24,0.233163698049194,0.212044105173876,-0.0211195928753181,0.238901984463561,0.209089718840268,-0.0298122656232936,0.109677419354839,0.0954838709677419,0.954838709677419
"era2","Oregon",10,0.6,74,184,FALSE,TRUE,FALSE,17223,0.294117647058824,0.32,0.0258823529411765,25,24,0.233163698049194,0.212044105173876,-0.0211195928753181,0.238901984463561,0.209089718840268,-0.0298122656232936,0.109677419354839,0.0967741935483871,0.967741935483871
"era2","Oregon",10,0.65,73,190,FALSE,TRUE,FALSE,21416,0.294117647058824,0.328947368421053,0.0348297213622291,25,25,0.233163698049194,0.241391009329941,0.00822731128074639,0.238901984463561,0.241890169124202,0.00298818466064074,0.109677419354839,0.0980645161290323,0.980645161290323
"era2","Oregon",10,0.7,68,158,FALSE,TRUE,FALSE,13486,0.294117647058824,0.275,-0.0191176470588235,25,22,0.233163698049194,0.179728583545377,-0.0534351145038168,0.238901984463561,0.183327173099267,-0.0555748113642944,0.109677419354839,0.103225806451613,1.03225806451613
"era2","Oregon",10,0.75,68,186,FALSE,TRUE,FALSE,20627,0.294117647058824,0.268292682926829,-0.0258249641319943,25,22,0.233163698049194,0.179728583545377,-0.0534351145038168,0.238901984463561,0.183327173099267,-0.0555748113642944,0.109677419354839,0.105806451612903,1.05806451612903
"era2","Pennsylvania",5,0.25,37,102,FALSE,FALSE,FALSE,2605,0.380952380952381,0.384615384615385,0.00366300366300371,16,15,0.180641592920354,0.16858407079646,-0.0120575221238938,0.176908178837219,0.165059377072869,-0.0118488017643497,0.0544041450777202,0.0505181347150259,1.01036269430052
"era2","Pennsylvania",5,0.4,33,89,FALSE,FALSE,FALSE,2757,0.380952380952381,0.394736842105263,0.0137844611528822,16,15,0.180641592920354,0.16858407079646,-0.0120575221238938,0.176908178837219,0.165059377072869,-0.0118488017643497,0.0544041450777202,0.0492227979274611,0.984455958549223
"era2","Pennsylvania",5,0.5,33,90,FALSE,FALSE,FALSE,2843,0.380952380952381,0.394736842105263,0.0137844611528822,16,15,0.180641592920354,0.16858407079646,-0.0120575221238938,0.176908178837219,0.165059377072869,-0.0118488017643497,0.0544041450777202,0.0492227979274611,0.984455958549223
"era2","Pennsylvania",5,0.55,30,76,FALSE,FALSE,FALSE,3186,0.380952380952381,0.421052631578947,0.0401002506265664,16,16,0.180641592920354,0.177323008849558,-0.00331858407079647,0.176908178837219,0.173996626440178,-0.00291155239704016,0.0544041450777202,0.0492227979274611,0.984455958549223
"era2","Pennsylvania",5,0.6,30,81,FALSE,FALSE,FALSE,3515,0.380952380952381,0.421052631578947,0.0401002506265664,16,16,0.180641592920354,0.177323008849558,-0.00331858407079647,0.176908178837219,0.173996626440178,-0.00291155239704016,0.0544041450777202,0.0492227979274611,0.984455958549223
"era2","Pennsylvania",5,0.65,30,85,FALSE,FALSE,FALSE,3868,0.380952380952381,0.421052631578947,0.0401002506265664,16,16,0.180641592920354,0.177323008849558,-0.00331858407079647,0.176908178837219,0.173996626440178,-0.00291155239704016,0.0544041450777202,0.0492227979274611,0.984455958549223
"era2","Pennsylvania",5,0.7,30,90,FALSE,FALSE,FALSE,4411,0.380952380952381,0.390243902439024,0.00929152148664347,16,16,0.180641592920354,0.172898230088496,-0.00774336283185839,0.176908178837219,0.175276774820836,-0.00163140401638268,0.0544041450777202,0.0531088082901554,1.06217616580311
"era2","Pennsylvania",5,0.75,30,98,FALSE,FALSE,FALSE,6332,0.380952380952381,0.390243902439024,0.00929152148664347,16,16,0.180641592920354,0.172898230088496,-0.00774336283185839,0.176908178837219,0.175276774820836,-0.00163140401638268,0.0544041450777202,0.0531088082901554,1.06217616580311
"era2","Pennsylvania",10,0.25,74,179,FALSE,FALSE,FALSE,5870,0.333333333333333,0.351351351351351,0.0180180180180181,26,26,0.352544247787611,0.345132743362832,-0.00741150442477878,0.3537175798994,0.349988458263388,-0.00372912163601202,0.101036269430052,0.0958549222797927,0.958549222797927
"era2","Pennsylvania",10,0.4,68,160,FALSE,FALSE,FALSE,7587,0.333333333333333,0.388059701492537,0.054726368159204,26,26,0.352544247787611,0.345132743362832,-0.00741150442477878,0.3537175798994,0.349988458263388,-0.00372912163601202,0.101036269430052,0.0867875647668394,0.867875647668394
"era2","Pennsylvania",10,0.5,68,158,FALSE,FALSE,FALSE,8082,0.333333333333333,0.388059701492537,0.054726368159204,26,26,0.352544247787611,0.345132743362832,-0.00741150442477878,0.3537175798994,0.349988458263388,-0.00372912163601202,0.101036269430052,0.0867875647668394,0.867875647668394
"era2","Pennsylvania",10,0.55,60,132,FALSE,FALSE,FALSE,10753,0.333333333333333,0.363636363636364,0.0303030303030303,26,24,0.352544247787611,0.307190265486726,-0.0453539823008849,0.3537175798994,0.306719700473878,-0.046997879425522,0.101036269430052,0.0854922279792746,0.854922279792746
"era2","Pennsylvania",10,0.6,61,131,FALSE,FALSE,FALSE,9449,0.333333333333333,0.373134328358209,0.0398009950248757,26,25,0.352544247787611,0.312278761061947,-0.0402654867256637,0.3537175798994,0.310440718407418,-0.0432768614919822,0.101036269430052,0.0867875647668394,0.867875647668394
"era2","Pennsylvania",10,0.65,64,147,FALSE,TRUE,FALSE,14373,0.333333333333333,0.384615384615385,0.0512820512820513,26,25,0.352544247787611,0.29679203539823,-0.0557522123893806,0.3537175798994,0.304745689517713,-0.0489718903816871,0.101036269430052,0.0841968911917098,0.841968911917098
"era2","Pennsylvania",10,0.7,63,162,FALSE,TRUE,FALSE,17627,0.333333333333333,0.348484848484849,0.0151515151515152,26,23,0.352544247787611,0.273230088495575,-0.0793141592920354,0.3537175798994,0.281704191589899,-0.0720133883095008,0.101036269430052,0.0854922279792746,0.854922279792746
"era2","Pennsylvania",10,0.75,63,180,FALSE,TRUE,FALSE,21656,0.333333333333333,0.348484848484849,0.0151515151515152,26,23,0.352544247787611,0.273230088495575,-0.0793141592920354,0.3537175798994,0.281704191589899,-0.0720133883095008,0.101036269430052,0.0854922279792746,0.854922279792746
"era2","Rhode Island",5,0.25,23,53,FALSE,FALSE,FALSE,1176,0.661971830985915,0.703125,0.0411531690140845,47,45,0.183814127553407,0.175643224699828,-0.00817090285357869,0.178293699450874,0.169288557903449,-0.00900514154742488,0.0789766407119021,0.0711902113459399,1.4238042269188
"era2","Rhode Island",5,0.4,19,48,FALSE,FALSE,FALSE,1945,0.661971830985915,0.633802816901408,-0.028169014084507,47,45,0.183814127553407,0.19051925775768,0.00670513020427257,0.178293699450874,0.185651285921804,0.00735758647093027,0.0789766407119021,0.0789766407119021,1.57953281423804
"era2","Rhode Island",5,0.5,18,48,FALSE,FALSE,FALSE,2029,0.661971830985915,0.614285714285714,-0.0476861167002012,47,43,0.183814127553407,0.183190394511149,-0.000623733042257907,0.178293699450874,0.178495150212464,0.000201450761590005,0.0789766407119021,0.0778642936596218,1.55728587319244
"era2","Rhode Island",5,0.55,18,43,FALSE,FALSE,FALSE,2143,0.661971830985915,0.447058823529412,-0.214913007456504,47,38,0.183814127553407,0.176422891002651,-0.00739123655075627,0.178293699450874,0.173838856437133,-0.00445484301374133,0.0789766407119021,0.0945494994438265,1.89098998887653
"era2","Rhode Island",5,0.6,18,43,FALSE,FALSE,FALSE,2143,0.661971830985915,0.447058823529412,-0.214913007456504,47,38,0.183814127553407,0.176422891002651,-0.00739123655075627,0.178293699450874,0.173838856437133,-0.00445484301374133,0.0789766407119021,0.0945494994438265,1.89098998887653
"era2","Rhode Island",5,0.65,19,41,FALSE,FALSE,FALSE,1955,0.661971830985915,0.446808510638298,-0.215163320347618,47,42,0.183814127553407,0.177888663651957,-0.00592546390145018,0.178293699450874,0.174690723783275,-0.0036029756675989,0.0789766407119021,0.104560622914349,2.09121245828699
"era2","Rhode Island",5,0.7,18,41,FALSE,FALSE,FALSE,2083,0.661971830985915,0.515625,-0.146346830985915,47,33,0.183814127553407,0.146358958365819,-0.0374551691875877,0.178293699450874,0.140864638632478,-0.0374290608183954,0.0789766407119021,0.0711902113459399,1.4238042269188
"era2","Rhode Island",5,0.75,19,42,FALSE,FALSE,FALSE,2143,0.661971830985915,0.5625,-0.0994718309859155,47,36,0.183814127553407,0.154405114610947,-0.0294090129424606,0.178293699450874,0.148744639784792,-0.029549059666082,0.0789766407119021,0.0711902113459399,1.4238042269188
"era2","Rhode Island",10,0.25,49,76,FALSE,FALSE,FALSE,2233,0.515384615384615,0.508064516129032,-0.00732009925558308,67,63,0.264992983003275,0.248807110556682,-0.0161858724465929,0.263372910309486,0.250132095364348,-0.0132408149451384,0.144605116796441,0.137931034482759,1.37931034482759
"era2","Rhode Island",10,0.4,44,63,FALSE,FALSE,FALSE,2842,0.515384615384615,0.495867768595041,-0.019516846789574,67,60,0.264992983003275,0.237205675970685,-0.0277873070325901,0.263372910309486,0.237059596875274,-0.0263133134342128,0.144605116796441,0.134593993325918,1.34593993325918
"era2","Rhode Island",10,0.5,44,70,FALSE,FALSE,FALSE,3426,0.515384615384615,0.504065040650406,-0.0113195747342089,67,62,0.264992983003275,0.245438952128489,-0.0195540308747856,0.263372910309486,0.243286970084345,-0.0200859402251416,0.144605116796441,0.136818687430478,1.36818687430478
"era2","Rhode Island",10,0.55,39,54,FALSE,FALSE,FALSE,3403,0.515384615384615,0.397260273972603,-0.118124341412013,67,58,0.264992983003275,0.243754872914393,-0.021238110088882,0.263372910309486,0.240302665274316,-0.0230702450351704,0.144605116796441,0.162402669632925,1.62402669632925
"era2","Rhode Island",10,0.6,39,72,FALSE,FALSE,FALSE,6433,0.515384615384615,0.406896551724138,-0.108488063660477,67,59,0.264992983003275,0.241696553874942,-0.0232964291283331,0.263372910309486,0.238781340406138,-0.0245915699033485,0.144605116796441,0.161290322580645,1.61290322580645
"era2","Rhode Island",10,0.65,43,99,FALSE,FALSE,FALSE,8774,0.515384615384615,0.448529411764706,-0.0668552036199094,67,61,0.264992983003275,0.241447060658038,-0.0235459223452363,0.263372910309486,0.238877594766407,-0.0244953155430791,0.144605116796441,0.151279199110122,1.51279199110122
"era2","Rhode Island",10,0.7,38,100,FALSE,TRUE,FALSE,12535,0.515384615384615,0.543859649122807,0.0284750337381917,67,62,0.264992983003275,0.250116949945423,-0.0148760330578512,0.263372910309486,0.240120607737069,-0.0232523025724179,0.144605116796441,0.126807563959956,1.26807563959956
"era2","Rhode Island",10,0.75,38,98,FALSE,TRUE,FALSE,12535,0.515384615384615,0.611650485436893,0.0962658700522778,67,63,0.264992983003275,0.250771869639794,-0.0142211133634805,0.263372910309486,0.239569737000856,-0.0238031733086301,0.144605116796441,0.114571746384872,1.14571746384872
"era2","South Carolina",5,0.25,48,124,FALSE,FALSE,FALSE,3523,0.25,0.25,0,12,12,0.139472267097469,0.139472267097469,0,0.141379800743041,0.141379800743041,0,0.0454115421002838,0.0454115421002838,0.908230842005676
"era2","South Carolina",5,0.4,45,118,FALSE,FALSE,FALSE,3874,0.25,0.259259259259259,0.00925925925925924,12,14,0.139472267097469,0.172213247172859,0.0327409800753904,0.141379800743041,0.172294257085346,0.0309144563423054,0.0454115421002838,0.0510879848628193,1.02175969725639
"era2","South Carolina",5,0.5,46,123,FALSE,FALSE,FALSE,4139,0.25,0.2,-0.05,12,11,0.139472267097469,0.134087237479806,-0.00538502961766291,0.141379800743041,0.138804171908458,-0.00257562883458337,0.0454115421002838,0.0520340586565752,1.0406811731315
"era2","South Carolina",5,0.55,44,114,FALSE,FALSE,FALSE,5242,0.25,0.175438596491228,-0.0745614035087719,12,10,0.139472267097469,0.134948842218632,-0.00452342487883683,0.141379800743041,0.143032411029877,0.00165261028683578,0.0454115421002838,0.053926206244087,1.07852412488174
"era2","South Carolina",5,0.6,45,110,FALSE,FALSE,FALSE,4725,0.25,0.188679245283019,-0.0613207547169811,12,10,0.139472267097469,0.12891760904685,-0.0105546580506193,0.141379800743041,0.135132939182046,-0.00624686156099546,0.0454115421002838,0.0501419110690634,1.00283822138127
"era2","South Carolina",5,0.65,45,112,FALSE,FALSE,FALSE,5242,0.25,0.188679245283019,-0.0613207547169811,12,10,0.139472267097469,0.12891760904685,-0.0105546580506193,0.141379800743041,0.135132939182046,-0.00624686156099546,0.0454115421002838,0.0501419110690634,1.00283822138127
"era2","South Carolina",5,0.7,48,113,FALSE,FALSE,FALSE,5710,0.25,0.22,-0.03,12,11,0.139472267097469,0.141518578352181,0.00204631125471189,0.141379800743041,0.144668081507665,0.00328828076462365,0.0454115421002838,0.0473036896877956,0.946073793755913
"era2","South Carolina",5,0.75,48,129,FALSE,FALSE,FALSE,7778,0.25,0.22,-0.03,12,11,0.139472267097469,0.141518578352181,0.00204631125471189,0.141379800743041,0.144668081507665,0.00328828076462365,0.0454115421002838,0.0473036896877956,0.946073793755913
"era2","South Carolina",10,0.25,87,178,FALSE,FALSE,FALSE,5889,0.227272727272727,0.229885057471264,0.0026123301985371,20,20,0.236402800215401,0.236402800215401,0,0.254246999358374,0.254246999358374,0,0.0832544938505203,0.0823084200567644,0.823084200567644
"era2","South Carolina",10,0.4,77,166,FALSE,FALSE,FALSE,8364,0.227272727272727,0.195652173913043,-0.0316205533596838,20,18,0.236402800215401,0.205492730210016,-0.030910070005385,0.254246999358374,0.21937486300388,-0.0348721363544934,0.0832544938505203,0.087038789025544,0.87038789025544
"era2","South Carolina",10,0.5,81,182,FALSE,FALSE,FALSE,10192,0.227272727272727,0.180851063829787,-0.04642166344294,20,17,0.236402800215401,0.192891760904685,-0.0435110393107162,0.254246999358374,0.209839720678261,-0.0444072786801125,0.0832544938505203,0.0889309366130558,0.889309366130558
"era2","South Carolina",10,0.55,72,144,FALSE,FALSE,FALSE,10884,0.227272727272727,0.195876288659794,-0.0313964386129335,20,19,0.236402800215401,0.216908992999462,-0.0194938072159397,0.254246999358374,0.236874825670908,-0.0173721736874662,0.0832544938505203,0.0917691579943236,0.917691579943236
"era2","South Carolina",10,0.6,76,177,FALSE,TRUE,FALSE,19778,0.227272727272727,0.1875,-0.0397727272727273,20,18,0.236402800215401,0.20527732902531,-0.0311254711900915,0.254246999358374,0.224722637605869,-0.0295243617525052,0.0832544938505203,0.0908230842005676,0.908230842005676
"era2","South Carolina",10,0.65,77,180,FALSE,TRUE,FALSE,21840,0.227272727272727,0.197802197802198,-0.0294705294705295,20,18,0.236402800215401,0.20527732902531,-0.0311254711900915,0.254246999358374,0.224722637605869,-0.0295243617525052,0.0832544938505203,0.0860927152317881,0.860927152317881
"era2","South Carolina",10,0.7,78,170,FALSE,TRUE,FALSE,22236,0.227272727272727,0.191011235955056,-0.0362614913176711,20,17,0.236402800215401,0.202477113624125,-0.0339256865912763,0.254246999358374,0.213517171840463,-0.0407298275179112,0.0832544938505203,0.0842005676442762,0.842005676442762
"era2","South Carolina",10,0.75,81,186,FALSE,TRUE,FALSE,20913,0.227272727272727,0.193181818181818,-0.0340909090909091,20,17,0.236402800215401,0.202477113624125,-0.0339256865912763,0.254246999358374,0.213517171840463,-0.0407298275179112,0.0832544938505203,0.0832544938505203,0.832544938505203
"era2","Tennessee",5,0.25,58,154,FALSE,FALSE,FALSE,4381,0.205128205128205,0.184210526315789,-0.0209176788124157,8,7,0.0875789889415482,0.0806674565560822,-0.00691153238546603,0.0907903471649984,0.0844108820335115,-0.00637946513148684,0.0396744659206511,0.0386571719226857,0.773143438453713
"era2","Tennessee",5,0.4,53,130,FALSE,FALSE,FALSE,4461,0.205128205128205,0.243243243243243,0.0381150381150381,8,9,0.0875789889415482,0.100217219589258,0.0126382306477093,0.0907903471649984,0.107505899821783,0.0167155526567842,0.0396744659206511,0.0376398779247202,0.752797558494405
"era2","Tennessee",5,0.5,54,130,FALSE,FALSE,FALSE,4461,0.205128205128205,0.225,0.0198717948717949,8,9,0.0875789889415482,0.100217219589258,0.0126382306477093,0.0907903471649984,0.107505899821783,0.0167155526567842,0.0396744659206511,0.0406917599186165,0.81383519837233
"era2","Tennessee",5,0.55,51,115,FALSE,FALSE,FALSE,4941,0.205128205128205,0.219512195121951,0.0143839899937461,8,9,0.0875789889415482,0.100217219589258,0.0126382306477093,0.0907903471649984,0.107505899821783,0.0167155526567842,0.0396744659206511,0.0417090539165819,0.834181078331638
"era2","Tennessee",5,0.6,51,127,FALSE,FALSE,FALSE,5710,0.205128205128205,0.219512195121951,0.0143839899937461,8,9,0.0875789889415482,0.100217219589258,0.0126382306477093,0.0907903471649984,0.107505899821783,0.0167155526567842,0.0396744659206511,0.0417090539165819,0.834181078331638
"era2","Tennessee",5,0.65,53,136,FALSE,FALSE,FALSE,6964,0.205128205128205,0.225,0.0198717948717949,8,9,0.0875789889415482,0.103672985781991,0.0160939968404423,0.0907903471649984,0.111105508451166,0.0203151612861678,0.0396744659206511,0.0406917599186165,0.81383519837233
"era2","Tennessee",5,0.7,54,131,FALSE,FALSE,FALSE,6627,0.205128205128205,0.236842105263158,0.0317139001349528,8,9,0.0875789889415482,0.128159557661927,0.0405805687203791,0.0907903471649984,0.130506292018405,0.0397159448534063,0.0396744659206511,0.0386571719226857,0.773143438453713
"era2","Tennessee",5,0.75,59,143,FALSE,FALSE,FALSE,8829,0.205128205128205,0.210526315789474,0.00539811066126855,8,8,0.0875789889415482,0.122136650868878,0.0345576619273302,0.0907903471649984,0.125019211989091,0.0342288648240929,0.0396744659206511,0.0386571719226857,0.773143438453713
"era2","Tennessee",10,0.25,114,237,FALSE,FALSE,FALSE,8402,0.183908045977011,0.175824175824176,-0.00808387015283565,16,16,0.182958135860979,0.204186413902054,0.0212282780410742,0.183788984563059,0.216109979051412,0.0323209944883532,0.0885045778229908,0.0925737538148525,0.925737538148525
"era2","Tennessee",10,0.4,89,207,FALSE,TRUE,FALSE,12021,0.183908045977011,0.2375,0.0535919540229885,16,19,0.182958135860979,0.197176145339652,0.014218009478673,0.183788984563059,0.216917394501012,0.0331284099379534,0.0885045778229908,0.081383519837233,0.81383519837233
"era2","Tennessee",10,0.5,90,225,FALSE,TRUE,FALSE,17984,0.183908045977011,0.228915662650602,0.0450076166735909,16,19,0.182958135860979,0.197867298578199,0.0149091627172196,0.183788984563059,0.217047825026094,0.0332588404630347,0.0885045778229908,0.0844354018311292,0.844354018311292
"era2","Tennessee",10,0.55,83,181,FALSE,TRUE,FALSE,16543,0.183908045977011,0.240506329113924,0.0565982831369126,16,19,0.182958135860979,0.222255134281201,0.0392969984202212,0.183788984563059,0.234853208681174,0.051064224118115,0.0885045778229908,0.0803662258392675,0.803662258392675
"era2","Tennessee",10,0.6,89,204,FALSE,TRUE,FALSE,20799,0.183908045977011,0.240506329113924,0.0565982831369126,16,19,0.182958135860979,0.222255134281201,0.0392969984202212,0.183788984563059,0.234853208681174,0.051064224118115,0.0885045778229908,0.0803662258392675,0.803662258392675
"era2","Tennessee",10,0.65,100,213,FALSE,TRUE,FALSE,21840,0.183908045977011,0.194444444444444,0.010536398467433,16,14,0.182958135860979,0.169628751974724,-0.0133293838862559,0.183788984563059,0.171916837057775,-0.0118721475052845,0.0885045778229908,0.0732451678535097,0.732451678535097
"era2","Tennessee",10,0.7,94,203,FALSE,TRUE,FALSE,23028,0.183908045977011,0.243589743589744,0.0596816976127321,16,19,0.182958135860979,0.228672985781991,0.045714849921011,0.183788984563059,0.24069588271182,0.0569068981487613,0.0885045778229908,0.0793489318413021,0.793489318413021
"era2","Tennessee",10,0.75,99,212,FALSE,TRUE,FALSE,23181,0.183908045977011,0.2375,0.0535919540229885,16,19,0.182958135860979,0.235781990521327,0.0528238546603475,0.183788984563059,0.246770245309912,0.0629812607468532,0.0885045778229908,0.081383519837233,0.81383519837233
"era2","Texas",5,0.25,47,119,FALSE,FALSE,FALSE,3231,0.150943396226415,0.148936170212766,-0.00200722601364914,8,7,0.160077440391278,0.153963725290401,-0.0061137151008763,0.191244775646197,0.183909247789631,-0.00733552785656663,0.0702917771883289,0.0623342175066313,1.24668435013263
"era2","Texas",5,0.4,47,116,FALSE,FALSE,FALSE,3577,0.150943396226415,0.163265306122449,0.0123219098960339,8,8,0.160077440391278,0.160077440391278,0,0.191244775646197,0.191244775646197,0,0.0702917771883289,0.0649867374005305,1.29973474801061
"era2","Texas",5,0.5,47,116,FALSE,FALSE,FALSE,3816,0.150943396226415,0.163265306122449,0.0123219098960339,8,8,0.160077440391278,0.160077440391278,0,0.191244775646197,0.191244775646197,0,0.0702917771883289,0.0649867374005305,1.29973474801061
"era2","Texas",5,0.55,44,111,FALSE,FALSE,FALSE,4071,0.150943396226415,0.162790697674419,0.0118473014480035,8,7,0.160077440391278,0.153963725290401,-0.0061137151008763,0.191244775646197,0.183909247789631,-0.00733552785656663,0.0702917771883289,0.0570291777188329,1.14058355437666
"era2","Texas",5,0.6,44,113,FALSE,FALSE,FALSE,4247,0.150943396226415,0.162790697674419,0.0118473014480035,8,7,0.160077440391278,0.153963725290401,-0.0061137151008763,0.191244775646197,0.183909247789631,-0.00733552785656663,0.0702917771883289,0.0570291777188329,1.14058355437666
"era2","Texas",5,0.65,45,119,FALSE,FALSE,FALSE,4528,0.150943396226415,0.177777777777778,0.0268343815513627,8,8,0.160077440391278,0.173018137354799,0.0129406969635215,0.191244775646197,0.202577259507318,0.0113324838611207,0.0702917771883289,0.0596816976127321,1.19363395225464
"era2","Texas",5,0.7,46,105,FALSE,FALSE,FALSE,4369,0.150943396226415,0.152173913043478,0.00123051681706318,8,7,0.160077440391278,0.153963725290401,-0.0061137151008763,0.191244775646197,0.183909247789631,-0.00733552785656663,0.0702917771883289,0.0610079575596817,1.22015915119363
"era2","Texas",5,0.75,46,116,FALSE,FALSE,FALSE,4910,0.150943396226415,0.152173913043478,0.00123051681706318,8,7,0.160077440391278,0.153963725290401,-0.0061137151008763,0.191244775646197,0.183909247789631,-0.00733552785656663,0.0702917771883289,0.0610079575596817,1.22015915119363
"era2","Texas",10,0.25,95,222,FALSE,FALSE,FALSE,7749,0.215909090909091,0.2,-0.0159090909090909,19,17,0.299572039942939,0.240167108212757,-0.0594049317301814,0.330149534135839,0.274552992780178,-0.0555965413556603,0.116710875331565,0.112732095490716,1.12732095490716
"era2","Texas",10,0.4,86,201,FALSE,FALSE,FALSE,8481,0.215909090909091,0.189189189189189,-0.0267199017199017,19,14,0.299572039942939,0.21153454249032,-0.0880374974526187,0.330149534135839,0.242651556203261,-0.0874979779325773,0.116710875331565,0.0981432360742706,0.981432360742706
"era2","Texas",10,0.5,89,204,FALSE,FALSE,FALSE,9174,0.215909090909091,0.184210526315789,-0.0316985645933014,19,14,0.299572039942939,0.21153454249032,-0.0880374974526187,0.330149534135839,0.242651556203261,-0.0874979779325773,0.116710875331565,0.10079575596817,1.0079575596817
"era2","Texas",10,0.55,75,189,FALSE,TRUE,FALSE,13371,0.215909090909091,0.22972972972973,0.0138206388206388,19,17,0.299572039942939,0.232117383329937,-0.0674546566130018,0.330149534135839,0.258411358182806,-0.0717381759530327,0.116710875331565,0.0981432360742706,0.981432360742706
"era2","Texas",10,0.6,74,195,FALSE,TRUE,FALSE,15071,0.215909090909091,0.219178082191781,0.0032689912826899,19,16,0.299572039942939,0.22753209700428,-0.0720399429386591,0.330149534135839,0.253524943922014,-0.0766245902138247,0.116710875331565,0.096816976127321,0.96816976127321
"era2","Texas",10,0.65,83,193,FALSE,TRUE,FALSE,13424,0.215909090909091,0.230769230769231,0.0148601398601399,19,18,0.299572039942939,0.272773588750764,-0.0267984511921744,0.330149534135839,0.300303945139527,-0.0298455889963113,0.116710875331565,0.103448275862069,1.03448275862069
"era2","Texas",10,0.7,75,192,FALSE,TRUE,FALSE,19030,0.215909090909091,0.213333333333333,-0.00257575757575756,19,16,0.299572039942939,0.240167108212757,-0.0594049317301814,0.330149534135839,0.266806842682965,-0.063342691452874,0.116710875331565,0.0994694960212202,0.994694960212201
"era2","Texas",10,0.75,83,205,FALSE,TRUE,FALSE,21170,0.215909090909091,0.2,-0.0159090909090909,19,15,0.299572039942939,0.220908905644997,-0.0786631342979418,0.330149534135839,0.25318497723607,-0.0769645568997686,0.116710875331565,0.0994694960212202,0.994694960212201
"era2","Utah",5,0.25,36,102,FALSE,FALSE,FALSE,3052,0.0833333333333333,0.114285714285714,0.030952380952381,3,4,0.0528503562945368,0.0699228028503563,0.0170724465558195,0.0379435251189811,0.0531903928943643,0.0152468677753833,0.04,0.0388888888888889,0.777777777777778
"era2","Utah",5,0.4,35,97,FALSE,FALSE,FALSE,3457,0.0833333333333333,0.0857142857142857,0.00238095238095239,3,3,0.0528503562945368,0.0457244655581948,-0.00712589073634205,0.0379435251189811,0.0361926219335271,-0.00175090318545393,0.04,0.0388888888888889,0.777777777777778
"era2","Utah",5,0.5,35,98,FALSE,FALSE,FALSE,3924,0.0833333333333333,0.0857142857142857,0.00238095238095239,3,3,0.0528503562945368,0.0457244655581948,-0.00712589073634205,0.0379435251189811,0.0361926219335271,-0.00175090318545393,0.04,0.0388888888888889,0.777777777777778
"era2","Utah",5,0.55,34,94,FALSE,FALSE,FALSE,4512,0.0833333333333333,0.0857142857142857,0.00238095238095239,3,3,0.0528503562945368,0.0457244655581948,-0.00712589073634205,0.0379435251189811,0.0361926219335271,-0.00175090318545393,0.04,0.0388888888888889,0.777777777777778
"era2","Utah",5,0.6,31,93,FALSE,FALSE,FALSE,4293,0.0833333333333333,0.0810810810810811,-0.00225225225225224,3,3,0.0528503562945368,0.0457244655581948,-0.00712589073634205,0.0379435251189811,0.0361926219335271,-0.00175090318545393,0.04,0.0411111111111111,0.822222222222222
"era2","Utah",5,0.65,33,94,FALSE,FALSE,FALSE,4512,0.0833333333333333,0.0789473684210526,-0.0043859649122807,3,3,0.0528503562945368,0.0457244655581948,-0.00712589073634205,0.0379435251189811,0.0361926219335271,-0.00175090318545393,0.04,0.0422222222222222,0.844444444444444
"era2","Utah",5,0.7,32,97,FALSE,FALSE,FALSE,5394,0.0833333333333333,0.0857142857142857,0.00238095238095239,3,3,0.0528503562945368,0.0457244655581948,-0.00712589073634205,0.0379435251189811,0.0361926219335271,-0.00175090318545393,0.04,0.0388888888888889,0.777777777777778
"era2","Utah",5,0.75,32,96,FALSE,FALSE,FALSE,5349,0.0833333333333333,0.0857142857142857,0.00238095238095239,3,3,0.0528503562945368,0.0457244655581948,-0.00712589073634205,0.0379435251189811,0.0361926219335271,-0.00175090318545393,0.04,0.0388888888888889,0.777777777777778
"era2","Utah",10,0.25,66,188,FALSE,FALSE,FALSE,6013,0.0704225352112676,0.0857142857142857,0.0152917505030181,5,6,0.130641330166271,0.139103325415677,0.00846199524940619,0.133278389550324,0.141893103497119,0.00861471394679497,0.0788888888888889,0.0777777777777778,0.777777777777778
"era2","Utah",10,0.4,62,168,FALSE,FALSE,FALSE,8348,0.0704225352112676,0.0588235294117647,-0.0115990057995029,5,4,0.130641330166271,0.106442992874109,-0.0241983372921615,0.133278389550324,0.116280618589487,-0.0169977709608372,0.0788888888888889,0.0755555555555556,0.755555555555556
"era2","Utah",10,0.5,62,167,FALSE,FALSE,FALSE,8829,0.0704225352112676,0.0625,-0.00792253521126761,5,4,0.130641330166271,0.0532957244655582,-0.0773456057007126,0.133278389550324,0.0426772501597477,-0.0906011393905762,0.0788888888888889,0.0711111111111111,0.711111111111111
"era2","Utah",10,0.55,58,139,FALSE,FALSE,FALSE,10228,0.0704225352112676,0.0588235294117647,-0.0115990057995029,5,4,0.130641330166271,0.0532957244655582,-0.0773456057007126,0.133278389550324,0.0426772501597477,-0.0906011393905762,0.0788888888888889,0.0755555555555556,0.755555555555556
"era2","Utah",10,0.6,62,157,FALSE,TRUE,FALSE,12612,0.0704225352112676,0.0579710144927536,-0.012451520718514,5,4,0.130641330166271,0.0532957244655582,-0.0773456057007126,0.133278389550324,0.0426772501597477,-0.0906011393905762,0.0788888888888889,0.0766666666666667,0.766666666666667
"era2","Utah",10,0.65,62,176,FALSE,TRUE,FALSE,19052,0.0704225352112676,0.0571428571428571,-0.0132796780684105,5,4,0.130641330166271,0.0532957244655582,-0.0773456057007126,0.133278389550324,0.0426772501597477,-0.0906011393905762,0.0788888888888889,0.0777777777777778,0.777777777777778
"era2","Utah",10,0.7,64,177,FALSE,TRUE,FALSE,21654,0.0704225352112676,0.0845070422535211,0.0140845070422535,5,6,0.130641330166271,0.0936757719714964,-0.0369655581947743,0.133278389550324,0.0812930785266929,-0.051985311023631,0.0788888888888889,0.0788888888888889,0.788888888888889
"era2","Utah",10,0.75,65,180,FALSE,TRUE,FALSE,21567,0.0704225352112676,0.08,0.00957746478873239,5,6,0.130641330166271,0.0936757719714964,-0.0369655581947743,0.133278389550324,0.0812930785266929,-0.051985311023631,0.0788888888888889,0.0833333333333333,0.833333333333333
"era2","Vermont",5,0.25,22,65,FALSE,FALSE,FALSE,1827,0.0491803278688525,0.0655737704918033,0.0163934426229508,3,4,0.0737871993477375,0.134529147982063,0.0607419486343253,0.0522682079524399,0.112620970993781,0.0603527630413415,0.100494233937397,0.100494233937397,2.00988467874794
"era2","Vermont",5,0.4,21,57,FALSE,FALSE,FALSE,2026,0.0491803278688525,0.0769230769230769,0.0277427490542245,3,5,0.0737871993477375,0.164696290256828,0.0909090909090909,0.0522682079524399,0.136387178266579,0.0841189703141396,0.100494233937397,0.107084019769357,2.14168039538715
"era2","Vermont",5,0.5,21,59,FALSE,FALSE,FALSE,2253,0.0491803278688525,0.0769230769230769,0.0277427490542245,3,5,0.0737871993477375,0.164696290256828,0.0909090909090909,0.0522682079524399,0.136387178266579,0.0841189703141396,0.100494233937397,0.107084019769357,2.14168039538715
"era2","Vermont",5,0.55,18,51,FALSE,FALSE,FALSE,2393,0.0491803278688525,0.0895522388059701,0.0403719109371177,3,6,0.0737871993477375,0.186710150835711,0.112922951487974,0.0522682079524399,0.152391432099048,0.100123224146608,0.100494233937397,0.110378912685338,2.20757825370675
"era2","Vermont",5,0.6,19,59,FALSE,FALSE,FALSE,3403,0.0491803278688525,0.0735294117647059,0.0243490838958534,3,5,0.0737871993477375,0.164696290256828,0.0909090909090909,0.0522682079524399,0.136387178266579,0.0841189703141396,0.100494233937397,0.112026359143328,2.24052718286656
"era2","Vermont",5,0.65,18,62,FALSE,FALSE,FALSE,3488,0.0491803278688525,0.0757575757575758,0.0265772478887233,3,5,0.0737871993477375,0.164696290256828,0.0909090909090909,0.0522682079524399,0.136387178266579,0.0841189703141396,0.100494233937397,0.108731466227348,2.17462932454695
"era2","Vermont",5,0.7,18,60,FALSE,FALSE,FALSE,3818,0.0491803278688525,0.181818181818182,0.132637853949329,3,4,0.0737871993477375,0.134529147982063,0.0607419486343253,0.0522682079524399,0.112620970993781,0.0603527630413415,0.100494233937397,0.0362438220757825,0.724876441515651
"era2","Vermont",5,0.75,19,66,FALSE,FALSE,FALSE,4477,0.0491803278688525,0.185185185185185,0.136004857316333,3,5,0.0737871993477375,0.164696290256828,0.0909090909090909,0.0522682079524399,0.136387178266579,0.0841189703141396,0.100494233937397,0.0444810543657331,0.889621087314662
"era2","Vermont",10,0.25,41,126,FALSE,FALSE,FALSE,4725,0.0777777777777778,0.0769230769230769,-0.000854700854700852,7,7,0.20627802690583,0.20627802690583,0,0.164940232203144,0.164940232203144,0,0.14827018121911,0.1499176276771,1.499176276771
"era2","Vermont",10,0.4,34,109,FALSE,FALSE,FALSE,5424,0.0777777777777778,0.074468085106383,-0.0033096926713948,7,7,0.20627802690583,0.20627802690583,0,0.164940232203144,0.164940232203144,0,0.14827018121911,0.154859967051071,1.54859967051071
"era2","Vermont",10,0.5,35,110,FALSE,FALSE,FALSE,6300,0.0777777777777778,0.0752688172043011,-0.0025089605734767,7,7,0.20627802690583,0.20627802690583,0,0.164940232203144,0.164940232203144,0,0.14827018121911,0.153212520593081,1.53212520593081
"era2","Vermont",10,0.55,36,101,FALSE,FALSE,FALSE,6555,0.0777777777777778,0.0736842105263158,-0.004093567251462,7,7,0.20627802690583,0.20627802690583,0,0.164940232203144,0.164940232203144,0,0.14827018121911,0.156507413509061,1.56507413509061
"era2","Vermont",10,0.6,35,113,FALSE,FALSE,FALSE,7748,0.0777777777777778,0.0736842105263158,-0.004093567251462,7,7,0.20627802690583,0.20627802690583,0,0.164940232203144,0.164940232203144,0,0.14827018121911,0.156507413509061,1.56507413509061
"era2","Vermont",10,0.65,38,118,FALSE,FALSE,FALSE,11115,0.0777777777777778,0.074468085106383,-0.0033096926713948,7,7,0.20627802690583,0.20627802690583,0,0.164940232203144,0.164940232203144,0,0.14827018121911,0.154859967051071,1.54859967051071
"era2","Vermont",10,0.7,36,97,FALSE,FALSE,FALSE,7735,0.0777777777777778,0.12962962962963,0.0518518518518518,7,7,0.20627802690583,0.20627802690583,0,0.164940232203144,0.164940232203144,0,0.14827018121911,0.0889621087314662,0.889621087314662
"era2","Vermont",10,0.75,38,115,FALSE,FALSE,FALSE,10894,0.0777777777777778,0.109090909090909,0.0313131313131313,7,6,0.20627802690583,0.186710150835711,-0.0195678760701182,0.164940232203144,0.152391432099048,-0.0125488001040962,0.14827018121911,0.0906095551894563,0.906095551894563
"era2","Virginia",5,0.25,19,54,FALSE,FALSE,FALSE,1464,0.45,0.45,0,9,9,0.102215868477484,0.102215868477484,0,0.105835923692616,0.105835923692616,0,0.0333889816360601,0.0333889816360601,0.667779632721202
"era2","Virginia",5,0.4,19,59,FALSE,FALSE,FALSE,2067,0.45,0.45,0,9,9,0.102215868477484,0.102215868477484,0,0.105835923692616,0.105835923692616,0,0.0333889816360601,0.0333889816360601,0.667779632721202
"era2","Virginia",5,0.5,19,55,FALSE,FALSE,FALSE,1944,0.45,0.45,0,9,9,0.102215868477484,0.102215868477484,0,0.105835923692616,0.105835923692616,0,0.0333889816360601,0.0333889816360601,0.667779632721202
"era2","Virginia",5,0.55,19,52,FALSE,FALSE,FALSE,2466,0.45,0.473684210526316,0.0236842105263158,9,9,0.102215868477484,0.102215868477484,0,0.105835923692616,0.105835923692616,0,0.0333889816360601,0.0317195325542571,0.634390651085142
"era2","Virginia",5,0.6,19,54,FALSE,FALSE,FALSE,2477,0.45,0.473684210526316,0.0236842105263158,9,9,0.102215868477484,0.102215868477484,0,0.105835923692616,0.105835923692616,0,0.0333889816360601,0.0317195325542571,0.634390651085142
"era2","Virginia",5,0.65,21,56,FALSE,FALSE,FALSE,2547,0.45,0.473684210526316,0.0236842105263158,9,9,0.102215868477484,0.102215868477484,0,0.105835923692616,0.105835923692616,0,0.0333889816360601,0.0317195325542571,0.634390651085142
"era2","Virginia",5,0.7,21,63,FALSE,FALSE,FALSE,3128,0.45,0.473684210526316,0.0236842105263158,9,9,0.102215868477484,0.102215868477484,0,0.105835923692616,0.105835923692616,0,0.0333889816360601,0.0317195325542571,0.634390651085142
"era2","Virginia",5,0.75,21,65,FALSE,FALSE,FALSE,3128,0.45,0.473684210526316,0.0236842105263158,9,9,0.102215868477484,0.102215868477484,0,0.105835923692616,0.105835923692616,0,0.0333889816360601,0.0317195325542571,0.634390651085142
"era2","Virginia",10,0.25,38,116,FALSE,FALSE,FALSE,3684,0.386363636363636,0.386363636363636,0,17,17,0.183583512032404,0.183583512032404,0,0.204721168482141,0.204721168482141,0,0.0734557595993322,0.0734557595993322,0.734557595993322
"era2","Virginia",10,0.4,35,110,FALSE,FALSE,FALSE,4468,0.386363636363636,0.4,0.0136363636363637,17,18,0.183583512032404,0.194067190850608,0.0104836788182035,0.204721168482141,0.215936352244039,0.0112151837618981,0.0734557595993322,0.0751252086811352,0.751252086811352
"era2","Virginia",10,0.5,34,115,FALSE,FALSE,FALSE,5790,0.386363636363636,0.357142857142857,-0.0292207792207792,17,15,0.183583512032404,0.163211817965213,-0.0203716940671909,0.204721168482141,0.179449638383046,-0.0252715300990948,0.0734557595993322,0.0701168614357262,0.701168614357262
"era2","Virginia",10,0.55,34,103,FALSE,FALSE,FALSE,6850,0.386363636363636,0.384615384615385,-0.00174825174825172,17,15,0.183583512032404,0.163211817965213,-0.0203716940671909,0.204721168482141,0.179449638383046,-0.0252715300990948,0.0734557595993322,0.0651085141903172,0.651085141903172
"era2","Virginia",10,0.6,34,114,FALSE,FALSE,FALSE,9804,0.386363636363636,0.380952380952381,-0.00541125541125542,17,16,0.183583512032404,0.178103407195616,-0.00548010483678821,0.204721168482141,0.201388088827354,-0.00333307965478699,0.0734557595993322,0.0701168614357262,0.701168614357262
"era2","Virginia",10,0.65,37,123,FALSE,FALSE,FALSE,9587,0.386363636363636,0.333333333333333,-0.053030303030303,17,13,0.183583512032404,0.145818441744103,-0.0377650702883012,0.204721168482141,0.15474021082233,-0.0499809576598112,0.0734557595993322,0.0651085141903172,0.651085141903172
"era2","Virginia",10,0.7,36,140,FALSE,TRUE,FALSE,16544,0.386363636363636,0.333333333333333,-0.053030303030303,17,14,0.183583512032404,0.161305694543722,-0.0222778174886824,0.204721168482141,0.172386209612314,-0.032334958869827,0.0734557595993322,0.0701168614357262,0.701168614357262
"era2","Virginia",10,0.75,40,161,FALSE,TRUE,FALSE,20566,0.386363636363636,0.357142857142857,-0.0292207792207792,17,15,0.183583512032404,0.164522277817489,-0.0190612342149154,0.204721168482141,0.167484601307526,-0.0372365671746154,0.0734557595993322,0.0701168614357262,0.701168614357262
"era2","Washington",5,0.25,48,115,FALSE,FALSE,FALSE,3605,0.135135135135135,0.135135135135135,0,5,5,0.118394980184941,0.118394980184941,0,0.0927614922839728,0.0927614922839728,0,0.0439429928741093,0.0439429928741093,0.878859857482185
"era2","Washington",5,0.4,43,95,FALSE,FALSE,FALSE,3439,0.135135135135135,0.142857142857143,0.00772200772200771,5,5,0.118394980184941,0.118394980184941,0,0.0927614922839728,0.0927614922839728,0,0.0439429928741093,0.0415676959619952,0.831353919239905
"era2","Washington",5,0.5,46,98,FALSE,FALSE,FALSE,3516,0.135135135135135,0.111111111111111,-0.024024024024024,5,4,0.118394980184941,0.110634081902246,-0.00776089828269486,0.0927614922839728,0.0854800688000299,-0.00728142348394294,0.0439429928741093,0.0427553444180523,0.855106888361045
"era2","Washington",5,0.55,41,97,FALSE,FALSE,FALSE,3898,0.135135135135135,0.125,-0.0101351351351351,5,5,0.118394980184941,0.083223249669749,-0.0351717305151916,0.0927614922839728,0.0715721115119398,-0.0211893807720331,0.0439429928741093,0.0475059382422803,0.950118764845606
"era2","Washington",5,0.6,41,98,FALSE,FALSE,FALSE,4000,0.135135135135135,0.125,-0.0101351351351351,5,5,0.118394980184941,0.083223249669749,-0.0351717305151916,0.0927614922839728,0.0715721115119398,-0.0211893807720331,0.0439429928741093,0.0475059382422803,0.950118764845606
"era2","Washington",5,0.65,40,100,FALSE,FALSE,FALSE,4298,0.135135135135135,0.125,-0.0101351351351351,5,5,0.118394980184941,0.083223249669749,-0.0351717305151916,0.0927614922839728,0.0715721115119398,-0.0211893807720331,0.0439429928741093,0.0475059382422803,0.950118764845606
"era2","Washington",5,0.7,41,97,FALSE,FALSE,FALSE,4369,0.135135135135135,0.125,-0.0101351351351351,5,5,0.118394980184941,0.083223249669749,-0.0351717305151916,0.0927614922839728,0.0715721115119398,-0.0211893807720331,0.0439429928741093,0.0475059382422803,0.950118764845606
"era2","Washington",5,0.75,41,112,FALSE,FALSE,FALSE,6841,0.135135135135135,0.125,-0.0101351351351351,5,5,0.118394980184941,0.083223249669749,-0.0351717305151916,0.0927614922839728,0.0715721115119398,-0.0211893807720331,0.0439429928741093,0.0475059382422803,0.950118764845606
"era2","Washington",10,0.25,78,203,FALSE,FALSE,FALSE,7930,0.106666666666667,0.108108108108108,0.00144144144144144,8,8,0.150594451783355,0.150594451783355,0,0.120336609041284,0.120336609041284,0,0.0890736342042755,0.0878859857482185,0.878859857482185
"era2","Washington",10,0.4,77,173,FALSE,FALSE,FALSE,8220,0.106666666666667,0.111111111111111,0.00444444444444443,8,8,0.150594451783355,0.150594451783355,0,0.120336609041284,0.120336609041284,0,0.0890736342042755,0.0855106888361045,0.855106888361045
"era2","Washington",10,0.5,74,196,FALSE,FALSE,FALSE,11322,0.106666666666667,0.115942028985507,0.00927536231884057,8,8,0.150594451783355,0.150594451783355,0,0.120336609041284,0.120336609041284,0,0.0890736342042755,0.0819477434679335,0.819477434679335
"era2","Washington",10,0.55,71,160,FALSE,TRUE,FALSE,12615,0.106666666666667,0.0895522388059701,-0.0171144278606965,8,6,0.150594451783355,0.0901585204755614,-0.0604359313077939,0.120336609041284,0.0785324384817443,-0.0418041705595402,0.0890736342042755,0.0795724465558195,0.795724465558195
"era2","Washington",10,0.6,71,171,FALSE,TRUE,FALSE,14190,0.106666666666667,0.0895522388059701,-0.0171144278606965,8,6,0.150594451783355,0.0901585204755614,-0.0604359313077939,0.120336609041284,0.0785324384817443,-0.0418041705595402,0.0890736342042755,0.0795724465558195,0.795724465558195
"era2","Washington",10,0.65,70,198,FALSE,TRUE,FALSE,21072,0.106666666666667,0.0882352941176471,-0.0184313725490196,8,6,0.150594451783355,0.0901585204755614,-0.0604359313077939,0.120336609041284,0.0785324384817443,-0.0418041705595402,0.0890736342042755,0.0807600950118765,0.807600950118765
"era2","Washington",10,0.7,72,209,FALSE,TRUE,FALSE,24901,0.106666666666667,0.0923076923076923,-0.0143589743589744,8,6,0.150594451783355,0.0901585204755614,-0.0604359313077939,0.120336609041284,0.0785324384817443,-0.0418041705595402,0.0890736342042755,0.0771971496437055,0.771971496437055
"era2","Washington",10,0.75,72,193,FALSE,TRUE,FALSE,22244,0.106666666666667,0.0967741935483871,-0.00989247311827958,8,6,0.150594451783355,0.0901585204755614,-0.0604359313077939,0.120336609041284,0.0785324384817443,-0.0418041705595402,0.0890736342042755,0.0736342042755344,0.736342042755344
"era2","West Virginia",5,0.25,44,109,FALSE,FALSE,FALSE,3440,0.285714285714286,0.233333333333333,-0.0523809523809524,8,7,0.091451520367183,0.0862880091795755,-0.00516351118760756,0.0869628882657616,0.0803192454870506,-0.00664364277871105,0.0377867746288799,0.0404858299595142,0.809716599190283
"era2","West Virginia",5,0.4,43,107,FALSE,FALSE,FALSE,4088,0.285714285714286,0.275862068965517,-0.00985221674876846,8,8,0.091451520367183,0.0905335628227194,-0.000917957544463568,0.0869628882657616,0.0844834354473614,-0.00247945281840019,0.0377867746288799,0.039136302294197,0.782726045883941
"era2","West Virginia",5,0.5,43,109,FALSE,FALSE,FALSE,4512,0.285714285714286,0.233333333333333,-0.0523809523809524,8,7,0.091451520367183,0.0843373493975904,-0.00711417096959266,0.0869628882657616,0.0782285761503964,-0.00873431211536521,0.0377867746288799,0.0404858299595142,0.809716599190283
"era2","West Virginia",5,0.55,41,100,FALSE,FALSE,FALSE,4634,0.285714285714286,0.214285714285714,-0.0714285714285714,8,6,0.091451520367183,0.0800917957544464,-0.0113597246127367,0.0869628882657616,0.0740643861900855,-0.0128985020756761,0.0377867746288799,0.0377867746288799,0.755735492577598
"era2","West Virginia",5,0.6,41,104,FALSE,FALSE,FALSE,4638,0.285714285714286,0.214285714285714,-0.0714285714285714,8,6,0.091451520367183,0.0800917957544464,-0.0113597246127367,0.0869628882657616,0.0740643861900855,-0.0128985020756761,0.0377867746288799,0.0377867746288799,0.755735492577598
"era2","West Virginia",5,0.65,40,106,FALSE,FALSE,FALSE,5257,0.285714285714286,0.225806451612903,-0.0599078341013825,8,7,0.091451520367183,0.0852553069420539,-0.00619621342512909,0.0869628882657616,0.0807080289687966,-0.00625485929696501,0.0377867746288799,0.0418353576248313,0.836707152496626
"era2","West Virginia",5,0.7,34,108,FALSE,FALSE,FALSE,6482,0.285714285714286,0.24,-0.0457142857142857,8,6,0.091451520367183,0.0800917957544464,-0.0113597246127367,0.0869628882657616,0.0740643861900855,-0.0128985020756761,0.0377867746288799,0.0337381916329285,0.674763832658569
"era2","West Virginia",5,0.75,37,111,FALSE,FALSE,FALSE,6454,0.285714285714286,0.230769230769231,-0.0549450549450549,8,6,0.091451520367183,0.0800917957544464,-0.0113597246127367,0.0869628882657616,0.0740643861900855,-0.0128985020756761,0.0377867746288799,0.0350877192982456,0.701754385964912
"era2","West Virginia",10,0.25,74,202,FALSE,FALSE,FALSE,8220,0.244897959183673,0.224489795918367,-0.0204081632653061,12,11,0.120252438324727,0.11508892713712,-0.00516351118760758,0.119591796460867,0.112948153682155,-0.00664364277871107,0.0661268556005398,0.0661268556005398,0.661268556005398
"era2","West Virginia",10,0.4,68,188,FALSE,FALSE,FALSE,10104,0.244897959183673,0.304347826086957,0.0594498669032831,12,14,0.120252438324727,0.145381526104418,0.0251290877796902,0.119591796460867,0.134510178136179,0.0149183816753129,0.0661268556005398,0.0620782726045884,0.620782726045884
"era2","West Virginia",10,0.5,65,204,FALSE,TRUE,FALSE,13581,0.244897959183673,0.239130434782609,-0.00576752440106476,12,11,0.120252438324727,0.122317842799771,0.00206540447504303,0.119591796460867,0.106667857067974,-0.0129239393928929,0.0661268556005398,0.0620782726045884,0.620782726045884
"era2","West Virginia",10,0.55,61,164,FALSE,TRUE,FALSE,14992,0.244897959183673,0.274509803921569,0.0296118447378952,12,14,0.120252438324727,0.190361445783133,0.070109007458405,0.119591796460867,0.14829083912508,0.0286990426642137,0.0661268556005398,0.0688259109311741,0.688259109311741
"era2","West Virginia",10,0.6,65,188,FALSE,TRUE,FALSE,19528,0.244897959183673,0.266666666666667,0.0217687074829932,12,12,0.120252438324727,0.174182444061962,0.0539300057372346,0.119591796460867,0.131679471204654,0.0120876747437873,0.0661268556005398,0.0607287449392713,0.607287449392713
"era2","West Virginia",10,0.65,66,203,FALSE,TRUE,FALSE,21840,0.244897959183673,0.26530612244898,0.0204081632653061,12,13,0.120252438324727,0.181411359724613,0.0611589213998852,0.119591796460867,0.1383285709504,0.0187367744895336,0.0661268556005398,0.0661268556005398,0.661268556005398
"era2","West Virginia",10,0.7,65,202,FALSE,TRUE,FALSE,23663,0.244897959183673,0.255813953488372,0.0109159943046986,12,11,0.120252438324727,0.168559954102123,0.0483075157773953,0.119591796460867,0.124807671708136,0.00521587524726921,0.0661268556005398,0.058029689608637,0.58029689608637
"era2","West Virginia",10,0.75,73,215,FALSE,TRUE,FALSE,27213,0.244897959183673,0.268292682926829,0.0233947237431558,12,11,0.120252438324727,0.168559954102123,0.0483075157773953,0.119591796460867,0.124807671708136,0.00521587524726921,0.0661268556005398,0.0553306342780027,0.553306342780027
"era2","Wisconsin",5,0.25,52,122,FALSE,FALSE,FALSE,2617,0.127659574468085,0.125,-0.0026595744680851,6,6,0.0946141032759578,0.0946141032759578,0,0.0908239354149015,0.0908239354149015,0,0.0466732869910626,0.0476663356504469,0.953326713008937
"era2","Wisconsin",5,0.4,50,111,FALSE,FALSE,FALSE,2864,0.127659574468085,0.157894736842105,0.0302351623740202,6,6,0.0946141032759578,0.0933925596890616,-0.00122154358689618,0.0908239354149015,0.0884667039102714,-0.00235723150463003,0.0466732869910626,0.0377358490566038,0.754716981132075
"era2","Wisconsin",5,0.5,50,129,FALSE,FALSE,FALSE,3517,0.127659574468085,0.166666666666667,0.0390070921985816,6,6,0.0946141032759578,0.0933925596890616,-0.00122154358689618,0.0908239354149015,0.0884667039102714,-0.00235723150463003,0.0466732869910626,0.0357497517378352,0.714995034756703
"era2","Wisconsin",5,0.55,41,107,FALSE,FALSE,FALSE,3921,0.127659574468085,0.176470588235294,0.048811013767209,6,6,0.0946141032759578,0.0857301499167129,-0.00888395335924487,0.0908239354149015,0.0824085311790106,-0.00841540423589082,0.0466732869910626,0.0337636544190665,0.675273088381331
"era2","Wisconsin",5,0.6,41,106,FALSE,FALSE,FALSE,3921,0.127659574468085,0.176470588235294,0.048811013767209,6,6,0.0946141032759578,0.0857301499167129,-0.00888395335924487,0.0908239354149015,0.0824085311790106,-0.00841540423589082,0.0466732869910626,0.0337636544190665,0.675273088381331
"era2","Wisconsin",5,0.65,39,111,FALSE,FALSE,FALSE,4298,0.127659574468085,0.171428571428571,0.0437689969604863,6,6,0.0946141032759578,0.0857301499167129,-0.00888395335924487,0.0908239354149015,0.0824085311790106,-0.00841540423589082,0.0466732869910626,0.0347567030784508,0.695134061569017
"era2","Wisconsin",5,0.7,41,116,FALSE,FALSE,FALSE,4457,0.127659574468085,0.205882352941176,0.0782227784730914,6,7,0.0946141032759578,0.117379233759023,0.022765130483065,0.0908239354149015,0.119856778982642,0.0290328435677401,0.0466732869910626,0.0337636544190665,0.675273088381331
"era2","Wisconsin",5,0.75,41,115,FALSE,FALSE,FALSE,4629,0.127659574468085,0.205882352941176,0.0782227784730914,6,7,0.0946141032759578,0.117379233759023,0.022765130483065,0.0908239354149015,0.119856778982642,0.0290328435677401,0.0466732869910626,0.0337636544190665,0.675273088381331
"era2","Wisconsin",10,0.25,89,227,FALSE,FALSE,FALSE,5806,0.168831168831169,0.171052631578947,0.00222146274777854,13,13,0.222765130483065,0.222765130483065,0,0.227870955695745,0.227870955695745,0,0.0764647467725919,0.0754716981132075,0.754716981132075
"era2","Wisconsin",10,0.4,88,215,FALSE,FALSE,FALSE,7902,0.168831168831169,0.163934426229508,-0.00489674260166065,13,10,0.222765130483065,0.159689061632426,-0.0630760688506385,0.227870955695745,0.161954989781951,-0.065915965913794,0.0764647467725919,0.0605759682224429,0.605759682224429
"era2","Wisconsin",10,0.5,83,228,FALSE,FALSE,FALSE,9300,0.168831168831169,0.161290322580645,-0.00754084625052368,13,10,0.222765130483065,0.159689061632426,-0.0630760688506385,0.227870955695745,0.161954989781951,-0.065915965913794,0.0764647467725919,0.0615690168818272,0.615690168818272
"era2","Wisconsin",10,0.55,72,160,FALSE,FALSE,FALSE,7864,0.168831168831169,0.155172413793103,-0.0136587550380654,13,9,0.222765130483065,0.141810105496946,-0.0809550249861188,0.227870955695745,0.141939980729197,-0.0859309749665479,0.0764647467725919,0.05759682224429,0.5759682224429
"era2","Wisconsin",10,0.6,76,194,FALSE,TRUE,FALSE,12371,0.168831168831169,0.157894736842105,-0.0109364319890636,13,9,0.222765130483065,0.134925041643531,-0.0878400888395336,0.227870955695745,0.137617100099343,-0.090253855596402,0.0764647467725919,0.0566037735849057,0.566037735849057
"era2","Wisconsin",10,0.65,74,167,FALSE,FALSE,FALSE,8638,0.168831168831169,0.127272727272727,-0.0415584415584416,13,7,0.222765130483065,0.117379233759023,-0.105385896724042,0.227870955695745,0.119856778982642,-0.108014176713103,0.0764647467725919,0.054617676266137,0.54617676266137
"era2","Wisconsin",10,0.7,75,184,FALSE,TRUE,FALSE,12468,0.168831168831169,0.140350877192982,-0.0284802916381864,13,8,0.222765130483065,0.133481399222654,-0.0892837312604109,0.227870955695745,0.13377538280676,-0.0940955728889845,0.0764647467725919,0.0566037735849057,0.566037735849057
"era2","Wisconsin",10,0.75,76,188,FALSE,TRUE,FALSE,13095,0.168831168831169,0.163636363636364,-0.0051948051948052,13,9,0.222765130483065,0.127040533037202,-0.0957245974458634,0.227870955695745,0.131240807753061,-0.096630147942684,0.0764647467725919,0.054617676266137,0.54617676266137
