"state","budget","hh","rank","rule_id","rule","n_new","k_new","own_n_flagged","f","pred_n","dpred_i1_fresh_overlap","dpred_min_i2_spectral","dpred_swm_i2_spectral","dpred_min_i3_nb_hellinger","dpred_swm_i3_nb_hellinger","dpred_min_i4_profile_tv","dpred_swm_i4_profile_tv","dpred_min_i5_signature","dpred_swm_i5_signature","dpred_min_i6_consensus","dpred_swm_i6_consensus","dpred_min_sec_profile_tv_nature","dpred_swm_sec_profile_tv_nature","dpred_min_sec_profile_tv_timing","dpred_swm_sec_profile_tv_timing","dpred_min_sec_profile_tv_cause","dpred_swm_sec_profile_tv_cause"
"Alabama",5,"1",1,129,"total_deductions_by_hh_size > 336.000 & unc_rawben_rel_max >   0.891 & unc_rawben_rel_max <=   0.991 & utilities <=  29.500",2,1,2,1,0,NA,NA,NA,NA,NA,NA,NA,NA,NA,NA,NA,NA,NA,NA,NA,NA,NA
"Alabama",5,"1",2,107,"rawben_rel_max >   0.751 & rawben_rel_max <=   0.992 & shelter_expenses_by_hh_size > 832.000 & utilities <=  29.500",3,2,4,0.75,1,0.75,0.00867618625741169,0.00867618625741169,0.0711428518153715,0.0711428518153715,0.153809523809524,0.153809523809524,0.857142857142857,0.857142857142857,0.190546102041443,0.190546102041443,0.0928571428571429,0.0928571428571429,0.101428571428571,0.101428571428571,0.0628571428571429,0.0628571428571429
"Alabama",5,"1",10,85,"rawben_rel_max <    1.000 & shelter_expenses_by_hh_size >= 1180.000 & unc_rawben_rel_max >=    0.986 & utilities <  645.000",4,3,4,1,2,1,0.0233958626045759,0.024248060420588,0.148727132785012,0.168394374277409,0.294545454545455,0.304272758871299,0.4,0.544038929440389,0.503024925956966,0.536034713213424,0.104242424242424,0.121358738585016,0.117575757575758,0.170397826018264,0.105627705627706,0.134532815116757
"Alabama",5,"1",13,125,"shelter_expenses_by_hh_size > 878.000 & unc_rawben_rel_max >   0.379 & unc_rawben_rel_max <=   0.991 & utilities <=  29.500",1,0,5,0.2,3,0.2,0.0149432126383931,0.0244126543238425,0.0924717312457062,0.131498656523276,0.0290909090909091,0.16484596309839,0.4,0.481553398058253,0.0882102409184547,0.32529126446643,0.0703463203463203,0.103804900601017,0.0824242424242424,0.122443996133317,0.0454545454545455,0.0978817299205649
"Alabama",5,"1",19,111,"rawben_rel_max >=   0.236 & rawben_rel_max <   1.000 & total_deductions_by_hh_size >= 511.000 & utilities < 249.000",3,1,8,0.375,4,0.375,0.0119104171643349,0.0257607139776239,0.0820558659723516,0.125015760932531,0.0750394944707741,0.196184293345957,0.4,0.684185773074662,0.209945535787753,0.320382068226051,0.0771270593545475,0.114461786044198,0.0122590837282781,0.0839999116012807,0.0403972015346423,0.0768939273625951
"Alabama",5,"1",20,88,"rawben_rel_max <   0.992 & shelter_expenses_by_hh_size >= 831.000 & unc_rawben_rel_max >=   0.270 & utilities < 277.000",4,1,12,0.333333333333333,5,0.333333333333333,0.00500034463096369,0.0152784203179834,0.0512496002795779,0.0837533970698209,0.0383507203179334,0.139606173687992,0,0.51632110579479,0.0334627987560438,0.210416295659457,0.0492839199233419,0.0756310721978209,0.0259757076632222,0.0566996183606724,0.0191753601589668,0.075405713110817
"Alabama",5,"1",23,26,"elderly_disabled_i >   0.500 & rawben_rel_max >   0.998 & shelter_expenses_by_hh_size <= 676.000 & unc_rawben_rel_max >   1.790",4,1,4,1,6,1,0.176717079207742,0.188337705536877,0.222947061249581,0.237465644121182,0.60177263494799,0.640210389008638,0.857142857142857,0.857142857142857,0.865174494872128,0.884008441431734,0.270757678340617,0.307553773228085,0.327272727272727,0.398689154132324,0.171428571428571,0.264723662121142
"Alabama",5,"1",30,8,"cat_elig >=    1.00 & shelter_expenses_by_hh_size < 1720.00 & unc_rawben_rel_max >=    2.49 & utilities <  875.00",2,1,2,1,7,1,0.0601064057706477,0.138531552198558,0.101468395865306,0.213592450229163,0.141298701298701,0.532333722153438,0.666666666666667,0.736943164362519,0.480154218243914,0.807040996213013,0.184415584415584,0.395054717412962,0.159393939393939,0.22269315928219,0.0351515151515152,0.113099618041188
"Alabama",5,"1",35,89,"rawben_rel_max <   0.992 & total_deductions_by_hh_size >= 220.000 & unc_rawben_rel_max >=   0.986 & utilities < 688.000",6,1,10,0.6,8,0.6,0.0268970191304802,0.0620371280223454,0.080665205468681,0.175363259110795,0.0888888888888889,0.361126172665194,0.4,0.5148070907195,0.177054887953345,0.58190049001162,0.032280701754386,0.151680845787131,0.0473102186746487,0.135825362895568,0.0263157894736842,0.0844678491612004
"Alabama",5,"1",54,27,"elderly_disabled_i >   0.500 & total_deductions_by_hh_size > 438.000 & unc_rawben_rel_max >   0.316 & utilities <= 276.000",1,0,11,0.0909090909090909,9,0.0909090909090909,0.0406646705943131,0.0642191971230535,0.0925828134363655,0.148482718535265,0.110983802926931,0.270555649269025,0.4,0.599532491818607,0.265840984115435,0.470242166183696,0.0373244449073833,0.123207533365752,0.0246753246753247,0.105414731919526,0.007864173740951,0.0701741799097992
"Alabama",5,"1",56,70,"months_since_cert_n >   2.50 & unc_rawben_rel_max >   1.93 & utilities >  14.00 & utilities <= 680.00",1,0,2,0.5,10,0.5,0.0104491157535404,0.174588939787078,0.0742241590799984,0.201718206327852,0.102629078238834,0.617889651071536,0.666666666666667,0.713962113857566,0.224010303076654,0.782982238917852,0.101219512195122,0.35062506905661,0.0509977827050998,0.316843315831841,0.0706208425720621,0.148918108348705
"Alabama",5,"2-3",3,163,"cat_elig > 0.500 & children_i > 0.500 & rawben_rel_max > 0.996 & unc_rawben_rel_max > 1.690",2,0,2,1,0,NA,NA,NA,NA,NA,NA,NA,NA,NA,NA,NA,NA,NA,NA,NA,NA,NA
"Alabama",5,"2-3",25,240,"months_since_cert_n <=  25 & shelter_expenses_by_hh_size > 499 & shelter_expenses_by_hh_size <= 679 & total_deductions_by_hh_size > 644",1,0,1,1,1,1,0.135930247508075,0.135930247508075,0.164420523172666,0.164420523172666,0.319230769230769,0.319230769230769,1,1,0.628085707567584,0.628085707567584,0.179120879120879,0.179120879120879,0.197252747252747,0.197252747252747,0.0906593406593407,0.0906593406593407
"Alabama",5,"2-3",28,142,"HH_size_n >   2.500 & total_deductions_by_hh_size > 440.000 & unc_rawben_rel_max >   0.640 & unc_rawben_rel_max <=   0.996",1,0,1,1,2,1,0.025782211992904,0.067764419831015,0.193567052591564,0.205381580893637,0.1502849002849,0.205739125326754,0.857142857142857,0.857142857142857,0.497647294318738,0.617488549389758,0.134920634920635,0.161472166626806,0.051994301994302,0.134904690574794,0.0199430199430199,0.0417049540760881
"Alabama",5,"2-3",33,271,"shelter_expenses_by_hh_size < 650 & total_deductions_by_hh_size >= 625",2,0,3,0.666666666666667,3,0.666666666666667,0.0149392430502446,0.0523017597495843,0.0624032507272251,0.130785082674278,0.0799595141700405,0.17510959921424,0.5,0.749112426035503,0.121139940344664,0.383234784973985,0.0890688259109312,0.144190414589044,0.055668016194332,0.112250243268618,0.0185185185185186,0.0367951626905224
"Alabama",5,"2-3",46,197,"elderly_disabled_i >= 1.000 & rawben_rel_max >= 0.993 & rawben_rel_max < 0.996",2,1,2,1,4,1,0.0650595623991385,0.0894829015877077,0.228310585799243,0.235173198035626,0.575657894736842,0.618157158134815,0.833333333333333,0.974213836477988,0.788926997166384,0.829512441575207,0.314144736842105,0.350928177664772,0.196759259259259,0.246529031213738,0.105769230769231,0.127220718705326
"Alabama",5,"2-3",58,238,"months_since_cert_n <=  0.500 & total_deductions_by_hh_size > 83.500 & unc_rawben_rel_max <=  0.999 & utilities <= 22.000",1,1,1,1,5,1,0.0381553530267454,0.0920920494985439,0.2399275534899,0.280704393202782,0.340863787375415,0.411197409387276,0.666666666666667,0.806060606060606,0.779801787370283,0.818121779900455,0.170099667774086,0.242543723317581,0.140988372093023,0.33540565323898,0.108305647840532,0.194416879705784
"Alabama",5,"4+",18,305,"HH_size_n >   4.50 & rawben_rel_max <=   0.88 & shelter_expenses_by_hh_size <= 268.00 & total_deductions_by_hh_size > 222.00",1,0,1,1,0,NA,NA,NA,NA,NA,NA,NA,NA,NA,NA,NA,NA,NA,NA,NA,NA,NA
"Alabama",5,"4+",31,439,"months_since_cert_n >   5.500 & rawben_rel_max <=   0.997 & shelter_expenses_by_hh_size <= 494.000 & total_deductions_by_hh_size > 227.000",6,5,6,1,1,1,0.0313474299893083,0.0313474299893083,0.151450710193251,0.151450710193251,0.316969696969697,0.316969696969697,0.4,0.4,0.46393594476278,0.46393594476278,0.269494949494949,0.269494949494949,0.29959595959596,0.29959595959596,0.1,0.1
"Alabama",5,"4+",32,477,"months_since_cert_n >=   8.000 & rawben_rel_max <   0.965 & total_deductions_by_hh_size >= 178.000 & unc_rawben_rel_max >=   0.793",1,1,2,0.5,2,0.5,0.004296851439224,0.0236842737172447,0.1212668770302,0.132754582339762,0.111111111111111,0.147241337049556,0.4,0.439452054794521,0.296052947041791,0.331338776380238,0.124098124098124,0.154041550534701,0.0988455988455989,0.143169384648837,0.0266955266955267,0.0346585226037281
"Alabama",5,"4+",45,487,"months_since_cert_n >= 10.000 & rawben_rel_max >=  0.683 & rawben_rel_max <  0.820 & total_deductions_by_hh_size >= 27.000",3,2,3,1,3,1,0.00533059095804794,0.0162733678181886,0.106975875199076,0.16875503230541,0.0909090909090909,0.149492460539688,0.4,0.429568788501027,0.231804715823141,0.404901163581896,0.101298701298701,0.168180484812928,0.106493506493506,0.171942599950813,0.0363636363636364,0.0606122829942132
"Alabama",10,"1",1,129,"total_deductions_by_hh_size > 336.000 & unc_rawben_rel_max >   0.891 & unc_rawben_rel_max <=   0.991 & utilities <=  29.500",2,1,2,1,0,NA,NA,NA,NA,NA,NA,NA,NA,NA,NA,NA,NA,NA,NA,NA,NA,NA
"Alabama",10,"1",2,107,"rawben_rel_max >   0.751 & rawben_rel_max <=   0.992 & shelter_expenses_by_hh_size > 832.000 & utilities <=  29.500",3,2,4,0.75,1,0.75,0.00867618625741169,0.00867618625741169,0.0711428518153715,0.0711428518153715,0.153809523809524,0.153809523809524,0.857142857142857,0.857142857142857,0.190546102041443,0.190546102041443,0.0928571428571429,0.0928571428571429,0.101428571428571,0.101428571428571,0.0628571428571429,0.0628571428571429
"Alabama",10,"1",10,85,"rawben_rel_max <    1.000 & shelter_expenses_by_hh_size >= 1180.000 & unc_rawben_rel_max >=    0.986 & utilities <  645.000",4,3,4,1,2,1,0.0233958626045759,0.024248060420588,0.148727132785012,0.168394374277409,0.294545454545455,0.304272758871299,0.4,0.544038929440389,0.503024925956966,0.536034713213424,0.104242424242424,0.121358738585016,0.117575757575758,0.170397826018264,0.105627705627706,0.134532815116757
"Alabama",10,"1",13,125,"shelter_expenses_by_hh_size > 878.000 & unc_rawben_rel_max >   0.379 & unc_rawben_rel_max <=   0.991 & utilities <=  29.500",1,0,5,0.2,3,0.2,0.0149432126383931,0.0244126543238425,0.0924717312457062,0.131498656523276,0.0290909090909091,0.16484596309839,0.4,0.481553398058253,0.0882102409184547,0.32529126446643,0.0703463203463203,0.103804900601017,0.0824242424242424,0.122443996133317,0.0454545454545455,0.0978817299205649
"Alabama",10,"1",19,111,"rawben_rel_max >=   0.236 & rawben_rel_max <   1.000 & total_deductions_by_hh_size >= 511.000 & utilities < 249.000",3,1,8,0.375,4,0.375,0.0119104171643349,0.0257607139776239,0.0820558659723516,0.125015760932531,0.0750394944707741,0.196184293345957,0.4,0.684185773074662,0.209945535787753,0.320382068226051,0.0771270593545475,0.114461786044198,0.0122590837282781,0.0839999116012807,0.0403972015346423,0.0768939273625951
"Alabama",10,"1",20,88,"rawben_rel_max <   0.992 & shelter_expenses_by_hh_size >= 831.000 & unc_rawben_rel_max >=   0.270 & utilities < 277.000",4,1,12,0.333333333333333,5,0.333333333333333,0.00500034463096369,0.0152784203179834,0.0512496002795779,0.0837533970698209,0.0383507203179334,0.139606173687992,0,0.51632110579479,0.0334627987560438,0.210416295659457,0.0492839199233419,0.0756310721978209,0.0259757076632222,0.0566996183606724,0.0191753601589668,0.075405713110817
"Alabama",10,"1",23,26,"elderly_disabled_i >   0.500 & rawben_rel_max >   0.998 & shelter_expenses_by_hh_size <= 676.000 & unc_rawben_rel_max >   1.790",4,1,4,1,6,1,0.176717079207742,0.188337705536877,0.222947061249581,0.237465644121182,0.60177263494799,0.640210389008638,0.857142857142857,0.857142857142857,0.865174494872128,0.884008441431734,0.270757678340617,0.307553773228085,0.327272727272727,0.398689154132324,0.171428571428571,0.264723662121142
"Alabama",10,"1",30,8,"cat_elig >=    1.00 & shelter_expenses_by_hh_size < 1720.00 & unc_rawben_rel_max >=    2.49 & utilities <  875.00",2,1,2,1,7,1,0.0601064057706477,0.138531552198558,0.101468395865306,0.213592450229163,0.141298701298701,0.532333722153438,0.666666666666667,0.736943164362519,0.480154218243914,0.807040996213013,0.184415584415584,0.395054717412962,0.159393939393939,0.22269315928219,0.0351515151515152,0.113099618041188
"Alabama",10,"1",35,89,"rawben_rel_max <   0.992 & total_deductions_by_hh_size >= 220.000 & unc_rawben_rel_max >=   0.986 & utilities < 688.000",6,1,10,0.6,8,0.6,0.0268970191304802,0.0620371280223454,0.080665205468681,0.175363259110795,0.0888888888888889,0.361126172665194,0.4,0.5148070907195,0.177054887953345,0.58190049001162,0.032280701754386,0.151680845787131,0.0473102186746487,0.135825362895568,0.0263157894736842,0.0844678491612004
"Alabama",10,"1",54,27,"elderly_disabled_i >   0.500 & total_deductions_by_hh_size > 438.000 & unc_rawben_rel_max >   0.316 & utilities <= 276.000",1,0,11,0.0909090909090909,9,0.0909090909090909,0.0406646705943131,0.0642191971230535,0.0925828134363655,0.148482718535265,0.110983802926931,0.270555649269025,0.4,0.599532491818607,0.265840984115435,0.470242166183696,0.0373244449073833,0.123207533365752,0.0246753246753247,0.105414731919526,0.007864173740951,0.0701741799097992
"Alabama",10,"1",56,70,"months_since_cert_n >   2.50 & unc_rawben_rel_max >   1.93 & utilities >  14.00 & utilities <= 680.00",1,0,2,0.5,10,0.5,0.0104491157535404,0.174588939787078,0.0742241590799984,0.201718206327852,0.102629078238834,0.617889651071536,0.666666666666667,0.713962113857566,0.224010303076654,0.782982238917852,0.101219512195122,0.35062506905661,0.0509977827050998,0.316843315831841,0.0706208425720621,0.148918108348705
"Alabama",10,"1",69,4,"cat_elig >   0.500 & medical_deductions > 226.000 & unc_rawben_rel_max >   0.316 & unc_rawben_rel_max <=   0.991",2,0,2,1,11,1,0.0119864911359896,0.0727714712330216,0.110990491013396,0.151596902296221,0.500131868131868,0.583927387099606,0.666666666666667,0.855295659084563,0.503515505154919,0.636005205987643,0.0977440758293839,0.170885160271326,0.0133333333333333,0.113910893394727,0.0152727272727273,0.20887939560684
"Alabama",10,"1",84,114,"rawben_rel_max >=   0.484 & shelter_expenses_by_hh_size >= 879.000 & utilities <  31.000",1,0,5,0.2,12,0.2,0.0187154532247637,0.0594656156840558,0.103151706351869,0.155337446995423,0.0778355324536852,0.319766800397579,0.25,0.763232694138447,0.181921953333492,0.480786067025431,0.0354524856723977,0.14395925944082,0.0288987435328899,0.112987090685063,0.0152198204446499,0.079550288176039
"Alabama",10,"1",100,59,"medical_deductions > 96.200 & rawben_rel_max >  0.885 & rawben_rel_max <=  0.998 & unc_rawben_rel_max >  0.279",2,0,2,1,13,1,0.00233857042280666,0.0651992316329318,0.104523434755619,0.15139761605584,0.0895206611570248,0.4998662962718,0.666666666666667,0.756909820073705,0.184733596691005,0.588620310363221,0.0992396694214877,0.177284282805713,0.0566666666666666,0.144776792346734,0.0318772136953955,0.217863416233669
"Alabama",10,"1",102,90,"rawben_rel_max <   0.992 & total_deductions_by_hh_size >= 535.000 & unc_rawben_rel_max >=   0.964 & utilities < 645.000",3,0,14,0.214285714285714,14,0.214285714285714,0.0128717571866634,0.0611106113624452,0.0429588020190163,0.170800797168791,0.0535353535353535,0.367128375147747,0,0.513841709994223,0.0862848257929783,0.559431044032813,0.0406698564593301,0.132960329060034,0.0108984582668793,0.128439585090645,0.0137085137085137,0.10447805504174
"Alabama",10,"2-3",3,163,"cat_elig > 0.500 & children_i > 0.500 & rawben_rel_max > 0.996 & unc_rawben_rel_max > 1.690",2,0,2,1,0,NA,NA,NA,NA,NA,NA,NA,NA,NA,NA,NA,NA,NA,NA,NA,NA,NA
"Alabama",10,"2-3",25,240,"months_since_cert_n <=  25 & shelter_expenses_by_hh_size > 499 & shelter_expenses_by_hh_size <= 679 & total_deductions_by_hh_size > 644",1,0,1,1,1,1,0.135930247508075,0.135930247508075,0.164420523172666,0.164420523172666,0.319230769230769,0.319230769230769,1,1,0.628085707567584,0.628085707567584,0.179120879120879,0.179120879120879,0.197252747252747,0.197252747252747,0.0906593406593407,0.0906593406593407
"Alabama",10,"2-3",28,142,"HH_size_n >   2.500 & total_deductions_by_hh_size > 440.000 & unc_rawben_rel_max >   0.640 & unc_rawben_rel_max <=   0.996",1,0,1,1,2,1,0.025782211992904,0.067764419831015,0.193567052591564,0.205381580893637,0.1502849002849,0.205739125326754,0.857142857142857,0.857142857142857,0.497647294318738,0.617488549389758,0.134920634920635,0.161472166626806,0.051994301994302,0.134904690574794,0.0199430199430199,0.0417049540760881
"Alabama",10,"2-3",33,271,"shelter_expenses_by_hh_size < 650 & total_deductions_by_hh_size >= 625",2,0,3,0.666666666666667,3,0.666666666666667,0.0149392430502446,0.0523017597495843,0.0624032507272251,0.130785082674278,0.0799595141700405,0.17510959921424,0.5,0.749112426035503,0.121139940344664,0.383234784973985,0.0890688259109312,0.144190414589044,0.055668016194332,0.112250243268618,0.0185185185185186,0.0367951626905224
"Alabama",10,"2-3",46,197,"elderly_disabled_i >= 1.000 & rawben_rel_max >= 0.993 & rawben_rel_max < 0.996",2,1,2,1,4,1,0.0650595623991385,0.0894829015877077,0.228310585799243,0.235173198035626,0.575657894736842,0.618157158134815,0.833333333333333,0.974213836477988,0.788926997166384,0.829512441575207,0.314144736842105,0.350928177664772,0.196759259259259,0.246529031213738,0.105769230769231,0.127220718705326
"Alabama",10,"2-3",58,238,"months_since_cert_n <=  0.500 & total_deductions_by_hh_size > 83.500 & unc_rawben_rel_max <=  0.999 & utilities <= 22.000",1,1,1,1,5,1,0.0381553530267454,0.0920920494985439,0.2399275534899,0.280704393202782,0.340863787375415,0.411197409387276,0.666666666666667,0.806060606060606,0.779801787370283,0.818121779900455,0.170099667774086,0.242543723317581,0.140988372093023,0.33540565323898,0.108305647840532,0.194416879705784
"Alabama",10,"2-3",60,273,"shelter_expenses_by_hh_size <= 592.0 & total_deductions_by_hh_size > 522.0 & utilities >  37.5",1,0,4,0.25,6,0.25,0.0175832383500444,0.0583460275719492,0.0476788976357383,0.149810183970178,0.0618939883645766,0.240925976401162,0.333333333333333,0.719966583124478,0.144844297766653,0.458678566614878,0.0996240601503759,0.15876744259284,0.0195539754363284,0.140248322299962,0.0218487394957983,0.105060748574575
"Alabama",10,"2-3",63,259,"rawben_rel_max <   0.904 & total_deductions_by_hh_size >= 353.000 & utilities < 347.000",1,0,1,1,7,1,0.029483589440051,0.0736832544674035,0.175673287674073,0.204995090241708,0.113764927718416,0.294755630483529,0.6,0.785328638497653,0.506314426799631,0.658419558515753,0.139382239382239,0.17953037436802,0.0160028449502134,0.113092398186581,0.0122643652055417,0.0727887427560464
"Alabama",10,"2-3",64,202,"expedited_i <=   0.500 & medical_deductions > 128.000 & rawben_rel_max >   0.803 & unc_rawben_rel_max >   0.324",1,0,1,1,8,1,0.118953753664592,0.13771894249513,0.162364111839257,0.219807861103098,0.363486842105263,0.451710065304238,0.666666666666667,0.959418250058644,0.645599667561183,0.743437414758094,0.109375,0.283354517926745,0.09375,0.14330310160147,0.0287063953488372,0.157474891612999
"Alabama",10,"2-3",67,255,"rawben_rel_max <   0.703 & total_deductions_by_hh_size < 201.000 & unc_rawben_rel_max >=   0.698 & utilities < 586.000",1,1,1,1,9,1,0.0310325610273775,0.0894466424159795,0.220899230404994,0.255579824208741,NA,NA,0.6,0.837130270610447,0.702656827494462,0.824711984533357,NA,NA,NA,NA,NA,NA
"Alabama",10,"2-3",75,149,"HH_size_n >=   3.000 & rawben_rel_max >=   0.705 & total_deductions_by_hh_size >= 347.000 & utilities >= 361.000",3,1,6,0.5,10,0.5,0.0382478382183035,0.0838555516188207,0.127275015616417,0.210139907154747,0.0925925925925926,0.268534670672431,0.6,0.788700564971751,0.252181894409368,0.629673558124177,0.10968660968661,0.170797192692154,0.0213675213675214,0.110611411016715,0.0554334554334554,0.0963494239215359
"Alabama",10,"2-3",77,167,"cat_elig >=   1.000 & medical_deductions >= 190.000 & rawben_rel_max >=   0.321 & total_deductions_by_hh_size >=  34.000",1,0,1,1,11,1,0.0490608715759008,0.178804065814637,0.107585512962465,0.221486018763734,0.175551470588235,0.496682749677293,0.666666666666667,0.790687922945987,0.365049940326237,0.762760287443176,0.0459558823529412,0.292344199759561,0.0201238390092879,0.10835495569431,0.0643382352941176,0.186001639812227
"Alabama",10,"2-3",85,251,"percent_abawd >= 1.000 & rawben_rel_max >= 0.360 & rawben_rel_max < 0.784",1,0,1,1,12,1,0.0201488569737848,0.0997453408876347,0.182068451605488,0.221333325775634,0.164016958134605,0.3242793891183,0.5,0.875258552108194,0.583497610424819,0.752075744507869,0.127450980392157,0.186487734052354,0.0435729847494553,0.102505183071712,0.0224089635854342,0.0790467591596426
"Alabama",10,"2-3",86,224,"medical_deductions > 131.000 & rawben_rel_max >   0.643 & unc_rawben_rel_max >   0.130",3,2,4,0.75,13,0.75,0.0191598418071403,0.14101987868937,0.0489974829105244,0.192453367106857,0.069909793814433,0.382644219875686,0.25,0.842444779116466,0.119760739495783,0.672619294517814,0.0705541237113402,0.237187970695114,0.0539626288659794,0.114428501778296,0.0138338179575293,0.0819098178057476
"Alabama",10,"2-3",91,194,"elderly_disabled_i >=   1.000 & total_deductions_by_hh_size >= 524.000 & unc_rawben_rel_max <   0.943",1,0,1,1,14,1,0.0384888481883904,0.106962564594658,0.132398542245758,0.238723600804636,0.135289452815226,0.308466437854751,0.6,0.837711577522004,0.476180276343687,0.713748915896887,0.139676113360324,0.207195081412079,0.0323886639676113,0.0917340859206765,0.00546558704453445,0.109153668496051
"Alabama",10,"2-3",92,223,"medical_deductions > 131.000 & rawben_rel_max >   0.148 & unc_rawben_rel_max >   0.494",3,0,7,0.428571428571429,15,0.428571428571429,0.00997346600599843,0.123069168015186,0.0584745881239281,0.173007212731506,0.029236469072165,0.33198781487605,0,0.787145969498911,0.0518350152386594,0.587063869148074,0.0399484536082474,0.212638863311837,0.021826675257732,0.105710255117187,0.0142557989690721,0.0879924649976216
"Alabama",10,"4+",18,305,"HH_size_n >   4.50 & rawben_rel_max <=   0.88 & shelter_expenses_by_hh_size <= 268.00 & total_deductions_by_hh_size > 222.00",1,0,1,1,0,NA,NA,NA,NA,NA,NA,NA,NA,NA,NA,NA,NA,NA,NA,NA,NA,NA
"Alabama",10,"4+",31,439,"months_since_cert_n >   5.500 & rawben_rel_max <=   0.997 & shelter_expenses_by_hh_size <= 494.000 & total_deductions_by_hh_size > 227.000",6,5,6,1,1,1,0.0313474299893083,0.0313474299893083,0.151450710193251,0.151450710193251,0.316969696969697,0.316969696969697,0.4,0.4,0.46393594476278,0.46393594476278,0.269494949494949,0.269494949494949,0.29959595959596,0.29959595959596,0.1,0.1
"Alabama",10,"4+",32,477,"months_since_cert_n >=   8.000 & rawben_rel_max <   0.965 & total_deductions_by_hh_size >= 178.000 & unc_rawben_rel_max >=   0.793",1,1,2,0.5,2,0.5,0.004296851439224,0.0236842737172447,0.1212668770302,0.132754582339762,0.111111111111111,0.147241337049556,0.4,0.439452054794521,0.296052947041791,0.331338776380238,0.124098124098124,0.154041550534701,0.0988455988455989,0.143169384648837,0.0266955266955267,0.0346585226037281
"Alabama",10,"4+",45,487,"months_since_cert_n >= 10.000 & rawben_rel_max >=  0.683 & rawben_rel_max <  0.820 & total_deductions_by_hh_size >= 27.000",3,2,3,1,3,1,0.00533059095804794,0.0162733678181886,0.106975875199076,0.16875503230541,0.0909090909090909,0.149492460539688,0.4,0.429568788501027,0.231804715823141,0.404901163581896,0.101298701298701,0.168180484812928,0.106493506493506,0.171942599950813,0.0363636363636364,0.0606122829942132
"Alabama",10,"4+",65,402,"expedited_i >   0.500 & rawben_rel_max <=   0.932 & shelter_expenses_by_hh_size <= 155.000 & unc_rawben_rel_max >   0.654",1,0,1,1,4,1,0.0128124725706434,0.0309015848994135,0.149950079778936,0.209505815094219,0.161818181818182,0.22586518868337,0.666666666666667,0.716594516594517,0.448520210083837,0.626091751354406,0.156623376623377,0.162951593860685,0.0638383838383838,0.124448992085356,0.08,0.151536796536797
"Alabama",10,"4+",66,310,"HH_size_n >   4.500 & months_since_cert_n >   5.500 & rawben_rel_max <=   0.997 & shelter_expenses_by_hh_size > 263.000",1,0,4,0.25,5,0.25,0.00998134090051331,0.0150590845792583,0.0578764426607306,0.128597437733002,0.0884912959381045,0.130518640554771,0.666666666666667,0.687716596072391,0.219741354947197,0.348419497723072,0.0718891038039974,0.119603270599141,0.0204169353105524,0.0865674403527819,0.0278723404255319,0.0671644897512306
"Alabama",10,"4+",68,488,"months_since_cert_n >= 5.000 & rawben_rel_max >= 0.607 & rawben_rel_max < 0.625",3,1,3,1,6,1,0.00118975468077421,0.028496973692371,0.17742130755614,0.199381586839042,0.14021164021164,0.178598775271052,0.25,0.572865662272442,0.526760607514107,0.561939679732758,0.196414499605989,0.228280037527944,0.0318518518518519,0.0819964775199779,0.136296296296296,0.227632113864033
"Alabama",10,"4+",76,415,"medical_deductions <= 179.000 & rawben_rel_max >   0.777 & rawben_rel_max <=   0.817 & total_deductions_by_hh_size > 204.000",1,1,1,1,7,1,0.00197760695290812,0.0196182177190983,0.0766734286460976,0.143284757266524,0.143578643578644,0.209611386599413,0.4,0.688883314519838,0.268294270064411,0.430433599244457,0.198412698412698,0.245927783330133,0.0375180375180375,0.102362483374943,0.0389610389610389,0.0851465453912543
"Alabama",10,"4+",78,442,"months_since_cert_n >   5.500 & rawben_rel_max >   0.724 & rawben_rel_max <=   0.974 & shelter_expenses_by_hh_size > 162.000",4,1,10,0.4,8,0.4,0.00158808140829518,0.0172144047309576,0.0674527776923465,0.128865753603681,0.0611188696295079,0.120034462749875,0.25,0.556196973171291,0.166687719868833,0.279849107679932,0.0473850473850474,0.1291814572027,0.0400725400725401,0.0712600793926568,0.0191295191295191,0.0600789555996004
"Alabama",10,"4+",81,517,"rawben_rel_max >=   0.832 & rawben_rel_max <   0.843 & utilities >= 410.000",2,1,2,1,9,1,0.00751418541054405,0.0385649695921479,0.101998055804561,0.155262288134232,0.107407407407407,0.181562563733112,0.5,0.712462462462463,0.383428071691991,0.491657582787964,0.176190476190476,0.249061633974898,0.02,0.103903033669902,0.0466666666666667,0.0856574618276746
"Alabama",10,"4+",82,446,"months_since_cert_n >   6.500 & rawben_rel_max <=   0.998 & shelter_expenses_by_hh_size > 255.000 & unc_rawben_rel_max >   0.605",3,0,9,0.333333333333333,10,0.333333333333333,0.00189217430652482,0.0130265483977642,0.0675134737988169,0.103503836467418,0.0600886917960089,0.113764548082915,0.4,0.543739748496446,0.0758947929891595,0.216527327361639,0.065410199556541,0.118659103279764,0.0243161094224924,0.0688276439112063,0.0090533883637332,0.0450785179342895
"Alabama",10,"4+",83,485,"months_since_cert_n >=  6.000 & rawben_rel_max <  0.997 & total_deductions_by_hh_size >= 88.400 & unc_rawben_rel_max >=  0.709",2,0,14,0.142857142857143,11,0.142857142857143,0.00081089407813105,0.0130384275855529,0.0227991804049965,0.0981626902780538,0.0288343054300501,0.0836305552119684,0,0.525070464322801,0.0159396357145079,0.178005178637591,0.0225909800377885,0.0945353055066958,0.0189764232317424,0.0491619968523681,0.0108436704181385,0.040405968000834
"Alabama",10,"4+",89,372,"count_divisible_by_100 >=   1.000 & married >=   1.000 & rawben_rel_max >=   0.511 & utilities >= 367.000",1,0,1,1,12,1,0.00452693453667028,0.0302516428598353,0.114548574222085,0.143958865077677,0.0685777636997149,0.130095904991347,0.6,0.948663826174968,0.302305555033321,0.405644748869592,0.165853658536585,0.245269850523996,0.0745679012345679,0.259043749109426,0.0286488579171506,0.0789070275058566
"Alabama",10,"4+",94,465,"months_since_cert_n >=   2.000 & rawben_rel_max <   0.997 & shelter_expenses_by_hh_size < 428.000 & total_deductions_by_hh_size >= 243.000",4,2,10,0.4,13,0.4,0.000620499108822212,0.0103804485065903,0.0633186938940556,0.14644912032463,0.0768645357686454,0.184403132718186,0,0.524095989480605,0.0910243145093749,0.370815614528178,0.11706102117061,0.166663099459933,0.0831050228310502,0.145165669983106,0.027521793275218,0.0494946017765737
"Alabama",10,"4+",95,362,"count_divisible_by_100 >   0.500 & HH_size_n >   4.500 & rawben_rel_max <=   0.948 & shelter_expenses_by_hh_size > 178.000",1,0,1,1,14,1,0.000538159059001245,0.0236714522881526,0.0851265921138478,0.135087966252717,0.0960960960960961,0.134506065719789,0.4,0.758580257131821,0.187253990009086,0.388318458545746,0.0855916892502258,0.198083705677844,0.0123456790123457,0.244755787486923,0.018970189701897,0.0586990613032125
"Alabama",10,"4+",96,395,"expedited_i <=   0.5 & months_since_cert_n >   5.5 & total_deductions_by_hh_size > 208.0",5,2,12,0.416666666666667,15,0.416666666666667,0.00402036059755773,0.0155869310645924,0.047009695207789,0.116645751321414,0.0471036899608328,0.0962068514014428,0.6,0.744853817248648,0.0388165939196412,0.234875520565708,0.054524840239126,0.100037352344258,0.0136054421768707,0.0743826568143682,0.0102040816326531,0.0620506713169695
"Arizona",5,"1",1,97,"rawben_rel_max <=   0.991 & total_deductions_by_hh_size > 604.000 & unc_rawben_rel_max >   0.985 & utilities <= 368.000",3,1,3,1,0,NA,NA,NA,NA,NA,NA,NA,NA,NA,NA,NA,NA,NA,NA,NA,NA,NA
"Arizona",5,"1",16,83,"months_since_cert_n >=   8.00 & unc_rawben_rel_max >=   1.93 & utilities < 366.00",1,0,1,1,1,1,0.170350915785485,0.170350915785485,0.19427037129586,0.19427037129586,0.764912280701754,0.764912280701754,0.6,0.6,0.830714603320259,0.830714603320259,0.512280701754386,0.512280701754386,0.508771929824561,0.508771929824561,0.240350877192982,0.240350877192982
"Arizona",5,"2-3",22,217,"married <= 0.500 & months_since_cert_n > 1.500 & rawben_rel_max > 0.997 & unc_rawben_rel_max > 1.520",1,1,1,1,0,NA,NA,NA,NA,NA,NA,NA,NA,NA,NA,NA,NA,NA,NA,NA,NA,NA
"Arizona",5,"4+",2,377,"elderly_disabled_i <=   0.5 & medical_deductions <=  67.0 & shelter_expenses_by_hh_size > 263.0 & total_deductions_by_hh_size > 244.0",20,6,20,1,0,NA,NA,NA,NA,NA,NA,NA,NA,NA,NA,NA,NA,NA,NA,NA,NA,NA
"Arizona",5,"4+",4,378,"elderly_disabled_i <=   0.5 & shelter_expenses_by_hh_size <= 471.0 & total_deductions_by_hh_size > 244.0",1,0,12,0.0833333333333333,1,0.0833333333333333,0.000339620512239888,0.000339620512239888,0.0491388031204312,0.0491388031204312,0.0818899885801294,0.0818899885801294,0.6,0.6,0.0551122508262636,0.0551122508262636,0.0719927674153026,0.0719927674153026,0.0654263418347925,0.0654263418347925,0.00875523410734679,0.00875523410734679
"Arizona",5,"4+",5,296,"HH_size_n <=   6.500 & shelter_expenses_by_hh_size <= 461.000 & total_deductions_by_hh_size > 221.000 & unc_rawben_rel_max <=   0.831",5,2,16,0.3125,2,0.3125,0.00506490922554098,0.00525250448696474,0.048140901700075,0.0589034645615782,0.0590366345051939,0.064444346831362,0.6,0.742037302725968,0.0533415511065144,0.0716541432121313,0.0285294443828324,0.0509597576261191,0.0322852379938994,0.0326683515437732,0.0317825588702821,0.034171223840379
"Arizona",5,"4+",6,503,"rawben_rel_max <=   0.983 & shelter_expenses_by_hh_size > 260.000 & total_deductions_by_hh_size > 244.000",1,0,22,0.0454545454545455,3,0.0454545454545455,0.00233045125714658,0.00259875056351147,0.031624510440879,0.053154974540771,0.0455728116175877,0.0617783694902711,0.6,0.743154895786475,0.0266069300453225,0.0540437023356557,0.0135235982250908,0.0466742461347877,0.00538523598225091,0.0296140070543068,0.00165389269866877,0.0162948891435304
"Arizona",5,"4+",8,491,"percent_abawd <=   0.183 & shelter_expenses_by_hh_size > 260.000 & total_deductions_by_hh_size > 244.000",2,0,23,0.0869565217391304,4,0.0869565217391304,0.000140961116974619,0.00219624945521847,0.0352798261531739,0.0552119731677158,0.0169094106506741,0.05245711803212,0.5,0.675327062385123,0.0157184918162489,0.0474547997432483,0.034080353519412,0.0497696725669142,0.0156875153098718,0.0259130955687581,0.00103187098421342,0.0123369868427333
"Arizona",5,"4+",9,376,"elderly_disabled_i <=   0.5 & HH_size_n <=   5.5 & total_deductions_by_hh_size > 236.0",1,0,21,0.0476190476190476,5,0.0476190476190476,0.000671697298693028,0.00322186809142458,0.0229120888389644,0.0434736258137086,0.0289077737531346,0.0543461070294393,0.5,0.672324351548728,0.0261369656557321,0.0437839209670313,0.0303508232035698,0.0416077432411517,0.0039008080245194,0.022609045675376,0.0129800355062759,0.0157364719261107
"Arizona",5,"4+",10,375,"elderly_disabled_i <=   0.5 & HH_size_n <=   5.5 & total_deductions_by_hh_size > 229.0",2,0,24,0.0833333333333333,6,0.0833333333333333,0.00113609243725347,0.00418329595311428,0.00815002113655179,0.0383561419984875,0.0139145995310379,0.0444289738822608,0,0.542973357738458,0.00941559678074538,0.0405129876319474,0.0166054700371887,0.0395887191369755,0.0150049428046886,0.031836837045969,0.00641387751259238,0.0149484863740071
"Arizona",5,"4+",17,379,"elderly_disabled_i <=   0.5 & shelter_expenses_by_hh_size > 163.0 & total_deductions_by_hh_size > 221.0",1,0,29,0.0344827586206897,7,0.0344827586206897,0.00185426767713724,0.0052985520377305,0.00760624852933369,0.0347687784821439,0.016559388237883,0.0394071952726463,0.25,0.514037731636526,0.0103508457324865,0.0391364829579539,0.0253892281454586,0.0324632524284168,0.010765449859138,0.0206648289300232,0.00817703804910359,0.0151795222910233
"Arizona",5,"4+",21,292,"HH_size_n <=   5.5 & months_since_cert_n >   2.5 & shelter_expenses_by_hh_size > 338.0 & total_deductions_by_hh_size > 153.0",4,2,17,0.235294117647059,8,0.235294117647059,0.000471117683811903,0.00446075168615382,0.0602556497420532,0.0885397165048482,0.0857902269474545,0.119834862126575,0.6,0.635110677989698,0.0897328124393518,0.15412198917077,0.0852177468820282,0.10356603601922,0.0867579908675799,0.0991616069863628,0.0219586996524228,0.0344600515479258
"Arizona",5,"4+",24,295,"HH_size_n <=   6.50 & rawben_rel_max <=   0.91 & shelter_expenses_by_hh_size > 338.00 & total_deductions_by_hh_size > 197.00",1,0,22,0.0454545454545455,9,0.0454545454545455,0.000259685043672728,0.00294921886475025,0.0298869784985476,0.0579352897807921,0.0468753124687531,0.0826683361760348,0.25,0.570722106040103,0.0305076093689934,0.0753508970664279,0.0408117971986585,0.061176691614311,0.0185981401859814,0.0406286683859914,0.00278486207604141,0.0136101627122228
"Arizona",10,"1",1,97,"rawben_rel_max <=   0.991 & total_deductions_by_hh_size > 604.000 & unc_rawben_rel_max >   0.985 & utilities <= 368.000",3,1,3,1,0,NA,NA,NA,NA,NA,NA,NA,NA,NA,NA,NA,NA,NA,NA,NA,NA,NA
"Arizona",10,"1",16,83,"months_since_cert_n >=   8.00 & unc_rawben_rel_max >=   1.93 & utilities < 366.00",1,0,1,1,1,1,0.170350915785485,0.170350915785485,0.19427037129586,0.19427037129586,0.764912280701754,0.764912280701754,0.6,0.6,0.830714603320259,0.830714603320259,0.512280701754386,0.512280701754386,0.508771929824561,0.508771929824561,0.240350877192982,0.240350877192982
"Arizona",10,"1",29,30,"elderly_disabled_i >=   1.00 & rawben_rel_max >=   1.00 & unc_rawben_rel_max >=   1.52 & utilities < 313.00",5,3,5,1,2,1,0.0262757955455729,0.132396622024432,0.15337736287192,0.20895467622924,0.144194756554307,0.561717404160132,0.6,0.644202898550725,0.317058074467824,0.699394699108116,0.252434456928839,0.358876918725735,0.104119850187266,0.310339049871871,0.10782574413562,0.117808903058819
"Arizona",10,"1",33,24,"elderly_disabled_i >   0.500 & rawben_rel_max >   0.881 & shelter_expenses_by_hh_size > 474.000 & utilities <=  28.500",2,0,2,1,3,1,0.0782620671535831,0.0992522140889551,0.0974578848227915,0.132352174288976,0.341868183973447,0.470503979847564,0.4,0.576577126577127,0.501438054160587,0.549386959464767,0.201043148411569,0.246088837780145,0.148411569464201,0.248288751836948,0.0417259364627786,0.0813232169530218
"Arizona",10,"1",34,22,"elderly_disabled_i >   0.50 & unc_rawben_rel_max >   1.93 & utilities <= 365.00",3,0,5,0.6,4,0.6,0.00823390709883266,0.0809933079387049,0.0835201783989043,0.129510297524871,0.07051530414568,0.359590563586262,0.25,0.458445040214477,0.117065174894571,0.407974629430025,0.120689655172414,0.254745639493359,0.0131731886865556,0.187295677866645,0.0620689655172413,0.129664078373676
"Arizona",10,"1",41,12,"count_divisible_by_100 <   1.00 & months_since_cert_n >=   7.00 & unc_rawben_rel_max >=   1.63 & utilities < 353.00",4,3,7,0.571428571428571,5,0.571428571428571,0.00542985819737389,0.0625056132103132,0.106986927313652,0.151123947741401,0.194736842105263,0.411110130355859,0.25,0.683899979205656,0.28780845381125,0.490906279845455,0.17967332123412,0.279804790759061,0.0175438596491228,0.218034372959546,0.0614035087719298,0.112995681719595
"Arizona",10,"2-3",22,217,"married <= 0.500 & months_since_cert_n > 1.500 & rawben_rel_max > 0.997 & unc_rawben_rel_max > 1.520",1,1,1,1,0,NA,NA,NA,NA,NA,NA,NA,NA,NA,NA,NA,NA,NA,NA,NA,NA,NA
"Arizona",10,"4+",2,377,"elderly_disabled_i <=   0.5 & medical_deductions <=  67.0 & shelter_expenses_by_hh_size > 263.0 & total_deductions_by_hh_size > 244.0",20,6,20,1,0,NA,NA,NA,NA,NA,NA,NA,NA,NA,NA,NA,NA,NA,NA,NA,NA,NA
"Arizona",10,"4+",4,378,"elderly_disabled_i <=   0.5 & shelter_expenses_by_hh_size <= 471.0 & total_deductions_by_hh_size > 244.0",1,0,12,0.0833333333333333,1,0.0833333333333333,0.000339620512239888,0.000339620512239888,0.0491388031204312,0.0491388031204312,0.0818899885801294,0.0818899885801294,0.6,0.6,0.0551122508262636,0.0551122508262636,0.0719927674153026,0.0719927674153026,0.0654263418347925,0.0654263418347925,0.00875523410734679,0.00875523410734679
"Arizona",10,"4+",5,296,"HH_size_n <=   6.500 & shelter_expenses_by_hh_size <= 461.000 & total_deductions_by_hh_size > 221.000 & unc_rawben_rel_max <=   0.831",5,2,16,0.3125,2,0.3125,0.00506490922554098,0.00525250448696474,0.048140901700075,0.0589034645615782,0.0590366345051939,0.064444346831362,0.6,0.742037302725968,0.0533415511065144,0.0716541432121313,0.0285294443828324,0.0509597576261191,0.0322852379938994,0.0326683515437732,0.0317825588702821,0.034171223840379
"Arizona",10,"4+",6,503,"rawben_rel_max <=   0.983 & shelter_expenses_by_hh_size > 260.000 & total_deductions_by_hh_size > 244.000",1,0,22,0.0454545454545455,3,0.0454545454545455,0.00233045125714658,0.00259875056351147,0.031624510440879,0.053154974540771,0.0455728116175877,0.0617783694902711,0.6,0.743154895786475,0.0266069300453225,0.0540437023356557,0.0135235982250908,0.0466742461347877,0.00538523598225091,0.0296140070543068,0.00165389269866877,0.0162948891435304
"Arizona",10,"4+",8,491,"percent_abawd <=   0.183 & shelter_expenses_by_hh_size > 260.000 & total_deductions_by_hh_size > 244.000",2,0,23,0.0869565217391304,4,0.0869565217391304,0.000140961116974619,0.00219624945521847,0.0352798261531739,0.0552119731677158,0.0169094106506741,0.05245711803212,0.5,0.675327062385123,0.0157184918162489,0.0474547997432483,0.034080353519412,0.0497696725669142,0.0156875153098718,0.0259130955687581,0.00103187098421342,0.0123369868427333
"Arizona",10,"4+",9,376,"elderly_disabled_i <=   0.5 & HH_size_n <=   5.5 & total_deductions_by_hh_size > 236.0",1,0,21,0.0476190476190476,5,0.0476190476190476,0.000671697298693028,0.00322186809142458,0.0229120888389644,0.0434736258137086,0.0289077737531346,0.0543461070294393,0.5,0.672324351548728,0.0261369656557321,0.0437839209670313,0.0303508232035698,0.0416077432411517,0.0039008080245194,0.022609045675376,0.0129800355062759,0.0157364719261107
"Arizona",10,"4+",10,375,"elderly_disabled_i <=   0.5 & HH_size_n <=   5.5 & total_deductions_by_hh_size > 229.0",2,0,24,0.0833333333333333,6,0.0833333333333333,0.00113609243725347,0.00418329595311428,0.00815002113655179,0.0383561419984875,0.0139145995310379,0.0444289738822608,0,0.542973357738458,0.00941559678074538,0.0405129876319474,0.0166054700371887,0.0395887191369755,0.0150049428046886,0.031836837045969,0.00641387751259238,0.0149484863740071
"Arizona",10,"4+",17,379,"elderly_disabled_i <=   0.5 & shelter_expenses_by_hh_size > 163.0 & total_deductions_by_hh_size > 221.0",1,0,29,0.0344827586206897,7,0.0344827586206897,0.00185426767713724,0.0052985520377305,0.00760624852933369,0.0347687784821439,0.016559388237883,0.0394071952726463,0.25,0.514037731636526,0.0103508457324865,0.0391364829579539,0.0253892281454586,0.0324632524284168,0.010765449859138,0.0206648289300232,0.00817703804910359,0.0151795222910233
"Arizona",10,"4+",21,292,"HH_size_n <=   5.5 & months_since_cert_n >   2.5 & shelter_expenses_by_hh_size > 338.0 & total_deductions_by_hh_size > 153.0",4,2,17,0.235294117647059,8,0.235294117647059,0.000471117683811903,0.00446075168615382,0.0602556497420532,0.0885397165048482,0.0857902269474545,0.119834862126575,0.6,0.635110677989698,0.0897328124393518,0.15412198917077,0.0852177468820282,0.10356603601922,0.0867579908675799,0.0991616069863628,0.0219586996524228,0.0344600515479258
"Arizona",10,"4+",24,295,"HH_size_n <=   6.50 & rawben_rel_max <=   0.91 & shelter_expenses_by_hh_size > 338.00 & total_deductions_by_hh_size > 197.00",1,0,22,0.0454545454545455,9,0.0454545454545455,0.000259685043672728,0.00294921886475025,0.0298869784985476,0.0579352897807921,0.0468753124687531,0.0826683361760348,0.25,0.570722106040103,0.0305076093689934,0.0753508970664279,0.0408117971986585,0.061176691614311,0.0185981401859814,0.0406286683859914,0.00278486207604141,0.0136101627122228
"Arizona",10,"4+",25,294,"HH_size_n <=   6 & shelter_expenses_by_hh_size > 338 & shelter_expenses_by_hh_size <= 459 & total_deductions_by_hh_size > 165",1,0,18,0.0555555555555556,10,0.0555555555555556,0.00202106682218366,0.00589928637026311,0.0528606782867548,0.0661443205612667,0.0437347931873479,0.0933971415486735,0.4,0.543569696311579,0.0511037424725708,0.117871218798152,0.0381386861313869,0.0690171417791745,0.00886203423967777,0.0334709123415911,0.00315091210613598,0.0155999435692483
"Arizona",10,"4+",26,289,"HH_size_n <   5 & months_since_cert_n >=   5 & total_deductions_by_hh_size >= 150",4,1,17,0.235294117647059,11,0.235294117647059,0.000802842960109421,0.00436716047628078,0.0768339468921777,0.1067471220909,0.0335217923294376,0.0844132866821323,0.25,0.636048846318423,0.0566504201345851,0.159874669533614,0.0748594504711378,0.0997988203401567,0.0849156702826828,0.15914469463151,0.0193320488118176,0.0303217604002243
"Arizona",10,"4+",32,444,"months_since_cert_n >   5.500 & shelter_expenses_by_hh_size > 156.000 & total_deductions_by_hh_size >   1.380 & unc_rawben_rel_max <=   0.834",5,4,17,0.294117647058824,12,0.294117647058824,0.00942052531128848,0.0153251826085892,0.112591993862234,0.129694473599823,0.0379943502824859,0.111455900131712,0.4,0.659444195428059,0.221250082784067,0.26745065253795,0.0701577348878221,0.0955182626089471,0.0176556171601588,0.152203453505126,0.0158551609620226,0.0316465604718113
"Arizona",10,"4+",35,391,"elderly_disabled_i <= 0.500 & months_since_cert_n > 5.500 & rawben_rel_max > 0.372 & unc_rawben_rel_max <= 0.834",4,0,14,0.285714285714286,13,0.285714285714286,0.00297522505555048,0.0113352171420067,0.0837107410065477,0.157031565540637,0.0453783747838808,0.102401661100536,0.666666666666667,0.870047851261378,0.0860299380898665,0.299154399865101,0.0488727990784927,0.0993939357173254,0.0163503998090464,0.138462681842797,0.0131380037395074,0.0274945162860692
"Arizona",10,"4+",39,476,"months_since_cert_n >=   6.000 & rawben_rel_max <   0.884 & shelter_expenses_by_hh_size >= 167.000",1,0,19,0.0526315789473684,14,0.0526315789473684,0.00131574611458228,0.014079108605464,0.00867904536834025,0.114104971961462,0.0148906592525263,0.105933849608754,0.5,0.789133670009027,0.00821891363876634,0.234473153796949,0.0158209912848206,0.0903489725939587,0.00910617411521572,0.120445752317913,0.00638293292000348,0.0321239959697897
"Arizona",10,"4+",40,291,"HH_size_n <=   4.500 & rawben_rel_max <=   0.834 & total_deductions_by_hh_size > 154.000",3,1,18,0.166666666666667,15,0.166666666666667,2.2970723540322e-05,0.00675513162703031,0.0348899003822714,0.0751931029962287,0.0293285986716644,0.068856149486167,0.25,0.667552874096665,0.0311704815042582,0.110422303917836,0.0247497695951304,0.0593685051972145,0.00973048918254396,0.0796550050735063,0.00207900207900207,0.0194863134353915
"Arizona",10,"4+",42,461,"months_since_cert_n > 5.500 & total_deductions_by_hh_size > 1.380 & unc_rawben_rel_max <= 0.834",4,0,26,0.153846153846154,16,0.153846153846154,0.00242802374099345,0.0157051900503711,0.0259347051334803,0.11692624132126,0.0291452625570776,0.0845753380793781,0.25,0.70638379436273,0.0234804220643925,0.225366008498685,0.0185160663841808,0.0812574243914593,0.00741549883661033,0.121192585214955,0.00764285950358594,0.0327271722823192
"Arizona",10,"4+",45,293,"HH_size_n <=   5.5 & shelter_expenses_by_hh_size > 234.0 & total_deductions_by_hh_size > 183.0",3,2,37,0.0810810810810811,17,0.0810810810810811,0.000462232458627809,0.00713149708402236,0.039936715718574,0.0834581505222622,0.0306652806652807,0.074143033097066,0.25,0.570871459694989,0.0303530624543785,0.119792806237104,0.0245981630309988,0.0711924552087961,0.00588618209100136,0.0874711799957208,0.00457875457875452,0.0223416687714803
"Arizona",10,"4+",46,496,"rawben_rel_max <   0.745 & shelter_expenses_by_hh_size >= 215.000 & total_deductions_by_hh_size >= 183.000",1,0,24,0.0416666666666667,18,0.0416666666666667,0.00010980596967762,0.00635200451802403,0.0298867784562785,0.0785739216054239,0.0405405405405405,0.0763392768665832,0,0.607830065359477,0.0266284640545715,0.12084838153922,0.0237874575223973,0.0708888473251204,0.00484711662959399,0.0756017080599604,0.00365141187925996,0.0258378245426695
"Arizona",10,"4+",50,424,"months_since_cert_n >   4.500 & rawben_rel_max <=   0.616 & shelter_expenses_by_hh_size > 163.000",3,2,18,0.166666666666667,19,0.166666666666667,0.000923780114182399,0.00704652448195976,0.0806779257895446,0.13930977330854,0.0235944846114338,0.0817370025725977,0,0.721488335165506,0.0965727852020441,0.214169972254364,0.0478250562996326,0.09029904164443,0.0255635714496474,0.108399426485249,0.0234439190052767,0.0466600948483154
"Arkansas",5,"1",1,129,"total_deductions_by_hh_size > 336.000 & unc_rawben_rel_max >   0.891 & unc_rawben_rel_max <=   0.991 & utilities <=  29.500",1,1,1,1,0,NA,NA,NA,NA,NA,NA,NA,NA,NA,NA,NA,NA,NA,NA,NA,NA,NA
"Arkansas",5,"1",2,82,"months_since_cert_n >=   8.00 & shelter_expenses_by_hh_size < 648.00 & unc_rawben_rel_max >=   1.82 & utilities < 493.00",1,0,1,1,1,1,0.157159430724472,0.157159430724472,0.230034241540643,0.230034241540643,0.548701298701299,0.548701298701299,0.666666666666667,0.666666666666667,0.852866354861895,0.852866354861895,0.390692640692641,0.390692640692641,0.441558441558442,0.441558441558442,0.16017316017316,0.16017316017316
"Arkansas",5,"1",6,12,"count_divisible_by_100 <   1.00 & months_since_cert_n >=   7.00 & unc_rawben_rel_max >=   1.63 & utilities < 353.00",1,0,2,0.5,2,0.5,0.0261649418743417,0.120451776330699,0.104029943049109,0.168368934121163,0.227272727272727,0.477597795429011,0.4,0.570114942528736,0.306579367538163,0.644824339348739,0.107655502392344,0.263613579403053,0.0781499202551834,0.260125234716886,0.0676691729323309,0.0824357131072195
"Arkansas",5,"1",8,111,"rawben_rel_max >=   0.236 & rawben_rel_max <   1.000 & total_deductions_by_hh_size >= 511.000 & utilities < 249.000",2,0,3,0.666666666666667,3,0.666666666666667,0.0345150971946039,0.144680629245004,0.110540781168869,0.192164485273921,0.0750394944707741,0.455826691808233,0.666666666666667,0.802930402930403,0.217567974462398,0.68081405224349,0.0771270593545475,0.241184540910158,0.113687655156849,0.350002867756672,0.0272719713976886,0.0459505656063401
"Arkansas",5,"1",10,96,"rawben_rel_max <=   0.991 & total_deductions_by_hh_size > 272.000 & unc_rawben_rel_max >   0.913 & utilities <= 346.000",7,1,8,0.875,4,0.875,0.00741441838296737,0.0784330843702678,0.0709667898411926,0.137477689133511,0.085612968591692,0.272651119256725,0.4,0.48809946714032,0.0956686072790567,0.462500557041006,0.0795339412360689,0.180394617297918,0.0197698036560596,0.176883800603832,0.0202634245187437,0.0414251784879467
"Arkansas",5,"1",16,106,"rawben_rel_max >   0.727 & rawben_rel_max <=   0.991 & shelter_expenses_by_hh_size > 413.000 & utilities <=  28.500",1,0,2,0.5,5,0.5,0.00346936427702626,0.0562766083866022,0.0871911538154933,0.132988977677611,0.0307539682539683,0.191335335500519,0.4,0.627424269582363,0.0383864288209702,0.358949630405882,0.0505952380952381,0.126458550375228,0.0496031746031746,0.14664619089275,0.0135933806146572,0.0354065362208268
"Arkansas",5,"1",19,101,"rawben_rel_max <=   0.998 & total_deductions_by_hh_size > 588.000 & unc_rawben_rel_max >   0.322 & utilities <= 344.000",9,1,15,0.6,6,0.6,0.0148691184773751,0.0477793347300163,0.0671951005420406,0.130573531532902,0.0793838862559242,0.183975714510833,0,0.413924466338259,0.155766408812474,0.339388534008853,0.0633980290378395,0.121735444925781,0.0480731104019939,0.142337338260919,0.0436507936507936,0.0632179128507024
"Arkansas",5,"1",20,27,"elderly_disabled_i >   0.500 & total_deductions_by_hh_size > 438.000 & unc_rawben_rel_max >   0.316 & utilities <= 276.000",5,2,7,0.714285714285714,7,0.714285714285714,0.0413850525696282,0.0583567803960378,0.0976913740525535,0.134045275030445,0.110983802926931,0.18254341254866,0.4,0.555339056621974,0.265840984115435,0.387985775277456,0.0373244449073833,0.0946179105779916,0.0228174603174603,0.106528324644052,0.007864173740951,0.034705621427104
"Arkansas",5,"1",26,61,"medical_deductions >= 111.000 & medical_deductions < 130.000 & rawben_rel_max >=   0.274 & shelter_expenses_by_hh_size < 868.000",1,0,1,1,8,1,0.0481796565648686,0.0734964204420952,0.148110538973484,0.176252910728199,0.544981684981685,0.612389429214813,0.857142857142857,0.959131823461092,0.625022025115946,0.694634172019248,0.150212765957447,0.222737361266889,0.0590438247011952,0.136443538665597,0.203636363636364,0.316078025993051
"Arkansas",5,"1",35,78,"months_since_cert_n >=   6.00 & rawben_rel_max >=   1.00 & unc_rawben_rel_max >=   1.48 & utilities < 340.00",1,0,3,0.333333333333333,9,0.333333333333333,0.0110015271719205,0.147515079356316,0.0377359097208501,0.203392626293356,0.0746738641475483,0.547317542681443,0.4,0.651793489529339,0.091758667704981,0.750301172961624,0.0544309491677913,0.286849805338594,0.053306342780027,0.391973878118293,0.0191183085919928,0.0467973838737264
"Arkansas",5,"1",45,76,"months_since_cert_n >=   5.000 & rawben_rel_max >=   0.381 & total_deductions_by_hh_size >= 395.000 & utilities <  27.000",1,0,6,0.166666666666667,10,0.166666666666667,0.0247601827509374,0.0626990177699282,0.0761986792490834,0.131067555258501,0.113141380583241,0.219913478924737,0.4,0.614680624333981,0.239451267530243,0.424662426616315,0.12946162364767,0.176980921346927,0.160691214470284,0.216388555331216,0.0208861457070429,0.0527602651786027
"Arkansas",5,"2-3",17,287,"total_deductions_by_hh_size >= 428 & utilities >= 303 & utilities < 342",3,1,3,1,0,NA,NA,NA,NA,NA,NA,NA,NA,NA,NA,NA,NA,NA,NA,NA,NA,NA
"Arkansas",5,"2-3",22,238,"months_since_cert_n <=  0.500 & total_deductions_by_hh_size > 83.500 & unc_rawben_rel_max <=  0.999 & utilities <= 22.000",3,2,3,1,1,1,0.0651911239601135,0.0651911239601135,0.234374321295267,0.234374321295267,0.198781838316722,0.198781838316722,0.6,0.6,0.741502805436599,0.741502805436599,0.273532668881506,0.273532668881506,0.358250276854928,0.358250276854928,0.151162790697674,0.151162790697674
"Arkansas",5,"2-3",27,255,"rawben_rel_max <   0.703 & total_deductions_by_hh_size < 201.000 & unc_rawben_rel_max >=   0.698 & utilities < 586.000",1,0,1,1,2,1,0.0310325610273775,0.0452616505353121,0.220899230404994,0.234407621412236,NA,NA,0.833333333333333,0.847547974413646,0.702656827494462,0.752197063289565,NA,NA,NA,NA,NA,NA
"Arkansas",5,"2-3",29,203,"expedited_i <=   0.500 & percent_abawd >   0.583 & rawben_rel_max <=   0.711 & shelter_expenses_by_hh_size <= 278.000",1,0,1,1,3,1,0.0182660677022469,0.0357613062754326,0.157203601058951,0.174590293037483,0.258471760797342,0.296315763375812,0.857142857142857,0.969747899159664,0.450785314031488,0.604086901309075,0.183388704318937,0.270679823473992,0.153488372093023,0.17798879357366,0.0714285714285714,0.0763871671542619
"Arkansas",5,"2-3",32,219,"married >=   1.000 & rawben_rel_max >=   0.523 & total_deductions_by_hh_size >= 154.000 & utilities <  29.000",1,0,1,1,4,1,0.0359270043617775,0.0463009103262921,0.160036086105671,0.190798683159832,NA,NA,0.6,0.762624338624339,0.579058501659733,0.650374093526519,NA,NA,NA,NA,NA,NA
"Arkansas",5,"4+",14,426,"months_since_cert_n >   4.500 & rawben_rel_max <=   0.977 & total_deductions_by_hh_size > 221.000 & utilities <= 454.000",1,0,1,1,0,NA,NA,NA,NA,NA,NA,NA,NA,NA,NA,NA,NA,NA,NA,NA,NA,NA
"Arkansas",5,"4+",30,406,"expedited_i >=   1.000 & rawben_rel_max <   0.962 & total_deductions_by_hh_size >=   2.250 & total_deductions_by_hh_size < 124.000",1,1,1,1,1,1,0.025885662713911,0.025885662713911,0.169191731501808,0.169191731501808,0.204895583704211,0.204895583704211,0.666666666666667,0.666666666666667,0.574372189882781,0.574372189882781,0.224666210201986,0.224666210201986,0.0201985621362547,0.0201985621362547,0.294077370763437,0.294077370763437
"Arkansas",5,"4+",36,322,"HH_size_n >   5.500 & months_since_cert_n >   4.500 & rawben_rel_max <=   0.825 & utilities <= 424.000",1,0,1,1,2,1,0.00975126523195437,0.0134550580189927,0.108400846654742,0.120029795591465,0.140790825059911,0.159612596734587,0.4,0.591887125220459,0.329811292677542,0.374917725702483,0.141732283464567,0.179992899438295,0.094488188976378,0.0991225734464351,0.0540910647038686,0.164339964750783
"Arkansas",10,"1",1,129,"total_deductions_by_hh_size > 336.000 & unc_rawben_rel_max >   0.891 & unc_rawben_rel_max <=   0.991 & utilities <=  29.500",1,1,1,1,0,NA,NA,NA,NA,NA,NA,NA,NA,NA,NA,NA,NA,NA,NA,NA,NA,NA
"Arkansas",10,"1",2,82,"months_since_cert_n >=   8.00 & shelter_expenses_by_hh_size < 648.00 & unc_rawben_rel_max >=   1.82 & utilities < 493.00",1,0,1,1,1,1,0.157159430724472,0.157159430724472,0.230034241540643,0.230034241540643,0.548701298701299,0.548701298701299,0.666666666666667,0.666666666666667,0.852866354861895,0.852866354861895,0.390692640692641,0.390692640692641,0.441558441558442,0.441558441558442,0.16017316017316,0.16017316017316
"Arkansas",10,"1",6,12,"count_divisible_by_100 <   1.00 & months_since_cert_n >=   7.00 & unc_rawben_rel_max >=   1.63 & utilities < 353.00",1,0,2,0.5,2,0.5,0.0261649418743417,0.120451776330699,0.104029943049109,0.168368934121163,0.227272727272727,0.477597795429011,0.4,0.570114942528736,0.306579367538163,0.644824339348739,0.107655502392344,0.263613579403053,0.0781499202551834,0.260125234716886,0.0676691729323309,0.0824357131072195
"Arkansas",10,"1",8,111,"rawben_rel_max >=   0.236 & rawben_rel_max <   1.000 & total_deductions_by_hh_size >= 511.000 & utilities < 249.000",2,0,3,0.666666666666667,3,0.666666666666667,0.0345150971946039,0.144680629245004,0.110540781168869,0.192164485273921,0.0750394944707741,0.455826691808233,0.666666666666667,0.802930402930403,0.217567974462398,0.68081405224349,0.0771270593545475,0.241184540910158,0.113687655156849,0.350002867756672,0.0272719713976886,0.0459505656063401
"Arkansas",10,"1",10,96,"rawben_rel_max <=   0.991 & total_deductions_by_hh_size > 272.000 & unc_rawben_rel_max >   0.913 & utilities <= 346.000",7,1,8,0.875,4,0.875,0.00741441838296737,0.0784330843702678,0.0709667898411926,0.137477689133511,0.085612968591692,0.272651119256725,0.4,0.48809946714032,0.0956686072790567,0.462500557041006,0.0795339412360689,0.180394617297918,0.0197698036560596,0.176883800603832,0.0202634245187437,0.0414251784879467
"Arkansas",10,"1",16,106,"rawben_rel_max >   0.727 & rawben_rel_max <=   0.991 & shelter_expenses_by_hh_size > 413.000 & utilities <=  28.500",1,0,2,0.5,5,0.5,0.00346936427702626,0.0562766083866022,0.0871911538154933,0.132988977677611,0.0307539682539683,0.191335335500519,0.4,0.627424269582363,0.0383864288209702,0.358949630405882,0.0505952380952381,0.126458550375228,0.0496031746031746,0.14664619089275,0.0135933806146572,0.0354065362208268
"Arkansas",10,"1",19,101,"rawben_rel_max <=   0.998 & total_deductions_by_hh_size > 588.000 & unc_rawben_rel_max >   0.322 & utilities <= 344.000",9,1,15,0.6,6,0.6,0.0148691184773751,0.0477793347300163,0.0671951005420406,0.130573531532902,0.0793838862559242,0.183975714510833,0,0.413924466338259,0.155766408812474,0.339388534008853,0.0633980290378395,0.121735444925781,0.0480731104019939,0.142337338260919,0.0436507936507936,0.0632179128507024
"Arkansas",10,"1",20,27,"elderly_disabled_i >   0.500 & total_deductions_by_hh_size > 438.000 & unc_rawben_rel_max >   0.316 & utilities <= 276.000",5,2,7,0.714285714285714,7,0.714285714285714,0.0413850525696282,0.0583567803960378,0.0976913740525535,0.134045275030445,0.110983802926931,0.18254341254866,0.4,0.555339056621974,0.265840984115435,0.387985775277456,0.0373244449073833,0.0946179105779916,0.0228174603174603,0.106528324644052,0.007864173740951,0.034705621427104
"Arkansas",10,"1",26,61,"medical_deductions >= 111.000 & medical_deductions < 130.000 & rawben_rel_max >=   0.274 & shelter_expenses_by_hh_size < 868.000",1,0,1,1,8,1,0.0481796565648686,0.0734964204420952,0.148110538973484,0.176252910728199,0.544981684981685,0.612389429214813,0.857142857142857,0.959131823461092,0.625022025115946,0.694634172019248,0.150212765957447,0.222737361266889,0.0590438247011952,0.136443538665597,0.203636363636364,0.316078025993051
"Arkansas",10,"1",35,78,"months_since_cert_n >=   6.00 & rawben_rel_max >=   1.00 & unc_rawben_rel_max >=   1.48 & utilities < 340.00",1,0,3,0.333333333333333,9,0.333333333333333,0.0110015271719205,0.147515079356316,0.0377359097208501,0.203392626293356,0.0746738641475483,0.547317542681443,0.4,0.651793489529339,0.091758667704981,0.750301172961624,0.0544309491677913,0.286849805338594,0.053306342780027,0.391973878118293,0.0191183085919928,0.0467973838737264
"Arkansas",10,"1",45,76,"months_since_cert_n >=   5.000 & rawben_rel_max >=   0.381 & total_deductions_by_hh_size >= 395.000 & utilities <  27.000",1,0,6,0.166666666666667,10,0.166666666666667,0.0247601827509374,0.0626990177699282,0.0761986792490834,0.131067555258501,0.113141380583241,0.219913478924737,0.4,0.614680624333981,0.239451267530243,0.424662426616315,0.12946162364767,0.176980921346927,0.160691214470284,0.216388555331216,0.0208861457070429,0.0527602651786027
"Arkansas",10,"1",46,81,"months_since_cert_n >=   7.00000 & shelter_expenses_by_hh_size >= 405.00000 & unc_rawben_rel_max >=  -0.00400 & unc_rawben_rel_max <   0.00356",3,1,3,1,11,1,0.0437181785201063,0.109971613545248,0.199163512259409,0.2565028622264,0.210227272727273,0.590635818592647,0.666666666666667,0.844623122957741,0.769982064762312,0.863320145332013,0.474431818181818,0.595058349869713,0.0719476744186047,0.234043957963669,0.00374999999999999,0.307991639568098
"Arkansas",10,"1",83,112,"rawben_rel_max >=   0.280 & rawben_rel_max <   0.992 & total_deductions_by_hh_size >= 471.000 & utilities < 347.000",14,1,30,0.466666666666667,12,0.466666666666667,0.00694242444899829,0.0517362236990291,0.0588696822665688,0.123243908341922,0.0334636342099029,0.191863543769973,0,0.49541724891612,0.0519761050480727,0.327917378198957,0.0361288794124615,0.12796657036282,0.011127559587088,0.14282551624513,0.0103967342773313,0.0504366579519668
"Arkansas",10,"2-3",17,287,"total_deductions_by_hh_size >= 428 & utilities >= 303 & utilities < 342",3,1,3,1,0,NA,NA,NA,NA,NA,NA,NA,NA,NA,NA,NA,NA,NA,NA,NA,NA,NA
"Arkansas",10,"2-3",22,238,"months_since_cert_n <=  0.500 & total_deductions_by_hh_size > 83.500 & unc_rawben_rel_max <=  0.999 & utilities <= 22.000",3,2,3,1,1,1,0.0651911239601135,0.0651911239601135,0.234374321295267,0.234374321295267,0.198781838316722,0.198781838316722,0.6,0.6,0.741502805436599,0.741502805436599,0.273532668881506,0.273532668881506,0.358250276854928,0.358250276854928,0.151162790697674,0.151162790697674
"Arkansas",10,"2-3",27,255,"rawben_rel_max <   0.703 & total_deductions_by_hh_size < 201.000 & unc_rawben_rel_max >=   0.698 & utilities < 586.000",1,0,1,1,2,1,0.0310325610273775,0.0452616505353121,0.220899230404994,0.234407621412236,NA,NA,0.833333333333333,0.847547974413646,0.702656827494462,0.752197063289565,NA,NA,NA,NA,NA,NA
"Arkansas",10,"2-3",29,203,"expedited_i <=   0.500 & percent_abawd >   0.583 & rawben_rel_max <=   0.711 & shelter_expenses_by_hh_size <= 278.000",1,0,1,1,3,1,0.0182660677022469,0.0357613062754326,0.157203601058951,0.174590293037483,0.258471760797342,0.296315763375812,0.857142857142857,0.969747899159664,0.450785314031488,0.604086901309075,0.183388704318937,0.270679823473992,0.153488372093023,0.17798879357366,0.0714285714285714,0.0763871671542619
"Arkansas",10,"2-3",32,219,"married >=   1.000 & rawben_rel_max >=   0.523 & total_deductions_by_hh_size >= 154.000 & utilities <  29.000",1,0,1,1,4,1,0.0359270043617775,0.0463009103262921,0.160036086105671,0.190798683159832,NA,NA,0.6,0.762624338624339,0.579058501659733,0.650374093526519,NA,NA,NA,NA,NA,NA
"Arkansas",10,"2-3",53,261,"rawben_rel_max <=   0.804 & shelter_expenses_by_hh_size > 521.000 & total_deductions_by_hh_size >  97.100 & utilities <= 357.000",2,0,2,1,5,1,0.0184345496737895,0.0382326149850951,0.176077727122525,0.214614973911571,0.188592768630114,0.222144083118451,0.6,0.692420189049403,0.502472943579929,0.618086575503152,0.169410965880156,0.189307696522091,0.108967674661105,0.208719554137504,0.00938477580813346,0.0581801441223805
"Arkansas",10,"2-3",55,250,"percent_abawd >=  0.500 & rawben_rel_max <  0.739 & total_deductions_by_hh_size >=  8.500 & utilities < 44.000",1,0,1,1,6,1,0.00389818674741745,0.0315956214109009,0.104930350928244,0.163996982053262,0.104761904761905,0.30327524184356,0.4,0.527306967984934,0.201771074224258,0.546223985160122,0.0904761904761905,0.253111373668492,0.0470976711852624,0.126928408931712,0.0422314911366006,0.056615670685736
"Arkansas",10,"2-3",66,237,"months_since_cert_n <=  0.5 & total_deductions_by_hh_size > 83.5 & utilities <= 22.0",1,1,5,0.2,7,0.2,0.000746911592798676,0.022725919143239,0.0585910494048865,0.195796540871019,0.0241333918385257,0.179840754131954,0.25,0.594889267461669,0.00989259881697706,0.52066070406962,0.0456340500219394,0.163185818758283,0.00877577885037296,0.264166110512357,0.0280824923211935,0.110349755720542
"Arkansas",10,"2-3",75,150,"HH_size_n >= 3.000 & percent_abawd >= 0.250 & rawben_rel_max >= 0.288 & rawben_rel_max < 0.711",2,0,3,0.666666666666667,8,0.666666666666667,0.010501780214057,0.0271768464273159,0.16979794816469,0.204669708241713,0.159928122192273,0.203863996078901,0.666666666666667,0.876286537669823,0.362304324991157,0.578432264879063,0.179245283018868,0.23407948818201,0.0225864206032227,0.135729480679702,0.00399394022861864,0.0426462093922131
"Arkansas",10,"4+",14,426,"months_since_cert_n >   4.500 & rawben_rel_max <=   0.977 & total_deductions_by_hh_size > 221.000 & utilities <= 454.000",1,0,1,1,0,NA,NA,NA,NA,NA,NA,NA,NA,NA,NA,NA,NA,NA,NA,NA,NA,NA
"Arkansas",10,"4+",30,406,"expedited_i >=   1.000 & rawben_rel_max <   0.962 & total_deductions_by_hh_size >=   2.250 & total_deductions_by_hh_size < 124.000",1,1,1,1,1,1,0.025885662713911,0.025885662713911,0.169191731501808,0.169191731501808,0.204895583704211,0.204895583704211,0.666666666666667,0.666666666666667,0.574372189882781,0.574372189882781,0.224666210201986,0.224666210201986,0.0201985621362547,0.0201985621362547,0.294077370763437,0.294077370763437
"Arkansas",10,"4+",36,322,"HH_size_n >   5.500 & months_since_cert_n >   4.500 & rawben_rel_max <=   0.825 & utilities <= 424.000",1,0,1,1,2,1,0.00975126523195437,0.0134550580189927,0.108400846654742,0.120029795591465,0.140790825059911,0.159612596734587,0.4,0.591887125220459,0.329811292677542,0.374917725702483,0.141732283464567,0.179992899438295,0.094488188976378,0.0991225734464351,0.0540910647038686,0.164339964750783
"Arkansas",10,"4+",43,306,"HH_size_n >   4.500 & married <=   0.500 & shelter_expenses_by_hh_size > 251.000 & unc_rawben_rel_max <=   0.976",2,0,2,1,3,1,0.0046027607861077,0.0115749150056181,0.120042816267529,0.144820956334841,0.136070853462158,0.144814035393913,0.857142857142857,0.942226890756303,0.305614204125031,0.388354510275863,0.130766987459901,0.150829747624258,0.0807891578608436,0.139825396457617,0.0285689195913708,0.106676522131413
"Arkansas",10,"4+",48,316,"HH_size_n >   4.500 & shelter_expenses_by_hh_size > 239.000 & unc_rawben_rel_max >   0.734 & unc_rawben_rel_max <=   0.997",2,2,2,1,4,1,0.00552169465205047,0.0078851047091068,0.0857381838193011,0.139413925762122,0.107817095152263,0.176006434238623,0.4,0.674137015400956,0.216910227097873,0.347709284701807,0.159235366663504,0.189434788270123,0.0355847180543737,0.0702955381564047,0.0288440005374659,0.0760691730287294
"Arkansas",10,"4+",69,344,"HH_size_n >=   5.000 & rawben_rel_max >=   0.681 & rawben_rel_max <   0.959 & shelter_expenses_by_hh_size >= 199.000",1,0,3,0.333333333333333,5,0.333333333333333,0.00106646063180406,0.00849977134388784,0.0431078971878985,0.117642552737737,0.0893344472291841,0.114472126244376,0.666666666666667,0.709733160535673,0.0996780016107801,0.254933784371833,0.0908103592314119,0.117062269765483,0.0194119126813316,0.0749828708665457,0.0212428662016487,0.0651675666387094
"Arkansas",10,"4+",71,410,"married > 0.500 & months_since_cert_n > 4.500 & rawben_rel_max > 0.493 & rawben_rel_max <= 0.923",1,0,2,0.5,6,0.5,0.0105647639825377,0.0174423657777522,0.11483569198937,0.124570630708917,0.0676691729323308,0.109143542683552,0.666666666666667,0.825639579956304,0.228680517543732,0.320191761376001,0.0497567448031844,0.0992583019476447,0.060798127788206,0.107292400895991,0.0269861778113649,0.0596017943630808
"Arkansas",10,"4+",79,315,"HH_size_n >   4.500 & shelter_expenses_by_hh_size > 183.000 & unc_rawben_rel_max >   0.409 & unc_rawben_rel_max <=   0.982",8,3,14,0.571428571428571,7,0.571428571428571,0.00574737714589489,0.0187649306921039,0.0669829489731013,0.0941611324421261,0.0458869998282672,0.0924100202548746,0,0.666557963391542,0.106550608936366,0.198186955528224,0.0620910855190526,0.0953269392216272,0.036995502667023,0.100652461891871,0.0157967116552471,0.0440005213844483
"Arkansas",10,"4+",80,494,"rawben_rel_max <   0.703 & shelter_expenses_by_hh_size < 135.000 & unc_rawben_rel_max >=   0.679",1,0,1,1,8,1,0.013641509501952,0.0437104338203179,0.0960497745448775,0.189981236856329,0.0691788526434196,0.117611949820869,0.833333333333333,0.854434396319213,0.354938041453082,0.565140400867418,0.0877930119416187,0.113709158854993,0.0564304461942257,0.106324670245044,0.0213032581453634,0.0545816606564467
"Arkansas",10,"4+",84,526,"shelter_expenses_by_hh_size <= 494.000 & total_deductions_by_hh_size > 235.000 & unc_rawben_rel_max <=   0.997",2,0,4,0.5,9,0.5,0.00108862857550589,0.0139437989492946,0.0545134289141328,0.118599336446655,0.095071449402158,0.167480804195187,0.8,0.891403385599501,0.169218120819525,0.347430156304206,0.0595531131337417,0.10739281252513,0.0161734119487855,0.0772735022239864,0.0621646709366008,0.0900569748257182
"Arkansas",10,"4+",87,500,"rawben_rel_max <  0.879 & total_deductions_by_hh_size >= 11.200 & total_deductions_by_hh_size < 20.600",2,0,2,1,10,1,0.000208387708072733,0.0455377598575149,0.0526163960218143,0.172875785048759,0.173076923076923,0.261902203330827,0.25,0.880338719096749,0.348670260599205,0.620291054073432,0.0622507122507122,0.127298680942799,0.0270186814883434,0.111997143567774,0.024546660769571,0.0597102435200609
"Arkansas",10,"4+",90,499,"rawben_rel_max <   0.988 & shelter_expenses_by_hh_size < 293.000 & total_deductions_by_hh_size >= 200.000 & utilities < 645.000",1,0,1,1,11,1,0.000319629199603842,0.0185078936083658,0.102682507940839,0.122634065485224,0.102718903874973,0.217632340099175,0.4,0.841289807327543,0.229472718174949,0.374666869793071,0.126696638835367,0.187435055287091,0.0321986726611004,0.0888563717607516,0.0332853428454778,0.0615314311089771
"California",5,"1",1,129,"total_deductions_by_hh_size > 336.000 & unc_rawben_rel_max >   0.891 & unc_rawben_rel_max <=   0.991 & utilities <=  29.500",1,0,1,1,0,NA,NA,NA,NA,NA,NA,NA,NA,NA,NA,NA,NA,NA,NA,NA,NA,NA
"California",5,"1",10,85,"rawben_rel_max <    1.000 & shelter_expenses_by_hh_size >= 1180.000 & unc_rawben_rel_max >=    0.986 & utilities <  645.000",3,1,3,1,1,1,0.0233958626045759,0.0233958626045759,0.185138106899315,0.185138106899315,0.312554112554113,0.312554112554113,0.666666666666667,0.666666666666667,0.56413764020203,0.56413764020203,0.135930735930736,0.135930735930736,0.215367965367965,0.215367965367965,0.105627705627706,0.105627705627706
"California",5,"1",13,16,"count_divisible_by_100 <=   0.50 & months_since_cert_n >   3.50 & total_deductions_by_hh_size <= 810.00 & unc_rawben_rel_max >   1.93",1,1,1,1,2,1,0.2018199068666,0.212578857300529,0.212674263057973,0.225700027952801,0.66017316017316,0.717406835588654,0.857142857142857,0.857142857142857,0.879793070897214,0.886439630485956,0.408008658008658,0.452396088759725,0.335497835497836,0.420721702539884,0.145454545454545,0.192274392274392
"California",5,"1",14,30,"elderly_disabled_i >=   1.00 & rawben_rel_max >=   1.00 & unc_rawben_rel_max >=   1.52 & utilities < 313.00",4,1,4,1,3,1,0.0271039283253428,0.12601002692537,0.150599612902772,0.190051892221149,0.103506979911474,0.481449469850432,0.666666666666667,0.73819920981493,0.358515674298869,0.665016000161324,0.202928157984338,0.297929741455574,0.0980592441266599,0.269461944757563,0.0698672114402451,0.107134116721478
"California",5,"1",18,24,"elderly_disabled_i >   0.500 & rawben_rel_max >   0.881 & shelter_expenses_by_hh_size > 474.000 & utilities <=  28.500",1,0,5,0.2,4,0.2,0.0661786740593378,0.103029793777061,0.0974578848227915,0.144036344532867,0.180823680823681,0.435595922975916,0.4,0.67986137851367,0.358555222067946,0.564722787373379,0.0788288288288288,0.222443561705805,0.0205920205920206,0.220625358485379,0.036036036036036,0.0864129577294724
"California",5,"1",23,12,"count_divisible_by_100 <   1.00 & months_since_cert_n >=   7.00 & unc_rawben_rel_max >=   1.63 & utilities < 353.00",1,0,4,0.25,5,0.25,0.00542985819737389,0.0876622852583431,0.106986927313652,0.168317378187996,0.302976542479795,0.468000571744615,0.4,0.673613445378151,0.291652378884436,0.588753734266679,0.186602870813397,0.297960020468108,0.0279106858054226,0.251458616504013,0.0676691729323309,0.107470750469324
"California",5,"1",30,26,"elderly_disabled_i >   0.500 & rawben_rel_max >   0.998 & shelter_expenses_by_hh_size <= 676.000 & unc_rawben_rel_max >   1.790",1,1,2,0.5,6,0.5,0.00587044035800366,0.07194508159143,0.0664475372011781,0.142203155473886,0.0887445887445887,0.353809793645893,0.4,0.717402067860784,0.231781427129491,0.486962882222345,0.13512330366263,0.227347573719624,0.0151515151515151,0.197052072980762,0.0303030303030303,0.162572615763009
"California",5,"1",41,8,"cat_elig >=    1.00 & shelter_expenses_by_hh_size < 1720.00 & unc_rawben_rel_max >=    2.49 & utilities <  875.00",6,0,6,1,7,1,0.0601064057706477,0.0825294549251167,0.101468395865306,0.160079289985205,0.141298701298701,0.308268926475684,0.666666666666667,0.72283592336017,0.480154218243914,0.629057136937551,0.172727272727273,0.278845285870885,0.106367041198502,0.174992105375997,0.02990990990991,0.0926630856219078
"California",5,"1",44,102,"rawben_rel_max <=   0.998 & total_deductions_by_hh_size > 602.000 & utilities <= 272.000",3,1,3,1,8,1,0.0282098264223827,0.143655037913851,0.131581863752075,0.209798335955063,0.0996844520940906,0.458853083611049,0.6,0.832333717800846,0.258019598741249,0.739921732303888,0.0911755128622599,0.235974174818225,0.0724325874928285,0.255400849404289,0.0132107376875925,0.094287112288476
"California",5,"2-3",6,188,"elderly_disabled_i > 0.500 & married <= 0.500 & rawben_rel_max > 0.996 & unc_rawben_rel_max > 1.550",1,0,1,1,0,NA,NA,NA,NA,NA,NA,NA,NA,NA,NA,NA,NA,NA,NA,NA,NA,NA
"California",5,"2-3",9,156,"cat_elig >   0.50 & shelter_expenses_by_hh_size > 246.00 & unc_rawben_rel_max >   1.63 & utilities <= 748.00",2,2,3,0.666666666666667,1,0.666666666666667,0.00756265872908184,0.00756265872908184,0.0749840052416786,0.0749840052416786,0.170179547228728,0.170179547228728,0.857142857142857,0.857142857142857,0.189185854224318,0.189185854224318,0.157298985167838,0.157298985167838,0.147931303669009,0.147931303669009,0.092896174863388,0.092896174863388
"California",5,"2-3",31,240,"months_since_cert_n <=  25 & shelter_expenses_by_hh_size > 499 & shelter_expenses_by_hh_size <= 679 & total_deductions_by_hh_size > 644",1,0,2,0.5,2,0.5,0.143807495914328,0.14551768461118,0.166575388865121,0.169695962506389,0.289722572509458,0.323398769080198,0.857142857142857,0.911513859275053,0.618309187559726,0.632239796859199,0.14344262295082,0.158206669767717,0.0274725274725274,0.085635706353837,0.0958385876418663,0.130114716455553
"California",5,"2-3",35,169,"children_i <=   0.5 & months_since_cert_n <=  16.5 & total_deductions_by_hh_size > 200.0 & utilities <= 524.0",2,0,2,1,3,1,0.0774974003166745,0.166080530452971,0.22658179353779,0.244552032299693,0.245847902097902,0.329055034159111,0.666666666666667,0.839348370927318,0.69178710621592,0.715017872312415,0.13090034965035,0.179050856391236,0.0327380952380952,0.0790822852729669,0.0334353146853147,0.0852867257850002
"California",5,"2-3",42,213,"married <=   0.5 & months_since_cert_n >   6.5 & total_deductions_by_hh_size > 637.0 & utilities <= 756.0",1,0,1,1,4,1,0.0182942578276735,0.0743400993576741,0.0926122557048581,0.237799581762279,NA,NA,0.666666666666667,0.69557279780922,0.21000483173635,0.673704212151016,NA,NA,NA,NA,NA,NA
"California",5,"4+",17,364,"count_divisible_by_100 >   0.500 & months_since_cert_n >   5.500 & rawben_rel_max <=   0.947 & total_deductions_by_hh_size > 218.000",1,0,1,1,0,NA,NA,NA,NA,NA,NA,NA,NA,NA,NA,NA,NA,NA,NA,NA,NA,NA
"California",5,"4+",21,483,"months_since_cert_n >=  11 & total_deductions_by_hh_size >= 238 & total_deductions_by_hh_size < 272",1,0,1,1,1,1,0.00148438482032479,0.00148438482032479,0.0979351921650547,0.0979351921650547,0.252056404230317,0.252056404230317,0.6,0.6,0.297715914019699,0.297715914019699,0.267332549941246,0.267332549941246,0.263807285546416,0.263807285546416,0.072855464159812,0.072855464159812
"California",5,"4+",28,311,"HH_size_n >   4.500 & months_since_cert_n >   5.500 & total_deductions_by_hh_size > 231.000 & unc_rawben_rel_max <=   0.998",5,2,6,0.833333333333333,2,0.833333333333333,0.014216014222754,0.015030615648542,0.053382079096086,0.0889019102468611,0.147401908801697,0.171611101052686,0.6,0.636585365853659,0.243924371533993,0.290702262995921,0.116648992576882,0.15473450068541,0.100527356624918,0.138763158575382,0.0556733828207847,0.0683276000310374
"California",5,"4+",38,480,"months_since_cert_n >=   9.000 & rawben_rel_max <   0.822 & total_deductions_by_hh_size >= 109.000 & unc_rawben_rel_max >=   0.725",4,1,4,1,3,1,0.006690765904866,0.00751603791702254,0.146824159311525,0.154273021761086,0.0647908182154757,0.182453276920692,0.4,0.584934086629002,0.293573071241007,0.398538555271529,0.158089596445761,0.2200921531227,0.143280266567938,0.260590317060942,0.0494487136652189,0.0730015413841665
"California",5,"4+",46,477,"months_since_cert_n >=   8.000 & rawben_rel_max <   0.965 & total_deductions_by_hh_size >= 178.000 & unc_rawben_rel_max >=   0.793",1,1,1,1,4,1,7.95820402091155e-05,0.00464631163629681,0.0623918147088888,0.102983473341222,0.113373113373113,0.158260867914462,0,0.359490740740741,0.208288103452382,0.284627549610311,0.125778331257783,0.138875132919888,0.101790101790102,0.178750405522521,0.032994032994033,0.067761412658564
"California",10,"1",1,129,"total_deductions_by_hh_size > 336.000 & unc_rawben_rel_max >   0.891 & unc_rawben_rel_max <=   0.991 & utilities <=  29.500",1,0,1,1,0,NA,NA,NA,NA,NA,NA,NA,NA,NA,NA,NA,NA,NA,NA,NA,NA,NA
"California",10,"1",10,85,"rawben_rel_max <    1.000 & shelter_expenses_by_hh_size >= 1180.000 & unc_rawben_rel_max >=    0.986 & utilities <  645.000",3,1,3,1,1,1,0.0233958626045759,0.0233958626045759,0.185138106899315,0.185138106899315,0.312554112554113,0.312554112554113,0.666666666666667,0.666666666666667,0.56413764020203,0.56413764020203,0.135930735930736,0.135930735930736,0.215367965367965,0.215367965367965,0.105627705627706,0.105627705627706
"California",10,"1",13,16,"count_divisible_by_100 <=   0.50 & months_since_cert_n >   3.50 & total_deductions_by_hh_size <= 810.00 & unc_rawben_rel_max >   1.93",1,1,1,1,2,1,0.2018199068666,0.212578857300529,0.212674263057973,0.225700027952801,0.66017316017316,0.717406835588654,0.857142857142857,0.857142857142857,0.879793070897214,0.886439630485956,0.408008658008658,0.452396088759725,0.335497835497836,0.420721702539884,0.145454545454545,0.192274392274392
"California",10,"1",14,30,"elderly_disabled_i >=   1.00 & rawben_rel_max >=   1.00 & unc_rawben_rel_max >=   1.52 & utilities < 313.00",4,1,4,1,3,1,0.0271039283253428,0.12601002692537,0.150599612902772,0.190051892221149,0.103506979911474,0.481449469850432,0.666666666666667,0.73819920981493,0.358515674298869,0.665016000161324,0.202928157984338,0.297929741455574,0.0980592441266599,0.269461944757563,0.0698672114402451,0.107134116721478
"California",10,"1",18,24,"elderly_disabled_i >   0.500 & rawben_rel_max >   0.881 & shelter_expenses_by_hh_size > 474.000 & utilities <=  28.500",1,0,5,0.2,4,0.2,0.0661786740593378,0.103029793777061,0.0974578848227915,0.144036344532867,0.180823680823681,0.435595922975916,0.4,0.67986137851367,0.358555222067946,0.564722787373379,0.0788288288288288,0.222443561705805,0.0205920205920206,0.220625358485379,0.036036036036036,0.0864129577294724
"California",10,"1",23,12,"count_divisible_by_100 <   1.00 & months_since_cert_n >=   7.00 & unc_rawben_rel_max >=   1.63 & utilities < 353.00",1,0,4,0.25,5,0.25,0.00542985819737389,0.0876622852583431,0.106986927313652,0.168317378187996,0.302976542479795,0.468000571744615,0.4,0.673613445378151,0.291652378884436,0.588753734266679,0.186602870813397,0.297960020468108,0.0279106858054226,0.251458616504013,0.0676691729323309,0.107470750469324
"California",10,"1",30,26,"elderly_disabled_i >   0.500 & rawben_rel_max >   0.998 & shelter_expenses_by_hh_size <= 676.000 & unc_rawben_rel_max >   1.790",1,1,2,0.5,6,0.5,0.00587044035800366,0.07194508159143,0.0664475372011781,0.142203155473886,0.0887445887445887,0.353809793645893,0.4,0.717402067860784,0.231781427129491,0.486962882222345,0.13512330366263,0.227347573719624,0.0151515151515151,0.197052072980762,0.0303030303030303,0.162572615763009
"California",10,"1",41,8,"cat_elig >=    1.00 & shelter_expenses_by_hh_size < 1720.00 & unc_rawben_rel_max >=    2.49 & utilities <  875.00",6,0,6,1,7,1,0.0601064057706477,0.0825294549251167,0.101468395865306,0.160079289985205,0.141298701298701,0.308268926475684,0.666666666666667,0.72283592336017,0.480154218243914,0.629057136937551,0.172727272727273,0.278845285870885,0.106367041198502,0.174992105375997,0.02990990990991,0.0926630856219078
"California",10,"1",44,102,"rawben_rel_max <=   0.998 & total_deductions_by_hh_size > 602.000 & utilities <= 272.000",3,1,3,1,8,1,0.0282098264223827,0.143655037913851,0.131581863752075,0.209798335955063,0.0996844520940906,0.458853083611049,0.6,0.832333717800846,0.258019598741249,0.739921732303888,0.0911755128622599,0.235974174818225,0.0724325874928285,0.255400849404289,0.0132107376875925,0.094287112288476
"California",10,"1",47,3,"cat_elig >   0.500 & expedited_i >   0.500 & total_deductions_by_hh_size > 991.000 & unc_rawben_rel_max <=   0.991",1,0,1,1,9,1,0.0522662275135556,0.119620890513022,0.144897238812123,0.213755718857464,NA,NA,0.666666666666667,0.927566897495084,0.530320714343982,0.728099847157429,NA,NA,NA,NA,NA,NA
"California",10,"1",55,43,"married <=   0.500 & total_deductions_by_hh_size > 505.000 & unc_rawben_rel_max <=   0.992 & utilities <=  29.500",1,1,4,0.25,10,0.25,0.00196776095117643,0.110439488557107,0.031021217474077,0.165618960142092,0.0258923894335104,0.352450997284552,0.4,0.791082326566198,0.0326461888860515,0.5708780907253,0.0509616104168226,0.205691598185269,0.0328893212601961,0.186399823970734,0.0320910973084886,0.10484009962488
"California",10,"2-3",6,188,"elderly_disabled_i > 0.500 & married <= 0.500 & rawben_rel_max > 0.996 & unc_rawben_rel_max > 1.550",1,0,1,1,0,NA,NA,NA,NA,NA,NA,NA,NA,NA,NA,NA,NA,NA,NA,NA,NA,NA
"California",10,"2-3",9,156,"cat_elig >   0.50 & shelter_expenses_by_hh_size > 246.00 & unc_rawben_rel_max >   1.63 & utilities <= 748.00",2,2,3,0.666666666666667,1,0.666666666666667,0.00756265872908184,0.00756265872908184,0.0749840052416786,0.0749840052416786,0.170179547228728,0.170179547228728,0.857142857142857,0.857142857142857,0.189185854224318,0.189185854224318,0.157298985167838,0.157298985167838,0.147931303669009,0.147931303669009,0.092896174863388,0.092896174863388
"California",10,"2-3",31,240,"months_since_cert_n <=  25 & shelter_expenses_by_hh_size > 499 & shelter_expenses_by_hh_size <= 679 & total_deductions_by_hh_size > 644",1,0,2,0.5,2,0.5,0.143807495914328,0.14551768461118,0.166575388865121,0.169695962506389,0.289722572509458,0.323398769080198,0.857142857142857,0.911513859275053,0.618309187559726,0.632239796859199,0.14344262295082,0.158206669767717,0.0274725274725274,0.085635706353837,0.0958385876418663,0.130114716455553
"California",10,"2-3",35,169,"children_i <=   0.5 & months_since_cert_n <=  16.5 & total_deductions_by_hh_size > 200.0 & utilities <= 524.0",2,0,2,1,3,1,0.0774974003166745,0.166080530452971,0.22658179353779,0.244552032299693,0.245847902097902,0.329055034159111,0.666666666666667,0.839348370927318,0.69178710621592,0.715017872312415,0.13090034965035,0.179050856391236,0.0327380952380952,0.0790822852729669,0.0334353146853147,0.0852867257850002
"California",10,"2-3",42,213,"married <=   0.5 & months_since_cert_n >   6.5 & total_deductions_by_hh_size > 637.0 & utilities <= 756.0",1,0,1,1,4,1,0.0182942578276735,0.0743400993576741,0.0926122557048581,0.237799581762279,NA,NA,0.666666666666667,0.69557279780922,0.21000483173635,0.673704212151016,NA,NA,NA,NA,NA,NA
"California",10,"2-3",48,146,"HH_size_n >=   3 & shelter_expenses_by_hh_size < 700 & total_deductions_by_hh_size >= 510",1,0,1,1,5,1,0.0505348717872078,0.104163769806512,0.139488721714373,0.248236308744265,0.164423076923077,0.30865375344422,0.6,0.840522368761314,0.42100990284445,0.752052944650171,0.0963114754098361,0.15569064227424,0.0413461538461538,0.0769808245556883,0.0192307692307692,0.0318471722981884
"California",10,"4+",17,364,"count_divisible_by_100 >   0.500 & months_since_cert_n >   5.500 & rawben_rel_max <=   0.947 & total_deductions_by_hh_size > 218.000",1,0,1,1,0,NA,NA,NA,NA,NA,NA,NA,NA,NA,NA,NA,NA,NA,NA,NA,NA,NA
"California",10,"4+",21,483,"months_since_cert_n >=  11 & total_deductions_by_hh_size >= 238 & total_deductions_by_hh_size < 272",1,0,1,1,1,1,0.00148438482032479,0.00148438482032479,0.0979351921650547,0.0979351921650547,0.252056404230317,0.252056404230317,0.6,0.6,0.297715914019699,0.297715914019699,0.267332549941246,0.267332549941246,0.263807285546416,0.263807285546416,0.072855464159812,0.072855464159812
"California",10,"4+",27,510,"rawben_rel_max >   0.501 & shelter_expenses_by_hh_size > 303.000 & utilities > 524.000",34,10,35,0.971428571428571,2,0.971428571428571,0.0233536261046777,0.0241682275304657,0.184618002749012,0.185901179453693,0.0994174386400535,0.160070109304565,1,1,0.349691284784561,0.413952322910369,0.19910892610232,0.221694913984015,0.131384053092238,0.158926233003627,0.0864672501683178,0.102911318839322
"California",10,"4+",28,311,"HH_size_n >   4.500 & months_since_cert_n >   5.500 & total_deductions_by_hh_size > 231.000 & unc_rawben_rel_max <=   0.998",4,1,6,0.666666666666667,3,0.666666666666667,0.00913761188192372,0.00966171850758825,0.053382079096086,0.171267796083278,0.147401908801697,0.213877918068928,0.6,0.967678958785249,0.243924371533993,0.398070646444103,0.116648992576882,0.139746333250557,0.0422272372189914,0.0508128614610999,0.0556733828207847,0.0651484657514517
"California",10,"4+",38,480,"months_since_cert_n >=   9.000 & rawben_rel_max <   0.822 & total_deductions_by_hh_size >= 109.000 & unc_rawben_rel_max >=   0.725",1,0,4,0.25,4,0.25,0.006690765904866,0.0150709353777334,0.146824159311525,0.190545148132273,0.0647908182154757,0.127507882616799,0.4,0.927761389708292,0.293573071241007,0.393221134839252,0.158089596445761,0.204544355476768,0.143280266567938,0.248974261700422,0.0260810217910593,0.0342471299208331
"California",10,"4+",43,511,"rawben_rel_max >   0.502 & shelter_expenses_by_hh_size > 247.000 & shelter_expenses_by_hh_size <= 512.000 & utilities > 524.000",6,1,28,0.214285714285714,5,0.214285714285714,0.00194020529740078,0.00610638018078735,0.0390156109632279,0.0761442932531149,0.0275871467647889,0.0569450124631403,0.25,0.441489361702128,0.019302404362764,0.115516192124965,0.0581724732062027,0.0864120217317609,0.0281937283741288,0.060025259872618,0.027385376721444,0.04234544242176
"California",10,"4+",45,439,"months_since_cert_n >   5.500 & rawben_rel_max <=   0.997 & shelter_expenses_by_hh_size <= 494.000 & total_deductions_by_hh_size > 227.000",1,0,7,0.142857142857143,6,0.142857142857143,0.00852709509308093,0.0117248652156102,0.071475752845509,0.147908849339547,0.0933727519093373,0.137435024572451,0.4,0.866927532387142,0.151828676919926,0.291925361554984,0.0693520571569352,0.127443825383991,0.0217035217035217,0.116386889679432,0.0374010374010374,0.0795365019042623
"California",10,"4+",51,492,"percent_abawd <=   0.450 & total_deductions_by_hh_size > 154.000 & total_deductions_by_hh_size <= 326.000 & unc_rawben_rel_max >   0.509",2,1,25,0.08,7,0.08,0.000650103021810566,0.0108956850398327,0.0829715691987624,0.108221231553102,0.0508330864550665,0.0702525825637996,0.6,0.952848449724717,0.082887548950096,0.134223150762258,0.0468455767927619,0.0811317071925193,0.0142040830690321,0.043665662605729,0.0179475561850886,0.0369602682949909
"Colorado",5,"1",1,129,"total_deductions_by_hh_size > 336.000 & unc_rawben_rel_max >   0.891 & unc_rawben_rel_max <=   0.991 & utilities <=  29.500",3,1,3,1,0,NA,NA,NA,NA,NA,NA,NA,NA,NA,NA,NA,NA,NA,NA,NA,NA,NA
"Colorado",5,"1",2,97,"rawben_rel_max <=   0.991 & total_deductions_by_hh_size > 604.000 & unc_rawben_rel_max >   0.985 & utilities <= 368.000",1,1,3,0.333333333333333,1,0.333333333333333,0.0127158687163596,0.0127158687163596,0.163516295148934,0.163516295148934,0.255639097744361,0.255639097744361,0.4,0.4,0.396967062940312,0.396967062940312,0.168546365914787,0.168546365914787,0.137218045112782,0.137218045112782,0.050125313283208,0.050125313283208
"Colorado",5,"1",4,55,"medical_deductions > 506.000 & rawben_rel_max <=   0.998 & total_deductions_by_hh_size > 282.000 & unc_rawben_rel_max >   0.761",1,1,1,1,2,1,0.00886603471241304,0.0152244997606362,0.153047867833646,0.166111200856006,0.602380952380952,0.660759305671586,0.4,0.546172839506173,0.553834549604439,0.58972938764397,0.145614035087719,0.163679569293604,0.0263157894736842,0.0967232897057458,0.32280701754386,0.346848602988954
"Colorado",5,"1",8,85,"rawben_rel_max <    1.000 & shelter_expenses_by_hh_size >= 1180.000 & unc_rawben_rel_max >=    0.986 & utilities <  645.000",1,0,1,1,3,1,0.00607297476574826,0.0156103539006062,0.0565515090282776,0.137051352562451,0.166188197767145,0.304645359956365,0.4,0.568080808080808,0.262128947705193,0.459619865331049,0.0759170653907496,0.114924501335985,0.0606060606060606,0.1365003417635,0.0555023923444976,0.119682125423752
"Colorado",5,"1",10,104,"rawben_rel_max >   0.345 & shelter_expenses_by_hh_size > 878.000 & unc_rawben_rel_max <=   0.991 & utilities <=  14.500",3,2,4,0.75,4,0.75,0.0214760493014366,0.0274044086927581,0.121626824566635,0.161067483111366,0.13230008984726,0.276322689778499,0.666666666666667,0.759055759055759,0.273834040647191,0.466113583068503,0.0806379155435759,0.156283587316358,0.0797394429469901,0.149840264189817,0.0566037735849056,0.140806969704686
"Colorado",5,"1",11,30,"elderly_disabled_i >=   1.00 & rawben_rel_max >=   1.00 & unc_rawben_rel_max >=   1.52 & utilities < 313.00",1,0,1,1,5,1,0.174718740909851,0.18501763435504,0.172434974561211,0.211298291927106,0.666131621187801,0.725090991262698,0.666666666666667,0.683087027914614,0.78869753149737,0.85165152834311,0.309925093632959,0.365068210491058,0.252278990884036,0.343528689033711,0.0698672114402451,0.138336301206535
"Colorado",5,"1",12,128,"total_deductions_by_hh_size <= 842.00 & unc_rawben_rel_max >   1.93 & utilities <= 606.00",1,1,1,1,6,1,0.0340106103223219,0.165112832654996,0.125953085097062,0.192721671414182,0.113607990012484,0.537474223476056,0.6,0.668571428571429,0.337093351734059,0.723308941733058,0.183988764044944,0.348528803771044,0.0271535580524344,0.239431412292718,0.0599250936329588,0.149267959882885
"Colorado",5,"1",19,111,"rawben_rel_max >=   0.236 & rawben_rel_max <   1.000 & total_deductions_by_hh_size >= 511.000 & utilities < 249.000",3,0,8,0.375,7,0.375,0.013934445688376,0.100905196819557,0.0853979453678003,0.16958276233316,0.0750394944707741,0.404949688940862,0.4,0.666496308915389,0.217567974462398,0.57368489570857,0.0771270593545475,0.199096516320062,0.0560821484992101,0.196063418435338,0.0403972015346423,0.106505620159718
"Colorado",5,"1",21,118,"rawben_rel_max >=   0.988 & rawben_rel_max <   1.000 & shelter_expenses_by_hh_size >= 692.000 & utilities < 580.000",3,2,7,0.428571428571429,8,0.428571428571429,0.0260893046407323,0.0812336565520788,0.0763859765122981,0.185476154019594,0.0979630283763099,0.393972842530525,0.4,0.561471375066881,0.190255430312101,0.602577128484934,0.0614413550655161,0.170030013299439,0.0324384787472036,0.17131892321658,0.0503355704697986,0.132725152411919
"Colorado",5,"1",29,73,"months_since_cert_n >=   5.00 & percent_abawd <   0.50 & unc_rawben_rel_max >=   1.82 & utilities < 366.00",2,1,2,1,9,1,0.00598303038636505,0.160208253211822,0.0977673462466095,0.205758795004393,0.329073033707865,0.632007220046552,0.6,0.778350472886466,0.348772462448625,0.778408389290151,0.222222222222222,0.374491394003921,0.201966292134831,0.490079852208139,0.0408018867924528,0.100900406005138
"Colorado",5,"1",32,31,"elderly_disabled_i >=   1.00 & shelter_expenses_by_hh_size < 860.00 & unc_rawben_rel_max >=   1.45 & utilities < 462.00",1,1,2,0.5,10,0.5,0.0125236560344543,0.160222916729379,0.0756600143902318,0.206061872656999,0.0402528276779774,0.533829455682238,0.4,0.738301624826448,0.118560662974493,0.717497264838837,0.0920406378254726,0.277669609024026,0.0184630738522954,0.26396777394436,0.0155522288755822,0.1771114534665
"Colorado",5,"1",36,102,"rawben_rel_max <=   0.998 & total_deductions_by_hh_size > 602.000 & utilities <= 272.000",1,0,7,0.142857142857143,11,0.142857142857143,0.00631717375595323,0.0950448417588561,0.0537240314832944,0.173561085480963,0.0462513561354422,0.376012036845376,0.25,0.630196329492104,0.0543800843706389,0.559475291077318,0.0489065265802547,0.181450790502361,0.041255067664021,0.184069294020609,0.0246959401587393,0.0976712085501696
"Colorado",5,"1",43,13,"count_divisible_by_100 <=    0.500 & shelter_expenses_by_hh_size > 1300.000 & total_deductions_by_hh_size > 1370.000 & unc_rawben_rel_max <=    0.998",1,1,1,1,12,1,0.0173415961484049,0.102686110413646,0.112467680999301,0.18990794033419,0.222997252166561,0.425583572889739,0.666666666666667,0.885269420095291,0.443752945317076,0.678318243620007,0.126188966391883,0.196184166120342,0.0228652199218425,0.161275120027809,0.0497607655502393,0.126455479993823
"Colorado",5,"1",45,28,"elderly_disabled_i >  0.50 & months_since_cert_n <= 17.50 & unc_rawben_rel_max >  1.25 & utilities <= 14.50",2,0,3,0.666666666666667,13,0.666666666666667,0.0409612688649295,0.125212206831228,0.0484460407237927,0.185989742650556,0.0331266950794266,0.480298120650348,0.4,0.710715540167595,0.172592055569222,0.68480735247918,0.10092987214258,0.214889679516938,0.106235804253562,0.199367139500441,0.0242618211852158,0.161140137503811
"Colorado",5,"1",47,95,"rawben_rel_max <=    0.998 & shelter_expenses_by_hh_size > 2260.000",1,1,2,0.5,14,0.5,0.014906298257041,0.103422679674476,0.0649896069935384,0.208663020617476,0.2354272778721,0.430120100502475,0.5,0.826511744127936,0.282530206682024,0.715520343787434,0.103921189878308,0.206323871317163,0.00883256528417822,0.175877368012453,0.0372636262513905,0.185302295685519
"Colorado",5,"1",57,101,"rawben_rel_max <=   0.998 & total_deductions_by_hh_size > 588.000 & unc_rawben_rel_max >   0.322 & utilities <= 344.000",1,1,8,0.125,15,0.125,0.0111201097308655,0.083856070743225,0.0671951005420406,0.164045299147954,0.0614840313635494,0.336149385337836,0,0.553841780376868,0.114720925407224,0.519846547683337,0.0477146681965959,0.157505865576985,0.0433354302089886,0.170174920317946,0.0358577165806081,0.0956224338654334
"Colorado",5,"2-3",3,163,"cat_elig > 0.500 & children_i > 0.500 & rawben_rel_max > 0.996 & unc_rawben_rel_max > 1.690",1,1,1,1,0,NA,NA,NA,NA,NA,NA,NA,NA,NA,NA,NA,NA,NA,NA,NA,NA,NA
"Colorado",5,"2-3",5,226,"medical_deductions > 143 & shelter_expenses_by_hh_size <= 738 & total_deductions_by_hh_size > 503",1,1,1,1,1,1,0.259227866121219,0.259227866121219,0.203315235668485,0.203315235668485,0.6,0.6,1,1,0.812718642650338,0.812718642650338,0.320634920634921,0.320634920634921,0.285714285714286,0.285714285714286,0.101587301587302,0.101587301587302
"Colorado",5,"2-3",46,187,"elderly_disabled_i >   0.500 & rawben_rel_max <=   0.997 & shelter_expenses_by_hh_size > 955.000 & utilities <= 584.000",3,2,3,1,2,1,0.0786606435624173,0.149882408750818,0.15181001583649,0.227235542990336,NA,NA,1,1,0.644763841042149,0.791092760455159,NA,NA,NA,NA,NA,NA
"Colorado",5,"2-3",50,138,"HH_size_n >   2.5 & total_deductions_by_hh_size > 437.0 & utilities <= 722.0",1,0,2,0.5,3,0.5,0.0950449872322452,0.130250266181249,0.198810697344542,0.243796822535741,0.297039897039897,0.40442594728309,0.8,0.883185840707965,0.612209289031771,0.736357902593862,0.125868725868726,0.201805144662288,0.118918918918919,0.173604773604774,0.0489060489060489,0.0914673486102058
"Colorado",5,"4+",17,305,"HH_size_n >   4.50 & rawben_rel_max <=   0.88 & shelter_expenses_by_hh_size <= 268.00 & total_deductions_by_hh_size > 222.00",1,1,1,1,0,NA,NA,NA,NA,NA,NA,NA,NA,NA,NA,NA,NA,NA,NA,NA,NA,NA
"Colorado",5,"4+",25,303,"HH_size_n >   4.5 & medical_deductions <= 157.0 & total_deductions_by_hh_size > 362.0",1,1,1,1,1,1,0.00810855711111155,0.00810855711111155,0.153075146892243,0.153075146892243,NA,NA,0.6,0.6,0.300342614032115,0.300342614032115,NA,NA,NA,NA,NA,NA
"Colorado",5,"4+",30,335,"HH_size_n >=   5 & married <   1 & shelter_expenses_by_hh_size < 293 & total_deductions_by_hh_size >= 212",1,0,2,0.5,2,0.5,0.00169039921761874,0.00341464061705516,0.0683304612885219,0.0887809118015567,0.157037037037037,0.157037037037037,0.4,0.472941176470588,0.157536505133331,0.186699175773578,0.0896296296296296,0.0896296296296296,0.0637037037037037,0.0637037037037037,0.0459259259259259,0.0459259259259259
"Colorado",5,"4+",31,535,"shelter_expenses_by_hh_size > 484 & total_deductions_by_hh_size > 234 & total_deductions_by_hh_size <= 259",1,0,1,1,3,1,0.00241469673219481,0.00812905503779961,0.147277057127263,0.150994567864477,0.315789473684211,0.358188093183779,0.8,0.826579520697168,0.434413885280774,0.50846258354525,0.342105263157895,0.367264883520276,0.304093567251462,0.331634550858019,0.108187134502924,0.127859265650465
"Colorado",5,"4+",48,313,"HH_size_n >   4.500 & rawben_rel_max >   0.478 & total_deductions_by_hh_size > 233.000 & unc_rawben_rel_max <=   0.997",3,2,4,0.75,4,0.75,0.0151732292630126,0.0192186423730724,0.0988005650875252,0.118212122560032,0.120875420875421,0.188809221120434,0.6,0.689756944444444,0.210226753158591,0.282648938218392,0.103030303030303,0.16000851932202,0.0595959595959596,0.125255365026532,0.0363636363636364,0.0857334376785178
"Colorado",5,"4+",53,309,"HH_size_n >   4.500 & months_since_cert_n >   4.500 & rawben_rel_max <=   0.988 & total_deductions_by_hh_size > 206.000",1,0,3,0.333333333333333,5,0.333333333333333,0.0033369582598926,0.0139403471553808,0.0890500505204814,0.123185031615263,0.108005427408412,0.168778098282263,0.4,0.638026819923372,0.147621452313941,0.2827313753296,0.145326001571092,0.190642708153345,0.102120974076984,0.178537314584259,0.0250746268656717,0.048720669632349
"Colorado",10,"1",1,129,"total_deductions_by_hh_size > 336.000 & unc_rawben_rel_max >   0.891 & unc_rawben_rel_max <=   0.991 & utilities <=  29.500",3,1,3,1,0,NA,NA,NA,NA,NA,NA,NA,NA,NA,NA,NA,NA,NA,NA,NA,NA,NA
"Colorado",10,"1",2,97,"rawben_rel_max <=   0.991 & total_deductions_by_hh_size > 604.000 & unc_rawben_rel_max >   0.985 & utilities <= 368.000",1,1,3,0.333333333333333,1,0.333333333333333,0.0127158687163596,0.0127158687163596,0.163516295148934,0.163516295148934,0.255639097744361,0.255639097744361,0.4,0.4,0.396967062940312,0.396967062940312,0.168546365914787,0.168546365914787,0.137218045112782,0.137218045112782,0.050125313283208,0.050125313283208
"Colorado",10,"1",4,55,"medical_deductions > 506.000 & rawben_rel_max <=   0.998 & total_deductions_by_hh_size > 282.000 & unc_rawben_rel_max >   0.761",1,1,1,1,2,1,0.00886603471241304,0.0152244997606362,0.153047867833646,0.166111200856006,0.602380952380952,0.660759305671586,0.4,0.546172839506173,0.553834549604439,0.58972938764397,0.145614035087719,0.163679569293604,0.0263157894736842,0.0967232897057458,0.32280701754386,0.346848602988954
"Colorado",10,"1",8,85,"rawben_rel_max <    1.000 & shelter_expenses_by_hh_size >= 1180.000 & unc_rawben_rel_max >=    0.986 & utilities <  645.000",1,0,1,1,3,1,0.00607297476574826,0.0156103539006062,0.0565515090282776,0.137051352562451,0.166188197767145,0.304645359956365,0.4,0.568080808080808,0.262128947705193,0.459619865331049,0.0759170653907496,0.114924501335985,0.0606060606060606,0.1365003417635,0.0555023923444976,0.119682125423752
"Colorado",10,"1",10,104,"rawben_rel_max >   0.345 & shelter_expenses_by_hh_size > 878.000 & unc_rawben_rel_max <=   0.991 & utilities <=  14.500",3,2,4,0.75,4,0.75,0.0214760493014366,0.0274044086927581,0.121626824566635,0.161067483111366,0.13230008984726,0.276322689778499,0.666666666666667,0.759055759055759,0.273834040647191,0.466113583068503,0.0806379155435759,0.156283587316358,0.0797394429469901,0.149840264189817,0.0566037735849056,0.140806969704686
"Colorado",10,"1",11,30,"elderly_disabled_i >=   1.00 & rawben_rel_max >=   1.00 & unc_rawben_rel_max >=   1.52 & utilities < 313.00",1,0,1,1,5,1,0.174718740909851,0.18501763435504,0.172434974561211,0.211298291927106,0.666131621187801,0.725090991262698,0.666666666666667,0.683087027914614,0.78869753149737,0.85165152834311,0.309925093632959,0.365068210491058,0.252278990884036,0.343528689033711,0.0698672114402451,0.138336301206535
"Colorado",10,"1",12,128,"total_deductions_by_hh_size <= 842.00 & unc_rawben_rel_max >   1.93 & utilities <= 606.00",1,1,1,1,6,1,0.0340106103223219,0.165112832654996,0.125953085097062,0.192721671414182,0.113607990012484,0.537474223476056,0.6,0.668571428571429,0.337093351734059,0.723308941733058,0.183988764044944,0.348528803771044,0.0271535580524344,0.239431412292718,0.0599250936329588,0.149267959882885
"Colorado",10,"1",19,111,"rawben_rel_max >=   0.236 & rawben_rel_max <   1.000 & total_deductions_by_hh_size >= 511.000 & utilities < 249.000",3,0,8,0.375,7,0.375,0.013934445688376,0.100905196819557,0.0853979453678003,0.16958276233316,0.0750394944707741,0.404949688940862,0.4,0.666496308915389,0.217567974462398,0.57368489570857,0.0771270593545475,0.199096516320062,0.0560821484992101,0.196063418435338,0.0403972015346423,0.106505620159718
"Colorado",10,"1",21,118,"rawben_rel_max >=   0.988 & rawben_rel_max <   1.000 & shelter_expenses_by_hh_size >= 692.000 & utilities < 580.000",3,2,7,0.428571428571429,8,0.428571428571429,0.0260893046407323,0.0812336565520788,0.0763859765122981,0.185476154019594,0.0979630283763099,0.393972842530525,0.4,0.561471375066881,0.190255430312101,0.602577128484934,0.0614413550655161,0.170030013299439,0.0324384787472036,0.17131892321658,0.0503355704697986,0.132725152411919
"Colorado",10,"1",29,73,"months_since_cert_n >=   5.00 & percent_abawd <   0.50 & unc_rawben_rel_max >=   1.82 & utilities < 366.00",2,1,2,1,9,1,0.00598303038636505,0.160208253211822,0.0977673462466095,0.205758795004393,0.329073033707865,0.632007220046552,0.6,0.778350472886466,0.348772462448625,0.778408389290151,0.222222222222222,0.374491394003921,0.201966292134831,0.490079852208139,0.0408018867924528,0.100900406005138
"Colorado",10,"1",32,31,"elderly_disabled_i >=   1.00 & shelter_expenses_by_hh_size < 860.00 & unc_rawben_rel_max >=   1.45 & utilities < 462.00",1,1,2,0.5,10,0.5,0.0125236560344543,0.160222916729379,0.0756600143902318,0.206061872656999,0.0402528276779774,0.533829455682238,0.4,0.738301624826448,0.118560662974493,0.717497264838837,0.0920406378254726,0.277669609024026,0.0184630738522954,0.26396777394436,0.0155522288755822,0.1771114534665
"Colorado",10,"1",36,102,"rawben_rel_max <=   0.998 & total_deductions_by_hh_size > 602.000 & utilities <= 272.000",1,0,7,0.142857142857143,11,0.142857142857143,0.00631717375595323,0.0950448417588561,0.0537240314832944,0.173561085480963,0.0462513561354422,0.376012036845376,0.25,0.630196329492104,0.0543800843706389,0.559475291077318,0.0489065265802547,0.181450790502361,0.041255067664021,0.184069294020609,0.0246959401587393,0.0976712085501696
"Colorado",10,"1",43,13,"count_divisible_by_100 <=    0.500 & shelter_expenses_by_hh_size > 1300.000 & total_deductions_by_hh_size > 1370.000 & unc_rawben_rel_max <=    0.998",1,1,1,1,12,1,0.0173415961484049,0.102686110413646,0.112467680999301,0.18990794033419,0.222997252166561,0.425583572889739,0.666666666666667,0.885269420095291,0.443752945317076,0.678318243620007,0.126188966391883,0.196184166120342,0.0228652199218425,0.161275120027809,0.0497607655502393,0.126455479993823
"Colorado",10,"1",45,28,"elderly_disabled_i >  0.50 & months_since_cert_n <= 17.50 & unc_rawben_rel_max >  1.25 & utilities <= 14.50",2,0,3,0.666666666666667,13,0.666666666666667,0.0409612688649295,0.125212206831228,0.0484460407237927,0.185989742650556,0.0331266950794266,0.480298120650348,0.4,0.710715540167595,0.172592055569222,0.68480735247918,0.10092987214258,0.214889679516938,0.106235804253562,0.199367139500441,0.0242618211852158,0.161140137503811
"Colorado",10,"1",47,95,"rawben_rel_max <=    0.998 & shelter_expenses_by_hh_size > 2260.000",1,1,2,0.5,14,0.5,0.014906298257041,0.103422679674476,0.0649896069935384,0.208663020617476,0.2354272778721,0.430120100502475,0.5,0.826511744127936,0.282530206682024,0.715520343787434,0.103921189878308,0.206323871317163,0.00883256528417822,0.175877368012453,0.0372636262513905,0.185302295685519
"Colorado",10,"1",57,101,"rawben_rel_max <=   0.998 & total_deductions_by_hh_size > 588.000 & unc_rawben_rel_max >   0.322 & utilities <= 344.000",1,1,8,0.125,15,0.125,0.0111201097308655,0.083856070743225,0.0671951005420406,0.164045299147954,0.0614840313635494,0.336149385337836,0,0.553841780376868,0.114720925407224,0.519846547683337,0.0477146681965959,0.157505865576985,0.0433354302089886,0.170174920317946,0.0358577165806081,0.0956224338654334
"Colorado",10,"1",59,67,"medical_deductions >= 5.000 & medical_deductions < 9.000 & rawben_rel_max < 0.488",1,1,1,1,16,1,0.0980564000698824,0.136156187769676,0.180161101755341,0.24743751963535,NA,NA,0.6,0.893639131585915,0.718212508549663,0.846383173234811,NA,NA,NA,NA,NA,NA
"Colorado",10,"1",62,27,"elderly_disabled_i >   0.500 & total_deductions_by_hh_size > 438.000 & unc_rawben_rel_max >   0.316 & utilities <= 276.000",4,1,11,0.363636363636364,17,0.363636363636364,0.040187116201427,0.0832025442011846,0.0976913740525535,0.15954428535588,0.110983802926931,0.311074799563258,0.4,0.585034013605442,0.265840984115435,0.503533865962999,0.0373244449073833,0.14617474354707,0.0266781411359725,0.139185287588564,0.007864173740951,0.0867712247103761
"Colorado",10,"1",64,11,"cat_elig >=   1.000 & rawben_rel_max <   0.992 & unc_rawben_rel_max >=   0.986 & utilities < 626.000",2,0,8,0.25,18,0.25,0.00406482519335088,0.0786293212004032,0.0738894216706457,0.189297882925899,0.0327826535880227,0.418089460266593,0.4,0.628034501111424,0.0395657416912783,0.609114009381994,0.0221132335226295,0.174685417903038,0.0192307692307692,0.149993486015379,0.0121751849939769,0.122898117442583
"Colorado",10,"1",65,70,"months_since_cert_n >   2.50 & unc_rawben_rel_max >   1.93 & utilities >  14.00 & utilities <= 680.00",2,1,3,0.666666666666667,19,0.666666666666667,0.0100459504558257,0.157850493349975,0.0970330211214184,0.198271989866107,0.094311377245509,0.530692954658617,0.4,0.725544086204211,0.196962574189188,0.736527596670278,0.0904471544715447,0.313055231465063,0.0544033883452607,0.293258586466902,0.011030419292957,0.11766475585272
"Colorado",10,"1",69,124,"shelter_expenses_by_hh_size > 504.0 & total_deductions_by_hh_size > 647.0 & utilities <=  29.5",7,0,12,0.583333333333333,20,0.583333333333333,0.0100087689101211,0.0781253949923,0.0854611452514577,0.153509230097006,0.0856753865603423,0.302738318954044,0.5,0.687969275520407,0.159153207620912,0.501767265168564,0.0527407695549289,0.155669129657676,0.0252963766905995,0.145181798441851,0.0315704452872595,0.0946003081098065
"Colorado",10,"1",73,75,"months_since_cert_n >=   5.00 & unc_rawben_rel_max >=   1.82 & utilities < 366.00",1,0,4,0.25,21,0.25,0.00112706845172879,0.13805737063656,0.019453969913211,0.195190456113198,0.0579545454545454,0.529181084349895,0.25,0.64231906750174,0.0275545946264808,0.709718928096615,0.0493686868686869,0.310334136565752,0.078030303030303,0.367936011723317,0.0228828570060797,0.0912959965125234
"Colorado",10,"1",74,77,"months_since_cert_n >=   6 & total_deductions_by_hh_size >= 501 & utilities < 249",1,0,3,0.333333333333333,22,0.333333333333333,0.00853948231626535,0.0802186893779036,0.089590806083376,0.165553806384269,0.0272007452258966,0.298203795835584,0.5,0.682536104850154,0.0960165885929136,0.515134969625506,0.0868738110336081,0.171141554164153,0.0640653357531761,0.168111834842428,0.00972811174856574,0.0765563382602901
"Colorado",10,"1",80,20,"elderly_disabled_i >   0.5 & shelter_expenses_by_hh_size <= 850.0 & unc_rawben_rel_max >   1.7",4,0,6,0.666666666666667,23,0.666666666666667,0.00421283873168682,0.159112648007741,0.0605294808898328,0.191955743158379,0.0256622516556291,0.482655571034082,0.25,0.813470160791589,0.0397120573660995,0.684098574683964,0.05278185351152,0.237180314960977,0.0224519463737684,0.246296002645232,0.0255766156656771,0.18381634390861
"Colorado",10,"1",85,4,"cat_elig >   0.500 & medical_deductions > 226.000 & unc_rawben_rel_max >   0.316 & unc_rawben_rel_max <=   0.991",1,0,3,0.333333333333333,24,0.333333333333333,0.00691822772242689,0.0922051217730662,0.110990491013396,0.174276604999728,0.154666666666667,0.570040813779924,0.666666666666667,0.878351123246866,0.220636359189351,0.674382343167754,0.086031746031746,0.187072636583143,0.0116491228070176,0.157477305820861,0.0110198675496688,0.170808414541175
"Colorado",10,"2-3",3,163,"cat_elig > 0.500 & children_i > 0.500 & rawben_rel_max > 0.996 & unc_rawben_rel_max > 1.690",1,1,1,1,0,NA,NA,NA,NA,NA,NA,NA,NA,NA,NA,NA,NA,NA,NA,NA,NA,NA
"Colorado",10,"2-3",5,226,"medical_deductions > 143 & shelter_expenses_by_hh_size <= 738 & total_deductions_by_hh_size > 503",1,1,1,1,1,1,0.259227866121219,0.259227866121219,0.203315235668485,0.203315235668485,0.6,0.6,1,1,0.812718642650338,0.812718642650338,0.320634920634921,0.320634920634921,0.285714285714286,0.285714285714286,0.101587301587302,0.101587301587302
"Colorado",10,"2-3",46,187,"elderly_disabled_i >   0.500 & rawben_rel_max <=   0.997 & shelter_expenses_by_hh_size > 955.000 & utilities <= 584.000",3,2,3,1,2,1,0.0786606435624173,0.149882408750818,0.15181001583649,0.227235542990336,NA,NA,1,1,0.644763841042149,0.791092760455159,NA,NA,NA,NA,NA,NA
"Colorado",10,"2-3",50,138,"HH_size_n >   2.5 & total_deductions_by_hh_size > 437.0 & utilities <= 722.0",1,0,2,0.5,3,0.5,0.0950449872322452,0.130250266181249,0.198810697344542,0.243796822535741,0.297039897039897,0.40442594728309,0.8,0.883185840707965,0.612209289031771,0.736357902593862,0.125868725868726,0.201805144662288,0.118918918918919,0.173604773604774,0.0489060489060489,0.0914673486102058
"Colorado",10,"2-3",58,262,"rawben_rel_max <=   0.93 & total_deductions_by_hh_size > 519.00 & utilities <= 560.00",4,1,8,0.5,4,0.5,0.0424989811987242,0.103753324716406,0.190726482951283,0.201829022131903,0.173752404089483,0.225571495090596,0.5,0.622027972027972,0.418610342425783,0.601378355506067,0.12199036918138,0.14201241305511,0.0766778013969025,0.098189128454297,0.0156898471505213,0.0404162827353839
"Colorado",10,"2-3",68,238,"months_since_cert_n <=  0.500 & total_deductions_by_hh_size > 83.500 & unc_rawben_rel_max <=  0.999 & utilities <= 22.000",1,0,1,1,5,1,0.0718670528582002,0.0995771489674502,0.251250177312983,0.275420278302089,0.226417559446041,0.294122021417435,0.6,0.665118819994537,0.720579844101172,0.774425367626273,0.165514351560863,0.184549840576001,0.331866750471402,0.389438626849083,0.0299741602067183,0.141590689130728
"Colorado",10,"2-3",77,259,"rawben_rel_max <   0.904 & total_deductions_by_hh_size >= 353.000 & utilities < 347.000",3,1,3,1,6,1,0.029483589440051,0.074142672722767,0.114072969754803,0.172756975987802,0.113764927718416,0.199528143744675,0,0.374626865671642,0.386986320929361,0.545044000369913,0.0720720720720721,0.137456427285379,0.0445945945945946,0.139004477779721,0.0225868725868726,0.058230576042406
"Colorado",10,"4+",17,305,"HH_size_n >   4.50 & rawben_rel_max <=   0.88 & shelter_expenses_by_hh_size <= 268.00 & total_deductions_by_hh_size > 222.00",1,1,1,1,0,NA,NA,NA,NA,NA,NA,NA,NA,NA,NA,NA,NA,NA,NA,NA,NA,NA
"Colorado",10,"4+",25,303,"HH_size_n >   4.5 & medical_deductions <= 157.0 & total_deductions_by_hh_size > 362.0",1,1,1,1,1,1,0.00810855711111155,0.00810855711111155,0.153075146892243,0.153075146892243,NA,NA,0.6,0.6,0.300342614032115,0.300342614032115,NA,NA,NA,NA,NA,NA
"Colorado",10,"4+",30,335,"HH_size_n >=   5 & married <   1 & shelter_expenses_by_hh_size < 293 & total_deductions_by_hh_size >= 212",1,0,2,0.5,2,0.5,0.00169039921761874,0.00341464061705516,0.0683304612885219,0.0887809118015567,0.157037037037037,0.157037037037037,0.4,0.472941176470588,0.157536505133331,0.186699175773578,0.0896296296296296,0.0896296296296296,0.0637037037037037,0.0637037037037037,0.0459259259259259,0.0459259259259259
"Colorado",10,"4+",31,535,"shelter_expenses_by_hh_size > 484 & total_deductions_by_hh_size > 234 & total_deductions_by_hh_size <= 259",1,0,1,1,3,1,0.00241469673219481,0.00812905503779961,0.147277057127263,0.150994567864477,0.315789473684211,0.358188093183779,0.8,0.826579520697168,0.434413885280774,0.50846258354525,0.342105263157895,0.367264883520276,0.304093567251462,0.331634550858019,0.108187134502924,0.127859265650465
"Colorado",10,"4+",48,313,"HH_size_n >   4.500 & rawben_rel_max >   0.478 & total_deductions_by_hh_size > 233.000 & unc_rawben_rel_max <=   0.997",3,2,4,0.75,4,0.75,0.0151732292630126,0.0192186423730724,0.0988005650875252,0.118212122560032,0.120875420875421,0.188809221120434,0.6,0.689756944444444,0.210226753158591,0.282648938218392,0.103030303030303,0.16000851932202,0.0595959595959596,0.125255365026532,0.0363636363636364,0.0857334376785178
"Colorado",10,"4+",53,309,"HH_size_n >   4.500 & months_since_cert_n >   4.500 & rawben_rel_max <=   0.988 & total_deductions_by_hh_size > 206.000",1,0,3,0.333333333333333,5,0.333333333333333,0.0033369582598926,0.0139403471553808,0.0890500505204814,0.123185031615263,0.108005427408412,0.168778098282263,0.4,0.638026819923372,0.147621452313941,0.2827313753296,0.145326001571092,0.190642708153345,0.102120974076984,0.178537314584259,0.0250746268656717,0.048720669632349
"Colorado",10,"4+",56,412,"married >=   1 & shelter_expenses_by_hh_size < 454 & total_deductions_by_hh_size >= 232 & total_deductions_by_hh_size < 247",2,1,3,0.666666666666667,6,0.666666666666667,0.00275561168048988,0.0160008005460034,0.0934641526299938,0.103186512300532,0.215225563909774,0.323955926950365,0.6,0.794634103641457,0.376952081352879,0.404223860499767,0.123400852878465,0.179297821441007,0.0574675324675325,0.11139789997218,0.0798701298701299,0.096851945407896
"Colorado",10,"4+",61,340,"HH_size_n >=   5.00 & months_since_cert_n >=   2.00 & total_deductions_by_hh_size >= 245.00 & unc_rawben_rel_max <   1.01",3,1,7,0.428571428571429,7,0.428571428571429,0.000391563911831941,0.00974325382174119,0.055376164064322,0.0913863998997973,0.0531860662701784,0.134776368265104,0.4,0.550710506424792,0.0513218202023156,0.199290421766304,0.0751911639762107,0.135139101023423,0.0201359388275276,0.103265504347931,0.0203058623619372,0.0429555905926131
"Colorado",10,"4+",67,320,"HH_size_n >   5.5 & months_since_cert_n >   4.5 & shelter_expenses_by_hh_size > 347.0 & utilities > 390.0",1,0,1,1,8,1,0.0011877548601425,0.0184477152913988,0.125042820605698,0.149658275359409,0.0910138248847926,0.276568113528649,0.666666666666667,0.78519997579718,0.271589437173391,0.445050724037395,0.147707979626486,0.295961945484472,0.049831487722677,0.124956924501585,0.0459976105137396,0.0780612263154784
"Colorado",10,"4+",82,343,"HH_size_n >=   5.000 & rawben_rel_max >=   0.302 & rawben_rel_max <   0.942 & total_deductions_by_hh_size >= 236.000",1,0,6,0.166666666666667,9,0.166666666666667,0.0014405463825935,0.00990393432197184,0.0344860131823959,0.0827964718619808,0.0382458662832494,0.126170639326958,0.4,0.574574829931973,0.0335294082576797,0.175470987790559,0.0534148094895759,0.130213217908489,0.0433566433566433,0.0878192764693496,0.00661394680086272,0.0365532261143861
"Colorado",10,"4+",86,522,"shelter_expenses_by_hh_size <= 341.000 & total_deductions_by_hh_size > 233.000 & unc_rawben_rel_max <=   0.976",1,0,2,0.5,10,0.5,0.000353248882541776,0.00868410617227124,0.0654779124720637,0.0981084396488891,0.0948654430807342,0.158669143573144,0.6,0.722585819698428,0.138478472726804,0.238233107440447,0.0890665465600721,0.139675296424089,0.00733844468784229,0.0763212334781099,0.0108095935142439,0.0368637682346268
"Colorado",10,"4+",89,338,"HH_size_n >=   5 & shelter_expenses_by_hh_size >= 401 & shelter_expenses_by_hh_size < 424 & utilities < 646",1,1,1,1,11,1,0.00771442493575385,0.0296894757205304,0.102184864573718,0.14322557022201,NA,NA,0.666666666666667,0.825588499550764,0.317896876941323,0.442689793646616,NA,NA,NA,NA,NA,NA
"Connecticut",5,"1",1,129,"total_deductions_by_hh_size > 336.000 & unc_rawben_rel_max >   0.891 & unc_rawben_rel_max <=   0.991 & utilities <=  29.500",1,0,1,1,0,NA,NA,NA,NA,NA,NA,NA,NA,NA,NA,NA,NA,NA,NA,NA,NA,NA
"Connecticut",5,"1",11,108,"rawben_rel_max >   0.987 & rawben_rel_max <=   0.991 & total_deductions_by_hh_size > 938.000",5,2,5,1,1,1,0.0259894260988373,0.0259894260988373,0.191915551332116,0.191915551332116,0.365079365079365,0.365079365079365,0.833333333333333,0.833333333333333,0.605754964008775,0.605754964008775,0.123809523809524,0.123809523809524,0.221428571428571,0.221428571428571,0.0571428571428571,0.0571428571428571
"Connecticut",5,"1",15,24,"elderly_disabled_i >   0.500 & rawben_rel_max >   0.881 & shelter_expenses_by_hh_size > 474.000 & utilities <=  28.500",1,0,1,1,2,1,0.0661786740593378,0.0773966408644271,0.110816794305287,0.154259340543403,0.180823680823681,0.315086300048706,0.833333333333333,0.846580737558181,0.358555222067946,0.526000358442614,0.0788288288288288,0.116062679220574,0.0205920205920206,0.112967747554214,0.0522522522522523,0.0707986181670393
"Connecticut",5,"1",18,12,"count_divisible_by_100 <   1.00 & months_since_cert_n >=   7.00 & unc_rawben_rel_max >=   1.63 & utilities < 353.00",1,0,1,1,3,1,0.1085852663542,0.14580942686121,0.173218873124662,0.208271879042962,0.491939307728781,0.58349162685463,0.666666666666667,0.836309523809524,0.662288829756192,0.768271762791403,0.343764817449028,0.367245078448639,0.342816500711238,0.390758875859495,0.0676691729323309,0.0746674914631571
"Connecticut",5,"1",22,111,"rawben_rel_max >=   0.236 & rawben_rel_max <   1.000 & total_deductions_by_hh_size >= 511.000 & utilities < 249.000",1,1,1,1,4,1,0.0345150971946039,0.106442523114368,0.110540781168869,0.176235478583726,0.0750394944707741,0.33812662053807,0.25,0.673506181318681,0.217567974462398,0.591177271024009,0.0690833013107895,0.162428994855255,0.111637704054766,0.224107177146433,0.0272719713976886,0.0510709977456673
"Connecticut",5,"2-3",2,188,"elderly_disabled_i > 0.500 & married <= 0.500 & rawben_rel_max > 0.996 & unc_rawben_rel_max > 1.550",1,1,1,1,0,NA,NA,NA,NA,NA,NA,NA,NA,NA,NA,NA,NA,NA,NA,NA,NA,NA
"Connecticut",5,"2-3",3,214,"married <=   0.500 & percent_abawd <=   0.125 & shelter_expenses_by_hh_size > 351.000 & unc_rawben_rel_max >   1.630",1,0,2,0.5,1,0.5,0.00666285699746517,0.00666285699746517,0.0566521978245543,0.0566521978245543,0.195035460992908,0.195035460992908,0.666666666666667,0.666666666666667,0.186252216012539,0.186252216012539,0.0982776089159068,0.0982776089159068,0.142350557244174,0.142350557244174,0.113475177304965,0.113475177304965
"Connecticut",5,"2-3",6,161,"cat_elig > 0.50 & children_i > 0.50 & unc_rawben_rel_max > 1.57",1,0,2,0.5,2,0.5,0.00552913709059151,0.0061660286843558,0.0622442336848225,0.0736187349758036,0.128649183572489,0.21981463155387,0.833333333333333,0.833333333333333,0.140874561753191,0.194397484718472,0.121227115289461,0.147391214993887,0.0707570509648689,0.133304993337156,0.00494804552201877,0.053860391811901
"Connecticut",5,"2-3",28,144,"HH_size_n >=   3 & shelter_expenses_by_hh_size < 635 & total_deductions_by_hh_size >= 602",1,1,1,1,3,1,0.128504675613937,0.131647672674471,0.193150041010889,0.217922095465652,0.339893617021277,0.369076726027693,1,1,0.698385690582707,0.75976427021471,0.0904761904761905,0.134427201298259,0.0428571428571429,0.132301933208581,0.0569148936170213,0.0918443278848397
"Connecticut",5,"4+",4,482,"months_since_cert_n >=  11 & total_deductions_by_hh_size >= 228 & total_deductions_by_hh_size < 261",1,0,1,1,0,NA,NA,NA,NA,NA,NA,NA,NA,NA,NA,NA,NA,NA,NA,NA,NA,NA
"Connecticut",5,"4+",14,364,"count_divisible_by_100 >   0.500 & months_since_cert_n >   5.500 & rawben_rel_max <=   0.947 & total_deductions_by_hh_size > 218.000",2,1,2,1,1,1,0.00331209351159279,0.00331209351159279,0.090732829287836,0.090732829287836,0.338768115942029,0.338768115942029,0.6,0.6,0.340056431945474,0.340056431945474,0.232789855072464,0.232789855072464,0.283514492753623,0.283514492753623,0.103260869565217,0.103260869565217
"Connecticut",5,"4+",17,414,"medical_deductions <=  65.000 & shelter_expenses_by_hh_size > 273.000 & shelter_expenses_by_hh_size <= 434.000 & unc_rawben_rel_max <=   0.838",22,8,23,0.956521739130435,2,0.956521739130435,0.0359573653630076,0.0377108266338508,0.154016491488389,0.162770713106329,0.193701226309922,0.200586923732704,1,1,0.422664733814375,0.429036595894196,0.147435897435897,0.15212063086104,0.120645766345123,0.142999098143381,0.0447481243301179,0.079823904956922
"Connecticut",5,"4+",21,514,"rawben_rel_max >=   0.366 & shelter_expenses_by_hh_size >= 472.000 & total_deductions_by_hh_size >= 236.000 & total_deductions_by_hh_size < 255.000",3,1,3,1,3,1,0.00733767660661465,0.0447359035700198,0.108088695290834,0.173787403992881,NA,NA,0.6,0.851138353765324,0.248404585757045,0.640875405230424,NA,NA,NA,NA,NA,NA
"Connecticut",5,"4+",23,534,"shelter_expenses_by_hh_size > 273.00 & shelter_expenses_by_hh_size <= 419.00 & unc_rawben_rel_max <=   0.85",1,0,21,0.0476190476190476,4,0.0476190476190476,0.000739703476327014,0.00338081019806302,0.00579362327711219,0.0167383018096211,0.0120614035087719,0.0215609043421264,0.25,0.297843922915474,0.00540656753070477,0.0385935650476135,0.0139591767881242,0.0208020219554543,0.00429255144163932,0.0111691598396908,0.0048178451285643,0.00838933491193385
"Connecticut",5,"4+",25,443,"months_since_cert_n >   5.500 & rawben_rel_max >   0.794 & rawben_rel_max <=   0.975 & total_deductions_by_hh_size > 229.000",2,2,2,1,5,1,0.0031692399466018,0.0315324600079077,0.115980458165493,0.20479904851584,0.118372446762277,0.1243138793988,0.4,0.983713029576339,0.307317593916611,0.489919568591861,0.0755921338548457,0.0788503152156142,0.0102401129943503,0.117996605074689,0.0331920903954802,0.0565872654792998
"Connecticut",10,"1",1,129,"total_deductions_by_hh_size > 336.000 & unc_rawben_rel_max >   0.891 & unc_rawben_rel_max <=   0.991 & utilities <=  29.500",1,0,1,1,0,NA,NA,NA,NA,NA,NA,NA,NA,NA,NA,NA,NA,NA,NA,NA,NA,NA
"Connecticut",10,"1",11,108,"rawben_rel_max >   0.987 & rawben_rel_max <=   0.991 & total_deductions_by_hh_size > 938.000",5,2,5,1,1,1,0.0259894260988373,0.0259894260988373,0.191915551332116,0.191915551332116,0.365079365079365,0.365079365079365,0.833333333333333,0.833333333333333,0.605754964008775,0.605754964008775,0.123809523809524,0.123809523809524,0.221428571428571,0.221428571428571,0.0571428571428571,0.0571428571428571
"Connecticut",10,"1",15,24,"elderly_disabled_i >   0.500 & rawben_rel_max >   0.881 & shelter_expenses_by_hh_size > 474.000 & utilities <=  28.500",1,0,1,1,2,1,0.0661786740593378,0.0773966408644271,0.110816794305287,0.154259340543403,0.180823680823681,0.315086300048706,0.833333333333333,0.846580737558181,0.358555222067946,0.526000358442614,0.0788288288288288,0.116062679220574,0.0205920205920206,0.112967747554214,0.0522522522522523,0.0707986181670393
"Connecticut",10,"1",18,12,"count_divisible_by_100 <   1.00 & months_since_cert_n >=   7.00 & unc_rawben_rel_max >=   1.63 & utilities < 353.00",1,0,1,1,3,1,0.1085852663542,0.14580942686121,0.173218873124662,0.208271879042962,0.491939307728781,0.58349162685463,0.666666666666667,0.836309523809524,0.662288829756192,0.768271762791403,0.343764817449028,0.367245078448639,0.342816500711238,0.390758875859495,0.0676691729323309,0.0746674914631571
"Connecticut",10,"1",22,111,"rawben_rel_max >=   0.236 & rawben_rel_max <   1.000 & total_deductions_by_hh_size >= 511.000 & utilities < 249.000",1,1,1,1,4,1,0.0345150971946039,0.106442523114368,0.110540781168869,0.176235478583726,0.0750394944707741,0.33812662053807,0.25,0.673506181318681,0.217567974462398,0.591177271024009,0.0690833013107895,0.162428994855255,0.111637704054766,0.224107177146433,0.0272719713976886,0.0510709977456673
"Connecticut",10,"1",26,69,"months_since_cert_n >   2.50 & total_deductions_by_hh_size <= 919.00 & unc_rawben_rel_max >   1.93 & unc_rawben_rel_max <=   2.23",4,0,4,1,5,1,0.0407330541759436,0.174239080052161,0.128438356436332,0.202553090225017,0.299890350877193,0.58028365618981,0.666666666666667,0.898933704218822,0.498107340074941,0.782084966991242,0.139254385964912,0.322540146196514,0.0356359649122807,0.323683285132756,0.0976914414414414,0.140876598888648
"Connecticut",10,"1",31,94,"rawben_rel_max <=    0.994 & shelter_expenses_by_hh_size > 1300.000 & unc_rawben_rel_max >    0.987",2,1,6,0.333333333333333,6,0.333333333333333,0.00640120802859559,0.107110983455876,0.0188587708715845,0.210827333178022,0.0106837606837607,0.497249791525029,0.8,0.831075392269422,0.0310499425927857,0.713576599546391,0.0264957264957265,0.261209114118985,0.0166666666666667,0.290103340435386,0.00512820512820511,0.0712006091801523
"Connecticut",10,"1",40,98,"rawben_rel_max <=   0.991 & total_deductions_by_hh_size > 800.000 & unc_rawben_rel_max >   0.985",3,0,10,0.3,7,0.3,0.00182648904190873,0.0972084677252244,0.0228054481739146,0.189231324040854,0.0294705294705295,0.458255345178302,0.5,0.716473887136348,0.0153019509406099,0.642779304607076,0.023953823953824,0.232968252066527,0.0522366522366522,0.267979818336508,0.027027027027027,0.0703056351417334
"Connecticut",10,"1",45,3,"cat_elig >   0.500 & expedited_i >   0.500 & total_deductions_by_hh_size > 991.000 & unc_rawben_rel_max <=   0.991",2,1,4,0.5,8,0.5,0.0522662275135556,0.104699370389697,0.139320914637764,0.199665399370298,NA,NA,0.666666666666667,0.888268156424581,0.515662355753845,0.683794300892832,NA,NA,NA,NA,NA,NA
"Connecticut",10,"1",50,13,"count_divisible_by_100 <=    0.500 & shelter_expenses_by_hh_size > 1300.000 & total_deductions_by_hh_size > 1370.000 & unc_rawben_rel_max <=    0.998",2,1,4,0.5,9,0.5,0.010639053792824,0.0942051480918099,0.0901133034580469,0.170962645909809,0.259998337074915,0.383600301375949,0.666666666666667,0.833096743665849,0.379765367049779,0.635181353895778,0.148914941381891,0.205117475368001,0.0228652199218425,0.173172267909354,0.0455043859649122,0.101649639727826
"Connecticut",10,"2-3",2,188,"elderly_disabled_i > 0.500 & married <= 0.500 & rawben_rel_max > 0.996 & unc_rawben_rel_max > 1.550",1,1,1,1,0,NA,NA,NA,NA,NA,NA,NA,NA,NA,NA,NA,NA,NA,NA,NA,NA,NA
"Connecticut",10,"2-3",3,214,"married <=   0.500 & percent_abawd <=   0.125 & shelter_expenses_by_hh_size > 351.000 & unc_rawben_rel_max >   1.630",1,0,2,0.5,1,0.5,0.00666285699746517,0.00666285699746517,0.0566521978245543,0.0566521978245543,0.195035460992908,0.195035460992908,0.666666666666667,0.666666666666667,0.186252216012539,0.186252216012539,0.0982776089159068,0.0982776089159068,0.142350557244174,0.142350557244174,0.113475177304965,0.113475177304965
"Connecticut",10,"2-3",6,161,"cat_elig > 0.50 & children_i > 0.50 & unc_rawben_rel_max > 1.57",1,0,2,0.5,2,0.5,0.00552913709059151,0.0061660286843558,0.0622442336848225,0.0736187349758036,0.128649183572489,0.21981463155387,0.833333333333333,0.833333333333333,0.140874561753191,0.194397484718472,0.121227115289461,0.147391214993887,0.0707570509648689,0.133304993337156,0.00494804552201877,0.053860391811901
"Connecticut",10,"2-3",28,144,"HH_size_n >=   3 & shelter_expenses_by_hh_size < 635 & total_deductions_by_hh_size >= 602",1,1,1,1,3,1,0.128504675613937,0.131647672674471,0.193150041010889,0.217922095465652,0.339893617021277,0.369076726027693,1,1,0.698385690582707,0.75976427021471,0.0904761904761905,0.134427201298259,0.0428571428571429,0.132301933208581,0.0569148936170213,0.0918443278848397
"Connecticut",10,"2-3",30,142,"HH_size_n >   2.500 & total_deductions_by_hh_size > 440.000 & unc_rawben_rel_max >   0.640 & unc_rawben_rel_max <=   0.996",5,1,5,1,4,1,0.0137354456365618,0.118094532663865,0.155070324649518,0.20826381789463,0.149074074074074,0.285335282284752,0.6,0.802624854819977,0.339482216505936,0.704081222390744,0.127777777777778,0.168883705222152,0.0231481481481482,0.127667980845592,0.00648148148148148,0.0741875304783066
"Connecticut",10,"2-3",48,146,"HH_size_n >=   3 & shelter_expenses_by_hh_size < 700 & total_deductions_by_hh_size >= 510",1,0,3,0.333333333333333,5,0.333333333333333,0.0316373923161999,0.0797714780019845,0.0708032923786825,0.164134515880086,0.0740740740740741,0.232340910809544,0,0.75884476534296,0.179167294092709,0.502290070829153,0.0625,0.111116568535109,0.0106481481481482,0.0894804675541506,0.0125,0.0695565683156494
"Connecticut",10,"4+",4,482,"months_since_cert_n >=  11 & total_deductions_by_hh_size >= 228 & total_deductions_by_hh_size < 261",1,0,1,1,0,NA,NA,NA,NA,NA,NA,NA,NA,NA,NA,NA,NA,NA,NA,NA,NA,NA
"Connecticut",10,"4+",14,364,"count_divisible_by_100 >   0.500 & months_since_cert_n >   5.500 & rawben_rel_max <=   0.947 & total_deductions_by_hh_size > 218.000",2,1,2,1,1,1,0.00331209351159279,0.00331209351159279,0.090732829287836,0.090732829287836,0.338768115942029,0.338768115942029,0.6,0.6,0.340056431945474,0.340056431945474,0.232789855072464,0.232789855072464,0.283514492753623,0.283514492753623,0.103260869565217,0.103260869565217
"Connecticut",10,"4+",17,414,"medical_deductions <=  65.000 & shelter_expenses_by_hh_size > 273.000 & shelter_expenses_by_hh_size <= 434.000 & unc_rawben_rel_max <=   0.838",22,8,23,0.956521739130435,2,0.956521739130435,0.0359573653630076,0.0377108266338508,0.154016491488389,0.162770713106329,0.193701226309922,0.200586923732704,1,1,0.422664733814375,0.429036595894196,0.147435897435897,0.15212063086104,0.120645766345123,0.142999098143381,0.0447481243301179,0.079823904956922
"Connecticut",10,"4+",21,514,"rawben_rel_max >=   0.366 & shelter_expenses_by_hh_size >= 472.000 & total_deductions_by_hh_size >= 236.000 & total_deductions_by_hh_size < 255.000",3,1,3,1,3,1,0.00733767660661465,0.0447359035700198,0.108088695290834,0.173787403992881,NA,NA,0.6,0.851138353765324,0.248404585757045,0.640875405230424,NA,NA,NA,NA,NA,NA
"Connecticut",10,"4+",23,534,"shelter_expenses_by_hh_size > 273.00 & shelter_expenses_by_hh_size <= 419.00 & unc_rawben_rel_max <=   0.85",1,0,21,0.0476190476190476,4,0.0476190476190476,0.000739703476327014,0.00338081019806302,0.00579362327711219,0.0167383018096211,0.0120614035087719,0.0215609043421264,0.25,0.297843922915474,0.00540656753070477,0.0385935650476135,0.0139591767881242,0.0208020219554543,0.00429255144163932,0.0111691598396908,0.0048178451285643,0.00838933491193385
"Connecticut",10,"4+",24,311,"HH_size_n >   4.500 & months_since_cert_n >   5.500 & total_deductions_by_hh_size > 231.000 & unc_rawben_rel_max <=   0.998",4,2,6,0.666666666666667,5,0.666666666666667,0.012388305531486,0.0229711095336957,0.053382079096086,0.139294466331997,0.119865211810013,0.123612454830006,0.6,0.840149309124129,0.243924371533993,0.300678284913979,0.0888960205391528,0.0928935492888262,0.0299584346325779,0.0349451046599123,0.0556733828207847,0.0677358278148621
"Connecticut",10,"4+",25,443,"months_since_cert_n >   5.500 & rawben_rel_max >   0.794 & rawben_rel_max <=   0.975 & total_deductions_by_hh_size > 229.000",2,2,2,1,6,1,0.0031692399466018,0.0309146306665532,0.102662390475084,0.201971015139602,0.0979743695742042,0.123577272559431,0.4,0.974934421451472,0.205447593922852,0.482042903598112,0.0755921338548457,0.0797261826720263,0.0102401129943503,0.117737249973023,0.0331920903954802,0.0566926478950672
"Connecticut",10,"4+",33,417,"months_since_cert_n >   0.500 & total_deductions_by_hh_size > 184.000 & total_deductions_by_hh_size <= 302.000 & unc_rawben_rel_max <=   0.812",5,1,21,0.238095238095238,7,0.238095238095238,0.000421489466354161,0.00341203033259667,0.0463811261513062,0.0558999833171418,0.08643630605782,0.0928643363337916,0.25,0.818931972789116,0.0717064746177123,0.100756675519813,0.0483432125157905,0.0618888950018077,0.0326498882518706,0.0403274966548961,0.0208736013043536,0.0254487394707749
"Connecticut",10,"4+",41,528,"shelter_expenses_by_hh_size <= 560.000 & total_deductions_by_hh_size > 223.000 & unc_rawben_rel_max <=   0.982",9,4,25,0.36,8,0.36,0.00512803477012959,0.00763372217342131,0.0375817907629149,0.0543555712782138,0.0434726355285289,0.10219374539106,0.5,0.575583997761925,0.0859720772911676,0.135400969744788,0.0477555427146376,0.0535599385954997,0.00719900234298237,0.0228056678400946,0.00969404823454273,0.0223623221541782
"Connecticut",10,"4+",42,538,"shelter_expenses_by_hh_size >= 302 & shelter_expenses_by_hh_size < 419 & total_deductions_by_hh_size >= 139",1,0,13,0.0769230769230769,9,0.0769230769230769,0.00551818777865852,0.0082206460943403,0.0755550147157417,0.0815664745511253,0.0650679641643497,0.0773741885018407,0.5,0.612582633053221,0.0798762578326865,0.118134164578071,0.0604329669274708,0.0675023330115091,0.00361306291919516,0.0167020937140595,0.0216472818403804,0.026376427497288
"Connecticut",10,"4+",43,477,"months_since_cert_n >=   8.000 & rawben_rel_max <   0.965 & total_deductions_by_hh_size >= 178.000 & unc_rawben_rel_max >=   0.793",1,1,3,0.333333333333333,10,0.333333333333333,0.00177339930720531,0.0296815910688336,0.0513388133876238,0.174513385837339,0.08982252806954,0.120177235552504,0.4,0.867427383212575,0.0977718137508701,0.411290365510712,0.0981730134272508,0.14272444520266,0.0792748917748918,0.195938108635568,0.012987012987013,0.0548740418011551
"Connecticut",10,"4+",46,297,"HH_size_n <=   7.500 & total_deductions_by_hh_size > 224.000 & total_deductions_by_hh_size <= 325.000 & unc_rawben_rel_max <=   0.968",2,1,21,0.0952380952380952,11,0.0952380952380952,0.0011980864825179,0.00500322081932751,0.019841790664264,0.0552345644902316,0.0326930265209186,0.0759426455218561,0.4,0.725099735732073,0.0268277661171857,0.0993315759318603,0.0334668192219679,0.042626735754439,0.0170439523371047,0.0266837350483349,0.0225339319090957,0.0368936503799378
"Connecticut",10,"4+",49,525,"shelter_expenses_by_hh_size <= 423.000 & total_deductions_by_hh_size > 127.000 & unc_rawben_rel_max <=   0.784",4,3,21,0.19047619047619,12,0.19047619047619,0.000103232533083794,0.00387255826611518,0.0485256774321914,0.0714890918864094,0.023832294465083,0.0625479118872598,0,0.489666901243256,0.0198162379751416,0.0847004255147084,0.0242491726207046,0.0503233901620203,0.0300105227207695,0.0493999727419468,0.0189329580049534,0.0385940966327626
"Delaware",5,"1",4,113,"rawben_rel_max >=   0.484 & rawben_rel_max <   0.989 & shelter_expenses_by_hh_size >= 879.000 & utilities <  31.000",1,0,1,1,0,NA,NA,NA,NA,NA,NA,NA,NA,NA,NA,NA,NA,NA,NA,NA,NA,NA
"Delaware",5,"1",5,85,"rawben_rel_max <    1.000 & shelter_expenses_by_hh_size >= 1180.000 & unc_rawben_rel_max >=    0.986 & utilities <  645.000",2,1,2,1,1,1,0.0291881721895654,0.0291881721895654,0.174544978238763,0.174544978238763,0.325,0.325,0.4,0.4,0.599277436386333,0.599277436386333,0.202272727272727,0.202272727272727,0.197727272727273,0.197727272727273,0.172727272727273,0.172727272727273
"Delaware",5,"1",7,38,"expedited_i <=   0.50 & total_deductions_by_hh_size <= 920.00 & unc_rawben_rel_max >   1.93 & utilities <= 684.00",1,1,1,1,2,1,0.215713031955191,0.22540167920939,0.191383238097427,0.215045693653028,0.670918367346939,0.702080954759526,0.666666666666667,0.772893772893773,0.849217653626946,0.874918062714189,0.39100185528757,0.408029470529471,0.287105751391466,0.369125517339803,0.132467532467532,0.200342514628229
"Delaware",5,"1",8,116,"rawben_rel_max >=   0.988 & rawben_rel_max <   0.992 & total_deductions_by_hh_size >= 198.000 & utilities < 452.000",1,1,1,1,3,1,0.0157689736798224,0.121205869284566,0.102455709413513,0.167896209151901,0.136936936936937,0.434975369407923,0.4,0.672772523643604,0.243262895815037,0.610487551588667,0.104320229320229,0.2384054674871,0.0620802620802621,0.243398195600784,0.0593775593775594,0.153340964839223
"Delaware",5,"1",9,118,"rawben_rel_max >=   0.988 & rawben_rel_max <   1.000 & shelter_expenses_by_hh_size >= 692.000 & utilities < 580.000",2,2,5,0.4,4,0.4,0.0119429260779869,0.0864364406162663,0.0709643101919488,0.131419822762574,0.0351895519680754,0.283499767239096,0,0.454772301933874,0.0745695205465628,0.415850258965597,0.0238224801983192,0.153931190135696,0.00332547312413085,0.152682188965406,0.0278130479472761,0.118670395682353
"Delaware",5,"1",10,32,"elderly_disabled_i >=   1.00 & total_deductions_by_hh_size < 914.00 & unc_rawben_rel_max >=   1.57 & utilities < 462.00",3,2,3,1,5,1,0.0122407625138385,0.189227791410901,0.110223062416869,0.195773466623224,0.0390417036379769,0.58581695026768,0.4,0.755854963344561,0.123858223674764,0.738829165787619,0.161490683229814,0.315130619730685,0.0350488021295474,0.305823545620458,0.00621118012422365,0.201915310631583
"Delaware",5,"1",12,8,"cat_elig >=    1.00 & shelter_expenses_by_hh_size < 1720.00 & unc_rawben_rel_max >=    2.49 & utilities <  875.00",1,1,1,1,6,1,0.0918098123282611,0.133909612943979,0.0764175491445149,0.16756115496114,0.133877551020408,0.428956437441522,0.666666666666667,0.767110082899557,0.513078737809656,0.714441095477053,0.190062111801242,0.340242713169575,0.0799171842650104,0.208368389614306,0.0351515151515152,0.125398676548601
"Delaware",5,"1",13,102,"rawben_rel_max <=   0.998 & total_deductions_by_hh_size > 602.000 & utilities <= 272.000",3,1,4,0.75,7,0.75,0.0173530557942006,0.107747066443073,0.121577249250965,0.204412762121712,0.215635268346112,0.427861250387517,0.25,0.652457264957265,0.291357630356817,0.686519350989001,0.129928806133625,0.210765729781522,0.0770810514786418,0.187276381266168,0.0589558232931727,0.12215252104102
"Delaware",5,"1",15,106,"rawben_rel_max >   0.727 & rawben_rel_max <=   0.991 & shelter_expenses_by_hh_size > 413.000 & utilities <=  28.500",1,1,2,0.5,8,0.5,0.0141762972797883,0.0905324774572005,0.138430380907014,0.201854404307087,0.0937918340026774,0.343987482938206,0,0.503723461005014,0.250599546889856,0.631886312625772,0.0696117804551539,0.176538261925829,0.0395749665327979,0.158562518765091,0.0364114114114114,0.104513742939681
"Delaware",5,"1",21,27,"elderly_disabled_i >   0.500 & total_deductions_by_hh_size > 438.000 & unc_rawben_rel_max >   0.316 & utilities <= 276.000",2,1,7,0.285714285714286,9,0.285714285714286,0.0375617849187777,0.0887228072027904,0.120088430218612,0.17043909669052,0.114501963899554,0.32724206426326,0.4,0.679848304125761,0.314684829984065,0.545602053149145,0.04502442002442,0.160638828286478,0.0228174603174603,0.134182630368401,0.0233240654927402,0.0893467302118487
"Delaware",5,"1",23,70,"months_since_cert_n >   2.50 & unc_rawben_rel_max >   1.93 & utilities >  14.00 & utilities <= 680.00",3,1,4,0.75,10,0.75,0.0228602639051535,0.151485719563475,0.0636854737988191,0.188799495730069,0.0625933300149328,0.518560830442084,0.666666666666667,0.755672817072034,0.166250996662959,0.701094865367016,0.101219512195122,0.310046286156225,0.0216525634644101,0.270642426091764,0.0706208425720621,0.131430992756494
"Delaware",5,"2-3",16,187,"elderly_disabled_i >   0.500 & rawben_rel_max <=   0.997 & shelter_expenses_by_hh_size > 955.000 & utilities <= 584.000",3,0,3,1,0,NA,NA,NA,NA,NA,NA,NA,NA,NA,NA,NA,NA,NA,NA,NA,NA,NA
"Delaware",5,"2-3",18,207,"expedited_i >= 1.000 & months_since_cert_n < 2.000 & rawben_rel_max >= 0.649 & rawben_rel_max < 0.901",1,0,1,1,1,1,0.0850801980962282,0.0850801980962282,0.348558151406335,0.348558151406335,NA,NA,0.857142857142857,0.857142857142857,0.870920477149652,0.870920477149652,NA,NA,NA,NA,NA,NA
"Delaware",5,"2-3",25,238,"months_since_cert_n <=  0.500 & total_deductions_by_hh_size > 83.500 & unc_rawben_rel_max <=  0.999 & utilities <= 22.000",2,1,2,1,2,1,0.027875852402794,0.0459669557529032,0.151887483932097,0.225140215539929,0.289405684754522,0.289405684754522,0.857142857142857,0.857142857142857,0.546734562888975,0.673891405705248,0.145348837209302,0.145348837209302,0.0923772609819121,0.0923772609819121,0.0956072351421189,0.0956072351421189
"Delaware",5,"2-3",27,259,"rawben_rel_max <   0.904 & total_deductions_by_hh_size >= 353.000 & utilities < 347.000",2,0,2,1,3,1,0.029483589440051,0.044524464724122,0.201554205804605,0.229088245802443,0.113764927718416,0.160799553458352,0.6,0.674117647058823,0.506314426799631,0.633594510379973,0.158408408408408,0.162150435753351,0.253003003003003,0.308153606574294,0.0352852852852853,0.0923642316387891
"Delaware",5,"4+",11,335,"HH_size_n >=   5 & married <   1 & shelter_expenses_by_hh_size < 293 & total_deductions_by_hh_size >= 212",2,1,2,1,0,NA,NA,NA,NA,NA,NA,NA,NA,NA,NA,NA,NA,NA,NA,NA,NA,NA
"Delaware",5,"4+",14,426,"months_since_cert_n >   4.500 & rawben_rel_max <=   0.977 & total_deductions_by_hh_size > 221.000 & utilities <= 454.000",1,0,1,1,1,1,0.0218576815572473,0.0218576815572473,0.150187904160247,0.150187904160247,0.163750364537766,0.163750364537766,0.857142857142857,0.857142857142857,0.410046973374163,0.410046973374163,0.242782152230971,0.242782152230971,0.321084864391951,0.321084864391951,0.153980752405949,0.153980752405949
"Delaware",5,"4+",17,313,"HH_size_n >   4.500 & rawben_rel_max >   0.478 & total_deductions_by_hh_size > 233.000 & unc_rawben_rel_max <=   0.997",4,3,6,0.666666666666667,2,0.666666666666667,0.004994053076616,0.00814690904330757,0.0988005650875252,0.100419393365976,0.120875420875421,0.121262866526154,0.666666666666667,0.806547619047619,0.210226753158591,0.224227604399584,0.103030303030303,0.17497837628251,0.0595959595959596,0.207861091227233,0.0808080808080808,0.173859286765291
"Delaware",5,"4+",19,412,"married >=   1 & shelter_expenses_by_hh_size < 454 & total_deductions_by_hh_size >= 232 & total_deductions_by_hh_size < 247",2,1,2,1,3,1,0.00366254621300293,0.0200216971249956,0.0934641526299938,0.109872980061739,0.248172103487064,0.300500103896251,0.666666666666667,0.825705039297272,0.376952081352879,0.406214366491069,0.169805194805195,0.209115205480162,0.0574675324675325,0.13417784107525,0.0798701298701299,0.116956066722904
"Delaware",10,"1",4,113,"rawben_rel_max >=   0.484 & rawben_rel_max <   0.989 & shelter_expenses_by_hh_size >= 879.000 & utilities <  31.000",1,0,1,1,0,NA,NA,NA,NA,NA,NA,NA,NA,NA,NA,NA,NA,NA,NA,NA,NA,NA
"Delaware",10,"1",5,85,"rawben_rel_max <    1.000 & shelter_expenses_by_hh_size >= 1180.000 & unc_rawben_rel_max >=    0.986 & utilities <  645.000",2,1,2,1,1,1,0.0291881721895654,0.0291881721895654,0.174544978238763,0.174544978238763,0.325,0.325,0.4,0.4,0.599277436386333,0.599277436386333,0.202272727272727,0.202272727272727,0.197727272727273,0.197727272727273,0.172727272727273,0.172727272727273
"Delaware",10,"1",7,38,"expedited_i <=   0.50 & total_deductions_by_hh_size <= 920.00 & unc_rawben_rel_max >   1.93 & utilities <= 684.00",1,1,1,1,2,1,0.215713031955191,0.22540167920939,0.191383238097427,0.215045693653028,0.670918367346939,0.702080954759526,0.666666666666667,0.772893772893773,0.849217653626946,0.874918062714189,0.39100185528757,0.408029470529471,0.287105751391466,0.369125517339803,0.132467532467532,0.200342514628229
"Delaware",10,"1",8,116,"rawben_rel_max >=   0.988 & rawben_rel_max <   0.992 & total_deductions_by_hh_size >= 198.000 & utilities < 452.000",1,1,1,1,3,1,0.0157689736798224,0.121205869284566,0.102455709413513,0.167896209151901,0.136936936936937,0.434975369407923,0.4,0.672772523643604,0.243262895815037,0.610487551588667,0.104320229320229,0.2384054674871,0.0620802620802621,0.243398195600784,0.0593775593775594,0.153340964839223
"Delaware",10,"1",9,118,"rawben_rel_max >=   0.988 & rawben_rel_max <   1.000 & shelter_expenses_by_hh_size >= 692.000 & utilities < 580.000",2,2,5,0.4,4,0.4,0.0119429260779869,0.0864364406162663,0.0709643101919488,0.131419822762574,0.0351895519680754,0.283499767239096,0,0.454772301933874,0.0745695205465628,0.415850258965597,0.0238224801983192,0.153931190135696,0.00332547312413085,0.152682188965406,0.0278130479472761,0.118670395682353
"Delaware",10,"1",10,32,"elderly_disabled_i >=   1.00 & total_deductions_by_hh_size < 914.00 & unc_rawben_rel_max >=   1.57 & utilities < 462.00",3,2,3,1,5,1,0.0122407625138385,0.189227791410901,0.110223062416869,0.195773466623224,0.0390417036379769,0.58581695026768,0.4,0.755854963344561,0.123858223674764,0.738829165787619,0.161490683229814,0.315130619730685,0.0350488021295474,0.305823545620458,0.00621118012422365,0.201915310631583
"Delaware",10,"1",12,8,"cat_elig >=    1.00 & shelter_expenses_by_hh_size < 1720.00 & unc_rawben_rel_max >=    2.49 & utilities <  875.00",1,1,1,1,6,1,0.0918098123282611,0.133909612943979,0.0764175491445149,0.16756115496114,0.133877551020408,0.428956437441522,0.666666666666667,0.767110082899557,0.513078737809656,0.714441095477053,0.190062111801242,0.340242713169575,0.0799171842650104,0.208368389614306,0.0351515151515152,0.125398676548601
"Delaware",10,"1",13,102,"rawben_rel_max <=   0.998 & total_deductions_by_hh_size > 602.000 & utilities <= 272.000",3,1,4,0.75,7,0.75,0.0173530557942006,0.107747066443073,0.121577249250965,0.204412762121712,0.215635268346112,0.427861250387517,0.25,0.652457264957265,0.291357630356817,0.686519350989001,0.129928806133625,0.210765729781522,0.0770810514786418,0.187276381266168,0.0589558232931727,0.12215252104102
"Delaware",10,"1",15,106,"rawben_rel_max >   0.727 & rawben_rel_max <=   0.991 & shelter_expenses_by_hh_size > 413.000 & utilities <=  28.500",1,1,2,0.5,8,0.5,0.0141762972797883,0.0905324774572005,0.138430380907014,0.201854404307087,0.0937918340026774,0.343987482938206,0,0.503723461005014,0.250599546889856,0.631886312625772,0.0696117804551539,0.176538261925829,0.0395749665327979,0.158562518765091,0.0364114114114114,0.104513742939681
"Delaware",10,"1",21,27,"elderly_disabled_i >   0.500 & total_deductions_by_hh_size > 438.000 & unc_rawben_rel_max >   0.316 & utilities <= 276.000",2,1,7,0.285714285714286,9,0.285714285714286,0.0375617849187777,0.0887228072027904,0.120088430218612,0.17043909669052,0.114501963899554,0.32724206426326,0.4,0.679848304125761,0.314684829984065,0.545602053149145,0.04502442002442,0.160638828286478,0.0228174603174603,0.134182630368401,0.0233240654927402,0.0893467302118487
"Delaware",10,"1",23,70,"months_since_cert_n >   2.50 & unc_rawben_rel_max >   1.93 & utilities >  14.00 & utilities <= 680.00",3,1,4,0.75,10,0.75,0.0228602639051535,0.151485719563475,0.0636854737988191,0.188799495730069,0.0625933300149328,0.518560830442084,0.666666666666667,0.755672817072034,0.166250996662959,0.701094865367016,0.101219512195122,0.310046286156225,0.0216525634644101,0.270642426091764,0.0706208425720621,0.131430992756494
"Delaware",10,"1",35,90,"rawben_rel_max <   0.992 & total_deductions_by_hh_size >= 535.000 & unc_rawben_rel_max >=   0.964 & utilities < 645.000",1,0,5,0.2,11,0.2,0.00344246949518679,0.0957204809487637,0.0381319629618831,0.173885255608999,0.0535353535353535,0.386051585847138,0.25,0.540268313458262,0.0862848257929783,0.59341462656887,0.0338960070503694,0.176020423020432,0.0296590061690733,0.181599552928878,0.0124215124215124,0.0941252180736961
"Delaware",10,"2-3",16,187,"elderly_disabled_i >   0.500 & rawben_rel_max <=   0.997 & shelter_expenses_by_hh_size > 955.000 & utilities <= 584.000",3,0,3,1,0,NA,NA,NA,NA,NA,NA,NA,NA,NA,NA,NA,NA,NA,NA,NA,NA,NA
"Delaware",10,"2-3",18,207,"expedited_i >= 1.000 & months_since_cert_n < 2.000 & rawben_rel_max >= 0.649 & rawben_rel_max < 0.901",1,0,1,1,1,1,0.0850801980962282,0.0850801980962282,0.348558151406335,0.348558151406335,NA,NA,0.857142857142857,0.857142857142857,0.870920477149652,0.870920477149652,NA,NA,NA,NA,NA,NA
"Delaware",10,"2-3",20,262,"rawben_rel_max <=   0.93 & total_deductions_by_hh_size > 519.00 & utilities <= 560.00",14,8,18,0.777777777777778,2,0.777777777777778,0.0424989811987242,0.0715979576056867,0.193864897375408,0.236537655051309,0.227215980024969,0.227215980024969,0.6,0.74,0.418610342425783,0.641154442508859,0.197877652933833,0.197877652933833,0.316167290886392,0.316167290886392,0.0611735330836454,0.0611735330836454
"Delaware",10,"2-3",25,238,"months_since_cert_n <=  0.500 & total_deductions_by_hh_size > 83.500 & unc_rawben_rel_max <=  0.999 & utilities <= 22.000",2,1,2,1,3,1,0.027875852402794,0.0647385857649992,0.151887483932097,0.24406394930205,0.226417559446041,0.238106077544522,0.6,0.670773263433814,0.546734562888975,0.707729815184863,0.145348837209302,0.16838577766763,0.0923772609819121,0.349874332940933,0.0956072351421189,0.145428978581376
"Delaware",10,"2-3",27,259,"rawben_rel_max <   0.904 & total_deductions_by_hh_size >= 353.000 & utilities < 347.000",2,0,2,1,4,1,0.029483589440051,0.0467014095948231,0.114072969754803,0.162113748447921,0.113764927718416,0.143192316428903,0,0.281572481572482,0.386986320929361,0.489992198586865,0.150242939568782,0.154543760293128,0.111828120255087,0.182738134181701,0.0352852852852853,0.0585795611383416
"Delaware",10,"2-3",42,261,"rawben_rel_max <=   0.804 & shelter_expenses_by_hh_size > 521.000 & total_deductions_by_hh_size >  97.100 & utilities <= 357.000",1,0,2,0.5,5,0.5,0.0131713516889154,0.0367656017027041,0.0905784074653674,0.146847240957292,0.121769579798777,0.161114584995824,0.25,0.359860288201302,0.187552512156617,0.422272785220007,0.0601696587098047,0.111292165213869,0.0459163543105149,0.116492213118789,0.00790754257907541,0.0549351338651886
"Delaware",10,"4+",11,335,"HH_size_n >=   5 & married <   1 & shelter_expenses_by_hh_size < 293 & total_deductions_by_hh_size >= 212",2,1,2,1,0,NA,NA,NA,NA,NA,NA,NA,NA,NA,NA,NA,NA,NA,NA,NA,NA,NA
"Delaware",10,"4+",14,426,"months_since_cert_n >   4.500 & rawben_rel_max <=   0.977 & total_deductions_by_hh_size > 221.000 & utilities <= 454.000",1,0,1,1,1,1,0.0218576815572473,0.0218576815572473,0.150187904160247,0.150187904160247,0.163750364537766,0.163750364537766,0.857142857142857,0.857142857142857,0.410046973374163,0.410046973374163,0.242782152230971,0.242782152230971,0.321084864391951,0.321084864391951,0.153980752405949,0.153980752405949
"Delaware",10,"4+",17,313,"HH_size_n >   4.500 & rawben_rel_max >   0.478 & total_deductions_by_hh_size > 233.000 & unc_rawben_rel_max <=   0.997",4,3,6,0.666666666666667,2,0.666666666666667,0.004994053076616,0.00814690904330757,0.0988005650875252,0.100419393365976,0.120875420875421,0.121262866526154,0.666666666666667,0.806547619047619,0.210226753158591,0.224227604399584,0.103030303030303,0.17497837628251,0.0595959595959596,0.207861091227233,0.0808080808080808,0.173859286765291
"Delaware",10,"4+",19,412,"married >=   1 & shelter_expenses_by_hh_size < 454 & total_deductions_by_hh_size >= 232 & total_deductions_by_hh_size < 247",2,1,2,1,3,1,0.00366254621300293,0.0200216971249956,0.0934641526299938,0.109872980061739,0.248172103487064,0.300500103896251,0.666666666666667,0.825705039297272,0.376952081352879,0.406214366491069,0.169805194805195,0.209115205480162,0.0574675324675325,0.13417784107525,0.0798701298701299,0.116956066722904
"Delaware",10,"4+",29,310,"HH_size_n >   4.500 & months_since_cert_n >   5.500 & rawben_rel_max <=   0.997 & shelter_expenses_by_hh_size > 263.000",4,0,5,0.8,4,0.8,0.00119880674916645,0.0101548995485368,0.112914536436867,0.131400210520072,0.135156642653711,0.183286908596406,0.666666666666667,0.809906291834003,0.275864735991682,0.347125102847567,0.144756838905775,0.192840607424946,0.0699028312950243,0.150424115929175,0.0293036750483559,0.0965374458617661
"Delaware",10,"4+",31,403,"expedited_i >   0.500 & shelter_expenses_by_hh_size <= 295.000 & total_deductions_by_hh_size >   6.940 & unc_rawben_rel_max <=   0.937",1,0,1,1,5,1,0.00125582247261149,0.0186360473415876,0.126582480045744,0.151832732761001,0.119021640298236,0.170969817976449,0.666666666666667,0.84084293864245,0.401176136987142,0.45824636717655,0.159207459207459,0.208962964275344,0.0436099333737129,0.145807677811079,0.0644910644910645,0.130470208578075
"Delaware",10,"4+",32,537,"shelter_expenses_by_hh_size >= 293 & total_deductions_by_hh_size < 171 & utilities >= 533 & utilities < 571",5,0,6,0.833333333333333,6,0.833333333333333,0.021006811380035,0.0382884902278199,0.166990850928365,0.212185780532307,NA,NA,0.857142857142857,0.914887519701963,0.546516443591047,0.655604115232818,NA,NA,NA,NA,NA,NA
"Delaware",10,"4+",33,362,"count_divisible_by_100 >   0.500 & HH_size_n >   4.500 & rawben_rel_max <=   0.948 & shelter_expenses_by_hh_size > 178.000",3,1,3,1,7,1,0.00222855827661998,0.014400767341653,0.0840405780496133,0.10516861791156,0.121749408983452,0.163485510684916,0.4,0.752076411960133,0.316733277847932,0.344587242323225,0.153439153439153,0.200238780916809,0.0277777777777778,0.222329178201293,0.00925925925925925,0.0973308929504119
"Delaware",10,"4+",34,497,"rawben_rel_max <   0.873 & shelter_expenses_by_hh_size < 486.000 & total_deductions_by_hh_size >= 286.000",7,3,8,0.875,8,0.875,0.00209539494088871,0.0110679440775508,0.0924581486382743,0.127678896128189,0.081254724111867,0.19804730621228,0.6,0.738236099698713,0.201079077687181,0.375434294119646,0.119789734075448,0.177024363829296,0.0345083487940631,0.167049329522599,0.013858734983355,0.0674061571990878
"Delaware",10,"4+",40,539,"shelter_expenses_by_hh_size >= 367 & total_deductions_by_hh_size >= 177 & total_deductions_by_hh_size < 187",1,0,1,1,9,1,0.00223251919060227,0.0340192479800665,0.0972840546050345,0.168834156399216,NA,NA,0.6,0.808378623188406,0.377932769839925,0.566456791955555,NA,NA,NA,NA,NA,NA
"District of Columbia",5,"1",11,129,"total_deductions_by_hh_size > 336.000 & unc_rawben_rel_max >   0.891 & unc_rawben_rel_max <=   0.991 & utilities <=  29.500",1,1,1,1,0,NA,NA,NA,NA,NA,NA,NA,NA,NA,NA,NA,NA,NA,NA,NA,NA,NA
"District of Columbia",5,"2-3",1,205,"expedited_i <=  0.500 & rawben_rel_max <=  0.804 & total_deductions_by_hh_size > 56.100 & unc_rawben_rel_max >  0.144",30,19,30,1,0,NA,NA,NA,NA,NA,NA,NA,NA,NA,NA,NA,NA,NA,NA,NA,NA,NA
"District of Columbia",5,"2-3",2,282,"total_deductions_by_hh_size > 30.900 & unc_rawben_rel_max >  0.157 & unc_rawben_rel_max <=  0.632",7,5,29,0.241379310344828,1,0.241379310344828,0.0234487724995372,0.0234487724995372,0.0549854994613432,0.0549854994613432,0.0148198982710695,0.0148198982710695,0.6,0.6,0.103109859009675,0.103109859009675,0.0207894564845465,0.0207894564845465,0.0115823204856554,0.0115823204856554,0.0148944859501525,0.0148944859501525
"District of Columbia",5,"2-3",3,220,"medical_deductions <= 65.000 & rawben_rel_max >  0.236 & rawben_rel_max <=  0.804 & total_deductions_by_hh_size > 30.900",4,2,39,0.102564102564103,2,0.102564102564103,0.00674983931536489,0.0151758148344408,0.0206713049626873,0.039592474607247,0.0356389252031935,0.0380491610344554,0.666666666666667,0.737281735242584,0.0424220702650565,0.0777610753229291,0.0351526151734191,0.0365814677509233,0.00221988776047616,0.00889489011395477,0.00563469995950599,0.00728805666268475
"District of Columbia",5,"2-3",6,265,"rawben_rel_max >   0.202 & rawben_rel_max <=   0.802 & total_deductions_by_hh_size >  28.900 & total_deductions_by_hh_size <= 279.000",1,0,33,0.0303030303030303,3,0.0303030303030303,0.0154760348169696,0.0223830250066382,0.0624131402114427,0.0748806006444789,0.0483521351088995,0.0523624057697601,0.4,0.617482858033349,0.127125545646741,0.128108071196874,0.0196734928596531,0.0283088117351258,0.013400457220682,0.0153035757949407,0.0378334598379109,0.0459466123924926
"District of Columbia",5,"2-3",9,268,"rawben_rel_max > 0.157 & rawben_rel_max <= 0.799 & total_deductions_by_hh_size > 0.667",4,3,46,0.0869565217391304,4,0.0869565217391304,0.00158172396489304,0.012004508687522,0.0121167764184644,0.0325255628660944,0.0190222320286919,0.0291960538999816,0.25,0.475238296473682,0.00923765822916375,0.0566984030513855,0.00923679990379057,0.0203227268801449,0.0048570295297968,0.00824709389933929,0.00412269576199067,0.0155351600258168
"District of Columbia",10,"1",11,129,"total_deductions_by_hh_size > 336.000 & unc_rawben_rel_max >   0.891 & unc_rawben_rel_max <=   0.991 & utilities <=  29.500",1,1,1,1,0,NA,NA,NA,NA,NA,NA,NA,NA,NA,NA,NA,NA,NA,NA,NA,NA,NA
"District of Columbia",10,"1",13,97,"rawben_rel_max <=   0.991 & total_deductions_by_hh_size > 604.000 & unc_rawben_rel_max >   0.985 & utilities <= 368.000",4,2,5,0.8,1,0.8,0.0127158687163596,0.0127158687163596,0.163516295148934,0.163516295148934,0.255639097744361,0.255639097744361,0.4,0.4,0.396967062940312,0.396967062940312,0.168546365914787,0.168546365914787,0.137218045112782,0.137218045112782,0.050125313283208,0.050125313283208
"District of Columbia",10,"2-3",1,205,"expedited_i <=  0.500 & rawben_rel_max <=  0.804 & total_deductions_by_hh_size > 56.100 & unc_rawben_rel_max >  0.144",30,19,30,1,0,NA,NA,NA,NA,NA,NA,NA,NA,NA,NA,NA,NA,NA,NA,NA,NA,NA
"District of Columbia",10,"2-3",2,282,"total_deductions_by_hh_size > 30.900 & unc_rawben_rel_max >  0.157 & unc_rawben_rel_max <=  0.632",7,5,29,0.241379310344828,1,0.241379310344828,0.0234487724995372,0.0234487724995372,0.0549854994613432,0.0549854994613432,0.0148198982710695,0.0148198982710695,0.6,0.6,0.103109859009675,0.103109859009675,0.0207894564845465,0.0207894564845465,0.0115823204856554,0.0115823204856554,0.0148944859501525,0.0148944859501525
"District of Columbia",10,"2-3",3,220,"medical_deductions <= 65.000 & rawben_rel_max >  0.236 & rawben_rel_max <=  0.804 & total_deductions_by_hh_size > 30.900",4,2,39,0.102564102564103,2,0.102564102564103,0.00674983931536489,0.0151758148344408,0.0206713049626873,0.039592474607247,0.0356389252031935,0.0380491610344554,0.666666666666667,0.737281735242584,0.0424220702650565,0.0777610753229291,0.0351526151734191,0.0365814677509233,0.00221988776047616,0.00889489011395477,0.00563469995950599,0.00728805666268475
"District of Columbia",10,"2-3",5,204,"expedited_i <=  0.500 & married <=  0.500 & total_deductions_by_hh_size > 64.100 & unc_rawben_rel_max <=  0.806",10,5,34,0.294117647058824,3,0.294117647058824,0.0067887565353503,0.0105004744392205,0.0282729399527747,0.0430962521962138,0.0271961330100865,0.0418501778361793,0.6,0.716108439635789,0.0493924440567812,0.0691673306593914,0.0206301816766933,0.0332187563246836,0.00292203166073468,0.0101331026909183,0.00628583353428228,0.00854264561455767
"District of Columbia",10,"2-3",6,265,"rawben_rel_max >   0.202 & rawben_rel_max <=   0.802 & total_deductions_by_hh_size >  28.900 & total_deductions_by_hh_size <= 279.000",1,0,33,0.0303030303030303,4,0.0303030303030303,0.0154760348169696,0.0216041005219919,0.0624131402114427,0.0773894221591291,0.0483521351088995,0.0553187032666293,0.4,0.673271717223475,0.127125545646741,0.131613499378636,0.0196734928596531,0.0303683324584345,0.0104784255599473,0.0141803611240258,0.0378334598379109,0.0449438213443788
"District of Columbia",10,"2-3",7,198,"expedited_i <  1.000 & married <  1.000 & rawben_rel_max <  0.836 & total_deductions_by_hh_size >= 32.500",4,2,42,0.0952380952380952,5,0.0952380952380952,0.00193383867166434,0.0100348124415614,0.0125697179738375,0.0415188321733729,0.0113559770038988,0.0369336930940942,0.4,0.579796645148301,0.0091163467410456,0.0657971170810753,0.00569120465208486,0.027830576371647,0.00566658423284058,0.00815366833824713,0.00289435600578869,0.0136615388246312
"District of Columbia",10,"2-3",8,266,"rawben_rel_max >   0.398 & rawben_rel_max <=   0.802 & shelter_expenses_by_hh_size > 141.000",7,3,36,0.194444444444444,6,0.194444444444444,0.00246127924225844,0.0169785757207832,0.0465381669789528,0.0694108362786956,0.0298815135875839,0.0544249918720205,0.6,0.810148242008427,0.0672902942534743,0.116497149288615,0.020256633675164,0.0274763231412339,0.00129762608769116,0.00844185685339857,0.00290678863978507,0.0136255935788959
"District of Columbia",10,"2-3",9,268,"rawben_rel_max > 0.157 & rawben_rel_max <= 0.799 & total_deductions_by_hh_size > 0.667",2,1,46,0.0434782608695652,7,0.0434782608695652,0.00158172396489304,0.0113861436246808,0.0121167764184644,0.0350410510675222,0.0190222320286919,0.0372166820389009,0.25,0.548214734611793,0.00923765822916375,0.0610437346413602,0.00923679990379057,0.024184650977502,0.00259631702930666,0.00676832552864676,0.00412269576199067,0.0128281528614084
"District of Columbia",10,"2-3",10,201,"expedited_i <=   0.500 & married <=   0.500 & shelter_expenses_by_hh_size > 277.000 & unc_rawben_rel_max >   0.217",12,6,24,0.5,8,0.5,0.0282557932869489,0.0435756154558748,0.0983887229641293,0.117693468927664,0.0343940137519063,0.0385189601176177,0.666666666666667,0.833555089491765,0.199058972827786,0.233518254728063,0.0333604380116008,0.0405470917348878,0.00510919315286241,0.0114191684267188,0.0217068415806368,0.0348804970490638
"District of Columbia",10,"2-3",12,275,"shelter_expenses_by_hh_size > 135.000 & total_deductions_by_hh_size >  28.900 & total_deductions_by_hh_size <= 279.000 & unc_rawben_rel_max <=   0.802",3,0,39,0.0769230769230769,9,0.0769230769230769,0.00765433435650764,0.0249436984321457,0.0462734641626986,0.0869977121003884,0.0449537728146212,0.0776844416101639,0.6,0.79269773149333,0.053657093338859,0.183078548167117,0.0248381429949938,0.0480749211295612,0.00335081139007957,0.0101349622869825,0.00413158936713006,0.040443217750079
"District of Columbia",10,"2-3",15,260,"rawben_rel_max <=   0.804 & shelter_expenses_by_hh_size <= 612.000 & total_deductions_by_hh_size >  30.900",2,0,49,0.0408163265306122,10,0.0408163265306122,0.00427109493232491,0.0174464401997127,0.0316264525021836,0.0569325041562639,0.0251631789641368,0.0373633235138575,0.5,0.708582375478927,0.0339841895909473,0.0978177649408245,0.0260567487384943,0.0325369991632899,0.00254321628696912,0.00917321454816354,0.00411058386453064,0.0146950984217931
"District of Columbia",10,"2-3",16,200,"expedited_i <=   0.500 & married <=   0.500 & shelter_expenses_by_hh_size > 247.000 & unc_rawben_rel_max >   0.129",3,0,27,0.111111111111111,11,0.111111111111111,0.00513966122524306,0.0346064542607148,0.0194673958155399,0.0991833020679899,0.0113583453819197,0.0359936139841394,0,0.765453767982377,0.0232736120589414,0.189862605482126,0.0119995752362748,0.0356048291569832,0.00491896612298648,0.0123120984832546,0.00969864999598084,0.024301826678837
"District of Columbia",10,"2-3",17,257,"rawben_rel_max <   0.839 & total_deductions_by_hh_size >=  32.500 & total_deductions_by_hh_size < 251.000",1,0,47,0.0212765957446809,12,0.0212765957446809,0.00392037204965539,0.0224730958431363,0.0277992894207808,0.0861622251173169,0.016826964118032,0.051576729647934,0.25,0.683962710375551,0.0219289136474666,0.160935029908206,0.0203696326437697,0.0382799373380657,0.00728751699625491,0.0133608101440825,0.0069215147098303,0.0343197994691393
"District of Columbia",10,"2-3",18,258,"rawben_rel_max <   0.859 & shelter_expenses_by_hh_size < 572.000 & total_deductions_by_hh_size >=  65.200",1,0,42,0.0238095238095238,13,0.0238095238095238,0.00631871422885038,0.0176396894248461,0.0185964406867774,0.0611240545067195,0.0175559935309076,0.0438156084244082,0,0.661890480050437,0.0360327862974328,0.111177503523086,0.00915310705377217,0.0289876437872067,0.000187449123619336,0.00783483293366065,0.00141851012392563,0.0152039079747652
"District of Columbia",10,"2-3",21,216,"married <=   0.500 & rawben_rel_max >   0.181 & shelter_expenses_by_hh_size > 176.000 & unc_rawben_rel_max <=   0.804",2,0,39,0.0512820512820513,14,0.0512820512820513,0.00780859014789519,0.0166801707005947,0.0202170915662871,0.0536416414878123,0.0257684114826972,0.0443710540320503,0.6,0.824786598016086,0.0542009326830487,0.101323242562956,0.0195292587319165,0.0298486740311359,0.00852971676053761,0.0208651101452282,0.00665676263333448,0.0192029517594804
"District of Columbia",10,"2-3",25,274,"shelter_expenses_by_hh_size <= 612.000 & total_deductions_by_hh_size >  31.800 & unc_rawben_rel_max <=   0.855",2,0,56,0.0357142857142857,15,0.0357142857142857,0.00146869595975008,0.0175280819394272,0.00811229635927777,0.0544529221307081,0.00559218808070877,0.034843231878527,0.5,0.771159914173924,0.0075468133667632,0.0971655679200255,0.00612239392885832,0.0276346892183996,0.00281916177869932,0.00823090836385487,0.0017101141989012,0.0145947031482423
"District of Columbia",10,"2-3",26,151,"cat_elig <=   1.5 & shelter_expenses_by_hh_size > 234.0 & shelter_expenses_by_hh_size <= 565.0 & total_deductions_by_hh_size >  33.2",1,0,10,0.1,16,0.1,0.00752283940270153,0.0381482818278885,0.0437445946162835,0.0905095562990237,0.0225748166982162,0.0391052713486504,0.6,0.787639866678944,0.06753806756462,0.186470571577648,0.030767305180953,0.0447453013680817,0.00277806761268785,0.0125237536100236,0.00305678426295538,0.0173911439121071
"Florida",5,"1",1,129,"total_deductions_by_hh_size > 336.000 & unc_rawben_rel_max >   0.891 & unc_rawben_rel_max <=   0.991 & utilities <=  29.500",1,1,1,1,0,NA,NA,NA,NA,NA,NA,NA,NA,NA,NA,NA,NA,NA,NA,NA,NA,NA
"Florida",5,"1",2,97,"rawben_rel_max <=   0.991 & total_deductions_by_hh_size > 604.000 & unc_rawben_rel_max >   0.985 & utilities <= 368.000",4,2,5,0.8,1,0.8,0.0127158687163596,0.0127158687163596,0.163516295148934,0.163516295148934,0.255639097744361,0.255639097744361,0.4,0.4,0.396967062940312,0.396967062940312,0.168546365914787,0.168546365914787,0.137218045112782,0.137218045112782,0.050125313283208,0.050125313283208
"Florida",5,"1",3,107,"rawben_rel_max >   0.751 & rawben_rel_max <=   0.992 & shelter_expenses_by_hh_size > 832.000 & utilities <=  29.500",4,0,5,0.8,2,0.8,0.00867618625741169,0.012160435329147,0.0711428518153715,0.097403683009613,0.153809523809524,0.16453392741112,0.666666666666667,0.771075837742504,0.190546102041443,0.257439151985496,0.0928571428571429,0.109560939385501,0.0687719298245614,0.0866726074445373,0.0628571428571429,0.0855063584888146
"Florida",5,"1",4,99,"rawben_rel_max <=   0.992 & shelter_expenses_by_hh_size > 906.000 & unc_rawben_rel_max >   0.557 & utilities <=  29.500",2,1,5,0.4,3,0.4,0.00744753511476359,0.0151395133264894,0.0513635978766078,0.0963198939470812,0.015,0.113289125591757,0.4,0.4996632996633,0.0449755276135022,0.223231492894453,0.0577380952380953,0.0951359459254196,0.0483333333333333,0.0843811549074707,0.0261904761904762,0.0489437292726766
"Florida",5,"1",11,85,"rawben_rel_max <    1.000 & shelter_expenses_by_hh_size >= 1180.000 & unc_rawben_rel_max >=    0.986 & utilities <  645.000",2,1,4,0.5,4,0.5,0.010856152752278,0.0224789915392606,0.0565515090282776,0.137108815446743,0.166188197767145,0.269897292291446,0,0.365067650676507,0.262128947705193,0.468075265012473,0.0759170653907496,0.114865974479977,0.0781499202551834,0.14842439459938,0.0555023923444976,0.116012431279473
"Florida",5,"1",17,30,"elderly_disabled_i >=   1.00 & rawben_rel_max >=   1.00 & unc_rawben_rel_max >=   1.52 & utilities < 313.00",3,2,3,1,5,1,0.174718740909851,0.182921809560381,0.172434974561211,0.21507129322138,0.666131621187801,0.732075776361832,0.666666666666667,0.666666666666667,0.78869753149737,0.857964602609613,0.309925093632959,0.364415779354051,0.287319422150883,0.359337505460762,0.0698672114402451,0.14262483589479
"Florida",5,"1",19,116,"rawben_rel_max >=   0.988 & rawben_rel_max <   0.992 & total_deductions_by_hh_size >= 198.000 & utilities < 452.000",6,2,13,0.461538461538462,6,0.461538461538462,0.0157689736798224,0.0742444781589999,0.0860233855938913,0.157326230832576,0.0654338549075391,0.344667448248096,0.4,0.598063623789765,0.123090396260085,0.492100911287363,0.0299099099099099,0.170750491383495,0.0578473210052157,0.188737122479237,0.0225225225225225,0.0909294382882005
"Florida",5,"1",20,24,"elderly_disabled_i >   0.500 & rawben_rel_max >   0.881 & shelter_expenses_by_hh_size > 474.000 & utilities <=  28.500",4,1,9,0.444444444444444,7,0.444444444444444,0.0661786740593378,0.0864026945216862,0.0974578848227915,0.146417738751372,0.180823680823681,0.356456412921036,0.4,0.622329176693648,0.358555222067946,0.535968802922699,0.0788288288288288,0.156443722474757,0.0205920205920206,0.168456282377076,0.036036036036036,0.0864801986277857
"Florida",5,"1",22,54,"medical_deductions > 200.000 & rawben_rel_max >   0.473 & rawben_rel_max <=   0.991 & utilities <= 392.000",1,0,1,1,8,1,0.00805269973493106,0.0590575258111844,0.125425759844104,0.163872041236903,0.560428352881183,0.648960453214552,0.4,0.605675805675806,0.486645912641334,0.658707514716769,0.0963979416809605,0.191768549866261,0.0264812975835816,0.148087415225786,0.12189951240195,0.231649597542085
"Florida",5,"1",36,96,"rawben_rel_max <=   0.991 & total_deductions_by_hh_size > 272.000 & unc_rawben_rel_max >   0.913 & utilities <= 346.000",4,0,12,0.333333333333333,9,0.333333333333333,0.00594880947905322,0.0512231602913938,0.0709667898411926,0.136995312465114,0.085612968591692,0.298352184969394,0,0.531579812592471,0.0956686072790567,0.415391029471695,0.0722637531148169,0.128974313460325,0.0195238095238095,0.124322814429416,0.0202634245187437,0.0875241219130388
"Florida",5,"1",38,115,"rawben_rel_max >=   0.594 & rawben_rel_max <   1.000 & total_deductions_by_hh_size >= 925.000 & utilities < 379.000",1,1,4,0.25,10,0.25,0.00492840058797442,0.0448206533459089,0.0857462693529655,0.145872506858437,0.284160756501182,0.390458314689289,0,0.458144454517981,0.305839930294904,0.500998827308529,0.0356394129979036,0.161101081043863,0.0245614035087719,0.13743251623926,0.0725366876310272,0.179826947303814
"Florida",5,"2-3",6,226,"medical_deductions > 143 & shelter_expenses_by_hh_size <= 738 & total_deductions_by_hh_size > 503",3,3,3,1,0,NA,NA,NA,NA,NA,NA,NA,NA,NA,NA,NA,NA,NA,NA,NA,NA,NA
"Florida",5,"2-3",7,154,"cat_elig >   0.5 & medical_deductions > 104.0 & total_deductions_by_hh_size > 546.0 & utilities <= 560.0",2,2,4,0.5,1,0.5,0.026330114546735,0.026330114546735,0.123493189030077,0.123493189030077,0.204651162790698,0.204651162790698,0.6,0.6,0.398638408838625,0.398638408838625,0.10594315245478,0.10594315245478,0.0976744186046512,0.0976744186046512,0.0997416020671834,0.0997416020671834
"Florida",5,"2-3",37,142,"HH_size_n >   2.500 & total_deductions_by_hh_size > 440.000 & unc_rawben_rel_max >   0.640 & unc_rawben_rel_max <=   0.996",5,2,5,1,2,1,0.12682659719471,0.138242018398615,0.255862143676486,0.288036640992346,0.499569336778639,0.501527721111564,0.833333333333333,0.845864661654135,0.820611082363957,0.852559835391162,0.3,0.341343669250646,0.0964685615848407,0.101650120132372,0.162962962962963,0.215458542998323
"Florida",5,"2-3",40,254,"rawben_rel_max <   0.678 & total_deductions_by_hh_size >= 584.000 & utilities < 417.000",1,0,2,0.5,3,0.5,0.058882677295372,0.0736203390750007,0.206417293341635,0.239612382268309,0.211583924349882,0.333300346363187,0.6,0.762162162162162,0.675898639139477,0.739482704535739,0.255713159968479,0.280144072820965,0.094956658786446,0.128362107778238,0.0912529550827423,0.130746085026144
"Florida",5,"4+",26,514,"rawben_rel_max >=   0.366 & shelter_expenses_by_hh_size >= 472.000 & total_deductions_by_hh_size >= 236.000 & total_deductions_by_hh_size < 255.000",1,0,1,1,0,NA,NA,NA,NA,NA,NA,NA,NA,NA,NA,NA,NA,NA,NA,NA,NA,NA
"Florida",5,"4+",34,303,"HH_size_n >   4.5 & medical_deductions <= 157.0 & total_deductions_by_hh_size > 362.0",1,0,1,1,1,1,0.00318700082167901,0.00318700082167901,0.168855995580253,0.168855995580253,NA,NA,0.833333333333333,0.833333333333333,0.452485834227518,0.452485834227518,NA,NA,NA,NA,NA,NA
"Florida",10,"1",1,129,"total_deductions_by_hh_size > 336.000 & unc_rawben_rel_max >   0.891 & unc_rawben_rel_max <=   0.991 & utilities <=  29.500",1,1,1,1,0,NA,NA,NA,NA,NA,NA,NA,NA,NA,NA,NA,NA,NA,NA,NA,NA,NA
"Florida",10,"1",2,97,"rawben_rel_max <=   0.991 & total_deductions_by_hh_size > 604.000 & unc_rawben_rel_max >   0.985 & utilities <= 368.000",4,2,5,0.8,1,0.8,0.0127158687163596,0.0127158687163596,0.163516295148934,0.163516295148934,0.255639097744361,0.255639097744361,0.4,0.4,0.396967062940312,0.396967062940312,0.168546365914787,0.168546365914787,0.137218045112782,0.137218045112782,0.050125313283208,0.050125313283208
"Florida",10,"1",3,107,"rawben_rel_max >   0.751 & rawben_rel_max <=   0.992 & shelter_expenses_by_hh_size > 832.000 & utilities <=  29.500",4,0,5,0.8,2,0.8,0.00867618625741169,0.012160435329147,0.0711428518153715,0.097403683009613,0.153809523809524,0.16453392741112,0.666666666666667,0.771075837742504,0.190546102041443,0.257439151985496,0.0928571428571429,0.109560939385501,0.0687719298245614,0.0866726074445373,0.0628571428571429,0.0855063584888146
"Florida",10,"1",4,99,"rawben_rel_max <=   0.992 & shelter_expenses_by_hh_size > 906.000 & unc_rawben_rel_max >   0.557 & utilities <=  29.500",2,1,5,0.4,3,0.4,0.00744753511476359,0.0151395133264894,0.0513635978766078,0.0963198939470812,0.015,0.113289125591757,0.4,0.4996632996633,0.0449755276135022,0.223231492894453,0.0577380952380953,0.0951359459254196,0.0483333333333333,0.0843811549074707,0.0261904761904762,0.0489437292726766
"Florida",10,"1",11,85,"rawben_rel_max <    1.000 & shelter_expenses_by_hh_size >= 1180.000 & unc_rawben_rel_max >=    0.986 & utilities <  645.000",2,1,4,0.5,4,0.5,0.010856152752278,0.0224789915392606,0.0565515090282776,0.137108815446743,0.166188197767145,0.269897292291446,0,0.365067650676507,0.262128947705193,0.468075265012473,0.0759170653907496,0.114865974479977,0.0781499202551834,0.14842439459938,0.0555023923444976,0.116012431279473
"Florida",10,"1",17,30,"elderly_disabled_i >=   1.00 & rawben_rel_max >=   1.00 & unc_rawben_rel_max >=   1.52 & utilities < 313.00",3,2,3,1,5,1,0.174718740909851,0.182921809560381,0.172434974561211,0.21507129322138,0.666131621187801,0.732075776361832,0.666666666666667,0.666666666666667,0.78869753149737,0.857964602609613,0.309925093632959,0.364415779354051,0.287319422150883,0.359337505460762,0.0698672114402451,0.14262483589479
"Florida",10,"1",19,116,"rawben_rel_max >=   0.988 & rawben_rel_max <   0.992 & total_deductions_by_hh_size >= 198.000 & utilities < 452.000",6,2,13,0.461538461538462,6,0.461538461538462,0.0157689736798224,0.0742444781589999,0.0860233855938913,0.157326230832576,0.0654338549075391,0.344667448248096,0.4,0.598063623789765,0.123090396260085,0.492100911287363,0.0299099099099099,0.170750491383495,0.0578473210052157,0.188737122479237,0.0225225225225225,0.0909294382882005
"Florida",10,"1",20,24,"elderly_disabled_i >   0.500 & rawben_rel_max >   0.881 & shelter_expenses_by_hh_size > 474.000 & utilities <=  28.500",4,1,9,0.444444444444444,7,0.444444444444444,0.0661786740593378,0.0864026945216862,0.0974578848227915,0.146417738751372,0.180823680823681,0.356456412921036,0.4,0.622329176693648,0.358555222067946,0.535968802922699,0.0788288288288288,0.156443722474757,0.0205920205920206,0.168456282377076,0.036036036036036,0.0864801986277857
"Florida",10,"1",22,54,"medical_deductions > 200.000 & rawben_rel_max >   0.473 & rawben_rel_max <=   0.991 & utilities <= 392.000",1,0,1,1,8,1,0.00805269973493106,0.0590575258111844,0.125425759844104,0.163872041236903,0.560428352881183,0.648960453214552,0.4,0.605675805675806,0.486645912641334,0.658707514716769,0.0963979416809605,0.191768549866261,0.0264812975835816,0.148087415225786,0.12189951240195,0.231649597542085
"Florida",10,"1",27,111,"rawben_rel_max >=   0.236 & rawben_rel_max <   1.000 & total_deductions_by_hh_size >= 511.000 & utilities < 249.000",15,2,21,0.714285714285714,9,0.714285714285714,0.0188432163175339,0.0657166029543713,0.095732445460368,0.155891009146638,0.0750394944707741,0.330236849067251,0,0.473801304181051,0.217567974462398,0.498672928386488,0.0690833013107895,0.146999872632762,0.0122590837282781,0.123496478039256,0.0403972015346423,0.091127880850088
"Florida",10,"1",31,88,"rawben_rel_max <   0.992 & shelter_expenses_by_hh_size >= 831.000 & unc_rawben_rel_max >=   0.270 & utilities < 277.000",7,0,24,0.291666666666667,10,0.291666666666667,0.00280982290278927,0.0447329886229027,0.0512496002795779,0.126374341425376,0.0467896174863388,0.272690564308398,0,0.557679180887372,0.0406556337401783,0.39749478524243,0.0492839199233419,0.127035072728439,0.0259757076632222,0.100977584596409,0.0327868852459016,0.121058431530658
"Florida",10,"1",36,96,"rawben_rel_max <=   0.991 & total_deductions_by_hh_size > 272.000 & unc_rawben_rel_max >   0.913 & utilities <= 346.000",2,0,12,0.166666666666667,11,0.166666666666667,0.00594880947905322,0.0425317017097186,0.0709667898411926,0.129367123181375,0.085612968591692,0.225100362905656,0,0.480072028811525,0.0956686072790567,0.378004657681365,0.0722637531148169,0.117339953212426,0.0195238095238095,0.0880515596251291,0.0202634245187437,0.0732750784134962
"Florida",10,"1",38,115,"rawben_rel_max >=   0.594 & rawben_rel_max <   1.000 & total_deductions_by_hh_size >= 925.000 & utilities < 379.000",1,1,4,0.25,12,0.25,0.00492840058797442,0.0410278923348493,0.0857462693529655,0.139752657318907,0.264665613480779,0.365908469277739,0,0.406738868832732,0.305839930294904,0.481470149961767,0.0356394129979036,0.168117299822847,0.0245614035087719,0.124848641844742,0.0725366876310272,0.202985798117542
"Florida",10,"2-3",6,226,"medical_deductions > 143 & shelter_expenses_by_hh_size <= 738 & total_deductions_by_hh_size > 503",3,3,3,1,0,NA,NA,NA,NA,NA,NA,NA,NA,NA,NA,NA,NA,NA,NA,NA,NA,NA
"Florida",10,"2-3",7,154,"cat_elig >   0.5 & medical_deductions > 104.0 & total_deductions_by_hh_size > 546.0 & utilities <= 560.0",2,2,4,0.5,1,0.5,0.026330114546735,0.026330114546735,0.123493189030077,0.123493189030077,0.204651162790698,0.204651162790698,0.6,0.6,0.398638408838625,0.398638408838625,0.10594315245478,0.10594315245478,0.0976744186046512,0.0976744186046512,0.0997416020671834,0.0997416020671834
"Florida",10,"2-3",40,254,"rawben_rel_max <   0.678 & total_deductions_by_hh_size >= 584.000 & utilities < 417.000",2,1,2,1,2,1,0.0752364836060971,0.0875823344451753,0.206417293341635,0.219586419206577,0.433569739952719,0.448610640902107,0.6,0.694736842105263,0.675898639139477,0.715653709606703,0.288416075650118,0.3032891481549,0.140425531914894,0.160009375244147,0.0912529550827423,0.143748535118102
"Florida",10,"4+",26,514,"rawben_rel_max >=   0.366 & shelter_expenses_by_hh_size >= 472.000 & total_deductions_by_hh_size >= 236.000 & total_deductions_by_hh_size < 255.000",1,0,1,1,0,NA,NA,NA,NA,NA,NA,NA,NA,NA,NA,NA,NA,NA,NA,NA,NA,NA
"Florida",10,"4+",30,357,"count_divisible_by_100 <=   0.5 & HH_size_n <=   4.5 & months_since_cert_n >   1.5 & utilities > 175.0",27,11,27,1,1,1,0.0388491376787592,0.0388491376787592,0.21350828871258,0.21350828871258,NA,NA,1,1,0.46350784059035,0.46350784059035,NA,NA,NA,NA,NA,NA
"Florida",10,"4+",34,303,"HH_size_n >   4.5 & medical_deductions <= 157.0 & total_deductions_by_hh_size > 362.0",1,0,1,1,2,1,0.00318700082167901,0.0353113888821108,0.168855995580253,0.173733391090016,NA,NA,0.833333333333333,0.998199915290131,0.452485834227518,0.621197782330369,NA,NA,NA,NA,NA,NA
"Florida",10,"4+",35,300,"HH_size_n <=  4.500 & months_since_cert_n >  1.500 & rawben_rel_max <=  0.993 & utilities > 48.000",2,2,25,0.08,3,0.08,0.00601607739544148,0.00677933531417294,0.0488940929825655,0.0519752399635218,0.0265520179040533,0.0265520179040533,0.4,0.412268008807801,0.0359271683567348,0.0467251584712192,0.0309800935196421,0.0309800935196421,0.0120476124948397,0.0120476124948397,0.00647447364799777,0.00647447364799777
"Georgia",5,"1",2,129,"total_deductions_by_hh_size > 336.000 & unc_rawben_rel_max >   0.891 & unc_rawben_rel_max <=   0.991 & utilities <=  29.500",2,2,2,1,0,NA,NA,NA,NA,NA,NA,NA,NA,NA,NA,NA,NA,NA,NA,NA,NA,NA
"Georgia",5,"1",5,107,"rawben_rel_max >   0.751 & rawben_rel_max <=   0.992 & shelter_expenses_by_hh_size > 832.000 & utilities <=  29.500",4,2,6,0.666666666666667,1,0.666666666666667,0.00867618625741169,0.00867618625741169,0.0711428518153715,0.0711428518153715,0.153809523809524,0.153809523809524,0.857142857142857,0.857142857142857,0.190546102041443,0.190546102041443,0.0928571428571429,0.0928571428571429,0.101428571428571,0.101428571428571,0.0628571428571429,0.0628571428571429
"Georgia",5,"2-3",8,179,"elderly_disabled_i <=   0.500 & shelter_expenses_by_hh_size > 456.000 & shelter_expenses_by_hh_size <= 613.000 & unc_rawben_rel_max >   0.168",15,4,15,1,0,NA,NA,NA,NA,NA,NA,NA,NA,NA,NA,NA,NA,NA,NA,NA,NA,NA
"Georgia",5,"4+",1,298,"HH_size_n <=   8.500 & rawben_rel_max >   0.266 & rawben_rel_max <=   0.750 & shelter_expenses_by_hh_size <= 137.000",19,5,19,1,0,NA,NA,NA,NA,NA,NA,NA,NA,NA,NA,NA,NA,NA,NA,NA,NA,NA
"Georgia",5,"4+",7,529,"shelter_expenses_by_hh_size <= 98.000 & unc_rawben_rel_max <=  0.785",4,1,13,0.307692307692308,1,0.307692307692308,0.00606532328284445,0.00606532328284445,0.0236126478697781,0.0236126478697781,0.0561657708187271,0.0561657708187271,0.8,0.8,0.05657336117333,0.05657336117333,0.058977954350705,0.058977954350705,0.00781029674427349,0.00781029674427349,0.0186522733682198,0.0186522733682198
"Georgia",5,"4+",9,502,"rawben_rel_max <=   0.784 & shelter_expenses_by_hh_size <= 136.000",1,0,24,0.0416666666666667,2,0.0416666666666667,0.0033705630825099,0.00609054789803975,0.0175397373048638,0.0179485225565475,0.0238378320479863,0.0335318136357125,0.5,0.574741408074741,0.0179322954844495,0.0346731198475283,0.024469794344473,0.0354941083679301,0.00545595420011622,0.00777854535545968,0.00529218039101222,0.00974205009571058
"Georgia",10,"1",2,129,"total_deductions_by_hh_size > 336.000 & unc_rawben_rel_max >   0.891 & unc_rawben_rel_max <=   0.991 & utilities <=  29.500",2,2,2,1,0,NA,NA,NA,NA,NA,NA,NA,NA,NA,NA,NA,NA,NA,NA,NA,NA,NA
"Georgia",10,"1",5,107,"rawben_rel_max >   0.751 & rawben_rel_max <=   0.992 & shelter_expenses_by_hh_size > 832.000 & utilities <=  29.500",4,2,6,0.666666666666667,1,0.666666666666667,0.00867618625741169,0.00867618625741169,0.0711428518153715,0.0711428518153715,0.153809523809524,0.153809523809524,0.857142857142857,0.857142857142857,0.190546102041443,0.190546102041443,0.0928571428571429,0.0928571428571429,0.101428571428571,0.101428571428571,0.0628571428571429,0.0628571428571429
"Georgia",10,"2-3",8,179,"elderly_disabled_i <=   0.500 & shelter_expenses_by_hh_size > 456.000 & shelter_expenses_by_hh_size <= 613.000 & unc_rawben_rel_max >   0.168",15,4,15,1,0,NA,NA,NA,NA,NA,NA,NA,NA,NA,NA,NA,NA,NA,NA,NA,NA,NA
"Georgia",10,"2-3",12,171,"children_i >   0.500 & elderly_disabled_i <=   0.500 & rawben_rel_max <=   0.967 & shelter_expenses_by_hh_size > 490.000",6,4,15,0.4,1,0.4,0.0276246398748726,0.0276246398748726,0.11657697774838,0.11657697774838,0.0327128392795773,0.0327128392795773,0.666666666666667,0.666666666666667,0.202902020268269,0.202902020268269,0.0673290808908225,0.0673290808908225,0.0182744657941431,0.0182744657941431,0.0246384857377006,0.0246384857377006
"Georgia",10,"2-3",13,178,"elderly_disabled_i <=   0.500 & medical_deductions <=  22.500 & rawben_rel_max <=   0.907 & shelter_expenses_by_hh_size > 490.000",1,0,13,0.0769230769230769,2,0.0769230769230769,0.00563713735438537,0.0196648556175136,0.0277902729181706,0.070008144034235,0.0194490006580991,0.0201156601621481,0.4,0.535426356589147,0.0291291238942893,0.122184326870329,0.0298200287799872,0.0434082621688309,0.0179653969957081,0.0248865642745656,0.0175448559698277,0.0240857671377091
"Georgia",10,"2-3",16,278,"total_deductions_by_hh_size >   6.900 & total_deductions_by_hh_size <= 193.000 & unc_rawben_rel_max <=   0.892 & utilities <=  20.500",17,3,17,1,3,1,0.0247059727264151,0.042944276725512,0.221672618404337,0.237873736196524,0.123831569664903,0.128308834360292,1,1,0.633130842964635,0.634198317604401,0.0855564222568903,0.0936876525622717,0.00602179034157831,0.0202994910414863,0.0218253968253968,0.0399955347134625
"Georgia",10,"2-3",17,279,"total_deductions_by_hh_size >  4.750 & unc_rawben_rel_max <=  0.701 & utilities <= 43.500",5,1,22,0.227272727272727,4,0.227272727272727,0.00887350370728195,0.0314840904326554,0.0642984218030376,0.207518557345358,0.0707337317397078,0.123964240777137,0.25,0.911416330645161,0.0944441125398412,0.52247002699441,0.0528718459495352,0.11412763397858,0.0291334661354582,0.0373011097020954,0.0074551880660778,0.0202626427769929
"Georgia",10,"2-3",19,177,"elderly_disabled_i <=   0.5 & expedited_i <=   0.5 & shelter_expenses_by_hh_size > 457.0",6,1,25,0.24,5,0.24,0.00451490236205539,0.0201304502095759,0.0514218005366939,0.108717206694046,0.0251395489345585,0.0499530145649288,0.6,0.688809841410997,0.0375119329050213,0.192040813777217,0.0270386769227995,0.0576969553534438,0.0121850659672548,0.020752798732663,0.00432308621824639,0.0200964406380238
"Georgia",10,"4+",1,298,"HH_size_n <=   8.500 & rawben_rel_max >   0.266 & rawben_rel_max <=   0.750 & shelter_expenses_by_hh_size <= 137.000",19,5,19,1,0,NA,NA,NA,NA,NA,NA,NA,NA,NA,NA,NA,NA,NA,NA,NA,NA,NA
"Georgia",10,"4+",7,529,"shelter_expenses_by_hh_size <= 98.000 & unc_rawben_rel_max <=  0.785",4,1,13,0.307692307692308,1,0.307692307692308,0.00606532328284445,0.00606532328284445,0.0236126478697781,0.0236126478697781,0.0561657708187271,0.0561657708187271,0.8,0.8,0.05657336117333,0.05657336117333,0.058977954350705,0.058977954350705,0.00781029674427349,0.00781029674427349,0.0186522733682198,0.0186522733682198
"Georgia",10,"4+",9,502,"rawben_rel_max <=   0.784 & shelter_expenses_by_hh_size <= 136.000",1,0,24,0.0416666666666667,2,0.0416666666666667,0.0033705630825099,0.00609054789803975,0.0175397373048638,0.0179485225565475,0.0238378320479863,0.0335318136357125,0.5,0.574741408074741,0.0179322954844495,0.0346731198475283,0.024469794344473,0.0354941083679301,0.00545595420011622,0.00777854535545968,0.00529218039101222,0.00974205009571058
"Georgia",10,"4+",14,416,"months_since_cert_n <=   3.5 & shelter_expenses_by_hh_size > 251.0 & shelter_expenses_by_hh_size <= 343.0",11,4,11,1,3,1,0.00871646622199268,0.0145488836207248,0.181512178919077,0.184300547172564,0.153384747215081,0.17273789240247,0.75,0.777193761721449,0.529572793212291,0.537572333200148,0.14001572327044,0.14839017457883,0.194766963244931,0.19851053237204,0.0409327567526104,0.0445094210076813
"Idaho",5,"1",3,99,"rawben_rel_max <=   0.992 & shelter_expenses_by_hh_size > 906.000 & unc_rawben_rel_max >   0.557 & utilities <=  29.500",1,1,1,1,0,NA,NA,NA,NA,NA,NA,NA,NA,NA,NA,NA,NA,NA,NA,NA,NA,NA
"Idaho",5,"1",6,2,"cat_elig <=   1.50 & total_deductions_by_hh_size <= 754.00 & unc_rawben_rel_max >   1.93 & utilities <= 451.00",1,0,1,1,1,1,0.175359659285082,0.175359659285082,0.244883822591573,0.244883822591573,0.765441176470588,0.765441176470588,0.666666666666667,0.666666666666667,0.896106677336331,0.896106677336331,0.480147058823529,0.480147058823529,0.342647058823529,0.342647058823529,0.277205882352941,0.277205882352941
"Idaho",5,"1",8,85,"rawben_rel_max <    1.000 & shelter_expenses_by_hh_size >= 1180.000 & unc_rawben_rel_max >=    0.986 & utilities <  645.000",1,0,1,1,2,1,0.0288711933100014,0.0821184427805395,0.145709830949825,0.173765372841279,0.292045454545455,0.45928040523966,0,0.220183486238532,0.512627058878414,0.636861781135831,0.135227272727273,0.259941495363784,0.165909090909091,0.279076926850807,0.131818181818182,0.148685178825492
"Idaho",5,"1",10,30,"elderly_disabled_i >=   1.00 & rawben_rel_max >=   1.00 & unc_rawben_rel_max >=   1.52 & utilities < 313.00",2,1,2,1,3,1,0.0195790577002675,0.154116068633117,0.1649803597748,0.218545191852385,0.149372108393919,0.623680696814195,0.666666666666667,0.666666666666667,0.37416592663363,0.779874971543963,0.282220753469927,0.354255306580288,0.0472571050892267,0.311627918948277,0.0698672114402451,0.121454008231014
"Idaho",5,"1",11,128,"total_deductions_by_hh_size <= 842.00 & unc_rawben_rel_max >   1.93 & utilities <= 606.00",1,1,2,0.5,4,0.5,0.0340106103223219,0.118780934685586,0.0689835173503958,0.15937512594189,0.0751633986928105,0.384612404562395,0.25,0.560625,0.201404591054533,0.562258320349184,0.126633986928105,0.286553821791527,0.0271535580524344,0.179305361008465,0.0599250936329588,0.111969782247041
"Idaho",5,"1",15,54,"medical_deductions > 200.000 & rawben_rel_max >   0.473 & rawben_rel_max <=   0.991 & utilities <= 392.000",1,0,1,1,5,1,0.0150415472649692,0.135499691021812,0.125425759844104,0.184076709333686,0.593138936535163,0.641251125611988,0.666666666666667,0.721879639145826,0.565635618358755,0.758048186560243,0.0963979416809605,0.31508247050691,0.104631217838765,0.301427299596219,0.0543840177580467,0.143196786509374
"Idaho",5,"1",16,21,"elderly_disabled_i >   0.50 & shelter_expenses_by_hh_size <= 852.00 & unc_rawben_rel_max >   1.46 & utilities <=  29.50",1,1,1,1,6,1,0.0150662644594533,0.0933747531309332,0.0513729304223358,0.14659238313644,0.0275391055298524,0.348845305557072,0.4,0.606612685560054,0.113527596928573,0.517442492695586,0.143864287287949,0.245769265429377,0.0702614379084968,0.181865860125355,0.0196078431372549,0.0937312364372473
"Idaho",5,"1",19,111,"rawben_rel_max >=   0.236 & rawben_rel_max <   1.000 & total_deductions_by_hh_size >= 511.000 & utilities < 249.000",4,0,5,0.8,7,0.8,0.0188432163175339,0.133869221824125,0.095732445460368,0.187845735231619,0.211492890995261,0.538610105919135,0.4,0.697274162719189,0.246757803961439,0.701186458973783,0.0930094786729858,0.229361171132245,0.0522511848341233,0.232683277695986,0.0540876777251184,0.15045105293976
"Idaho",5,"1",20,33,"elderly_disabled_i >=   1.00 & unc_rawben_rel_max >=   1.52 & utilities < 379.00",11,5,15,0.733333333333333,8,0.733333333333333,0.0164941895805552,0.131739567252565,0.0556455035702631,0.163934645577924,0.0724525377760558,0.447263594451403,0.25,0.601845509893455,0.108658474161026,0.588069313456864,0.0835335141418055,0.246139856085719,0.0313725490196079,0.205042389602037,0.0186781609195402,0.10247486399148
"Idaho",5,"1",36,27,"elderly_disabled_i >   0.500 & total_deductions_by_hh_size > 438.000 & unc_rawben_rel_max >   0.316 & utilities <= 276.000",4,0,7,0.571428571428571,9,0.571428571428571,0.0402099936901354,0.105438975148202,0.0976913740525535,0.145424293743419,0.110983802926931,0.416548636665537,0.25,0.526886930983847,0.265840984115435,0.493264812257655,0.0373244449073833,0.186977645121398,0.0285714285714286,0.173849262527553,0.007864173740951,0.112544557430924
"Idaho",5,"1",37,11,"cat_elig >=   1.000 & rawben_rel_max <   0.992 & unc_rawben_rel_max >=   0.986 & utilities < 626.000",2,1,3,0.666666666666667,10,0.666666666666667,0.0220768790231713,0.111047724778083,0.108639228684258,0.208550436825966,0.116666666666667,0.508965489844183,0.4,0.628688861487875,0.206174494529441,0.720852163669916,0.0669871794871795,0.20392428560614,0.0410742496050553,0.181084992446919,0.0310897435897436,0.145938761917111
"Idaho",5,"2-3",14,196,"elderly_disabled_i >= 1.000 & married < 1.000 & rawben_rel_max >= 0.901 & unc_rawben_rel_max >= 1.350",2,1,2,1,0,NA,NA,NA,NA,NA,NA,NA,NA,NA,NA,NA,NA,NA,NA,NA,NA,NA
"Idaho",5,"2-3",28,138,"HH_size_n >   2.5 & total_deductions_by_hh_size > 437.0 & utilities <= 722.0",3,1,3,1,1,1,0.100349291810317,0.100349291810317,0.219091843712882,0.219091843712882,0.426801801801802,0.426801801801802,1,1,0.714318284055362,0.714318284055362,0.136583011583012,0.136583011583012,0.0974903474903475,0.0974903474903475,0.138191763191763,0.138191763191763
"Idaho",5,"2-3",33,285,"total_deductions_by_hh_size > 524.000 & unc_rawben_rel_max <=   0.973 & utilities <= 392.000",2,1,2,1,2,1,0.0836153417315345,0.114843517588102,0.188866610248763,0.208641474264895,0.166769041769042,0.269411770396022,0.5,0.659448818897638,0.554655977844876,0.655490088968551,0.0827922077922078,0.114119967958551,0.0357142857142857,0.0942259751314869,0.0342956592956593,0.0595972224909233
"Idaho",5,"2-3",41,259,"rawben_rel_max <   0.904 & total_deductions_by_hh_size >= 353.000 & utilities < 347.000",1,0,1,1,3,1,0.039891441628388,0.0979502113149574,0.102834532254749,0.174179747113027,0.13482800982801,0.269890536534558,0.5,0.610054347826087,0.312927787551748,0.580925011531981,0.0720720720720721,0.119797151047151,0.0723938223938224,0.084365032734598,0.0107493857493857,0.0475579643378557
"Idaho",5,"4+",17,514,"rawben_rel_max >=   0.366 & shelter_expenses_by_hh_size >= 472.000 & total_deductions_by_hh_size >= 236.000 & total_deductions_by_hh_size < 255.000",1,0,1,1,0,NA,NA,NA,NA,NA,NA,NA,NA,NA,NA,NA,NA,NA,NA,NA,NA,NA
"Idaho",5,"4+",21,342,"HH_size_n >=   5.000 & rawben_rel_max <   0.873 & shelter_expenses_by_hh_size < 486.000 & total_deductions_by_hh_size >= 286.000",1,0,1,1,1,1,0.0121134829901905,0.0121134829901905,0.173399538496818,0.173399538496818,NA,NA,0.857142857142857,0.857142857142857,0.514306959582839,0.514306959582839,NA,NA,NA,NA,NA,NA
"Idaho",5,"4+",25,367,"count_divisible_by_100 >   1.500 & shelter_expenses_by_hh_size >  27.100 & unc_rawben_rel_max <=   0.783 & utilities <= 446.000",1,0,1,1,2,1,0.00314567469494092,0.0107824357104958,0.135413509528657,0.144070960250305,NA,NA,0.857142857142857,0.947204968944099,0.366631526765937,0.421097281595832,NA,NA,NA,NA,NA,NA
"Idaho",5,"4+",26,426,"months_since_cert_n >   4.500 & rawben_rel_max <=   0.977 & total_deductions_by_hh_size > 221.000 & utilities <= 454.000",1,0,2,0.5,3,0.5,0.0193493572822286,0.0266726422844351,0.140973157971059,0.159715150666719,0.203117467459425,0.203117467459425,0.666666666666667,0.768761904761905,0.386694664504154,0.46308044730703,0.167443355294874,0.167443355294874,0.339225453961112,0.339225453961112,0.190261931544271,0.190261931544271
"Idaho",5,"4+",27,313,"HH_size_n >   4.500 & rawben_rel_max >   0.478 & total_deductions_by_hh_size > 233.000 & unc_rawben_rel_max <=   0.997",1,0,3,0.333333333333333,4,0.333333333333333,0.004994053076616,0.011657206483646,0.101004926998607,0.114927858486918,0.121403006442377,0.123443062648528,0.666666666666667,0.801156245245702,0.212252664411862,0.277192527999289,0.130241187384044,0.184318669067222,0.0777365491651206,0.21816517867164,0.0172541743970316,0.162657601756068
"Idaho",5,"4+",32,412,"married >=   1 & shelter_expenses_by_hh_size < 454 & total_deductions_by_hh_size >= 232 & total_deductions_by_hh_size < 247",2,0,4,0.5,5,0.5,0.00594261250216889,0.0188907438462636,0.0934641526299938,0.112857416720137,0.248172103487064,0.292089993402889,0.666666666666667,0.829830439638542,0.366537402031839,0.404593326715554,0.169805194805195,0.20142941705363,0.0574675324675325,0.137220870142734,0.0663265306122449,0.111646877150629
"Idaho",5,"4+",34,468,"months_since_cert_n >=   4 & total_deductions_by_hh_size >= 217 & total_deductions_by_hh_size < 261 & utilities < 462",2,0,6,0.333333333333333,6,0.333333333333333,0.00613300726671955,0.011224588503617,0.0689402454366479,0.112270375470638,0.108548931383577,0.162115941463246,0.4,0.661106821106821,0.148029840807852,0.302697068469034,0.0608227542985698,0.130677793342949,0.0943877551020408,0.132798456844747,0.0780170335850876,0.102326606828234
"Idaho",10,"1",3,99,"rawben_rel_max <=   0.992 & shelter_expenses_by_hh_size > 906.000 & unc_rawben_rel_max >   0.557 & utilities <=  29.500",1,1,1,1,0,NA,NA,NA,NA,NA,NA,NA,NA,NA,NA,NA,NA,NA,NA,NA,NA,NA
"Idaho",10,"1",6,2,"cat_elig <=   1.50 & total_deductions_by_hh_size <= 754.00 & unc_rawben_rel_max >   1.93 & utilities <= 451.00",1,0,1,1,1,1,0.175359659285082,0.175359659285082,0.244883822591573,0.244883822591573,0.765441176470588,0.765441176470588,0.666666666666667,0.666666666666667,0.896106677336331,0.896106677336331,0.480147058823529,0.480147058823529,0.342647058823529,0.342647058823529,0.277205882352941,0.277205882352941
"Idaho",10,"1",8,85,"rawben_rel_max <    1.000 & shelter_expenses_by_hh_size >= 1180.000 & unc_rawben_rel_max >=    0.986 & utilities <  645.000",1,0,1,1,2,1,0.0288711933100014,0.0821184427805395,0.145709830949825,0.173765372841279,0.292045454545455,0.45928040523966,0,0.220183486238532,0.512627058878414,0.636861781135831,0.135227272727273,0.259941495363784,0.165909090909091,0.279076926850807,0.131818181818182,0.148685178825492
"Idaho",10,"1",10,30,"elderly_disabled_i >=   1.00 & rawben_rel_max >=   1.00 & unc_rawben_rel_max >=   1.52 & utilities < 313.00",2,1,2,1,3,1,0.0195790577002675,0.154116068633117,0.1649803597748,0.218545191852385,0.149372108393919,0.623680696814195,0.666666666666667,0.666666666666667,0.37416592663363,0.779874971543963,0.282220753469927,0.354255306580288,0.0472571050892267,0.311627918948277,0.0698672114402451,0.121454008231014
"Idaho",10,"1",11,128,"total_deductions_by_hh_size <= 842.00 & unc_rawben_rel_max >   1.93 & utilities <= 606.00",1,1,2,0.5,4,0.5,0.0340106103223219,0.118780934685586,0.0689835173503958,0.15937512594189,0.0751633986928105,0.384612404562395,0.25,0.560625,0.201404591054533,0.562258320349184,0.126633986928105,0.286553821791527,0.0271535580524344,0.179305361008465,0.0599250936329588,0.111969782247041
"Idaho",10,"1",15,54,"medical_deductions > 200.000 & rawben_rel_max >   0.473 & rawben_rel_max <=   0.991 & utilities <= 392.000",1,0,1,1,5,1,0.0150415472649692,0.135499691021812,0.125425759844104,0.184076709333686,0.593138936535163,0.641251125611988,0.666666666666667,0.721879639145826,0.565635618358755,0.758048186560243,0.0963979416809605,0.31508247050691,0.104631217838765,0.301427299596219,0.0543840177580467,0.143196786509374
"Idaho",10,"1",16,21,"elderly_disabled_i >   0.50 & shelter_expenses_by_hh_size <= 852.00 & unc_rawben_rel_max >   1.46 & utilities <=  29.50",1,1,1,1,6,1,0.0150662644594533,0.0933747531309332,0.0513729304223358,0.14659238313644,0.0275391055298524,0.348845305557072,0.4,0.606612685560054,0.113527596928573,0.517442492695586,0.143864287287949,0.245769265429377,0.0702614379084968,0.181865860125355,0.0196078431372549,0.0937312364372473
"Idaho",10,"1",19,111,"rawben_rel_max >=   0.236 & rawben_rel_max <   1.000 & total_deductions_by_hh_size >= 511.000 & utilities < 249.000",4,0,5,0.8,7,0.8,0.0188432163175339,0.133869221824125,0.095732445460368,0.187845735231619,0.211492890995261,0.538610105919135,0.4,0.697274162719189,0.246757803961439,0.701186458973783,0.0930094786729858,0.229361171132245,0.0522511848341233,0.232683277695986,0.0540876777251184,0.15045105293976
"Idaho",10,"1",20,33,"elderly_disabled_i >=   1.00 & unc_rawben_rel_max >=   1.52 & utilities < 379.00",11,5,15,0.733333333333333,8,0.733333333333333,0.0164941895805552,0.131739567252565,0.0556455035702631,0.163934645577924,0.0724525377760558,0.447263594451403,0.25,0.601845509893455,0.108658474161026,0.588069313456864,0.0835335141418055,0.246139856085719,0.0313725490196079,0.205042389602037,0.0186781609195402,0.10247486399148
"Idaho",10,"1",36,27,"elderly_disabled_i >   0.500 & total_deductions_by_hh_size > 438.000 & unc_rawben_rel_max >   0.316 & utilities <= 276.000",4,0,7,0.571428571428571,9,0.571428571428571,0.0402099936901354,0.105438975148202,0.0976913740525535,0.145424293743419,0.110983802926931,0.416548636665537,0.25,0.526886930983847,0.265840984115435,0.493264812257655,0.0373244449073833,0.186977645121398,0.0285714285714286,0.173849262527553,0.007864173740951,0.112544557430924
"Idaho",10,"1",37,11,"cat_elig >=   1.000 & rawben_rel_max <   0.992 & unc_rawben_rel_max >=   0.986 & utilities < 626.000",2,1,3,0.666666666666667,10,0.666666666666667,0.0220768790231713,0.111047724778083,0.108639228684258,0.208550436825966,0.116666666666667,0.508965489844183,0.4,0.628688861487875,0.206174494529441,0.720852163669916,0.0669871794871795,0.20392428560614,0.0410742496050553,0.181084992446919,0.0310897435897436,0.145938761917111
"Idaho",10,"1",55,93,"rawben_rel_max <   1.000 & total_deductions_by_hh_size >= 968.000 & unc_rawben_rel_max >=   0.304 & utilities < 511.000",2,0,3,0.666666666666667,11,0.666666666666667,0.00742504563009864,0.0902084347723487,0.100281010821033,0.17497587973587,0.21703070265815,0.387894293583868,0.4,0.482484131068794,0.347884502455428,0.622612770632461,0.107922934267463,0.168083725660983,0.033201581027668,0.20123901369261,0.042256961406937,0.107712706720765
"Idaho",10,"1",59,1,"cat_elig <=   1.5 & shelter_expenses_by_hh_size <= 832.0 & total_deductions_by_hh_size > 540.0",2,0,7,0.285714285714286,12,0.285714285714286,0.0582266089638288,0.0931254510534499,0.141261661941528,0.222377840577117,0.356862745098039,0.482751560679624,0.833333333333333,0.91528501500079,0.473026312128594,0.690040015851896,0.11128526645768,0.248582549283639,0.0427807486631016,0.191955232728954,0.0265412748171369,0.110603635625507
"Idaho",10,"1",63,59,"medical_deductions > 96.200 & rawben_rel_max >  0.885 & rawben_rel_max <=  0.998 & unc_rawben_rel_max >  0.279",1,0,3,0.333333333333333,13,0.333333333333333,0.0079906657990167,0.0893327125351311,0.129260431656348,0.192051015212585,0.142990799937627,0.50449721129153,0.4,0.862312312312312,0.35519247930077,0.658381456372364,0.0650241696553875,0.23394142194272,0.0309748427672956,0.211433409491356,0.0257656781720953,0.15189995156655
"Idaho",10,"1",64,90,"rawben_rel_max <   0.992 & total_deductions_by_hh_size >= 535.000 & unc_rawben_rel_max >=   0.964 & utilities < 645.000",1,0,5,0.2,14,0.2,0.0100101895060296,0.0884570171368979,0.0714205454704051,0.204718487869643,0.0535353535353535,0.483343810307656,0,0.629988221436985,0.0862848257929783,0.670949961514005,0.0336052836052836,0.222003103772782,0.00912975912975909,0.199958601939924,0.0283605283605284,0.145334668899001
"Idaho",10,"1",66,14,"count_divisible_by_100 <=   0.5 & shelter_expenses_by_hh_size > 544.0 & shelter_expenses_by_hh_size <= 862.0 & total_deductions_by_hh_size > 539.0",14,0,25,0.56,15,0.56,0.00471259584060653,0.0587193538514975,0.0218448904031314,0.141006667618302,0.0477842003853564,0.299300535927166,0.6,0.78989450642994,0.0404748407695712,0.436446085609102,0.0227185146260291,0.160559171147853,0.0298300928358732,0.128761200840555,0.0216275897902189,0.0782563753827852
"Idaho",10,"2-3",14,196,"elderly_disabled_i >= 1.000 & married < 1.000 & rawben_rel_max >= 0.901 & unc_rawben_rel_max >= 1.350",2,1,2,1,0,NA,NA,NA,NA,NA,NA,NA,NA,NA,NA,NA,NA,NA,NA,NA,NA,NA
"Idaho",10,"2-3",28,138,"HH_size_n >   2.5 & total_deductions_by_hh_size > 437.0 & utilities <= 722.0",3,1,3,1,1,1,0.100349291810317,0.100349291810317,0.219091843712882,0.219091843712882,0.426801801801802,0.426801801801802,1,1,0.714318284055362,0.714318284055362,0.136583011583012,0.136583011583012,0.0974903474903475,0.0974903474903475,0.138191763191763,0.138191763191763
"Idaho",10,"2-3",33,285,"total_deductions_by_hh_size > 524.000 & unc_rawben_rel_max <=   0.973 & utilities <= 392.000",2,1,2,1,2,1,0.0836153417315345,0.114843517588102,0.188866610248763,0.208641474264895,0.166769041769042,0.269411770396022,0.5,0.659448818897638,0.554655977844876,0.655490088968551,0.0827922077922078,0.114119967958551,0.0357142857142857,0.0942259751314869,0.0342956592956593,0.0595972224909233
"Idaho",10,"2-3",41,259,"rawben_rel_max <   0.904 & total_deductions_by_hh_size >= 353.000 & utilities < 347.000",1,0,1,1,3,1,0.039891441628388,0.0979502113149574,0.102834532254749,0.174179747113027,0.13482800982801,0.269890536534558,0.5,0.610054347826087,0.312927787551748,0.580925011531981,0.0720720720720721,0.119797151047151,0.0723938223938224,0.084365032734598,0.0107493857493857,0.0475579643378557
"Idaho",10,"2-3",45,255,"rawben_rel_max <   0.703 & total_deductions_by_hh_size < 201.000 & unc_rawben_rel_max >=   0.698 & utilities < 586.000",1,0,1,1,4,1,0.0563100011348811,0.0957221386399748,0.270758767258329,0.277439815297032,NA,NA,0.6,0.743456271397448,0.828175297904783,0.854531751184731,NA,NA,NA,NA,NA,NA
"Idaho",10,"2-3",51,264,"rawben_rel_max <=   0.996 & total_deductions_by_hh_size > 441.000 & utilities <= 451.000",3,0,6,0.5,5,0.5,0.0247177415628912,0.0665931966363071,0.0687803205110812,0.131828954616442,0.0842342342342342,0.176205115543351,0,0.379783950617284,0.170137379806252,0.390409805538876,0.0592342342342342,0.0958824585662821,0.0244047619047619,0.055094590388708,0.0628378378378378,0.0892996271672743
"Idaho",10,"2-3",57,277,"shelter_expenses_by_hh_size >= 559 & total_deductions_by_hh_size >= 414 & utilities < 391",2,0,8,0.25,6,0.25,0.0162892846952138,0.0432973641682622,0.0862857002979552,0.131512811909122,0.0394927012574071,0.118180364745094,0.5,0.550383877159309,0.124092690836069,0.300651380770227,0.0626782531194296,0.0842407835931985,0.0280080213903743,0.0518018738066101,0.00958110516934043,0.0571980106025831
"Idaho",10,"2-3",65,230,"medical_deductions >= 132.000 & rawben_rel_max >=   0.209 & shelter_expenses_by_hh_size >= 225.000 & shelter_expenses_by_hh_size < 408.000",1,0,1,1,7,1,0.0638867338963727,0.0974361179878129,0.204779856640001,0.221574025034765,0.399553036954266,0.424470530860613,0.833333333333333,0.953137648259599,0.748898025500973,0.77909287500171,0.259637640673637,0.274578018035243,0.0784590560709964,0.12072807807327,0.0130597014925373,0.137417769936054
"Idaho",10,"4+",17,514,"rawben_rel_max >=   0.366 & shelter_expenses_by_hh_size >= 472.000 & total_deductions_by_hh_size >= 236.000 & total_deductions_by_hh_size < 255.000",1,0,1,1,0,NA,NA,NA,NA,NA,NA,NA,NA,NA,NA,NA,NA,NA,NA,NA,NA,NA
"Idaho",10,"4+",21,342,"HH_size_n >=   5.000 & rawben_rel_max <   0.873 & shelter_expenses_by_hh_size < 486.000 & total_deductions_by_hh_size >= 286.000",1,0,1,1,1,1,0.0121134829901905,0.0121134829901905,0.173399538496818,0.173399538496818,NA,NA,0.857142857142857,0.857142857142857,0.514306959582839,0.514306959582839,NA,NA,NA,NA,NA,NA
"Idaho",10,"4+",25,367,"count_divisible_by_100 >   1.500 & shelter_expenses_by_hh_size >  27.100 & unc_rawben_rel_max <=   0.783 & utilities <= 446.000",1,0,1,1,2,1,0.00314567469494092,0.0107824357104958,0.135413509528657,0.144070960250305,NA,NA,0.857142857142857,0.947204968944099,0.366631526765937,0.421097281595832,NA,NA,NA,NA,NA,NA
"Idaho",10,"4+",26,426,"months_since_cert_n >   4.500 & rawben_rel_max <=   0.977 & total_deductions_by_hh_size > 221.000 & utilities <= 454.000",1,0,2,0.5,3,0.5,0.0193493572822286,0.0266726422844351,0.140973157971059,0.159715150666719,0.203117467459425,0.203117467459425,0.666666666666667,0.768761904761905,0.386694664504154,0.46308044730703,0.167443355294874,0.167443355294874,0.339225453961112,0.339225453961112,0.190261931544271,0.190261931544271
"Idaho",10,"4+",27,313,"HH_size_n >   4.500 & rawben_rel_max >   0.478 & total_deductions_by_hh_size > 233.000 & unc_rawben_rel_max <=   0.997",1,0,3,0.333333333333333,4,0.333333333333333,0.004994053076616,0.011657206483646,0.101004926998607,0.114927858486918,0.121403006442377,0.123443062648528,0.666666666666667,0.801156245245702,0.212252664411862,0.277192527999289,0.130241187384044,0.184318669067222,0.0777365491651206,0.21816517867164,0.0172541743970316,0.162657601756068
"Idaho",10,"4+",32,412,"married >=   1 & shelter_expenses_by_hh_size < 454 & total_deductions_by_hh_size >= 232 & total_deductions_by_hh_size < 247",2,0,4,0.5,5,0.5,0.00594261250216889,0.0188907438462636,0.0934641526299938,0.112857416720137,0.248172103487064,0.292089993402889,0.666666666666667,0.829830439638542,0.366537402031839,0.404593326715554,0.169805194805195,0.20142941705363,0.0574675324675325,0.137220870142734,0.0663265306122449,0.111646877150629
"Idaho",10,"4+",34,468,"months_since_cert_n >=   4 & total_deductions_by_hh_size >= 217 & total_deductions_by_hh_size < 261 & utilities < 462",2,0,6,0.333333333333333,6,0.333333333333333,0.00613300726671955,0.011224588503617,0.0689402454366479,0.112270375470638,0.108548931383577,0.162115941463246,0.4,0.661106821106821,0.148029840807852,0.302697068469034,0.0608227542985698,0.130677793342949,0.0943877551020408,0.132798456844747,0.0780170335850876,0.102326606828234
"Idaho",10,"4+",38,290,"HH_size_n <   6 & months_since_cert_n >=   4 & total_deductions_by_hh_size >= 232 & utilities < 442",2,0,8,0.25,7,0.25,0.00152647402324814,0.00969373537957547,0.0502160373174142,0.0962271428729458,0.0943535904165825,0.141773033058277,0.4,0.637636584378794,0.0880204793085496,0.237417747432985,0.0596546310832025,0.105596365351484,0.0570024900733562,0.157719000077878,0.0255064270812302,0.132329567009299
"Idaho",10,"4+",44,368,"count_divisible_by_100 >   1.500 & total_deductions_by_hh_size >   6.620 & unc_rawben_rel_max <=   0.903 & utilities <= 454.000",1,1,2,0.5,8,0.5,0.00115648303301987,0.0231950473311161,0.0369950654378766,0.141412971707333,0.161334804191947,0.227199879175606,0.4,0.694315082861338,0.0138300609300779,0.493835770925204,0.194015444015444,0.235908460732008,0.105798105798106,0.145800806217191,0.0275785990071705,0.0927512124008742
"Idaho",10,"4+",49,522,"shelter_expenses_by_hh_size <= 341.000 & total_deductions_by_hh_size > 233.000 & unc_rawben_rel_max <=   0.976",2,0,6,0.333333333333333,9,0.333333333333333,0.00145723535410269,0.00952859601574235,0.0661654207193392,0.104712197058556,0.0877796901893288,0.184295328030738,0.6,0.748241030999652,0.155029361766175,0.278391550860606,0.0447504302925989,0.145678271791385,0.00733844468784229,0.154266229107546,0.0135234816818294,0.1170136211475
"Idaho",10,"4+",54,415,"medical_deductions <= 179.000 & rawben_rel_max >   0.777 & rawben_rel_max <=   0.817 & total_deductions_by_hh_size > 204.000",1,0,1,1,10,1,0.00279553201030809,0.0158709056547838,0.0961267231093585,0.133729813963218,0.107448107448107,0.179632875736949,0.666666666666667,0.788644983335249,0.282725966733983,0.3684739737406,0.139194139194139,0.175620529756411,0.0134310134310135,0.154647058109764,0.0223080223080223,0.0949591493023785
"Idaho",10,"4+",56,322,"HH_size_n >   5.500 & months_since_cert_n >   4.500 & rawben_rel_max <=   0.825 & utilities <= 424.000",5,0,5,1,11,1,0.00321495980027194,0.0116302156002839,0.128442226737179,0.166377450229773,0.156114414269645,0.24297259632198,0.4,0.778455026455027,0.3603575293999,0.49372006830402,0.115057046440623,0.193678364915124,0.0508597139643259,0.117511325236588,0.0486757337151038,0.145502672255461
"Idaho",10,"4+",58,530,"shelter_expenses_by_hh_size >  75.8 & shelter_expenses_by_hh_size <= 258.0 & total_deductions_by_hh_size > 210.0",2,0,3,0.666666666666667,12,0.666666666666667,0.0019675654932844,0.00950422619429466,0.0854739542874625,0.124810192132071,0.090046544933763,0.213697282987154,0.5,0.769511677282378,0.162180654500702,0.334843770504145,0.0666878038469668,0.162875167723593,0.0214542380046502,0.128212627721309,0.0281954887218045,0.0901751284312362
"Idaho",10,"4+",60,465,"months_since_cert_n >=   2.000 & rawben_rel_max <   0.997 & shelter_expenses_by_hh_size < 428.000 & total_deductions_by_hh_size >= 243.000",3,0,6,0.5,13,0.5,0.00707939282603756,0.0181220707829277,0.0570594075076693,0.110959970242281,0.0764750296623881,0.140865101299761,0.4,0.643777923068541,0.111467510290236,0.289353609429995,0.0622877883151856,0.114718813046782,0.0463610101574876,0.11549362045355,0.0395004676239203,0.0826434226265166
"Idaho",10,"4+",67,306,"HH_size_n >   4.500 & married <=   0.500 & shelter_expenses_by_hh_size > 251.000 & unc_rawben_rel_max <=   0.976",4,2,8,0.5,14,0.5,0.000391292290508299,0.00913752189285658,0.0766307366616895,0.112800330879406,0.108314436885865,0.194559874923283,0.666666666666667,0.911072862880092,0.204454637134876,0.35355975542961,0.099244142101285,0.139648587156745,0.0389910203527354,0.0917529829890715,0.0253464008110848,0.0983659616136459
"Illinois",5,"1",1,57,"medical_deductions > 83.900 & unc_rawben_rel_max >  0.452 & unc_rawben_rel_max <=  1.010 & utilities > 22.000",10,7,10,1,0,NA,NA,NA,NA,NA,NA,NA,NA,NA,NA,NA,NA,NA,NA,NA,NA,NA
"Illinois",5,"1",2,129,"total_deductions_by_hh_size > 336.000 & unc_rawben_rel_max >   0.891 & unc_rawben_rel_max <=   0.991 & utilities <=  29.500",3,1,3,1,1,1,0.0438595207667545,0.0438595207667545,0.187368292941197,0.187368292941197,0.532771535580524,0.532771535580524,0.666666666666667,0.666666666666667,0.69538813582207,0.69538813582207,0.106340288924559,0.106340288924559,0.141616364855802,0.141616364855802,0.282236490101659,0.282236490101659
"Illinois",5,"1",5,52,"medical_deductions >  92.900 & rawben_rel_max >   0.460 & rawben_rel_max <=   0.991 & total_deductions_by_hh_size > 544.000",2,2,14,0.142857142857143,2,0.142857142857143,0.00756749638516097,0.00985750554587117,0.039949575750782,0.0504695486454106,0.0333065810593901,0.0633077245976676,0.857142857142857,0.857142857142857,0.042069110540607,0.0809305506136301,0.0182200061473311,0.0233983624527985,0.0468138096873927,0.0498412326759649,0.0123458898261671,0.0292720517546616
"Illinois",5,"1",6,47,"medical_deductions >   93.000 & shelter_expenses_by_hh_size <= 1400.000 & unc_rawben_rel_max >    0.257 & unc_rawben_rel_max <=    0.982",7,3,21,0.333333333333333,3,0.333333333333333,0.00860316876744456,0.0124387532282502,0.0624444478274247,0.0797400262108353,0.0300890778418868,0.0517897169379056,0.4,0.605684610747902,0.0566520453607686,0.0957198172357164,0.0155127037149509,0.0215916571104236,0.0132021851892727,0.0275378048985645,0.0134313644951943,0.0278514687632213
"Illinois",5,"1",9,46,"medical_deductions >   84.000 & rawben_rel_max <=    0.991 & total_deductions_by_hh_size <= 1730.000 & unc_rawben_rel_max >    0.243",1,0,22,0.0454545454545455,4,0.0454545454545455,0.00374122006949489,0.00768015791432061,0.0167775532343915,0.05174857050783,0.0272356422972324,0.042691563466702,0.666666666666667,0.670846749138564,0.0262682492824092,0.0539727872365125,0.0172221093273724,0.0243230288630238,0.00782037052847262,0.0205679257350465,0.0250359942409214,0.0333375003249363
"Illinois",5,"1",12,58,"medical_deductions > 93.000 & rawben_rel_max >  0.307 & utilities > 22.000",2,0,15,0.133333333333333,5,0.133333333333333,0.00396149380398482,0.0105227515191632,0.0446111070240132,0.0653614098105878,0.0437625754527163,0.0670683134784959,0.6,0.743525730643765,0.067584865416468,0.0884917834462741,0.0353701154294186,0.0486456682444939,0.0109967600533638,0.0238104041311546,0.0334374669067034,0.0507099523599752
"Illinois",5,"1",14,41,"married <=   0.500 & rawben_rel_max <=   0.989 & shelter_expenses_by_hh_size <= 851.000 & total_deductions_by_hh_size > 535.000",1,0,11,0.0909090909090909,6,0.0909090909090909,0.0157894544711787,0.0447241303964564,0.136462972373012,0.149909551049377,0.260902255639098,0.27297374194933,0.666666666666667,0.891562837799397,0.434160284501158,0.467846342704377,0.154366197183099,0.174981295157176,0.0514285714285714,0.116725171236715,0.0800804828973843,0.112187124338287
"Illinois",5,"1",17,64,"medical_deductions >= 18.000 & rawben_rel_max >=  0.747 & rawben_rel_max <  0.993",1,0,10,0.1,7,0.1,0.00998069646571037,0.0140519866302459,0.0704733175536813,0.0985196510299302,0.0507349454717876,0.0953838972846321,0.25,0.635483650294158,0.0801499212029288,0.151293249501334,0.0549112142057271,0.0899918379123453,0.0324486945309981,0.0562574988447048,0.035443338074917,0.0652612131190875
"Illinois",5,"1",20,82,"months_since_cert_n >=   8.00 & shelter_expenses_by_hh_size < 648.00 & unc_rawben_rel_max >=   1.82 & utilities < 493.00",2,1,2,1,8,1,0.152554686231637,0.186966430286767,0.226433116894586,0.281388836380185,0.441948051948052,0.490826979767366,0.666666666666667,0.881147614842581,0.810153795830886,0.874653618330421,0.248441558441558,0.333073151121605,0.39012987012987,0.479403949426234,0.0262337662337662,0.123719930269359
"Illinois",5,"1",21,48,"medical_deductions >   93.000 & total_deductions_by_hh_size >  466.000 & total_deductions_by_hh_size <= 1070.000 & unc_rawben_rel_max >    0.243",1,0,13,0.0769230769230769,9,0.0769230769230769,0.0078632490745677,0.0155927787835362,0.0362547434110404,0.0670704269399724,0.0183841105654309,0.059269299987569,0.4,0.675860029041106,0.052937066588648,0.11431274954646,0.0244904167934287,0.0561545769251788,0.0311259217243335,0.0546396264908817,0.0081627870645212,0.0396071607259732
"Illinois",5,"1",23,18,"elderly_disabled_i >    0.500 & medical_deductions >   58.500 & shelter_expenses_by_hh_size <= 1050.000 & unc_rawben_rel_max >    0.488",1,0,16,0.0625,10,0.0625,0.013030179463575,0.0232214449012849,0.0579699073257081,0.0770414537502151,0.0427404148334381,0.0860112844448064,0.4,0.703009386070633,0.106615866758988,0.167669369346481,0.0352321226374009,0.0678192257636265,0.0172752464134133,0.0369289311846701,0.0297837617299062,0.0631144730430478
"Illinois",5,"1",26,51,"medical_deductions >  170.000 & rawben_rel_max <=    0.955 & total_deductions_by_hh_size <= 1660.000 & unc_rawben_rel_max <=    1.010",4,0,12,0.333333333333333,11,0.333333333333333,0.014438077607135,0.0286419850484144,0.057226088491351,0.093345083045115,0.0360360360360361,0.0838468998486312,0.4,0.677148988556292,0.161879101995621,0.22555602706787,0.0400718637712857,0.0669280743258766,0.00549968573224383,0.0444092722987132,0.0140603030776441,0.0394325958308124
"Illinois",5,"1",27,60,"medical_deductions >=  117.0000 & rawben_rel_max >=    0.0996 & shelter_expenses_by_hh_size < 1530.0000 & unc_rawben_rel_max <    1.2500",2,0,26,0.0769230769230769,12,0.0769230769230769,0.00321412963343795,0.0140788239240359,0.0281850070913044,0.0666142815324709,0.0271560926619356,0.0622819036350307,0.4,0.681908794445613,0.0360521079497132,0.109477019283394,0.0171829346959943,0.0458414939716491,0.0154382203162691,0.0330601867876879,0.00714005641213745,0.0356496973032856
"Illinois",5,"2-3",29,156,"cat_elig >   0.50 & shelter_expenses_by_hh_size > 246.00 & unc_rawben_rel_max >   1.63 & utilities <= 748.00",2,2,2,1,0,NA,NA,NA,NA,NA,NA,NA,NA,NA,NA,NA,NA,NA,NA,NA,NA,NA
"Illinois",5,"4+",19,482,"months_since_cert_n >=  11 & total_deductions_by_hh_size >= 228 & total_deductions_by_hh_size < 261",1,0,1,1,0,NA,NA,NA,NA,NA,NA,NA,NA,NA,NA,NA,NA,NA,NA,NA,NA,NA
"Illinois",10,"1",1,57,"medical_deductions > 83.900 & unc_rawben_rel_max >  0.452 & unc_rawben_rel_max <=  1.010 & utilities > 22.000",10,7,10,1,0,NA,NA,NA,NA,NA,NA,NA,NA,NA,NA,NA,NA,NA,NA,NA,NA,NA
"Illinois",10,"1",2,129,"total_deductions_by_hh_size > 336.000 & unc_rawben_rel_max >   0.891 & unc_rawben_rel_max <=   0.991 & utilities <=  29.500",3,1,3,1,1,1,0.0438595207667545,0.0438595207667545,0.187368292941197,0.187368292941197,0.532771535580524,0.532771535580524,0.666666666666667,0.666666666666667,0.69538813582207,0.69538813582207,0.106340288924559,0.106340288924559,0.141616364855802,0.141616364855802,0.282236490101659,0.282236490101659
"Illinois",10,"1",5,52,"medical_deductions >  92.900 & rawben_rel_max >   0.460 & rawben_rel_max <=   0.991 & total_deductions_by_hh_size > 544.000",2,2,14,0.142857142857143,2,0.142857142857143,0.00756749638516097,0.00985750554587117,0.039949575750782,0.0504695486454106,0.0333065810593901,0.0633077245976676,0.857142857142857,0.857142857142857,0.042069110540607,0.0809305506136301,0.0182200061473311,0.0233983624527985,0.0468138096873927,0.0498412326759649,0.0123458898261671,0.0292720517546616
"Illinois",10,"1",6,47,"medical_deductions >   93.000 & shelter_expenses_by_hh_size <= 1400.000 & unc_rawben_rel_max >    0.257 & unc_rawben_rel_max <=    0.982",7,3,21,0.333333333333333,3,0.333333333333333,0.00860316876744456,0.0124387532282502,0.0624444478274247,0.0797400262108353,0.0300890778418868,0.0517897169379056,0.4,0.605684610747902,0.0566520453607686,0.0957198172357164,0.0155127037149509,0.0215916571104236,0.0132021851892727,0.0275378048985645,0.0134313644951943,0.0278514687632213
"Illinois",10,"1",9,46,"medical_deductions >   84.000 & rawben_rel_max <=    0.991 & total_deductions_by_hh_size <= 1730.000 & unc_rawben_rel_max >    0.243",1,0,22,0.0454545454545455,4,0.0454545454545455,0.00374122006949489,0.00768015791432061,0.0167775532343915,0.05174857050783,0.0272356422972324,0.042691563466702,0.666666666666667,0.670846749138564,0.0262682492824092,0.0539727872365125,0.0172221093273724,0.0243230288630238,0.00782037052847262,0.0205679257350465,0.0250359942409214,0.0333375003249363
"Illinois",10,"1",12,58,"medical_deductions > 93.000 & rawben_rel_max >  0.307 & utilities > 22.000",2,0,15,0.133333333333333,5,0.133333333333333,0.00396149380398482,0.0105227515191632,0.0446111070240132,0.0653614098105878,0.0437625754527163,0.0670683134784959,0.6,0.743525730643765,0.067584865416468,0.0884917834462741,0.0353701154294186,0.0486456682444939,0.0109967600533638,0.0238104041311546,0.0334374669067034,0.0507099523599752
"Illinois",10,"1",14,41,"married <=   0.500 & rawben_rel_max <=   0.989 & shelter_expenses_by_hh_size <= 851.000 & total_deductions_by_hh_size > 535.000",1,0,11,0.0909090909090909,6,0.0909090909090909,0.0157894544711787,0.0447241303964564,0.136462972373012,0.149909551049377,0.260902255639098,0.27297374194933,0.666666666666667,0.891562837799397,0.434160284501158,0.467846342704377,0.154366197183099,0.174981295157176,0.0514285714285714,0.116725171236715,0.0800804828973843,0.112187124338287
"Illinois",10,"1",17,64,"medical_deductions >= 18.000 & rawben_rel_max >=  0.747 & rawben_rel_max <  0.993",1,0,10,0.1,7,0.1,0.00998069646571037,0.0140519866302459,0.0704733175536813,0.0985196510299302,0.0507349454717876,0.0953838972846321,0.25,0.635483650294158,0.0801499212029288,0.151293249501334,0.0549112142057271,0.0899918379123453,0.0324486945309981,0.0562574988447048,0.035443338074917,0.0652612131190875
"Illinois",10,"1",20,82,"months_since_cert_n >=   8.00 & shelter_expenses_by_hh_size < 648.00 & unc_rawben_rel_max >=   1.82 & utilities < 493.00",2,1,2,1,8,1,0.152554686231637,0.186966430286767,0.226433116894586,0.281388836380185,0.441948051948052,0.490826979767366,0.666666666666667,0.881147614842581,0.810153795830886,0.874653618330421,0.248441558441558,0.333073151121605,0.39012987012987,0.479403949426234,0.0262337662337662,0.123719930269359
"Illinois",10,"1",21,48,"medical_deductions >   93.000 & total_deductions_by_hh_size >  466.000 & total_deductions_by_hh_size <= 1070.000 & unc_rawben_rel_max >    0.243",1,0,13,0.0769230769230769,9,0.0769230769230769,0.0078632490745677,0.0155927787835362,0.0362547434110404,0.0670704269399724,0.0183841105654309,0.059269299987569,0.4,0.675860029041106,0.052937066588648,0.11431274954646,0.0244904167934287,0.0561545769251788,0.0311259217243335,0.0546396264908817,0.0081627870645212,0.0396071607259732
"Illinois",10,"1",23,18,"elderly_disabled_i >    0.500 & medical_deductions >   58.500 & shelter_expenses_by_hh_size <= 1050.000 & unc_rawben_rel_max >    0.488",1,0,16,0.0625,10,0.0625,0.013030179463575,0.0232214449012849,0.0579699073257081,0.0770414537502151,0.0427404148334381,0.0860112844448064,0.4,0.703009386070633,0.106615866758988,0.167669369346481,0.0352321226374009,0.0678192257636265,0.0172752464134133,0.0369289311846701,0.0297837617299062,0.0631144730430478
"Illinois",10,"1",24,42,"married <=   0.500 & rawben_rel_max >   0.746 & rawben_rel_max <=   0.991 & total_deductions_by_hh_size > 628.000",32,6,42,0.761904761904762,11,0.761904761904762,0.0190289974345927,0.0269431429497755,0.0729000972008732,0.138775563812297,0.161521706474388,0.368743763544647,0.4,0.815443976604826,0.304077640288762,0.447520810812152,0.0779252748855783,0.105038514901623,0.00323180364505064,0.0322788577573859,0.0685402925150559,0.179089537960034
"Illinois",10,"1",26,51,"medical_deductions >  170.000 & rawben_rel_max <=    0.955 & total_deductions_by_hh_size <= 1660.000 & unc_rawben_rel_max <=    1.010",4,0,12,0.333333333333333,12,0.333333333333333,0.0134446097561928,0.0255491773212897,0.057226088491351,0.110876244709114,0.0360360360360361,0.145591304110817,0.4,0.71377942091026,0.161879101995621,0.280413218353446,0.0400718637712857,0.0716591116860528,0.00549968573224383,0.0399290468778934,0.0140603030776441,0.070956301299617
"Illinois",10,"1",27,60,"medical_deductions >=  117.0000 & rawben_rel_max >=    0.0996 & shelter_expenses_by_hh_size < 1530.0000 & unc_rawben_rel_max <    1.2500",2,0,26,0.0769230769230769,13,0.0769230769230769,0.00321412963343795,0.0158655231367174,0.0281850070913044,0.084867995825332,0.0271560926619356,0.116755951968868,0.4,0.71511489107729,0.0360521079497132,0.182388642201655,0.0171829346959943,0.0531730907135497,0.0128951617103276,0.0292390017909335,0.00714005641213745,0.0669335913049586
"Illinois",10,"1",28,15,"count_divisible_by_100 <=   0.50 & medical_deductions >  93.00 & total_deductions_by_hh_size > 554.00 & unc_rawben_rel_max <=   0.99",4,0,21,0.19047619047619,14,0.19047619047619,0.0019492677368022,0.0149955774745862,0.0626183677467017,0.0909053952347267,0.031030022141627,0.111408740288219,0.666666666666667,0.764006439451445,0.0608342508324066,0.167376201620238,0.0169627094628952,0.0500567489864289,0.0043669124609072,0.0284322050110151,0.00748935000687093,0.0568830051441652
"Illinois",10,"1",30,130,"total_deductions_by_hh_size > 628.00 & unc_rawben_rel_max >   0.75 & unc_rawben_rel_max <=   1.01",2,0,44,0.0454545454545455,15,0.0454545454545455,0.00152483580031661,0.0221244961143775,0.0138660481584574,0.122877329454937,0.0134484476174664,0.315980714508148,0.25,0.783690143129384,0.008263799142899,0.38603146723286,0.00428260296315102,0.084241981641249,0.00347551342812011,0.0252543985191832,0.00613823480579348,0.160039991871811
"Illinois",10,"1",36,16,"count_divisible_by_100 <=   0.50 & months_since_cert_n >   3.50 & total_deductions_by_hh_size <= 810.00 & unc_rawben_rel_max >   1.93",1,1,1,1,16,1,0.0520469362651007,0.224405014376096,0.104942974151611,0.234355638273046,0.204545454545454,0.606605201396854,0.666666666666667,0.885120692351806,0.40212500461597,0.878718956178998,0.121212121212121,0.362164280949813,0.106060606060606,0.369768163882279,0.00884092433388206,0.0755088671078763
"Illinois",10,"2-3",29,156,"cat_elig >   0.50 & shelter_expenses_by_hh_size > 246.00 & unc_rawben_rel_max >   1.63 & utilities <= 748.00",2,2,2,1,0,NA,NA,NA,NA,NA,NA,NA,NA,NA,NA,NA,NA,NA,NA,NA,NA,NA
"Illinois",10,"2-3",35,217,"married <= 0.500 & months_since_cert_n > 1.500 & rawben_rel_max > 0.997 & unc_rawben_rel_max > 1.520",1,0,2,0.5,1,0.5,0.0206151664903842,0.0206151664903842,0.0845756880633192,0.0845756880633192,0.107276387690538,0.107276387690538,0.857142857142857,0.857142857142857,0.207785042707486,0.207785042707486,0.144664941041127,0.144664941041127,0.0560828300258844,0.0560828300258844,0.0299108426804716,0.0299108426804716
"Illinois",10,"4+",19,482,"months_since_cert_n >=  11 & total_deductions_by_hh_size >= 228 & total_deductions_by_hh_size < 261",1,0,1,1,0,NA,NA,NA,NA,NA,NA,NA,NA,NA,NA,NA,NA,NA,NA,NA,NA,NA
"Illinois",10,"4+",39,345,"HH_size_n >=   6.000 & months_since_cert_n >=  11.000 & rawben_rel_max <   0.887 & utilities < 388.000",1,0,1,1,1,1,0.0172485811846474,0.0172485811846474,0.149124698245782,0.149124698245782,NA,NA,0.833333333333333,0.833333333333333,0.489934928433827,0.489934928433827,NA,NA,NA,NA,NA,NA
"Indiana",5,"1",1,129,"total_deductions_by_hh_size > 336.000 & unc_rawben_rel_max >   0.891 & unc_rawben_rel_max <=   0.991 & utilities <=  29.500",1,0,1,1,0,NA,NA,NA,NA,NA,NA,NA,NA,NA,NA,NA,NA,NA,NA,NA,NA,NA
"Indiana",5,"1",2,107,"rawben_rel_max >   0.751 & rawben_rel_max <=   0.992 & shelter_expenses_by_hh_size > 832.000 & utilities <=  29.500",1,0,1,1,1,1,0.00867618625741169,0.00867618625741169,0.0711428518153715,0.0711428518153715,0.153809523809524,0.153809523809524,0.857142857142857,0.857142857142857,0.190546102041443,0.190546102041443,0.0928571428571429,0.0928571428571429,0.101428571428571,0.101428571428571,0.0628571428571429,0.0628571428571429
"Indiana",5,"1",9,125,"shelter_expenses_by_hh_size > 878.000 & unc_rawben_rel_max >   0.379 & unc_rawben_rel_max <=   0.991 & utilities <=  29.500",1,0,1,1,2,1,0.0149432126383931,0.0196182447501891,0.0924717312457062,0.108051027558496,0.0290909090909091,0.0876184156476127,0.4,0.522627737226277,0.0882102409184547,0.193597729901067,0.0703463203463203,0.0736708060795652,0.0824242424242424,0.0833829430909723,0.0454545454545455,0.060185799601858
"Indiana",5,"1",10,16,"count_divisible_by_100 <=   0.50 & months_since_cert_n >   3.50 & total_deductions_by_hh_size <= 810.00 & unc_rawben_rel_max >   1.93",1,1,1,1,3,1,0.2018199068666,0.206031304100093,0.237845673597979,0.25041301612578,0.66017316017316,0.714239198709787,0.857142857142857,0.892436974789916,0.892637098210595,0.908957455589085,0.408008658008658,0.441435192258722,0.312121212121212,0.339268652915712,0.235930735930736,0.268487564722859
"Indiana",5,"1",14,128,"total_deductions_by_hh_size <= 842.00 & unc_rawben_rel_max >   1.93 & utilities <= 606.00",1,1,2,0.5,4,0.5,0.00828634809442283,0.160895517152355,0.0444251999705803,0.183953472708846,0.0303030303030303,0.520652820623495,0.6,0.643108504398827,0.0554707833810479,0.680522542466469,0.0593434343434343,0.312969324582228,0.0883838383838384,0.226897631531063,0.0429292929292929,0.188451820255339
"Indiana",5,"1",15,38,"expedited_i <=   0.50 & total_deductions_by_hh_size <= 920.00 & unc_rawben_rel_max >   1.93 & utilities <= 684.00",1,0,3,0.333333333333333,5,0.333333333333333,0.00705866354770226,0.131956059004588,0.0408387604003443,0.150486152873983,0.0515873015873016,0.418052818747535,0.25,0.601788432267884,0.0615319389358749,0.552859863560992,0.0700113378684807,0.261838243115151,0.0345804988662131,0.19269894452869,0.0185528756957328,0.155247663476626
"Indiana",5,"2-3",8,156,"cat_elig >   0.50 & shelter_expenses_by_hh_size > 246.00 & unc_rawben_rel_max >   1.63 & utilities <= 748.00",1,0,1,1,0,NA,NA,NA,NA,NA,NA,NA,NA,NA,NA,NA,NA,NA,NA,NA,NA,NA
"Indiana",5,"4+",11,421,"months_since_cert_n >   4.5 & shelter_expenses_by_hh_size > 101.0 & total_deductions_by_hh_size <= 125.0",23,9,23,1,0,NA,NA,NA,NA,NA,NA,NA,NA,NA,NA,NA,NA,NA,NA,NA,NA,NA
"Indiana",5,"4+",18,430,"months_since_cert_n >   5.5 & months_since_cert_n <=  11.5 & shelter_expenses_by_hh_size > 103.0 & total_deductions_by_hh_size <= 141.0",3,1,15,0.2,1,0.2,0.00229779690797578,0.00229779690797578,0.0466052288465123,0.0466052288465123,0.0186858399633247,0.0186858399633247,0.25,0.25,0.0198920321966838,0.0198920321966838,0.0386019277751664,0.0386019277751664,0.0124649640500687,0.0124649640500687,0.0145424580584135,0.0145424580584135
"Indiana",5,"4+",19,431,"months_since_cert_n >   5.5 & shelter_expenses_by_hh_size > 100.0 & total_deductions_by_hh_size <= 125.0",1,0,16,0.0625,2,0.0625,0.000677843951244969,0.00120706068294014,0.0265212957281826,0.0269167616698414,0.0171248801602838,0.0205446569255844,0,0.109565950273915,0.00933375953830986,0.010705561312093,0.0143233576935662,0.019868884878587,0.0298637702292311,0.035326712754335,0.00266948349799933,0.00904291644395384
"Indiana",5,"4+",21,358,"count_divisible_by_100 <=   0.500 & months_since_cert_n >   5.500 & total_deductions_by_hh_size <= 123.000 & unc_rawben_rel_max <=   0.901",5,1,19,0.263157894736842,3,0.263157894736842,0.000208014402180101,0.00114796871418249,0.0589099003280207,0.0744987281295225,0.0294161123429416,0.0357426041474905,0.6,0.620338320132981,0.0374738538080034,0.0437550308445247,0.0580438833115493,0.0621191392297603,0.010758678319,0.0231616595851764,0.0119842623864072,0.0176487051236607
"Indiana",5,"4+",22,299,"HH_size_n <=   9.5 & months_since_cert_n >   5.5 & shelter_expenses_by_hh_size > 102.0 & shelter_expenses_by_hh_size <= 212.0",2,1,14,0.142857142857143,4,0.142857142857143,0.00350118238557276,0.00483069803975324,0.0415926447516124,0.0651357896716939,0.0670681274033229,0.0749770200397436,0.6,0.674420660070275,0.0631544185558671,0.0857902170939611,0.0315816565986889,0.0514421537849978,0.0084636273372172,0.0170963076978777,0.00585153896231697,0.0116628022224878
"Indiana",5,"4+",24,443,"months_since_cert_n >   5.500 & rawben_rel_max >   0.794 & rawben_rel_max <=   0.975 & total_deductions_by_hh_size > 229.000",1,1,1,1,5,1,0.021874803065871,0.0257693329818619,0.203753345010048,0.2158973988278,0.147429220717735,0.186284641000008,0.833333333333333,0.846850017379215,0.511872873328157,0.621229335969359,0.0926921133618116,0.104001351513665,0.124431583298884,0.137125080107184,0.109411602590602,0.117962370679142
"Indiana",5,"4+",25,392,"expedited_i <=   0.5 & months_since_cert_n >   5.5 & shelter_expenses_by_hh_size > 103.0 & total_deductions_by_hh_size <= 150.0",1,0,19,0.0526315789473684,6,0.0526315789473684,0.000112799806239364,0.00233768241063947,0.0265836020494133,0.0516895327432393,0.0217701513298319,0.038662717865297,0.25,0.441171296415485,0.0150630979926254,0.0393675977245847,0.0396499728086221,0.0599599590669149,0.00753271472757554,0.0197904602098076,0.000542005420054238,0.0147654718501857
"Indiana",10,"1",1,129,"total_deductions_by_hh_size > 336.000 & unc_rawben_rel_max >   0.891 & unc_rawben_rel_max <=   0.991 & utilities <=  29.500",1,0,1,1,0,NA,NA,NA,NA,NA,NA,NA,NA,NA,NA,NA,NA,NA,NA,NA,NA,NA
"Indiana",10,"1",2,107,"rawben_rel_max >   0.751 & rawben_rel_max <=   0.992 & shelter_expenses_by_hh_size > 832.000 & utilities <=  29.500",1,0,1,1,1,1,0.00867618625741169,0.00867618625741169,0.0711428518153715,0.0711428518153715,0.153809523809524,0.153809523809524,0.857142857142857,0.857142857142857,0.190546102041443,0.190546102041443,0.0928571428571429,0.0928571428571429,0.101428571428571,0.101428571428571,0.0628571428571429,0.0628571428571429
"Indiana",10,"1",9,125,"shelter_expenses_by_hh_size > 878.000 & unc_rawben_rel_max >   0.379 & unc_rawben_rel_max <=   0.991 & utilities <=  29.500",1,0,1,1,2,1,0.0149432126383931,0.0196182447501891,0.0924717312457062,0.108051027558496,0.0290909090909091,0.0876184156476127,0.4,0.522627737226277,0.0882102409184547,0.193597729901067,0.0703463203463203,0.0736708060795652,0.0824242424242424,0.0833829430909723,0.0454545454545455,0.060185799601858
"Indiana",10,"1",10,16,"count_divisible_by_100 <=   0.50 & months_since_cert_n >   3.50 & total_deductions_by_hh_size <= 810.00 & unc_rawben_rel_max >   1.93",1,1,1,1,3,1,0.2018199068666,0.206031304100093,0.237845673597979,0.25041301612578,0.66017316017316,0.714239198709787,0.857142857142857,0.892436974789916,0.892637098210595,0.908957455589085,0.408008658008658,0.441435192258722,0.312121212121212,0.339268652915712,0.235930735930736,0.268487564722859
"Indiana",10,"1",14,128,"total_deductions_by_hh_size <= 842.00 & unc_rawben_rel_max >   1.93 & utilities <= 606.00",1,1,2,0.5,4,0.5,0.00828634809442283,0.160895517152355,0.0444251999705803,0.183953472708846,0.0303030303030303,0.520652820623495,0.6,0.643108504398827,0.0554707833810479,0.680522542466469,0.0593434343434343,0.312969324582228,0.0883838383838384,0.226897631531063,0.0429292929292929,0.188451820255339
"Indiana",10,"1",15,38,"expedited_i <=   0.50 & total_deductions_by_hh_size <= 920.00 & unc_rawben_rel_max >   1.93 & utilities <= 684.00",1,0,3,0.333333333333333,5,0.333333333333333,0.00705866354770226,0.131956059004588,0.0408387604003443,0.150486152873983,0.0515873015873016,0.418052818747535,0.25,0.601788432267884,0.0615319389358749,0.552859863560992,0.0700113378684807,0.261838243115151,0.0345804988662131,0.19269894452869,0.0185528756957328,0.155247663476626
"Indiana",10,"1",23,111,"rawben_rel_max >=   0.236 & rawben_rel_max <   1.000 & total_deductions_by_hh_size >= 511.000 & utilities < 249.000",5,2,7,0.714285714285714,6,0.714285714285714,0.0119104171643349,0.134053216594216,0.0820558659723516,0.17288237555964,0.0750394944707741,0.420593394575228,0.4,0.799288643401121,0.209945535787753,0.596091955829362,0.0771270593545475,0.226257396047095,0.0122590837282781,0.233633491637449,0.0403972015346423,0.134269275681778
"Indiana",10,"1",26,88,"rawben_rel_max <   0.992 & shelter_expenses_by_hh_size >= 831.000 & unc_rawben_rel_max >=   0.270 & utilities < 277.000",3,0,7,0.428571428571429,7,0.428571428571429,0.00500034463096369,0.0861612910321744,0.0512496002795779,0.132059464698963,0.0383507203179334,0.326187873025048,0.4,0.622684578418523,0.0334627987560438,0.429690347186733,0.0492839199233419,0.176705388019036,0.0259757076632222,0.15184015416825,0.0191753601589668,0.135379332564529
"Indiana",10,"1",28,26,"elderly_disabled_i >   0.500 & rawben_rel_max >   0.998 & shelter_expenses_by_hh_size <= 676.000 & unc_rawben_rel_max >   1.790",1,1,1,1,8,1,0.027419691294014,0.14536209696219,0.0612606058693689,0.190218543700338,0.049165120593692,0.475559109553788,0.833333333333333,0.855095406957109,0.231821810276446,0.70668142736185,0.133658008658009,0.263060854696863,0.0151515151515151,0.29747007445136,0.0303030303030303,0.209325153805122
"Indiana",10,"1",40,31,"elderly_disabled_i >=   1.00 & shelter_expenses_by_hh_size < 860.00 & unc_rawben_rel_max >=   1.45 & utilities < 462.00",1,0,1,1,9,1,0.00749030933929023,0.140571992950935,0.093762924436936,0.199435577032303,0.0402528276779774,0.448142692014183,0.4,0.707541286522693,0.118560662974493,0.644671312903005,0.0582471420794774,0.254757920086566,0.0184630738522954,0.211821325335759,0.011242820481486,0.155588248628728
"Indiana",10,"2-3",8,156,"cat_elig >   0.50 & shelter_expenses_by_hh_size > 246.00 & unc_rawben_rel_max >   1.63 & utilities <= 748.00",1,0,1,1,0,NA,NA,NA,NA,NA,NA,NA,NA,NA,NA,NA,NA,NA,NA,NA,NA,NA
"Indiana",10,"2-3",30,173,"children_i > 0.500 & months_since_cert_n > 4.500 & months_since_cert_n <= 6.500 & rawben_rel_max <= 0.931",12,4,12,1,1,1,0.221578830730639,0.221578830730639,0.347600910116939,0.347600910116939,0.327021774876675,0.327021774876675,1,1,0.887107272617649,0.887107272617649,0.179181822711645,0.179181822711645,0.0840163934426229,0.0840163934426229,0.0390343862455018,0.0390343862455018
"Indiana",10,"4+",11,421,"months_since_cert_n >   4.5 & shelter_expenses_by_hh_size > 101.0 & total_deductions_by_hh_size <= 125.0",23,9,23,1,0,NA,NA,NA,NA,NA,NA,NA,NA,NA,NA,NA,NA,NA,NA,NA,NA,NA
"Indiana",10,"4+",18,430,"months_since_cert_n >   5.5 & months_since_cert_n <=  11.5 & shelter_expenses_by_hh_size > 103.0 & total_deductions_by_hh_size <= 141.0",3,1,15,0.2,1,0.2,0.00229779690797578,0.00229779690797578,0.0466052288465123,0.0466052288465123,0.0186858399633247,0.0186858399633247,0.25,0.25,0.0198920321966838,0.0198920321966838,0.0386019277751664,0.0386019277751664,0.0124649640500687,0.0124649640500687,0.0145424580584135,0.0145424580584135
"Indiana",10,"4+",19,431,"months_since_cert_n >   5.5 & shelter_expenses_by_hh_size > 100.0 & total_deductions_by_hh_size <= 125.0",1,0,16,0.0625,2,0.0625,0.000677843951244969,0.00120706068294014,0.0265212957281826,0.0269167616698414,0.0171248801602838,0.0205446569255844,0,0.109565950273915,0.00933375953830986,0.010705561312093,0.0143233576935662,0.019868884878587,0.0298637702292311,0.035326712754335,0.00266948349799933,0.00904291644395384
"Indiana",10,"4+",21,358,"count_divisible_by_100 <=   0.500 & months_since_cert_n >   5.500 & total_deductions_by_hh_size <= 123.000 & unc_rawben_rel_max <=   0.901",5,1,19,0.263157894736842,3,0.263157894736842,0.000208014402180101,0.00114796871418249,0.0589099003280207,0.0744987281295225,0.0294161123429416,0.0357426041474905,0.6,0.620338320132981,0.0374738538080034,0.0437550308445247,0.0580438833115493,0.0621191392297603,0.010758678319,0.0231616595851764,0.0119842623864072,0.0176487051236607
"Indiana",10,"4+",22,299,"HH_size_n <=   9.5 & months_since_cert_n >   5.5 & shelter_expenses_by_hh_size > 102.0 & shelter_expenses_by_hh_size <= 212.0",2,1,14,0.142857142857143,4,0.142857142857143,0.00350118238557276,0.00483069803975324,0.0415926447516124,0.0651357896716939,0.0670681274033229,0.0749770200397436,0.6,0.674420660070275,0.0631544185558671,0.0857902170939611,0.0315816565986889,0.0514421537849978,0.0084636273372172,0.0170963076978777,0.00585153896231697,0.0116628022224878
"Indiana",10,"4+",24,443,"months_since_cert_n >   5.500 & rawben_rel_max >   0.794 & rawben_rel_max <=   0.975 & total_deductions_by_hh_size > 229.000",1,1,1,1,5,1,0.021874803065871,0.0257693329818619,0.203753345010048,0.2158973988278,0.147429220717735,0.186284641000008,0.833333333333333,0.846850017379215,0.511872873328157,0.621229335969359,0.0926921133618116,0.104001351513665,0.124431583298884,0.137125080107184,0.109411602590602,0.117962370679142
"Indiana",10,"4+",25,392,"expedited_i <=   0.5 & months_since_cert_n >   5.5 & shelter_expenses_by_hh_size > 103.0 & total_deductions_by_hh_size <= 150.0",1,0,19,0.0526315789473684,6,0.0526315789473684,0.000112799806239364,0.00233768241063947,0.0265836020494133,0.0516895327432393,0.0217701513298319,0.038662717865297,0.25,0.441171296415485,0.0150630979926254,0.0393675977245847,0.0396499728086221,0.0599599590669149,0.00753271472757554,0.0197904602098076,0.000542005420054238,0.0147654718501857
"Indiana",10,"4+",31,418,"months_since_cert_n >   1.500 & percent_abawd <=   0.292 & shelter_expenses_by_hh_size > 101.000 & total_deductions_by_hh_size <=  97.300",15,1,30,0.5,7,0.5,0.0053315403162451,0.00968654262646266,0.0674014583825477,0.0930117047246421,0.0715547519587672,0.0977102045893268,0.25,0.433274034927108,0.117315973122959,0.168036635892594,0.0321863121026509,0.0602711494351781,0.0517312661498708,0.0649303555096175,0.0108000637335384,0.0188884255979758
"Indiana",10,"4+",32,470,"months_since_cert_n >=   5 & shelter_expenses_by_hh_size >= 106 & shelter_expenses_by_hh_size < 169",2,1,14,0.142857142857143,8,0.142857142857143,0.00471396563349891,0.0128545434352133,0.0391538796298145,0.0721581483425477,0.0483229354607308,0.0805181152338536,0.25,0.555863205603626,0.0718707054929836,0.13641200884215,0.0429175497980661,0.0547688505212653,0.0118296283159992,0.0479356499192632,0.0146649373108517,0.0250301124390661
"Indiana",10,"4+",35,474,"months_since_cert_n >=   6 & shelter_expenses_by_hh_size >=  71 & total_deductions_by_hh_size < 122",3,1,18,0.166666666666667,9,0.166666666666667,7.59496011495248e-05,0.00426378145750915,0.0137391151787213,0.0491760006209329,0.0246861767432537,0.0534298825828606,0,0.291893564356436,0.0110881694950667,0.0632141935387535,0.0421562977625216,0.054943716466187,0.00529302698504171,0.0384332184797728,0.00571854549820884,0.0129732293071091
"Indiana",10,"4+",41,472,"months_since_cert_n >=   5.000 & rawben_rel_max <   0.901 & total_deductions_by_hh_size < 126.000",1,0,27,0.037037037037037,10,0.037037037037037,0.0049853984026125,0.00893822230834653,0.0283915067308085,0.0819309122524955,0.0240611374185381,0.0513328984309643,0.5,0.604808548530721,0.0260764415354511,0.0978848522052978,0.0230062356416147,0.0543621265738268,0.0193713128467025,0.042305526145974,0.0025220149127838,0.0122443839932833
"Indiana",10,"4+",45,475,"months_since_cert_n >=   6.0 & total_deductions_by_hh_size >=  24.8 & total_deductions_by_hh_size < 115.0",1,0,18,0.0555555555555556,11,0.0555555555555556,0.00151156247578366,0.00495521254881557,0.0182090221511082,0.054111880532852,0.0506803665648431,0.0822151960913559,0.5,0.591634948096886,0.0638500465253716,0.0982817073615152,0.0507069254732806,0.0666581175981077,0.0126207126207126,0.0341943397522607,0.00494931425163985,0.0176858261346158
"Iowa",5,"1",1,129,"total_deductions_by_hh_size > 336.000 & unc_rawben_rel_max >   0.891 & unc_rawben_rel_max <=   0.991 & utilities <=  29.500",1,0,1,1,0,NA,NA,NA,NA,NA,NA,NA,NA,NA,NA,NA,NA,NA,NA,NA,NA,NA
"Iowa",5,"1",12,111,"rawben_rel_max >=   0.236 & rawben_rel_max <   1.000 & total_deductions_by_hh_size >= 511.000 & utilities < 249.000",2,1,3,0.666666666666667,1,0.666666666666667,0.0345150971946039,0.0345150971946039,0.110540781168869,0.110540781168869,0.0750394944707741,0.0750394944707741,0.666666666666667,0.666666666666667,0.217567974462398,0.217567974462398,0.0771270593545475,0.0771270593545475,0.113687655156849,0.11368765515685,0.0403972015346423,0.0403972015346423
"Iowa",5,"1",13,88,"rawben_rel_max <   0.992 & shelter_expenses_by_hh_size >= 831.000 & unc_rawben_rel_max >=   0.270 & utilities < 277.000",1,0,2,0.5,2,0.5,0.0161216024286172,0.0166287504898952,0.0512496002795779,0.0646872860887207,0.109875097580016,0.155862690557098,0.666666666666667,0.666666666666667,0.207152898280526,0.212669976028388,0.0492839199233419,0.0556609009680469,0.0259757076632222,0.0437464702425494,0.0792349726775956,0.0814517258621755
"Iowa",5,"1",18,8,"cat_elig >=    1.00 & shelter_expenses_by_hh_size < 1720.00 & unc_rawben_rel_max >=    2.49 & utilities <  875.00",2,1,2,1,3,1,0.132227546198424,0.149177901528678,0.233933253894207,0.241003154949876,0.519747235387046,0.557065694855833,0.666666666666667,0.757842473482284,0.861614074634699,0.862283856566724,0.397093206951027,0.411531828813627,0.180952380952381,0.227193415781597,0.0679936808846761,0.0998918342078487
"Iowa",5,"1",26,106,"rawben_rel_max >   0.727 & rawben_rel_max <=   0.991 & shelter_expenses_by_hh_size > 413.000 & utilities <=  28.500",1,0,3,0.333333333333333,4,0.333333333333333,0.00346936427702626,0.0410524081227537,0.0871911538154933,0.133399515509781,0.0307539682539683,0.148096718295479,0.4,0.510408993991084,0.0383864288209702,0.331122795725842,0.0505952380952381,0.100853168999636,0.0496031746031746,0.0880646145140577,0.0138888888888889,0.0544886539994106
"Iowa",5,"1",30,43,"married <=   0.500 & total_deductions_by_hh_size > 505.000 & unc_rawben_rel_max <=   0.992 & utilities <=  29.500",1,0,2,0.5,5,0.5,0.0066385283312272,0.0303632916293764,0.0509204979800433,0.103084872208182,0.0591975508521975,0.151154274233021,0.4,0.761286462228871,0.0674237031921818,0.258951028969814,0.0631038647342995,0.102729814853059,0.0103951000690131,0.0660875427312347,0.0241114561766736,0.0427656284688831
"Iowa",5,"1",40,27,"elderly_disabled_i >   0.500 & total_deductions_by_hh_size > 438.000 & unc_rawben_rel_max >   0.316 & utilities <= 276.000",1,0,3,0.333333333333333,6,0.333333333333333,0.0406646705943131,0.0498815691272406,0.0925828134363655,0.117961198249267,0.0976270106704889,0.162448170941683,0.4,0.684675324675325,0.265840984115435,0.33319156111632,0.0373244449073833,0.0757526987161156,0.0124223602484472,0.0537461636088548,0.007864173740951,0.0376736766099589
"Iowa",5,"1",42,70,"months_since_cert_n >   2.50 & unc_rawben_rel_max >   1.93 & utilities >  14.00 & utilities <= 680.00",2,2,3,0.666666666666667,7,0.666666666666667,0.0697470081119875,0.176901728169214,0.0742241590799984,0.223226500467522,0.155365853658537,0.599169350785301,0.666666666666667,0.753767152117182,0.332218909242574,0.828788997191927,0.101219512195122,0.335410997243331,0.11869918699187,0.303220317832089,0.0924390243902439,0.144375621484289
"Iowa",5,"1",49,20,"elderly_disabled_i >   0.5 & shelter_expenses_by_hh_size <= 850.0 & unc_rawben_rel_max >   1.7",2,0,2,1,8,1,0.0288980162011742,0.172073261684423,0.100205531976515,0.195152252336381,0.117549668874172,0.504630812175271,0.6,0.829052140596369,0.292479857540361,0.730361578425181,0.148804716523986,0.262316495753662,0.0224519463737684,0.241845311304073,0.111573251494104,0.211372107960236
"Iowa",5,"1",50,61,"medical_deductions >= 111.000 & medical_deductions < 130.000 & rawben_rel_max >=   0.274 & shelter_expenses_by_hh_size < 868.000",1,0,1,1,9,1,0.0481796565648686,0.100413445934573,0.148110538973484,0.177827084472225,0.544981684981685,0.624811997366329,0.833333333333333,0.939837600980209,0.625022025115946,0.721811457035933,0.207488151658768,0.276043207580892,0.0715846994535519,0.19752195533258,0.12476821192053,0.296503011808207
"Iowa",5,"1",66,10,"cat_elig >=   1 & rawben_rel_max <   1 & total_deductions_by_hh_size >= 450 & utilities < 277",1,0,6,0.166666666666667,10,0.166666666666667,0.00473287865021471,0.075573015338112,0.0538953730754299,0.143703223098051,0.0388198757763975,0.264411072909164,0.4,0.711582258321389,0.0354649533963027,0.408166997217378,0.0481366459627329,0.143133270160944,0.0212215320910973,0.113810471802253,0.0285103349964363,0.10743286593071
"Iowa",5,"2-3",7,228,"medical_deductions > 366.000 & months_since_cert_n <=  13.500 & rawben_rel_max >   0.301",2,1,2,1,0,NA,NA,NA,NA,NA,NA,NA,NA,NA,NA,NA,NA,NA,NA,NA,NA,NA
"Iowa",5,"2-3",16,142,"HH_size_n >   2.500 & total_deductions_by_hh_size > 440.000 & unc_rawben_rel_max >   0.640 & unc_rawben_rel_max <=   0.996",1,1,1,1,1,1,0.17097322347348,0.17097322347348,0.244814928825499,0.244814928825499,0.481481481481481,0.481481481481481,1,1,0.818890028101491,0.818890028101491,0.314814814814815,0.314814814814815,0.111111111111111,0.111111111111111,0.185185185185185,0.185185185185185
"Iowa",5,"2-3",21,271,"shelter_expenses_by_hh_size < 650 & total_deductions_by_hh_size >= 625",1,1,1,1,2,1,0.0345726466990213,0.0790144046946152,0.162070490008154,0.167204464936397,0.133040935672515,0.227648924571315,0.8,0.877966101694915,0.450742241769901,0.520048022437625,0.191033138401559,0.201291835992996,0.0784600389863548,0.0824495324941356,0.0185185185185186,0.0814005352363961
"Iowa",5,"2-3",25,189,"elderly_disabled_i >=   1 & shelter_expenses_by_hh_size < 640 & total_deductions_by_hh_size >= 493",1,0,1,1,3,1,0.0179137838679965,0.0559548783359801,0.127319359387966,0.175015139109916,0.245791245791246,0.304260840906193,0.333333333333333,0.644859813084112,0.420706189533286,0.541455262598729,0.0725677830940989,0.136694871323499,0.037037037037037,0.0725619864823013,0.0151515151515151,0.153028067194324
"Iowa",5,"2-3",31,138,"HH_size_n >   2.5 & total_deductions_by_hh_size > 437.0 & utilities <= 722.0",1,0,2,0.5,4,0.5,0.0388840403612239,0.0696529277618747,0.0991098447029662,0.150183781247869,0.0660660660660661,0.278535141452238,0.6,0.767320261437909,0.196357838935081,0.485440185049931,0.0895895895895896,0.170489390475631,0.0380380380380381,0.0988721779915451,0.023023023023023,0.0897429937677616
"Iowa",5,"2-3",38,262,"rawben_rel_max <=   0.93 & total_deductions_by_hh_size > 519.00 & utilities <= 560.00",2,0,4,0.5,5,0.5,0.0605747842746233,0.0826500331861029,0.166010288392285,0.199628536874405,0.170461265523359,0.226162462439128,0.5,0.705845511482255,0.464028277469774,0.587886672632193,0.0680070963926671,0.132563634640206,0.0766778013969025,0.119658870514129,0.0156898471505213,0.0677909884639852
"Iowa",5,"2-3",47,259,"rawben_rel_max <   0.904 & total_deductions_by_hh_size >= 353.000 & utilities < 347.000",1,0,1,1,6,1,0.0482629312320348,0.0765832211520436,0.114072969754803,0.174185386117927,0.133237169754024,0.262901206736505,0,0.472206703910615,0.386986320929361,0.579921479883586,0.0720720720720721,0.148101762063411,0.0160028449502134,0.0780826190409129,0.0394776799271181,0.0697852163188697
"Iowa",5,"2-3",60,149,"HH_size_n >=   3.000 & rawben_rel_max >=   0.705 & total_deductions_by_hh_size >= 347.000 & utilities >= 361.000",4,0,5,0.8,7,0.8,0.0166954819691003,0.0770835614650561,0.0984580294365301,0.19903677030045,0.0925925925925926,0.228899345937156,0.6,0.775451388888889,0.21936100348001,0.590308853246149,0.10968660968661,0.147941169416381,0.0233310233310233,0.0680752284595548,0.0683760683760684,0.0938276266133303
"Iowa",5,"2-3",63,219,"married >=   1.000 & rawben_rel_max >=   0.523 & total_deductions_by_hh_size >= 154.000 & utilities <  29.000",1,0,1,1,8,1,0.0433165619016639,0.0807136688842374,0.164409168428473,0.215848398602694,NA,NA,0.6,0.67175203701429,0.576093572535658,0.723590165660018,NA,NA,NA,NA,NA,NA
"Iowa",5,"2-3",71,284,"total_deductions_by_hh_size > 519 & utilities <= 560",4,0,8,0.5,9,0.5,0.0235812888477211,0.0545660644449428,0.0739405888252157,0.157124994968747,0.0400194201692329,0.162819198099661,0.333333333333333,0.529460580912863,0.165354045476952,0.437456660048234,0.0443196004993758,0.11368574817257,0.0229574143431821,0.0700429191410421,0.0143754865977088,0.0539335133075919
"Iowa",5,"4+",17,335,"HH_size_n >=   5 & married <   1 & shelter_expenses_by_hh_size < 293 & total_deductions_by_hh_size >= 212",1,0,1,1,0,NA,NA,NA,NA,NA,NA,NA,NA,NA,NA,NA,NA,NA,NA,NA,NA,NA
"Iowa",5,"4+",19,519,"shelter_expenses_by_hh_size < 341.00 & total_deductions_by_hh_size >= 323.00 & unc_rawben_rel_max <   1.02 & utilities >= 368.00",1,1,1,1,1,1,0.00321546091804085,0.00321546091804085,0.123503932638692,0.123503932638692,0.114263199369582,0.114263199369582,0.666666666666667,0.666666666666667,0.271230684946339,0.271230684946339,0.161544523246651,0.161544523246651,0.0756501182033097,0.0756501182033097,0.0827423167848699,0.0827423167848699
"Iowa",5,"4+",29,313,"HH_size_n >   4.500 & rawben_rel_max >   0.478 & total_deductions_by_hh_size > 233.000 & unc_rawben_rel_max <=   0.997",1,1,1,1,2,1,0.0168636284806313,0.0183971559953892,0.0988005650875252,0.105954187641494,0.120875420875421,0.137855918706983,0.666666666666667,0.666666666666667,0.210226753158591,0.265955605887199,0.0928433268858801,0.0981718990229628,0.0214700193423597,0.0414128188596274,0.00793036750483557,0.0460510175403792
"Iowa",5,"4+",51,402,"expedited_i >   0.500 & rawben_rel_max <=   0.932 & shelter_expenses_by_hh_size <= 155.000 & unc_rawben_rel_max >   0.654",1,0,1,1,3,1,0.00790661243498384,0.0196233581993882,0.169929912594725,0.191730196560954,0.269090909090909,0.297573092428025,0.857142857142857,0.935064935064935,0.555146158685472,0.620692186161925,0.121818181818182,0.146151351335104,0.142127659574468,0.168871214751292,0.0629787234042553,0.0819186057870777
"Iowa",5,"4+",55,522,"shelter_expenses_by_hh_size <= 341.000 & total_deductions_by_hh_size > 233.000 & unc_rawben_rel_max <=   0.976",4,1,5,0.8,4,0.8,0.00298370937735083,0.0157186491321345,0.0661654207193392,0.106527738681653,0.110664881749219,0.175978079146776,0.25,0.593025362318841,0.155029361766175,0.290346687226997,0.0761343245321712,0.120255207094368,0.00733844468784229,0.0530476369639126,0.0307776560788609,0.055337382946413
"Iowa",5,"4+",61,415,"medical_deductions <= 179.000 & rawben_rel_max >   0.777 & rawben_rel_max <=   0.817 & total_deductions_by_hh_size > 204.000",1,0,1,1,5,1,0.000287207735289383,0.0145620050356939,0.0961267231093585,0.116251215750199,0.188085676037483,0.245761622112985,0.666666666666667,0.801296053589632,0.33101624820495,0.379957476570162,0.16969696969697,0.181803394797789,0.0838095238095238,0.228892330186705,0.0476190476190476,0.0989635479611938
"Iowa",5,"4+",62,403,"expedited_i >   0.500 & shelter_expenses_by_hh_size <= 295.000 & total_deductions_by_hh_size >   6.940 & unc_rawben_rel_max <=   0.937",1,0,1,1,6,1,0.000968614737322106,0.0131165651302197,0.105963379911381,0.12544035709423,0.0979487179487179,0.25716721637335,0.25,0.515130467430073,0.155664838936772,0.422560163621402,0.0642735042735043,0.200262773408,0.0366300366300366,0.229141790569545,0.0341880341880342,0.0900869790823881
"Iowa",5,"4+",65,307,"HH_size_n >   4.500 & married <=   0.500 & total_deductions_by_hh_size > 223.000 & unc_rawben_rel_max <=   0.983",1,0,1,1,7,1,0.0055016362099708,0.0109683279570833,0.0441091358820673,0.0976622598127701,0.08,0.17313561831074,0.4,0.633596757852077,0.092959720576807,0.29976621021983,0.0807228915662651,0.133365274908883,0.0518181818181818,0.119161589961287,0.0144444444444444,0.073440437282439
"Iowa",5,"4+",67,517,"rawben_rel_max >=   0.832 & rawben_rel_max <   0.843 & utilities >= 410.000",1,0,1,1,8,1,0.00751418541054405,0.0265638156750011,0.101998055804561,0.152693185778172,0.202564102564103,0.285604373855299,0.6,0.914784205693297,0.40683265933994,0.542382724669163,0.176190476190476,0.266735354011076,0.02,0.130988263418494,0.0283687943262411,0.0621803454636386
"Iowa",5,"4+",72,372,"count_divisible_by_100 >=   1.000 & married >=   1.000 & rawben_rel_max >=   0.511 & utilities >= 367.000",1,1,1,1,9,1,0.00218992321753935,0.0141491647873388,0.0963398091932826,0.115316805531129,0.113240418118467,0.209951238392397,0.6,0.940780585439079,0.302305555033321,0.418003332844048,0.165853658536585,0.240859197246013,0.0308641975308642,0.134837414951378,0.025293586269196,0.0909646859796522
"Iowa",10,"1",1,129,"total_deductions_by_hh_size > 336.000 & unc_rawben_rel_max >   0.891 & unc_rawben_rel_max <=   0.991 & utilities <=  29.500",1,0,1,1,0,NA,NA,NA,NA,NA,NA,NA,NA,NA,NA,NA,NA,NA,NA,NA,NA,NA
"Iowa",10,"1",12,111,"rawben_rel_max >=   0.236 & rawben_rel_max <   1.000 & total_deductions_by_hh_size >= 511.000 & utilities < 249.000",2,1,3,0.666666666666667,1,0.666666666666667,0.0345150971946039,0.0345150971946039,0.110540781168869,0.110540781168869,0.0750394944707741,0.0750394944707741,0.666666666666667,0.666666666666667,0.217567974462398,0.217567974462398,0.0771270593545475,0.0771270593545475,0.113687655156849,0.11368765515685,0.0403972015346423,0.0403972015346423
"Iowa",10,"1",13,88,"rawben_rel_max <   0.992 & shelter_expenses_by_hh_size >= 831.000 & unc_rawben_rel_max >=   0.270 & utilities < 277.000",1,0,2,0.5,2,0.5,0.0161216024286172,0.0166287504898952,0.0512496002795779,0.0646872860887207,0.109875097580016,0.155862690557098,0.666666666666667,0.666666666666667,0.207152898280526,0.212669976028388,0.0492839199233419,0.0556609009680469,0.0259757076632222,0.0437464702425494,0.0792349726775956,0.0814517258621755
"Iowa",10,"1",18,8,"cat_elig >=    1.00 & shelter_expenses_by_hh_size < 1720.00 & unc_rawben_rel_max >=    2.49 & utilities <  875.00",2,1,2,1,3,1,0.132227546198424,0.149177901528678,0.233933253894207,0.241003154949876,0.519747235387046,0.557065694855833,0.666666666666667,0.757842473482284,0.861614074634699,0.862283856566724,0.397093206951027,0.411531828813627,0.180952380952381,0.227193415781597,0.0679936808846761,0.0998918342078487
"Iowa",10,"1",26,106,"rawben_rel_max >   0.727 & rawben_rel_max <=   0.991 & shelter_expenses_by_hh_size > 413.000 & utilities <=  28.500",1,0,3,0.333333333333333,4,0.333333333333333,0.00346936427702626,0.0410524081227537,0.0871911538154933,0.133399515509781,0.0307539682539683,0.148096718295479,0.4,0.510408993991084,0.0383864288209702,0.331122795725842,0.0505952380952381,0.100853168999636,0.0496031746031746,0.0880646145140577,0.0138888888888889,0.0544886539994106
"Iowa",10,"1",30,43,"married <=   0.500 & total_deductions_by_hh_size > 505.000 & unc_rawben_rel_max <=   0.992 & utilities <=  29.500",1,0,2,0.5,5,0.5,0.0066385283312272,0.0303632916293764,0.0509204979800433,0.103084872208182,0.0591975508521975,0.151154274233021,0.4,0.761286462228871,0.0674237031921818,0.258951028969814,0.0631038647342995,0.102729814853059,0.0103951000690131,0.0660875427312347,0.0241114561766736,0.0427656284688831
"Iowa",10,"1",40,27,"elderly_disabled_i >   0.500 & total_deductions_by_hh_size > 438.000 & unc_rawben_rel_max >   0.316 & utilities <= 276.000",1,0,3,0.333333333333333,6,0.333333333333333,0.0406646705943131,0.0498815691272406,0.0925828134363655,0.117961198249267,0.0976270106704889,0.162448170941683,0.4,0.684675324675325,0.265840984115435,0.33319156111632,0.0373244449073833,0.0757526987161156,0.0124223602484472,0.0537461636088548,0.007864173740951,0.0376736766099589
"Iowa",10,"1",42,70,"months_since_cert_n >   2.50 & unc_rawben_rel_max >   1.93 & utilities >  14.00 & utilities <= 680.00",2,2,3,0.666666666666667,7,0.666666666666667,0.0697470081119875,0.176901728169214,0.0742241590799984,0.223226500467522,0.155365853658537,0.599169350785301,0.666666666666667,0.753767152117182,0.332218909242574,0.828788997191927,0.101219512195122,0.335410997243331,0.11869918699187,0.303220317832089,0.0924390243902439,0.144375621484289
"Iowa",10,"1",49,20,"elderly_disabled_i >   0.5 & shelter_expenses_by_hh_size <= 850.0 & unc_rawben_rel_max >   1.7",2,0,2,1,8,1,0.0288980162011742,0.172073261684423,0.100205531976515,0.195152252336381,0.117549668874172,0.504630812175271,0.6,0.829052140596369,0.292479857540361,0.730361578425181,0.148804716523986,0.262316495753662,0.0224519463737684,0.241845311304073,0.111573251494104,0.211372107960236
"Iowa",10,"1",50,61,"medical_deductions >= 111.000 & medical_deductions < 130.000 & rawben_rel_max >=   0.274 & shelter_expenses_by_hh_size < 868.000",1,0,1,1,9,1,0.0481796565648686,0.100413445934573,0.148110538973484,0.177827084472225,0.544981684981685,0.624811997366329,0.833333333333333,0.939837600980209,0.625022025115946,0.721811457035933,0.207488151658768,0.276043207580892,0.0715846994535519,0.19752195533258,0.12476821192053,0.296503011808207
"Iowa",10,"1",66,10,"cat_elig >=   1 & rawben_rel_max <   1 & total_deductions_by_hh_size >= 450 & utilities < 277",1,0,6,0.166666666666667,10,0.166666666666667,0.00473287865021471,0.075573015338112,0.0538953730754299,0.143703223098051,0.0388198757763975,0.264411072909164,0.4,0.711582258321389,0.0354649533963027,0.408166997217378,0.0481366459627329,0.143133270160944,0.0212215320910973,0.113810471802253,0.0285103349964363,0.10743286593071
"Iowa",10,"1",78,59,"medical_deductions > 96.200 & rawben_rel_max >  0.885 & rawben_rel_max <=  0.998 & unc_rawben_rel_max >  0.279",1,0,2,0.5,11,0.5,0.0216333389418328,0.0784023788156381,0.129523751245087,0.16908045414281,0.17404958677686,0.510508956215993,0.666666666666667,0.81004619880177,0.47344063827043,0.645096789649866,0.112231404958678,0.191831608635391,0.0650078988941548,0.154363125253764,0.0302665426085053,0.222438672901174
"Iowa",10,"1",79,90,"rawben_rel_max <   0.992 & total_deductions_by_hh_size >= 535.000 & unc_rawben_rel_max >=   0.964 & utilities < 645.000",1,0,1,1,12,1,0.013420497210488,0.0738624035797168,0.13319476529999,0.203936192013894,0.255837059115748,0.405240194361867,0.4,0.553906085491683,0.432928783912057,0.655162012565764,0.0606060606060606,0.159734771990885,0.0383838383838384,0.149155360125749,0.0137085137085137,0.105164816755702
"Iowa",10,"1",88,81,"months_since_cert_n >=   7.00000 & shelter_expenses_by_hh_size >= 405.00000 & unc_rawben_rel_max >=  -0.00400 & unc_rawben_rel_max <   0.00356",2,0,2,1,13,1,0.0437181785201063,0.120994510756687,0.199163512259409,0.252629173621758,0.107201986754967,0.575241685079685,0.666666666666667,0.858445146014207,0.714900806212373,0.840239022108238,0.485518292682927,0.594972035441794,0.0637417218543046,0.243281638524055,0.00374999999999999,0.299054959471674
"Iowa",10,"2-3",7,228,"medical_deductions > 366.000 & months_since_cert_n <=  13.500 & rawben_rel_max >   0.301",2,1,2,1,0,NA,NA,NA,NA,NA,NA,NA,NA,NA,NA,NA,NA,NA,NA,NA,NA,NA
"Iowa",10,"2-3",16,142,"HH_size_n >   2.500 & total_deductions_by_hh_size > 440.000 & unc_rawben_rel_max >   0.640 & unc_rawben_rel_max <=   0.996",1,1,1,1,1,1,0.17097322347348,0.17097322347348,0.244814928825499,0.244814928825499,0.481481481481481,0.481481481481481,1,1,0.818890028101491,0.818890028101491,0.314814814814815,0.314814814814815,0.111111111111111,0.111111111111111,0.185185185185185,0.185185185185185
"Iowa",10,"2-3",21,271,"shelter_expenses_by_hh_size < 650 & total_deductions_by_hh_size >= 625",1,1,1,1,2,1,0.0345726466990213,0.0790144046946152,0.162070490008154,0.167204464936397,0.133040935672515,0.227648924571315,0.8,0.877966101694915,0.450742241769901,0.520048022437625,0.191033138401559,0.201291835992996,0.0784600389863548,0.0824495324941356,0.0185185185185186,0.0814005352363961
"Iowa",10,"2-3",25,189,"elderly_disabled_i >=   1 & shelter_expenses_by_hh_size < 640 & total_deductions_by_hh_size >= 493",1,0,1,1,3,1,0.0179137838679965,0.0559548783359801,0.127319359387966,0.175015139109916,0.245791245791246,0.304260840906193,0.333333333333333,0.644859813084112,0.420706189533286,0.541455262598729,0.0725677830940989,0.136694871323499,0.037037037037037,0.0725619864823013,0.0151515151515151,0.153028067194324
"Iowa",10,"2-3",31,138,"HH_size_n >   2.5 & total_deductions_by_hh_size > 437.0 & utilities <= 722.0",1,0,2,0.5,4,0.5,0.0388840403612239,0.0696529277618747,0.0991098447029662,0.150183781247869,0.0660660660660661,0.278535141452238,0.6,0.767320261437909,0.196357838935081,0.485440185049931,0.0895895895895896,0.170489390475631,0.0380380380380381,0.0988721779915451,0.023023023023023,0.0897429937677616
"Iowa",10,"2-3",38,262,"rawben_rel_max <=   0.93 & total_deductions_by_hh_size > 519.00 & utilities <= 560.00",2,0,4,0.5,5,0.5,0.0605747842746233,0.0826500331861029,0.166010288392285,0.199628536874405,0.170461265523359,0.226162462439128,0.5,0.705845511482255,0.464028277469774,0.587886672632193,0.0680070963926671,0.132563634640206,0.0766778013969025,0.119658870514129,0.0156898471505213,0.0677909884639852
"Iowa",10,"2-3",47,259,"rawben_rel_max <   0.904 & total_deductions_by_hh_size >= 353.000 & utilities < 347.000",1,0,1,1,6,1,0.0482629312320348,0.0765832211520436,0.114072969754803,0.174185386117927,0.133237169754024,0.262901206736505,0,0.472206703910615,0.386986320929361,0.579921479883586,0.0720720720720721,0.148101762063411,0.0160028449502134,0.0780826190409129,0.0394776799271181,0.0697852163188697
"Iowa",10,"2-3",60,149,"HH_size_n >=   3.000 & rawben_rel_max >=   0.705 & total_deductions_by_hh_size >= 347.000 & utilities >= 361.000",4,0,5,0.8,7,0.8,0.0166954819691003,0.0770835614650561,0.0984580294365301,0.19903677030045,0.0925925925925926,0.228899345937156,0.6,0.775451388888889,0.21936100348001,0.590308853246149,0.10968660968661,0.147941169416381,0.0233310233310233,0.0680752284595548,0.0683760683760684,0.0938276266133303
"Iowa",10,"2-3",63,219,"married >=   1.000 & rawben_rel_max >=   0.523 & total_deductions_by_hh_size >= 154.000 & utilities <  29.000",1,0,1,1,8,1,0.0433165619016639,0.0807136688842374,0.164409168428473,0.215848398602694,NA,NA,0.6,0.67175203701429,0.576093572535658,0.723590165660018,NA,NA,NA,NA,NA,NA
"Iowa",10,"2-3",71,284,"total_deductions_by_hh_size > 519 & utilities <= 560",4,0,8,0.5,9,0.5,0.0235812888477211,0.0545660644449428,0.0739405888252157,0.157124994968747,0.0400194201692329,0.162819198099661,0.333333333333333,0.529460580912863,0.165354045476952,0.437456660048234,0.0443196004993758,0.11368574817257,0.0229574143431821,0.0700429191410421,0.0143754865977088,0.0539335133075919
"Iowa",10,"2-3",76,192,"elderly_disabled_i >=   1.000 & HH_size_n >=   3.000 & total_deductions_by_hh_size >= 290.000 & unc_rawben_rel_max <   0.976",1,0,1,1,10,1,0.0291497123890927,0.0606804887763233,0.143973506150947,0.203587567153636,0.166602366255144,0.228058755073232,0.4,0.749070010449321,0.505439673023616,0.623815220596368,0.0865384615384615,0.123553433214626,0.0393518518518518,0.0999491980213966,0.0201655982905983,0.0675958106336839
"Iowa",10,"2-3",85,141,"HH_size_n >   2.500 & rawben_rel_max >   0.581 & total_deductions_by_hh_size > 338.000 & utilities >  29.500",2,1,7,0.285714285714286,11,0.285714285714286,0.0199764949362646,0.0618793327442553,0.0641619522125864,0.164597610751541,0.0611916264090177,0.176003373301002,0,0.678969873663751,0.123549352739734,0.483575924709921,0.0485878855444073,0.132611990190749,0.0196488294314382,0.0526738400241504,0.0275988548935409,0.0504679230540524
"Iowa",10,"2-3",94,250,"percent_abawd >=  0.500 & rawben_rel_max <  0.739 & total_deductions_by_hh_size >=  8.500 & utilities < 44.000",1,0,1,1,12,1,0.0442032703223736,0.0896922898688343,0.15953112691976,0.267380281428075,0.308236808236808,0.387026236113083,0.25,0.621290763387067,0.546538406029003,0.786477162940926,0.231990231990232,0.285373155141363,0.0254182754182754,0.0588976877364504,0.0401785714285714,0.0726486374214856
"Iowa",10,"2-3",112,222,"medical_deductions > 128.000 & rawben_rel_max >   0.156 & shelter_expenses_by_hh_size > 249.000 & utilities > 434.000",2,1,5,0.4,13,0.4,0.0183658850112154,0.14549170079736,0.119543195519765,0.21018779518611,0.182804232804233,0.411778634725154,0.6,0.902588383838384,0.262820201349638,0.728041924006609,0.0992063492063492,0.224314142870321,0.0272321428571428,0.0976991014605929,0.0191964285714286,0.0727511626373813
"Iowa",10,"2-3",113,270,"shelter_expenses_by_hh_size < 622 & total_deductions_by_hh_size >= 466 & utilities < 612",1,0,5,0.2,14,0.2,0.0185047685990344,0.0591361413021462,0.080319423052212,0.146166012132147,0.0918655882159532,0.194992503514064,0.333333333333333,0.638067144261835,0.233805816363987,0.434917687107069,0.0744394029065562,0.120185292588796,0.0258950295446646,0.0728163637217674,0.0325763719924304,0.0891522545022631
"Iowa",10,"4+",17,335,"HH_size_n >=   5 & married <   1 & shelter_expenses_by_hh_size < 293 & total_deductions_by_hh_size >= 212",1,0,1,1,0,NA,NA,NA,NA,NA,NA,NA,NA,NA,NA,NA,NA,NA,NA,NA,NA,NA
"Iowa",10,"4+",19,519,"shelter_expenses_by_hh_size < 341.00 & total_deductions_by_hh_size >= 323.00 & unc_rawben_rel_max <   1.02 & utilities >= 368.00",1,1,1,1,1,1,0.00321546091804085,0.00321546091804085,0.123503932638692,0.123503932638692,0.114263199369582,0.114263199369582,0.666666666666667,0.666666666666667,0.271230684946339,0.271230684946339,0.161544523246651,0.161544523246651,0.0756501182033097,0.0756501182033097,0.0827423167848699,0.0827423167848699
"Iowa",10,"4+",29,313,"HH_size_n >   4.500 & rawben_rel_max >   0.478 & total_deductions_by_hh_size > 233.000 & unc_rawben_rel_max <=   0.997",1,1,1,1,2,1,0.0168636284806313,0.0183971559953892,0.0988005650875252,0.105954187641494,0.120875420875421,0.137855918706983,0.666666666666667,0.666666666666667,0.210226753158591,0.265955605887199,0.0928433268858801,0.0981718990229628,0.0214700193423597,0.0414128188596274,0.00793036750483557,0.0460510175403792
"Iowa",10,"4+",51,402,"expedited_i >   0.500 & rawben_rel_max <=   0.932 & shelter_expenses_by_hh_size <= 155.000 & unc_rawben_rel_max >   0.654",1,0,1,1,3,1,0.00790661243498384,0.0196233581993882,0.169929912594725,0.191730196560954,0.269090909090909,0.297573092428025,0.857142857142857,0.935064935064935,0.555146158685472,0.620692186161925,0.121818181818182,0.146151351335104,0.142127659574468,0.168871214751292,0.0629787234042553,0.0819186057870777
"Iowa",10,"4+",55,522,"shelter_expenses_by_hh_size <= 341.000 & total_deductions_by_hh_size > 233.000 & unc_rawben_rel_max <=   0.976",4,1,5,0.8,4,0.8,0.00298370937735083,0.0157186491321345,0.0661654207193392,0.106527738681653,0.110664881749219,0.175978079146776,0.25,0.593025362318841,0.155029361766175,0.290346687226997,0.0761343245321712,0.120255207094368,0.00733844468784229,0.0530476369639126,0.0307776560788609,0.055337382946413
"Iowa",10,"4+",61,415,"medical_deductions <= 179.000 & rawben_rel_max >   0.777 & rawben_rel_max <=   0.817 & total_deductions_by_hh_size > 204.000",1,0,1,1,5,1,0.000287207735289383,0.0145620050356939,0.0961267231093585,0.116251215750199,0.188085676037483,0.245761622112985,0.666666666666667,0.801296053589632,0.33101624820495,0.379957476570162,0.16969696969697,0.181803394797789,0.0838095238095238,0.228892330186705,0.0476190476190476,0.0989635479611938
"Iowa",10,"4+",62,403,"expedited_i >   0.500 & shelter_expenses_by_hh_size <= 295.000 & total_deductions_by_hh_size >   6.940 & unc_rawben_rel_max <=   0.937",1,0,1,1,6,1,0.000968614737322106,0.0131165651302197,0.105963379911381,0.12544035709423,0.0979487179487179,0.25716721637335,0.25,0.515130467430073,0.155664838936772,0.422560163621402,0.0642735042735043,0.200262773408,0.0366300366300366,0.229141790569545,0.0341880341880342,0.0900869790823881
"Iowa",10,"4+",65,307,"HH_size_n >   4.500 & married <=   0.500 & total_deductions_by_hh_size > 223.000 & unc_rawben_rel_max <=   0.983",1,0,1,1,7,1,0.0055016362099708,0.0109683279570833,0.0441091358820673,0.0976622598127701,0.08,0.17313561831074,0.4,0.633596757852077,0.092959720576807,0.29976621021983,0.0807228915662651,0.133365274908883,0.0518181818181818,0.119161589961287,0.0144444444444444,0.073440437282439
"Iowa",10,"4+",67,517,"rawben_rel_max >=   0.832 & rawben_rel_max <   0.843 & utilities >= 410.000",1,0,1,1,8,1,0.00751418541054405,0.0265638156750011,0.101998055804561,0.152693185778172,0.202564102564103,0.285604373855299,0.6,0.914784205693297,0.40683265933994,0.542382724669163,0.176190476190476,0.266735354011076,0.02,0.130988263418494,0.0283687943262411,0.0621803454636386
"Iowa",10,"4+",72,372,"count_divisible_by_100 >=   1.000 & married >=   1.000 & rawben_rel_max >=   0.511 & utilities >= 367.000",1,1,1,1,9,1,0.00218992321753935,0.0141491647873388,0.0963398091932826,0.115316805531129,0.113240418118467,0.209951238392397,0.6,0.940780585439079,0.302305555033321,0.418003332844048,0.165853658536585,0.240859197246013,0.0308641975308642,0.134837414951378,0.025293586269196,0.0909646859796522
"Iowa",10,"4+",74,465,"months_since_cert_n >=   2.000 & rawben_rel_max <   0.997 & shelter_expenses_by_hh_size < 428.000 & total_deductions_by_hh_size >= 243.000",2,0,6,0.333333333333333,10,0.333333333333333,0.00908973652530274,0.0234361156262737,0.0570594075076693,0.113388093051506,0.0832095505308907,0.147995964396121,0.6,0.737328522569249,0.111467510290236,0.327971006262813,0.0492237442922374,0.121409720245152,0.0415981735159817,0.110950537937508,0.0347945205479452,0.0688648997379827
"Iowa",10,"4+",75,362,"count_divisible_by_100 >   0.500 & HH_size_n >   4.500 & rawben_rel_max <=   0.948 & shelter_expenses_by_hh_size > 178.000",2,1,2,1,11,1,0.00222855827661998,0.0144127652650517,0.0634229022007782,0.0980601237465542,0.124887082204155,0.184648408689659,0.833333333333333,0.901283471050913,0.187253990009086,0.36136325401075,0.0855916892502258,0.163578025571911,0.0123456790123457,0.131879060199342,0.00925925925925925,0.0622113024842539
"Iowa",10,"4+",77,497,"rawben_rel_max <   0.873 & shelter_expenses_by_hh_size < 486.000 & total_deductions_by_hh_size >= 286.000",4,2,5,0.8,12,0.8,0.00209539494088871,0.0125830895332122,0.0770857439190851,0.112577888933446,0.0560609786083108,0.149044078407745,0.25,0.601521661296097,0.107967815675782,0.289998698517436,0.0550364724202934,0.126803491325543,0.0271699041062208,0.104684030135347,0.0141791656421605,0.0515059107734607
"Iowa",10,"4+",81,467,"months_since_cert_n >=   4 & total_deductions_by_hh_size >= 217 & total_deductions_by_hh_size < 261",1,0,2,0.5,13,0.5,0.00311258211686379,0.0161599760924671,0.0920132913311823,0.12942835234376,0.110099622122982,0.175459368068233,0.6,0.814659108801764,0.226981910258814,0.376809846617462,0.0955045340536369,0.146804610682357,0.0354929577464788,0.124810176264572,0.0243226426834097,0.0528372685789822
"Iowa",10,"4+",82,306,"HH_size_n >   4.500 & married <=   0.500 & shelter_expenses_by_hh_size > 251.000 & unc_rawben_rel_max <=   0.976",3,0,5,0.6,14,0.6,0.000391292290508299,0.011151607145717,0.0524795697804754,0.0955592148165115,0.0833333333333333,0.178183193671006,0.4,0.876522835367601,0.153626955782559,0.321003654438804,0.0702138758476787,0.144988796667687,0.0389910203527354,0.0908807438797855,0.0162329615861214,0.0669766094662821
"Iowa",10,"4+",83,484,"months_since_cert_n >=  3.000 & rawben_rel_max >=  0.794 & total_deductions_by_hh_size >= 27.000 & unc_rawben_rel_max <  0.821",1,1,2,0.5,15,0.5,0.00137684346744468,0.0140297168696718,0.0932070370893496,0.145669917569718,0.0555555555555556,0.13534020434634,0.4,0.730367571822117,0.228439306935001,0.375662642899874,0.0990037359900374,0.147451726815704,0.00144300144300145,0.178450266407426,0.0155723905723906,0.0602462289988248
"Iowa",10,"4+",86,407,"homeless <=  0.5 & utilities > 30.5 & utilities <= 35.5",5,1,5,1,16,1,0.00796667611783295,0.0398702396001278,0.137208095344608,0.210407079011994,NA,NA,0.8,0.98698046550291,0.48903133098649,0.674486095578183,NA,NA,NA,NA,NA,NA
"Iowa",10,"4+",89,316,"HH_size_n >   4.500 & shelter_expenses_by_hh_size > 239.000 & unc_rawben_rel_max >   0.734 & unc_rawben_rel_max <=   0.997",3,0,6,0.5,17,0.5,0.000117013543319382,0.0108150107219734,0.0821763420538414,0.122395560647247,0.101606425702811,0.241590625300971,0.4,0.810932674490426,0.216910227097873,0.372548133467112,0.17633915945472,0.226504383743631,0.0200803212851406,0.0907629488241813,0.0155088438861831,0.0646420477967499
"Iowa",10,"4+",98,515,"rawben_rel_max >=   0.477 & rawben_rel_max <   0.718 & shelter_expenses_by_hh_size < 454.000 & total_deductions_by_hh_size >= 268.000",1,0,6,0.166666666666667,18,0.166666666666667,0.00172076326739671,0.0121233736202025,0.0643647181013041,0.119649167799243,0.0497121925693354,0.203062527599516,0.25,0.719437711106696,0.0857233747436148,0.37082219573773,0.0722135007849293,0.16013210849571,0.0115122972265829,0.11381314058222,0.0134310134310134,0.0984282989491282
"Iowa",10,"4+",99,435,"months_since_cert_n >   5.50 & months_since_cert_n <=  17.50 & shelter_expenses_by_hh_size > 254.00 & unc_rawben_rel_max <=   0.99",1,0,1,1,19,1,0.014547684248058,0.0310571750383645,0.0776420144026458,0.129913280394173,0.0619344482193709,0.154956280659586,0.666666666666667,0.831822222222222,0.150724738363842,0.366805362583216,0.0922364789831888,0.170379485141369,0.090316742081448,0.173915563420898,0.0117379679144385,0.0665101124390599
"Iowa",10,"4+",102,354,"cat_elig > 0.5 & HH_size_n > 5.5 & married <= 0.5 & rawben_rel_max <= 0.9",6,2,10,0.6,20,0.6,0.00100915073276516,0.0129574668031252,0.07480916287709,0.138219618401399,0.066232073011734,0.144695591111443,0.666666666666667,0.88345837799214,0.148569418119178,0.363864230277957,0.0640929064657878,0.133844575735997,0.02326656394453,0.111766751383329,0.0125495852866931,0.065453994187341
"Iowa",10,"4+",104,527,"shelter_expenses_by_hh_size <= 494.000 & total_deductions_by_hh_size > 235.000 & unc_rawben_rel_max <=   0.997 & utilities > 373.000",3,1,18,0.166666666666667,21,0.166666666666667,0.00534753052654206,0.0192698960111454,0.0615659687633742,0.109944114288243,0.0866342080651373,0.1575818085098,0,0.763889040175735,0.0852291304678301,0.314749381789686,0.0827111261949206,0.118818866140576,0.00750459464978559,0.0995742266676858,0.0216619904274633,0.0490520110390303
"Iowa",10,"4+",107,341,"HH_size_n >=   5.000 & rawben_rel_max <   0.837 & shelter_expenses_by_hh_size < 268.000 & total_deductions_by_hh_size >= 176.000",2,0,5,0.4,22,0.4,0.00010281869185072,0.0187887940417071,0.0778434552152984,0.1240271363097,0.0490384615384615,0.203948942946378,0.25,0.723657479841136,0.099400020114395,0.383146235340901,0.0670454545454545,0.186230753719054,0.0136363636363636,0.106013140857034,0.0272590361445783,0.059611998226433
"Iowa",10,"4+",111,471,"months_since_cert_n >=   5.000 & rawben_rel_max <   0.613 & utilities < 303.000",2,0,2,1,23,1,0.000924367559971377,0.0227903948403625,0.151222870911239,0.219725862897209,0.105832076420312,0.183005704803803,0.6,0.885021374547846,0.322434145476932,0.567314768192466,0.122233300099701,0.185924462035425,0.123921568627451,0.269094266313845,0.0112044817927171,0.0450758851610737
"Kansas",5,"1",1,129,"total_deductions_by_hh_size > 336.000 & unc_rawben_rel_max >   0.891 & unc_rawben_rel_max <=   0.991 & utilities <=  29.500",2,1,2,1,0,NA,NA,NA,NA,NA,NA,NA,NA,NA,NA,NA,NA,NA,NA,NA,NA,NA
"Kansas",5,"1",7,125,"shelter_expenses_by_hh_size > 878.000 & unc_rawben_rel_max >   0.379 & unc_rawben_rel_max <=   0.991 & utilities <=  29.500",1,0,1,1,1,1,0.0235983396561777,0.0235983396561777,0.121314482527493,0.121314482527493,0.137445887445887,0.137445887445887,0.4,0.4,0.283319511061939,0.283319511061939,0.0703463203463203,0.0703463203463203,0.0841991341991342,0.0841991341991342,0.0727272727272727,0.0727272727272727
"Kansas",5,"1",8,30,"elderly_disabled_i >=   1.00 & rawben_rel_max >=   1.00 & unc_rawben_rel_max >=   1.52 & utilities < 313.00",1,1,1,1,2,1,0.174718740909851,0.179550787089703,0.172434974561211,0.181257757330679,0.666131621187801,0.698058028114208,0.666666666666667,0.666666666666667,0.78869753149737,0.807936727649585,0.309925093632959,0.328935953637499,0.263942798774259,0.272952539034,0.153023006955591,0.169276178721403
"Kansas",5,"1",13,116,"rawben_rel_max >=   0.988 & rawben_rel_max <   0.992 & total_deductions_by_hh_size >= 198.000 & utilities < 452.000",1,0,2,0.5,3,0.5,0.0240420085795901,0.099620819897534,0.149837857224975,0.1812718053446,0.22956592956593,0.456973882776211,0.666666666666667,0.733960650128315,0.417768973658343,0.631931046646915,0.0747747747747748,0.200925323878294,0.137919737919738,0.259854461788795,0.0225225225225225,0.100032163814711
"Kansas",5,"1",14,100,"rawben_rel_max <=   0.994 & total_deductions_by_hh_size > 534.000 & unc_rawben_rel_max >   0.987 & utilities <= 466.000",4,1,6,0.666666666666667,4,0.666666666666667,0.0026840988305688,0.0680278159241015,0.0537821586876281,0.154391273317758,0.024817270100289,0.302958245769858,0.4,0.537293729372937,0.0257676473985635,0.454728906113604,0.0222675505694374,0.140971682242502,0.00807411184769678,0.169706386337867,0.00620431752507223,0.0695234753437126
"Kansas",5,"1",15,54,"medical_deductions > 200.000 & rawben_rel_max >   0.473 & rawben_rel_max <=   0.991 & utilities <= 392.000",3,2,4,0.75,5,0.75,0.0140388388750057,0.0596621017900592,0.119125023560569,0.169001668297357,0.608939802336029,0.668528763433939,0.4,0.653171044202434,0.486645912641334,0.682052772560701,0.150943396226415,0.214309823668018,0.0724120346761856,0.159983865800533,0.12189951240195,0.258893899323754
"Kansas",5,"1",17,12,"count_divisible_by_100 <   1.00 & months_since_cert_n >=   7.00 & unc_rawben_rel_max >=   1.63 & utilities < 353.00",2,0,2,1,6,1,0.00542985819737389,0.156261229119022,0.106986927313652,0.202007910403634,0.302976542479795,0.611311007544382,0.666666666666667,0.729988510149368,0.291652378884436,0.762261170404277,0.209737827715356,0.355877474397937,0.0988566922925291,0.370978918156935,0.0676691729323309,0.102512708474032
"Kansas",5,"1",21,111,"rawben_rel_max >=   0.236 & rawben_rel_max <   1.000 & total_deductions_by_hh_size >= 511.000 & utilities < 249.000",3,0,8,0.375,7,0.375,0.0119104171643349,0.0794062887780502,0.0820558659723516,0.163580379050122,0.0750394944707741,0.400993637420925,0,0.522439807383628,0.209945535787753,0.553447415543104,0.0771270593545475,0.168310240713048,0.0558884020388089,0.175319694656276,0.0272719713976886,0.0791462935238683
"Kansas",5,"1",24,88,"rawben_rel_max <   0.992 & shelter_expenses_by_hh_size >= 831.000 & unc_rawben_rel_max >=   0.270 & utilities < 277.000",3,0,6,0.5,8,0.5,0.00500034463096369,0.0574156652162639,0.0512496002795779,0.133790935925455,0.0383507203179334,0.327032712610146,0.4,0.603632299525007,0.0334627987560438,0.447131205712052,0.0492839199233419,0.142489267111727,0.0259757076632222,0.132841109747264,0.0191753601589668,0.102039451564723
"Kansas",5,"1",26,118,"rawben_rel_max >=   0.988 & rawben_rel_max <   1.000 & shelter_expenses_by_hh_size >= 692.000 & utilities < 580.000",1,0,6,0.166666666666667,9,0.166666666666667,0.00926369619138219,0.0609617464798679,0.037445236250751,0.170129785684304,0.0351895519680754,0.330601056214036,0.4,0.546807321962602,0.0568184746489166,0.522659509202862,0.0238224801983192,0.132542920222423,0.00332547312413085,0.137521401105808,0.0220336836773458,0.0865594728922991
"Kansas",5,"1",27,26,"elderly_disabled_i >   0.500 & rawben_rel_max >   0.998 & shelter_expenses_by_hh_size <= 676.000 & unc_rawben_rel_max >   1.790",1,0,1,1,10,1,0.00587044035800366,0.164844068251515,0.0984532024741857,0.211089606890068,0.123157741135269,0.580926309593504,0.4,0.819225634178905,0.231781427129491,0.78422847585316,0.13512330366263,0.285648366597698,0.0249487354750513,0.362804819484215,0.0482724822347464,0.250537516817506
"Kansas",5,"1",29,109,"rawben_rel_max >   0.998 & shelter_expenses_by_hh_size <= 942.000 & unc_rawben_rel_max >   1.930 & utilities <= 680.000",2,1,2,1,11,1,0.0484250316272649,0.198412756939106,0.0754817789182501,0.184829762216985,0.0682350436448797,0.56515335706789,0.4,0.629910305692843,0.260580861770588,0.761232192464999,0.140515222482436,0.316301485684922,0.0585743230797568,0.27987343115076,0.0387481371087929,0.212000385604712
"Kansas",5,"1",41,106,"rawben_rel_max >   0.727 & rawben_rel_max <=   0.991 & shelter_expenses_by_hh_size > 413.000 & utilities <=  28.500",3,0,7,0.428571428571429,12,0.428571428571429,0.00346936427702626,0.0756583171459367,0.0871911538154933,0.175851675438385,0.0307539682539683,0.315213117835515,0,0.503521726782164,0.0383864288209702,0.546190211990151,0.0505952380952381,0.143448158079373,0.0345959595959596,0.159464279991458,0.0138888888888889,0.0944295477999177
"Kansas",5,"1",47,110,"rawben_rel_max >=    0.236 & shelter_expenses_by_hh_size < 1680.000 & total_deductions_by_hh_size >= 1280.000 & unc_rawben_rel_max >=    2.490",1,1,1,1,13,1,0.0701119360612705,0.130211955079109,0.0913149146746568,0.200272720464408,0.146202743392439,0.486614154620125,0.4,0.722699124492846,0.482770359356716,0.765051400114551,0.194235588972431,0.356770166267546,0.13941756477872,0.216144011052033,0.0718537414965986,0.113650611967112
"Kansas",5,"1",52,67,"medical_deductions >= 5.000 & medical_deductions < 9.000 & rawben_rel_max < 0.488",2,1,2,1,14,1,0.0870586035843974,0.134230774474773,0.19726833255547,0.247489351086869,NA,NA,0.6,0.887216196673897,0.752103687807082,0.846696004726954,NA,NA,NA,NA,NA,NA
"Kansas",5,"2-3",12,186,"elderly_disabled_i >   0.50 & shelter_expenses_by_hh_size <= 676.00 & unc_rawben_rel_max >   1.59",1,0,1,1,0,NA,NA,NA,NA,NA,NA,NA,NA,NA,NA,NA,NA,NA,NA,NA,NA,NA
"Kansas",5,"2-3",35,213,"married <=   0.5 & months_since_cert_n >   6.5 & total_deductions_by_hh_size > 637.0 & utilities <= 756.0",1,0,1,1,1,1,0.110504995827617,0.110504995827617,0.21654069177564,0.21654069177564,NA,NA,1,1,0.715699378149257,0.715699378149257,NA,NA,NA,NA,NA,NA
"Kansas",5,"4+",20,305,"HH_size_n >   4.50 & rawben_rel_max <=   0.88 & shelter_expenses_by_hh_size <= 268.00 & total_deductions_by_hh_size > 222.00",1,0,1,1,0,NA,NA,NA,NA,NA,NA,NA,NA,NA,NA,NA,NA,NA,NA,NA,NA,NA
"Kansas",5,"4+",34,480,"months_since_cert_n >=   9.000 & rawben_rel_max <   0.822 & total_deductions_by_hh_size >= 109.000 & unc_rawben_rel_max >=   0.725",4,2,4,1,1,1,0.00421726939901489,0.00421726939901489,0.196691802074227,0.196691802074227,0.41972602739726,0.41972602739726,0.666666666666667,0.666666666666667,0.554576071014093,0.554576071014093,0.352054794520548,0.352054794520548,0.442739726027397,0.442739726027397,0.0446575342465753,0.0446575342465753
"Kansas",5,"4+",37,477,"months_since_cert_n >=   8.000 & rawben_rel_max <   0.965 & total_deductions_by_hh_size >= 178.000 & unc_rawben_rel_max >=   0.793",1,0,1,1,2,1,7.95820402091155e-05,0.00145977929806853,0.0623918147088888,0.107072213517014,0.138231631382316,0.20928026394527,0,0.218181818181818,0.208288103452382,0.315067674739421,0.125778331257783,0.191466934062202,0.117950542608077,0.209747602335398,0.0772104607721046,0.0782934126894276
"Kansas",5,"4+",38,365,"count_divisible_by_100 >   1.5 & HH_size_n <=   4.5 & months_since_cert_n <=  10.5 & utilities <= 588.0",1,1,1,1,3,1,0.0204822927536016,0.0239398982549116,0.131661362441007,0.194115606094075,NA,NA,1,1,0.473306225409913,0.618711754447656,NA,NA,NA,NA,NA,NA
"Kansas",5,"4+",39,400,"expedited_i >   0.500 & months_since_cert_n >   5.500 & unc_rawben_rel_max <=   0.912 & utilities <= 356.000",2,0,2,1,4,1,0.00765208843085015,0.0153972510553866,0.164652530977082,0.196899349504321,NA,NA,0.857142857142857,0.88125,0.469428286365091,0.582376967206943,NA,NA,NA,NA,NA,NA
"Kansas",5,"4+",40,336,"HH_size_n >=   5 & shelter_expenses_by_hh_size < 293 & total_deductions_by_hh_size >= 212",1,1,2,0.5,5,0.5,0.00260168008425009,0.0072015899502267,0.0698336275229791,0.148777765113105,0.128837209302326,0.251329699545881,0.25,0.775259678942399,0.127280061398423,0.418441137591638,0.103255813953488,0.227937478370127,0.0841860465116279,0.288099921231114,0.0162790697674419,0.0601754700505607
"Kansas",5,"4+",49,405,"expedited_i > 0.500 & months_since_cert_n > 4.500 & rawben_rel_max <= 0.921 & unc_rawben_rel_max > 0.766",1,0,1,1,6,1,0.00202131846719008,0.0139247050321875,0.102885333801026,0.148260361080538,0.172754946727549,0.238032166843415,0.4,0.661294261294261,0.164081373970119,0.451500799431016,0.182170542635659,0.21182601648405,0.0483257229832572,0.188359008034492,0.0736434108527131,0.11031754237752
"Kansas",10,"1",1,129,"total_deductions_by_hh_size > 336.000 & unc_rawben_rel_max >   0.891 & unc_rawben_rel_max <=   0.991 & utilities <=  29.500",2,1,2,1,0,NA,NA,NA,NA,NA,NA,NA,NA,NA,NA,NA,NA,NA,NA,NA,NA,NA
"Kansas",10,"1",7,125,"shelter_expenses_by_hh_size > 878.000 & unc_rawben_rel_max >   0.379 & unc_rawben_rel_max <=   0.991 & utilities <=  29.500",1,0,1,1,1,1,0.0235983396561777,0.0235983396561777,0.121314482527493,0.121314482527493,0.137445887445887,0.137445887445887,0.4,0.4,0.283319511061939,0.283319511061939,0.0703463203463203,0.0703463203463203,0.0841991341991342,0.0841991341991342,0.0727272727272727,0.0727272727272727
"Kansas",10,"1",8,30,"elderly_disabled_i >=   1.00 & rawben_rel_max >=   1.00 & unc_rawben_rel_max >=   1.52 & utilities < 313.00",1,1,1,1,2,1,0.174718740909851,0.179550787089703,0.172434974561211,0.181257757330679,0.666131621187801,0.698058028114208,0.666666666666667,0.666666666666667,0.78869753149737,0.807936727649585,0.309925093632959,0.328935953637499,0.263942798774259,0.272952539034,0.153023006955591,0.169276178721403
"Kansas",10,"1",13,116,"rawben_rel_max >=   0.988 & rawben_rel_max <   0.992 & total_deductions_by_hh_size >= 198.000 & utilities < 452.000",1,0,2,0.5,3,0.5,0.0240420085795901,0.099620819897534,0.149837857224975,0.1812718053446,0.22956592956593,0.456973882776211,0.666666666666667,0.733960650128315,0.417768973658343,0.631931046646915,0.0747747747747748,0.200925323878294,0.137919737919738,0.259854461788795,0.0225225225225225,0.100032163814711
"Kansas",10,"1",14,100,"rawben_rel_max <=   0.994 & total_deductions_by_hh_size > 534.000 & unc_rawben_rel_max >   0.987 & utilities <= 466.000",4,1,6,0.666666666666667,4,0.666666666666667,0.0026840988305688,0.0680278159241015,0.0537821586876281,0.154391273317758,0.024817270100289,0.302958245769858,0.4,0.537293729372937,0.0257676473985635,0.454728906113604,0.0222675505694374,0.140971682242502,0.00807411184769678,0.169706386337867,0.00620431752507223,0.0695234753437126
"Kansas",10,"1",15,54,"medical_deductions > 200.000 & rawben_rel_max >   0.473 & rawben_rel_max <=   0.991 & utilities <= 392.000",3,2,4,0.75,5,0.75,0.0140388388750057,0.0596621017900592,0.119125023560569,0.169001668297357,0.608939802336029,0.668528763433939,0.4,0.653171044202434,0.486645912641334,0.682052772560701,0.150943396226415,0.214309823668018,0.0724120346761856,0.159983865800533,0.12189951240195,0.258893899323754
"Kansas",10,"1",17,12,"count_divisible_by_100 <   1.00 & months_since_cert_n >=   7.00 & unc_rawben_rel_max >=   1.63 & utilities < 353.00",2,0,2,1,6,1,0.00542985819737389,0.156261229119022,0.106986927313652,0.202007910403634,0.302976542479795,0.611311007544382,0.666666666666667,0.729988510149368,0.291652378884436,0.762261170404277,0.209737827715356,0.355877474397937,0.0988566922925291,0.370978918156935,0.0676691729323309,0.102512708474032
"Kansas",10,"1",21,111,"rawben_rel_max >=   0.236 & rawben_rel_max <   1.000 & total_deductions_by_hh_size >= 511.000 & utilities < 249.000",3,0,8,0.375,7,0.375,0.0119104171643349,0.0794062887780502,0.0820558659723516,0.163580379050122,0.0750394944707741,0.400993637420925,0,0.522439807383628,0.209945535787753,0.553447415543104,0.0771270593545475,0.168310240713048,0.0558884020388089,0.175319694656276,0.0272719713976886,0.0791462935238683
"Kansas",10,"1",24,88,"rawben_rel_max <   0.992 & shelter_expenses_by_hh_size >= 831.000 & unc_rawben_rel_max >=   0.270 & utilities < 277.000",3,0,6,0.5,8,0.5,0.00500034463096369,0.0574156652162639,0.0512496002795779,0.133790935925455,0.0383507203179334,0.327032712610146,0.4,0.603632299525007,0.0334627987560438,0.447131205712052,0.0492839199233419,0.142489267111727,0.0259757076632222,0.132841109747264,0.0191753601589668,0.102039451564723
"Kansas",10,"1",26,118,"rawben_rel_max >=   0.988 & rawben_rel_max <   1.000 & shelter_expenses_by_hh_size >= 692.000 & utilities < 580.000",1,0,6,0.166666666666667,9,0.166666666666667,0.00926369619138219,0.0609617464798679,0.037445236250751,0.170129785684304,0.0351895519680754,0.330601056214036,0.4,0.546807321962602,0.0568184746489166,0.522659509202862,0.0238224801983192,0.132542920222423,0.00332547312413085,0.137521401105808,0.0220336836773458,0.0865594728922991
"Kansas",10,"1",27,26,"elderly_disabled_i >   0.500 & rawben_rel_max >   0.998 & shelter_expenses_by_hh_size <= 676.000 & unc_rawben_rel_max >   1.790",1,0,1,1,10,1,0.00587044035800366,0.164844068251515,0.0984532024741857,0.211089606890068,0.123157741135269,0.580926309593504,0.4,0.819225634178905,0.231781427129491,0.78422847585316,0.13512330366263,0.285648366597698,0.0249487354750513,0.362804819484215,0.0482724822347464,0.250537516817506
"Kansas",10,"1",29,109,"rawben_rel_max >   0.998 & shelter_expenses_by_hh_size <= 942.000 & unc_rawben_rel_max >   1.930 & utilities <= 680.000",2,1,2,1,11,1,0.0484250316272649,0.198412756939106,0.0754817789182501,0.184829762216985,0.0682350436448797,0.56515335706789,0.4,0.629910305692843,0.260580861770588,0.761232192464999,0.140515222482436,0.316301485684922,0.0585743230797568,0.27987343115076,0.0387481371087929,0.212000385604712
"Kansas",10,"1",41,106,"rawben_rel_max >   0.727 & rawben_rel_max <=   0.991 & shelter_expenses_by_hh_size > 413.000 & utilities <=  28.500",3,0,7,0.428571428571429,12,0.428571428571429,0.00346936427702626,0.0756583171459367,0.0871911538154933,0.175851675438385,0.0307539682539683,0.315213117835515,0,0.503521726782164,0.0383864288209702,0.546190211990151,0.0505952380952381,0.143448158079373,0.0345959595959596,0.159464279991458,0.0138888888888889,0.0944295477999177
"Kansas",10,"1",47,110,"rawben_rel_max >=    0.236 & shelter_expenses_by_hh_size < 1680.000 & total_deductions_by_hh_size >= 1280.000 & unc_rawben_rel_max >=    2.490",1,1,1,1,13,1,0.0701119360612705,0.130211955079109,0.0913149146746568,0.200272720464408,0.146202743392439,0.486614154620125,0.4,0.722699124492846,0.482770359356716,0.765051400114551,0.194235588972431,0.356770166267546,0.13941756477872,0.216144011052033,0.0718537414965986,0.113650611967112
"Kansas",10,"1",52,67,"medical_deductions >= 5.000 & medical_deductions < 9.000 & rawben_rel_max < 0.488",2,1,2,1,14,1,0.0870586035843974,0.134230774474773,0.19726833255547,0.247489351086869,NA,NA,0.6,0.887216196673897,0.752103687807082,0.846696004726954,NA,NA,NA,NA,NA,NA
"Kansas",10,"1",53,27,"elderly_disabled_i >   0.500 & total_deductions_by_hh_size > 438.000 & unc_rawben_rel_max >   0.316 & utilities <= 276.000",1,0,13,0.0769230769230769,15,0.0769230769230769,0.0406646705943131,0.0817912003806209,0.0925828134363655,0.15603802650734,0.110983802926931,0.324420903547365,0.4,0.674047415721199,0.265840984115435,0.508128631306185,0.0373244449073833,0.145559849828307,0.0228174603174603,0.13902659548969,0.007864173740951,0.0839996878564938
"Kansas",10,"1",57,124,"shelter_expenses_by_hh_size > 504.0 & total_deductions_by_hh_size > 647.0 & utilities <=  29.5",1,0,1,1,16,1,0.0100087689101211,0.0693636458207685,0.105088847879145,0.151098877650905,0.0856753865603423,0.291378975221368,0.6,0.672522681748557,0.159153207620912,0.486928230190466,0.0527407695549289,0.145187007159142,0.0271922767497989,0.135787559693837,0.0628418017301382,0.113512829613621
"Kansas",10,"2-3",12,186,"elderly_disabled_i >   0.50 & shelter_expenses_by_hh_size <= 676.00 & unc_rawben_rel_max >   1.59",1,0,1,1,0,NA,NA,NA,NA,NA,NA,NA,NA,NA,NA,NA,NA,NA,NA,NA,NA,NA
"Kansas",10,"2-3",35,213,"married <=   0.5 & months_since_cert_n >   6.5 & total_deductions_by_hh_size > 637.0 & utilities <= 756.0",1,0,1,1,1,1,0.110504995827617,0.110504995827617,0.21654069177564,0.21654069177564,NA,NA,1,1,0.715699378149257,0.715699378149257,NA,NA,NA,NA,NA,NA
"Kansas",10,"2-3",48,135,"HH_size_n >   2.5 & medical_deductions > 131.0 & months_since_cert_n <=   7.5 & shelter_expenses_by_hh_size > 298.0",4,0,4,1,2,1,0.0593911372072742,0.127343659196854,0.236741853821221,0.244441018179099,NA,NA,1,1,0.79789223345444,0.839714666852458,NA,NA,NA,NA,NA,NA
"Kansas",10,"2-3",55,246,"months_since_cert_n >=   6.000 & rawben_rel_max <   0.876 & total_deductions_by_hh_size >= 353.000 & utilities < 462.000",1,1,1,1,3,1,0.0439488205202832,0.104620650110373,0.192589819650272,0.254695560356976,0.583481877599525,0.583481877599525,0.4,0.830534351145038,0.554357033941379,0.778195201035755,0.226232917409388,0.226232917409388,0.286541889483066,0.286541889483066,0.286541889483066,0.286541889483066
"Kansas",10,"2-3",59,202,"expedited_i <=   0.500 & medical_deductions > 128.000 & rawben_rel_max >   0.803 & unc_rawben_rel_max >   0.324",3,0,3,1,4,1,0.0889422425348919,0.132196817776386,0.131856386004579,0.228208055848941,0.45812908496732,0.467608946918737,0.833333333333333,0.956935817805383,0.636218171427283,0.750977333285276,0.271306818181818,0.295184428006991,0.09375,0.303123210963217,0.00284090909090907,0.222198774997723
"Kansas",10,"2-3",67,203,"expedited_i <=   0.500 & percent_abawd >   0.583 & rawben_rel_max <=   0.711 & shelter_expenses_by_hh_size <= 278.000",1,0,1,1,5,1,0.0541271332032206,0.0969952542721277,0.220865893079519,0.250425190797386,0.245191409897292,0.416204424439719,0.833333333333333,0.876903142209265,0.735975217025331,0.812125887332696,0.261064425770308,0.318358006593301,0.065625,0.287105554752614,0.103125,0.158737706384765
"Kansas",10,"2-3",85,224,"medical_deductions > 131.000 & rawben_rel_max >   0.643 & unc_rawben_rel_max >   0.130",1,0,6,0.166666666666667,6,0.166666666666667,0.0191598418071403,0.125252199322705,0.0489974829105244,0.192718521675884,0.069909793814433,0.384046258818135,0.25,0.819220430107527,0.119760739495783,0.631029373726911,0.0705541237113402,0.243537280248299,0.0539626288659794,0.194690781103224,0.0185567010309279,0.141942559040265
"Kansas",10,"2-3",90,175,"count_divisible_by_100 <=   0.500 & medical_deductions > 144.000 & unc_rawben_rel_max >   0.131",1,0,2,0.5,7,0.5,0.0180608854395205,0.108170241043658,0.103100936417884,0.165714105354155,0.0629308709126557,0.317872188701291,0.5,0.797571059431525,0.149171714583276,0.51703479738486,0.0383277465055974,0.184213151843149,0.0497754727721207,0.149388117998384,0.00746315856049583,0.110013683253836
"Kansas",10,"2-3",91,223,"medical_deductions > 131.000 & rawben_rel_max >   0.148 & unc_rawben_rel_max >   0.494",1,1,8,0.125,8,0.125,0.00870039650006834,0.0750351024253597,0.0584745881239281,0.131281159014201,0.029236469072165,0.219731743374143,0,0.590728715728716,0.0518350152386594,0.368434183750866,0.0367618865030675,0.138144846156741,0.021826675257732,0.122169338710892,0.0131805981595092,0.0793306571038027
"Kansas",10,"2-3",94,192,"elderly_disabled_i >=   1.000 & HH_size_n >=   3.000 & total_deductions_by_hh_size >= 290.000 & unc_rawben_rel_max <   0.976",1,0,3,0.333333333333333,9,0.333333333333333,0.0344469599642291,0.114144103700864,0.158388504248781,0.200006315353318,0.25500408496732,0.29295657747538,0.833333333333333,0.955513784461153,0.454638153147217,0.682513673919598,0.121425653594771,0.198933312187122,0.0284090909090909,0.120380452212174,0.00937500000000003,0.0658853956540715
"Kansas",10,"2-3",98,230,"medical_deductions >= 132.000 & rawben_rel_max >=   0.209 & shelter_expenses_by_hh_size >= 225.000 & shelter_expenses_by_hh_size < 408.000",1,0,3,0.333333333333333,10,0.333333333333333,0.0404413107749618,0.0787072472141592,0.117041430927187,0.170058415897507,0.0535466994922295,0.200197871385014,0.6,0.798658352229781,0.27814378290459,0.495247238647748,0.0833722014925373,0.148052857765774,0.0263526119402985,0.0966008553427087,0.0239039179104478,0.0744749343690223
"Kansas",10,"4+",20,305,"HH_size_n >   4.50 & rawben_rel_max <=   0.88 & shelter_expenses_by_hh_size <= 268.00 & total_deductions_by_hh_size > 222.00",1,0,1,1,0,NA,NA,NA,NA,NA,NA,NA,NA,NA,NA,NA,NA,NA,NA,NA,NA,NA
"Kansas",10,"4+",34,480,"months_since_cert_n >=   9.000 & rawben_rel_max <   0.822 & total_deductions_by_hh_size >= 109.000 & unc_rawben_rel_max >=   0.725",4,2,4,1,1,1,0.00421726939901489,0.00421726939901489,0.196691802074227,0.196691802074227,0.41972602739726,0.41972602739726,0.666666666666667,0.666666666666667,0.554576071014093,0.554576071014093,0.352054794520548,0.352054794520548,0.442739726027397,0.442739726027397,0.0446575342465753,0.0446575342465753
"Kansas",10,"4+",37,477,"months_since_cert_n >=   8.000 & rawben_rel_max <   0.965 & total_deductions_by_hh_size >= 178.000 & unc_rawben_rel_max >=   0.793",1,0,1,1,2,1,7.95820402091155e-05,0.00145977929806853,0.0623918147088888,0.107072213517014,0.138231631382316,0.20928026394527,0,0.218181818181818,0.208288103452382,0.315067674739421,0.125778331257783,0.191466934062202,0.117950542608077,0.209747602335398,0.0772104607721046,0.0782934126894276
"Kansas",10,"4+",38,365,"count_divisible_by_100 >   1.5 & HH_size_n <=   4.5 & months_since_cert_n <=  10.5 & utilities <= 588.0",1,1,1,1,3,1,0.0204822927536016,0.0239398982549116,0.131661362441007,0.194115606094075,NA,NA,1,1,0.473306225409913,0.618711754447656,NA,NA,NA,NA,NA,NA
"Kansas",10,"4+",39,400,"expedited_i >   0.500 & months_since_cert_n >   5.500 & unc_rawben_rel_max <=   0.912 & utilities <= 356.000",2,0,2,1,4,1,0.00765208843085015,0.0153972510553866,0.164652530977082,0.196899349504321,NA,NA,0.857142857142857,0.88125,0.469428286365091,0.582376967206943,NA,NA,NA,NA,NA,NA
"Kansas",10,"4+",40,336,"HH_size_n >=   5 & shelter_expenses_by_hh_size < 293 & total_deductions_by_hh_size >= 212",1,1,2,0.5,5,0.5,0.00260168008425009,0.0072015899502267,0.0698336275229791,0.148777765113105,0.128837209302326,0.251329699545881,0.25,0.775259678942399,0.127280061398423,0.418441137591638,0.103255813953488,0.227937478370127,0.0841860465116279,0.288099921231114,0.0162790697674419,0.0601754700505607
"Kansas",10,"4+",49,405,"expedited_i > 0.500 & months_since_cert_n > 4.500 & rawben_rel_max <= 0.921 & unc_rawben_rel_max > 0.766",1,0,1,1,6,1,0.00202131846719008,0.0139247050321875,0.102885333801026,0.148260361080538,0.172754946727549,0.238032166843415,0.4,0.661294261294261,0.164081373970119,0.451500799431016,0.182170542635659,0.21182601648405,0.0483257229832572,0.188359008034492,0.0736434108527131,0.11031754237752
"Kansas",10,"4+",56,422,"months_since_cert_n >   4.5 & total_deductions_by_hh_size > 215.0 & utilities <= 442.0",1,0,1,1,7,1,0.0134582074771174,0.0201177208543095,0.113076324555199,0.156817811868966,0.112457912457912,0.168817092421989,0.6,0.706602564102564,0.336321574391213,0.41602705657526,0.112265512265512,0.166976173292756,0.0299182299182299,0.160870873446963,0.0972582972582972,0.155576543235145
"Kansas",10,"4+",61,402,"expedited_i >   0.500 & rawben_rel_max <=   0.932 & shelter_expenses_by_hh_size <= 155.000 & unc_rawben_rel_max >   0.654",1,1,2,0.5,8,0.5,1.77317521080217e-05,0.0197180812786315,0.105793162080755,0.183284886028314,0.12,0.23121704556926,0.4,0.796287001287001,0.10548558950321,0.548795021995881,0.132054794520548,0.146942804520233,0.100740740740741,0.154937411301721,0.02,0.153497237774678
"Kansas",10,"4+",62,310,"HH_size_n >   4.500 & months_since_cert_n >   5.500 & rawben_rel_max <=   0.997 & shelter_expenses_by_hh_size > 263.000",5,1,5,1,9,1,0.00100935008820353,0.0170447396175006,0.125368137746747,0.164582006879646,0.0855435733022443,0.164473628874955,0.666666666666667,0.774620553817634,0.269288679097883,0.429768299537562,0.124620060790274,0.182263827247095,0.0673364854215918,0.126529435011423,0.0248639287481445,0.0879801215909573
"Kansas",10,"4+",64,488,"months_since_cert_n >= 5.000 & rawben_rel_max >= 0.607 & rawben_rel_max < 0.625",1,1,1,1,10,1,0.000813832034307852,0.0214728436228307,0.146636925742502,0.190498588086213,0.14021164021164,0.192613628045123,0.6,0.724897840046702,0.395226620984796,0.537512965867957,0.196414499605989,0.254065047761892,0.0318518518518519,0.1104191438908,0.12962962962963,0.231454981010512
"Kansas",10,"4+",65,522,"shelter_expenses_by_hh_size <= 341.000 & total_deductions_by_hh_size > 233.000 & unc_rawben_rel_max <=   0.976",4,0,6,0.666666666666667,11,0.666666666666667,0.00219980036022811,0.0128471929054972,0.0879147092116552,0.139908002123015,0.136032502101429,0.22965940919946,0.5,0.85143560295324,0.183892959829943,0.398701541246742,0.086018492574951,0.198849209646128,0.0329223872233119,0.211237719945138,0.001473981030505,0.0712017286972822
"Kansas",10,"4+",66,346,"HH_size_n >=   7 & months_since_cert_n >=  11 & utilities < 612",1,0,1,1,12,1,0.000389472016495373,0.0298688593421103,0.117766254034543,0.208195232059647,NA,NA,0.5,0.766378737541528,0.380047438865985,0.609965649579598,NA,NA,NA,NA,NA,NA
"Kansas",10,"4+",69,406,"expedited_i >=   1.000 & rawben_rel_max <   0.962 & total_deductions_by_hh_size >=   2.250 & total_deductions_by_hh_size < 124.000",1,0,5,0.2,13,0.2,0.00509050548127891,0.0180891362807784,0.0914623524428332,0.163850482995636,0.0795652173913044,0.233955169756825,0.666666666666667,0.800068204365079,0.107268649868286,0.504576889785567,0.0817391304347826,0.221948168697351,0.0136070853462158,0.13851767334339,0.0682608695652174,0.143886147142522
"Kansas",10,"4+",72,442,"months_since_cert_n >   5.500 & rawben_rel_max >   0.724 & rawben_rel_max <=   0.974 & shelter_expenses_by_hh_size > 162.000",6,3,14,0.428571428571429,14,0.428571428571429,0.00839325949221813,0.0218127841230648,0.0674527776923465,0.156159907716347,0.0611188696295079,0.157348411179645,0.25,0.742730405559353,0.164641307948043,0.392217524279628,0.0473850473850474,0.159768777987388,0.0426712426712426,0.113813476647811,0.0203284179187794,0.0697341481396672
"Kansas",10,"4+",73,403,"expedited_i >   0.500 & shelter_expenses_by_hh_size <= 295.000 & total_deductions_by_hh_size >   6.940 & unc_rawben_rel_max <=   0.937",1,0,6,0.166666666666667,15,0.166666666666667,0.00277215868405223,0.0195029487569199,0.0460198382761309,0.151596731958825,0.0740431066518023,0.161373789292849,0.25,0.800387093983824,0.0545627118872659,0.419146500982204,0.0402266815310293,0.193140950457227,0.00288600288600288,0.113511370828189,0.0341880341880342,0.104931640179317
"Kansas",10,"4+",74,517,"rawben_rel_max >=   0.832 & rawben_rel_max <   0.843 & utilities >= 410.000",2,0,3,0.666666666666667,16,0.666666666666667,0.00015563477241412,0.0323140619014121,0.0862038400932007,0.159945825211022,0.107407407407407,0.210610470142242,0.5,0.833403331933361,0.383428071691991,0.506173133619177,0.186666666666667,0.259013289456553,0.02,0.121043002829864,0.0333333333333333,0.0787160396776679
"Kansas",10,"4+",76,485,"months_since_cert_n >=  6.000 & rawben_rel_max <  0.997 & total_deductions_by_hh_size >= 88.400 & unc_rawben_rel_max >=  0.709",2,2,16,0.125,17,0.125,0.00239897548642623,0.0208787743689708,0.0227991804049965,0.132190623257816,0.0288343054300501,0.121172161398818,0,0.643336463591188,0.0159396357145079,0.315794858595893,0.0225909800377885,0.130023067195486,0.0189764232317424,0.084791933507887,0.0108436704181385,0.0543514934120033
"Kansas",10,"4+",82,322,"HH_size_n >   5.500 & months_since_cert_n >   4.500 & rawben_rel_max <=   0.825 & utilities <= 424.000",1,0,1,1,18,1,0.000184384541342973,0.017910714831347,0.08972874398249,0.177036245750043,0.074634901406555,0.156700691533417,0.25,0.702993832842415,0.242485127530369,0.467766943534846,0.107765119785559,0.16202753643884,0.0176436278798484,0.0919504931713824,0.0183727034120735,0.0818308190640101
"Kansas",10,"4+",86,372,"count_divisible_by_100 >=   1.000 & married >=   1.000 & rawben_rel_max >=   0.511 & utilities >= 367.000",1,0,2,0.5,19,0.5,0.00137740297891648,0.0237560883481703,0.103063924136959,0.139430644904176,0.0685777636997149,0.168087465137475,0.6,0.965565010601112,0.304849548568745,0.414154553525861,0.165853658536585,0.251642676972415,0.0241171403962101,0.238415722856737,0.0387570998997661,0.101914264535055
"Kansas",10,"4+",92,465,"months_since_cert_n >=   2.000 & rawben_rel_max <   0.997 & shelter_expenses_by_hh_size < 428.000 & total_deductions_by_hh_size >= 243.000",1,0,4,0.25,20,0.25,0.00251267341534703,0.0157199371279303,0.0570594075076693,0.148899643193893,0.0832095505308907,0.183515495500876,0.4,0.600334120310925,0.111467510290236,0.40370286549865,0.0789459206689773,0.157469331983271,0.0831050228310502,0.145967646640866,0.0361145703611457,0.0703224999567942
"Kentucky",5,"1",6,125,"shelter_expenses_by_hh_size > 878.000 & unc_rawben_rel_max >   0.379 & unc_rawben_rel_max <=   0.991 & utilities <=  29.500",1,1,1,1,0,NA,NA,NA,NA,NA,NA,NA,NA,NA,NA,NA,NA,NA,NA,NA,NA,NA
"Kentucky",5,"1",8,30,"elderly_disabled_i >=   1.00 & rawben_rel_max >=   1.00 & unc_rawben_rel_max >=   1.52 & utilities < 313.00",1,1,1,1,1,1,0.182581053338084,0.182581053338084,0.186790688897972,0.186790688897972,0.718079673135853,0.718079673135853,0.666666666666667,0.666666666666667,0.820001986253516,0.820001986253516,0.340858018386108,0.340858018386108,0.263942798774259,0.263942798774259,0.179468845760981,0.179468845760981
"Kentucky",5,"1",9,38,"expedited_i <=   0.50 & total_deductions_by_hh_size <= 920.00 & unc_rawben_rel_max >   1.93 & utilities <= 684.00",2,1,2,1,2,1,0.0409020576111312,0.123078457831546,0.11931840247237,0.170041461428421,0.121302453565696,0.379479429078145,0.666666666666667,0.666666666666667,0.378735569283959,0.613562640393094,0.217152029351066,0.298116041262109,0.0442559046090347,0.147862554780693,0.0789956432011007,0.159510265015883
"Kentucky",5,"1",12,100,"rawben_rel_max <=   0.994 & total_deductions_by_hh_size > 534.000 & unc_rawben_rel_max >   0.987 & utilities <= 466.000",2,0,2,1,3,1,0.0249769900894377,0.162449025649142,0.178645518978088,0.202862043728377,0.229502572898799,0.567283682555669,0.666666666666667,0.666666666666667,0.509205258655912,0.761112205506353,0.0843910806174957,0.278630090549175,0.129845626072041,0.317014029872696,0.0542024013722127,0.163000135218378
"Kentucky",5,"1",13,54,"medical_deductions > 200.000 & rawben_rel_max >   0.473 & rawben_rel_max <=   0.991 & utilities <= 392.000",1,0,1,1,4,1,0.0278541520061279,0.115209045307639,0.119125023560569,0.182130963364991,0.618020793222949,0.656641620264989,0.666666666666667,0.752123552123552,0.581359348611222,0.750779715898127,0.150943396226415,0.28051018273254,0.0754716981132075,0.252285627776709,0.062187139006546,0.199039424539288
"Kentucky",5,"1",19,111,"rawben_rel_max >=   0.236 & rawben_rel_max <   1.000 & total_deductions_by_hh_size >= 511.000 & utilities < 249.000",1,0,2,0.5,5,0.5,0.0119104171643349,0.104779621788365,0.0820558659723516,0.167967146344026,0.200129254631624,0.457854401711508,0.4,0.640024110910187,0.209945535787753,0.601914363824476,0.0876346402412753,0.19446103567187,0.0558884020388089,0.19239280284184,0.0638469104891353,0.123363520677228
"Kentucky",5,"1",21,118,"rawben_rel_max >=   0.988 & rawben_rel_max <   1.000 & shelter_expenses_by_hh_size >= 692.000 & utilities < 580.000",2,0,4,0.5,6,0.5,0.00926369619138219,0.0839214767810949,0.037445236250751,0.174281334703658,0.0466632898569077,0.408087497423776,0.4,0.58497580850522,0.0568184746489166,0.585735490951787,0.035519817652273,0.165506434516399,0.00474863872356593,0.162711674060678,0.0220336836773458,0.133312011305132
"Kentucky",5,"1",29,106,"rawben_rel_max >   0.727 & rawben_rel_max <=   0.991 & shelter_expenses_by_hh_size > 413.000 & utilities <=  28.500",1,0,1,1,7,1,0.015426436343433,0.0700372456186719,0.11076037357931,0.179037468937302,0.075598999473407,0.308789995755882,0,0.45655457508546,0.261497096896445,0.551198617384069,0.0507174828857293,0.13452681994131,0.0345959595959596,0.145125955289479,0.0309702474986835,0.091928298322141
"Kentucky",5,"2-3",24,242,"months_since_cert_n >=   2.0 & total_deductions_by_hh_size >= 341.0 & unc_rawben_rel_max >=   1.5",2,1,2,1,0,NA,NA,NA,NA,NA,NA,NA,NA,NA,NA,NA,NA,NA,NA,NA,NA,NA
"Kentucky",5,"2-3",30,145,"HH_size_n >=   3 & shelter_expenses_by_hh_size < 655 & total_deductions_by_hh_size >= 466",2,0,2,1,1,1,0.099904187211192,0.099904187211192,0.232948789348528,0.232948789348528,0.282352941176471,0.282352941176471,0.8,0.8,0.705637180228054,0.705637180228054,0.117647058823529,0.117647058823529,0.164705882352941,0.164705882352941,0.0823529411764706,0.0823529411764706
"Kentucky",5,"2-3",38,164,"cat_elig > 0.500 & percent_abawd > 0.125 & unc_rawben_rel_max > 0.673 & unc_rawben_rel_max <= 0.710",1,0,1,1,2,1,0.109440716622855,0.158039449941058,0.237707266867951,0.257800609475261,0.329411764705882,0.343006535947712,0.833333333333333,0.903703703703704,0.766420203212823,0.824303125340635,0.358823529411765,0.382614379084967,0.158823529411765,0.240392156862745,0.0588235294117647,0.10640522875817
"Kentucky",5,"2-3",39,246,"months_since_cert_n >=   6.000 & rawben_rel_max <   0.876 & total_deductions_by_hh_size >= 353.000 & utilities < 462.000",2,1,2,1,3,1,0.0494907994599503,0.14647097327695,0.240415162768421,0.242802942708272,0.235294117647059,0.352941176470588,0.6,0.741587301587302,0.707867205734617,0.79723092046485,0.135947712418301,0.196906318082789,0.133333333333333,0.221512605042017,0.0686274509803921,0.148963585434174
"Kentucky",5,"2-3",50,203,"expedited_i <=   0.500 & percent_abawd >   0.583 & rawben_rel_max <=   0.711 & shelter_expenses_by_hh_size <= 278.000",1,0,1,1,4,1,0.0106666909451875,0.107001690458205,0.183342375510456,0.258620308220252,0.103361344537815,0.322510276952621,0.833333333333333,0.89413988657845,0.356366002256583,0.774702424399995,0.24453781512605,0.262556062122391,0.129411764705882,0.300194860552917,0.0184873949579832,0.113646592852642
"Kentucky",5,"2-3",59,224,"medical_deductions > 131.000 & rawben_rel_max >   0.643 & unc_rawben_rel_max >   0.130",2,0,2,1,5,1,0.128194989336315,0.185777796201853,0.164237001072929,0.218767970817091,0.439121353008557,0.49341858501156,0.8,0.933732876712329,0.723141222274907,0.778802645169077,0.280708847112728,0.331658301413113,0.0767131594906004,0.20566009979758,0.0185567010309279,0.116339984659306
"Kentucky",5,"2-3",65,140,"HH_size_n >   2.500 & rawben_rel_max >   0.457 & shelter_expenses_by_hh_size > 456.000 & total_deductions_by_hh_size > 387.000",1,0,1,1,6,1,0.0148344655879742,0.105311569137304,0.098430619573938,0.207616630194865,0.105740609496811,0.307985947881736,0.6,0.826732930552849,0.207684868086086,0.658165512996348,0.0956768249468462,0.172096428345916,0.0681785967399007,0.150582429609479,0.023954642097803,0.0856106963135823
"Kentucky",5,"4+",3,482,"months_since_cert_n >=  11 & total_deductions_by_hh_size >= 228 & total_deductions_by_hh_size < 261",1,1,1,1,0,NA,NA,NA,NA,NA,NA,NA,NA,NA,NA,NA,NA,NA,NA,NA,NA,NA
"Kentucky",5,"4+",26,480,"months_since_cert_n >=   9.000 & rawben_rel_max <   0.822 & total_deductions_by_hh_size >= 109.000 & unc_rawben_rel_max >=   0.725",1,0,1,1,1,1,0.004863057213598,0.004863057213598,0.163397494663105,0.163397494663105,0.0918949771689498,0.0918949771689498,0.6,0.6,0.303031120176185,0.303031120176185,0.171232876712329,0.171232876712329,0.187214611872146,0.187214611872146,0.069634703196347,0.069634703196347
"Kentucky",5,"4+",31,487,"months_since_cert_n >= 10.000 & rawben_rel_max >=  0.683 & rawben_rel_max <  0.820 & total_deductions_by_hh_size >= 27.000",2,0,3,0.666666666666667,2,0.666666666666667,0.00541017299825706,0.00669840007470686,0.0630844120991764,0.0934264582010108,0.0566625155666252,0.0691460554927851,0.4,0.452980132450331,0.0626666037741635,0.135719581514596,0.102739726027397,0.124390049455821,0.0178082191780822,0.0596491083382129,0.0155666251556662,0.0262935075145907
"Kentucky",5,"4+",46,310,"HH_size_n >   4.500 & months_since_cert_n >   5.500 & rawben_rel_max <=   0.997 & shelter_expenses_by_hh_size > 263.000",3,3,4,0.75,3,0.75,0.0117386466915231,0.0148604319115254,0.131117214410539,0.160835317281155,0.0855435733022443,0.0957098907182297,0.666666666666667,0.68724279835391,0.329760075974614,0.353686565357907,0.107446808510638,0.141057928617435,0.0766843971631205,0.126226556289058,0.0367504835589942,0.0422526401792246
"Kentucky",5,"4+",48,488,"months_since_cert_n >= 5.000 & rawben_rel_max >= 0.607 & rawben_rel_max < 0.625",2,0,2,1,4,1,0.0109769300752861,0.0255124406132384,0.194491160495098,0.196290913411816,0.152525252525253,0.165249324109081,0.25,0.518400621118012,0.528438281494923,0.553721502976421,0.196414499605989,0.210381458957422,0.0524034672970843,0.10265193153849,0.197990543735225,0.208654904155962
"Kentucky",5,"4+",49,522,"shelter_expenses_by_hh_size <= 341.000 & total_deductions_by_hh_size > 233.000 & unc_rawben_rel_max <=   0.976",3,0,4,0.75,5,0.75,0.00320915044843163,0.0098404672543251,0.135208454630698,0.156513366216098,0.23526018969495,0.258570717610128,0.8,0.923254738788719,0.393459640499478,0.447558573038358,0.218373493975904,0.247512304790732,0.167336010709505,0.245991548862543,0.001473981030505,0.0404073927989025
"Kentucky",5,"4+",52,442,"months_since_cert_n >   5.500 & rawben_rel_max >   0.724 & rawben_rel_max <=   0.974 & shelter_expenses_by_hh_size > 162.000",6,1,10,0.6,6,0.6,0.00839325949221813,0.0166084879976231,0.078066925729871,0.132548658436098,0.0611188696295079,0.133088364503711,0.25,0.605544521681562,0.164641307948043,0.293874653240281,0.099052299052299,0.148930474257346,0.046681179659903,0.120671080050422,0.0191295191295191,0.0374191628947839
"Kentucky",5,"4+",57,371,"count_divisible_by_100 > 1.5 & months_since_cert_n > 5.5",1,1,1,1,7,1,0.00287819260392995,0.0333788359039558,0.147097070499462,0.171709831682275,NA,NA,0.75,0.833409238776838,0.407208699635424,0.496832028045162,NA,NA,NA,NA,NA,NA
"Kentucky",5,"4+",61,486,"months_since_cert_n >= 10.000 & rawben_rel_max >=  0.683 & rawben_rel_max <  0.820",1,1,4,0.25,8,0.25,0.00115044952015333,0.0124543641610468,0.022852400004767,0.136400347265178,0.0415891195418755,0.127132803311132,0,0.49561626429479,0.0158382181146296,0.300444411758669,0.0344309234073013,0.130458556450388,0.0402329845755582,0.125131757180016,0.00799562216885053,0.0245953006313034
"Kentucky",5,"4+",64,497,"rawben_rel_max <   0.873 & shelter_expenses_by_hh_size < 486.000 & total_deductions_by_hh_size >= 286.000",1,0,3,0.333333333333333,9,0.333333333333333,0.00229994240469858,0.0103098031545662,0.0865372342096507,0.177212239314254,0.0560609786083108,0.213155051158218,0.5,0.740464252553389,0.107967815675782,0.447910199765544,0.0550364724202934,0.191051381941671,0.0271699041062208,0.216676233968153,0.010230863999143,0.0253101468750971
"Kentucky",10,"1",6,125,"shelter_expenses_by_hh_size > 878.000 & unc_rawben_rel_max >   0.379 & unc_rawben_rel_max <=   0.991 & utilities <=  29.500",1,1,1,1,0,NA,NA,NA,NA,NA,NA,NA,NA,NA,NA,NA,NA,NA,NA,NA,NA,NA
"Kentucky",10,"1",8,30,"elderly_disabled_i >=   1.00 & rawben_rel_max >=   1.00 & unc_rawben_rel_max >=   1.52 & utilities < 313.00",1,1,1,1,1,1,0.182581053338084,0.182581053338084,0.186790688897972,0.186790688897972,0.718079673135853,0.718079673135853,0.666666666666667,0.666666666666667,0.820001986253516,0.820001986253516,0.340858018386108,0.340858018386108,0.263942798774259,0.263942798774259,0.179468845760981,0.179468845760981
"Kentucky",10,"1",9,38,"expedited_i <=   0.50 & total_deductions_by_hh_size <= 920.00 & unc_rawben_rel_max >   1.93 & utilities <= 684.00",2,1,2,1,2,1,0.0409020576111312,0.123078457831546,0.11931840247237,0.170041461428421,0.121302453565696,0.379479429078145,0.666666666666667,0.666666666666667,0.378735569283959,0.613562640393094,0.217152029351066,0.298116041262109,0.0442559046090347,0.147862554780693,0.0789956432011007,0.159510265015883
"Kentucky",10,"1",12,100,"rawben_rel_max <=   0.994 & total_deductions_by_hh_size > 534.000 & unc_rawben_rel_max >   0.987 & utilities <= 466.000",2,0,2,1,3,1,0.0249769900894377,0.162449025649142,0.178645518978088,0.202862043728377,0.229502572898799,0.567283682555669,0.666666666666667,0.666666666666667,0.509205258655912,0.761112205506353,0.0843910806174957,0.278630090549175,0.129845626072041,0.317014029872696,0.0542024013722127,0.163000135218378
"Kentucky",10,"1",13,54,"medical_deductions > 200.000 & rawben_rel_max >   0.473 & rawben_rel_max <=   0.991 & utilities <= 392.000",1,0,1,1,4,1,0.0278541520061279,0.115209045307639,0.119125023560569,0.182130963364991,0.618020793222949,0.656641620264989,0.666666666666667,0.752123552123552,0.581359348611222,0.750779715898127,0.150943396226415,0.28051018273254,0.0754716981132075,0.252285627776709,0.062187139006546,0.199039424539288
"Kentucky",10,"1",19,111,"rawben_rel_max >=   0.236 & rawben_rel_max <   1.000 & total_deductions_by_hh_size >= 511.000 & utilities < 249.000",1,0,2,0.5,5,0.5,0.0119104171643349,0.104779621788365,0.0820558659723516,0.167967146344026,0.200129254631624,0.457854401711508,0.4,0.640024110910187,0.209945535787753,0.601914363824476,0.0876346402412753,0.19446103567187,0.0558884020388089,0.19239280284184,0.0638469104891353,0.123363520677228
"Kentucky",10,"1",21,118,"rawben_rel_max >=   0.988 & rawben_rel_max <   1.000 & shelter_expenses_by_hh_size >= 692.000 & utilities < 580.000",2,0,4,0.5,6,0.5,0.00926369619138219,0.0839214767810949,0.037445236250751,0.174281334703658,0.0466632898569077,0.408087497423776,0.4,0.58497580850522,0.0568184746489166,0.585735490951787,0.035519817652273,0.165506434516399,0.00474863872356593,0.162711674060678,0.0220336836773458,0.133312011305132
"Kentucky",10,"1",29,106,"rawben_rel_max >   0.727 & rawben_rel_max <=   0.991 & shelter_expenses_by_hh_size > 413.000 & utilities <=  28.500",1,0,1,1,7,1,0.015426436343433,0.0700372456186719,0.11076037357931,0.179037468937302,0.075598999473407,0.308789995755882,0,0.45655457508546,0.261497096896445,0.551198617384069,0.0507174828857293,0.13452681994131,0.0345959595959596,0.145125955289479,0.0309702474986835,0.091928298322141
"Kentucky",10,"1",77,81,"months_since_cert_n >=   7.00000 & shelter_expenses_by_hh_size >= 405.00000 & unc_rawben_rel_max >=  -0.00400 & unc_rawben_rel_max <   0.00356",2,0,2,1,8,1,0.0892045540565004,0.127312662125557,0.220606756791115,0.253834412241081,0.090941011235955,0.607357621725252,0.4,0.857384987893463,0.70707036663287,0.85090908970316,0.447066326530612,0.610012755542247,0.0417837078651685,0.2558792429483,0.126768867924528,0.318399408037047
"Kentucky",10,"1",99,9,"cat_elig >=   1 & medical_deductions >= 227 & shelter_expenses_by_hh_size >= 387 & utilities < 456",3,0,4,0.75,9,0.75,0.0150720721836414,0.070474293469562,0.116844749780823,0.17300513918264,0.0843910806174957,0.583032242039104,0.666666666666667,0.77014157014157,0.177934651514159,0.660885391920933,0.0686106346483705,0.213006984974076,0.065180102915952,0.20856408628874,0.0281303602058319,0.203935731711764
"Kentucky",10,"2-3",24,242,"months_since_cert_n >=   2.0 & total_deductions_by_hh_size >= 341.0 & unc_rawben_rel_max >=   1.5",2,1,2,1,0,NA,NA,NA,NA,NA,NA,NA,NA,NA,NA,NA,NA,NA,NA,NA,NA,NA
"Kentucky",10,"2-3",30,145,"HH_size_n >=   3 & shelter_expenses_by_hh_size < 655 & total_deductions_by_hh_size >= 466",2,0,2,1,1,1,0.099904187211192,0.099904187211192,0.232948789348528,0.232948789348528,0.282352941176471,0.282352941176471,0.8,0.8,0.705637180228054,0.705637180228054,0.117647058823529,0.117647058823529,0.164705882352941,0.164705882352941,0.0823529411764706,0.0823529411764706
"Kentucky",10,"2-3",38,164,"cat_elig > 0.500 & percent_abawd > 0.125 & unc_rawben_rel_max > 0.673 & unc_rawben_rel_max <= 0.710",1,0,1,1,2,1,0.109440716622855,0.158039449941058,0.237707266867951,0.257800609475261,0.329411764705882,0.343006535947712,0.833333333333333,0.903703703703704,0.766420203212823,0.824303125340635,0.358823529411765,0.382614379084967,0.158823529411765,0.240392156862745,0.0588235294117647,0.10640522875817
"Kentucky",10,"2-3",39,246,"months_since_cert_n >=   6.000 & rawben_rel_max <   0.876 & total_deductions_by_hh_size >= 353.000 & utilities < 462.000",2,1,2,1,3,1,0.0494907994599503,0.14647097327695,0.240415162768421,0.242802942708272,0.235294117647059,0.352941176470588,0.6,0.741587301587302,0.707867205734617,0.79723092046485,0.135947712418301,0.196906318082789,0.133333333333333,0.221512605042017,0.0686274509803921,0.148963585434174
"Kentucky",10,"2-3",50,203,"expedited_i <=   0.500 & percent_abawd >   0.583 & rawben_rel_max <=   0.711 & shelter_expenses_by_hh_size <= 278.000",1,0,1,1,4,1,0.0106666909451875,0.107001690458205,0.183342375510456,0.258620308220252,0.103361344537815,0.322510276952621,0.833333333333333,0.89413988657845,0.356366002256583,0.774702424399995,0.24453781512605,0.262556062122391,0.129411764705882,0.300194860552917,0.0184873949579832,0.113646592852642
"Kentucky",10,"2-3",59,224,"medical_deductions > 131.000 & rawben_rel_max >   0.643 & unc_rawben_rel_max >   0.130",2,0,2,1,5,1,0.128194989336315,0.185777796201853,0.164237001072929,0.218767970817091,0.439121353008557,0.49341858501156,0.8,0.933732876712329,0.723141222274907,0.778802645169077,0.280708847112728,0.331658301413113,0.0767131594906004,0.20566009979758,0.0185567010309279,0.116339984659306
"Kentucky",10,"2-3",65,140,"HH_size_n >   2.500 & rawben_rel_max >   0.457 & shelter_expenses_by_hh_size > 456.000 & total_deductions_by_hh_size > 387.000",1,0,1,1,6,1,0.0148344655879742,0.105311569137304,0.098430619573938,0.207616630194865,0.105740609496811,0.307985947881736,0.6,0.826732930552849,0.207684868086086,0.658165512996348,0.0956768249468462,0.172096428345916,0.0681785967399007,0.150582429609479,0.023954642097803,0.0856106963135823
"Kentucky",10,"4+",3,482,"months_since_cert_n >=  11 & total_deductions_by_hh_size >= 228 & total_deductions_by_hh_size < 261",1,1,1,1,0,NA,NA,NA,NA,NA,NA,NA,NA,NA,NA,NA,NA,NA,NA,NA,NA,NA
"Kentucky",10,"4+",26,480,"months_since_cert_n >=   9.000 & rawben_rel_max <   0.822 & total_deductions_by_hh_size >= 109.000 & unc_rawben_rel_max >=   0.725",1,0,1,1,1,1,0.004863057213598,0.004863057213598,0.163397494663105,0.163397494663105,0.0918949771689498,0.0918949771689498,0.6,0.6,0.303031120176185,0.303031120176185,0.171232876712329,0.171232876712329,0.187214611872146,0.187214611872146,0.069634703196347,0.069634703196347
"Kentucky",10,"4+",31,487,"months_since_cert_n >= 10.000 & rawben_rel_max >=  0.683 & rawben_rel_max <  0.820 & total_deductions_by_hh_size >= 27.000",2,0,3,0.666666666666667,2,0.666666666666667,0.00541017299825706,0.00669840007470686,0.0630844120991764,0.0934264582010108,0.0566625155666252,0.0691460554927851,0.4,0.452980132450331,0.0626666037741635,0.135719581514596,0.102739726027397,0.124390049455821,0.0178082191780822,0.0596491083382129,0.0155666251556662,0.0262935075145907
"Kentucky",10,"4+",46,310,"HH_size_n >   4.500 & months_since_cert_n >   5.500 & rawben_rel_max <=   0.997 & shelter_expenses_by_hh_size > 263.000",3,3,4,0.75,3,0.75,0.0117386466915231,0.0148604319115254,0.131117214410539,0.160835317281155,0.0855435733022443,0.0957098907182297,0.666666666666667,0.68724279835391,0.329760075974614,0.353686565357907,0.107446808510638,0.141057928617435,0.0766843971631205,0.126226556289058,0.0367504835589942,0.0422526401792246
"Kentucky",10,"4+",48,488,"months_since_cert_n >= 5.000 & rawben_rel_max >= 0.607 & rawben_rel_max < 0.625",2,0,2,1,4,1,0.0109769300752861,0.0255124406132384,0.194491160495098,0.196290913411816,0.152525252525253,0.165249324109081,0.25,0.518400621118012,0.528438281494923,0.553721502976421,0.196414499605989,0.210381458957422,0.0524034672970843,0.10265193153849,0.197990543735225,0.208654904155962
"Kentucky",10,"4+",49,522,"shelter_expenses_by_hh_size <= 341.000 & total_deductions_by_hh_size > 233.000 & unc_rawben_rel_max <=   0.976",3,0,4,0.75,5,0.75,0.00320915044843163,0.0098404672543251,0.135208454630698,0.156513366216098,0.23526018969495,0.258570717610128,0.8,0.923254738788719,0.393459640499478,0.447558573038358,0.218373493975904,0.247512304790732,0.167336010709505,0.245991548862543,0.001473981030505,0.0404073927989025
"Kentucky",10,"4+",52,442,"months_since_cert_n >   5.500 & rawben_rel_max >   0.724 & rawben_rel_max <=   0.974 & shelter_expenses_by_hh_size > 162.000",6,1,10,0.6,6,0.6,0.00839325949221813,0.0166084879976231,0.078066925729871,0.132548658436098,0.0611188696295079,0.133088364503711,0.25,0.605544521681562,0.164641307948043,0.293874653240281,0.099052299052299,0.148930474257346,0.046681179659903,0.120671080050422,0.0191295191295191,0.0374191628947839
"Kentucky",10,"4+",57,371,"count_divisible_by_100 > 1.5 & months_since_cert_n > 5.5",1,1,1,1,7,1,0.00287819260392995,0.0333788359039558,0.147097070499462,0.171709831682275,NA,NA,0.75,0.833409238776838,0.407208699635424,0.496832028045162,NA,NA,NA,NA,NA,NA
"Kentucky",10,"4+",61,486,"months_since_cert_n >= 10.000 & rawben_rel_max >=  0.683 & rawben_rel_max <  0.820",1,1,4,0.25,8,0.25,0.00115044952015333,0.0124543641610468,0.022852400004767,0.136400347265178,0.0415891195418755,0.127132803311132,0,0.49561626429479,0.0158382181146296,0.300444411758669,0.0344309234073013,0.130458556450388,0.0402329845755582,0.125131757180016,0.00799562216885053,0.0245953006313034
"Kentucky",10,"4+",64,497,"rawben_rel_max <   0.873 & shelter_expenses_by_hh_size < 486.000 & total_deductions_by_hh_size >= 286.000",1,0,3,0.333333333333333,9,0.333333333333333,0.00229994240469858,0.0103098031545662,0.0865372342096507,0.177212239314254,0.0560609786083108,0.213155051158218,0.5,0.740464252553389,0.107967815675782,0.447910199765544,0.0550364724202934,0.191051381941671,0.0271699041062208,0.216676233968153,0.010230863999143,0.0253101468750971
"Kentucky",10,"4+",69,370,"count_divisible_by_100 > 0.500 & months_since_cert_n > 5.500 & rawben_rel_max <= 0.947",1,0,2,0.5,10,0.5,0.00245389655057941,0.0126994255803979,0.0920601755317313,0.114412730584925,0.0943992773261066,0.188363603413576,0.333333333333333,0.665235772357724,0.178350683659319,0.34161646653732,0.141350409643093,0.199100804479815,0.0460704607046071,0.125788449958984,0.0269517763670787,0.052645816295325
"Kentucky",10,"4+",70,306,"HH_size_n >   4.500 & married <=   0.500 & shelter_expenses_by_hh_size > 251.000 & unc_rawben_rel_max <=   0.976",2,1,3,0.666666666666667,11,0.666666666666667,0.00248668723139701,0.00877069886311577,0.0790889798085761,0.124357333693987,0.0669424743892829,0.136661367879492,0.666666666666667,0.898254038457488,0.116914610814067,0.314723222082293,0.10177304964539,0.139110934327321,0.0545229244114002,0.132387349985986,0.0410306098236178,0.0585707237430424
"Kentucky",10,"4+",71,484,"months_since_cert_n >=  3.000 & rawben_rel_max >=  0.794 & total_deductions_by_hh_size >= 27.000 & unc_rawben_rel_max <  0.821",1,0,2,0.5,12,0.5,0.00230226687256897,0.0150516966320801,0.0625243282443572,0.128920874801995,0.0710831721470019,0.119300996008265,0.4,0.722933183298382,0.164218839512818,0.326066357472556,0.135126777983921,0.179342246683146,0.0432607932607932,0.134448100340192,0.0106245380635625,0.0588742534698157
"Kentucky",10,"4+",79,490,"months_since_cert_n >= 9.000 & rawben_rel_max < 0.822 & unc_rawben_rel_max >= 0.725",1,1,4,0.25,13,0.25,0.000367111516607212,0.00882134034526299,0.0271683512176754,0.127473391872462,0.0411566201283663,0.132192437516675,0.25,0.715826612903226,0.024491346184708,0.29762422944268,0.0554852077817429,0.148216335506116,0.034936809369417,0.140591545175037,0.00560224089635853,0.0288019765039688
"Kentucky",10,"4+",81,478,"months_since_cert_n >=   8.000 & rawben_rel_max <   0.988 & total_deductions_by_hh_size >=  87.300 & utilities < 283.000",1,0,1,1,14,1,0.00282202164406227,0.0236076055115339,0.116804237653938,0.178998915500931,0.145416024653313,0.200496083928495,0.4,0.693759799310129,0.316786205078971,0.504824170230903,0.159236575986327,0.192128879219131,0.065242628279545,0.181667938550768,0.0162429378531073,0.0652514385599454
"Kentucky",10,"4+",83,347,"HH_size_n >= 6.000 & months_since_cert_n >= 6.000 & rawben_rel_max >= 0.391 & rawben_rel_max < 0.920",1,1,6,0.166666666666667,15,0.166666666666667,0.000713567958493269,0.00980803527545058,0.0696595911528464,0.132632285073798,0.0356334841628959,0.116770076739242,0.25,0.61337813072694,0.19103513339236,0.298666065727006,0.0618862520458265,0.123073663338949,0.0121726677577741,0.104277702676319,0.0439305118673148,0.0904028858606325
"Kentucky",10,"4+",84,466,"months_since_cert_n >=   3 & shelter_expenses_by_hh_size >= 137 & total_deductions_by_hh_size >= 217 & utilities < 471",3,1,11,0.272727272727273,16,0.272727272727273,0.00173137683869318,0.0103190121267372,0.0986217919252394,0.163507611736469,0.106541019955654,0.146149662964437,0.4,0.767144018268375,0.210161519262763,0.385750490534085,0.0937851782363978,0.129631125551153,0.00542005420054203,0.0947931237995584,0.0657982261640798,0.123176381340546
"Kentucky",10,"4+",85,411,"married > 0.500 & months_since_cert_n > 5.500 & rawben_rel_max <= 0.990 & unc_rawben_rel_max > 0.508",2,0,11,0.181818181818182,17,0.181818181818182,0.00110584686777515,0.01342457826544,0.0506192639577146,0.113000424243644,0.0442373326332371,0.11672355124738,0.25,0.73649106270074,0.0986720436999766,0.277339517662421,0.0626969020740352,0.119359821991682,0.00974665266474142,0.0951203041854664,0.0313637920753137,0.0835711491472796
"Kentucky",10,"4+",87,445,"months_since_cert_n >   5.500 & shelter_expenses_by_hh_size > 197.000 & unc_rawben_rel_max >   0.405 & unc_rawben_rel_max <=   0.998",5,1,16,0.3125,18,0.3125,0.0169633528724908,0.0295566306339281,0.0470170160799171,0.109968260434286,0.0303709656951906,0.0991965498617005,0.6,0.740057997557998,0.0971647729679068,0.263588240205416,0.0554741051758944,0.0975569989687149,0.00296335656332384,0.0838979346857,0.00675013609145345,0.0567777266559491
"Kentucky",10,"4+",90,435,"months_since_cert_n >   5.50 & months_since_cert_n <=  17.50 & shelter_expenses_by_hh_size > 254.00 & unc_rawben_rel_max <=   0.99",2,0,11,0.181818181818182,19,0.181818181818182,0.00492834203977988,0.0209987185212936,0.030711928929793,0.110023980712021,0.030818675569286,0.0879044426967988,0.4,0.709275629373241,0.0422634865886109,0.231785060742841,0.042066104543698,0.0956089179263802,0.0148502994011976,0.0781073950224258,0.0117379679144385,0.0691156198507762
"Kentucky",10,"4+",91,354,"cat_elig > 0.5 & HH_size_n > 5.5 & married <= 0.5 & rawben_rel_max <= 0.9",4,0,7,0.571428571428571,20,0.571428571428571,0.00108624420812355,0.0150596222759271,0.0925754969868311,0.144446122289689,0.068138852672751,0.107468569916065,0.666666666666667,0.879996707041205,0.131089840400828,0.349342656908109,0.0640929064657878,0.117920566311027,0.0279763120277721,0.171484843211318,0.0141011908512381,0.0650057809208993
"Kentucky",10,"4+",93,355,"cat_elig > 0.500 & HH_size_n > 5.500 & married <= 0.500 & unc_rawben_rel_max <= 0.962",1,0,8,0.125,21,0.125,0.000539830878623769,0.0136365589516773,0.0109284234504992,0.132259024494818,0.0186709712133441,0.101580140497571,0.4,0.843963842968405,0.00383254194040308,0.318438759338948,0.0215227333871402,0.102720466935799,0.0155501748722088,0.14904891578554,0.00333602367500673,0.0608203603309924
"Kentucky",10,"4+",94,334,"HH_size_n > 4.500 & months_since_cert_n > 5.500 & rawben_rel_max <= 0.998 & unc_rawben_rel_max > 0.502",2,0,16,0.125,22,0.125,0.00528461567764352,0.0169055600604097,0.0339584846246458,0.107096235670173,0.0442187486067394,0.0906943955171769,0.25,0.686046645255333,0.0822254837235217,0.231726736390155,0.0371565891196376,0.0886070427727421,0.00699502575945998,0.0792300512894862,0.018647982150546,0.0496885938736347
"Kentucky",10,"4+",96,489,"months_since_cert_n >= 6.000 & rawben_rel_max >= 0.798 & rawben_rel_max < 0.938 & total_deductions_by_hh_size >= 9.200",1,0,8,0.125,23,0.125,0.00058114598332943,0.0122353194201918,0.0437646909695557,0.117580511921839,0.0370027428850958,0.0782661763074497,0,0.699613914310728,0.0769042213943282,0.233342759348231,0.0592777651601181,0.110301044763651,0.0155138978668391,0.113213208486249,0.0104036769159511,0.0452691009140777
"Kentucky",10,"4+",97,352,"cat_elig >   0.500 & HH_size_n >   4.500 & rawben_rel_max <=   0.976 & shelter_expenses_by_hh_size > 251.000",1,1,8,0.125,24,0.125,6.34489683026818e-06,0.0124005054175226,0.037783761866306,0.130686503344524,0.0272667028134225,0.0803272965456713,0.4,0.756378556194194,0.051397299731053,0.256642523303145,0.0582491582491582,0.104307875003614,0.0102719624339659,0.122181592605752,0.00584152689415845,0.0526415915431033
"Kentucky",10,"4+",98,440,"months_since_cert_n >   5.500 & rawben_rel_max >   0.476 & shelter_expenses_by_hh_size > 160.000 & unc_rawben_rel_max <=   0.997",1,0,20,0.05,25,0.05,0.000882437256307295,0.0225561535932936,0.0174457396447209,0.0972974606177784,0.0256501655501373,0.0728308329440984,0.4,0.697046589596984,0.0107183808360654,0.212710909621234,0.027597814223715,0.0822809417204042,0.0120538144490241,0.0813985611771193,0.0052148623577195,0.0429151556390161
"Kentucky",10,"4+",101,356,"cat_elig > 0.500 & HH_size_n > 5.500 & rawben_rel_max <= 0.962 & unc_rawben_rel_max > 0.508",5,1,17,0.294117647058824,26,0.294117647058824,0.00035275604294277,0.0123429010913979,0.0458992907952048,0.119532397112708,0.0317578548212351,0.069344758299517,0.4,0.753201639706588,0.0396107931512338,0.234169654224783,0.0438611466780481,0.0914794615214018,0.0252892821613697,0.131120096003363,0.0120076094734454,0.0574615716893039
"Kentucky",10,"4+",105,344,"HH_size_n >=   5.000 & rawben_rel_max >=   0.681 & rawben_rel_max <   0.959 & shelter_expenses_by_hh_size >= 199.000",3,2,8,0.375,27,0.375,0.00094388306746112,0.0126247447137363,0.0726060036450777,0.125925143929276,0.0272302377565535,0.0777225210264915,0.4,0.695430592846342,0.124099065821426,0.230870191942475,0.0371703907656465,0.0957464997799672,0.00785414239824913,0.118525385065314,0.00891663338484777,0.0469671666135249
"Kentucky",10,"4+",106,469,"months_since_cert_n >=   4.000 & rawben_rel_max <   0.996 & shelter_expenses_by_hh_size >= 324.000 & utilities < 456.000",1,0,11,0.0909090909090909,28,0.0909090909090909,0.000782701914603307,0.0159811480185341,0.0878933121696556,0.162291975245425,0.042794067700668,0.0863212785564765,0.4,0.696146824783399,0.142725814802536,0.326370583829324,0.0506993006993007,0.116649542495905,0.0197335132400067,0.0957784968028692,0.0104414432574077,0.120716818457555
"Kentucky",10,"4+",107,460,"months_since_cert_n > 5.500 & rawben_rel_max <= 0.997 & total_deductions_by_hh_size > 9.060 & unc_rawben_rel_max > 0.422",1,0,30,0.0333333333333333,29,0.0333333333333333,0.00520987201905371,0.0264091658673414,0.0239197503494597,0.0966891276500162,0.0183588822202684,0.0614950586648782,0,0.701470636065005,0.034014761801499,0.199109141310724,0.0255668820116762,0.0751641549472348,0.00902323482968644,0.0907053074870364,0.00375139211816886,0.0409516213680855
"Louisiana",5,"1",12,30,"elderly_disabled_i >=   1.00 & rawben_rel_max >=   1.00 & unc_rawben_rel_max >=   1.52 & utilities < 313.00",2,0,2,1,0,NA,NA,NA,NA,NA,NA,NA,NA,NA,NA,NA,NA,NA,NA,NA,NA,NA
"Louisiana",5,"1",13,116,"rawben_rel_max >=   0.988 & rawben_rel_max <   0.992 & total_deductions_by_hh_size >= 198.000 & utilities < 452.000",2,1,2,1,1,1,0.200390299366635,0.200390299366635,0.210055734186334,0.210055734186334,0.745925700981881,0.745925700981881,0.666666666666667,0.666666666666667,0.865093068452223,0.865093068452223,0.366028950298613,0.366028950298613,0.401862536693997,0.401862536693997,0.174207915780949,0.174207915780949
"Louisiana",5,"1",16,100,"rawben_rel_max <=   0.994 & total_deductions_by_hh_size > 534.000 & unc_rawben_rel_max >   0.987 & utilities <= 466.000",1,0,3,0.333333333333333,2,0.333333333333333,0.0026840988305688,0.0934045867664943,0.0537821586876281,0.137484407995994,0.024817270100289,0.342056082772992,0.4,0.5209797657082,0.0257676473985635,0.421713275866431,0.0222675505694374,0.175716927734137,0.00807411184769678,0.183062713910961,0.00620431752507223,0.0850451503642565
"Louisiana",5,"1",17,111,"rawben_rel_max >=   0.236 & rawben_rel_max <   1.000 & total_deductions_by_hh_size >= 511.000 & utilities < 249.000",2,0,2,1,3,1,0.0259820353056507,0.0753193231841621,0.168317069946012,0.182970458949464,0.290619690601806,0.40637760970582,0,0.335988819007687,0.508896456384971,0.613368373831329,0.114640707057769,0.165212864844853,0.0630868282214075,0.150381578397686,0.058067546219205,0.0773425077598951
"Louisiana",5,"1",19,88,"rawben_rel_max <   0.992 & shelter_expenses_by_hh_size >= 831.000 & unc_rawben_rel_max >=   0.270 & utilities < 277.000",3,0,3,1,4,1,0.0161216024286172,0.0490928613519303,0.0512496002795779,0.129463121279035,0.167093983891436,0.289629337134587,0.4,0.610598290598291,0.207152898280526,0.438483934724766,0.0492839199233419,0.122821057179205,0.0259757076632222,0.100043520060113,0.0578925662439427,0.0941459165620557
"Louisiana",5,"1",21,26,"elderly_disabled_i >   0.500 & rawben_rel_max >   0.998 & shelter_expenses_by_hh_size <= 676.000 & unc_rawben_rel_max >   1.790",2,1,2,1,5,1,0.0108000467691923,0.169987384512442,0.0984532024741857,0.215958213750352,0.123157741135269,0.574803660093384,0.4,0.794484280198566,0.231781427129491,0.794779344092646,0.13512330366263,0.277100399514967,0.111046257113673,0.381821864929031,0.120531154239019,0.249511162214777
"Louisiana",5,"1",23,71,"months_since_cert_n >   5.5 & shelter_expenses_by_hh_size > 408.0 & total_deductions_by_hh_size > 647.0 & utilities <=  28.5",1,0,2,0.5,6,0.5,0.0439115275124155,0.0740497513977299,0.132605977613684,0.167732080974617,0.116146205284685,0.302815401564151,0.666666666666667,0.722021210230817,0.3331670192424,0.535593769199709,0.0857100082341492,0.156213187180009,0.137660004491354,0.181881530579943,0.0724534181652925,0.116662721780817
"Louisiana",5,"1",29,31,"elderly_disabled_i >=   1.00 & shelter_expenses_by_hh_size < 860.00 & unc_rawben_rel_max >=   1.45 & utilities < 462.00",1,0,4,0.25,7,0.25,0.0215896959834524,0.170602295490966,0.0756600143902318,0.201416963980734,0.0412162687611789,0.541800489742131,0.4,0.698169096209913,0.152031086507964,0.73358427270771,0.0582471420794774,0.266251890414999,0.0456166319047298,0.263218441507431,0.0506260206859009,0.183088893711583
"Louisiana",5,"2-3",1,163,"cat_elig > 0.500 & children_i > 0.500 & rawben_rel_max > 0.996 & unc_rawben_rel_max > 1.690",1,0,1,1,0,NA,NA,NA,NA,NA,NA,NA,NA,NA,NA,NA,NA,NA,NA,NA,NA,NA
"Louisiana",5,"2-3",4,188,"elderly_disabled_i > 0.500 & married <= 0.500 & rawben_rel_max > 0.996 & unc_rawben_rel_max > 1.550",2,1,2,1,1,1,0.0160562972719352,0.0160562972719352,0.094924892334913,0.094924892334913,0.295238095238095,0.295238095238095,0.666666666666667,0.666666666666667,0.304846756422767,0.304846756422767,0.138095238095238,0.138095238095238,0.223809523809524,0.223809523809524,0.1,0.1
"Louisiana",5,"2-3",18,234,"medical_deductions >= 175.000 & rawben_rel_max >=   0.806 & shelter_expenses_by_hh_size < 797.000 & total_deductions_by_hh_size >=  75.000",1,0,1,1,2,1,0.249469210094788,0.255277124549073,0.143443033607851,0.161773789352688,NA,NA,0.857142857142857,0.857142857142857,0.636860500869085,0.675409694956742,NA,NA,NA,NA,NA,NA
"Louisiana",5,"2-3",24,193,"elderly_disabled_i >=   1.000 & medical_deductions >= 500.000 & rawben_rel_max >=   0.234 & unc_rawben_rel_max >=   0.198",1,0,1,1,3,1,0.0105349495136016,0.202557550557277,0.130648790927236,0.172454415826663,0.596525096525096,0.603579822058083,0.4,0.555191256830601,0.231192309381726,0.683325034461749,0.29021879021879,0.318495047842874,0.0997425997425997,0.199483800570757,0.0598455598455598,0.104410777236864
"Louisiana",5,"2-3",26,142,"HH_size_n >   2.500 & total_deductions_by_hh_size > 440.000 & unc_rawben_rel_max >   0.640 & unc_rawben_rel_max <=   0.996",1,0,1,1,4,1,0.125105972000142,0.137746394450055,0.217436928852752,0.239133117335358,0.281481481481481,0.412332552332552,0.857142857142857,0.857142857142857,0.719552217264986,0.801094715669507,0.134920634920635,0.207969507969508,0.0529100529100529,0.127401357401357,0.0714285714285714,0.152576752576753
"Louisiana",5,"2-3",35,271,"shelter_expenses_by_hh_size < 650 & total_deductions_by_hh_size >= 625",3,1,7,0.428571428571429,5,0.428571428571429,0.0345726466990213,0.102747363713209,0.162070490008154,0.177145831070825,0.133040935672515,0.314011430100539,0.5,0.873275862068965,0.450742241769901,0.57816155446327,0.137218045112782,0.182113867757432,0.0281954887218046,0.101319444584166,0.0185185185185186,0.109777890001965
"Louisiana",5,"2-3",40,145,"HH_size_n >=   3 & shelter_expenses_by_hh_size < 655 & total_deductions_by_hh_size >= 466",1,0,3,0.333333333333333,6,0.333333333333333,0.0414262663096003,0.0857740636555167,0.115179352283807,0.165114623989551,0.067755991285403,0.269270804544144,0.333333333333333,0.680487804878049,0.257121577504633,0.521479957309377,0.083442265795207,0.144397923565543,0.0224400871459695,0.0949459881712048,0.0294117647058824,0.0795791949437512
"Louisiana",5,"4+",10,451,"months_since_cert_n >  12.5 & total_deductions_by_hh_size > 231.0",1,0,1,1,0,NA,NA,NA,NA,NA,NA,NA,NA,NA,NA,NA,NA,NA,NA,NA,NA,NA
"Louisiana",5,"4+",22,434,"months_since_cert_n >   5.5 & total_deductions_by_hh_size > 215.0 & utilities <= 442.0",7,3,8,0.875,1,0.875,0.0238256603249397,0.0238256603249397,0.170211526451226,0.170211526451226,NA,NA,0.333333333333333,0.333333333333333,0.334287130638856,0.334287130638856,NA,NA,NA,NA,NA,NA
"Louisiana",5,"4+",27,480,"months_since_cert_n >=   9.000 & rawben_rel_max <   0.822 & total_deductions_by_hh_size >= 109.000 & unc_rawben_rel_max >=   0.725",2,0,4,0.5,2,0.5,0.0116266398585471,0.0120978261047846,0.156837568665159,0.162651245826478,0.149982437653671,0.149982437653671,0.5,0.58232044198895,0.385362630286101,0.396082053009605,0.180540920266948,0.180540920266948,0.076103500761035,0.076103500761035,0.14284041681302,0.14284041681302
"Louisiana",5,"4+",33,519,"shelter_expenses_by_hh_size < 341.00 & total_deductions_by_hh_size >= 323.00 & unc_rawben_rel_max <   1.02 & utilities >= 368.00",2,1,3,0.666666666666667,3,0.666666666666667,0.00250351032387262,0.0146225344481911,0.142761571308273,0.163203608118542,0.250591016548463,0.274633868673507,0.8,0.838731245923027,0.421219849214242,0.455165223880079,0.20603746135661,0.224090604844142,0.249136206583015,0.274173443931084,0.0629554065870008,0.140471195931591
"Louisiana",5,"4+",34,477,"months_since_cert_n >=   8.000 & rawben_rel_max <   0.965 & total_deductions_by_hh_size >= 178.000 & unc_rawben_rel_max >=   0.793",2,0,4,0.5,4,0.5,7.95820402091155e-05,0.0077960371479309,0.0623918147088888,0.124478022548285,0.113664113664114,0.153558173894313,0,0.447861178369653,0.208288103452382,0.317121335669025,0.125778331257783,0.147383970430508,0.0532800532800533,0.115486117034839,0.0772104607721046,0.0944843816550633
"Louisiana",5,"4+",36,365,"count_divisible_by_100 >   1.5 & HH_size_n <=   4.5 & months_since_cert_n <=  10.5 & utilities <= 588.0",1,0,1,1,5,1,0.0130729222940694,0.0265686305386978,0.143623702711779,0.178887977601673,NA,NA,0.833333333333333,0.947829131652661,0.406270589785584,0.566256509569058,NA,NA,NA,NA,NA,NA
"Louisiana",5,"4+",37,426,"months_since_cert_n >   4.500 & rawben_rel_max <=   0.977 & total_deductions_by_hh_size > 221.000 & utilities <= 454.000",2,1,8,0.25,6,0.25,0.00375099247422103,0.0158034687348409,0.0638448876677204,0.134215860050971,0.0527626354398008,0.120330671306948,0.25,0.447698568621948,0.047907248618261,0.309217540183031,0.0430715391345313,0.126875443277883,0.0113735783027122,0.0724904083833897,0.0181035062924827,0.108574918440158
"Louisiana",5,"4+",44,487,"months_since_cert_n >= 10.000 & rawben_rel_max >=  0.683 & rawben_rel_max <  0.820 & total_deductions_by_hh_size >= 27.000",2,0,6,0.333333333333333,7,0.333333333333333,0.00533059095804794,0.009589316370218,0.0630844120991764,0.16200591061765,0.0566625155666252,0.138000307846716,0.4,0.516417298626768,0.0626666037741635,0.369741146955725,0.101298701298701,0.143304311785122,0.0178082191780822,0.0920705105775265,0.0155666251556662,0.102609301441481
"Louisiana",10,"1",12,30,"elderly_disabled_i >=   1.00 & rawben_rel_max >=   1.00 & unc_rawben_rel_max >=   1.52 & utilities < 313.00",2,0,2,1,0,NA,NA,NA,NA,NA,NA,NA,NA,NA,NA,NA,NA,NA,NA,NA,NA,NA
"Louisiana",10,"1",13,116,"rawben_rel_max >=   0.988 & rawben_rel_max <   0.992 & total_deductions_by_hh_size >= 198.000 & utilities < 452.000",2,1,2,1,1,1,0.200390299366635,0.200390299366635,0.210055734186334,0.210055734186334,0.745925700981881,0.745925700981881,0.666666666666667,0.666666666666667,0.865093068452223,0.865093068452223,0.366028950298613,0.366028950298613,0.401862536693997,0.401862536693997,0.174207915780949,0.174207915780949
"Louisiana",10,"1",16,100,"rawben_rel_max <=   0.994 & total_deductions_by_hh_size > 534.000 & unc_rawben_rel_max >   0.987 & utilities <= 466.000",1,0,3,0.333333333333333,2,0.333333333333333,0.0026840988305688,0.0934045867664943,0.0537821586876281,0.137484407995994,0.024817270100289,0.342056082772992,0.4,0.5209797657082,0.0257676473985635,0.421713275866431,0.0222675505694374,0.175716927734137,0.00807411184769678,0.183062713910961,0.00620431752507223,0.0850451503642565
"Louisiana",10,"1",17,111,"rawben_rel_max >=   0.236 & rawben_rel_max <   1.000 & total_deductions_by_hh_size >= 511.000 & utilities < 249.000",2,0,2,1,3,1,0.0259820353056507,0.0753193231841621,0.168317069946012,0.182970458949464,0.290619690601806,0.40637760970582,0,0.335988819007687,0.508896456384971,0.613368373831329,0.114640707057769,0.165212864844853,0.0630868282214075,0.150381578397686,0.058067546219205,0.0773425077598951
"Louisiana",10,"1",19,88,"rawben_rel_max <   0.992 & shelter_expenses_by_hh_size >= 831.000 & unc_rawben_rel_max >=   0.270 & utilities < 277.000",3,0,3,1,4,1,0.0161216024286172,0.0490928613519303,0.0512496002795779,0.129463121279035,0.167093983891436,0.289629337134587,0.4,0.610598290598291,0.207152898280526,0.438483934724766,0.0492839199233419,0.122821057179205,0.0259757076632222,0.100043520060113,0.0578925662439427,0.0941459165620557
"Louisiana",10,"1",21,26,"elderly_disabled_i >   0.500 & rawben_rel_max >   0.998 & shelter_expenses_by_hh_size <= 676.000 & unc_rawben_rel_max >   1.790",2,1,2,1,5,1,0.0108000467691923,0.169987384512442,0.0984532024741857,0.215958213750352,0.123157741135269,0.574803660093384,0.4,0.794484280198566,0.231781427129491,0.794779344092646,0.13512330366263,0.277100399514967,0.111046257113673,0.381821864929031,0.120531154239019,0.249511162214777
"Louisiana",10,"1",23,71,"months_since_cert_n >   5.5 & shelter_expenses_by_hh_size > 408.0 & total_deductions_by_hh_size > 647.0 & utilities <=  28.5",1,0,2,0.5,6,0.5,0.0439115275124155,0.0740497513977299,0.132605977613684,0.167732080974617,0.116146205284685,0.302815401564151,0.666666666666667,0.722021210230817,0.3331670192424,0.535593769199709,0.0857100082341492,0.156213187180009,0.137660004491354,0.181881530579943,0.0724534181652925,0.116662721780817
"Louisiana",10,"1",29,31,"elderly_disabled_i >=   1.00 & shelter_expenses_by_hh_size < 860.00 & unc_rawben_rel_max >=   1.45 & utilities < 462.00",1,0,4,0.25,7,0.25,0.0215896959834524,0.170602295490966,0.0756600143902318,0.201416963980734,0.0412162687611789,0.541800489742131,0.4,0.698169096209913,0.152031086507964,0.73358427270771,0.0582471420794774,0.266251890414999,0.0456166319047298,0.263218441507431,0.0506260206859009,0.183088893711583
"Louisiana",10,"1",41,79,"months_since_cert_n >=   7.00 & shelter_expenses_by_hh_size >= 462.00 & unc_rawben_rel_max >=   1.67 & utilities < 462.00",3,2,5,0.6,8,0.6,0.00264684452771884,0.126961246307965,0.141282290816116,0.19631035938614,0.324520190388454,0.529972533782355,0.4,0.680795532969446,0.334116837340684,0.700381550326263,0.176692768309535,0.29611596640632,0.00179820179820184,0.292435364560193,0.0341475270385223,0.0986347241740871
"Louisiana",10,"1",51,27,"elderly_disabled_i >   0.500 & total_deductions_by_hh_size > 438.000 & unc_rawben_rel_max >   0.316 & utilities <= 276.000",1,0,6,0.166666666666667,9,0.166666666666667,0.0243340290776383,0.0963592815989661,0.0925828134363655,0.159688600641138,0.101359827387225,0.363041428204056,0.4,0.578171745152355,0.254340851843679,0.52611684588593,0.0373244449073833,0.175342252418746,0.0569867291178767,0.185786139873,0.007864173740951,0.0848983241614015
"Louisiana",10,"1",60,80,"months_since_cert_n >=   7.000 & rawben_rel_max >=   0.992 & unc_rawben_rel_max >=   1.550 & utilities < 392.000",2,0,4,0.5,10,0.5,0.00423524734399913,0.113460028896808,0.0649667381011159,0.188243641164358,0.0678205128205128,0.501749090138481,0.4,0.616753926701571,0.0741463562800173,0.633775294553988,0.0883333333333333,0.313104227858483,0.0286363636363637,0.296205627097656,0.0326303317535545,0.0859612614218314
"Louisiana",10,"1",69,4,"cat_elig >   0.500 & medical_deductions > 226.000 & unc_rawben_rel_max >   0.316 & unc_rawben_rel_max <=   0.991",1,0,1,1,11,1,0.0171059137863647,0.108117419133944,0.110990491013396,0.185114419130091,0.500131868131868,0.587874143031325,0.857142857142857,0.887454177381408,0.503515505154919,0.714596242477494,0.0977440758293839,0.209316742824797,0.0175924170616114,0.191871552692169,0.0152727272727273,0.192894325949268
"Louisiana",10,"1",84,78,"months_since_cert_n >=   6.00 & rawben_rel_max >=   1.00 & unc_rawben_rel_max >=   1.48 & utilities < 340.00",1,0,6,0.166666666666667,12,0.166666666666667,0.00701214555204673,0.105335604731295,0.0511520787517776,0.175552267249514,0.078931623931624,0.447504031837477,0,0.567371328144615,0.0840552895444636,0.587774093593167,0.0735042735042735,0.245492492730269,0.0643589743589744,0.293486605798343,0.0170940170940171,0.0802016724021584
"Louisiana",10,"2-3",1,163,"cat_elig > 0.500 & children_i > 0.500 & rawben_rel_max > 0.996 & unc_rawben_rel_max > 1.690",1,0,1,1,0,NA,NA,NA,NA,NA,NA,NA,NA,NA,NA,NA,NA,NA,NA,NA,NA,NA
"Louisiana",10,"2-3",4,188,"elderly_disabled_i > 0.500 & married <= 0.500 & rawben_rel_max > 0.996 & unc_rawben_rel_max > 1.550",2,1,2,1,1,1,0.0160562972719352,0.0160562972719352,0.094924892334913,0.094924892334913,0.295238095238095,0.295238095238095,0.666666666666667,0.666666666666667,0.304846756422767,0.304846756422767,0.138095238095238,0.138095238095238,0.223809523809524,0.223809523809524,0.1,0.1
"Louisiana",10,"2-3",18,234,"medical_deductions >= 175.000 & rawben_rel_max >=   0.806 & shelter_expenses_by_hh_size < 797.000 & total_deductions_by_hh_size >=  75.000",1,0,1,1,2,1,0.249469210094788,0.255277124549073,0.143443033607851,0.161773789352688,NA,NA,0.857142857142857,0.857142857142857,0.636860500869085,0.675409694956742,NA,NA,NA,NA,NA,NA
"Louisiana",10,"2-3",24,193,"elderly_disabled_i >=   1.000 & medical_deductions >= 500.000 & rawben_rel_max >=   0.234 & unc_rawben_rel_max >=   0.198",1,0,1,1,3,1,0.0105349495136016,0.202557550557277,0.130648790927236,0.172454415826663,0.596525096525096,0.603579822058083,0.4,0.555191256830601,0.231192309381726,0.683325034461749,0.29021879021879,0.318495047842874,0.0997425997425997,0.199483800570757,0.0598455598455598,0.104410777236864
"Louisiana",10,"2-3",26,142,"HH_size_n >   2.500 & total_deductions_by_hh_size > 440.000 & unc_rawben_rel_max >   0.640 & unc_rawben_rel_max <=   0.996",1,0,1,1,4,1,0.125105972000142,0.137746394450055,0.217436928852752,0.239133117335358,0.281481481481481,0.412332552332552,0.857142857142857,0.857142857142857,0.719552217264986,0.801094715669507,0.134920634920635,0.207969507969508,0.0529100529100529,0.127401357401357,0.0714285714285714,0.152576752576753
"Louisiana",10,"2-3",35,271,"shelter_expenses_by_hh_size < 650 & total_deductions_by_hh_size >= 625",3,1,7,0.428571428571429,5,0.428571428571429,0.0345726466990213,0.102747363713209,0.162070490008154,0.177145831070825,0.133040935672515,0.314011430100539,0.5,0.873275862068965,0.450742241769901,0.57816155446327,0.137218045112782,0.182113867757432,0.0281954887218046,0.101319444584166,0.0185185185185186,0.109777890001965
"Louisiana",10,"2-3",40,145,"HH_size_n >=   3 & shelter_expenses_by_hh_size < 655 & total_deductions_by_hh_size >= 466",1,0,3,0.333333333333333,6,0.333333333333333,0.0414262663096003,0.0857740636555167,0.115179352283807,0.165114623989551,0.067755991285403,0.269270804544144,0.333333333333333,0.680487804878049,0.257121577504633,0.521479957309377,0.083442265795207,0.144397923565543,0.0224400871459695,0.0949459881712048,0.0294117647058824,0.0795791949437512
"Louisiana",10,"2-3",47,135,"HH_size_n >   2.5 & medical_deductions > 131.0 & months_since_cert_n <=   7.5 & shelter_expenses_by_hh_size > 298.0",1,0,1,1,7,1,0.0763617444664392,0.11491430415016,0.19023029850686,0.211661019761366,NA,NA,0.833333333333333,0.911764705882353,0.60889604236868,0.706950718361958,NA,NA,NA,NA,NA,NA
"Louisiana",10,"2-3",54,164,"cat_elig > 0.500 & percent_abawd > 0.125 & unc_rawben_rel_max > 0.673 & unc_rawben_rel_max <= 0.710",1,0,1,1,8,1,0.0706060219347593,0.120004148304726,0.188952944250028,0.222407410760475,0.287581699346405,0.3794546786108,0.666666666666667,0.894157663065226,0.676480954828853,0.773870204306462,0.33115468409586,0.41701263264355,0.0739268680445151,0.176332194687871,0.0403050108932462,0.0931659289687785
"Louisiana",10,"2-3",55,246,"months_since_cert_n >=   6.000 & rawben_rel_max <   0.876 & total_deductions_by_hh_size >= 353.000 & utilities < 462.000",10,3,11,0.909090909090909,9,0.909090909090909,0.0439488205202832,0.104402001902508,0.210832718828095,0.247310706278546,0.235294117647059,0.354573501727169,0.8,0.898711269536606,0.688258631470835,0.762528428507558,0.0947712418300654,0.183025789830838,0.0948646125116713,0.255278801148011,0.0686274509803921,0.151152121658385
"Louisiana",10,"2-3",56,238,"months_since_cert_n <=  0.500 & total_deductions_by_hh_size > 83.500 & unc_rawben_rel_max <=  0.999 & utilities <= 22.000",1,0,1,1,10,1,0.0199142802918373,0.0897239132492381,0.2399275534899,0.27507245072862,0.129654962760298,0.319775373620084,0.666666666666667,0.797136378360868,0.658387418473325,0.775220409370909,0.148290013679891,0.21756186475973,0.247606019151847,0.411195010893912,0.00830564784053154,0.185341277983055
"Louisiana",10,"2-3",57,225,"medical_deductions > 140.00 & rawben_rel_max >   0.64 & shelter_expenses_by_hh_size <= 417.00",3,1,5,0.6,11,0.6,0.0391150471926161,0.111162145837165,0.107593767889123,0.239840157062257,NA,NA,0.25,0.870552147239264,0.290039093139562,0.757514116111579,NA,NA,NA,NA,NA,NA
"Louisiana",10,"2-3",59,273,"shelter_expenses_by_hh_size <= 592.0 & total_deductions_by_hh_size > 522.0 & utilities >  37.5",2,1,9,0.222222222222222,12,0.222222222222222,0.0175832383500444,0.0785614002757374,0.0476788976357383,0.168621088902111,0.0883909119203237,0.259357408492145,0.333333333333333,0.763313609467456,0.144844297766653,0.539446167502389,0.0938375350140056,0.156857381127975,0.0252100840336135,0.15347063599443,0.0218487394957983,0.10907332347015
"Louisiana",10,"2-3",70,159,"cat_elig >  0.50 & count_divisible_by_100 >  0.50 & months_since_cert_n <= 26.50 & unc_rawben_rel_max >  1.46",1,0,2,0.5,13,0.5,0.0505087745201775,0.0934699059521471,0.0852405433593574,0.208685032056607,NA,NA,0.666666666666667,0.932985817601202,0.422541618819927,0.710187824205097,NA,NA,NA,NA,NA,NA
"Louisiana",10,"2-3",72,203,"expedited_i <=   0.500 & percent_abawd >   0.583 & rawben_rel_max <=   0.711 & shelter_expenses_by_hh_size <= 278.000",1,0,1,1,14,1,0.0106666909451875,0.0953847382393358,0.157210650304032,0.239286395766208,0.103361344537815,0.375559915876557,0.8,0.892198678514468,0.356366002256583,0.777728041089498,0.183388704318937,0.26865934891893,0.124324324324324,0.238245585531035,0.0285714285714286,0.107152665739896
"Louisiana",10,"2-3",74,264,"rawben_rel_max <=   0.996 & total_deductions_by_hh_size > 441.000 & utilities <= 451.000",5,1,15,0.333333333333333,15,0.333333333333333,0.0232379923831719,0.0761318621285047,0.0864264670680946,0.18199125393692,0.0866830065359477,0.236461544801454,0.25,0.727939393939394,0.192101974800726,0.546827245658191,0.0915032679738562,0.144498478382631,0.0369047619047619,0.145478369269571,0.0127450980392157,0.0954680795770147
"Louisiana",10,"4+",10,451,"months_since_cert_n >  12.5 & total_deductions_by_hh_size > 231.0",1,0,1,1,0,NA,NA,NA,NA,NA,NA,NA,NA,NA,NA,NA,NA,NA,NA,NA,NA,NA
"Louisiana",10,"4+",22,434,"months_since_cert_n >   5.5 & total_deductions_by_hh_size > 215.0 & utilities <= 442.0",7,3,8,0.875,1,0.875,0.0238256603249397,0.0238256603249397,0.170211526451226,0.170211526451226,NA,NA,0.333333333333333,0.333333333333333,0.334287130638856,0.334287130638856,NA,NA,NA,NA,NA,NA
"Louisiana",10,"4+",27,480,"months_since_cert_n >=   9.000 & rawben_rel_max <   0.822 & total_deductions_by_hh_size >= 109.000 & unc_rawben_rel_max >=   0.725",2,0,4,0.5,2,0.5,0.0116266398585471,0.0120978261047846,0.156837568665159,0.162651245826478,0.149982437653671,0.149982437653671,0.5,0.58232044198895,0.385362630286101,0.396082053009605,0.180540920266948,0.180540920266948,0.076103500761035,0.076103500761035,0.14284041681302,0.14284041681302
"Louisiana",10,"4+",33,519,"shelter_expenses_by_hh_size < 341.00 & total_deductions_by_hh_size >= 323.00 & unc_rawben_rel_max <   1.02 & utilities >= 368.00",2,1,3,0.666666666666667,3,0.666666666666667,0.00250351032387262,0.0146225344481911,0.142761571308273,0.163203608118542,0.250591016548463,0.274633868673507,0.8,0.838731245923027,0.421219849214242,0.455165223880079,0.20603746135661,0.224090604844142,0.249136206583015,0.274173443931084,0.0629554065870008,0.140471195931591
"Louisiana",10,"4+",34,477,"months_since_cert_n >=   8.000 & rawben_rel_max <   0.965 & total_deductions_by_hh_size >= 178.000 & unc_rawben_rel_max >=   0.793",2,0,4,0.5,4,0.5,7.95820402091155e-05,0.0077960371479309,0.0623918147088888,0.124478022548285,0.113664113664114,0.153558173894313,0,0.447861178369653,0.208288103452382,0.317121335669025,0.125778331257783,0.147383970430508,0.0532800532800533,0.115486117034839,0.0772104607721046,0.0944843816550633
"Louisiana",10,"4+",36,365,"count_divisible_by_100 >   1.5 & HH_size_n <=   4.5 & months_since_cert_n <=  10.5 & utilities <= 588.0",1,0,1,1,5,1,0.0130729222940694,0.0265686305386978,0.143623702711779,0.178887977601673,NA,NA,0.833333333333333,0.947829131652661,0.406270589785584,0.566256509569058,NA,NA,NA,NA,NA,NA
"Louisiana",10,"4+",37,426,"months_since_cert_n >   4.500 & rawben_rel_max <=   0.977 & total_deductions_by_hh_size > 221.000 & utilities <= 454.000",2,1,8,0.25,6,0.25,0.00375099247422103,0.0158034687348409,0.0638448876677204,0.134215860050971,0.0527626354398008,0.120330671306948,0.25,0.447698568621948,0.047907248618261,0.309217540183031,0.0430715391345313,0.126875443277883,0.0113735783027122,0.0724904083833897,0.0181035062924827,0.108574918440158
"Louisiana",10,"4+",44,487,"months_since_cert_n >= 10.000 & rawben_rel_max >=  0.683 & rawben_rel_max <  0.820 & total_deductions_by_hh_size >= 27.000",2,0,6,0.333333333333333,7,0.333333333333333,0.00533059095804794,0.009589316370218,0.0630844120991764,0.16200591061765,0.0566625155666252,0.138000307846716,0.4,0.516417298626768,0.0626666037741635,0.369741146955725,0.101298701298701,0.143304311785122,0.0178082191780822,0.0920705105775265,0.0155666251556662,0.102609301441481
"Louisiana",10,"4+",61,401,"expedited_i >   0.500 & months_since_cert_n >   5.500 & unc_rawben_rel_max <=   0.977 & utilities <= 373.000",1,0,1,1,8,1,0.00486631531401826,0.0217237476127442,0.15873421695083,0.186446785481604,NA,NA,0.6,0.76984126984127,0.460084837760333,0.543828810982459,NA,NA,NA,NA,NA,NA
"Louisiana",10,"4+",65,310,"HH_size_n >   4.500 & months_since_cert_n >   5.500 & rawben_rel_max <=   0.997 & shelter_expenses_by_hh_size > 263.000",1,0,2,0.5,9,0.5,0.00119880674916645,0.0134236863574952,0.121841593361767,0.14902438780475,0.0855435733022443,0.123840494327638,0.666666666666667,0.741561778896581,0.260428948070993,0.353328477465035,0.107446808510638,0.151511234212891,0.0699028312950243,0.104829760648532,0.0367504835589942,0.100504228075553
"Louisiana",10,"4+",73,366,"count_divisible_by_100 >   1.5 & utilities > 373.0 & utilities <= 494.0",2,0,3,0.666666666666667,10,0.666666666666667,0.0026139797983616,0.0266306782611842,0.0677228724433126,0.176265192890804,NA,NA,0.6,0.925895765472313,0.13007097004951,0.532634537408409,NA,NA,NA,NA,NA,NA
"Louisiana",10,"4+",76,442,"months_since_cert_n >   5.500 & rawben_rel_max >   0.724 & rawben_rel_max <=   0.974 & shelter_expenses_by_hh_size > 162.000",6,1,13,0.461538461538462,11,0.461538461538462,0.00839325949221813,0.0191293933867511,0.0674527776923465,0.135742496469162,0.0611188696295079,0.10864660514489,0.4,0.62683880181907,0.164641307948043,0.288785674366026,0.0473850473850474,0.11769252827847,0.046681179659903,0.0807449160064296,0.0191295191295191,0.0717853767104087
"Louisiana",10,"4+",82,485,"months_since_cert_n >=  6.000 & rawben_rel_max <  0.997 & total_deductions_by_hh_size >= 88.400 & unc_rawben_rel_max >=  0.709",1,0,17,0.0588235294117647,12,0.0588235294117647,0.00239897548642623,0.015886422020101,0.0227991804049965,0.107125816417131,0.0288343054300501,0.0756738365357696,0,0.542115165487453,0.0159396357145079,0.205747930084858,0.0225909800377885,0.084039541799333,0.0189764232317424,0.0524755962488144,0.0108436704181385,0.0540594552667712
"Maine",5,"1",1,97,"rawben_rel_max <=   0.991 & total_deductions_by_hh_size > 604.000 & unc_rawben_rel_max >   0.985 & utilities <= 368.000",1,1,1,1,0,NA,NA,NA,NA,NA,NA,NA,NA,NA,NA,NA,NA,NA,NA,NA,NA,NA
"Maine",5,"1",23,30,"elderly_disabled_i >=   1.00 & rawben_rel_max >=   1.00 & unc_rawben_rel_max >=   1.52 & utilities < 313.00",1,1,1,1,1,1,0.186326878103852,0.186326878103852,0.237198884656731,0.237198884656731,0.773901044746698,0.773901044746698,0.666666666666667,0.666666666666667,0.893696918187609,0.893696918187609,0.412970628819239,0.412970628819239,0.415138971023063,0.415138971023063,0.10782574413562,0.10782574413562
"Maine",5,"4+",6,329,"HH_size_n > 4.500 & HH_size_n <= 6.500 & months_since_cert_n > 3.500 & unc_rawben_rel_max <= 0.852",20,8,20,1,0,NA,NA,NA,NA,NA,NA,NA,NA,NA,NA,NA,NA,NA,NA,NA,NA,NA
"Maine",5,"4+",7,333,"HH_size_n > 4.500 & months_since_cert_n > 3.500 & rawben_rel_max > 0.315 & rawben_rel_max <= 0.853",3,0,17,0.176470588235294,1,0.176470588235294,0.00408251418474925,0.00408251418474925,0.0323457258362686,0.0323457258362686,0.0256740309490558,0.0256740309490558,0.666666666666667,0.666666666666667,0.0268164262955979,0.0268164262955979,0.0258675326569187,0.0258675326569187,0.00825046412366161,0.00825046412366161,0.0045963666548883,0.0045963666548883
"Maine",5,"4+",11,454,"months_since_cert_n >  4.500 & rawben_rel_max >  0.315 & rawben_rel_max <=  0.853 & shelter_expenses_by_hh_size > 86.500",12,2,27,0.444444444444444,2,0.444444444444444,0.0104983683405409,0.0124765834140882,0.0364454430847985,0.0445843619623376,0.0239681143675039,0.0307472635913893,0.4,0.621512247071353,0.0737333062866963,0.0845693346230562,0.0379775877892093,0.0410473006030004,0.0394725161207015,0.0434703448494193,0.0415598784667447,0.0424474101229295
"Maine",5,"4+",12,427,"months_since_cert_n >   4.500 & rawben_rel_max >   0.313 & shelter_expenses_by_hh_size > 121.000 & unc_rawben_rel_max <=   0.928",4,2,31,0.129032258064516,3,0.129032258064516,6.27580670196359e-05,0.00732794005238148,0.0135761896081695,0.0352872464785699,0.0107207061929249,0.0262370008164831,0.4,0.556859469617874,0.00481593139103768,0.0587220566145309,0.00522447785084183,0.0250811271588161,0.00249976742860059,0.0253586605442959,0.00229720524200927,0.0253054818732498
"Maine",5,"4+",13,455,"months_since_cert_n >  4.500 & rawben_rel_max >  0.315 & shelter_expenses_by_hh_size > 74.400 & unc_rawben_rel_max <=  0.928",2,1,33,0.0606060606060606,4,0.0606060606060606,0.00141483971687791,0.00663767287563891,0.010665622919014,0.0261312273454434,0.0132117432548908,0.021820735892546,0,0.394905967718051,0.00694894848301147,0.0413870334131695,0.0126105211295514,0.0244047399446548,0.00119168623602396,0.0187273019241655,0.00892985797125156,0.0192364004573591
"Maine",5,"4+",14,459,"months_since_cert_n > 3.500 & percent_abawd <= 0.208 & unc_rawben_rel_max > 0.313 & unc_rawben_rel_max <= 0.853",3,0,33,0.0909090909090909,5,0.0909090909090909,0.00171364454914387,0.00489808862210282,0.017547571488523,0.0291137343981628,0.019603500814967,0.0309827426192656,0.666666666666667,0.738668264832981,0.014313475276762,0.0312730310984736,0.0149410625280514,0.0308588113622353,0.00880649379078588,0.0242169321812023,0.0100960335087558,0.0224046520636808
"Maine",10,"1",1,97,"rawben_rel_max <=   0.991 & total_deductions_by_hh_size > 604.000 & unc_rawben_rel_max >   0.985 & utilities <= 368.000",1,1,1,1,0,NA,NA,NA,NA,NA,NA,NA,NA,NA,NA,NA,NA,NA,NA,NA,NA,NA
"Maine",10,"1",18,108,"rawben_rel_max >   0.987 & rawben_rel_max <=   0.991 & total_deductions_by_hh_size > 938.000",2,0,2,1,1,1,0.0133533316639177,0.0133533316639177,0.0643903977887988,0.0643903977887988,0.191812865497076,0.191812865497076,0.6,0.6,0.324426341394538,0.324426341394538,0.0900584795321637,0.0900584795321637,0.0842105263157894,0.0842105263157894,0.0175438596491228,0.0175438596491228
"Maine",10,"1",23,30,"elderly_disabled_i >=   1.00 & rawben_rel_max >=   1.00 & unc_rawben_rel_max >=   1.52 & utilities < 313.00",1,1,1,1,2,1,0.186326878103852,0.19265885540497,0.237198884656731,0.248488152871654,0.765293383270911,0.769668944521103,0.666666666666667,0.748611111111111,0.893696918187609,0.905333156329846,0.394257178526842,0.403769849092144,0.415138971023063,0.438140920340802,0.10782574413562,0.113001182732111
"Maine",10,"1",33,12,"count_divisible_by_100 <   1.00 & months_since_cert_n >=   7.00 & unc_rawben_rel_max >=   1.63 & utilities < 353.00",1,0,2,0.5,3,0.5,0.00542985819737389,0.0907432957867022,0.106986927313652,0.183198084265721,0.302976542479795,0.511639578690558,0.666666666666667,0.741730279898219,0.291652378884436,0.578927425358421,0.209737827715356,0.323386320534446,0.0988566922925291,0.289104017727941,0.0614035087719298,0.0899267639034975
"Maine",10,"1",36,111,"rawben_rel_max >=   0.236 & rawben_rel_max <   1.000 & total_deductions_by_hh_size >= 511.000 & utilities < 249.000",2,1,3,0.666666666666667,4,0.666666666666667,0.0369528803687977,0.146531653117106,0.190679347881896,0.206080800960643,0.295584933898728,0.549927247065872,0.25,0.63360896082571,0.519537313667987,0.772106401683653,0.165560821484992,0.258162343339873,0.0648540783237715,0.299706977603253,0.0272719713976886,0.0657161517763424
"Maine",10,"1",40,88,"rawben_rel_max <   0.992 & shelter_expenses_by_hh_size >= 831.000 & unc_rawben_rel_max >=   0.270 & utilities < 277.000",2,0,4,0.5,5,0.5,0.0161216024286172,0.0847375692172681,0.0512496002795779,0.140823271783137,0.167093983891436,0.402584415785469,0.4,0.657592853784673,0.207152898280526,0.524479375699585,0.0492839199233419,0.181578775760708,0.0259757076632222,0.177303672094873,0.0819931111283765,0.117950651456193
"Maine",10,"1",53,94,"rawben_rel_max <=    0.994 & shelter_expenses_by_hh_size > 1300.000 & unc_rawben_rel_max >    0.987",3,0,4,0.75,6,0.75,0.00640120802859559,0.082180728769063,0.0188587708715845,0.211750266487425,0.0106837606837607,0.442743425851609,0.25,0.661796200345423,0.0310499425927857,0.679422816022235,0.0264957264957265,0.235056702839422,0.0166666666666667,0.239559609844596,0.00512820512820511,0.0842092306735203
"Maine",10,"2-3",24,155,"cat_elig >   0.50 & shelter_expenses_by_hh_size > 246.00 & unc_rawben_rel_max >   1.63",1,0,1,1,0,NA,NA,NA,NA,NA,NA,NA,NA,NA,NA,NA,NA,NA,NA,NA,NA,NA
"Maine",10,"2-3",29,196,"elderly_disabled_i >= 1.000 & married < 1.000 & rawben_rel_max >= 0.901 & unc_rawben_rel_max >= 1.350",3,0,4,0.75,1,0.75,0.0137542103140921,0.0137542103140921,0.0873979648749914,0.0873979648749914,0.125,0.125,0.833333333333333,0.833333333333333,0.20565338865051,0.20565338865051,0.0651544401544402,0.0651544401544402,0.0926640926640927,0.0926640926640927,0.0574324324324324,0.0574324324324324
"Maine",10,"2-3",50,142,"HH_size_n >   2.500 & total_deductions_by_hh_size > 440.000 & unc_rawben_rel_max >   0.640 & unc_rawben_rel_max <=   0.996",2,1,2,1,2,1,0.131483539860451,0.137093345799554,0.246249293651283,0.266015241979441,0.281781781781782,0.332826967592593,0.833333333333333,0.843377976190476,0.833396925101047,0.834361439020391,0.120620620620621,0.128885582010582,0.112433862433862,0.117456183862434,0.135135135135135,0.145926339285714
"Maine",10,"4+",6,329,"HH_size_n > 4.500 & HH_size_n <= 6.500 & months_since_cert_n > 3.500 & unc_rawben_rel_max <= 0.852",20,8,20,1,0,NA,NA,NA,NA,NA,NA,NA,NA,NA,NA,NA,NA,NA,NA,NA,NA,NA
"Maine",10,"4+",7,333,"HH_size_n > 4.500 & months_since_cert_n > 3.500 & rawben_rel_max > 0.315 & rawben_rel_max <= 0.853",3,0,17,0.176470588235294,1,0.176470588235294,0.00408251418474925,0.00408251418474925,0.0323457258362686,0.0323457258362686,0.0256740309490558,0.0256740309490558,0.666666666666667,0.666666666666667,0.0268164262955979,0.0268164262955979,0.0258675326569187,0.0258675326569187,0.00825046412366161,0.00825046412366161,0.0045963666548883,0.0045963666548883
"Maine",10,"4+",11,454,"months_since_cert_n >  4.500 & rawben_rel_max >  0.315 & rawben_rel_max <=  0.853 & shelter_expenses_by_hh_size > 86.500",12,2,27,0.444444444444444,2,0.444444444444444,0.0104983683405409,0.0124765834140882,0.0364454430847985,0.0445843619623376,0.0239681143675039,0.0307472635913893,0.4,0.621512247071353,0.0737333062866963,0.0845693346230562,0.0379775877892093,0.0410473006030004,0.0394725161207015,0.0434703448494193,0.0415598784667447,0.0424474101229295
"Maine",10,"4+",12,427,"months_since_cert_n >   4.500 & rawben_rel_max >   0.313 & shelter_expenses_by_hh_size > 121.000 & unc_rawben_rel_max <=   0.928",4,2,31,0.129032258064516,3,0.129032258064516,6.27580670196359e-05,0.00732794005238148,0.0135761896081695,0.0352872464785699,0.0107207061929249,0.0262370008164831,0.4,0.556859469617874,0.00481593139103768,0.0587220566145309,0.00522447785084183,0.0250811271588161,0.00249976742860059,0.0253586605442959,0.00229720524200927,0.0253054818732498
"Maine",10,"4+",13,455,"months_since_cert_n >  4.500 & rawben_rel_max >  0.315 & shelter_expenses_by_hh_size > 74.400 & unc_rawben_rel_max <=  0.928",2,1,33,0.0606060606060606,4,0.0606060606060606,0.00141483971687791,0.00663767287563891,0.010665622919014,0.0261312273454434,0.0132117432548908,0.021820735892546,0,0.394905967718051,0.00694894848301147,0.0413870334131695,0.0126105211295514,0.0244047399446548,0.00119168623602396,0.0187273019241655,0.00892985797125156,0.0192364004573591
"Maine",10,"4+",14,459,"months_since_cert_n > 3.500 & percent_abawd <= 0.208 & unc_rawben_rel_max > 0.313 & unc_rawben_rel_max <= 0.853",3,0,33,0.0909090909090909,5,0.0909090909090909,0.00171364454914387,0.00489808862210282,0.017547571488523,0.0291137343981628,0.019603500814967,0.0309827426192656,0.666666666666667,0.738668264832981,0.014313475276762,0.0312730310984736,0.0149410625280514,0.0308588113622353,0.00880649379078588,0.0242169321812023,0.0100960335087558,0.0224046520636808
"Maine",10,"4+",19,408,"homeless <= 0.500 & months_since_cert_n > 2.500 & rawben_rel_max > 0.312 & rawben_rel_max <= 0.851",5,0,38,0.131578947368421,6,0.131578947368421,0.000560330457717709,0.00404031567476093,0.0260133553373034,0.0406213667311161,0.0154465909029964,0.0223682129176818,0.4,0.656298405192173,0.00469267765991587,0.0241243964071904,0.0155531838439962,0.0302517464105319,0.0207717214844742,0.0383902093326909,0.00586650308795181,0.020591621676694
"Maine",10,"4+",20,425,"months_since_cert_n >   4.500 & rawben_rel_max <=   0.853 & total_deductions_by_hh_size >  56.600 & utilities > 980.000",5,1,31,0.161290322580645,7,0.161290322580645,0.0437750586463429,0.0554165267189564,0.158602010721738,0.177676954441978,0.245775563258232,0.257565071069488,0.666666666666667,0.770771884912906,0.434609852592646,0.473632240960661,0.167500918442322,0.177452628408383,0.084460080941869,0.112976536770705,0.122272443890274,0.145287823404554
"Maine",10,"4+",27,308,"HH_size_n >   4.500 & months_since_cert_n >   3.500 & rawben_rel_max >   0.332 & shelter_expenses_by_hh_size > 192.000",1,1,17,0.0588235294117647,8,0.0588235294117647,0.00683748774442448,0.0185636557246853,0.0716836570692927,0.0863816513936944,0.0264925482388077,0.0379780558131038,0.4,0.569228733308097,0.074502428072284,0.125146564004786,0.0220533682192076,0.0313498511712235,0.00240943483958235,0.0268230285253947,0.0058883889809772,0.0257628655768799
"Maine",10,"4+",28,328,"HH_size_n > 4.5 & HH_size_n <= 6.5 & months_since_cert_n > 4.5",1,0,19,0.0526315789473684,9,0.0526315789473684,0.00272299148504312,0.0138661369358957,0.0660177306744614,0.0790851676569809,0.0246127486487992,0.0391219182823838,0.25,0.750402033458906,0.0301537352501438,0.113428735622148,0.0293839719307472,0.0444888573716326,0.0145805713328775,0.0259555009370872,0.00759763858697181,0.0224455667476382
"Maine",10,"4+",31,301,"HH_size_n <=  6.500 & months_since_cert_n >  4.500 & rawben_rel_max <=  0.853 & total_deductions_by_hh_size > 73.400",1,0,34,0.0294117647058824,10,0.0294117647058824,0.00222915390881971,0.006174316354063,0.0423464524988458,0.064968592530861,0.0462813859151205,0.0623118719104653,0.4,0.743195822945576,0.0461614396838299,0.0779033252830596,0.0187513697577124,0.0310421549027356,0.00699745547073787,0.0216806819040536,0.00978087567965334,0.0362509363229668
"Maine",10,"4+",34,428,"months_since_cert_n >   4.500 & shelter_expenses_by_hh_size > 192.000 & total_deductions_by_hh_size >  73.400 & unc_rawben_rel_max >   0.336",6,2,35,0.171428571428571,11,0.171428571428571,0.00142028273253936,0.00758763347721645,0.0355743752161565,0.0938779923239457,0.0230989956958393,0.0436868383546216,0.666666666666667,0.741941921963876,0.0640629912975036,0.097693358188707,0.0253631973412117,0.0445083571754335,0.0044336011994792,0.0201660982602908,0.00925620159610017,0.0353066476812892
"Maine",10,"4+",37,331,"HH_size_n > 4.500 & married <= 0.500 & rawben_rel_max <= 0.928",2,0,12,0.166666666666667,12,0.166666666666667,0.00031349989843979,0.0161973954664268,0.0618626582782558,0.0876475510382802,0.0532136383677069,0.0708182844185948,0.6,0.883281710242628,0.097890927354297,0.188950736099781,0.0518834848044026,0.0750210943636142,0.063508064516129,0.139172411981995,0.0123040302060248,0.0341250776741143
"Maine",10,"4+",38,326,"HH_size_n >  4.500 & rawben_rel_max >  0.312 & rawben_rel_max <=  0.852 & total_deductions_by_hh_size > 10.500",4,1,23,0.173913043478261,13,0.173913043478261,0.000227679943061262,0.00746365951363245,0.0383975612318252,0.0704468149045102,0.017244905648191,0.0378967362760267,0.4,0.756706796985332,0.0131306624921672,0.0920501317360191,0.0229552352811112,0.0453908905305863,0.0178237494156147,0.115011957043998,0.0143174380551659,0.0451687345517484
"Maine",10,"4+",41,330,"HH_size_n > 4.500 & HH_size_n <= 6.500 & rawben_rel_max > 0.415 & rawben_rel_max <= 0.928",1,1,21,0.0476190476190476,14,0.0476190476190476,6.21647684525273e-05,0.00943574242404941,0.0274069993650561,0.0767017521893068,0.0170210931006697,0.0304870616674103,0.4,0.708363719234275,0.0263091827984526,0.106260132147031,0.00991120418748376,0.0411583729257114,0.00873067493871012,0.110525657328161,0.00431709182397125,0.0375917307205839
"Maine",10,"4+",42,506,"rawben_rel_max >   0.331 & shelter_expenses_by_hh_size >  82.500 & shelter_expenses_by_hh_size <= 484.000 & unc_rawben_rel_max <=   0.852",3,0,35,0.0857142857142857,15,0.0857142857142857,0.00127139899939509,0.00657653450180457,0.0292279094262151,0.0684822378310419,0.0150791085665035,0.0359548192066462,0.4,0.796803499944146,0.030923614664733,0.0629277972880134,0.0250649139889646,0.0442627718981196,0.00851279843298597,0.0938879200415755,0.00611481496818364,0.0252950683725155
"Maine",10,"4+",56,419,"months_since_cert_n >   2.500 & unc_rawben_rel_max <=   0.851 & utilities > 331.000",1,0,49,0.0204081632653061,16,0.0204081632653061,0.000312456282668377,0.00593999787737435,0.052609160163622,0.0816474861168663,0.0154835578206528,0.0302048790116048,0.6,0.804814871093552,0.0201176202460993,0.0634146418364781,0.0171774386721337,0.0364257357197382,0.0106612210070156,0.0578932386993163,0.00183754001095185,0.0223842829031646
"Maryland",5,"1",12,85,"rawben_rel_max <    1.000 & shelter_expenses_by_hh_size >= 1180.000 & unc_rawben_rel_max >=    0.986 & utilities <  645.000",3,0,3,1,0,NA,NA,NA,NA,NA,NA,NA,NA,NA,NA,NA,NA,NA,NA,NA,NA,NA
"Maryland",5,"2-3",6,154,"cat_elig >   0.5 & medical_deductions > 104.0 & total_deductions_by_hh_size > 546.0 & utilities <= 560.0",2,0,2,1,0,NA,NA,NA,NA,NA,NA,NA,NA,NA,NA,NA,NA,NA,NA,NA,NA,NA
"Maryland",5,"4+",7,482,"months_since_cert_n >=  11 & total_deductions_by_hh_size >= 228 & total_deductions_by_hh_size < 261",1,0,1,1,0,NA,NA,NA,NA,NA,NA,NA,NA,NA,NA,NA,NA,NA,NA,NA,NA,NA
"Maryland",5,"4+",8,504,"rawben_rel_max >   0.123 & total_deductions_by_hh_size >  65.600 & total_deductions_by_hh_size <= 182.000 & unc_rawben_rel_max <=   0.970",28,12,28,1,1,1,0.0359378360195595,0.0359378360195595,0.212676687884002,0.212676687884002,0.131473020017406,0.131473020017406,0.6,0.6,0.622163583219943,0.622163583219943,0.13914273281114,0.13914273281114,0.0987129144851658,0.0987129144851658,0.0708987783595114,0.0708987783595114
"Maryland",10,"1",12,85,"rawben_rel_max <    1.000 & shelter_expenses_by_hh_size >= 1180.000 & unc_rawben_rel_max >=    0.986 & utilities <  645.000",3,0,3,1,0,NA,NA,NA,NA,NA,NA,NA,NA,NA,NA,NA,NA,NA,NA,NA,NA,NA
"Maryland",10,"2-3",6,154,"cat_elig >   0.5 & medical_deductions > 104.0 & total_deductions_by_hh_size > 546.0 & utilities <= 560.0",2,0,2,1,0,NA,NA,NA,NA,NA,NA,NA,NA,NA,NA,NA,NA,NA,NA,NA,NA,NA
"Maryland",10,"2-3",10,172,"children_i >  0.500 & rawben_rel_max >  0.495 & rawben_rel_max <=  0.872 & total_deductions_by_hh_size > 56.300",28,10,28,1,1,1,0.224909194293093,0.224909194293093,0.357927526386662,0.357927526386662,0.518546992119931,0.518546992119931,0.857142857142857,0.857142857142857,0.922894743883983,0.922894743883983,0.399854784632797,0.399854784632797,0.131489745130009,0.131489745130009,0.175522452041582,0.175522452041582
"Maryland",10,"2-3",13,182,"elderly_disabled_i <= 0.500 & unc_rawben_rel_max > 0.495 & unc_rawben_rel_max <= 0.719",2,1,14,0.142857142857143,2,0.142857142857143,0.0229850108265926,0.0251192465667048,0.0752711727240514,0.0786733931520291,0.0732817800926541,0.0790719684243174,1,1,0.144152226966722,0.153254849039396,0.0811417300747906,0.0857208050015638,0.0481632870991089,0.0496980375529171,0.0268629513832294,0.02891165231164
"Maryland",10,"4+",7,482,"months_since_cert_n >=  11 & total_deductions_by_hh_size >= 228 & total_deductions_by_hh_size < 261",1,0,1,1,0,NA,NA,NA,NA,NA,NA,NA,NA,NA,NA,NA,NA,NA,NA,NA,NA,NA
"Maryland",10,"4+",8,504,"rawben_rel_max >   0.123 & total_deductions_by_hh_size >  65.600 & total_deductions_by_hh_size <= 182.000 & unc_rawben_rel_max <=   0.970",28,12,28,1,1,1,0.0359378360195595,0.0359378360195595,0.212676687884002,0.212676687884002,0.131473020017406,0.131473020017406,0.6,0.6,0.622163583219943,0.622163583219943,0.13914273281114,0.13914273281114,0.0987129144851658,0.0987129144851658,0.0708987783595114,0.0708987783595114
"Maryland",10,"4+",14,521,"shelter_expenses_by_hh_size <= 176.0 & total_deductions_by_hh_size >  15.8 & utilities <= 468.0",4,2,6,0.666666666666667,2,0.666666666666667,0.0147859448048752,0.0148571124561867,0.110238783840478,0.112119692807432,0.0788993107003982,0.0792730547071166,0.8,0.832960685671697,0.185988755333741,0.190147188397294,0.0608643677846255,0.061575567859746,0.0344178345292889,0.0347623822252252,0.0242060710997513,0.024467290858029
"Maryland",10,"4+",15,505,"rawben_rel_max >   0.174 & total_deductions_by_hh_size >  15.300 & total_deductions_by_hh_size <= 177.000 & utilities <= 468.000",1,0,9,0.111111111111111,3,0.111111111111111,0.00666232797194082,0.00765903367750455,0.0384824435628782,0.0669502421238,0.0456837356352463,0.0520375197807683,0.4,0.482770046388337,0.0560259647123851,0.077620605319655,0.0329400898740697,0.0356708404058243,0.0120237621275752,0.0199858813187046,0.00911952913800779,0.012749148045425
"Maryland",10,"4+",22,540,"total_deductions_by_hh_size >   2.860 & total_deductions_by_hh_size <= 201.000 & unc_rawben_rel_max >   0.129 & utilities <= 468.000",1,0,10,0.1,4,0.1,0.000912070459684625,0.00486203239659516,0.00692105007007138,0.0423453977320008,0.0144420753375977,0.0417343880362855,0.4,0.543303541873552,0.00495767129092436,0.0505261766119514,0.00868717636308255,0.0258486233736259,0.00682677796202791,0.0146911615601687,0.00726918381290532,0.0124516004923176
"Massachusetts",5,"1",1,129,"total_deductions_by_hh_size > 336.000 & unc_rawben_rel_max >   0.891 & unc_rawben_rel_max <=   0.991 & utilities <=  29.500",1,1,1,1,0,NA,NA,NA,NA,NA,NA,NA,NA,NA,NA,NA,NA,NA,NA,NA,NA,NA
"Massachusetts",5,"1",3,99,"rawben_rel_max <=   0.992 & shelter_expenses_by_hh_size > 906.000 & unc_rawben_rel_max >   0.557 & utilities <=  29.500",1,1,1,1,1,1,0.0161105025034857,0.0161105025034857,0.0939975559162687,0.0939975559162687,0.148809523809524,0.148809523809524,0.666666666666667,0.666666666666667,0.243409632612002,0.243409632612002,0.0577380952380953,0.0577380952380953,0.0880952380952381,0.0880952380952381,0.0261904761904762,0.0261904761904762
"Massachusetts",5,"1",13,108,"rawben_rel_max >   0.987 & rawben_rel_max <=   0.991 & total_deductions_by_hh_size > 938.000",4,2,4,1,2,1,0.0259894260988373,0.028808629273885,0.152247511442939,0.172216456693273,0.348611111111111,0.356901252564518,0.833333333333333,0.833333333333333,0.554906910813335,0.580503889972944,0.123809523809524,0.127159593996329,0.163888888888889,0.192854443364647,0.0571428571428571,0.0701490119857467
"Massachusetts",5,"1",14,6,"cat_elig >   0.500 & medical_deductions > 602.000 & rawben_rel_max <=   0.991",3,1,3,1,3,1,0.0084734372383706,0.0192200553346918,0.145149542686234,0.160753265249288,0.597619047619048,0.640716982585915,0.8,0.883656957928803,0.567261681557586,0.607977223033999,0.144444444444444,0.17514832793959,0.075,0.0988384188626907,0.3,0.328216019417476
"Massachusetts",5,"1",15,30,"elderly_disabled_i >=   1.00 & rawben_rel_max >=   1.00 & unc_rawben_rel_max >=   1.52 & utilities < 313.00",3,2,3,1,4,1,0.174718740909851,0.18475882702522,0.172434974561211,0.213559896680855,0.666131621187801,0.712763268384757,0.666666666666667,0.754861111111111,0.78869753149737,0.853823929150549,0.309925093632959,0.346446369121931,0.287319422150883,0.345644488288449,0.118352059925094,0.154363936820046
"Massachusetts",5,"1",16,116,"rawben_rel_max >=   0.988 & rawben_rel_max <   0.992 & total_deductions_by_hh_size >= 198.000 & utilities < 452.000",1,1,3,0.333333333333333,5,0.333333333333333,0.0173877378263846,0.0883466080456156,0.120339674220389,0.176920941124106,0.154354354354354,0.453214750513121,0.25,0.617146596858639,0.333685403276818,0.603132479426271,0.0703828828828829,0.195638994012795,0.06006006006006,0.219089427914212,0.0225225225225225,0.116256961193796
"Massachusetts",5,"1",19,12,"count_divisible_by_100 <   1.00 & months_since_cert_n >=   7.00 & unc_rawben_rel_max >=   1.63 & utilities < 353.00",1,1,4,0.25,6,0.25,0.00542985819737389,0.143066264130745,0.106986927313652,0.200209157014377,0.302976542479795,0.595651698739381,0.666666666666667,0.781624042021872,0.291652378884436,0.727313399948717,0.209737827715356,0.344272571979422,0.0988566922925291,0.356208754106811,0.0676691729323309,0.10002409157674
"Massachusetts",5,"1",21,111,"rawben_rel_max >=   0.236 & rawben_rel_max <   1.000 & total_deductions_by_hh_size >= 511.000 & utilities < 249.000",1,1,4,0.25,7,0.25,0.0188432163175339,0.0961657101971469,0.095732445460368,0.172957904321211,0.0750394944707741,0.426426374997541,0,0.515320762451322,0.217567974462398,0.602164408458552,0.0771270593545475,0.185832819837576,0.0227488151658767,0.20426246072223,0.0272719713976886,0.0730594822200317
"Massachusetts",5,"1",24,69,"months_since_cert_n >   2.50 & total_deductions_by_hh_size <= 919.00 & unc_rawben_rel_max >   1.93 & unc_rawben_rel_max <=   2.23",2,1,3,0.666666666666667,8,0.666666666666667,0.0387072616430311,0.174832184416687,0.128438356436332,0.201008861300174,0.0863764044943821,0.56681890274318,0.666666666666667,0.896619047619048,0.3579274794845,0.762230604630587,0.139254385964912,0.331239132222288,0.0356359649122807,0.324634190376683,0.0407303370786517,0.147083723457098
"Massachusetts",5,"1",31,73,"months_since_cert_n >=   5.00 & percent_abawd <   0.50 & unc_rawben_rel_max >=   1.82 & utilities < 366.00",3,1,5,0.6,9,0.6,0.00371651793513044,0.126757868745454,0.0662741369978276,0.175376968743489,0.0442982456140351,0.517552636078979,0.4,0.738616071428571,0.0540326663664098,0.647894406928553,0.101535087719298,0.317460807412298,0.125877192982456,0.408017032964707,0.0476303317535545,0.099604675941759
"Massachusetts",5,"1",36,8,"cat_elig >=    1.00 & shelter_expenses_by_hh_size < 1720.00 & unc_rawben_rel_max >=    2.49 & utilities <  875.00",6,3,6,1,10,1,0.0610405477444796,0.118150755433518,0.0886748531544378,0.187094742831358,0.143071161048689,0.434009648349648,0.666666666666667,0.780681988883882,0.513469739975063,0.729762659599132,0.185833333333333,0.329581801044697,0.106367041198502,0.224493609434887,0.0266666666666667,0.0894067788042968
"Massachusetts",5,"1",41,102,"rawben_rel_max <=   0.998 & total_deductions_by_hh_size > 602.000 & utilities <= 272.000",1,0,5,0.2,11,0.2,0.00631717375595323,0.100796415638083,0.0537240314832944,0.165256448840824,0.0462513561354422,0.385260741763058,0.25,0.610106899902818,0.0543800843706389,0.557782328117181,0.0489065265802547,0.200454044031034,0.0316265060240964,0.210701394329773,0.0132107376875925,0.0694347932129165
"Massachusetts",5,"1",43,5,"cat_elig >   0.500 & medical_deductions > 498.000 & months_since_cert_n <=  10.500 & unc_rawben_rel_max <=   0.998",1,0,3,0.333333333333333,12,0.333333333333333,0.00657001805692006,0.0970568542827163,0.0548222115477252,0.196039428673462,0.0666666666666667,0.574523221880417,0.6,0.962481249448513,0.0784831986162275,0.695642942090753,0.0333333333333333,0.284283727720188,0.00630630630630628,0.234563833744108,0.0666666666666667,0.240894268382611
"Massachusetts",5,"2-3",12,174,"count_divisible_by_100 <=   0.5 & HH_size_n <=   2.5 & medical_deductions > 366.0 & total_deductions_by_hh_size > 519.0",2,1,2,1,0,NA,NA,NA,NA,NA,NA,NA,NA,NA,NA,NA,NA,NA,NA,NA,NA,NA
"Massachusetts",5,"2-3",23,240,"months_since_cert_n <=  25 & shelter_expenses_by_hh_size > 499 & shelter_expenses_by_hh_size <= 679 & total_deductions_by_hh_size > 644",2,1,2,1,1,1,0.150338660269804,0.150338660269804,0.172810204312136,0.172810204312136,0.436538461538461,0.436538461538461,0.857142857142857,0.857142857142857,0.646547096360421,0.646547096360421,0.269230769230769,0.269230769230769,0.163461538461538,0.163461538461538,0.163461538461538,0.163461538461538
"Massachusetts",5,"2-3",28,212,"married <=   0.5 & medical_deductions > 140.0 & total_deductions_by_hh_size > 411.0",3,2,3,1,2,1,0.0488868007288773,0.080745314911334,0.0904035527252151,0.122091600686467,NA,NA,0.6,0.739007092198582,0.343464292213374,0.470883815231945,NA,NA,NA,NA,NA,NA
"Massachusetts",5,"2-3",29,142,"HH_size_n >   2.500 & total_deductions_by_hh_size > 440.000 & unc_rawben_rel_max >   0.640 & unc_rawben_rel_max <=   0.996",3,0,3,1,3,1,0.025782211992904,0.0954723785959924,0.193567052591564,0.234823483981136,0.1502849002849,0.307754440201249,0.833333333333333,0.850549450549451,0.497647294318738,0.686054517934933,0.180911680911681,0.263864642056131,0.051994301994302,0.104714493544281,0.0199430199430199,0.069899072558647
"Massachusetts",5,"2-3",30,227,"medical_deductions > 143 & total_deductions_by_hh_size > 503",2,1,7,0.285714285714286,4,0.285714285714286,0.0287656332829175,0.135963238190621,0.0683494160555726,0.182930033559188,0.133333333333333,0.354764111390617,0.333333333333333,0.66039603960396,0.214880968839961,0.574879757976467,0.114285714285714,0.249472615737676,0.0845238095238096,0.0948596584138753,0.0297619047619048,0.101256675051856
"Massachusetts",5,"4+",20,514,"rawben_rel_max >=   0.366 & shelter_expenses_by_hh_size >= 472.000 & total_deductions_by_hh_size >= 236.000 & total_deductions_by_hh_size < 255.000",1,1,1,1,0,NA,NA,NA,NA,NA,NA,NA,NA,NA,NA,NA,NA,NA,NA,NA,NA,NA
"Massachusetts",5,"4+",42,439,"months_since_cert_n >   5.500 & rawben_rel_max <=   0.997 & shelter_expenses_by_hh_size <= 494.000 & total_deductions_by_hh_size > 227.000",2,0,2,1,1,1,0.0426429879220989,0.0426429879220989,0.184195971462921,0.184195971462921,NA,NA,0.857142857142857,0.857142857142857,0.553745223169745,0.553745223169745,NA,NA,NA,NA,NA,NA
"Massachusetts",10,"1",1,129,"total_deductions_by_hh_size > 336.000 & unc_rawben_rel_max >   0.891 & unc_rawben_rel_max <=   0.991 & utilities <=  29.500",1,1,1,1,0,NA,NA,NA,NA,NA,NA,NA,NA,NA,NA,NA,NA,NA,NA,NA,NA,NA
"Massachusetts",10,"1",3,99,"rawben_rel_max <=   0.992 & shelter_expenses_by_hh_size > 906.000 & unc_rawben_rel_max >   0.557 & utilities <=  29.500",1,1,1,1,1,1,0.0161105025034857,0.0161105025034857,0.0939975559162687,0.0939975559162687,0.148809523809524,0.148809523809524,0.666666666666667,0.666666666666667,0.243409632612002,0.243409632612002,0.0577380952380953,0.0577380952380953,0.0880952380952381,0.0880952380952381,0.0261904761904762,0.0261904761904762
"Massachusetts",10,"1",13,108,"rawben_rel_max >   0.987 & rawben_rel_max <=   0.991 & total_deductions_by_hh_size > 938.000",4,2,4,1,2,1,0.0259894260988373,0.028808629273885,0.152247511442939,0.172216456693273,0.348611111111111,0.356901252564518,0.833333333333333,0.833333333333333,0.554906910813335,0.580503889972944,0.123809523809524,0.127159593996329,0.163888888888889,0.192854443364647,0.0571428571428571,0.0701490119857467
"Massachusetts",10,"1",14,6,"cat_elig >   0.500 & medical_deductions > 602.000 & rawben_rel_max <=   0.991",3,1,3,1,3,1,0.0084734372383706,0.0192200553346918,0.145149542686234,0.160753265249288,0.597619047619048,0.640716982585915,0.8,0.883656957928803,0.567261681557586,0.607977223033999,0.144444444444444,0.17514832793959,0.075,0.0988384188626907,0.3,0.328216019417476
"Massachusetts",10,"1",15,30,"elderly_disabled_i >=   1.00 & rawben_rel_max >=   1.00 & unc_rawben_rel_max >=   1.52 & utilities < 313.00",3,2,3,1,4,1,0.174718740909851,0.18475882702522,0.172434974561211,0.213559896680855,0.666131621187801,0.712763268384757,0.666666666666667,0.754861111111111,0.78869753149737,0.853823929150549,0.309925093632959,0.346446369121931,0.287319422150883,0.345644488288449,0.118352059925094,0.154363936820046
"Massachusetts",10,"1",16,116,"rawben_rel_max >=   0.988 & rawben_rel_max <   0.992 & total_deductions_by_hh_size >= 198.000 & utilities < 452.000",1,1,3,0.333333333333333,5,0.333333333333333,0.0173877378263846,0.0883466080456156,0.120339674220389,0.176920941124106,0.154354354354354,0.453214750513121,0.25,0.617146596858639,0.333685403276818,0.603132479426271,0.0703828828828829,0.195638994012795,0.06006006006006,0.219089427914212,0.0225225225225225,0.116256961193796
"Massachusetts",10,"1",19,12,"count_divisible_by_100 <   1.00 & months_since_cert_n >=   7.00 & unc_rawben_rel_max >=   1.63 & utilities < 353.00",1,1,4,0.25,6,0.25,0.00542985819737389,0.143066264130745,0.106986927313652,0.200209157014377,0.302976542479795,0.595651698739381,0.666666666666667,0.781624042021872,0.291652378884436,0.727313399948717,0.209737827715356,0.344272571979422,0.0988566922925291,0.356208754106811,0.0676691729323309,0.10002409157674
"Massachusetts",10,"1",21,111,"rawben_rel_max >=   0.236 & rawben_rel_max <   1.000 & total_deductions_by_hh_size >= 511.000 & utilities < 249.000",1,1,4,0.25,7,0.25,0.0188432163175339,0.0961657101971469,0.095732445460368,0.172957904321211,0.0750394944707741,0.426426374997541,0,0.515320762451322,0.217567974462398,0.602164408458552,0.0771270593545475,0.185832819837576,0.0227488151658767,0.20426246072223,0.0272719713976886,0.0730594822200317
"Massachusetts",10,"1",24,69,"months_since_cert_n >   2.50 & total_deductions_by_hh_size <= 919.00 & unc_rawben_rel_max >   1.93 & unc_rawben_rel_max <=   2.23",2,1,3,0.666666666666667,8,0.666666666666667,0.0387072616430311,0.174832184416687,0.128438356436332,0.201008861300174,0.0863764044943821,0.56681890274318,0.666666666666667,0.896619047619048,0.3579274794845,0.762230604630587,0.139254385964912,0.331239132222288,0.0356359649122807,0.324634190376683,0.0407303370786517,0.147083723457098
"Massachusetts",10,"1",31,73,"months_since_cert_n >=   5.00 & percent_abawd <   0.50 & unc_rawben_rel_max >=   1.82 & utilities < 366.00",3,1,5,0.6,9,0.6,0.00371651793513044,0.126757868745454,0.0662741369978276,0.175376968743489,0.0442982456140351,0.517552636078979,0.4,0.738616071428571,0.0540326663664098,0.647894406928553,0.101535087719298,0.317460807412298,0.125877192982456,0.408017032964707,0.0476303317535545,0.099604675941759
"Massachusetts",10,"1",33,45,"medical_deductions >   2.500 & medical_deductions <= 203.000 & rawben_rel_max >   0.565 & rawben_rel_max <=   0.973",21,4,21,1,10,1,0.0154884836726462,0.106388944533535,0.124084900120454,0.190204534147232,0.162536873156342,0.555587755463284,0.6,0.821834159531321,0.483290456824263,0.724248431381559,0.0899705014749263,0.221626248088281,0.0183254344391785,0.209544137083864,0.0699115044247787,0.223249501000326
"Massachusetts",10,"1",36,8,"cat_elig >=    1.00 & shelter_expenses_by_hh_size < 1720.00 & unc_rawben_rel_max >=    2.49 & utilities <  875.00",6,3,6,1,11,1,0.0610405477444796,0.129226315615378,0.0886748531544378,0.197031472124399,0.143071161048689,0.45027200942907,0.666666666666667,0.863209425432741,0.513469739975063,0.762512159000797,0.185833333333333,0.346466918764668,0.106367041198502,0.225311311738041,0.0266666666666667,0.133086640755825
"Massachusetts",10,"1",40,98,"rawben_rel_max <=   0.991 & total_deductions_by_hh_size > 800.000 & unc_rawben_rel_max >   0.985",7,0,12,0.583333333333333,12,0.583333333333333,0.00722766042440684,0.0795286367680667,0.0378416173771616,0.190007836369043,0.032034632034632,0.519647650793934,0.5,0.755794727811574,0.0379871449212542,0.674333956219252,0.023953823953824,0.233302749255988,0.0522366522366522,0.258500246783017,0.0117748917748918,0.126361268630992
"Massachusetts",10,"1",41,102,"rawben_rel_max <=   0.998 & total_deductions_by_hh_size > 602.000 & utilities <= 272.000",1,0,5,0.2,13,0.2,0.00631717375595323,0.0749798475001848,0.0537240314832944,0.16872569007051,0.0462513561354422,0.41647590839018,0.25,0.679675516224189,0.0543800843706389,0.581849302785792,0.0489065265802547,0.171101341136549,0.0316265060240964,0.151391092182569,0.0132107376875925,0.124955500339724
"Massachusetts",10,"1",43,5,"cat_elig >   0.500 & medical_deductions > 498.000 & months_since_cert_n <=  10.500 & unc_rawben_rel_max <=   0.998",1,0,3,0.333333333333333,14,0.333333333333333,0.00657001805692006,0.0690302071044696,0.0548222115477252,0.184477223938695,0.0666666666666667,0.445238090970771,0.6,0.93217847170779,0.0784831986162275,0.633522107352683,0.0333333333333333,0.221823621840107,0.00630630630630628,0.177573605364935,0.0578171091445428,0.183426245440251
"Massachusetts",10,"1",44,3,"cat_elig >   0.500 & expedited_i >   0.500 & total_deductions_by_hh_size > 991.000 & unc_rawben_rel_max <=   0.991",4,1,6,0.666666666666667,15,0.666666666666667,0.0451540187446586,0.0927704696395752,0.0965556420672844,0.193276545361676,NA,NA,0.666666666666667,0.913838876736403,0.470865257305648,0.655514372504446,NA,NA,NA,NA,NA,NA
"Massachusetts",10,"1",46,13,"count_divisible_by_100 <=    0.500 & shelter_expenses_by_hh_size > 1300.000 & total_deductions_by_hh_size > 1370.000 & unc_rawben_rel_max <=    0.998",8,2,14,0.571428571428571,16,0.571428571428571,0.0112053295083089,0.0776650361406197,0.0901133034580469,0.167039533471239,0.222997252166561,0.383192903095129,0.666666666666667,0.909569952011812,0.393726578486231,0.60190855229365,0.126188966391883,0.198037092131797,0.0126315789473684,0.128563823598799,0.0455043859649122,0.123030294722231
"Massachusetts",10,"1",47,29,"elderly_disabled_i >=   1.00 & expedited_i <   1.00 & shelter_expenses_by_hh_size < 922.00 & unc_rawben_rel_max >=   1.82",1,0,5,0.2,17,0.2,0.00284288540762385,0.180808149064262,0.039533307622785,0.181694515672319,0.131498762140545,0.515346466535618,0.666666666666667,0.931675855055398,0.12388382946453,0.738919847158177,0.134533898305085,0.272727698506552,0.0455151399733384,0.278940453186212,0.0165741712914355,0.161040038424459
"Massachusetts",10,"1",55,68,"months_since_cert_n <=    5.500 & rawben_rel_max <=    0.998 & total_deductions_by_hh_size > 1330.000",1,0,7,0.142857142857143,18,0.142857142857143,0.00773132745184336,0.0816973638120362,0.0863995275296578,0.19512086891654,0.0850202429149797,0.40309901965831,0.5,0.794674556213018,0.173360220335855,0.633219784975603,0.0732924892216928,0.185273109392724,0.0564102564102564,0.198422554945034,0.0394698934024777,0.128441231337994
"Massachusetts",10,"2-3",12,174,"count_divisible_by_100 <=   0.5 & HH_size_n <=   2.5 & medical_deductions > 366.0 & total_deductions_by_hh_size > 519.0",2,1,2,1,0,NA,NA,NA,NA,NA,NA,NA,NA,NA,NA,NA,NA,NA,NA,NA,NA,NA
"Massachusetts",10,"2-3",23,240,"months_since_cert_n <=  25 & shelter_expenses_by_hh_size > 499 & shelter_expenses_by_hh_size <= 679 & total_deductions_by_hh_size > 644",2,1,2,1,1,1,0.150338660269804,0.150338660269804,0.172810204312136,0.172810204312136,0.436538461538461,0.436538461538461,0.857142857142857,0.857142857142857,0.646547096360421,0.646547096360421,0.269230769230769,0.269230769230769,0.163461538461538,0.163461538461538,0.163461538461538,0.163461538461538
"Massachusetts",10,"2-3",28,212,"married <=   0.5 & medical_deductions > 140.0 & total_deductions_by_hh_size > 411.0",3,2,3,1,2,1,0.0488868007288773,0.080745314911334,0.0904035527252151,0.122091600686467,NA,NA,0.6,0.739007092198582,0.343464292213374,0.470883815231945,NA,NA,NA,NA,NA,NA
"Massachusetts",10,"2-3",29,142,"HH_size_n >   2.500 & total_deductions_by_hh_size > 440.000 & unc_rawben_rel_max >   0.640 & unc_rawben_rel_max <=   0.996",3,0,3,1,3,1,0.025782211992904,0.0954723785959924,0.193567052591564,0.234823483981136,0.1502849002849,0.307754440201249,0.833333333333333,0.850549450549451,0.497647294318738,0.686054517934933,0.180911680911681,0.263864642056131,0.051994301994302,0.104714493544281,0.0199430199430199,0.069899072558647
"Massachusetts",10,"2-3",30,227,"medical_deductions > 143 & total_deductions_by_hh_size > 503",2,1,7,0.285714285714286,4,0.285714285714286,0.0287656332829175,0.135963238190621,0.0683494160555726,0.182930033559188,0.133333333333333,0.354764111390617,0.333333333333333,0.66039603960396,0.214880968839961,0.574879757976467,0.114285714285714,0.249472615737676,0.0845238095238096,0.0948596584138753,0.0297619047619048,0.101256675051856
"Massachusetts",10,"4+",20,514,"rawben_rel_max >=   0.366 & shelter_expenses_by_hh_size >= 472.000 & total_deductions_by_hh_size >= 236.000 & total_deductions_by_hh_size < 255.000",1,1,1,1,0,NA,NA,NA,NA,NA,NA,NA,NA,NA,NA,NA,NA,NA,NA,NA,NA,NA
"Massachusetts",10,"4+",42,439,"months_since_cert_n >   5.500 & rawben_rel_max <=   0.997 & shelter_expenses_by_hh_size <= 494.000 & total_deductions_by_hh_size > 227.000",2,0,2,1,1,1,0.0426429879220989,0.0426429879220989,0.184195971462921,0.184195971462921,NA,NA,0.857142857142857,0.857142857142857,0.553745223169745,0.553745223169745,NA,NA,NA,NA,NA,NA
"Massachusetts",10,"4+",58,309,"HH_size_n >   4.500 & months_since_cert_n >   4.500 & rawben_rel_max <=   0.988 & total_deductions_by_hh_size > 206.000",2,1,2,1,2,1,0.0128372424664032,0.0145095007320146,0.0625260592794943,0.0730694249457163,0.0737222976028946,0.0737222976028946,0.4,0.445051759834369,0.145556516723229,0.178296173293719,0.0496004824363033,0.0496004824363033,0.0330921151816674,0.0330921151816674,0.0895522388059702,0.0895522388059702
"Michigan",5,"1",1,129,"total_deductions_by_hh_size > 336.000 & unc_rawben_rel_max >   0.891 & unc_rawben_rel_max <=   0.991 & utilities <=  29.500",1,1,1,1,0,NA,NA,NA,NA,NA,NA,NA,NA,NA,NA,NA,NA,NA,NA,NA,NA,NA
"Michigan",5,"1",7,16,"count_divisible_by_100 <=   0.50 & months_since_cert_n >   3.50 & total_deductions_by_hh_size <= 810.00 & unc_rawben_rel_max >   1.93",1,0,1,1,1,1,0.2018199068666,0.2018199068666,0.237845673597979,0.237845673597979,0.66017316017316,0.66017316017316,0.857142857142857,0.857142857142857,0.892637098210595,0.892637098210595,0.408008658008658,0.408008658008658,0.335497835497836,0.335497835497836,0.235930735930736,0.235930735930736
"Michigan",5,"1",10,38,"expedited_i <=   0.50 & total_deductions_by_hh_size <= 920.00 & unc_rawben_rel_max >   1.93 & utilities <= 684.00",1,1,1,1,2,1,0.0152014534120108,0.10765529705657,0.0489120992506234,0.127885265952666,0.0683364254792826,0.322253787878788,0.666666666666667,0.666666666666667,0.113010116777668,0.464641868322281,0.111626468769326,0.222818104514533,0.0538033395176252,0.165781539888683,0.0185528756957328,0.1106524427953
"Michigan",5,"1",14,56,"medical_deductions > 610.00 & total_deductions_by_hh_size >   8.80 & unc_rawben_rel_max <=   1.05 & utilities <= 636.00",1,1,1,1,3,1,0.0182860389161938,0.171591994245143,0.170543341904899,0.199073149465505,0.597619047619047,0.64616669535668,0.4,0.783112420225822,0.579640531900163,0.793099152688148,0.15,0.324909945233951,0.121428571428571,0.35201775805605,0.139393939393939,0.203034765921364
"Michigan",5,"1",23,111,"rawben_rel_max >=   0.236 & rawben_rel_max <   1.000 & total_deductions_by_hh_size >= 511.000 & utilities < 249.000",2,1,3,0.666666666666667,4,0.666666666666667,0.0345150971946039,0.161868141324307,0.110540781168869,0.196092214047118,0.0750394944707741,0.494826067952007,0.666666666666667,0.8301393728223,0.217567974462398,0.6950425403499,0.0771270593545475,0.253063671113195,0.0560821484992101,0.279785222744955,0.0403972015346423,0.174550432503683
"Michigan",5,"2-3",5,156,"cat_elig >   0.50 & shelter_expenses_by_hh_size > 246.00 & unc_rawben_rel_max >   1.63 & utilities <= 748.00",2,0,2,1,0,NA,NA,NA,NA,NA,NA,NA,NA,NA,NA,NA,NA,NA,NA,NA,NA,NA
"Michigan",5,"2-3",15,196,"elderly_disabled_i >= 1.000 & married < 1.000 & rawben_rel_max >= 0.901 & unc_rawben_rel_max >= 1.350",2,0,3,0.666666666666667,1,0.666666666666667,0.00940237427675809,0.00940237427675809,0.0822288605527232,0.0822288605527232,0.136124121779859,0.136124121779859,0.857142857142857,0.857142857142857,0.20597462588245,0.20597462588245,0.117096018735363,0.117096018735363,0.129391100702576,0.129391100702576,0.086943793911007,0.086943793911007
"Michigan",5,"4+",25,311,"HH_size_n >   4.500 & months_since_cert_n >   5.500 & total_deductions_by_hh_size > 231.000 & unc_rawben_rel_max <=   0.998",3,0,3,1,0,NA,NA,NA,NA,NA,NA,NA,NA,NA,NA,NA,NA,NA,NA,NA,NA,NA
"Michigan",5,"4+",26,512,"rawben_rel_max >   0.55 & shelter_expenses_by_hh_size > 161.00 & total_deductions_by_hh_size <= 168.00 & unc_rawben_rel_max <=   1.23",20,6,20,1,1,1,0.00869446970369187,0.00869446970369187,0.212555529447995,0.212555529447995,0.178492239467849,0.178492239467849,0.857142857142857,0.857142857142857,0.56276944118896,0.56276944118896,0.101862527716186,0.101862527716186,0.0539878938935375,0.0539878938935375,0.102100765533203,0.102100765533203
"Michigan",5,"4+",30,318,"HH_size_n >   5.5 & months_since_cert_n >   0.5 & shelter_expenses_by_hh_size > 154.0",8,1,16,0.5,2,0.5,0.00310830235300495,0.00353894605574256,0.0717559502637211,0.0763057292742465,0.133022839229736,0.135396429177641,0.6,0.821776155717762,0.167001962712508,0.177404336679823,0.058898343036274,0.0613697577659109,0.0227682326084345,0.0425576058085574,0.0518859444104851,0.0568976581248837
"Michigan",5,"4+",34,480,"months_since_cert_n >=   9.000 & rawben_rel_max <   0.822 & total_deductions_by_hh_size >= 109.000 & unc_rawben_rel_max >=   0.725",2,1,4,0.5,3,0.5,0.00752524831788802,0.0170624334136655,0.146824159311525,0.173960326438567,0.0661313179026925,0.10638500603541,0.666666666666667,0.929461504227859,0.329229776079715,0.342857948844936,0.143711083437111,0.15225937976664,0.224927507249275,0.229757302894645,0.0494487136652189,0.0812423992082203
"Michigan",10,"1",1,129,"total_deductions_by_hh_size > 336.000 & unc_rawben_rel_max >   0.891 & unc_rawben_rel_max <=   0.991 & utilities <=  29.500",1,1,1,1,0,NA,NA,NA,NA,NA,NA,NA,NA,NA,NA,NA,NA,NA,NA,NA,NA,NA
"Michigan",10,"1",7,16,"count_divisible_by_100 <=   0.50 & months_since_cert_n >   3.50 & total_deductions_by_hh_size <= 810.00 & unc_rawben_rel_max >   1.93",1,0,1,1,1,1,0.2018199068666,0.2018199068666,0.237845673597979,0.237845673597979,0.66017316017316,0.66017316017316,0.857142857142857,0.857142857142857,0.892637098210595,0.892637098210595,0.408008658008658,0.408008658008658,0.335497835497836,0.335497835497836,0.235930735930736,0.235930735930736
"Michigan",10,"1",10,38,"expedited_i <=   0.50 & total_deductions_by_hh_size <= 920.00 & unc_rawben_rel_max >   1.93 & utilities <= 684.00",1,1,1,1,2,1,0.0152014534120108,0.10765529705657,0.0489120992506234,0.127885265952666,0.0683364254792826,0.322253787878788,0.666666666666667,0.666666666666667,0.113010116777668,0.464641868322281,0.111626468769326,0.222818104514533,0.0538033395176252,0.165781539888683,0.0185528756957328,0.1106524427953
"Michigan",10,"1",14,56,"medical_deductions > 610.00 & total_deductions_by_hh_size >   8.80 & unc_rawben_rel_max <=   1.05 & utilities <= 636.00",1,1,1,1,3,1,0.0182860389161938,0.171591994245143,0.170543341904899,0.199073149465505,0.597619047619047,0.64616669535668,0.4,0.783112420225822,0.579640531900163,0.793099152688148,0.15,0.324909945233951,0.121428571428571,0.35201775805605,0.139393939393939,0.203034765921364
"Michigan",10,"1",23,111,"rawben_rel_max >=   0.236 & rawben_rel_max <   1.000 & total_deductions_by_hh_size >= 511.000 & utilities < 249.000",2,1,3,0.666666666666667,4,0.666666666666667,0.0345150971946039,0.161868141324307,0.110540781168869,0.196092214047118,0.0750394944707741,0.494826067952007,0.666666666666667,0.8301393728223,0.217567974462398,0.6950425403499,0.0771270593545475,0.253063671113195,0.0560821484992101,0.279785222744955,0.0403972015346423,0.174550432503683
"Michigan",10,"1",35,8,"cat_elig >=    1.00 & shelter_expenses_by_hh_size < 1720.00 & unc_rawben_rel_max >=    2.49 & utilities <  875.00",2,1,2,1,5,1,0.0872533863141065,0.132708949337301,0.0764175491445149,0.190009402631094,0.133877551020408,0.3977000488325,0.666666666666667,0.795260735038865,0.513078737809656,0.745538643662273,0.172727272727273,0.333502880781223,0.114965986394558,0.200870108563885,0.0679936808846761,0.115289286614123
"Michigan",10,"1",39,98,"rawben_rel_max <=   0.991 & total_deductions_by_hh_size > 800.000 & unc_rawben_rel_max >   0.985",3,2,3,1,6,1,0.0171962258791357,0.111317219564705,0.142332471325885,0.195152110251029,0.347571859420201,0.528207455727443,0.6,0.713650793650794,0.606047511218499,0.721874144003609,0.101731601731602,0.278279779024366,0.0757575757575758,0.28045671604789,0.0117748917748918,0.102697657073129
"Michigan",10,"1",40,102,"rawben_rel_max <=   0.998 & total_deductions_by_hh_size > 602.000 & utilities <= 272.000",1,0,3,0.333333333333333,7,0.333333333333333,0.00631717375595323,0.0857270549156358,0.0537240314832944,0.150882033846673,0.0462513561354422,0.312201173969575,0.25,0.566064491064491,0.0543800843706389,0.476987530194044,0.0489065265802547,0.182486710538851,0.041255067664021,0.159625228624325,0.0246959401587393,0.0912219964866867
"Michigan",10,"1",41,121,"shelter_expenses_by_hh_size < 961.00 & total_deductions_by_hh_size >=   5.00 & unc_rawben_rel_max >=   2.01 & utilities < 681.00",1,1,2,0.5,8,0.5,0.00554531878784498,0.161071407466984,0.0210416361149789,0.15709123436137,0.0550800965547509,0.467031055678388,0.4,0.616212023270847,0.117326056180432,0.664520834525525,0.0770243581303489,0.258711744564248,0.054750932631117,0.241370040508315,0.0288567039719113,0.131332112785025
"Michigan",10,"1",44,3,"cat_elig >   0.500 & expedited_i >   0.500 & total_deductions_by_hh_size > 991.000 & unc_rawben_rel_max <=   0.991",2,1,3,0.666666666666667,9,0.666666666666667,0.0471170585666768,0.11458829420362,0.128753829664193,0.180366610946146,NA,NA,0.666666666666667,0.857977613356099,0.501273821401454,0.664146096287278,NA,NA,NA,NA,NA,NA
"Michigan",10,"2-3",5,156,"cat_elig >   0.50 & shelter_expenses_by_hh_size > 246.00 & unc_rawben_rel_max >   1.63 & utilities <= 748.00",2,0,2,1,0,NA,NA,NA,NA,NA,NA,NA,NA,NA,NA,NA,NA,NA,NA,NA,NA,NA
"Michigan",10,"2-3",15,196,"elderly_disabled_i >= 1.000 & married < 1.000 & rawben_rel_max >= 0.901 & unc_rawben_rel_max >= 1.350",2,0,3,0.666666666666667,1,0.666666666666667,0.00940237427675809,0.00940237427675809,0.0822288605527232,0.0822288605527232,0.136124121779859,0.136124121779859,0.857142857142857,0.857142857142857,0.20597462588245,0.20597462588245,0.117096018735363,0.117096018735363,0.129391100702576,0.129391100702576,0.086943793911007,0.086943793911007
"Michigan",10,"2-3",37,213,"married <=   0.5 & months_since_cert_n >   6.5 & total_deductions_by_hh_size > 637.0 & utilities <= 756.0",1,0,2,0.5,2,0.5,0.145334573193645,0.147132243647451,0.198407772336927,0.207906938446308,NA,NA,0.857142857142857,0.857142857142857,0.652441281853379,0.670165772787789,NA,NA,NA,NA,NA,NA
"Michigan",10,"4+",16,420,"months_since_cert_n >   3.50 & shelter_expenses_by_hh_size > 204.00 & unc_rawben_rel_max <=   1.08 & utilities > 590.00",38,6,38,1,0,NA,NA,NA,NA,NA,NA,NA,NA,NA,NA,NA,NA,NA,NA,NA,NA,NA
"Michigan",10,"4+",26,512,"rawben_rel_max >   0.55 & shelter_expenses_by_hh_size > 161.00 & total_deductions_by_hh_size <= 168.00 & unc_rawben_rel_max <=   1.23",15,5,20,0.75,1,0.75,0.0069965620004767,0.0069965620004767,0.173920736543559,0.173920736543559,0.100580033463469,0.100580033463469,0.666666666666667,0.666666666666667,0.303469585284376,0.303469585284376,0.0699832682654769,0.0699832682654769,0.121046228710462,0.121046228710462,0.0236325132918807,0.0236325132918807
"Michigan",10,"4+",30,318,"HH_size_n >   5.5 & months_since_cert_n >   0.5 & shelter_expenses_by_hh_size > 154.0",7,1,16,0.4375,2,0.4375,0.00310830235300495,0.00334597812656673,0.0717559502637211,0.0905764423986765,0.0519507993593037,0.108317820215062,0.6,0.762229849987287,0.167001962712508,0.177743583979564,0.0588261960168032,0.0588763577317137,0.0435888677142138,0.0709616470326204,0.0518859444104851,0.0590874616188042
"Michigan",10,"4+",32,532,"shelter_expenses_by_hh_size > 198 & total_deductions_by_hh_size <= 136",3,1,19,0.157894736842105,3,0.157894736842105,0.00791871345160666,0.0103352007421256,0.0639571687481194,0.0990152845663962,0.0655235903337169,0.109171130931387,0.5,0.637621621621622,0.11786774507097,0.218131928927469,0.0682393555811277,0.0732941851345394,0.00356330174289215,0.0488026190205942,0.0178165087144607,0.0344374688944262
"Michigan",10,"4+",34,480,"months_since_cert_n >=   9.000 & rawben_rel_max <   0.822 & total_deductions_by_hh_size >= 109.000 & unc_rawben_rel_max >=   0.725",1,1,4,0.25,4,0.25,0.00830100456997323,0.0160955913506224,0.172910057969808,0.186132569808018,0.0661313179026925,0.115250711673449,0.833333333333333,0.940112204686196,0.329229776079715,0.374648519290632,0.143711083437111,0.155654879359605,0.10891256553357,0.210918755831409,0.0450279046169457,0.0798942140847201
"Michigan",10,"4+",45,400,"expedited_i >   0.500 & months_since_cert_n >   5.500 & unc_rawben_rel_max <=   0.912 & utilities <= 356.000",2,1,2,1,5,1,0.0170474737217663,0.0327869537229929,0.19787299894945,0.218271040427834,NA,NA,0.666666666666667,0.856032347162505,0.59478360723631,0.679036663545723,NA,NA,NA,NA,NA,NA
"Minnesota",5,"1",2,55,"medical_deductions > 506.000 & rawben_rel_max <=   0.998 & total_deductions_by_hh_size > 282.000 & unc_rawben_rel_max >   0.761",1,1,1,1,0,NA,NA,NA,NA,NA,NA,NA,NA,NA,NA,NA,NA,NA,NA,NA,NA,NA
"Minnesota",5,"1",12,16,"count_divisible_by_100 <=   0.50 & months_since_cert_n >   3.50 & total_deductions_by_hh_size <= 810.00 & unc_rawben_rel_max >   1.93",1,0,1,1,1,1,0.220597391423097,0.220597391423097,0.21774742269167,0.21774742269167,0.757575757575758,0.757575757575758,0.857142857142857,0.857142857142857,0.884449308419113,0.884449308419113,0.478787878787879,0.478787878787879,0.454545454545455,0.454545454545455,0.139393939393939,0.139393939393939
"Minnesota",5,"1",18,54,"medical_deductions > 200.000 & rawben_rel_max >   0.473 & rawben_rel_max <=   0.991 & utilities <= 392.000",1,1,2,0.5,2,0.5,0.0102845017195464,0.158912846643255,0.130055668519506,0.20715853278946,0.149685534591195,0.514101654147197,0.666666666666667,0.913793103448276,0.252562395458633,0.725920758409735,0.0911949685534591,0.366721870625579,0.0440251572327044,0.346045030657913,0.0677530017152659,0.0803217602176613
"Minnesota",5,"1",23,111,"rawben_rel_max >=   0.236 & rawben_rel_max <   1.000 & total_deductions_by_hh_size >= 511.000 & utilities < 249.000",5,3,7,0.714285714285714,3,0.714285714285714,0.0392392403270802,0.119947823838992,0.120569400041941,0.188541315593316,0.562717219589257,0.601386331424848,0.4,0.70880829015544,0.45658849388303,0.673604520092718,0.160821484992101,0.253582898486641,0.0558884020388089,0.208568475295034,0.203145196036191,0.237671750350831
"Minnesota",5,"1",26,88,"rawben_rel_max <   0.992 & shelter_expenses_by_hh_size >= 831.000 & unc_rawben_rel_max >=   0.270 & utilities < 277.000",1,0,5,0.2,4,0.2,0.0161216024286172,0.0520610213903603,0.0512496002795779,0.109307983531072,0.167093983891436,0.372350553802146,0.666666666666667,0.699692780337942,0.207152898280526,0.413297502310831,0.0492839199233419,0.142907883529739,0.0259757076632222,0.0984434001814042,0.0819931111283765,0.172863514345059
"Minnesota",5,"1",36,8,"cat_elig >=    1.00 & shelter_expenses_by_hh_size < 1720.00 & unc_rawben_rel_max >=    2.49 & utilities <  875.00",1,1,1,1,5,1,0.0872533863141065,0.1425728688355,0.102519074086523,0.223043356276636,0.153939393939394,0.519450817992602,0.666666666666667,0.792299898682877,0.53960786499754,0.824518348615486,0.172727272727273,0.390723314543243,0.154545454545455,0.23347304085825,0.0679936808846761,0.129070636400222
"Minnesota",5,"1",40,102,"rawben_rel_max <=   0.998 & total_deductions_by_hh_size > 602.000 & utilities <= 272.000",2,0,9,0.222222222222222,6,0.222222222222222,0.00631717375595323,0.0497495692384209,0.0537240314832944,0.119475318029945,0.0462513561354422,0.269357532427782,0.25,0.544645638629284,0.0543800843706389,0.349366849907924,0.0489065265802547,0.149343569986308,0.041255067664021,0.100661618055804,0.0246959401587393,0.0977397413208125
"Minnesota",5,"1",45,3,"cat_elig >   0.500 & expedited_i >   0.500 & total_deductions_by_hh_size > 991.000 & unc_rawben_rel_max <=   0.991",1,1,1,1,7,1,0.0464967713951082,0.0887061868742716,0.128277759978934,0.175166219942199,NA,NA,0.833333333333333,0.906078659931788,0.510080759021856,0.625754507594831,NA,NA,NA,NA,NA,NA
"Minnesota",5,"1",47,89,"rawben_rel_max <   0.992 & total_deductions_by_hh_size >= 220.000 & unc_rawben_rel_max >=   0.986 & utilities < 688.000",2,0,5,0.4,8,0.4,0.0266556568759172,0.0595923141193629,0.176286923723517,0.188571401310508,0.288658805483655,0.420224824821921,0.25,0.457761150234742,0.556000044229815,0.634807259824206,0.10200364298725,0.179272984844521,0.0146198830409357,0.11558448748002,0.0560128599539924,0.1067022240856
"Minnesota",5,"1",52,103,"rawben_rel_max >   0.112 & shelter_expenses_by_hh_size <= 592.000 & unc_rawben_rel_max <=   0.978 & utilities >  55.500",4,1,4,1,9,1,0.475507274640743,0.492082815804244,0.223558329202074,0.244786507446333,0.130302341441237,0.3080737044126,0.857142857142857,0.949619957123368,0.714721275551827,0.821457433625013,0.138213230279609,0.208107158159431,0.0578719455613981,0.117597014179698,0.0256146369353916,0.217537688814945
"Minnesota",5,"2-3",3,188,"elderly_disabled_i > 0.500 & married <= 0.500 & rawben_rel_max > 0.996 & unc_rawben_rel_max > 1.550",1,1,1,1,0,NA,NA,NA,NA,NA,NA,NA,NA,NA,NA,NA,NA,NA,NA,NA,NA,NA
"Minnesota",5,"2-3",17,196,"elderly_disabled_i >= 1.000 & married < 1.000 & rawben_rel_max >= 0.901 & unc_rawben_rel_max >= 1.350",1,0,2,0.5,1,0.5,0.00767349965655543,0.00767349965655543,0.0447147716302863,0.0447147716302863,0.0535714285714286,0.0535714285714286,0,0,0.0545396317211735,0.0545396317211735,0.0595238095238095,0.0595238095238095,0.0595238095238095,0.0595238095238095,0.0178571428571429,0.0178571428571429
"Minnesota",5,"2-3",37,213,"married <=   0.5 & months_since_cert_n >   6.5 & total_deductions_by_hh_size > 637.0 & utilities <= 756.0",1,0,2,0.5,2,0.5,0.145334573193645,0.148151671675718,0.197577630713517,0.209889030057719,NA,NA,0.857142857142857,0.857142857142857,0.665075958660417,0.679344198750366,NA,NA,NA,NA,NA,NA
"Minnesota",5,"2-3",56,197,"elderly_disabled_i >= 1.000 & rawben_rel_max >= 0.993 & rawben_rel_max < 0.996",2,2,2,1,3,1,0.0517539934481829,0.159761357175015,0.175133505060542,0.191681022618866,0.699404761904762,0.7167545995671,0.6,0.687573964497041,0.79725846024485,0.803467217611654,0.366071428571429,0.36722132034632,0.217261904761905,0.253787878787879,0.285714285714286,0.288014069264069
"Minnesota",5,"2-3",57,207,"expedited_i >= 1.000 & months_since_cert_n < 2.000 & rawben_rel_max >= 0.649 & rawben_rel_max < 0.901",1,1,1,1,4,1,0.0322737469942143,0.1352923763137,0.263408881968309,0.297021861716194,0.392857142857143,0.457709293394777,0.6,0.818577834721332,0.816112427026346,0.861818340204711,0.212301587301587,0.30051523297491,0.0694444444444445,0.234767025089606,0.0773809523809524,0.118119559651818
"Minnesota",5,"4+",13,345,"HH_size_n >=   6.000 & months_since_cert_n >=  11.000 & rawben_rel_max <   0.887 & utilities < 388.000",1,0,1,1,0,NA,NA,NA,NA,NA,NA,NA,NA,NA,NA,NA,NA,NA,NA,NA,NA,NA
"Minnesota",5,"4+",21,514,"rawben_rel_max >=   0.366 & shelter_expenses_by_hh_size >= 472.000 & total_deductions_by_hh_size >= 236.000 & total_deductions_by_hh_size < 255.000",2,0,2,1,1,1,0.00659881106643996,0.00659881106643996,0.213358183421231,0.213358183421231,NA,NA,1,1,0.566941510890232,0.566941510890232,NA,NA,NA,NA,NA,NA
"Minnesota",5,"4+",25,311,"HH_size_n >   4.500 & months_since_cert_n >   5.500 & total_deductions_by_hh_size > 231.000 & unc_rawben_rel_max <=   0.998",6,2,7,0.857142857142857,2,0.857142857142857,0.0230380756496935,0.0261312683370872,0.173161898585094,0.19215825391019,NA,NA,0.666666666666667,0.767857142857143,0.469811060283755,0.570630416094074,NA,NA,NA,NA,NA,NA
"Minnesota",5,"4+",33,342,"HH_size_n >=   5.000 & rawben_rel_max <   0.873 & shelter_expenses_by_hh_size < 486.000 & total_deductions_by_hh_size >= 286.000",1,0,2,0.5,3,0.5,0.0109245926595029,0.01264819840263,0.127879794478231,0.153044901439654,0.160029865604778,0.160029865604778,0.666666666666667,0.707397424378557,0.27354100634498,0.391751325153706,0.153558984569438,0.153558984569438,0.162020905923345,0.162020905923345,0.0960676953708312,0.0960676953708312
"Minnesota",5,"4+",34,480,"months_since_cert_n >=   9.000 & rawben_rel_max <   0.822 & total_deductions_by_hh_size >= 109.000 & unc_rawben_rel_max >=   0.725",1,1,1,1,4,1,0.00339934434161492,0.00969053383982384,0.146824159311525,0.174748287373884,0.195790177079853,0.226699700929486,0.666666666666667,0.69651086240948,0.421261608019825,0.486383543908739,0.226194453725359,0.252890687403149,0.236886067490812,0.2982114106362,0.0494487136652189,0.0524290348726639
"Minnesota",5,"4+",41,439,"months_since_cert_n >   5.500 & rawben_rel_max <=   0.997 & shelter_expenses_by_hh_size <= 494.000 & total_deductions_by_hh_size > 227.000",7,2,14,0.5,5,0.5,0.0196049122724054,0.0291821382209125,0.071475752845509,0.135889288754428,0.0933727519093373,0.123588608949744,0.4,0.549012775842044,0.151828676919926,0.358494139667392,0.0693520571569352,0.150289616039244,0.0937423010593742,0.150054195595524,0.0463168268046317,0.0627617231519302
"Minnesota",5,"4+",62,450,"months_since_cert_n >  10.5 & shelter_expenses_by_hh_size > 349.0 & total_deductions_by_hh_size > 168.0",1,0,2,0.5,6,0.5,0.00104497491043057,0.0171409872870784,0.104093133111318,0.143427683122778,0.055832295558323,0.145512580840271,0.6,0.632133541992697,0.244228744812696,0.336034721862521,0.124325446243254,0.150361887697659,0.0269821502698215,0.14852600942027,0.0161892901618929,0.0459359308772743
"Minnesota",10,"1",2,55,"medical_deductions > 506.000 & rawben_rel_max <=   0.998 & total_deductions_by_hh_size > 282.000 & unc_rawben_rel_max >   0.761",1,1,1,1,0,NA,NA,NA,NA,NA,NA,NA,NA,NA,NA,NA,NA,NA,NA,NA,NA,NA
"Minnesota",10,"1",12,16,"count_divisible_by_100 <=   0.50 & months_since_cert_n >   3.50 & total_deductions_by_hh_size <= 810.00 & unc_rawben_rel_max >   1.93",1,0,1,1,1,1,0.220597391423097,0.220597391423097,0.21774742269167,0.21774742269167,0.757575757575758,0.757575757575758,0.857142857142857,0.857142857142857,0.884449308419113,0.884449308419113,0.478787878787879,0.478787878787879,0.454545454545455,0.454545454545455,0.139393939393939,0.139393939393939
"Minnesota",10,"1",18,54,"medical_deductions > 200.000 & rawben_rel_max >   0.473 & rawben_rel_max <=   0.991 & utilities <= 392.000",1,1,2,0.5,2,0.5,0.0102845017195464,0.158912846643255,0.130055668519506,0.20715853278946,0.149685534591195,0.514101654147197,0.666666666666667,0.913793103448276,0.252562395458633,0.725920758409735,0.0911949685534591,0.366721870625579,0.0440251572327044,0.346045030657913,0.0677530017152659,0.0803217602176613
"Minnesota",10,"1",23,111,"rawben_rel_max >=   0.236 & rawben_rel_max <   1.000 & total_deductions_by_hh_size >= 511.000 & utilities < 249.000",5,3,7,0.714285714285714,3,0.714285714285714,0.0392392403270802,0.119947823838992,0.120569400041941,0.188541315593316,0.562717219589257,0.601386331424848,0.4,0.70880829015544,0.45658849388303,0.673604520092718,0.160821484992101,0.253582898486641,0.0558884020388089,0.208568475295034,0.203145196036191,0.237671750350831
"Minnesota",10,"1",26,88,"rawben_rel_max <   0.992 & shelter_expenses_by_hh_size >= 831.000 & unc_rawben_rel_max >=   0.270 & utilities < 277.000",1,0,5,0.2,4,0.2,0.0161216024286172,0.0520610213903603,0.0512496002795779,0.109307983531072,0.167093983891436,0.372350553802146,0.666666666666667,0.699692780337942,0.207152898280526,0.413297502310831,0.0492839199233419,0.142907883529739,0.0259757076632222,0.0984434001814042,0.0819931111283765,0.172863514345059
"Minnesota",10,"1",36,8,"cat_elig >=    1.00 & shelter_expenses_by_hh_size < 1720.00 & unc_rawben_rel_max >=    2.49 & utilities <  875.00",1,1,1,1,5,1,0.0872533863141065,0.1425728688355,0.102519074086523,0.223043356276636,0.153939393939394,0.519450817992602,0.666666666666667,0.792299898682877,0.53960786499754,0.824518348615486,0.172727272727273,0.390723314543243,0.154545454545455,0.23347304085825,0.0679936808846761,0.129070636400222
"Minnesota",10,"1",40,102,"rawben_rel_max <=   0.998 & total_deductions_by_hh_size > 602.000 & utilities <= 272.000",2,0,9,0.222222222222222,6,0.222222222222222,0.00631717375595323,0.0497495692384209,0.0537240314832944,0.119475318029945,0.0462513561354422,0.269357532427782,0.25,0.544645638629284,0.0543800843706389,0.349366849907924,0.0489065265802547,0.149343569986308,0.041255067664021,0.100661618055804,0.0246959401587393,0.0977397413208125
"Minnesota",10,"1",45,3,"cat_elig >   0.500 & expedited_i >   0.500 & total_deductions_by_hh_size > 991.000 & unc_rawben_rel_max <=   0.991",1,1,1,1,7,1,0.0464967713951082,0.0887061868742716,0.128277759978934,0.175166219942199,NA,NA,0.833333333333333,0.906078659931788,0.510080759021856,0.625754507594831,NA,NA,NA,NA,NA,NA
"Minnesota",10,"1",47,89,"rawben_rel_max <   0.992 & total_deductions_by_hh_size >= 220.000 & unc_rawben_rel_max >=   0.986 & utilities < 688.000",2,0,5,0.4,8,0.4,0.0266556568759172,0.0595923141193629,0.176286923723517,0.188571401310508,0.288658805483655,0.420224824821921,0.25,0.457761150234742,0.556000044229815,0.634807259824206,0.10200364298725,0.179272984844521,0.0146198830409357,0.11558448748002,0.0560128599539924,0.1067022240856
"Minnesota",10,"1",52,103,"rawben_rel_max >   0.112 & shelter_expenses_by_hh_size <= 592.000 & unc_rawben_rel_max <=   0.978 & utilities >  55.500",4,1,4,1,9,1,0.475507274640743,0.492082815804244,0.223558329202074,0.244786507446333,0.130302341441237,0.3080737044126,0.857142857142857,0.949619957123368,0.714721275551827,0.821457433625013,0.138213230279609,0.208107158159431,0.0578719455613981,0.117597014179698,0.0256146369353916,0.217537688814945
"Minnesota",10,"1",64,120,"shelter_expenses_by_hh_size < 601 & total_deductions_by_hh_size < 199 & utilities >= 240",1,0,2,0.5,10,0.5,0.039000770670272,0.166129436367125,0.0636899177558039,0.117785993074626,0.136008954269268,0.182165163169415,0.6,0.697836566725456,0.258772623921211,0.418126384654008,0.0525743524144547,0.0880356175573908,0.0599296450271826,0.0779075387215281,0.0792133034857691,0.133084663577577
"Minnesota",10,"1",66,67,"medical_deductions >= 5.000 & medical_deductions < 9.000 & rawben_rel_max < 0.488",2,0,2,1,11,1,0.0548481113484754,0.413894471589895,0.180161101755341,0.19835579991175,NA,NA,0.6,0.974137436338857,0.6833141946374,0.712963791052672,NA,NA,NA,NA,NA,NA
"Minnesota",10,"1",70,123,"shelter_expenses_by_hh_size > 2070.000 & unc_rawben_rel_max <=    0.991",1,1,1,1,12,1,0.0146177065081836,0.433537698339396,0.0850228835333637,0.254772865466941,0.214937106918239,0.266098052178942,0.8,0.903697352909656,0.407698148252731,0.820844539090283,0.168560606060606,0.195376202954987,0.044138418079096,0.0837576285746858,0.0441666666666667,0.165945429390414
"Minnesota",10,"1",71,27,"elderly_disabled_i >   0.500 & total_deductions_by_hh_size > 438.000 & unc_rawben_rel_max >   0.316 & utilities <= 276.000",1,0,8,0.125,13,0.125,0.0406646705943131,0.432024014359422,0.0925828134363655,0.233291756186356,0.110983802926931,0.150867756450682,0.4,0.941004139687931,0.265840984115435,0.708428473178223,0.0373244449073833,0.156542073427893,0.0266781411359725,0.065591995782632,0.007864173740951,0.230726452075586
"Minnesota",10,"1",73,11,"cat_elig >=   1.000 & rawben_rel_max <   0.992 & unc_rawben_rel_max >=   0.986 & utilities < 626.000",1,0,3,0.333333333333333,14,0.333333333333333,0.00598857561475324,0.415956983451851,0.0546778115287896,0.245802058657701,0.028902384165542,0.379688222410182,0.4,0.915728031220562,0.0384052194357449,0.822720497495302,0.0194556905083221,0.205079872895373,0.0104588394062079,0.124350963198404,0.0185560053981106,0.273028925329574
"Minnesota",10,"1",75,70,"months_since_cert_n >   2.50 & unc_rawben_rel_max >   1.93 & utilities >  14.00 & utilities <= 680.00",4,1,6,0.666666666666667,15,0.666666666666667,0.0175205922914208,0.438442388256813,0.0742241590799984,0.269487870588383,0.0750184774575018,0.535310408166525,0.666666666666667,0.82087109944183,0.135636736856633,0.896763437691995,0.101219512195122,0.249894264660221,0.0358462675535847,0.299217574817619,0.0482723577235772,0.137681318235051
"Minnesota",10,"1",82,127,"total_deductions_by_hh_size <= 209.0000 & unc_rawben_rel_max >  -0.0302 & utilities > 222.0000",5,1,6,0.833333333333333,16,0.833333333333333,0.00709533988992719,0.149612126493729,0.0209993793854545,0.0976396487529854,0.0168118696868895,0.133710999493288,0.5,0.722459571505427,0.0371009154743911,0.322668426234317,0.0178890120914515,0.0778016413733783,0.0198426527271767,0.0543786463739186,0.00888114472781032,0.104782002766269
"Minnesota",10,"1",83,124,"shelter_expenses_by_hh_size > 504.0 & total_deductions_by_hh_size > 647.0 & utilities <=  29.5",1,0,2,0.5,17,0.5,0.0100087689101211,0.423334420119159,0.0854611452514577,0.252842935287198,0.052980464184338,0.15789970011435,0.5,0.93951007885717,0.159153207620912,0.728454446216917,0.0527407695549289,0.139205938485919,0.00434978251087447,0.0471529449603841,0.0442477876106194,0.197520675652935
"Minnesota",10,"1",84,7,"cat_elig >=    1 & rawben_rel_max <    1 & total_deductions_by_hh_size >= 1340",1,0,1,1,18,1,0.0126510270445684,0.422683622024382,0.0668530676510551,0.248309951377717,0.232545045045045,0.337210378217636,0.5,0.948500568504832,0.265909714016978,0.825158242993261,0.0955714750895474,0.156991843147788,0.031088465514695,0.0641881361011454,0.0352669742913646,0.157913526569631
"Minnesota",10,"1",98,4,"cat_elig >   0.500 & medical_deductions > 226.000 & unc_rawben_rel_max >   0.316 & unc_rawben_rel_max <=   0.991",5,1,7,0.714285714285714,19,0.714285714285714,0.00691822772242689,0.408916684162552,0.101119352278139,0.22043568937584,0.0670188679245283,0.559620383719606,0.666666666666667,0.887964258042444,0.131273884932992,0.818972818893123,0.0977440758293839,0.146385041675812,0.0175924170616114,0.087044531674385,0.0185454545454545,0.0998538448252874
"Minnesota",10,"1",110,10,"cat_elig >=   1 & rawben_rel_max <   1 & total_deductions_by_hh_size >= 450 & utilities < 277",6,0,17,0.352941176470588,20,0.352941176470588,0.00477097267616038,0.409807665219771,0.0691690277798613,0.22246404798537,0.0440020953378732,0.211863342652529,0.25,0.907877221985738,0.0422024451108236,0.71726868895337,0.0393312379954601,0.135761487737838,0.0116989697922123,0.0715558096749761,0.0285103349964363,0.274887545549414
"Minnesota",10,"1",112,86,"rawben_rel_max <   0.968 & shelter_expenses_by_hh_size < 595.000 & utilities >= 149.000",2,0,7,0.285714285714286,21,0.285714285714286,0.00611752347735213,0.144767723281331,0.0247014404257184,0.0905044189041751,0.0361670553317787,0.130888519608244,0.5,0.69074618882054,0.0934266794335562,0.294456778234943,0.0119638188113914,0.0762886911918149,0.0121546180481944,0.0488486038018987,0.0263090947636209,0.0883363971799645
"Minnesota",10,"2-3",3,188,"elderly_disabled_i > 0.500 & married <= 0.500 & rawben_rel_max > 0.996 & unc_rawben_rel_max > 1.550",1,1,1,1,0,NA,NA,NA,NA,NA,NA,NA,NA,NA,NA,NA,NA,NA,NA,NA,NA,NA
"Minnesota",10,"2-3",17,196,"elderly_disabled_i >= 1.000 & married < 1.000 & rawben_rel_max >= 0.901 & unc_rawben_rel_max >= 1.350",1,0,2,0.5,1,0.5,0.00767349965655543,0.00767349965655543,0.0447147716302863,0.0447147716302863,0.0535714285714286,0.0535714285714286,0,0,0.0545396317211735,0.0545396317211735,0.0595238095238095,0.0595238095238095,0.0595238095238095,0.0595238095238095,0.0178571428571429,0.0178571428571429
"Minnesota",10,"2-3",37,213,"married <=   0.5 & months_since_cert_n >   6.5 & total_deductions_by_hh_size > 637.0 & utilities <= 756.0",1,0,2,0.5,2,0.5,0.145334573193645,0.148151671675718,0.197577630713517,0.209889030057719,NA,NA,0.857142857142857,0.857142857142857,0.665075958660417,0.679344198750366,NA,NA,NA,NA,NA,NA
"Minnesota",10,"2-3",56,197,"elderly_disabled_i >= 1.000 & rawben_rel_max >= 0.993 & rawben_rel_max < 0.996",2,2,2,1,3,1,0.0517539934481829,0.159761357175015,0.175133505060542,0.191681022618866,0.699404761904762,0.7167545995671,0.6,0.687573964497041,0.79725846024485,0.803467217611654,0.366071428571429,0.36722132034632,0.217261904761905,0.253787878787879,0.285714285714286,0.288014069264069
"Minnesota",10,"2-3",57,207,"expedited_i >= 1.000 & months_since_cert_n < 2.000 & rawben_rel_max >= 0.649 & rawben_rel_max < 0.901",1,1,1,1,4,1,0.0322737469942143,0.1352923763137,0.263408881968309,0.297021861716194,0.392857142857143,0.457709293394777,0.6,0.818577834721332,0.816112427026346,0.861818340204711,0.212301587301587,0.30051523297491,0.0694444444444445,0.234767025089606,0.0773809523809524,0.118119559651818
"Minnesota",10,"2-3",72,166,"cat_elig >=   1.000 & medical_deductions >= 179.000 & rawben_rel_max >=   0.137 & total_deductions_by_hh_size >= 242.000",2,0,2,1,5,1,0.180010774905304,0.247108039863478,0.180200119399023,0.222175985248189,0.474489795918367,0.544722576530612,0.833333333333333,0.852501289324394,0.726448422783206,0.800087972304964,0.139030612244898,0.268813775510204,0.0272108843537415,0.13266369047619,0.00680272108843538,0.0949085884353742
"Minnesota",10,"2-3",88,259,"rawben_rel_max <   0.904 & total_deductions_by_hh_size >= 353.000 & utilities < 347.000",1,1,1,1,6,1,0.0487433844695928,0.13904464836352,0.22529561388376,0.247076182361026,0.230480480480481,0.472883664038364,0.6,0.860677698975571,0.706217879934489,0.816137877914845,0.158408408408408,0.25637817618295,0.00413678985107556,0.0841024023388938,0.0352852852852853,0.116416518294757
"Minnesota",10,"2-3",96,256,"rawben_rel_max <   0.749 & total_deductions_by_hh_size >= 602.000 & total_deductions_by_hh_size < 683.000",2,0,3,0.666666666666667,7,0.666666666666667,0.0381587441788617,0.0953494797930105,0.13464996308975,0.196098751974947,0.199419568822554,0.385700050492161,0.5,0.74167916041979,0.424075851985718,0.664279175987206,0.169568822553897,0.253606748746484,0.0515280739161336,0.106531556032774,0.0128075837031061,0.0830034306313624
"Minnesota",10,"4+",13,345,"HH_size_n >=   6.000 & months_since_cert_n >=  11.000 & rawben_rel_max <   0.887 & utilities < 388.000",1,0,1,1,0,NA,NA,NA,NA,NA,NA,NA,NA,NA,NA,NA,NA,NA,NA,NA,NA,NA
"Minnesota",10,"4+",21,514,"rawben_rel_max >=   0.366 & shelter_expenses_by_hh_size >= 472.000 & total_deductions_by_hh_size >= 236.000 & total_deductions_by_hh_size < 255.000",2,0,2,1,1,1,0.00659881106643996,0.00659881106643996,0.213358183421231,0.213358183421231,NA,NA,1,1,0.566941510890232,0.566941510890232,NA,NA,NA,NA,NA,NA
"Minnesota",10,"4+",25,311,"HH_size_n >   4.500 & months_since_cert_n >   5.500 & total_deductions_by_hh_size > 231.000 & unc_rawben_rel_max <=   0.998",6,2,7,0.857142857142857,2,0.857142857142857,0.0230380756496935,0.0261312683370872,0.173161898585094,0.19215825391019,NA,NA,0.666666666666667,0.767857142857143,0.469811060283755,0.570630416094074,NA,NA,NA,NA,NA,NA
"Minnesota",10,"4+",33,342,"HH_size_n >=   5.000 & rawben_rel_max <   0.873 & shelter_expenses_by_hh_size < 486.000 & total_deductions_by_hh_size >= 286.000",1,0,2,0.5,3,0.5,0.0109245926595029,0.01264819840263,0.127879794478231,0.153044901439654,0.160029865604778,0.160029865604778,0.666666666666667,0.707397424378557,0.27354100634498,0.391751325153706,0.153558984569438,0.153558984569438,0.162020905923345,0.162020905923345,0.0960676953708312,0.0960676953708312
"Minnesota",10,"4+",34,480,"months_since_cert_n >=   9.000 & rawben_rel_max <   0.822 & total_deductions_by_hh_size >= 109.000 & unc_rawben_rel_max >=   0.725",1,1,1,1,4,1,0.00339934434161492,0.00969053383982384,0.146824159311525,0.174748287373884,0.195790177079853,0.226699700929486,0.666666666666667,0.69651086240948,0.421261608019825,0.486383543908739,0.226194453725359,0.252890687403149,0.236886067490812,0.2982114106362,0.0494487136652189,0.0524290348726639
"Minnesota",10,"4+",41,439,"months_since_cert_n >   5.500 & rawben_rel_max <=   0.997 & shelter_expenses_by_hh_size <= 494.000 & total_deductions_by_hh_size > 227.000",7,2,14,0.5,5,0.5,0.0196049122724054,0.0291821382209125,0.071475752845509,0.135889288754428,0.0933727519093373,0.123588608949744,0.4,0.549012775842044,0.151828676919926,0.358494139667392,0.0693520571569352,0.150289616039244,0.0937423010593742,0.150054195595524,0.0463168268046317,0.0627617231519302
"Minnesota",10,"4+",59,309,"HH_size_n >   4.500 & months_since_cert_n >   4.500 & rawben_rel_max <=   0.988 & total_deductions_by_hh_size > 206.000",2,0,12,0.166666666666667,6,0.166666666666667,0.00676766980600226,0.0146377280352589,0.0589858157373291,0.0972224008541259,0.0371314160902803,0.0932129791247319,0.4,0.424323720098368,0.0421030522036751,0.236746361188891,0.0496004824363033,0.0928799107508157,0.0330921151816674,0.0848383124057364,0.0281754492841912,0.0696832167914507
"Minnesota",10,"4+",62,450,"months_since_cert_n >  10.5 & shelter_expenses_by_hh_size > 349.0 & total_deductions_by_hh_size > 168.0",1,0,2,0.5,7,0.5,0.00104497491043057,0.0167177460014012,0.104093133111318,0.138396548643825,0.055832295558323,0.151407672072814,0.6,0.624590818363273,0.244228744812696,0.335832256213979,0.124325446243254,0.149677756059477,0.0269821502698215,0.152562754513146,0.0161892901618929,0.0454686227643476
"Minnesota",10,"4+",93,310,"HH_size_n >   4.500 & months_since_cert_n >   5.500 & rawben_rel_max <=   0.997 & shelter_expenses_by_hh_size > 263.000",3,1,12,0.25,8,0.25,0.00285590156588986,0.0125519356540284,0.0578764426607306,0.0947642740782449,0.0855435733022443,0.119616458031861,0.4,0.602023937946268,0.117781604227488,0.250770337768479,0.0718891038039974,0.117776208725808,0.0204169353105524,0.0779074702988254,0.0120495006513243,0.0609484108633729
"Minnesota",10,"4+",101,399,"expedited_i >   0.500 & months_since_cert_n >   5.500 & total_deductions_by_hh_size <= 181.000 & unc_rawben_rel_max <=   0.935",2,2,2,1,9,1,0.00549329864704651,0.0236974747415345,0.127785115054871,0.152704526792562,0.0878787878787879,0.146395720535614,0.666666666666667,0.847519761713827,0.344749218886929,0.466893175235774,0.151432129514321,0.187671225307412,0.0430884184308842,0.178292483852737,0.062708719851577,0.10452109287904
"Minnesota",10,"4+",106,442,"months_since_cert_n >   5.500 & rawben_rel_max >   0.724 & rawben_rel_max <=   0.974 & shelter_expenses_by_hh_size > 162.000",3,0,10,0.3,10,0.3,0.00158808140829518,0.0149120638998959,0.078066925729871,0.14243467245155,0.0611188696295079,0.119089515181557,0.4,0.631693519513068,0.164641307948043,0.296788634619282,0.11011661011661,0.124565143176782,0.0400725400725401,0.0888106282011933,0.0214819682904789,0.0461472522379369
"Mississippi",5,"1",3,107,"rawben_rel_max >   0.751 & rawben_rel_max <=   0.992 & shelter_expenses_by_hh_size > 832.000 & utilities <=  29.500",2,0,2,1,0,NA,NA,NA,NA,NA,NA,NA,NA,NA,NA,NA,NA,NA,NA,NA,NA,NA
"Mississippi",5,"1",5,83,"months_since_cert_n >=   8.00 & unc_rawben_rel_max >=   1.93 & utilities < 366.00",1,1,1,1,1,1,0.16308849740356,0.16308849740356,0.227108591590604,0.227108591590604,0.72,0.72,0.833333333333333,0.833333333333333,0.87137237737293,0.87137237737293,0.406666666666667,0.406666666666667,0.44,0.44,0.353333333333333,0.353333333333333
"Mississippi",5,"1",7,125,"shelter_expenses_by_hh_size > 878.000 & unc_rawben_rel_max >   0.379 & unc_rawben_rel_max <=   0.991 & utilities <=  29.500",1,0,3,0.333333333333333,2,0.333333333333333,0.0149432126383931,0.0661250247140877,0.0924717312457062,0.144517750618198,0.0290909090909091,0.249348807221148,0.6,0.64468085106383,0.0882102409184547,0.354123686519661,0.0775757575757576,0.170915538362347,0.0824242424242424,0.173165699548678,0.0454545454545455,0.133397807865893
"Mississippi",5,"1",9,30,"elderly_disabled_i >=   1.00 & rawben_rel_max >=   1.00 & unc_rawben_rel_max >=   1.52 & utilities < 313.00",2,2,3,0.666666666666667,3,0.666666666666667,0.0262757955455729,0.158158437147109,0.15337736287192,0.187401735636026,0.144194756554307,0.641366655745498,0.6,0.656918238993711,0.317058074467824,0.755047635176518,0.252434456928839,0.334551493309178,0.104119850187266,0.265066458522045,0.137453183520599,0.184145386448757
"Mississippi",5,"1",30,106,"rawben_rel_max >   0.727 & rawben_rel_max <=   0.991 & shelter_expenses_by_hh_size > 413.000 & utilities <=  28.500",1,0,3,0.333333333333333,4,0.333333333333333,0.0111314477121009,0.0930563757798713,0.119901809220918,0.165300203961577,0.15530303030303,0.392393897875473,0,0.562617702448211,0.213926768335383,0.544847366383947,0.0752525252525253,0.19087882971786,0.0345959595959596,0.166645633315315,0.0738888888888889,0.121678027337426
"Mississippi",5,"2-3",17,142,"HH_size_n >   2.500 & total_deductions_by_hh_size > 440.000 & unc_rawben_rel_max >   0.640 & unc_rawben_rel_max <=   0.996",1,0,1,1,0,NA,NA,NA,NA,NA,NA,NA,NA,NA,NA,NA,NA,NA,NA,NA,NA,NA
"Mississippi",5,"2-3",26,271,"shelter_expenses_by_hh_size < 650 & total_deductions_by_hh_size >= 625",1,0,1,1,1,1,0.0345726466990213,0.0345726466990213,0.162070490008154,0.162070490008154,0.133040935672515,0.133040935672515,0.8,0.8,0.450742241769901,0.450742241769901,0.191033138401559,0.191033138401559,0.0784600389863548,0.0784600389863548,0.0185185185185186,0.0185185185185186
"Mississippi",5,"4+",8,501,"rawben_rel_max <=   0.783 & total_deductions_by_hh_size >  11.600 & total_deductions_by_hh_size <= 129.000 & unc_rawben_rel_max >   0.527",22,11,22,1,0,NA,NA,NA,NA,NA,NA,NA,NA,NA,NA,NA,NA,NA,NA,NA,NA,NA
"Mississippi",5,"4+",13,361,"count_divisible_by_100 <= 0.500 & months_since_cert_n > 3.500 & unc_rawben_rel_max > 0.440 & unc_rawben_rel_max <= 0.772",12,4,18,0.666666666666667,1,0.666666666666667,0.0182861360309289,0.0182861360309289,0.10314190327877,0.10314190327877,0.0639445649710196,0.0639445649710196,0.857142857142857,0.857142857142857,0.167143246260291,0.167143246260291,0.0444030696499692,0.0444030696499692,0.0941519554236317,0.0941519554236317,0.0157918033640577,0.0157918033640577
"Mississippi",5,"4+",14,327,"HH_size_n >  4.500 & rawben_rel_max >  0.541 & rawben_rel_max <=  0.783 & total_deductions_by_hh_size > 40.800",4,4,16,0.25,2,0.25,0.00572111797054367,0.00978725677126693,0.0677743503130425,0.0678222399847552,0.0444433402895094,0.0542494840717601,0.666666666666667,0.864708657702288,0.0960280347382033,0.107950495089714,0.047871741362748,0.0529630730992503,0.0648493320907114,0.103097951277993,0.00111835973904939,0.0091717871433399
"Mississippi",5,"4+",15,359,"count_divisible_by_100 <=   0.500 & total_deductions_by_hh_size <= 132.000 & unc_rawben_rel_max >   0.541 & unc_rawben_rel_max <=   0.780",6,0,29,0.206896551724138,3,0.206896551724138,0.00164460211867362,0.0110915706432222,0.0134042929042026,0.0699742790318611,0.05089314631655,0.0743206549023572,0.4,0.643749465948902,0.0293369124158365,0.124926785804283,0.032736241560577,0.040016256493558,0.00327327327327323,0.0591208360343524,0.0226126126126126,0.0287621032350556
"Mississippi",10,"1",3,107,"rawben_rel_max >   0.751 & rawben_rel_max <=   0.992 & shelter_expenses_by_hh_size > 832.000 & utilities <=  29.500",2,0,2,1,0,NA,NA,NA,NA,NA,NA,NA,NA,NA,NA,NA,NA,NA,NA,NA,NA,NA
"Mississippi",10,"1",5,83,"months_since_cert_n >=   8.00 & unc_rawben_rel_max >=   1.93 & utilities < 366.00",1,1,1,1,1,1,0.16308849740356,0.16308849740356,0.227108591590604,0.227108591590604,0.72,0.72,0.833333333333333,0.833333333333333,0.87137237737293,0.87137237737293,0.406666666666667,0.406666666666667,0.44,0.44,0.353333333333333,0.353333333333333
"Mississippi",10,"1",7,125,"shelter_expenses_by_hh_size > 878.000 & unc_rawben_rel_max >   0.379 & unc_rawben_rel_max <=   0.991 & utilities <=  29.500",1,0,3,0.333333333333333,2,0.333333333333333,0.0149432126383931,0.0661250247140877,0.0924717312457062,0.144517750618198,0.0290909090909091,0.249348807221148,0.6,0.64468085106383,0.0882102409184547,0.354123686519661,0.0775757575757576,0.170915538362347,0.0824242424242424,0.173165699548678,0.0454545454545455,0.133397807865893
"Mississippi",10,"1",9,30,"elderly_disabled_i >=   1.00 & rawben_rel_max >=   1.00 & unc_rawben_rel_max >=   1.52 & utilities < 313.00",2,2,3,0.666666666666667,3,0.666666666666667,0.0262757955455729,0.158158437147109,0.15337736287192,0.187401735636026,0.144194756554307,0.641366655745498,0.6,0.656918238993711,0.317058074467824,0.755047635176518,0.252434456928839,0.334551493309178,0.104119850187266,0.265066458522045,0.137453183520599,0.184145386448757
"Mississippi",10,"1",16,96,"rawben_rel_max <=   0.991 & total_deductions_by_hh_size > 272.000 & unc_rawben_rel_max >   0.913 & utilities <= 346.000",5,0,5,1,4,1,0.0125219206217379,0.0981077249540768,0.11657801222138,0.167005935976331,0.140232108317215,0.394530489479699,0.6,0.660828625235405,0.247488058227804,0.573954604932358,0.0947517730496454,0.214988937663281,0.0195238095238095,0.22446782211208,0.0731785944551902,0.119426421412142
"Mississippi",10,"1",20,31,"elderly_disabled_i >=   1.00 & shelter_expenses_by_hh_size < 860.00 & unc_rawben_rel_max >=   1.45 & utilities < 462.00",3,2,6,0.5,5,0.5,0.0215896959834524,0.150197605934797,0.0756600143902318,0.190186500243326,0.0989705981295835,0.496702739161959,0.4,0.619160997732426,0.167215985616485,0.683938472264342,0.0920406378254726,0.261270259019094,0.0456166319047298,0.229364252274513,0.0699051335531185,0.178189782705205
"Mississippi",10,"1",30,106,"rawben_rel_max >   0.727 & rawben_rel_max <=   0.991 & shelter_expenses_by_hh_size > 413.000 & utilities <=  28.500",1,0,3,0.333333333333333,6,0.333333333333333,0.00997284959390268,0.104144456606178,0.0953867824370028,0.164185819441898,0.083628841607565,0.375780316357435,0,0.688206042916599,0.185495549258992,0.55346089277496,0.0752525252525253,0.199288684312977,0.0345959595959596,0.171177368539619,0.0135933806146572,0.117861853840666
"Mississippi",10,"2-3",17,142,"HH_size_n >   2.500 & total_deductions_by_hh_size > 440.000 & unc_rawben_rel_max >   0.640 & unc_rawben_rel_max <=   0.996",1,0,1,1,0,NA,NA,NA,NA,NA,NA,NA,NA,NA,NA,NA,NA,NA,NA,NA,NA,NA
"Mississippi",10,"2-3",26,271,"shelter_expenses_by_hh_size < 650 & total_deductions_by_hh_size >= 625",1,0,1,1,1,1,0.0345726466990213,0.0345726466990213,0.162070490008154,0.162070490008154,0.133040935672515,0.133040935672515,0.8,0.8,0.450742241769901,0.450742241769901,0.191033138401559,0.191033138401559,0.0784600389863548,0.0784600389863548,0.0185185185185186,0.0185185185185186
"Mississippi",10,"2-3",33,235,"medical_deductions >= 179.00 & rawben_rel_max >=   0.57 & shelter_expenses_by_hh_size >= 261.00 & utilities < 921.00",1,0,1,1,2,1,0.156542125003657,0.166642435699049,0.178665322785,0.194646189784837,0.366152450090744,0.411474087517645,1,1,0.656561062811614,0.710996720334941,0.184664246823956,0.20541295768156,0.0644283121597096,0.0784144268717771,0.206896551724138,0.214415348716619
"Mississippi",10,"4+",8,501,"rawben_rel_max <=   0.783 & total_deductions_by_hh_size >  11.600 & total_deductions_by_hh_size <= 129.000 & unc_rawben_rel_max >   0.527",22,11,22,1,0,NA,NA,NA,NA,NA,NA,NA,NA,NA,NA,NA,NA,NA,NA,NA,NA,NA
"Mississippi",10,"4+",13,361,"count_divisible_by_100 <= 0.500 & months_since_cert_n > 3.500 & unc_rawben_rel_max > 0.440 & unc_rawben_rel_max <= 0.772",12,4,18,0.666666666666667,1,0.666666666666667,0.0182861360309289,0.0182861360309289,0.10314190327877,0.10314190327877,0.0639445649710196,0.0639445649710196,0.857142857142857,0.857142857142857,0.167143246260291,0.167143246260291,0.0444030696499692,0.0444030696499692,0.0941519554236317,0.0941519554236317,0.0157918033640577,0.0157918033640577
"Mississippi",10,"4+",14,327,"HH_size_n >  4.500 & rawben_rel_max >  0.541 & rawben_rel_max <=  0.783 & total_deductions_by_hh_size > 40.800",4,4,16,0.25,2,0.25,0.00572111797054367,0.00978725677126693,0.0677743503130425,0.0678222399847552,0.0444433402895094,0.0542494840717601,0.666666666666667,0.864708657702288,0.0960280347382033,0.107950495089714,0.047871741362748,0.0529630730992503,0.0648493320907114,0.103097951277993,0.00111835973904939,0.0091717871433399
"Mississippi",10,"4+",15,359,"count_divisible_by_100 <=   0.500 & total_deductions_by_hh_size <= 132.000 & unc_rawben_rel_max >   0.541 & unc_rawben_rel_max <=   0.780",6,0,29,0.206896551724138,3,0.206896551724138,0.00164460211867362,0.0110915706432222,0.0134042929042026,0.0699742790318611,0.05089314631655,0.0743206549023572,0.4,0.643749465948902,0.0293369124158365,0.124926785804283,0.032736241560577,0.040016256493558,0.00327327327327323,0.0591208360343524,0.0226126126126126,0.0287621032350556
"Mississippi",10,"4+",18,374,"elderly_disabled_i <   1.000 & rawben_rel_max <   0.918 & shelter_expenses_by_hh_size >=  64.000 & shelter_expenses_by_hh_size < 152.000",7,1,22,0.318181818181818,4,0.318181818181818,0.00699819872454494,0.0154177778409508,0.082042552150585,0.104393540533607,0.0839080459770115,0.0942071658669161,0.857142857142857,0.938231451366302,0.155920137462414,0.228799189362661,0.0489388264669163,0.0668888919094018,0.0273946360153257,0.0673675391110496,0.00727360308285161,0.0178204766266855
"Mississippi",10,"4+",19,383,"elderly_disabled_i <=   0.500 & rawben_rel_max <=   0.783 & total_deductions_by_hh_size <= 122.000 & unc_rawben_rel_max >   0.474",3,1,27,0.111111111111111,5,0.111111111111111,0.00165148667157686,0.009270819672855,0.0401879527887149,0.0762753460525122,0.0293747647975915,0.0629529851669517,0.4,0.702015747304255,0.0328649007022549,0.118023620781234,0.0333745497553895,0.0488047940286394,0.0330535571542766,0.0505997752342696,0.00772182254196643,0.0207519110434671
"Mississippi",10,"4+",23,464,"months_since_cert_n >=   1.000 & rawben_rel_max <   0.776 & total_deductions_by_hh_size >=  11.500 & total_deductions_by_hh_size < 122.000",5,3,31,0.161290322580645,6,0.161290322580645,0.00112350543773485,0.00820074425130005,0.0462913867178159,0.0820059781018591,0.013879974326059,0.0525077871810769,0.4,0.728546510865431,0.0311302622003843,0.101647482729235,0.0457317073170732,0.0590715263516634,0.0228587771984247,0.0469123269254372,0.0111873803709326,0.0190104968857409
"Mississippi",10,"4+",24,332,"HH_size_n > 4.500 & months_since_cert_n > 1.500 & unc_rawben_rel_max <= 0.783",6,0,32,0.1875,7,0.1875,0.00315536877350545,0.0129371231946925,0.0780894666135573,0.103323867858642,0.0193746532992383,0.0646902938723524,0.6,0.850255843916805,0.0611829289811364,0.152608985331413,0.0410392228491023,0.0533869176911659,0.00867930802244227,0.0433766857480827,0.00891108499804153,0.0139523068739293
"Mississippi",10,"4+",25,520,"shelter_expenses_by_hh_size <= 151.000 & total_deductions_by_hh_size >  40.800 & unc_rawben_rel_max <=   0.783",2,2,28,0.0714285714285714,8,0.0714285714285714,0.00121900398901863,0.013277589104886,0.0493974000567914,0.0875792489258884,0.10254562920269,0.164934671852324,0.8,0.842908117752007,0.0933150276095706,0.234333577155547,0.0553964293245238,0.0763785793974416,0.0169068203650336,0.0453034890832932,0.0032691442754577,0.0212065413112721
"Mississippi",10,"4+",28,389,"elderly_disabled_i <=  0.500 & rawben_rel_max <=  0.944 & total_deductions_by_hh_size > 11.800 & total_deductions_by_hh_size <= 89.000",3,3,26,0.115384615384615,9,0.115384615384615,0.000115486796307802,0.0132558290222092,0.0288045166114536,0.0908923672246913,0.0539041388138245,0.0932839522506056,0.4,0.717190355891358,0.0774580487754545,0.190480787452451,0.034694350108058,0.056849082658771,0.00748986965871356,0.0460963043239986,0.00911449520586578,0.0301388978615124
"Mississippi",10,"4+",31,409,"married <=   0.500 & shelter_expenses_by_hh_size <= 122.000 & total_deductions_by_hh_size >  11.900 & unc_rawben_rel_max <=   0.947",6,1,30,0.2,10,0.2,0.00682104381253961,0.0190724769624627,0.0484817491413688,0.0878302284786055,0.0462793068297655,0.0891866208950246,0.25,0.816326658704455,0.0905341203585091,0.21556512641177,0.0347160065637354,0.0652229194471665,0.0311684648473309,0.0854191806359409,0.00493600323876554,0.0246999532302734
"Mississippi",10,"4+",35,447,"months_since_cert_n >  0.500 & rawben_rel_max >  0.474 & total_deductions_by_hh_size > 12.000 & unc_rawben_rel_max <=  0.784",6,3,38,0.157894736842105,11,0.157894736842105,0.00201280091513667,0.0179253951878786,0.0351177917926399,0.086408960788377,0.0234273176801912,0.074191706696802,0.6,0.747430326969498,0.0221334369274581,0.152246030779555,0.0169845453226817,0.0563086970634343,0.0148346370248388,0.0390550372703372,0.0118045835048717,0.0315116280855133
"Mississippi",10,"4+",36,348,"cat_elig <=  0.500 & medical_deductions <= 37.500 & months_since_cert_n >  4.500 & rawben_rel_max <=  0.944",5,1,17,0.294117647058824,12,0.294117647058824,0.00202756109128958,0.0189847760735055,0.107127639698179,0.139037473927512,0.0828663793103448,0.110317547563331,0.666666666666667,0.860353496660254,0.267582220708136,0.290814116502491,0.0748263888888889,0.107074847190363,0.0691383670520231,0.150826581986632,0.165744047619048,0.191872194570603
"Mississippi",10,"4+",38,429,"months_since_cert_n >   4.500 & total_deductions_by_hh_size <= 129.000 & unc_rawben_rel_max <=   0.968",1,1,17,0.0588235294117647,13,0.0588235294117647,0.00443074338767262,0.0113460008327285,0.0619370786354955,0.101542449486721,0.0643836741397717,0.118453048046763,0.5,0.709636706083377,0.109116565367507,0.206197158466078,0.043252425277876,0.0598784584006247,0.0299919484702093,0.146134326312796,0.00235636514056939,0.0227599209806945
"Mississippi",10,"4+",39,360,"count_divisible_by_100 <= 0.500 & HH_size_n > 4.500 & married <= 0.500 & rawben_rel_max <= 0.783",1,0,24,0.0416666666666667,14,0.0416666666666667,0.000827640974963309,0.0103913350652012,0.0384415782549743,0.0794921698203539,0.0435320661835088,0.0882017334700798,0.666666666666667,0.884550039819485,0.0846083400178247,0.168470193314241,0.0457541364693013,0.0780515974247438,0.00773290397602756,0.0734257062906739,0.00364355219709639,0.0199223823748066
"Missouri",5,"1",1,107,"rawben_rel_max >   0.751 & rawben_rel_max <=   0.992 & shelter_expenses_by_hh_size > 832.000 & utilities <=  29.500",3,3,3,1,0,NA,NA,NA,NA,NA,NA,NA,NA,NA,NA,NA,NA,NA,NA,NA,NA,NA
"Missouri",5,"1",13,56,"medical_deductions > 610.00 & total_deductions_by_hh_size >   8.80 & unc_rawben_rel_max <=   1.05 & utilities <= 636.00",4,0,4,1,1,1,0.0233624730732769,0.0233624730732769,0.164210884204275,0.164210884204275,0.713333333333333,0.713333333333333,0.857142857142857,0.857142857142857,0.658730912958653,0.658730912958653,0.133333333333333,0.133333333333333,0.06,0.06,0.426666666666667,0.426666666666667
"Missouri",5,"1",15,54,"medical_deductions > 200.000 & rawben_rel_max >   0.473 & rawben_rel_max <=   0.991 & utilities <= 392.000",1,0,1,1,2,1,0.00543097481413013,0.0146031799665577,0.0995225675155162,0.124823244904828,0.0918238993710692,0.477906918238994,0.4,0.498666666666667,0.13360695817774,0.40214945361812,0.0534591194968553,0.122006289308176,0.0106918238993711,0.0397748427672956,0.116352201257862,0.253208805031447
"Missouri",5,"1",18,111,"rawben_rel_max >=   0.236 & rawben_rel_max <   1.000 & total_deductions_by_hh_size >= 511.000 & utilities < 249.000",1,0,4,0.25,3,0.25,0.0260655115275474,0.0364330696546279,0.119955871655198,0.126244266855511,0.216492890995261,0.438508268452266,0.4,0.455743879472693,0.295315233214363,0.407969251450013,0.127646129541864,0.145395622525649,0.0122590837282781,0.0403998233126586,0.103254344391785,0.210480822973665
"Missouri",5,"1",22,118,"rawben_rel_max >=   0.988 & rawben_rel_max <   1.000 & shelter_expenses_by_hh_size >= 692.000 & utilities < 580.000",3,2,5,0.6,4,0.6,0.0265226051335608,0.0297236792510253,0.170156795825542,0.194740960501399,0.232304250559284,0.386728328644876,0,0.382738095238095,0.482137935678186,0.608248341799727,0.0351677852348993,0.106947033015184,0.0656827507236235,0.0685235993591263,0.0296196868008949,0.142205874452027
"Missouri",5,"2-3",4,188,"elderly_disabled_i > 0.500 & married <= 0.500 & rawben_rel_max > 0.996 & unc_rawben_rel_max > 1.550",1,0,1,1,0,NA,NA,NA,NA,NA,NA,NA,NA,NA,NA,NA,NA,NA,NA,NA,NA,NA
"Missouri",5,"2-3",8,228,"medical_deductions > 366.000 & months_since_cert_n <=  13.500 & rawben_rel_max >   0.301",1,0,1,1,1,1,0.289569565440983,0.289569565440983,0.162228531052726,0.162228531052726,0.544973544973545,0.544973544973545,0.833333333333333,0.833333333333333,0.786054421137257,0.786054421137256,0.291005291005291,0.291005291005291,0.113756613756614,0.113756613756614,0.0238095238095238,0.0238095238095238
"Missouri",5,"2-3",19,211,"married <   1.000 & rawben_rel_max >=   0.933 & total_deductions_by_hh_size >= 308.000 & unc_rawben_rel_max >=   1.510",1,1,2,0.5,2,0.5,0.02314342912542,0.159459583815757,0.0777015444619156,0.140392197272805,0.220430107526882,0.376522681644065,0.4,0.605498281786942,0.256082222542629,0.54494548579411,0.11136712749616,0.222011954469553,0.0929339477726575,0.146880383162392,0.102150537634409,0.109799357055759
"Missouri",5,"2-3",31,142,"HH_size_n >   2.500 & total_deductions_by_hh_size > 440.000 & unc_rawben_rel_max >   0.640 & unc_rawben_rel_max <=   0.996",2,0,2,1,3,1,0.138808363178137,0.157727384808177,0.199431677527809,0.22231410551936,0.276583034647551,0.366972928444291,0.666666666666667,0.794460641399417,0.759585394200947,0.795335042655743,0.160095579450418,0.203624025134888,0.0529100529100529,0.0902340198752312,0.0669056152927121,0.120623338941311
"Missouri",5,"4+",12,364,"count_divisible_by_100 >   0.500 & months_since_cert_n >   5.500 & rawben_rel_max <=   0.947 & total_deductions_by_hh_size > 218.000",1,0,1,1,0,NA,NA,NA,NA,NA,NA,NA,NA,NA,NA,NA,NA,NA,NA,NA,NA,NA
"Missouri",5,"4+",17,305,"HH_size_n >   4.50 & rawben_rel_max <=   0.88 & shelter_expenses_by_hh_size <= 268.00 & total_deductions_by_hh_size > 222.00",2,0,2,1,1,1,0.0039578813261759,0.0039578813261759,0.12471000008839,0.12471000008839,0.307826086956522,0.307826086956522,0.666666666666667,0.666666666666667,0.405003426705691,0.405003426705691,0.254782608695652,0.254782608695652,0.0356521739130434,0.0356521739130434,0.143478260869565,0.143478260869565
"Missouri",5,"4+",21,443,"months_since_cert_n >   5.500 & rawben_rel_max >   0.794 & rawben_rel_max <=   0.975 & total_deductions_by_hh_size > 229.000",2,1,3,0.666666666666667,2,0.666666666666667,0.00252345213201869,0.00432248909846228,0.115980458165493,0.149649079898435,0.163227708179808,0.24171367320962,0.4,0.545454545454546,0.307317593916611,0.389029632291971,0.10759027266028,0.191092650901052,0.278924097273397,0.298370737589603,0.0714812085482682,0.0824144168285657
"Missouri",5,"4+",23,457,"months_since_cert_n >  6.500 & total_deductions_by_hh_size > 26.600 & unc_rawben_rel_max >  0.427 & unc_rawben_rel_max <=  1.030",15,6,17,0.882352941176471,3,0.882352941176471,0.0449454925579666,0.0474926736338462,0.158423727196522,0.175829792126955,0.10637490513534,0.21719298417901,0.666666666666667,0.727891156462585,0.322208995768501,0.457035943549647,0.11952947128763,0.186915303731893,0.126585811427991,0.271027310312526,0.0236526946107784,0.0675750851176897
"Missouri",10,"1",1,107,"rawben_rel_max >   0.751 & rawben_rel_max <=   0.992 & shelter_expenses_by_hh_size > 832.000 & utilities <=  29.500",3,3,3,1,0,NA,NA,NA,NA,NA,NA,NA,NA,NA,NA,NA,NA,NA,NA,NA,NA,NA
"Missouri",10,"1",13,56,"medical_deductions > 610.00 & total_deductions_by_hh_size >   8.80 & unc_rawben_rel_max <=   1.05 & utilities <= 636.00",4,0,4,1,1,1,0.0233624730732769,0.0233624730732769,0.164210884204275,0.164210884204275,0.713333333333333,0.713333333333333,0.857142857142857,0.857142857142857,0.658730912958653,0.658730912958653,0.133333333333333,0.133333333333333,0.06,0.06,0.426666666666667,0.426666666666667
"Missouri",10,"1",15,54,"medical_deductions > 200.000 & rawben_rel_max >   0.473 & rawben_rel_max <=   0.991 & utilities <= 392.000",1,0,1,1,2,1,0.00543097481413013,0.0146031799665577,0.0995225675155162,0.124823244904828,0.0918238993710692,0.477906918238994,0.4,0.498666666666667,0.13360695817774,0.40214945361812,0.0534591194968553,0.122006289308176,0.0106918238993711,0.0397748427672956,0.116352201257862,0.253208805031447
"Missouri",10,"1",18,111,"rawben_rel_max >=   0.236 & rawben_rel_max <   1.000 & total_deductions_by_hh_size >= 511.000 & utilities < 249.000",1,0,4,0.25,3,0.25,0.0260655115275474,0.0364330696546279,0.119955871655198,0.126244266855511,0.216492890995261,0.438508268452266,0.4,0.455743879472693,0.295315233214363,0.407969251450013,0.127646129541864,0.145395622525649,0.0122590837282781,0.0403998233126586,0.103254344391785,0.210480822973665
"Missouri",10,"1",22,118,"rawben_rel_max >=   0.988 & rawben_rel_max <   1.000 & shelter_expenses_by_hh_size >= 692.000 & utilities < 580.000",3,2,5,0.6,4,0.6,0.0265226051335608,0.0297236792510253,0.170156795825542,0.194740960501399,0.232304250559284,0.386728328644876,0,0.382738095238095,0.482137935678186,0.608248341799727,0.0351677852348993,0.106947033015184,0.0656827507236235,0.0685235993591263,0.0296196868008949,0.142205874452027
"Missouri",10,"1",57,65,"medical_deductions >= 201.000 & rawben_rel_max >=   0.762 & rawben_rel_max <   0.936 & total_deductions_by_hh_size >= 784.000",2,0,2,1,5,1,0.00171986033583153,0.0335115596701578,0.132663648487501,0.174691937694299,0.0444444444444445,0.519731732371083,0.4,0.53028263795424,0.158073444634425,0.597032226976289,0.0465408805031446,0.138816036618556,0.0411633109619687,0.0723671317431718,0.0555555555555555,0.302901879942591
"Missouri",10,"1",64,77,"months_since_cert_n >=   6 & total_deductions_by_hh_size >= 501 & utilities < 249",1,0,3,0.333333333333333,6,0.333333333333333,0.050053988205317,0.0682424358232096,0.0965015413499389,0.165182753070962,0.134647044150661,0.322165596300898,0.6,0.735872235872236,0.326201897566893,0.54764402542955,0.112471938139187,0.17945575780677,0.157543859649123,0.192104490104031,0.00972811174856574,0.104943723993828
"Missouri",10,"1",66,61,"medical_deductions >= 111.000 & medical_deductions < 130.000 & rawben_rel_max >=   0.274 & shelter_expenses_by_hh_size < 868.000",2,0,2,1,7,1,0.0469981408127984,0.0720534249760261,0.116077857957755,0.185974312538791,0.0932075471698113,0.561416053049833,0.666666666666667,0.872483503551465,0.464212553505557,0.709120298140588,0.08,0.208268001141148,0.0142281879194631,0.10026374101255,0.04,0.303743752876202
"Missouri",10,"1",68,49,"medical_deductions >   96.200 & total_deductions_by_hh_size > 1370.000 & unc_rawben_rel_max >    0.326 & unc_rawben_rel_max <=    0.998",1,0,4,0.25,8,0.25,0.0187774674539042,0.0455804273117109,0.0862354488297098,0.159163078976229,0.276923076923077,0.397942593863621,0.4,0.864073129251701,0.378463761956879,0.58581206480149,0.10781990521327,0.155996661496688,0.0617948717948718,0.101364440070903,0.13698505286183,0.166340091888185
"Missouri",10,"1",72,74,"months_since_cert_n >=   5.00 & total_deductions_by_hh_size < 946.00 & unc_rawben_rel_max >=   1.77 & utilities < 471.00",1,0,1,1,9,1,0.129207858417513,0.175995357669898,0.181949127850145,0.226669393681761,0.48609731876862,0.608204605022487,0.6,0.812929337125356,0.659065185803922,0.827377178057448,0.281678252234359,0.405533401746171,0.299751737835154,0.440391341319962,0.0404584019247815,0.120679492681109
"Missouri",10,"1",80,35,"expedited_i <   1.000 & medical_deductions >= 478.000 & rawben_rel_max >=   0.580 & rawben_rel_max <   0.988",1,1,4,0.25,10,0.25,0.0113276894904076,0.0719214346446686,0.0753314192071544,0.175541150655581,0.0343434343434344,0.521651417976262,0.4,0.791020571886998,0.0986366313049267,0.613552787281909,0.0515151515151515,0.222361274321956,0.0218181818181818,0.170363196882926,0.0181818181818182,0.297584869931988
"Missouri",10,"2-3",4,188,"elderly_disabled_i > 0.500 & married <= 0.500 & rawben_rel_max > 0.996 & unc_rawben_rel_max > 1.550",1,0,1,1,0,NA,NA,NA,NA,NA,NA,NA,NA,NA,NA,NA,NA,NA,NA,NA,NA,NA
"Missouri",10,"2-3",8,228,"medical_deductions > 366.000 & months_since_cert_n <=  13.500 & rawben_rel_max >   0.301",1,0,1,1,1,1,0.289569565440983,0.289569565440983,0.162228531052726,0.162228531052726,0.544973544973545,0.544973544973545,0.833333333333333,0.833333333333333,0.786054421137257,0.786054421137256,0.291005291005291,0.291005291005291,0.113756613756614,0.113756613756614,0.0238095238095238,0.0238095238095238
"Missouri",10,"2-3",19,211,"married <   1.000 & rawben_rel_max >=   0.933 & total_deductions_by_hh_size >= 308.000 & unc_rawben_rel_max >=   1.510",1,1,2,0.5,2,0.5,0.02314342912542,0.159459583815757,0.0777015444619156,0.140392197272805,0.220430107526882,0.376522681644065,0.4,0.605498281786942,0.256082222542629,0.54494548579411,0.11136712749616,0.222011954469553,0.0929339477726575,0.146880383162392,0.102150537634409,0.109799357055759
"Missouri",10,"2-3",31,142,"HH_size_n >   2.500 & total_deductions_by_hh_size > 440.000 & unc_rawben_rel_max >   0.640 & unc_rawben_rel_max <=   0.996",2,0,2,1,3,1,0.138808363178137,0.157727384808177,0.199431677527809,0.22231410551936,0.276583034647551,0.366972928444291,0.666666666666667,0.794460641399417,0.759585394200947,0.795335042655743,0.160095579450418,0.203624025134888,0.0529100529100529,0.0902340198752312,0.0669056152927121,0.120623338941311
"Missouri",10,"2-3",48,138,"HH_size_n >   2.5 & total_deductions_by_hh_size > 437.0 & utilities <= 722.0",1,0,3,0.333333333333333,4,0.333333333333333,0.0388840403612239,0.11183087295949,0.0991098447029662,0.167295957334359,0.0660660660660661,0.304491325013713,0.6,0.830970149253731,0.196357838935081,0.551644072061475,0.0895895895895896,0.156490256333781,0.0380380380380381,0.0746283459331124,0.023023023023023,0.0776598697879391
"Missouri",10,"2-3",51,135,"HH_size_n >   2.5 & medical_deductions > 131.0 & months_since_cert_n <=   7.5 & shelter_expenses_by_hh_size > 298.0",1,0,1,1,5,1,0.0772806646498923,0.146065756948735,0.186445013286859,0.209400185827764,NA,NA,0.6,0.869571320591729,0.608836430037085,0.715540241183853,NA,NA,NA,NA,NA,NA
"Missouri",10,"2-3",54,262,"rawben_rel_max <=   0.93 & total_deductions_by_hh_size > 519.00 & utilities <= 560.00",3,1,3,1,6,1,0.0451470283291423,0.129106845216439,0.190726482951283,0.213722503590112,0.173116937161881,0.26257948661848,0.5,0.757894736842105,0.570373583788731,0.684166968887719,0.125468164794007,0.153518686873964,0.00996737948532075,0.0800392312997113,0.0156898471505213,0.0580059922804632
"Missouri",10,"2-3",58,166,"cat_elig >=   1.000 & medical_deductions >= 179.000 & rawben_rel_max >=   0.137 & total_deductions_by_hh_size >= 242.000",1,1,1,1,7,1,0.0278685794151062,0.195194374365089,0.105138600661827,0.20833323357907,0.112622826908541,0.476014787588854,0.6,0.800334403424291,0.221875396348932,0.735138718960398,0.0736961451247166,0.269366920280217,0.0272108843537415,0.0899669854860674,0.00680272108843538,0.127335813848498
"Missouri",10,"2-3",69,255,"rawben_rel_max <   0.703 & total_deductions_by_hh_size < 201.000 & unc_rawben_rel_max >=   0.698 & utilities < 586.000",1,0,1,1,8,1,0.074820956917465,0.142566009169359,0.228041543603195,0.280247557611197,NA,NA,0.6,0.818942168942169,0.800897949963291,0.875954066076617,NA,NA,NA,NA,NA,NA
"Missouri",10,"2-3",74,232,"medical_deductions >= 151.000 & rawben_rel_max >=   0.145 & shelter_expenses_by_hh_size >= 455.000 & unc_rawben_rel_max >=  -0.205",2,0,5,0.4,9,0.4,0.0138849455592208,0.15335767498836,0.0392305674183033,0.181515146357403,0.0904761904761904,0.374929648658038,0.6,0.839117929050815,0.138747098582518,0.623759284840035,0.082312925170068,0.22073764428457,0.0251700680272109,0.0943633971951522,0.0450076804915515,0.0800025693730963
"Missouri",10,"2-3",76,149,"HH_size_n >=   3.000 & rawben_rel_max >=   0.705 & total_deductions_by_hh_size >= 347.000 & utilities >= 361.000",1,1,4,0.25,10,0.25,0.0166954819691003,0.125649069413325,0.0984580294365301,0.207840196087192,0.0925925925925926,0.30965900469738,0.6,0.75699054786543,0.21936100348001,0.633402120803669,0.10968660968661,0.187266520169215,0.0233310233310233,0.062726852465988,0.00781440781440779,0.0703517207457934
"Missouri",10,"4+",12,364,"count_divisible_by_100 >   0.500 & months_since_cert_n >   5.500 & rawben_rel_max <=   0.947 & total_deductions_by_hh_size > 218.000",1,0,1,1,0,NA,NA,NA,NA,NA,NA,NA,NA,NA,NA,NA,NA,NA,NA,NA,NA,NA
"Missouri",10,"4+",17,305,"HH_size_n >   4.50 & rawben_rel_max <=   0.88 & shelter_expenses_by_hh_size <= 268.00 & total_deductions_by_hh_size > 222.00",2,0,2,1,1,1,0.0039578813261759,0.0039578813261759,0.12471000008839,0.12471000008839,0.307826086956522,0.307826086956522,0.666666666666667,0.666666666666667,0.405003426705691,0.405003426705691,0.254782608695652,0.254782608695652,0.0356521739130434,0.0356521739130434,0.143478260869565,0.143478260869565
"Missouri",10,"4+",21,443,"months_since_cert_n >   5.500 & rawben_rel_max >   0.794 & rawben_rel_max <=   0.975 & total_deductions_by_hh_size > 229.000",2,1,3,0.666666666666667,2,0.666666666666667,0.00252345213201869,0.00432248909846228,0.115980458165493,0.149649079898435,0.163227708179808,0.24171367320962,0.4,0.545454545454546,0.307317593916611,0.389029632291971,0.10759027266028,0.191092650901052,0.278924097273397,0.298370737589603,0.0714812085482682,0.0824144168285657
"Missouri",10,"4+",23,457,"months_since_cert_n >  6.500 & total_deductions_by_hh_size > 26.600 & unc_rawben_rel_max >  0.427 & unc_rawben_rel_max <=  1.030",15,6,17,0.882352941176471,3,0.882352941176471,0.0449454925579666,0.0474926736338462,0.158423727196522,0.175829792126955,0.10637490513534,0.21719298417901,0.666666666666667,0.727891156462585,0.322208995768501,0.457035943549647,0.11952947128763,0.186915303731893,0.126585811427991,0.271027310312526,0.0236526946107784,0.0675750851176897
"Missouri",10,"4+",33,342,"HH_size_n >=   5.000 & rawben_rel_max <   0.873 & shelter_expenses_by_hh_size < 486.000 & total_deductions_by_hh_size >= 286.000",1,0,2,0.5,4,0.5,0.000817925057399971,0.0421430977656578,0.0974851087019488,0.195998655620954,0.188170183327568,0.277693656843282,0,0.816055243849806,0.23302878558446,0.582576192285148,0.146406388642414,0.199273999619891,0.0394853593611358,0.322710286750664,0.0218746181107173,0.0278743118841569
"Missouri",10,"4+",36,463,"months_since_cert_n > 6.500 & percent_abawd <= 0.125 & rawben_rel_max <= 0.998",2,0,19,0.105263157894737,5,0.105263157894737,0.00037673558244479,0.00661405508575834,0.0478440054385554,0.064848406579852,0.0449337165106146,0.0704490887813123,0.6,0.817805020431991,0.0204020991611956,0.080978619971472,0.0294243070362473,0.0496852354307744,0.0163738525439781,0.0542402909555297,0.00821582240251749,0.0145882544197627
"Missouri",10,"4+",38,436,"months_since_cert_n >   5.50 & shelter_expenses_by_hh_size > 182.00 & unc_rawben_rel_max <=   1.01 & utilities > 241.00",4,1,16,0.25,6,0.25,0.00125719345741832,0.00430531731049984,0.054750811155638,0.068711143412188,0.0326005213499735,0.056546058180906,0.666666666666667,0.772409905581818,0.0395309518682474,0.0658671338148421,0.0375934797008649,0.0558945204253142,0.0269739590586269,0.0500507428306428,0.0106716798960219,0.0175916477903192
"Missouri",10,"4+",40,350,"cat_elig <=  0.500 & months_since_cert_n >  5.500 & rawben_rel_max <=  0.998 & utilities > 69.000",3,0,22,0.136363636363636,7,0.136363636363636,0.00549439547782457,0.0386932947875033,0.109969826003352,0.127056161123726,0.0710480449866816,0.0799310250797627,0.6,0.699470087344224,0.217627736358465,0.256373915318355,0.126738647189584,0.147479789694863,0.0559625429991082,0.0699323642938813,0.0328399629972248,0.0876143200945112
"Missouri",10,"4+",44,394,"expedited_i <=   0.5 & months_since_cert_n >   5.5 & shelter_expenses_by_hh_size > 183.0 & shelter_expenses_by_hh_size <= 302.0",3,0,18,0.166666666666667,8,0.166666666666667,0.0193709179307853,0.0203417313635659,0.0722616706261243,0.0805038943373937,0.026955513742356,0.0580071519455554,0.666666666666667,0.796327750050084,0.108005360354908,0.153430680232399,0.0714123714804113,0.0989893191876506,0.0447379507920458,0.0762478093348745,0.0109250221827862,0.0261373238710538
"Missouri",10,"4+",56,462,"months_since_cert_n > 5.5000 & percent_abawd <= 0.0714 & rawben_rel_max <= 0.9980",1,0,28,0.0357142857142857,9,0.0357142857142857,0.00238738013401575,0.0097657693186053,0.00691776030828944,0.0472016089495043,0.00978341325266305,0.0484387715009726,0,0.562497429570224,0.0172641071640895,0.0700347797902484,0.0114247095549191,0.0449483867392759,0.00237686620528411,0.0354209320170395,0.00459724630765469,0.0143856838694861
"Missouri",10,"4+",70,393,"expedited_i <=   0.5 & months_since_cert_n >   5.5 & shelter_expenses_by_hh_size > 183.0",2,0,22,0.0909090909090909,10,0.0909090909090909,0.00166121669659214,0.00709903050716974,0.0380854677942891,0.0694043561660111,0.0130597014925373,0.0462664110422639,0.25,0.712916713541081,0.0203844519619693,0.0709829314406826,0.025,0.0442495707246959,0.0166074659875343,0.0457659693121968,0.00511806626008088,0.0211436539414129
"Missouri",10,"4+",71,522,"shelter_expenses_by_hh_size <= 341.000 & total_deductions_by_hh_size > 233.000 & unc_rawben_rel_max <=   0.976",2,1,8,0.25,11,0.25,0.00994108811883664,0.0276960142624532,0.0993513003707466,0.142258145480576,0.0877796901893288,0.243256663684217,0.6,0.898857697242825,0.172816963580057,0.421242240666855,0.0447504302925989,0.188711709815445,0.0730268010818785,0.253411125314518,0.0108328707107384,0.0212488773623753
"Missouri",10,"4+",73,406,"expedited_i >=   1.000 & rawben_rel_max <   0.962 & total_deductions_by_hh_size >=   2.250 & total_deductions_by_hh_size < 124.000",2,0,3,0.666666666666667,12,0.666666666666667,0.00176049904810655,0.0496318593456233,0.127618968972733,0.166737765031347,0.117391304347826,0.15830125942399,0.666666666666667,0.898812245022358,0.399250660539352,0.503614695421387,0.173913043478261,0.20914166211207,0.00901942645698428,0.0622032429915173,0.106477373558119,0.128441531229586
"Montana",5,"1",4,99,"rawben_rel_max <=   0.992 & shelter_expenses_by_hh_size > 906.000 & unc_rawben_rel_max >   0.557 & utilities <=  29.500",1,1,1,1,0,NA,NA,NA,NA,NA,NA,NA,NA,NA,NA,NA,NA,NA,NA,NA,NA,NA
"Montana",5,"1",7,16,"count_divisible_by_100 <=   0.50 & months_since_cert_n >   3.50 & total_deductions_by_hh_size <= 810.00 & unc_rawben_rel_max >   1.93",2,0,2,1,1,1,0.206929744571089,0.206929744571089,0.244732244602507,0.244732244602507,0.745833333333333,0.745833333333333,0.857142857142857,0.857142857142857,0.907475625597158,0.907475625597158,0.452651515151515,0.452651515151515,0.346212121212121,0.346212121212121,0.249621212121212,0.249621212121212
"Montana",5,"1",10,6,"cat_elig >   0.500 & medical_deductions > 602.000 & rawben_rel_max <=   0.991",1,1,1,1,2,1,0.0275935461175732,0.131153445628365,0.145149542686234,0.179135240562514,0.690909090909091,0.698908900323995,0.833333333333333,0.923480083857442,0.643071072845779,0.763557646431068,0.191666666666667,0.325657518582047,0.075,0.26225938631599,0.106060606060606,0.216144939965695
"Montana",5,"1",27,8,"cat_elig >=    1.00 & shelter_expenses_by_hh_size < 1720.00 & unc_rawben_rel_max >=    2.49 & utilities <  875.00",2,0,2,1,3,1,0.0872533863141065,0.118381128799581,0.102519074086523,0.158530032980802,0.153939393939394,0.422726880200973,0.666666666666667,0.780903034789045,0.53960786499754,0.698554181994682,0.172727272727273,0.332938059349977,0.154545454545455,0.188338043648924,0.0974999999999999,0.159566258439315
"Montana",5,"1",46,62,"medical_deductions >= 117.000 & medical_deductions < 130.000 & rawben_rel_max >=   0.498",1,0,1,1,4,1,0.0527884214986279,0.113973292261433,0.123202111622447,0.161737392488348,0.204761904761905,0.632350343259434,0.8,0.977104377104377,0.569909136400289,0.729307468948628,0.104761904761905,0.370656383459414,0.0535714285714286,0.211617692072238,0.147619047619048,0.30838587899194
"Montana",5,"1",51,65,"medical_deductions >= 201.000 & rawben_rel_max >=   0.762 & rawben_rel_max <   0.936 & total_deductions_by_hh_size >= 784.000",1,0,1,1,5,1,0.00514222559600939,0.105027723375481,0.128125389696754,0.161336384178676,0.0777777777777778,0.523377444131412,0.6,0.850718065003779,0.16680182944468,0.662133098802151,0.0873015873015873,0.302172690625072,0.0777777777777778,0.269717488566695,0.0555555555555556,0.188211164937355
"Montana",5,"1",60,61,"medical_deductions >= 111.000 & medical_deductions < 130.000 & rawben_rel_max >=   0.274 & shelter_expenses_by_hh_size < 868.000",1,0,2,0.5,6,0.5,0.00452463547703031,0.0824628659772288,0.0948118768170204,0.180661846037976,0.0542857142857143,0.422530362485819,0.25,0.766279563050165,0.0879682347570176,0.635445947159794,0.0685714285714286,0.26327117018097,0.0466666666666667,0.19866466124818,0.04,0.185109406184016
"Montana",5,"1",73,63,"medical_deductions >= 171.000 & rawben_rel_max >=   0.904 & rawben_rel_max <   0.957 & unc_rawben_rel_max >=   0.808",1,1,1,1,7,1,0.023235884960549,0.0743650339076523,0.0412392916853065,0.143641396301202,0.112418300653595,0.420451763541072,0.4,0.68416753562739,0.249714946155199,0.591583186104501,0.0420168067226891,0.237463243038866,0.127450980392157,0.270571893101412,0.0436720142602495,0.154467245369725
"Montana",5,"2-3",5,226,"medical_deductions > 143 & shelter_expenses_by_hh_size <= 738 & total_deductions_by_hh_size > 503",1,0,1,1,0,NA,NA,NA,NA,NA,NA,NA,NA,NA,NA,NA,NA,NA,NA,NA,NA,NA
"Montana",5,"2-3",22,227,"medical_deductions > 143 & total_deductions_by_hh_size > 503",2,2,3,0.666666666666667,1,0.666666666666667,0.046353867117482,0.046353867117482,0.0968542289953716,0.0968542289953716,0.116666666666667,0.116666666666667,0.333333333333333,0.333333333333333,0.254701859157892,0.254701859157892,0.0833333333333333,0.0833333333333333,0.0190476190476191,0.0190476190476191,0.0492063492063492,0.0492063492063492
"Montana",5,"2-3",52,166,"cat_elig >=   1.000 & medical_deductions >= 179.000 & rawben_rel_max >=   0.137 & total_deductions_by_hh_size >= 242.000",2,0,5,0.4,2,0.4,0.00986377935621039,0.019350565296605,0.0722813578723752,0.0840198456417166,0.0765306122448979,0.0835236192379049,0.5,0.525174825174825,0.103039233239799,0.146281982175365,0.0663265306122449,0.0665834165834166,0.0442176870748299,0.0449027163312878,0.0306122448979592,0.0662432805289948
"Montana",5,"2-3",66,149,"HH_size_n >=   3.000 & rawben_rel_max >=   0.705 & total_deductions_by_hh_size >= 347.000 & utilities >= 361.000",1,1,2,0.5,3,0.5,0.18113760755307,0.21966159218842,0.246344019102306,0.25204371125188,0.463369963369963,0.505189043943369,0.666666666666667,0.73679354094579,0.813837770812242,0.839025139486518,0.252991452991453,0.289344033239238,0.0729984301412873,0.0936914132168705,0.0201465201465201,0.0425522245097134
"Montana",5,"4+",19,443,"months_since_cert_n >   5.500 & rawben_rel_max >   0.794 & rawben_rel_max <=   0.975 & total_deductions_by_hh_size > 229.000",1,0,1,1,0,NA,NA,NA,NA,NA,NA,NA,NA,NA,NA,NA,NA,NA,NA,NA,NA,NA
"Montana",5,"4+",24,480,"months_since_cert_n >=   9.000 & rawben_rel_max <   0.822 & total_deductions_by_hh_size >= 109.000 & unc_rawben_rel_max >=   0.725",1,0,1,1,1,1,0.0016938172669962,0.0016938172669962,0.0842216027017757,0.0842216027017757,0.11655444625029,0.11655444625029,0.4,0.4,0.20537044680747,0.20537044680747,0.210819596006501,0.210819596006501,0.181564894358022,0.181564894358022,0.0710471325748781,0.0710471325748781
"Montana",5,"4+",26,535,"shelter_expenses_by_hh_size > 484 & total_deductions_by_hh_size > 234 & total_deductions_by_hh_size <= 259",1,0,1,1,2,1,0.013046705975325,0.014091226623306,0.190030055982346,0.190744885563891,0.12364816149964,0.149257430783832,0.833333333333333,0.833333333333333,0.441061909482306,0.461923949138535,0.155664585191793,0.160818985006049,0.0517395182872436,0.129873135939454,0.114275414563807,0.116292021556096
"Montana",5,"4+",30,439,"months_since_cert_n >   5.500 & rawben_rel_max <=   0.997 & shelter_expenses_by_hh_size <= 494.000 & total_deductions_by_hh_size > 227.000",3,0,4,0.75,3,0.75,0.0271301605902935,0.0302888537312673,0.126239433478327,0.14728210821058,0.0330422872795754,0.100909752196394,0.4,0.477168949771689,0.171136197496828,0.331512858449908,0.0831193288820407,0.154887596706209,0.0598356445814073,0.110718185487566,0.0225132682759801,0.0556154009658298
"Montana",5,"4+",32,367,"count_divisible_by_100 >   1.500 & shelter_expenses_by_hh_size >  27.100 & unc_rawben_rel_max <=   0.783 & utilities <= 446.000",1,0,1,1,4,1,0.00391797878442511,0.0332730796601577,0.167672616981768,0.195021452365999,NA,NA,0.833333333333333,0.987735849056604,0.390482734386275,0.590017699001887,NA,NA,NA,NA,NA,NA
"Montana",5,"4+",37,313,"HH_size_n >   4.500 & rawben_rel_max >   0.478 & total_deductions_by_hh_size > 233.000 & unc_rawben_rel_max <=   0.997",1,0,4,0.25,5,0.25,0.0109559598639977,0.0161608573292385,0.103463982669324,0.122326355352349,0.120493066255778,0.169121617668541,0.666666666666667,0.83214920071048,0.268169653245473,0.33812292466087,0.158859784283513,0.203456286629998,0.177777777777778,0.214616783322804,0.0610211706102117,0.10186348535325
"Montana",5,"4+",40,487,"months_since_cert_n >= 10.000 & rawben_rel_max >=  0.683 & rawben_rel_max <  0.820 & total_deductions_by_hh_size >= 27.000",1,1,2,0.5,6,0.5,0.00541017299825706,0.014312805079966,0.0630844120991764,0.160122303122605,0.0566625155666252,0.134949480684361,0,0.470514603616134,0.0626666037741635,0.37720012713161,0.102739726027397,0.170812897705546,0.0178082191780822,0.171682317035609,0.0155666251556662,0.0541503255893962
"Montana",5,"4+",53,413,"married >=   1.000 & months_since_cert_n >=   7.000 & shelter_expenses_by_hh_size >= 336.000 & unc_rawben_rel_max >=   0.282",1,0,2,0.5,7,0.5,0.00121228800983083,0.0120642091931725,0.101760568085583,0.144360812638298,0.0597997892518441,0.131097558968456,0.666666666666667,0.857383087764254,0.255668306061315,0.329143772105506,0.120951417004049,0.174281063852755,0.0341148577449948,0.147513321533401,0.0327976817702845,0.056496543506946
"Montana",5,"4+",61,402,"expedited_i >   0.500 & rawben_rel_max <=   0.932 & shelter_expenses_by_hh_size <= 155.000 & unc_rawben_rel_max >   0.654",1,1,1,1,8,1,0.00162876005708805,0.0269802698825448,0.149950079778936,0.215658835223494,0.161818181818182,0.210800028751204,0.666666666666667,0.812335430892132,0.448520210083837,0.622070534453071,0.121818181818182,0.155258611286,0.0345762711864407,0.137141011242796,0.0709090909090909,0.142814381443386
"Montana",5,"4+",78,372,"count_divisible_by_100 >=   1.000 & married >=   1.000 & rawben_rel_max >=   0.511 & utilities >= 367.000",1,0,2,0.5,9,0.5,0.00342747049010742,0.0207151029347887,0.0963398091932826,0.142988404812505,0.0886917960088692,0.139214951143139,0.857142857142857,0.924654979485267,0.255420015938455,0.406465899420421,0.167217858619264,0.233910213630651,0.0472502805836139,0.258010008615616,0.0121951219512195,0.0625826793792814
"Montana",10,"1",4,99,"rawben_rel_max <=   0.992 & shelter_expenses_by_hh_size > 906.000 & unc_rawben_rel_max >   0.557 & utilities <=  29.500",1,1,1,1,0,NA,NA,NA,NA,NA,NA,NA,NA,NA,NA,NA,NA,NA,NA,NA,NA,NA
"Montana",10,"1",7,16,"count_divisible_by_100 <=   0.50 & months_since_cert_n >   3.50 & total_deductions_by_hh_size <= 810.00 & unc_rawben_rel_max >   1.93",2,0,2,1,1,1,0.206929744571089,0.206929744571089,0.244732244602507,0.244732244602507,0.745833333333333,0.745833333333333,0.857142857142857,0.857142857142857,0.907475625597158,0.907475625597158,0.452651515151515,0.452651515151515,0.346212121212121,0.346212121212121,0.249621212121212,0.249621212121212
"Montana",10,"1",10,6,"cat_elig >   0.500 & medical_deductions > 602.000 & rawben_rel_max <=   0.991",1,1,1,1,2,1,0.0275935461175732,0.131153445628365,0.145149542686234,0.179135240562514,0.690909090909091,0.698908900323995,0.833333333333333,0.923480083857442,0.643071072845779,0.763557646431068,0.191666666666667,0.325657518582047,0.075,0.26225938631599,0.106060606060606,0.216144939965695
"Montana",10,"1",27,8,"cat_elig >=    1.00 & shelter_expenses_by_hh_size < 1720.00 & unc_rawben_rel_max >=    2.49 & utilities <  875.00",2,0,2,1,3,1,0.0872533863141065,0.118381128799581,0.102519074086523,0.158530032980802,0.153939393939394,0.422726880200973,0.666666666666667,0.780903034789045,0.53960786499754,0.698554181994682,0.172727272727273,0.332938059349977,0.154545454545455,0.188338043648924,0.0974999999999999,0.159566258439315
"Montana",10,"1",46,62,"medical_deductions >= 117.000 & medical_deductions < 130.000 & rawben_rel_max >=   0.498",1,0,1,1,4,1,0.0527884214986279,0.113973292261433,0.123202111622447,0.161737392488348,0.204761904761905,0.632350343259434,0.8,0.977104377104377,0.569909136400289,0.729307468948628,0.104761904761905,0.370656383459414,0.0535714285714286,0.211617692072238,0.147619047619048,0.30838587899194
"Montana",10,"1",51,65,"medical_deductions >= 201.000 & rawben_rel_max >=   0.762 & rawben_rel_max <   0.936 & total_deductions_by_hh_size >= 784.000",1,0,1,1,5,1,0.00514222559600939,0.105027723375481,0.128125389696754,0.161336384178676,0.0777777777777778,0.523377444131412,0.6,0.850718065003779,0.16680182944468,0.662133098802151,0.0873015873015873,0.302172690625072,0.0777777777777778,0.269717488566695,0.0555555555555556,0.188211164937355
"Montana",10,"1",60,61,"medical_deductions >= 111.000 & medical_deductions < 130.000 & rawben_rel_max >=   0.274 & shelter_expenses_by_hh_size < 868.000",1,0,2,0.5,6,0.5,0.00452463547703031,0.0824628659772288,0.0948118768170204,0.180661846037976,0.0542857142857143,0.422530362485819,0.25,0.766279563050165,0.0879682347570176,0.635445947159794,0.0685714285714286,0.26327117018097,0.0466666666666667,0.19866466124818,0.04,0.185109406184016
"Montana",10,"1",63,4,"cat_elig >   0.500 & medical_deductions > 226.000 & unc_rawben_rel_max >   0.316 & unc_rawben_rel_max <=   0.991",4,0,6,0.666666666666667,7,0.666666666666667,0.00769757639478012,0.0863891619603345,0.111144502815103,0.154447045466971,0.096,0.357882082029892,0.6,0.801520681265207,0.12467635096832,0.568752897814807,0.0986666666666667,0.224036915031441,0.035,0.15233612190729,0.0185454545454545,0.143036692524831
"Montana",10,"1",70,10,"cat_elig >=   1 & rawben_rel_max <   1 & total_deductions_by_hh_size >= 450 & utilities < 277",4,0,5,0.8,8,0.8,0.00818920949875574,0.0734515369982262,0.148626985776354,0.19419824459284,0.226449275362319,0.552333014582931,0.6,0.834149311898672,0.27522757972,0.646351094620053,0.144028985507246,0.22996942764045,0.0199275362318841,0.111484737046563,0.0257246376811594,0.265878468005178
"Montana",10,"1",73,63,"medical_deductions >= 171.000 & rawben_rel_max >=   0.904 & rawben_rel_max <   0.957 & unc_rawben_rel_max >=   0.808",1,1,1,1,9,1,0.023235884960549,0.0591707376116755,0.0412392916853065,0.163887530693278,0.112418300653595,0.461422739391509,0.4,0.750515539038875,0.249714946155199,0.582234290410173,0.0420168067226891,0.228681974415652,0.127450980392157,0.211416606607845,0.0268235294117647,0.184456467400365
"Montana",10,"2-3",5,226,"medical_deductions > 143 & shelter_expenses_by_hh_size <= 738 & total_deductions_by_hh_size > 503",1,0,1,1,0,NA,NA,NA,NA,NA,NA,NA,NA,NA,NA,NA,NA,NA,NA,NA,NA,NA
"Montana",10,"2-3",22,227,"medical_deductions > 143 & total_deductions_by_hh_size > 503",2,2,3,0.666666666666667,1,0.666666666666667,0.046353867117482,0.046353867117482,0.0968542289953716,0.0968542289953716,0.116666666666667,0.116666666666667,0.333333333333333,0.333333333333333,0.254701859157892,0.254701859157892,0.0833333333333333,0.0833333333333333,0.0190476190476191,0.0190476190476191,0.0492063492063492,0.0492063492063492
"Montana",10,"2-3",52,166,"cat_elig >=   1.000 & medical_deductions >= 179.000 & rawben_rel_max >=   0.137 & total_deductions_by_hh_size >= 242.000",2,0,5,0.4,2,0.4,0.00986377935621039,0.019350565296605,0.0722813578723752,0.0840198456417166,0.0765306122448979,0.0835236192379049,0.5,0.525174825174825,0.103039233239799,0.146281982175365,0.0663265306122449,0.0665834165834166,0.0442176870748299,0.0449027163312878,0.0306122448979592,0.0662432805289948
"Montana",10,"2-3",66,149,"HH_size_n >=   3.000 & rawben_rel_max >=   0.705 & total_deductions_by_hh_size >= 347.000 & utilities >= 361.000",1,1,2,0.5,3,0.5,0.18113760755307,0.21966159218842,0.246344019102306,0.25204371125188,0.463369963369963,0.505189043943369,0.666666666666667,0.73679354094579,0.813837770812242,0.839025139486518,0.252991452991453,0.289344033239238,0.0729984301412873,0.0936914132168705,0.0201465201465201,0.0425522245097134
"Montana",10,"4+",19,443,"months_since_cert_n >   5.500 & rawben_rel_max >   0.794 & rawben_rel_max <=   0.975 & total_deductions_by_hh_size > 229.000",1,0,1,1,0,NA,NA,NA,NA,NA,NA,NA,NA,NA,NA,NA,NA,NA,NA,NA,NA,NA
"Montana",10,"4+",24,480,"months_since_cert_n >=   9.000 & rawben_rel_max <   0.822 & total_deductions_by_hh_size >= 109.000 & unc_rawben_rel_max >=   0.725",1,0,1,1,1,1,0.0016938172669962,0.0016938172669962,0.0842216027017757,0.0842216027017757,0.11655444625029,0.11655444625029,0.4,0.4,0.20537044680747,0.20537044680747,0.210819596006501,0.210819596006501,0.181564894358022,0.181564894358022,0.0710471325748781,0.0710471325748781
"Montana",10,"4+",26,535,"shelter_expenses_by_hh_size > 484 & total_deductions_by_hh_size > 234 & total_deductions_by_hh_size <= 259",1,0,1,1,2,1,0.013046705975325,0.014091226623306,0.190030055982346,0.190744885563891,0.12364816149964,0.149257430783832,0.833333333333333,0.833333333333333,0.441061909482306,0.461923949138535,0.155664585191793,0.160818985006049,0.0517395182872436,0.129873135939454,0.114275414563807,0.116292021556096
"Montana",10,"4+",30,439,"months_since_cert_n >   5.500 & rawben_rel_max <=   0.997 & shelter_expenses_by_hh_size <= 494.000 & total_deductions_by_hh_size > 227.000",3,0,4,0.75,3,0.75,0.0271301605902935,0.0302888537312673,0.126239433478327,0.14728210821058,0.0330422872795754,0.100909752196394,0.4,0.477168949771689,0.171136197496828,0.331512858449908,0.0831193288820407,0.154887596706209,0.0598356445814073,0.110718185487566,0.0225132682759801,0.0556154009658298
"Montana",10,"4+",32,367,"count_divisible_by_100 >   1.500 & shelter_expenses_by_hh_size >  27.100 & unc_rawben_rel_max <=   0.783 & utilities <= 446.000",1,0,1,1,4,1,0.00391797878442511,0.0332730796601577,0.167672616981768,0.195021452365999,NA,NA,0.833333333333333,0.987735849056604,0.390482734386275,0.590017699001887,NA,NA,NA,NA,NA,NA
"Montana",10,"4+",37,313,"HH_size_n >   4.500 & rawben_rel_max >   0.478 & total_deductions_by_hh_size > 233.000 & unc_rawben_rel_max <=   0.997",1,0,4,0.25,5,0.25,0.0109559598639977,0.0161608573292385,0.103463982669324,0.122326355352349,0.120493066255778,0.169121617668541,0.666666666666667,0.83214920071048,0.268169653245473,0.33812292466087,0.158859784283513,0.203456286629998,0.177777777777778,0.214616783322804,0.0610211706102117,0.10186348535325
"Montana",10,"4+",40,487,"months_since_cert_n >= 10.000 & rawben_rel_max >=  0.683 & rawben_rel_max <  0.820 & total_deductions_by_hh_size >= 27.000",1,1,2,0.5,6,0.5,0.00541017299825706,0.014312805079966,0.0630844120991764,0.160122303122605,0.0566625155666252,0.134949480684361,0,0.470514603616134,0.0626666037741635,0.37720012713161,0.102739726027397,0.170812897705546,0.0178082191780822,0.171682317035609,0.0155666251556662,0.0541503255893962
"Montana",10,"4+",53,413,"married >=   1.000 & months_since_cert_n >=   7.000 & shelter_expenses_by_hh_size >= 336.000 & unc_rawben_rel_max >=   0.282",1,0,2,0.5,7,0.5,0.00121228800983083,0.0120642091931725,0.101760568085583,0.144360812638298,0.0597997892518441,0.131097558968456,0.666666666666667,0.857383087764254,0.255668306061315,0.329143772105506,0.120951417004049,0.174281063852755,0.0341148577449948,0.147513321533401,0.0327976817702845,0.056496543506946
"Montana",10,"4+",55,531,"shelter_expenses_by_hh_size > 187.000 & shelter_expenses_by_hh_size <= 266.000 & unc_rawben_rel_max <=   0.956",18,2,19,0.947368421052632,8,0.947368421052632,0.00744716539006825,0.0141744870027935,0.148511804544945,0.184692562232362,0.0747422229224656,0.0993507243166039,0.6,0.880037488284911,0.327976094137454,0.392124099215697,0.102629413721268,0.135825444487108,0.0723484848484848,0.167512886225233,0.0384785353535353,0.110383825887831
"Montana",10,"4+",61,402,"expedited_i >   0.500 & rawben_rel_max <=   0.932 & shelter_expenses_by_hh_size <= 155.000 & unc_rawben_rel_max >   0.654",1,1,1,1,9,1,0.00162876005708805,0.0329158294566878,0.149950079778936,0.188087902500904,0.161818181818182,0.187207455003794,0.666666666666667,0.825141464263951,0.448520210083837,0.60216409734516,0.0824610051993068,0.110319156455281,0.0345762711864407,0.105467729690989,0.0324305555555556,0.0746721824867239
"Montana",10,"4+",69,442,"months_since_cert_n >   5.500 & rawben_rel_max >   0.724 & rawben_rel_max <=   0.974 & shelter_expenses_by_hh_size > 162.000",2,0,8,0.25,10,0.25,0.00158808140829518,0.0110029504507998,0.078066925729871,0.164121218159865,0.065008063274961,0.088718126912146,0.4,0.763076220903697,0.164641307948043,0.275214049837763,0.099052299052299,0.125376520069641,0.0400725400725401,0.12928756823349,0.0191295191295191,0.0671767160549759
"Montana",10,"4+",71,485,"months_since_cert_n >=  6.000 & rawben_rel_max <  0.997 & total_deductions_by_hh_size >= 88.400 & unc_rawben_rel_max >=  0.709",1,0,8,0.125,11,0.125,0.00081089407813105,0.0113644743761613,0.0227991804049965,0.142132092448909,0.0288343054300501,0.0677587106569746,0,0.780723320101868,0.0159396357145079,0.235049428388374,0.0225909800377885,0.110594494573764,0.0189764232317424,0.110357972516552,0.0108436704181385,0.0556186568304568
"Montana",10,"4+",80,465,"months_since_cert_n >=   2.000 & rawben_rel_max <   0.997 & shelter_expenses_by_hh_size < 428.000 & total_deductions_by_hh_size >= 243.000",1,0,5,0.2,12,0.2,0.00251267341534703,0.00749378017115715,0.0633186938940556,0.146714308621168,0.0768645357686454,0.157718106939545,0,0.636398876204701,0.0910243145093749,0.342138327566895,0.076042828992664,0.122143159832634,0.0174800228310502,0.0970235555307826,0.027521793275218,0.0726430378091065
"Nebraska",5,"1",5,85,"rawben_rel_max <    1.000 & shelter_expenses_by_hh_size >= 1180.000 & unc_rawben_rel_max >=    0.986 & utilities <  645.000",2,0,2,1,0,NA,NA,NA,NA,NA,NA,NA,NA,NA,NA,NA,NA,NA,NA,NA,NA,NA
"Nebraska",5,"1",9,128,"total_deductions_by_hh_size <= 842.00 & unc_rawben_rel_max >   1.93 & utilities <= 606.00",1,0,1,1,1,1,0.230915224070484,0.230915224070484,0.201876789101537,0.201876789101537,0.751010101010101,0.751010101010101,0.6,0.6,0.864486157338752,0.864486157338752,0.450757575757576,0.450757575757576,0.446464646464647,0.446464646464647,0.126515151515151,0.126515151515151
"Nebraska",5,"1",10,38,"expedited_i <=   0.50 & total_deductions_by_hh_size <= 920.00 & unc_rawben_rel_max >   1.93 & utilities <= 684.00",1,0,2,0.5,2,0.5,0.00705866354770226,0.102893485184882,0.0408387604003443,0.103414477033469,0.0515873015873016,0.338305417091992,0.25,0.423192771084337,0.0615319389358749,0.388943470946019,0.0700113378684807,0.219436962444708,0.0345804988662131,0.216624630867316,0.0243764172335601,0.0693058566982836
"Nebraska",5,"1",14,39,"homeless <=   0.500 & medical_deductions > 400.000 & rawben_rel_max <=   0.996 & unc_rawben_rel_max >   0.828",1,0,1,1,3,1,0.0058465467725506,0.179544998097594,0.167446224041534,0.196499850760829,0.633333333333333,0.731231819327057,0.666666666666667,0.805114638447972,0.587092172137817,0.804356327668884,0.142424242424242,0.37779993642187,0.127272727272727,0.314022170443527,0.206122448979592,0.23922905964753
"Nebraska",5,"1",16,88,"rawben_rel_max <   0.992 & shelter_expenses_by_hh_size >= 831.000 & unc_rawben_rel_max >=   0.270 & utilities < 277.000",2,0,2,1,4,1,0.0286036751380196,0.156763231815951,0.181357121106217,0.225346832619168,0.306308991554893,0.613270464698135,0,0.511439842209073,0.608909255698757,0.812324026954234,0.184202682563338,0.307211403360746,0.0743169398907104,0.255929371575201,0.177446597118728,0.267382016740241
"Nebraska",5,"1",18,26,"elderly_disabled_i >   0.500 & rawben_rel_max >   0.998 & shelter_expenses_by_hh_size <= 676.000 & unc_rawben_rel_max >   1.790",4,0,4,1,5,1,0.0354806580401289,0.131165937818206,0.0612606058693689,0.170308406983085,0.049165120593692,0.434614208610613,0.833333333333333,0.853254769921437,0.250696307743992,0.641445690804142,0.133658008658009,0.2566651989342,0.0667903525046382,0.290931830422167,0.0435992578849722,0.184341951164746
"Nebraska",5,"1",22,8,"cat_elig >=    1.00 & shelter_expenses_by_hh_size < 1720.00 & unc_rawben_rel_max >=    2.49 & utilities <  875.00",1,0,1,1,6,1,0.0601064057706477,0.117607498350657,0.0764175491445149,0.155757435723673,0.133877551020408,0.391818925429181,0.6,0.668576847524216,0.480154218243914,0.679957230496155,0.165,0.319583340057271,0.0888888888888889,0.191040745003521,0.0351515151515152,0.154276889811834
"Nebraska",5,"1",34,62,"medical_deductions >= 117.000 & medical_deductions < 130.000 & rawben_rel_max >=   0.498",1,0,1,1,7,1,0.0558063277395099,0.12153933003533,0.117698374968358,0.157090490492418,0.214285714285714,0.678122951454094,0.833333333333333,0.969021065675341,0.571798443774762,0.739778076092851,0.0883116883116883,0.323268975047703,0.0542544886807182,0.205385313135677,0.0380952380952381,0.320236315109599
"Nebraska",5,"1",40,11,"cat_elig >=   1.000 & rawben_rel_max <   0.992 & unc_rawben_rel_max >=   0.986 & utilities < 626.000",4,0,5,0.8,8,0.8,0.0220768790231713,0.126077873917445,0.108639228684258,0.195057437009799,0.116666666666667,0.538955608370128,0.4,0.584341484341484,0.206174494529441,0.715455444025805,0.0913198823034889,0.252475748526685,0.0600042034468264,0.222385350795772,0.0507566204287516,0.197779289244453
"Nebraska",5,"1",64,10,"cat_elig >=   1 & rawben_rel_max <   1 & total_deductions_by_hh_size >= 450 & utilities < 277",1,0,2,0.5,9,0.5,0.00540530737481526,0.0873536157131875,0.0904143767502518,0.196387369184994,0.182050368258494,0.432104410222146,0.4,0.688719524203395,0.177143863725815,0.623082024015917,0.0955096222380613,0.209569722321184,0.0378355904015206,0.153493619720558,0.0285103349964363,0.150277197697355
"Nebraska",5,"2-3",3,214,"married <=   0.500 & percent_abawd <=   0.125 & shelter_expenses_by_hh_size > 351.000 & unc_rawben_rel_max >   1.630",1,0,1,1,0,NA,NA,NA,NA,NA,NA,NA,NA,NA,NA,NA,NA,NA,NA,NA,NA,NA
"Nebraska",5,"2-3",6,236,"medical_deductions >= 201.000 & rawben_rel_max >=   0.632 & total_deductions_by_hh_size >= 341.000 & utilities < 827.000",1,0,1,1,1,1,0.282285049752532,0.282285049752532,0.169954978815076,0.169954978815076,0.52645935624659,0.52645935624659,1,1,0.735261318862033,0.735261318862033,0.318057828696127,0.318057828696127,0.224768139661757,0.224768139661757,0.190398254228041,0.190398254228041
"Nebraska",5,"2-3",31,197,"elderly_disabled_i >= 1.000 & rawben_rel_max >= 0.993 & rawben_rel_max < 0.996",3,2,3,1,2,1,0.140937921951252,0.177544958686201,0.174079832433368,0.199023350332294,0.567307692307692,0.630917117909252,0.833333333333333,0.934397163120568,0.767515088619959,0.828113756365873,0.125801282051282,0.252317152441643,0.248397435897436,0.305008067230792,0.178191489361702,0.253135483047208
"Nebraska",5,"2-3",32,207,"expedited_i >= 1.000 & months_since_cert_n < 2.000 & rawben_rel_max >= 0.649 & rawben_rel_max < 0.901",1,1,1,1,3,1,0.0322737469942143,0.133413015410793,0.282868092477985,0.28686175895265,0.293735224586288,0.451561140723375,0.6,0.818339768339768,0.816112427026346,0.851330992092601,0.184397163120567,0.335134106078255,0.0694444444444445,0.242763733455223,0.0301418439716312,0.127686299228852
"Nebraska",5,"2-3",39,166,"cat_elig >=   1.000 & medical_deductions >= 179.000 & rawben_rel_max >=   0.137 & total_deductions_by_hh_size >= 242.000",1,0,2,0.5,4,0.5,0.0413051262950751,0.200878210801223,0.143481423177685,0.236180150682969,0.110936682365254,0.449528731660868,0.4,0.807355021216407,0.291631883445952,0.742499934059077,0.139030612244898,0.248935590100311,0.10334903192046,0.186838947388844,0.0701203558346415,0.150668253722062
"Nebraska",5,"2-3",43,147,"HH_size_n >=   3.000 & months_since_cert_n <   7.000 & total_deductions_by_hh_size >= 432.000 & unc_rawben_rel_max <   0.997",1,0,1,1,5,1,0.0724293839831525,0.147685592672657,0.246287875144833,0.258759141376335,0.288647342995169,0.497393480200234,0.857142857142857,0.902709359605911,0.80698038927317,0.831270513813079,0.155874190564292,0.265468415908393,0.0987133984028394,0.151643744196964,0.0536540240518039,0.135663366197036
"Nebraska",5,"2-3",48,259,"rawben_rel_max <   0.904 & total_deductions_by_hh_size >= 353.000 & utilities < 347.000",1,0,1,1,6,1,0.0487433844695928,0.116932608811743,0.174917013585434,0.223726642377674,0.230480480480481,0.392336832304536,0.6,0.831380753138075,0.586402025516952,0.746472444471382,0.0863689776733255,0.225520708170836,0.00413678985107556,0.108244317788533,0.0260207015526164,0.0953315444740168
"Nebraska",5,"2-3",56,255,"rawben_rel_max <   0.703 & total_deductions_by_hh_size < 201.000 & unc_rawben_rel_max >=   0.698 & utilities < 586.000",1,1,1,1,7,1,0.00527866157550144,0.105543527210418,0.13442216887555,0.279697650979894,NA,NA,0.6,0.823070834982192,0.394348123466551,0.828212174289527,NA,NA,NA,NA,NA,NA
"Nebraska",5,"2-3",81,192,"elderly_disabled_i >=   1.000 & HH_size_n >=   3.000 & total_deductions_by_hh_size >= 290.000 & unc_rawben_rel_max <   0.976",1,0,1,1,8,1,0.0259405276823814,0.0811953587708736,0.137831357908147,0.202234685188107,0.171875,0.30781874475856,0.4,0.797085060937304,0.518930427696137,0.659591339621516,0.0917119565217391,0.168978040363785,0.0237771739130435,0.0969481808783648,0.0260416666666667,0.0814136973503077
"Nebraska",5,"4+",13,305,"HH_size_n >   4.50 & rawben_rel_max <=   0.88 & shelter_expenses_by_hh_size <= 268.00 & total_deductions_by_hh_size > 222.00",2,1,2,1,0,NA,NA,NA,NA,NA,NA,NA,NA,NA,NA,NA,NA,NA,NA,NA,NA,NA
"Nebraska",5,"4+",25,336,"HH_size_n >=   5 & shelter_expenses_by_hh_size < 293 & total_deductions_by_hh_size >= 212",3,0,5,0.6,1,0.6,0.00689853152347409,0.00689853152347409,0.0698336275229791,0.0698336275229791,0.128837209302326,0.128837209302326,0.25,0.25,0.127280061398423,0.127280061398423,0.103255813953488,0.103255813953488,0.0841860465116279,0.0841860465116279,0.0162790697674419,0.0162790697674419
"Nebraska",5,"4+",30,313,"HH_size_n >   4.500 & rawben_rel_max >   0.478 & total_deductions_by_hh_size > 233.000 & unc_rawben_rel_max <=   0.997",4,0,6,0.666666666666667,2,0.666666666666667,0.00827469773953848,0.0104789622499977,0.0855407121921871,0.0935837389752923,0.130655391120507,0.154555712623691,0.6,0.621301775147929,0.180222763618639,0.205730410056227,0.041014799154334,0.0703193765090008,0.0376321353065539,0.0645318188073108,0.0200845665961945,0.0252861628532469
"Nebraska",5,"4+",33,309,"HH_size_n >   4.500 & months_since_cert_n >   4.500 & rawben_rel_max <=   0.988 & total_deductions_by_hh_size > 206.000",1,0,2,0.5,3,0.5,0.0033369582598926,0.00878601862989138,0.0890500505204814,0.108595628100743,0.108005427408412,0.170480172240117,0.4,0.598769230769231,0.147621452313941,0.234449063497149,0.169877883310719,0.185955641859009,0.151017639077341,0.184574184857142,0.0234293648038875,0.0277619280407201
"Nebraska",5,"4+",37,340,"HH_size_n >=   5.00 & months_since_cert_n >=   2.00 & total_deductions_by_hh_size >= 245.00 & unc_rawben_rel_max <   1.01",2,0,5,0.4,4,0.4,0.000391563911831941,0.0047920242515428,0.055376164064322,0.0801971261771841,0.0531860662701784,0.104575697003133,0.4,0.471785028790787,0.0513218202023156,0.130032187416661,0.0751911639762107,0.111053913380626,0.0201359388275276,0.0856336258575973,0.0158661160617258,0.0207430550040694
"Nebraska",5,"4+",54,310,"HH_size_n >   4.500 & months_since_cert_n >   5.500 & rawben_rel_max <=   0.997 & shelter_expenses_by_hh_size > 263.000",1,0,1,1,5,1,0.00285590156588986,0.00793087801968846,0.0683628632892494,0.11401414077369,0.116862496030486,0.201942158934899,0.4,0.661672987779182,0.117781604227488,0.293515059903498,0.10423944109241,0.197092293490942,0.0535090504922197,0.172418113714305,0.0104891628554384,0.0251330909350127
"Nebraska",5,"4+",55,343,"HH_size_n >=   5.000 & rawben_rel_max >=   0.302 & rawben_rel_max <   0.942 & total_deductions_by_hh_size >= 236.000",1,0,11,0.0909090909090909,6,0.0909090909090909,0.0014405463825935,0.00441252616610059,0.0344860131823959,0.0836023490289707,0.0382458662832494,0.115203372671436,0.4,0.550501002004008,0.0335294082576797,0.155595368633484,0.0534148094895759,0.141078675253004,0.0433566433566433,0.10592197064504,0.00661394680086272,0.0154716277459033
"Nebraska",5,"4+",60,302,"HH_size_n >    4.5 & months_since_cert_n >    5.5 & shelter_expenses_by_hh_size >  332.0 & utilities <= 1050.0",1,0,1,1,7,1,0.00288361514887364,0.00629573335506261,0.0618417703583495,0.114831060039223,0.0491471777738702,0.151143868075999,0.4,0.676472928352628,0.0666754070137121,0.245366912473909,0.0837436258132583,0.16302937797919,0.0337612097766836,0.148786130953083,0.0137952956134774,0.0189442213279021
"Nebraska",10,"1",5,85,"rawben_rel_max <    1.000 & shelter_expenses_by_hh_size >= 1180.000 & unc_rawben_rel_max >=    0.986 & utilities <  645.000",2,0,2,1,0,NA,NA,NA,NA,NA,NA,NA,NA,NA,NA,NA,NA,NA,NA,NA,NA,NA
"Nebraska",10,"1",9,128,"total_deductions_by_hh_size <= 842.00 & unc_rawben_rel_max >   1.93 & utilities <= 606.00",1,0,1,1,1,1,0.230915224070484,0.230915224070484,0.201876789101537,0.201876789101537,0.751010101010101,0.751010101010101,0.6,0.6,0.864486157338752,0.864486157338752,0.450757575757576,0.450757575757576,0.446464646464647,0.446464646464647,0.126515151515151,0.126515151515151
"Nebraska",10,"1",10,38,"expedited_i <=   0.50 & total_deductions_by_hh_size <= 920.00 & unc_rawben_rel_max >   1.93 & utilities <= 684.00",1,0,2,0.5,2,0.5,0.00705866354770226,0.102893485184882,0.0408387604003443,0.103414477033469,0.0515873015873016,0.338305417091992,0.25,0.423192771084337,0.0615319389358749,0.388943470946019,0.0700113378684807,0.219436962444708,0.0345804988662131,0.216624630867316,0.0243764172335601,0.0693058566982836
"Nebraska",10,"1",14,39,"homeless <=   0.500 & medical_deductions > 400.000 & rawben_rel_max <=   0.996 & unc_rawben_rel_max >   0.828",1,0,1,1,3,1,0.0058465467725506,0.179544998097594,0.167446224041534,0.196499850760829,0.633333333333333,0.731231819327057,0.666666666666667,0.805114638447972,0.587092172137817,0.804356327668884,0.142424242424242,0.37779993642187,0.127272727272727,0.314022170443527,0.206122448979592,0.23922905964753
"Nebraska",10,"1",16,88,"rawben_rel_max <   0.992 & shelter_expenses_by_hh_size >= 831.000 & unc_rawben_rel_max >=   0.270 & utilities < 277.000",2,0,2,1,4,1,0.0286036751380196,0.156763231815951,0.181357121106217,0.225346832619168,0.306308991554893,0.613270464698135,0,0.511439842209073,0.608909255698757,0.812324026954234,0.184202682563338,0.307211403360746,0.0743169398907104,0.255929371575201,0.177446597118728,0.267382016740241
"Nebraska",10,"1",18,26,"elderly_disabled_i >   0.500 & rawben_rel_max >   0.998 & shelter_expenses_by_hh_size <= 676.000 & unc_rawben_rel_max >   1.790",4,0,4,1,5,1,0.0354806580401289,0.131165937818206,0.0612606058693689,0.170308406983085,0.049165120593692,0.434614208610613,0.833333333333333,0.853254769921437,0.250696307743992,0.641445690804142,0.133658008658009,0.2566651989342,0.0667903525046382,0.290931830422167,0.0435992578849722,0.184341951164746
"Nebraska",10,"1",22,8,"cat_elig >=    1.00 & shelter_expenses_by_hh_size < 1720.00 & unc_rawben_rel_max >=    2.49 & utilities <  875.00",1,0,1,1,6,1,0.0601064057706477,0.117607498350657,0.0764175491445149,0.155757435723673,0.133877551020408,0.391818925429181,0.6,0.668576847524216,0.480154218243914,0.679957230496155,0.165,0.319583340057271,0.0888888888888889,0.191040745003521,0.0351515151515152,0.154276889811834
"Nebraska",10,"1",34,62,"medical_deductions >= 117.000 & medical_deductions < 130.000 & rawben_rel_max >=   0.498",1,0,1,1,7,1,0.0558063277395099,0.12153933003533,0.117698374968358,0.157090490492418,0.214285714285714,0.678122951454094,0.833333333333333,0.969021065675341,0.571798443774762,0.739778076092851,0.0883116883116883,0.323268975047703,0.0542544886807182,0.205385313135677,0.0380952380952381,0.320236315109599
"Nebraska",10,"1",40,11,"cat_elig >=   1.000 & rawben_rel_max <   0.992 & unc_rawben_rel_max >=   0.986 & utilities < 626.000",4,0,5,0.8,8,0.8,0.0220768790231713,0.126077873917445,0.108639228684258,0.195057437009799,0.116666666666667,0.538955608370128,0.4,0.584341484341484,0.206174494529441,0.715455444025805,0.0913198823034889,0.252475748526685,0.0600042034468264,0.222385350795772,0.0507566204287516,0.197779289244453
"Nebraska",10,"1",58,4,"cat_elig >   0.500 & medical_deductions > 226.000 & unc_rawben_rel_max >   0.316 & unc_rawben_rel_max <=   0.991",5,0,6,0.833333333333333,9,0.833333333333333,0.00659425778583438,0.0898926109011419,0.111352303396627,0.166541580101165,0.152761904761905,0.573047469431416,0.666666666666667,0.78021978021978,0.224723718795494,0.67862933364354,0.11348717948718,0.195534846301724,0.0263169398907104,0.153214132122344,0.0152727272727273,0.189820204464796
"Nebraska",10,"1",64,10,"cat_elig >=   1 & rawben_rel_max <   1 & total_deductions_by_hh_size >= 450 & utilities < 277",1,0,2,0.5,10,0.5,0.00540530737481526,0.0775929677139228,0.0904143767502518,0.188642442145756,0.182050368258494,0.452717326073314,0.4,0.716031416031416,0.177143863725815,0.607822113053345,0.0955096222380613,0.198941494729735,0.0244927536231884,0.132574560353417,0.0285103349964363,0.168511917694728
"Nebraska",10,"1",70,84,"percent_abawd <=    0.750 & rawben_rel_max <=    0.998 & shelter_expenses_by_hh_size > 1700.000 & total_deductions_by_hh_size > 1130.000",2,0,4,0.5,11,0.5,0.00828932440575321,0.0715503347376202,0.103948630494604,0.16953252712757,0.200724637681159,0.366095751304375,0.666666666666667,0.829752226093689,0.40716650440793,0.622099633586368,0.123636363636364,0.221556545800258,0.0042857142857143,0.130840940120069,0.0366666666666667,0.133007630162908
"Nebraska",10,"2-3",3,214,"married <=   0.500 & percent_abawd <=   0.125 & shelter_expenses_by_hh_size > 351.000 & unc_rawben_rel_max >   1.630",1,0,1,1,0,NA,NA,NA,NA,NA,NA,NA,NA,NA,NA,NA,NA,NA,NA,NA,NA,NA
"Nebraska",10,"2-3",6,236,"medical_deductions >= 201.000 & rawben_rel_max >=   0.632 & total_deductions_by_hh_size >= 341.000 & utilities < 827.000",1,0,1,1,1,1,0.282285049752532,0.282285049752532,0.169954978815076,0.169954978815076,0.52645935624659,0.52645935624659,1,1,0.735261318862033,0.735261318862033,0.318057828696127,0.318057828696127,0.224768139661757,0.224768139661757,0.190398254228041,0.190398254228041
"Nebraska",10,"2-3",31,197,"elderly_disabled_i >= 1.000 & rawben_rel_max >= 0.993 & rawben_rel_max < 0.996",3,2,3,1,2,1,0.140937921951252,0.177544958686201,0.174079832433368,0.199023350332294,0.567307692307692,0.630917117909252,0.833333333333333,0.934397163120568,0.767515088619959,0.828113756365873,0.125801282051282,0.252317152441643,0.248397435897436,0.305008067230792,0.178191489361702,0.253135483047208
"Nebraska",10,"2-3",32,207,"expedited_i >= 1.000 & months_since_cert_n < 2.000 & rawben_rel_max >= 0.649 & rawben_rel_max < 0.901",1,1,1,1,3,1,0.0322737469942143,0.133413015410793,0.282868092477985,0.28686175895265,0.293735224586288,0.451561140723375,0.6,0.818339768339768,0.816112427026346,0.851330992092601,0.184397163120567,0.335134106078255,0.0694444444444445,0.242763733455223,0.0301418439716312,0.127686299228852
"Nebraska",10,"2-3",39,166,"cat_elig >=   1.000 & medical_deductions >= 179.000 & rawben_rel_max >=   0.137 & total_deductions_by_hh_size >= 242.000",1,0,2,0.5,4,0.5,0.0413051262950751,0.200878210801223,0.143481423177685,0.236180150682969,0.110936682365254,0.449528731660868,0.4,0.807355021216407,0.291631883445952,0.742499934059077,0.139030612244898,0.248935590100311,0.10334903192046,0.186838947388844,0.0701203558346415,0.150668253722062
"Nebraska",10,"2-3",43,147,"HH_size_n >=   3.000 & months_since_cert_n <   7.000 & total_deductions_by_hh_size >= 432.000 & unc_rawben_rel_max <   0.997",1,0,1,1,5,1,0.0724293839831525,0.147685592672657,0.246287875144833,0.258759141376335,0.288647342995169,0.497393480200234,0.857142857142857,0.902709359605911,0.80698038927317,0.831270513813079,0.155874190564292,0.265468415908393,0.0987133984028394,0.151643744196964,0.0536540240518039,0.135663366197036
"Nebraska",10,"2-3",48,259,"rawben_rel_max <   0.904 & total_deductions_by_hh_size >= 353.000 & utilities < 347.000",1,0,1,1,6,1,0.0487433844695928,0.116932608811743,0.174917013585434,0.223726642377674,0.230480480480481,0.392336832304536,0.6,0.831380753138075,0.586402025516952,0.746472444471382,0.0863689776733255,0.225520708170836,0.00413678985107556,0.108244317788533,0.0260207015526164,0.0953315444740168
"Nebraska",10,"2-3",56,255,"rawben_rel_max <   0.703 & total_deductions_by_hh_size < 201.000 & unc_rawben_rel_max >=   0.698 & utilities < 586.000",1,1,1,1,7,1,0.00527866157550144,0.105543527210418,0.13442216887555,0.279697650979894,NA,NA,0.6,0.823070834982192,0.394348123466551,0.828212174289527,NA,NA,NA,NA,NA,NA
"Nebraska",10,"2-3",75,223,"medical_deductions > 131.000 & rawben_rel_max >   0.148 & unc_rawben_rel_max >   0.494",2,0,3,0.666666666666667,8,0.666666666666667,0.0159932137004695,0.136907026099744,0.122809094617673,0.199503152706805,0.112404336734694,0.386891660375655,0.6,0.856860158311346,0.22527650491211,0.657867757257225,0.0604272959183673,0.23304434567317,0.0784646739130435,0.106631364193866,0.0412946428571429,0.092970137793521
"Nebraska",10,"2-3",81,192,"elderly_disabled_i >=   1.000 & HH_size_n >=   3.000 & total_deductions_by_hh_size >= 290.000 & unc_rawben_rel_max <   0.976",1,0,1,1,9,1,0.0259405276823814,0.0965614270443748,0.137831357908147,0.19742138026385,0.171875,0.301700568993262,0.4,0.842084677813631,0.518930427696137,0.660697122416892,0.0917119565217391,0.180439387145685,0.0237771739130435,0.0890155507400633,0.0234375,0.0680631017984245
"Nebraska",10,"2-3",83,140,"HH_size_n >   2.500 & rawben_rel_max >   0.457 & shelter_expenses_by_hh_size > 456.000 & total_deductions_by_hh_size > 387.000",1,0,2,0.5,10,0.5,0.0324331058370269,0.125953349167843,0.128015946152118,0.20106753503075,0.144971189104243,0.349077003686343,0.666666666666667,0.77526769391486,0.34358209262489,0.675391503725461,0.066393232504486,0.191065863653005,0.0406219472484532,0.0935751706603009,0.0138426044603948,0.0734198032301483
"Nebraska",10,"2-3",87,141,"HH_size_n >   2.500 & rawben_rel_max >   0.581 & total_deductions_by_hh_size > 338.000 & utilities >  29.500",4,1,7,0.571428571428571,11,0.571428571428571,0.0138411113776732,0.107404121618105,0.0729881905979685,0.185067307815013,0.0869565217391304,0.319653148160232,0.4,0.735485347985348,0.158564159892913,0.592499528106936,0.104619565217391,0.198979361397275,0.017221058145626,0.0885280176132294,0.0126811594202899,0.0625451408162958
"Nebraska",10,"4+",13,305,"HH_size_n >   4.50 & rawben_rel_max <=   0.88 & shelter_expenses_by_hh_size <= 268.00 & total_deductions_by_hh_size > 222.00",2,1,2,1,0,NA,NA,NA,NA,NA,NA,NA,NA,NA,NA,NA,NA,NA,NA,NA,NA,NA
"Nebraska",10,"4+",25,336,"HH_size_n >=   5 & shelter_expenses_by_hh_size < 293 & total_deductions_by_hh_size >= 212",3,0,5,0.6,1,0.6,0.00689853152347409,0.00689853152347409,0.0698336275229791,0.0698336275229791,0.128837209302326,0.128837209302326,0.25,0.25,0.127280061398423,0.127280061398423,0.103255813953488,0.103255813953488,0.0841860465116279,0.0841860465116279,0.0162790697674419,0.0162790697674419
"Nebraska",10,"4+",30,313,"HH_size_n >   4.500 & rawben_rel_max >   0.478 & total_deductions_by_hh_size > 233.000 & unc_rawben_rel_max <=   0.997",4,0,6,0.666666666666667,2,0.666666666666667,0.00827469773953848,0.0104789622499977,0.0855407121921871,0.0935837389752923,0.130655391120507,0.154555712623691,0.6,0.621301775147929,0.180222763618639,0.205730410056227,0.041014799154334,0.0703193765090008,0.0376321353065539,0.0645318188073108,0.0200845665961945,0.0252861628532469
"Nebraska",10,"4+",33,309,"HH_size_n >   4.500 & months_since_cert_n >   4.500 & rawben_rel_max <=   0.988 & total_deductions_by_hh_size > 206.000",1,0,2,0.5,3,0.5,0.0033369582598926,0.00878601862989138,0.0890500505204814,0.108595628100743,0.108005427408412,0.170480172240117,0.4,0.598769230769231,0.147621452313941,0.234449063497149,0.169877883310719,0.185955641859009,0.151017639077341,0.184574184857142,0.0234293648038875,0.0277619280407201
"Nebraska",10,"4+",37,340,"HH_size_n >=   5.00 & months_since_cert_n >=   2.00 & total_deductions_by_hh_size >= 245.00 & unc_rawben_rel_max <   1.01",2,0,5,0.4,4,0.4,0.000391563911831941,0.0047920242515428,0.055376164064322,0.0801971261771841,0.0531860662701784,0.104575697003133,0.4,0.471785028790787,0.0513218202023156,0.130032187416661,0.0751911639762107,0.111053913380626,0.0201359388275276,0.0856336258575973,0.0158661160617258,0.0207430550040694
"Nebraska",10,"4+",54,310,"HH_size_n >   4.500 & months_since_cert_n >   5.500 & rawben_rel_max <=   0.997 & shelter_expenses_by_hh_size > 263.000",1,0,1,1,5,1,0.00285590156588986,0.00793087801968846,0.0683628632892494,0.11401414077369,0.116862496030486,0.201942158934899,0.4,0.661672987779182,0.117781604227488,0.293515059903498,0.10423944109241,0.197092293490942,0.0535090504922197,0.172418113714305,0.0104891628554384,0.0251330909350127
"Nebraska",10,"4+",55,343,"HH_size_n >=   5.000 & rawben_rel_max >=   0.302 & rawben_rel_max <   0.942 & total_deductions_by_hh_size >= 236.000",1,0,11,0.0909090909090909,6,0.0909090909090909,0.0014405463825935,0.00441252616610059,0.0344860131823959,0.0836023490289707,0.0382458662832494,0.115203372671436,0.4,0.550501002004008,0.0335294082576797,0.155595368633484,0.0534148094895759,0.141078675253004,0.0433566433566433,0.10592197064504,0.00661394680086272,0.0154716277459033
"Nebraska",10,"4+",59,522,"shelter_expenses_by_hh_size <= 341.000 & total_deductions_by_hh_size > 233.000 & unc_rawben_rel_max <=   0.976",4,1,8,0.5,7,0.5,0.000353248882541776,0.00382882640039843,0.0654779124720637,0.0981301057404902,0.0948654430807342,0.158257469282523,0.5,0.77432470064049,0.138478472726804,0.233815329336234,0.086018492574951,0.14047279032931,0.00733844468784229,0.0978297348218861,0.001473981030505,0.0179691380482933
"Nebraska",10,"4+",60,302,"HH_size_n >    4.5 & months_since_cert_n >    5.5 & shelter_expenses_by_hh_size >  332.0 & utilities <= 1050.0",1,0,1,1,8,1,0.00288361514887364,0.00628862772710322,0.0618417703583495,0.125009556321512,0.0491471777738702,0.167035263330823,0.4,0.738865876762033,0.0666754070137121,0.28895714289868,0.0837436258132583,0.17264407280151,0.0337612097766836,0.163903250980641,0.0137952956134774,0.0182095886750329
"Nebraska",10,"4+",62,415,"medical_deductions <= 179.000 & rawben_rel_max >   0.777 & rawben_rel_max <=   0.817 & total_deductions_by_hh_size > 204.000",2,1,5,0.4,9,0.4,0.00197760695290812,0.0180120054153072,0.0961267231093585,0.133151647000331,0.187159440890784,0.225051124320838,0.4,0.766080718001486,0.33101624820495,0.423386296416078,0.111721611721612,0.185572958336413,0.0895812225599459,0.186508155893724,0.0718877082513446,0.0866615367158177
"Nebraska",10,"4+",69,396,"expedited_i <=   0.500 & months_since_cert_n >   4.500 & total_deductions_by_hh_size > 219.000 & unc_rawben_rel_max <=   0.988",3,0,6,0.5,10,0.5,0.0163050608252165,0.0227237703909457,0.0439860231521369,0.0958038234010961,0.0913674868898749,0.143529612646018,0.4,0.735823060188542,0.148059068311436,0.264234920840382,0.0540540540540541,0.133340745215962,0.0258769407705578,0.118740521675564,0.0358215358215358,0.078503783912585
"Nebraska",10,"4+",73,372,"count_divisible_by_100 >=   1.000 & married >=   1.000 & rawben_rel_max >=   0.511 & utilities >= 367.000",2,0,3,0.666666666666667,11,0.666666666666667,0.00511817640029082,0.0274531193853253,0.0963398091932826,0.138157737719636,0.0987969676994067,0.163433703477855,0.857142857142857,0.97163730124624,0.302305555033321,0.435906153079763,0.16035675282126,0.21273085707227,0.0241171403962101,0.155522427316522,0.0286488579171506,0.0754122474464237
"Nebraska",10,"4+",78,465,"months_since_cert_n >=   2.000 & rawben_rel_max <   0.997 & shelter_expenses_by_hh_size < 428.000 & total_deductions_by_hh_size >= 243.000",2,0,8,0.25,12,0.25,0.00588058607687111,0.0129994361744584,0.0570594075076693,0.0903986576919017,0.0608116758417616,0.122494064308061,0.4,0.671902431445662,0.101103947968346,0.223666323295981,0.067596978619895,0.115988246488238,0.0398314014752371,0.10414908024456,0.0320560286313711,0.0459240184361559
"Nebraska",10,"4+",79,362,"count_divisible_by_100 >   0.500 & HH_size_n >   4.500 & rawben_rel_max <=   0.948 & shelter_expenses_by_hh_size > 178.000",5,1,7,0.714285714285714,13,0.714285714285714,0.000538159059001245,0.0204823390379596,0.0727738335912164,0.102282854745932,0.121749408983452,0.160274945758667,0.4,0.80493993544308,0.187253990009086,0.352301925886969,0.0855916892502258,0.156804850537461,0.0123456790123457,0.154774055525684,0.018970189701897,0.0560878932775937
"Nebraska",10,"4+",82,497,"rawben_rel_max <   0.873 & shelter_expenses_by_hh_size < 486.000 & total_deductions_by_hh_size >= 286.000",1,0,8,0.125,14,0.125,0.00117978411981687,0.0111839443811322,0.0764830437941802,0.109607381767645,0.0560609786083108,0.149196866735384,0.25,0.679039492396893,0.107967815675782,0.272646470633007,0.0550364724202934,0.125679175537417,0.0271699041062208,0.128974014754632,0.00712060525144635,0.0381083408937828
"Nebraska",10,"4+",85,306,"HH_size_n >   4.500 & married <=   0.500 & shelter_expenses_by_hh_size > 251.000 & unc_rawben_rel_max <=   0.976",11,1,18,0.611111111111111,15,0.611111111111111,0.000391292290508299,0.00948730247828932,0.0524795697804754,0.0887799831942196,0.0648913376186104,0.163913851406726,0.666666666666667,0.835316258544605,0.116914610814067,0.276757329564544,0.0679179179179179,0.12989075958442,0.0389910203527354,0.100366427363837,0.0253464008110848,0.0683538794597161
"Nevada",5,"1",1,129,"total_deductions_by_hh_size > 336.000 & unc_rawben_rel_max >   0.891 & unc_rawben_rel_max <=   0.991 & utilities <=  29.500",5,3,5,1,0,NA,NA,NA,NA,NA,NA,NA,NA,NA,NA,NA,NA,NA,NA,NA,NA,NA
"Nevada",5,"1",3,107,"rawben_rel_max >   0.751 & rawben_rel_max <=   0.992 & shelter_expenses_by_hh_size > 832.000 & utilities <=  29.500",3,0,8,0.375,1,0.375,0.00867618625741169,0.00867618625741169,0.0711428518153715,0.0711428518153715,0.153809523809524,0.153809523809524,0.857142857142857,0.857142857142857,0.190546102041443,0.190546102041443,0.0928571428571429,0.0928571428571429,0.101428571428571,0.101428571428571,0.0628571428571429,0.0628571428571429
"Nevada",5,"1",5,99,"rawben_rel_max <=   0.992 & shelter_expenses_by_hh_size > 906.000 & unc_rawben_rel_max >   0.557 & utilities <=  29.500",2,0,9,0.222222222222222,2,0.222222222222222,0.00744753511476359,0.0121268021714456,0.0513635978766078,0.0743921591535049,0.015,0.0872766770941953,0.4,0.544038929440389,0.0449755276135022,0.152158912795174,0.0577380952380953,0.06299356969065,0.0483333333333333,0.0698105665623914,0.0261904761904762,0.0367561696211331
"Nevada",5,"1",10,83,"months_since_cert_n >=   8.00 & unc_rawben_rel_max >=   1.93 & utilities < 366.00",1,1,1,1,3,1,0.159457008044831,0.163012904371543,0.227108591590604,0.230016961061598,0.621428571428571,0.682658163265306,0.6,0.67,0.867654681034597,0.8713661965334,0.378571428571429,0.397345804988662,0.380952380952381,0.402391156462585,0.29047619047619,0.314092403628118
"Nevada",5,"1",11,113,"rawben_rel_max >=   0.484 & rawben_rel_max <   0.989 & shelter_expenses_by_hh_size >= 879.000 & utilities <  31.000",1,0,6,0.166666666666667,4,0.166666666666667,0.0043976708521167,0.0273043382891756,0.0346287771402852,0.095417375844425,0.0386363636363636,0.148009466328968,0,0.491543173285912,0.0352738014442193,0.21137487375992,0.0704545454545455,0.125086220833109,0.0454545454545455,0.118804763701029,0.0431818181818182,0.0860461461083868
"Nevada",5,"1",14,125,"shelter_expenses_by_hh_size > 878.000 & unc_rawben_rel_max >   0.379 & unc_rawben_rel_max <=   0.991 & utilities <=  29.500",1,1,11,0.0909090909090909,5,0.0909090909090909,0.00749708054302385,0.0290844316906914,0.0264221841881426,0.0870660598115768,0.0272727272727273,0.116784262485482,0.4,0.540853658536585,0.0406756707666358,0.18918358945623,0.0386363636363637,0.0864817271143491,0.0340909090909091,0.0870610943934115,0.00454545454545453,0.0664657243163341
"Nevada",5,"1",16,6,"cat_elig >   0.500 & medical_deductions > 602.000 & rawben_rel_max <=   0.991",1,0,1,1,6,1,0.0195279693959433,0.0373191921465781,0.145149542686234,0.15718932795206,0.566666666666667,0.671166647254091,0.833333333333333,0.916666666666667,0.567261681557586,0.652658327625294,0.166666666666667,0.222893735561897,0.0266666666666667,0.118325762428901,0.1,0.344856807990216
"Nevada",5,"1",17,30,"elderly_disabled_i >=   1.00 & rawben_rel_max >=   1.00 & unc_rawben_rel_max >=   1.52 & utilities < 313.00",4,1,5,0.8,7,0.8,0.0262757955455729,0.169615096062429,0.15337736287192,0.19314188835535,0.144194756554307,0.673676877117888,0.6,0.685972222222222,0.317058074467824,0.798428971258073,0.252434456928839,0.333502443678357,0.104119850187266,0.281366841569791,0.137453183520599,0.175716555857532
"Nevada",5,"1",18,116,"rawben_rel_max >=   0.988 & rawben_rel_max <   0.992 & total_deductions_by_hh_size >= 198.000 & utilities < 452.000",4,0,8,0.5,8,0.5,0.0194097572398011,0.0723001034190957,0.149837857224975,0.181572158533208,0.197747747747748,0.397033126121514,0.4,0.655910274077477,0.417768973658343,0.592285740633247,0.0299099099099099,0.161913015440012,0.0603603603603604,0.206828778108629,0.0225225225225225,0.105262362506528
"Nevada",5,"1",23,111,"rawben_rel_max >=   0.236 & rawben_rel_max <   1.000 & total_deductions_by_hh_size >= 511.000 & utilities < 249.000",3,0,16,0.1875,9,0.1875,0.0119104171643349,0.0600646778041452,0.0820558659723516,0.136412881980311,0.0750394944707741,0.325997128009124,0,0.514471866930883,0.209945535787753,0.437846082892483,0.0771270593545475,0.143448726928076,0.0122590837282781,0.134202564200294,0.0403972015346423,0.0911136889582096
"Nevada",5,"1",28,118,"rawben_rel_max >=   0.988 & rawben_rel_max <   1.000 & shelter_expenses_by_hh_size >= 692.000 & utilities < 580.000",1,0,8,0.125,10,0.125,0.0119429260779869,0.0553379186363826,0.0709643101919488,0.178967717932144,0.0351895519680754,0.322485580838118,0,0.465080813347237,0.0745695205465628,0.539327075426486,0.0238224801983192,0.115461782192188,0.00332547312413085,0.134310833072739,0.0278130479472761,0.0939440083438864
"Nevada",5,"1",37,73,"months_since_cert_n >=   5.00 & percent_abawd <   0.50 & unc_rawben_rel_max >=   1.82 & utilities < 366.00",1,1,2,0.5,11,0.5,0.00598303038636505,0.172016983334976,0.109376585789003,0.214679814132264,0.220833333333333,0.655573320792519,0.25,0.789822698763096,0.283266088393084,0.811421122458714,0.204166666666667,0.378693017459037,0.108333333333333,0.502625461271168,0.0476303317535545,0.0880329908010404
"Nevada",5,"1",41,102,"rawben_rel_max <=   0.998 & total_deductions_by_hh_size > 602.000 & utilities <= 272.000",3,0,14,0.214285714285714,12,0.214285714285714,0.00631717375595323,0.0506284331440876,0.0537240314832944,0.145239229577969,0.0462513561354422,0.301898503077891,0.25,0.555819209039548,0.0543800843706389,0.429621368542799,0.0489065265802547,0.150802407974731,0.0316265060240964,0.136087213656016,0.0246959401587393,0.0838265577847384
"Nevada",5,"2-3",4,163,"cat_elig > 0.500 & children_i > 0.500 & rawben_rel_max > 0.996 & unc_rawben_rel_max > 1.690",1,0,1,1,0,NA,NA,NA,NA,NA,NA,NA,NA,NA,NA,NA,NA,NA,NA,NA,NA,NA
"Nevada",5,"2-3",30,240,"months_since_cert_n <=  25 & shelter_expenses_by_hh_size > 499 & shelter_expenses_by_hh_size <= 679 & total_deductions_by_hh_size > 644",1,0,1,1,1,1,0.135930247508075,0.135930247508075,0.164420523172666,0.164420523172666,0.319230769230769,0.319230769230769,1,1,0.628085707567584,0.628085707567584,0.179120879120879,0.179120879120879,0.197252747252747,0.197252747252747,0.0906593406593407,0.0906593406593407
"Nevada",5,"2-3",32,144,"HH_size_n >=   3 & shelter_expenses_by_hh_size < 635 & total_deductions_by_hh_size >= 602",1,0,1,1,2,1,0.0242613267234539,0.0627837746889248,0.134120922081111,0.153955398039309,0.175,0.250478645066274,0.6,0.769072164948454,0.352970281658883,0.489839694340335,0.142857142857143,0.166964993769117,0.0288461538461538,0.111756542426646,0.0192307692307692,0.0412937577886031
"Nevada",5,"2-3",34,142,"HH_size_n >   2.500 & total_deductions_by_hh_size > 440.000 & unc_rawben_rel_max >   0.640 & unc_rawben_rel_max <=   0.996",2,0,2,1,3,1,0.0137354456365618,0.0525562641318355,0.155070324649518,0.191219893950848,0.149074074074074,0.189788962751926,0.6,0.784761904761905,0.339482216505936,0.539234914948386,0.127777777777778,0.151987820135968,0.0231481481481482,0.103447293447293,0.00648148148148148,0.0317901988272359
"Nevada",5,"2-3",38,254,"rawben_rel_max <   0.678 & total_deductions_by_hh_size >= 584.000 & utilities < 417.000",2,1,3,0.666666666666667,4,0.666666666666667,0.0489378527622642,0.082204099147569,0.157611870145504,0.21010416627413,0.198854337152209,0.257023806700032,0.8,0.860225442834138,0.511227911586856,0.678525759300849,0.167173252279635,0.209669667023969,0.0519639934533552,0.0906108093434643,0.0455927051671733,0.108076115476671
"Nevada",5,"2-3",39,137,"HH_size_n >   2.5 & shelter_expenses_by_hh_size <= 592.0 & total_deductions_by_hh_size > 522.0 & utilities >  37.5",1,0,4,0.25,5,0.25,0.0247526814259138,0.054874671300141,0.0617771815566154,0.14044401509194,0.0770491803278689,0.170449701292683,0.25,0.684281842818428,0.148889585247691,0.423134221724352,0.0385245901639345,0.130756652214027,0.0036885245901639,0.0622625999609249,0.0346604215456674,0.0583281113554111
"Nevada",5,"4+",35,342,"HH_size_n >=   5.000 & rawben_rel_max <   0.873 & shelter_expenses_by_hh_size < 486.000 & total_deductions_by_hh_size >= 286.000",1,1,1,1,0,NA,NA,NA,NA,NA,NA,NA,NA,NA,NA,NA,NA,NA,NA,NA,NA,NA
"Nevada",5,"4+",44,426,"months_since_cert_n >   4.500 & rawben_rel_max <=   0.977 & total_deductions_by_hh_size > 221.000 & utilities <= 454.000",6,3,6,1,1,1,0.0193493572822286,0.0193493572822286,0.140973157971059,0.140973157971059,0.203117467459425,0.203117467459425,0.666666666666667,0.666666666666667,0.386694664504154,0.386694664504154,0.167443355294874,0.167443355294874,0.339225453961112,0.339225453961112,0.190261931544271,0.190261931544271
"Nevada",10,"1",1,129,"total_deductions_by_hh_size > 336.000 & unc_rawben_rel_max >   0.891 & unc_rawben_rel_max <=   0.991 & utilities <=  29.500",5,3,5,1,0,NA,NA,NA,NA,NA,NA,NA,NA,NA,NA,NA,NA,NA,NA,NA,NA,NA
"Nevada",10,"1",3,107,"rawben_rel_max >   0.751 & rawben_rel_max <=   0.992 & shelter_expenses_by_hh_size > 832.000 & utilities <=  29.500",3,0,8,0.375,1,0.375,0.00867618625741169,0.00867618625741169,0.0711428518153715,0.0711428518153715,0.153809523809524,0.153809523809524,0.857142857142857,0.857142857142857,0.190546102041443,0.190546102041443,0.0928571428571429,0.0928571428571429,0.101428571428571,0.101428571428571,0.0628571428571429,0.0628571428571429
"Nevada",10,"1",5,99,"rawben_rel_max <=   0.992 & shelter_expenses_by_hh_size > 906.000 & unc_rawben_rel_max >   0.557 & utilities <=  29.500",2,0,9,0.222222222222222,2,0.222222222222222,0.00744753511476359,0.0121268021714456,0.0513635978766078,0.0743921591535049,0.015,0.0872766770941953,0.4,0.544038929440389,0.0449755276135022,0.152158912795174,0.0577380952380953,0.06299356969065,0.0483333333333333,0.0698105665623914,0.0261904761904762,0.0367561696211331
"Nevada",10,"1",10,83,"months_since_cert_n >=   8.00 & unc_rawben_rel_max >=   1.93 & utilities < 366.00",1,1,1,1,3,1,0.159457008044831,0.163012904371543,0.227108591590604,0.230016961061598,0.621428571428571,0.682658163265306,0.6,0.67,0.867654681034597,0.8713661965334,0.378571428571429,0.397345804988662,0.380952380952381,0.402391156462585,0.29047619047619,0.314092403628118
"Nevada",10,"1",11,113,"rawben_rel_max >=   0.484 & rawben_rel_max <   0.989 & shelter_expenses_by_hh_size >= 879.000 & utilities <  31.000",1,0,6,0.166666666666667,4,0.166666666666667,0.0043976708521167,0.0273043382891756,0.0346287771402852,0.095417375844425,0.0386363636363636,0.148009466328968,0,0.491543173285912,0.0352738014442193,0.21137487375992,0.0704545454545455,0.125086220833109,0.0454545454545455,0.118804763701029,0.0431818181818182,0.0860461461083868
"Nevada",10,"1",14,125,"shelter_expenses_by_hh_size > 878.000 & unc_rawben_rel_max >   0.379 & unc_rawben_rel_max <=   0.991 & utilities <=  29.500",1,1,11,0.0909090909090909,5,0.0909090909090909,0.00749708054302385,0.0290844316906914,0.0264221841881426,0.0870660598115768,0.0272727272727273,0.116784262485482,0.4,0.540853658536585,0.0406756707666358,0.18918358945623,0.0386363636363637,0.0864817271143491,0.0340909090909091,0.0870610943934115,0.00454545454545453,0.0664657243163341
"Nevada",10,"1",16,6,"cat_elig >   0.500 & medical_deductions > 602.000 & rawben_rel_max <=   0.991",1,0,1,1,6,1,0.0195279693959433,0.0373191921465781,0.145149542686234,0.15718932795206,0.566666666666667,0.671166647254091,0.833333333333333,0.916666666666667,0.567261681557586,0.652658327625294,0.166666666666667,0.222893735561897,0.0266666666666667,0.118325762428901,0.1,0.344856807990216
"Nevada",10,"1",17,30,"elderly_disabled_i >=   1.00 & rawben_rel_max >=   1.00 & unc_rawben_rel_max >=   1.52 & utilities < 313.00",4,1,5,0.8,7,0.8,0.0262757955455729,0.169615096062429,0.15337736287192,0.19314188835535,0.144194756554307,0.673676877117888,0.6,0.685972222222222,0.317058074467824,0.798428971258073,0.252434456928839,0.333502443678357,0.104119850187266,0.281366841569791,0.137453183520599,0.175716555857532
"Nevada",10,"1",18,116,"rawben_rel_max >=   0.988 & rawben_rel_max <   0.992 & total_deductions_by_hh_size >= 198.000 & utilities < 452.000",4,0,8,0.5,8,0.5,0.0194097572398011,0.0723001034190957,0.149837857224975,0.181572158533208,0.197747747747748,0.397033126121514,0.4,0.655910274077477,0.417768973658343,0.592285740633247,0.0299099099099099,0.161913015440012,0.0603603603603604,0.206828778108629,0.0225225225225225,0.105262362506528
"Nevada",10,"1",23,111,"rawben_rel_max >=   0.236 & rawben_rel_max <   1.000 & total_deductions_by_hh_size >= 511.000 & utilities < 249.000",3,0,16,0.1875,9,0.1875,0.0119104171643349,0.0600646778041452,0.0820558659723516,0.136412881980311,0.0750394944707741,0.325997128009124,0,0.514471866930883,0.209945535787753,0.437846082892483,0.0771270593545475,0.143448726928076,0.0122590837282781,0.134202564200294,0.0403972015346423,0.0911136889582096
"Nevada",10,"1",28,118,"rawben_rel_max >=   0.988 & rawben_rel_max <   1.000 & shelter_expenses_by_hh_size >= 692.000 & utilities < 580.000",1,0,8,0.125,10,0.125,0.0119429260779869,0.0553379186363826,0.0709643101919488,0.178967717932144,0.0351895519680754,0.322485580838118,0,0.465080813347237,0.0745695205465628,0.539327075426486,0.0238224801983192,0.115461782192188,0.00332547312413085,0.134310833072739,0.0278130479472761,0.0939440083438864
"Nevada",10,"1",37,73,"months_since_cert_n >=   5.00 & percent_abawd <   0.50 & unc_rawben_rel_max >=   1.82 & utilities < 366.00",1,1,2,0.5,11,0.5,0.00598303038636505,0.172016983334976,0.109376585789003,0.214679814132264,0.220833333333333,0.655573320792519,0.25,0.789822698763096,0.283266088393084,0.811421122458714,0.204166666666667,0.378693017459037,0.108333333333333,0.502625461271168,0.0476303317535545,0.0880329908010404
"Nevada",10,"1",41,102,"rawben_rel_max <=   0.998 & total_deductions_by_hh_size > 602.000 & utilities <= 272.000",3,0,14,0.214285714285714,12,0.214285714285714,0.00631717375595323,0.0506284331440876,0.0537240314832944,0.145239229577969,0.0462513561354422,0.301898503077891,0.25,0.555819209039548,0.0543800843706389,0.429621368542799,0.0489065265802547,0.150802407974731,0.0316265060240964,0.136087213656016,0.0246959401587393,0.0838265577847384
"Nevada",10,"1",46,106,"rawben_rel_max >   0.727 & rawben_rel_max <=   0.991 & shelter_expenses_by_hh_size > 413.000 & utilities <=  28.500",3,1,14,0.214285714285714,13,0.214285714285714,0.00346936427702626,0.0532457167716657,0.0871911538154933,0.163324232435613,0.0307539682539683,0.244923052071536,0,0.439812510370002,0.0383864288209702,0.456420972555599,0.0505952380952381,0.119257775463235,0.0345959595959596,0.131724622518447,0.0138888888888889,0.0677032054921182
"Nevada",10,"1",47,43,"married <=   0.500 & total_deductions_by_hh_size > 505.000 & unc_rawben_rel_max <=   0.992 & utilities <=  29.500",2,0,21,0.0952380952380952,14,0.0952380952380952,0.00196776095117643,0.0423140930195099,0.031021217474077,0.127057420123473,0.0258923894335104,0.241339032962411,0.4,0.750964653902798,0.0326461888860515,0.361244542635449,0.0509616104168226,0.123521118281671,0.0103951000690131,0.113715029092425,0.0241114561766736,0.058989751521023
"Nevada",10,"1",58,27,"elderly_disabled_i >   0.500 & total_deductions_by_hh_size > 438.000 & unc_rawben_rel_max >   0.316 & utilities <= 276.000",1,0,17,0.0588235294117647,15,0.0588235294117647,0.0375617849187777,0.0617667729401204,0.0976913740525535,0.143524771175517,0.0976270106704889,0.24649575659472,0.4,0.691901507755722,0.265840984115435,0.419457007725204,0.0373244449073833,0.105746757172428,0.0124223602484472,0.098928259275677,0.007864173740951,0.0560048301223654
"Nevada",10,"1",65,124,"shelter_expenses_by_hh_size > 504.0 & total_deductions_by_hh_size > 647.0 & utilities <=  29.5",5,1,16,0.3125,16,0.3125,0.0100087689101211,0.0538668579884986,0.0854611452514577,0.135913602785161,0.0856753865603423,0.234108694165615,0.5,0.62061894108874,0.159153207620912,0.405441982757939,0.0527407695549289,0.115720284671717,0.0271922767497989,0.111865717249176,0.0628418017301382,0.104342341526177
"Nevada",10,"1",70,126,"shelter_expenses_by_hh_size > 929.000 & total_deductions_by_hh_size > 341.000 & unc_rawben_rel_max <=   0.995 & utilities <=  29.500",1,0,11,0.0909090909090909,17,0.0909090909090909,0.00134767836615149,0.0391123428380988,0.0626853397052386,0.128080915650885,0.0367853795688848,0.22540037725811,0.25,0.617922792580327,0.0341337556653172,0.361073699186306,0.0298734770384255,0.116550898670767,0.0156982193064667,0.0999397897199995,0.0205545239162451,0.0588314906330613
"Nevada",10,"1",77,74,"months_since_cert_n >=   5.00 & total_deductions_by_hh_size < 946.00 & unc_rawben_rel_max >=   1.77 & utilities < 471.00",2,0,4,0.5,18,0.5,0.00664307808767062,0.15989494592674,0.0664077592245596,0.22442996666612,0.0650943396226415,0.577673603953419,0.25,0.77439399738462,0.0667958303054213,0.797358836173301,0.089622641509434,0.37777465773304,0.0308176100628931,0.390529158536796,0.0221698113207548,0.0619705419794232
"Nevada",10,"2-3",4,163,"cat_elig > 0.500 & children_i > 0.500 & rawben_rel_max > 0.996 & unc_rawben_rel_max > 1.690",1,0,1,1,0,NA,NA,NA,NA,NA,NA,NA,NA,NA,NA,NA,NA,NA,NA,NA,NA,NA
"Nevada",10,"2-3",30,240,"months_since_cert_n <=  25 & shelter_expenses_by_hh_size > 499 & shelter_expenses_by_hh_size <= 679 & total_deductions_by_hh_size > 644",1,0,1,1,1,1,0.135930247508075,0.135930247508075,0.164420523172666,0.164420523172666,0.319230769230769,0.319230769230769,1,1,0.628085707567584,0.628085707567584,0.179120879120879,0.179120879120879,0.197252747252747,0.197252747252747,0.0906593406593407,0.0906593406593407
"Nevada",10,"2-3",32,144,"HH_size_n >=   3 & shelter_expenses_by_hh_size < 635 & total_deductions_by_hh_size >= 602",1,0,1,1,2,1,0.0242613267234539,0.0627837746889248,0.134120922081111,0.153955398039309,0.175,0.250478645066274,0.6,0.769072164948454,0.352970281658883,0.489839694340335,0.142857142857143,0.166964993769117,0.0288461538461538,0.111756542426646,0.0192307692307692,0.0412937577886031
"Nevada",10,"2-3",34,142,"HH_size_n >   2.500 & total_deductions_by_hh_size > 440.000 & unc_rawben_rel_max >   0.640 & unc_rawben_rel_max <=   0.996",2,0,2,1,3,1,0.0137354456365618,0.0525562641318355,0.155070324649518,0.191219893950848,0.149074074074074,0.189788962751926,0.6,0.784761904761905,0.339482216505936,0.539234914948386,0.127777777777778,0.151987820135968,0.0231481481481482,0.103447293447293,0.00648148148148148,0.0317901988272359
"Nevada",10,"2-3",38,254,"rawben_rel_max <   0.678 & total_deductions_by_hh_size >= 584.000 & utilities < 417.000",2,1,3,0.666666666666667,4,0.666666666666667,0.0489378527622642,0.082204099147569,0.157611870145504,0.21010416627413,0.198854337152209,0.257023806700032,0.8,0.860225442834138,0.511227911586856,0.678525759300849,0.167173252279635,0.209669667023969,0.0519639934533552,0.0906108093434643,0.0455927051671733,0.108076115476671
"Nevada",10,"2-3",39,137,"HH_size_n >   2.5 & shelter_expenses_by_hh_size <= 592.0 & total_deductions_by_hh_size > 522.0 & utilities >  37.5",1,0,4,0.25,5,0.25,0.0247526814259138,0.054874671300141,0.0617771815566154,0.14044401509194,0.0770491803278689,0.170449701292683,0.25,0.684281842818428,0.148889585247691,0.423134221724352,0.0385245901639345,0.130756652214027,0.0036885245901639,0.0622625999609249,0.0346604215456674,0.0583281113554111
"Nevada",10,"2-3",48,138,"HH_size_n >   2.5 & total_deductions_by_hh_size > 437.0 & utilities <= 722.0",1,0,6,0.166666666666667,6,0.166666666666667,0.00967308051494314,0.04780563072396,0.0791299189503785,0.135737552021509,0.0660660660660661,0.16487117105443,0.5,0.669764957264957,0.143549596108507,0.357912722166694,0.0895895895895896,0.140432713977494,0.0186087727071334,0.0592643416677183,0.023023023023023,0.0422305301549553
"Nevada",10,"2-3",51,285,"total_deductions_by_hh_size > 524.000 & unc_rawben_rel_max <=   0.973 & utilities <= 392.000",1,0,2,0.5,7,0.5,0.0172605763771938,0.0750105487345537,0.0899248607957703,0.186009778664865,0.147001934235977,0.217697273622735,0.5,0.66446735395189,0.197238306566907,0.558289007624382,0.0971953578336557,0.131606773623286,0.0754352030947776,0.123231712947857,0.003725782414307,0.0419112297294707
"Nevada",10,"2-3",53,262,"rawben_rel_max <=   0.93 & total_deductions_by_hh_size > 519.00 & utilities <= 560.00",5,0,12,0.416666666666667,8,0.416666666666667,0.018069423978162,0.0761938767388183,0.0838196753791629,0.179665453451466,0.0855464759959142,0.185195627677434,0,0.628658875904285,0.138523052781375,0.49422791268955,0.0671603677221654,0.121517235934753,0.00824766913698305,0.078566659428729,0.0156898471505213,0.0319164779386017
"Nevada",10,"2-3",60,133,"HH_size_n <   3 & months_since_cert_n >=   3 & shelter_expenses_by_hh_size >= 706 & utilities < 347",1,0,2,0.5,9,0.5,0.0435743026061556,0.0677063030875952,0.17330851154696,0.208059594022483,0.145871985157699,0.201971057647361,0.833333333333333,0.878189792663477,0.515714545057194,0.653732206899004,0.12998712998713,0.207990985490224,0.0571428571428571,0.134395814419862,0.0125588697017269,0.0639242299394942
"Nevada",10,"2-3",61,246,"months_since_cert_n >=   6.000 & rawben_rel_max <   0.876 & total_deductions_by_hh_size >= 353.000 & utilities < 462.000",1,0,1,1,10,1,0.0326083556378216,0.0681243151519299,0.116137674964252,0.188454650890607,0.115567439096851,0.227106571472358,0.25,0.581383846356222,0.375411982953368,0.571745687195375,0.0947712418300654,0.135193913092069,0.0867013472055489,0.192130499061297,0.0764305722288915,0.124526697634154
"Nevada",10,"2-3",62,238,"months_since_cert_n <=  0.500 & total_deductions_by_hh_size > 83.500 & unc_rawben_rel_max <=  0.999 & utilities <= 22.000",1,0,1,1,11,1,0.0335868517433041,0.0750685944193441,0.202524470737011,0.258726836187567,0.129654962760298,0.267321372143329,0.25,0.638320779607643,0.658387418473325,0.74086458474314,0.146405919661734,0.18570669104843,0.305340223944875,0.428655653414416,0.0979713013359723,0.179567923964068
"Nevada",10,"2-3",68,259,"rawben_rel_max <   0.904 & total_deductions_by_hh_size >= 353.000 & utilities < 347.000",3,0,4,0.75,12,0.75,0.0161722542186397,0.0557598003837163,0.0958633944862258,0.156597270933833,0.050344462109168,0.181609574446467,0,0.44667778704476,0.169000979456688,0.46093610551766,0.0720720720720721,0.14401988232741,0.051975051975052,0.142247765513966,0.0107493857493857,0.0693722595492938
"Nevada",10,"2-3",79,264,"rawben_rel_max <=   0.996 & total_deductions_by_hh_size > 441.000 & utilities <= 451.000",3,0,18,0.166666666666667,13,0.166666666666667,0.0232379923831719,0.0486347679954728,0.0687803205110812,0.131801119927743,0.0842342342342342,0.155602853497614,0,0.371148071148071,0.170137379806252,0.354730410849937,0.0592342342342342,0.109304549394203,0.0387820512820513,0.105949945003421,0.0212585034013605,0.0727317272534068
"Nevada",10,"2-3",84,219,"married >=   1.000 & rawben_rel_max >=   0.523 & total_deductions_by_hh_size >= 154.000 & utilities <  29.000",2,0,2,1,14,1,0.0324414578675687,0.0612821822584367,0.183700135261659,0.219828398247515,NA,NA,0.6,0.658050133499235,0.569454641290638,0.683104889648937,NA,NA,NA,NA,NA,NA
"Nevada",10,"4+",35,342,"HH_size_n >=   5.000 & rawben_rel_max <   0.873 & shelter_expenses_by_hh_size < 486.000 & total_deductions_by_hh_size >= 286.000",1,1,1,1,0,NA,NA,NA,NA,NA,NA,NA,NA,NA,NA,NA,NA,NA,NA,NA,NA,NA
"Nevada",10,"4+",44,426,"months_since_cert_n >   4.500 & rawben_rel_max <=   0.977 & total_deductions_by_hh_size > 221.000 & utilities <= 454.000",6,3,6,1,1,1,0.0193493572822286,0.0193493572822286,0.140973157971059,0.140973157971059,0.203117467459425,0.203117467459425,0.666666666666667,0.666666666666667,0.386694664504154,0.386694664504154,0.167443355294874,0.167443355294874,0.339225453961112,0.339225453961112,0.190261931544271,0.190261931544271
"Nevada",10,"4+",50,412,"married >=   1 & shelter_expenses_by_hh_size < 454 & total_deductions_by_hh_size >= 232 & total_deductions_by_hh_size < 247",3,2,3,1,2,1,0.00617087048802164,0.0209581841833833,0.110288136241827,0.121363890722091,0.248172103487064,0.272661474806938,0.666666666666667,0.812233836624081,0.41125833584214,0.424090131352196,0.219769403824522,0.221483801894101,0.135204081632653,0.18779615744896,0.0663265306122449,0.131797985182166
"Nevada",10,"4+",54,468,"months_since_cert_n >=   4 & total_deductions_by_hh_size >= 217 & total_deductions_by_hh_size < 261 & utilities < 462",1,0,3,0.333333333333333,3,0.333333333333333,0.00822229693889304,0.0114656414630047,0.0689402454366479,0.095998127046911,0.108548931383577,0.148325101789127,0.4,0.548938611589214,0.148029840807852,0.253800782016738,0.0608227542985698,0.102812221084241,0.0943877551020408,0.140625453767505,0.0780170335850876,0.0895588218211106
"Nevada",10,"4+",64,536,"shelter_expenses_by_hh_size > 487 & total_deductions_by_hh_size > 245 & total_deductions_by_hh_size <= 260",1,1,1,1,4,1,0.00903760226873665,0.0242116842368038,0.11230987221742,0.168596165315511,NA,NA,0.6,0.718840579710145,0.384195202148554,0.477095743068915,NA,NA,NA,NA,NA,NA
"Nevada",10,"4+",67,493,"rawben_rel_max <   0.635 & shelter_expenses_by_hh_size >= 407.000 & shelter_expenses_by_hh_size < 424.000 & total_deductions_by_hh_size < 275.000",1,0,1,1,5,1,0.00307011834913078,0.02586591461887,0.114515419574818,0.184379988034699,NA,NA,0.6,0.788638262322473,0.324962506980918,0.518408345486677,NA,NA,NA,NA,NA,NA
"Nevada",10,"4+",73,402,"expedited_i >   0.500 & rawben_rel_max <=   0.932 & shelter_expenses_by_hh_size <= 155.000 & unc_rawben_rel_max >   0.654",1,0,1,1,6,1,0.00157807512871489,0.0202468363071262,0.207129969005369,0.227011073584901,0.201417322834646,0.253954720832922,0.666666666666667,0.870884106818771,0.582001468345852,0.651737119621359,0.148163265306122,0.163876812425953,0.0485714285714285,0.105458183077603,0.0881632653061225,0.204124008678152
"Nevada",10,"4+",75,488,"months_since_cert_n >= 5.000 & rawben_rel_max >= 0.607 & rawben_rel_max < 0.625",1,0,1,1,7,1,0.00118975468077421,0.0169981334858273,0.181979783174265,0.190494644645108,0.154950869236583,0.21611210503449,0.6,0.794576092680358,0.501819897328712,0.540141437260853,0.203703703703704,0.261921054642717,0.0318518518518519,0.0928377337788529,0.136296296296296,0.277867007353116
"Nevada",10,"4+",85,307,"HH_size_n >   4.500 & married <=   0.500 & total_deductions_by_hh_size > 223.000 & unc_rawben_rel_max <=   0.983",5,0,8,0.625,8,0.625,0.00063137105674875,0.012831542339389,0.0628838461411921,0.122026689235938,0.103070866141732,0.190779614571617,0.666666666666667,0.880214621059692,0.196931796884282,0.376541548588953,0.0787755102040816,0.14302948446531,0.0671428571428571,0.142218633440735,0.0626530612244897,0.125762873321298
"Nevada",10,"4+",92,495,"rawben_rel_max <   0.739 & total_deductions_by_hh_size >= 249.000 & total_deductions_by_hh_size < 261.000 & utilities < 580.000",1,0,2,0.5,9,0.5,0.0010588008186686,0.0137627791764703,0.070306407563986,0.127451464979347,0.0650950035186488,0.147433170562223,0.4,0.625261932479627,0.190643373932469,0.351326736153104,0.126671358198452,0.163653729570311,0.0227832512315271,0.109980435976254,0.0412707032310616,0.134616962768054
"New Hampshire",5,"1",1,129,"total_deductions_by_hh_size > 336.000 & unc_rawben_rel_max >   0.891 & unc_rawben_rel_max <=   0.991 & utilities <=  29.500",1,1,1,1,0,NA,NA,NA,NA,NA,NA,NA,NA,NA,NA,NA,NA,NA,NA,NA,NA,NA
"New Hampshire",5,"1",2,107,"rawben_rel_max >   0.751 & rawben_rel_max <=   0.992 & shelter_expenses_by_hh_size > 832.000 & utilities <=  29.500",2,1,2,1,1,1,0.00867618625741169,0.00867618625741169,0.0711428518153715,0.0711428518153715,0.153809523809524,0.153809523809524,0.857142857142857,0.857142857142857,0.190546102041443,0.190546102041443,0.0928571428571429,0.0928571428571429,0.101428571428571,0.101428571428571,0.0628571428571429,0.0628571428571429
"New Hampshire",5,"1",8,108,"rawben_rel_max >   0.987 & rawben_rel_max <=   0.991 & total_deductions_by_hh_size > 938.000",2,1,2,1,2,1,0.0259894260988373,0.0269475883047129,0.148486702923679,0.171944621042105,0.351111111111111,0.358656007415131,0.6,0.726034063260341,0.538814317810706,0.574972039114773,0.08,0.103663538408064,0.12,0.174786235662148,0.0571428571428571,0.0860479666319083
"New Hampshire",5,"1",14,88,"rawben_rel_max <   0.992 & shelter_expenses_by_hh_size >= 831.000 & unc_rawben_rel_max >=   0.270 & utilities < 277.000",5,1,7,0.714285714285714,3,0.714285714285714,0.0101077271552719,0.0202262444310442,0.112205970238994,0.147309691672305,0.0493989071038252,0.165378105965259,0.4,0.631122448979592,0.0919220241166613,0.316288114416586,0.0817720530835285,0.115311990526109,0.0343169398907104,0.0955938175426299,0.0327868852459016,0.0792740046838408
"New Hampshire",5,"1",28,98,"rawben_rel_max <=   0.991 & total_deductions_by_hh_size > 800.000 & unc_rawben_rel_max >   0.985",1,0,3,0.333333333333333,4,0.333333333333333,0.00722766042440684,0.026392133547101,0.0378416173771616,0.173852156452783,0.032034632034632,0.309865231243441,0.5,0.619469026548673,0.0379871449212542,0.532002597930634,0.023953823953824,0.118416136871817,0.0522366522366522,0.145416740198403,0.0380952380952381,0.129860954365524
"New Hampshire",5,"1",30,13,"count_divisible_by_100 <=    0.500 & shelter_expenses_by_hh_size > 1300.000 & total_deductions_by_hh_size > 1370.000 & unc_rawben_rel_max <=    0.998",5,0,6,0.833333333333333,5,0.833333333333333,0.0112053295083089,0.030240275622776,0.113685770788611,0.134451759503723,0.322681704260652,0.400238418851076,0.666666666666667,0.825093167701863,0.393726578486231,0.536492499605905,0.18546365914787,0.205736765205092,0.0146678170836928,0.0687215315984945,0.0601503759398496,0.160203590944575
"New Hampshire",5,"2-3",4,162,"cat_elig > 0.50 & months_since_cert_n > 1.50 & unc_rawben_rel_max > 1.69",1,0,1,1,0,NA,NA,NA,NA,NA,NA,NA,NA,NA,NA,NA,NA,NA,NA,NA,NA,NA
"New Hampshire",5,"2-3",15,240,"months_since_cert_n <=  25 & shelter_expenses_by_hh_size > 499 & shelter_expenses_by_hh_size <= 679 & total_deductions_by_hh_size > 644",1,0,1,1,1,1,0.139738155129162,0.139738155129162,0.186512827346145,0.186512827346145,0.326248313090418,0.326248313090418,1,1,0.652004858040542,0.652004858040542,0.176113360323887,0.176113360323887,0.167678812415655,0.167678812415655,0.133265856950068,0.133265856950068
"New Hampshire",5,"2-3",20,142,"HH_size_n >   2.500 & total_deductions_by_hh_size > 440.000 & unc_rawben_rel_max >   0.640 & unc_rawben_rel_max <=   0.996",2,0,2,1,2,1,0.025782211992904,0.0887083209999549,0.193567052591564,0.252127972171343,0.1502849002849,0.234780592749984,0.833333333333333,0.842789598108747,0.497647294318738,0.701841263126825,0.106237816764133,0.135895521673797,0.051994301994302,0.139337402122023,0.0199430199430199,0.0766651884606346
"New Hampshire",5,"2-3",21,227,"medical_deductions > 143 & total_deductions_by_hh_size > 503",2,0,2,1,3,1,0.172696682157815,0.231154030561694,0.168592732978596,0.21077470590218,0.372710622710623,0.470228930940569,0.8,0.87981220657277,0.650959068566697,0.758220766438672,0.243589743589744,0.312056776104219,0.0978835978835979,0.164865033656731,0.0701754385964912,0.101608300273979
"New Hampshire",5,"2-3",26,221,"medical_deductions >   3.500 & rawben_rel_max <=   0.998 & shelter_expenses_by_hh_size > 953.000",2,2,3,0.666666666666667,4,0.666666666666667,0.0837633698018539,0.139905840561038,0.110926046489278,0.214645816397598,0.168154761904762,0.371737750325333,0.75,0.887239583333333,0.362918410551264,0.696430834391658,0.120535714285714,0.276975303342491,0.0372023809523809,0.117611241896809,0.00148809523809523,0.067535368619867
"New Hampshire",5,"2-3",31,134,"HH_size_n <=   2.5 & medical_deductions > 179.0 & total_deductions_by_hh_size > 441.0",1,0,2,0.5,5,0.5,0.00809936593290199,0.151454965928357,0.0459505109330345,0.15934449661591,0.0357142857142857,0.32689798808678,0.333333333333333,0.720148560817085,0.0536325721776174,0.533799788416884,0.0357142857142857,0.210524268406177,0.0714285714285714,0.117487328375578,0.0238095238095238,0.0727430754140547
"New Hampshire",5,"2-3",35,207,"expedited_i >= 1.000 & months_since_cert_n < 2.000 & rawben_rel_max >= 0.649 & rawben_rel_max < 0.901",2,1,2,1,6,1,0.0780708260265916,0.164202911726189,0.21301250634973,0.313260497213777,0.277777777777778,0.369765890145867,0.833333333333333,0.969017094017094,0.754083824092167,0.858907406902343,0.178362573099415,0.316703855745269,0.204861111111111,0.283449715161507,0.0381944444444444,0.0570641492853875
"New Hampshire",5,"4+",11,514,"rawben_rel_max >=   0.366 & shelter_expenses_by_hh_size >= 472.000 & total_deductions_by_hh_size >= 236.000 & total_deductions_by_hh_size < 255.000",1,0,1,1,0,NA,NA,NA,NA,NA,NA,NA,NA,NA,NA,NA,NA,NA,NA,NA,NA,NA
"New Hampshire",5,"4+",22,342,"HH_size_n >=   5.000 & rawben_rel_max <   0.873 & shelter_expenses_by_hh_size < 486.000 & total_deductions_by_hh_size >= 286.000",3,1,3,1,1,1,0.0121134829901905,0.0121134829901905,0.173399538496818,0.173399538496818,NA,NA,0.857142857142857,0.857142857142857,0.514306959582839,0.514306959582839,NA,NA,NA,NA,NA,NA
"New Hampshire",10,"1",1,129,"total_deductions_by_hh_size > 336.000 & unc_rawben_rel_max >   0.891 & unc_rawben_rel_max <=   0.991 & utilities <=  29.500",1,1,1,1,0,NA,NA,NA,NA,NA,NA,NA,NA,NA,NA,NA,NA,NA,NA,NA,NA,NA
"New Hampshire",10,"1",2,107,"rawben_rel_max >   0.751 & rawben_rel_max <=   0.992 & shelter_expenses_by_hh_size > 832.000 & utilities <=  29.500",2,1,2,1,1,1,0.00867618625741169,0.00867618625741169,0.0711428518153715,0.0711428518153715,0.153809523809524,0.153809523809524,0.857142857142857,0.857142857142857,0.190546102041443,0.190546102041443,0.0928571428571429,0.0928571428571429,0.101428571428571,0.101428571428571,0.0628571428571429,0.0628571428571429
"New Hampshire",10,"1",8,108,"rawben_rel_max >   0.987 & rawben_rel_max <=   0.991 & total_deductions_by_hh_size > 938.000",2,1,2,1,2,1,0.0259894260988373,0.0269475883047129,0.148486702923679,0.171944621042105,0.351111111111111,0.358656007415131,0.6,0.726034063260341,0.538814317810706,0.574972039114773,0.08,0.103663538408064,0.12,0.174786235662148,0.0571428571428571,0.0860479666319083
"New Hampshire",10,"1",14,88,"rawben_rel_max <   0.992 & shelter_expenses_by_hh_size >= 831.000 & unc_rawben_rel_max >=   0.270 & utilities < 277.000",5,1,7,0.714285714285714,3,0.714285714285714,0.0101077271552719,0.0202262444310442,0.112205970238994,0.147309691672305,0.0493989071038252,0.165378105965259,0.4,0.631122448979592,0.0919220241166613,0.316288114416586,0.0817720530835285,0.115311990526109,0.0343169398907104,0.0955938175426299,0.0327868852459016,0.0792740046838408
"New Hampshire",10,"1",28,98,"rawben_rel_max <=   0.991 & total_deductions_by_hh_size > 800.000 & unc_rawben_rel_max >   0.985",1,0,3,0.333333333333333,4,0.333333333333333,0.00722766042440684,0.026392133547101,0.0378416173771616,0.173852156452783,0.032034632034632,0.309865231243441,0.5,0.619469026548673,0.0379871449212542,0.532002597930634,0.023953823953824,0.118416136871817,0.0522366522366522,0.145416740198403,0.0380952380952381,0.129860954365524
"New Hampshire",10,"1",30,13,"count_divisible_by_100 <=    0.500 & shelter_expenses_by_hh_size > 1300.000 & total_deductions_by_hh_size > 1370.000 & unc_rawben_rel_max <=    0.998",5,0,6,0.833333333333333,5,0.833333333333333,0.0112053295083089,0.030240275622776,0.113685770788611,0.134451759503723,0.322681704260652,0.400238418851076,0.666666666666667,0.825093167701863,0.393726578486231,0.536492499605905,0.18546365914787,0.205736765205092,0.0146678170836928,0.0687215315984945,0.0601503759398496,0.160203590944575
"New Hampshire",10,"1",38,110,"rawben_rel_max >=    0.236 & shelter_expenses_by_hh_size < 1680.000 & total_deductions_by_hh_size >= 1280.000 & unc_rawben_rel_max >=    2.490",2,0,2,1,6,1,0.125672329976516,0.14227796679596,0.134939071007256,0.191100958659437,0.454350161117078,0.607512634033412,0.6,0.765433161216294,0.707320675444754,0.796728821220071,0.299319727891156,0.410462222787355,0.163265306122449,0.241192393530757,0.017687074829932,0.0940922454410624
"New Hampshire",10,"1",44,62,"medical_deductions >= 117.000 & medical_deductions < 130.000 & rawben_rel_max >=   0.498",1,1,1,1,7,1,0.0510059859695593,0.0683660661653251,0.134041538327379,0.153911857460605,0.512531328320802,0.706760493622946,0.8,0.952909336941813,0.68222752944859,0.72418874755078,0.131746031746032,0.226755722291476,0.0542544886807182,0.110691792594834,0.290726817042607,0.406268699391436
"New Hampshire",10,"1",48,67,"medical_deductions >= 5.000 & medical_deductions < 9.000 & rawben_rel_max < 0.488",2,2,2,1,8,1,0.0522252575227765,0.107271454999007,0.176743906096638,0.234557309567037,NA,NA,0.5,0.841382113821138,0.673114210952354,0.815861303301574,NA,NA,NA,NA,NA,NA
"New Hampshire",10,"1",57,7,"cat_elig >=    1 & rawben_rel_max <    1 & total_deductions_by_hh_size >= 1340",1,0,6,0.166666666666667,9,0.166666666666667,0.00469897701240241,0.048165086835815,0.0342976853660575,0.131011452931859,0.0478899952584163,0.392674798452379,0.5,0.776857253986776,0.0376597924654891,0.534316921994395,0.0362731152204836,0.190318339349518,0.0231660231660232,0.0878073255223839,0.027027027027027,0.155064872083893
"New Hampshire",10,"1",69,4,"cat_elig >   0.500 & medical_deductions > 226.000 & unc_rawben_rel_max >   0.316 & unc_rawben_rel_max <=   0.991",1,0,3,0.333333333333333,10,0.333333333333333,0.0134872516908507,0.0365648805107641,0.101119352278139,0.146825070517125,0.152761904761905,0.509813854430663,0.666666666666667,0.851663272233537,0.388338996153768,0.560989055010593,0.12607650273224,0.159751996709936,0.0116491228070176,0.0751777917473405,0.0953513513513514,0.209624102540858
"New Hampshire",10,"2-3",4,162,"cat_elig > 0.50 & months_since_cert_n > 1.50 & unc_rawben_rel_max > 1.69",1,0,1,1,0,NA,NA,NA,NA,NA,NA,NA,NA,NA,NA,NA,NA,NA,NA,NA,NA,NA
"New Hampshire",10,"2-3",15,240,"months_since_cert_n <=  25 & shelter_expenses_by_hh_size > 499 & shelter_expenses_by_hh_size <= 679 & total_deductions_by_hh_size > 644",1,0,1,1,1,1,0.139738155129162,0.139738155129162,0.186512827346145,0.186512827346145,0.326248313090418,0.326248313090418,1,1,0.652004858040542,0.652004858040542,0.176113360323887,0.176113360323887,0.167678812415655,0.167678812415655,0.133265856950068,0.133265856950068
"New Hampshire",10,"2-3",20,142,"HH_size_n >   2.500 & total_deductions_by_hh_size > 440.000 & unc_rawben_rel_max >   0.640 & unc_rawben_rel_max <=   0.996",2,0,2,1,2,1,0.025782211992904,0.0887083209999549,0.193567052591564,0.252127972171343,0.1502849002849,0.234780592749984,0.833333333333333,0.842789598108747,0.497647294318738,0.701841263126825,0.106237816764133,0.135895521673797,0.051994301994302,0.139337402122023,0.0199430199430199,0.0766651884606346
"New Hampshire",10,"2-3",21,227,"medical_deductions > 143 & total_deductions_by_hh_size > 503",2,0,2,1,3,1,0.172696682157815,0.231154030561694,0.168592732978596,0.21077470590218,0.372710622710623,0.470228930940569,0.8,0.87981220657277,0.650959068566697,0.758220766438672,0.243589743589744,0.312056776104219,0.0978835978835979,0.164865033656731,0.0701754385964912,0.101608300273979
"New Hampshire",10,"2-3",26,221,"medical_deductions >   3.500 & rawben_rel_max <=   0.998 & shelter_expenses_by_hh_size > 953.000",2,2,3,0.666666666666667,4,0.666666666666667,0.0837633698018539,0.139905840561038,0.110926046489278,0.214645816397598,0.168154761904762,0.371737750325333,0.75,0.887239583333333,0.362918410551264,0.696430834391658,0.120535714285714,0.276975303342491,0.0372023809523809,0.117611241896809,0.00148809523809523,0.067535368619867
"New Hampshire",10,"2-3",31,134,"HH_size_n <=   2.5 & medical_deductions > 179.0 & total_deductions_by_hh_size > 441.0",1,0,2,0.5,5,0.5,0.00809936593290199,0.151454965928357,0.0459505109330345,0.15934449661591,0.0357142857142857,0.32689798808678,0.333333333333333,0.720148560817085,0.0536325721776174,0.533799788416884,0.0357142857142857,0.210524268406177,0.0714285714285714,0.117487328375578,0.0238095238095238,0.0727430754140547
"New Hampshire",10,"2-3",35,207,"expedited_i >= 1.000 & months_since_cert_n < 2.000 & rawben_rel_max >= 0.649 & rawben_rel_max < 0.901",2,1,2,1,6,1,0.0780708260265916,0.164202911726189,0.21301250634973,0.313260497213777,0.277777777777778,0.369765890145867,0.833333333333333,0.969017094017094,0.754083824092167,0.858907406902343,0.178362573099415,0.316703855745269,0.204861111111111,0.283449715161507,0.0381944444444444,0.0570641492853875
"New Hampshire",10,"2-3",41,139,"HH_size_n >   2.5 & total_deductions_by_hh_size > 516.0",1,1,2,0.5,7,0.5,0.0468196771367682,0.142717514707647,0.125058587167292,0.20658537592821,0.0603345280764635,0.334607023114173,0.5,0.789048531289911,0.26636940361783,0.679043512256926,0.0919952210274791,0.205523233993281,0.0196443341604632,0.102843525910457,0.0137395459976105,0.0927873335217387
"New Hampshire",10,"2-3",52,147,"HH_size_n >=   3.000 & months_since_cert_n <   7.000 & total_deductions_by_hh_size >= 432.000 & unc_rawben_rel_max <   0.997",2,1,6,0.333333333333333,8,0.333333333333333,0.0118757709465063,0.110068213984529,0.111400652816135,0.222514676078598,0.0897745571658615,0.327085109838597,0.4,0.735065605189444,0.145011158582195,0.645060128692017,0.0978260869565217,0.204408501535116,0.0475040257648953,0.128927401348536,0.00549322113136979,0.0733638223514978
"New Hampshire",10,"2-3",56,238,"months_since_cert_n <=  0.500 & total_deductions_by_hh_size > 83.500 & unc_rawben_rel_max <=  0.999 & utilities <= 22.000",1,0,1,1,9,1,0.027875852402794,0.128456446359687,0.151887483932097,0.29378655648829,0.289405684754522,0.422775915400437,0.4,0.751613892979872,0.546734562888975,0.815008820163283,0.133006935944512,0.250860178398975,0.0923772609819121,0.33070445983386,0.0553709856035438,0.128730230477132
"New Hampshire",10,"2-3",61,202,"expedited_i <=   0.500 & medical_deductions > 128.000 & rawben_rel_max >   0.803 & unc_rawben_rel_max >   0.324",1,0,3,0.333333333333333,10,0.333333333333333,0.0384430952195694,0.130191287029669,0.131286098762606,0.208747704065439,0.108630952380952,0.391979956104432,0.8,0.908605919003115,0.336701968430135,0.669327515806983,0.0662202380952381,0.248069265844468,0.078125,0.149548895380237,0.0287063953488372,0.140050657380604
"New Hampshire",10,"2-3",74,149,"HH_size_n >=   3.000 & rawben_rel_max >=   0.705 & total_deductions_by_hh_size >= 347.000 & utilities >= 361.000",2,0,4,0.5,11,0.5,0.0201412081121078,0.112606873589373,0.121956286438409,0.215977721229792,0.0925925925925926,0.297686883211695,0.5,0.779666866746699,0.239778072944487,0.61812120683976,0.0887786049076372,0.204261488839118,0.0213675213675214,0.127174162129432,0.00885225885225886,0.0748298857625759
"New Hampshire",10,"2-3",90,223,"medical_deductions > 131.000 & rawben_rel_max >   0.148 & unc_rawben_rel_max >   0.494",1,0,6,0.166666666666667,12,0.166666666666667,0.028780280153493,0.142019693193326,0.0868172121945227,0.198940938427483,0.0625,0.354775271382421,0.25,0.826681096681097,0.157461553684262,0.627438158571524,0.0472470238095238,0.223083082648797,0.0390625,0.126333145357153,0.0174278846153846,0.0688469690787717
"New Hampshire",10,"4+",11,514,"rawben_rel_max >=   0.366 & shelter_expenses_by_hh_size >= 472.000 & total_deductions_by_hh_size >= 236.000 & total_deductions_by_hh_size < 255.000",1,0,1,1,0,NA,NA,NA,NA,NA,NA,NA,NA,NA,NA,NA,NA,NA,NA,NA,NA,NA
"New Hampshire",10,"4+",22,342,"HH_size_n >=   5.000 & rawben_rel_max <   0.873 & shelter_expenses_by_hh_size < 486.000 & total_deductions_by_hh_size >= 286.000",3,1,3,1,1,1,0.0121134829901905,0.0121134829901905,0.173399538496818,0.173399538496818,NA,NA,0.857142857142857,0.857142857142857,0.514306959582839,0.514306959582839,NA,NA,NA,NA,NA,NA
"New Hampshire",10,"4+",32,313,"HH_size_n >   4.500 & rawben_rel_max >   0.478 & total_deductions_by_hh_size > 233.000 & unc_rawben_rel_max <=   0.997",4,0,5,0.8,2,0.8,0.0143553042056126,0.0188320261802482,0.118972832984102,0.12465444781047,0.130055658627087,0.130055658627087,0.666666666666667,0.666666666666667,0.212252664411862,0.264460140003225,0.130241187384044,0.130241187384044,0.0777365491651206,0.0777365491651206,0.0172541743970316,0.0172541743970316
"New Hampshire",10,"4+",36,309,"HH_size_n >   4.500 & months_since_cert_n >   4.500 & rawben_rel_max <=   0.988 & total_deductions_by_hh_size > 206.000",2,1,2,1,3,1,0.0033369582598926,0.0103230324880492,0.0890500505204814,0.110696534270112,0.108005427408412,0.123271346352868,0.4,0.630414746543779,0.147621452313941,0.227096280928158,0.14498933901919,0.163132389998062,0.151017639077341,0.172086423430504,0.0281754492841912,0.0308803545258121
"New Hampshire",10,"4+",50,340,"HH_size_n >=   5.00 & months_since_cert_n >=   2.00 & total_deductions_by_hh_size >= 245.00 & unc_rawben_rel_max <   1.01",1,1,5,0.2,4,0.2,0.000391563911831941,0.00560449739774345,0.055376164064322,0.0766173509934994,0.0531860662701784,0.0723376255385492,0.4,0.46984126984127,0.0513218202023156,0.113376791206147,0.0751911639762107,0.103879101822142,0.0201359388275276,0.0983581148429122,0.00648483692542438,0.0193794261940165
"New Hampshire",10,"4+",54,351,"cat_elig >   0.5 & HH_size_n >   5.5 & total_deductions_by_hh_size > 180.0 & utilities > 821.0",7,1,9,0.777777777777778,5,0.777777777777778,0.00424734264940779,0.0288193276425462,0.137170948442811,0.143755122741004,NA,NA,0.666666666666667,0.677442357974804,0.35327836448862,0.389310048784803,NA,NA,NA,NA,NA,NA
"New Hampshire",10,"4+",77,307,"HH_size_n >   4.500 & married <=   0.500 & total_deductions_by_hh_size > 223.000 & unc_rawben_rel_max <=   0.983",1,1,5,0.2,6,0.2,0.00511007229813886,0.00877983890535351,0.0441091358820673,0.0660346820251221,0.0698507462686567,0.0815366361284491,0.4,0.546556719411634,0.092959720576807,0.149998689744129,0.064392523364486,0.0894868908108926,0.0518181818181818,0.0875544429306327,0.0395522388059701,0.0538928656872506
"New Hampshire",10,"4+",82,396,"expedited_i <=   0.500 & months_since_cert_n >   4.500 & total_deductions_by_hh_size > 219.000 & unc_rawben_rel_max <=   0.988",1,0,3,0.333333333333333,7,0.333333333333333,0.0191609623911063,0.0265338283888414,0.0439860231521369,0.087175750650949,0.0913674868898749,0.133291871749114,0.4,0.645497287522604,0.148059068311436,0.259884966480394,0.0540540540540541,0.125751186818448,0.0276321097216619,0.138971469916985,0.0532432432432432,0.0809195052164911
"New Jersey",5,"1",24,69,"months_since_cert_n >   2.50 & total_deductions_by_hh_size <= 919.00 & unc_rawben_rel_max >   1.93 & unc_rawben_rel_max <=   2.23",6,0,6,1,0,NA,NA,NA,NA,NA,NA,NA,NA,NA,NA,NA,NA,NA,NA,NA,NA,NA
"New Jersey",5,"1",35,8,"cat_elig >=    1.00 & shelter_expenses_by_hh_size < 1720.00 & unc_rawben_rel_max >=    2.49 & utilities <  875.00",1,0,1,1,1,1,0.100200904976424,0.100200904976424,0.0886748531544378,0.0886748531544378,0.174166666666667,0.174166666666667,0.857142857142857,0.857142857142857,0.549653844495978,0.549653844495978,0.185833333333333,0.185833333333333,0.16875,0.16875,0.117083333333333,0.117083333333333
"New Jersey",5,"1",37,102,"rawben_rel_max <=   0.998 & total_deductions_by_hh_size > 602.000 & utilities <= 272.000",2,0,2,1,2,1,0.152703716197597,0.195739946993928,0.227086588728672,0.229813621831522,0.497991967871486,0.569975213353414,0.833333333333333,0.932291666666667,0.846860245776006,0.870166341488697,0.313253012048193,0.33867218875502,0.207630522088353,0.307825834588353,0.0589558232931727,0.105323167670683
"New Jersey",5,"2-3",2,163,"cat_elig > 0.500 & children_i > 0.500 & rawben_rel_max > 0.996 & unc_rawben_rel_max > 1.690",1,0,1,1,0,NA,NA,NA,NA,NA,NA,NA,NA,NA,NA,NA,NA,NA,NA,NA,NA,NA
"New Jersey",5,"2-3",30,227,"medical_deductions > 143 & total_deductions_by_hh_size > 503",5,0,5,1,1,1,0.299440631673698,0.299440631673698,0.245615960889343,0.245615960889343,0.542857142857143,0.542857142857143,1,1,0.861143315907228,0.861143315907228,0.326190476190476,0.326190476190476,0.295238095238095,0.295238095238095,0.0523809523809524,0.0523809523809524
"New Jersey",5,"2-3",33,221,"medical_deductions >   3.500 & rawben_rel_max <=   0.998 & shelter_expenses_by_hh_size > 953.000",2,1,3,0.666666666666667,2,0.666666666666667,0.0837633698018539,0.127572004449922,0.110926046489278,0.160956488853199,0.168154761904762,0.273194176319176,0.75,0.819256756756757,0.362918410551264,0.518346764509333,0.120535714285714,0.183361486486486,0.0372023809523809,0.109509732947233,0.00148809523809523,0.0151745495495495
"New Jersey",5,"4+",5,482,"months_since_cert_n >=  11 & total_deductions_by_hh_size >= 228 & total_deductions_by_hh_size < 261",1,1,1,1,0,NA,NA,NA,NA,NA,NA,NA,NA,NA,NA,NA,NA,NA,NA,NA,NA,NA
"New Jersey",5,"4+",13,364,"count_divisible_by_100 >   0.500 & months_since_cert_n >   5.500 & rawben_rel_max <=   0.947 & total_deductions_by_hh_size > 218.000",1,0,1,1,1,1,0.00331209351159279,0.00331209351159279,0.090732829287836,0.090732829287836,0.338768115942029,0.338768115942029,0.6,0.6,0.340056431945474,0.340056431945474,0.232789855072464,0.232789855072464,0.283514492753623,0.283514492753623,0.103260869565217,0.103260869565217
"New Jersey",5,"4+",16,514,"rawben_rel_max >=   0.366 & shelter_expenses_by_hh_size >= 472.000 & total_deductions_by_hh_size >= 236.000 & total_deductions_by_hh_size < 255.000",2,0,2,1,2,1,0.00733767660661465,0.0088963088473642,0.108088695290834,0.121537255427799,NA,NA,0.6,0.736134453781513,0.248404585757045,0.264016557094403,NA,NA,NA,NA,NA,NA
"New Jersey",5,"4+",19,311,"HH_size_n >   4.500 & months_since_cert_n >   5.500 & total_deductions_by_hh_size > 231.000 & unc_rawben_rel_max <=   0.998",3,0,4,0.75,3,0.75,0.012388305531486,0.0166835693301476,0.053382079096086,0.110532244077827,0.147401908801697,0.210508805855322,0.6,0.698679471788716,0.243924371533993,0.346923851817891,0.116648992576882,0.124643919073462,0.113313008130081,0.143430436861913,0.0556733828207847,0.0710810305033997
"New Jersey",5,"4+",25,303,"HH_size_n >   4.5 & medical_deductions <= 157.0 & total_deductions_by_hh_size > 362.0",2,0,3,0.666666666666667,4,0.666666666666667,0.00318700082167901,0.0115864547606622,0.149385502943924,0.163198756781481,NA,NA,0.6,0.723520249221184,0.339787152601294,0.386715076688787,NA,NA,NA,NA,NA,NA
"New Jersey",5,"4+",38,439,"months_since_cert_n >   5.500 & rawben_rel_max <=   0.997 & shelter_expenses_by_hh_size <= 494.000 & total_deductions_by_hh_size > 227.000",5,2,8,0.625,5,0.625,0.0196049122724054,0.0302201288844708,0.071475752845509,0.119449871294114,0.0933727519093373,0.131216578415235,0.4,0.654324586977648,0.151828676919926,0.308480980775804,0.0693520571569352,0.10073412932197,0.0700757575757576,0.131033440330012,0.0463168268046317,0.0487520723911675
"New Jersey",10,"1",24,69,"months_since_cert_n >   2.50 & total_deductions_by_hh_size <= 919.00 & unc_rawben_rel_max >   1.93 & unc_rawben_rel_max <=   2.23",6,0,6,1,0,NA,NA,NA,NA,NA,NA,NA,NA,NA,NA,NA,NA,NA,NA,NA,NA,NA
"New Jersey",10,"1",35,8,"cat_elig >=    1.00 & shelter_expenses_by_hh_size < 1720.00 & unc_rawben_rel_max >=    2.49 & utilities <  875.00",1,0,1,1,1,1,0.100200904976424,0.100200904976424,0.0886748531544378,0.0886748531544378,0.174166666666667,0.174166666666667,0.857142857142857,0.857142857142857,0.549653844495978,0.549653844495978,0.185833333333333,0.185833333333333,0.16875,0.16875,0.117083333333333,0.117083333333333
"New Jersey",10,"1",37,102,"rawben_rel_max <=   0.998 & total_deductions_by_hh_size > 602.000 & utilities <= 272.000",2,0,2,1,2,1,0.152703716197597,0.195739946993928,0.227086588728672,0.229813621831522,0.497991967871486,0.569975213353414,0.833333333333333,0.932291666666667,0.846860245776006,0.870166341488697,0.313253012048193,0.33867218875502,0.207630522088353,0.307825834588353,0.0589558232931727,0.105323167670683
"New Jersey",10,"1",42,13,"count_divisible_by_100 <=    0.500 & shelter_expenses_by_hh_size > 1300.000 & total_deductions_by_hh_size > 1370.000 & unc_rawben_rel_max <=    0.998",5,2,5,1,3,1,0.0387317423749585,0.129882460150485,0.136274416605642,0.160507335211781,0.222997252166561,0.376469544600921,0.833333333333333,0.874988166240651,0.517402131280355,0.662343350840782,0.126188966391883,0.211359019839954,0.0296977383217079,0.178081143239905,0.0455043859649122,0.0904641102864949
"New Jersey",10,"1",47,95,"rawben_rel_max <=    0.998 & shelter_expenses_by_hh_size > 2260.000",3,0,5,0.6,4,0.6,0.0254940770656681,0.111600698953323,0.0649896069935384,0.154707691645148,0.2354272778721,0.35832970746382,0.75,0.865625,0.282530206682024,0.631223831121106,0.118279569892473,0.190696454081365,0.0682083171395259,0.162762127180774,0.0856854838709678,0.163063246308779
"New Jersey",10,"1",58,123,"shelter_expenses_by_hh_size > 2070.000 & unc_rawben_rel_max <=    0.991",1,0,7,0.142857142857143,5,0.142857142857143,0.012755193915388,0.103497667901235,0.0332440700673684,0.134227090167182,0.0934139784946237,0.320353607487217,0.5,0.857076205287714,0.111962328914721,0.57349112538201,0.073252688172043,0.191184994329397,0.0477150537634409,0.13820087533143,0.0441666666666667,0.0742862749744512
"New Jersey",10,"1",69,124,"shelter_expenses_by_hh_size > 504.0 & total_deductions_by_hh_size > 647.0 & utilities <=  29.5",1,0,2,0.5,6,0.5,0.0503756780171859,0.0922348286299917,0.0854611452514577,0.138825622306155,0.132210256957032,0.285302110249439,0.5,0.711209640745794,0.29804545163089,0.536588236378677,0.0680243096278921,0.208810020014606,0.0484882005899705,0.137004585825048,0.0442477876106194,0.0781459561647231
"New Jersey",10,"2-3",2,163,"cat_elig > 0.500 & children_i > 0.500 & rawben_rel_max > 0.996 & unc_rawben_rel_max > 1.690",1,0,1,1,0,NA,NA,NA,NA,NA,NA,NA,NA,NA,NA,NA,NA,NA,NA,NA,NA,NA
"New Jersey",10,"2-3",30,227,"medical_deductions > 143 & total_deductions_by_hh_size > 503",5,0,5,1,1,1,0.299440631673698,0.299440631673698,0.245615960889343,0.245615960889343,0.542857142857143,0.542857142857143,1,1,0.861143315907228,0.861143315907228,0.326190476190476,0.326190476190476,0.295238095238095,0.295238095238095,0.0523809523809524,0.0523809523809524
"New Jersey",10,"2-3",33,221,"medical_deductions >   3.500 & rawben_rel_max <=   0.998 & shelter_expenses_by_hh_size > 953.000",2,1,3,0.666666666666667,2,0.666666666666667,0.0837633698018539,0.127572004449922,0.110926046489278,0.160956488853199,0.168154761904762,0.273194176319176,0.75,0.819256756756757,0.362918410551264,0.518346764509333,0.120535714285714,0.183361486486486,0.0372023809523809,0.109509732947233,0.00148809523809523,0.0151745495495495
"New Jersey",10,"2-3",41,146,"HH_size_n >=   3 & shelter_expenses_by_hh_size < 700 & total_deductions_by_hh_size >= 510",2,0,2,1,3,1,0.0919021187371592,0.175447671287192,0.185136033535191,0.234106600972247,0.303571428571429,0.450861026228673,0.75,0.856951871657754,0.620223100816363,0.788155364011913,0.1,0.277076967150497,0.075,0.119483702571938,0.0803571428571428,0.120943149987268
"New Jersey",10,"2-3",53,135,"HH_size_n >   2.5 & medical_deductions > 131.0 & months_since_cert_n <=   7.5 & shelter_expenses_by_hh_size > 298.0",2,0,2,1,4,1,0.0581653063632449,0.128974277117703,0.200996454500965,0.22927608654774,NA,NA,0.6,0.812937062937063,0.667598501534233,0.734908338525552,NA,NA,NA,NA,NA,NA
"New Jersey",10,"2-3",54,139,"HH_size_n >   2.5 & total_deductions_by_hh_size > 516.0",1,0,3,0.333333333333333,5,0.333333333333333,0.00378702479605561,0.117259078740764,0.0434651208215288,0.160067210775669,0.0403225806451613,0.291332759981954,0.333333333333333,0.661041666666667,0.030117445011117,0.516365119936356,0.0439516129032258,0.182729266701041,0.0245967741935483,0.0800060154898864,0.0106182795698925,0.0758110505086311
"New Jersey",10,"2-3",63,164,"cat_elig > 0.500 & percent_abawd > 0.125 & unc_rawben_rel_max > 0.673 & unc_rawben_rel_max <= 0.710",2,1,2,1,6,1,0.0706060219347593,0.140035246830052,0.23148554593603,0.24803635051192,0.3,0.412759103641457,0.666666666666667,0.969219219219219,0.767418566875311,0.818826231012168,0.367488931056293,0.462469384095101,0.0992647058823529,0.172566099610576,0.0294117647058824,0.0825106323017012
"New Jersey",10,"2-3",65,191,"elderly_disabled_i >=   1.00 & shelter_expenses_by_hh_size < 680.00 & unc_rawben_rel_max >=   1.34",2,0,2,1,7,1,0.0322356954122914,0.131162325572598,0.157375233804481,0.227401331713376,0.29047619047619,0.459522488482572,0.8,0.930197682344922,0.44709712200105,0.751488329054426,0.0847222222222223,0.189093817013985,0.0434587813620072,0.0924028585793292,0.0714285714285714,0.131241535075569
"New Jersey",10,"2-3",74,183,"elderly_disabled_i >    0.50 & shelter_expenses_by_hh_size <= 1150.00 & unc_rawben_rel_max >    1.39",1,1,4,0.25,8,0.25,0.0147802284514742,0.114378302110916,0.0419586005706874,0.182716786165643,0.0722222222222222,0.345250295274805,0,0.734841141626279,0.10442484456809,0.59549971643927,0.0361111111111111,0.146418885217905,0.0311827956989247,0.0857713455752671,0.0222222222222222,0.124298971725442
"New Jersey",10,"4+",5,482,"months_since_cert_n >=  11 & total_deductions_by_hh_size >= 228 & total_deductions_by_hh_size < 261",1,1,1,1,0,NA,NA,NA,NA,NA,NA,NA,NA,NA,NA,NA,NA,NA,NA,NA,NA,NA
"New Jersey",10,"4+",13,364,"count_divisible_by_100 >   0.500 & months_since_cert_n >   5.500 & rawben_rel_max <=   0.947 & total_deductions_by_hh_size > 218.000",1,0,1,1,1,1,0.00331209351159279,0.00331209351159279,0.090732829287836,0.090732829287836,0.338768115942029,0.338768115942029,0.6,0.6,0.340056431945474,0.340056431945474,0.232789855072464,0.232789855072464,0.283514492753623,0.283514492753623,0.103260869565217,0.103260869565217
"New Jersey",10,"4+",16,514,"rawben_rel_max >=   0.366 & shelter_expenses_by_hh_size >= 472.000 & total_deductions_by_hh_size >= 236.000 & total_deductions_by_hh_size < 255.000",2,0,2,1,2,1,0.00733767660661465,0.0088963088473642,0.108088695290834,0.121537255427799,NA,NA,0.6,0.736134453781513,0.248404585757045,0.264016557094403,NA,NA,NA,NA,NA,NA
"New Jersey",10,"4+",19,311,"HH_size_n >   4.500 & months_since_cert_n >   5.500 & total_deductions_by_hh_size > 231.000 & unc_rawben_rel_max <=   0.998",3,0,4,0.75,3,0.75,0.012388305531486,0.0166835693301476,0.053382079096086,0.110532244077827,0.147401908801697,0.210508805855322,0.6,0.698679471788716,0.243924371533993,0.346923851817891,0.116648992576882,0.124643919073462,0.113313008130081,0.143430436861913,0.0556733828207847,0.0710810305033997
"New Jersey",10,"4+",25,303,"HH_size_n >   4.5 & medical_deductions <= 157.0 & total_deductions_by_hh_size > 362.0",2,0,3,0.666666666666667,4,0.666666666666667,0.00318700082167901,0.0115864547606622,0.149385502943924,0.163198756781481,NA,NA,0.6,0.723520249221184,0.339787152601294,0.386715076688787,NA,NA,NA,NA,NA,NA
"New Jersey",10,"4+",38,439,"months_since_cert_n >   5.500 & rawben_rel_max <=   0.997 & shelter_expenses_by_hh_size <= 494.000 & total_deductions_by_hh_size > 227.000",5,2,8,0.625,5,0.625,0.0196049122724054,0.0302201288844708,0.071475752845509,0.119449871294114,0.0933727519093373,0.131216578415235,0.4,0.654324586977648,0.151828676919926,0.308480980775804,0.0693520571569352,0.10073412932197,0.0700757575757576,0.131033440330012,0.0463168268046317,0.0487520723911675
"New Jersey",10,"4+",39,477,"months_since_cert_n >=   8.000 & rawben_rel_max <   0.965 & total_deductions_by_hh_size >= 178.000 & unc_rawben_rel_max >=   0.793",3,1,4,0.75,6,0.75,0.00494263925380711,0.0190718459599998,0.112747737897807,0.131557663590396,0.111111111111111,0.138534443301264,0.4,0.51206748886605,0.296052947041791,0.330839759876023,0.124098124098124,0.133377734144883,0.0792748917748918,0.139579123638966,0.0266955266955267,0.0400200242461691
"New Jersey",10,"4+",61,413,"married >=   1.000 & months_since_cert_n >=   7.000 & shelter_expenses_by_hh_size >= 336.000 & unc_rawben_rel_max >=   0.282",2,0,6,0.333333333333333,7,0.333333333333333,0.00332736332946179,0.0148260969892313,0.100735751886018,0.116834068851341,0.110576923076923,0.147388819758336,0.666666666666667,0.827995504986655,0.254402735037569,0.29140964426133,0.142773892773893,0.159889951054218,0.126248751248751,0.174150795370256,0.0166510318949343,0.0532907908206105
"New Jersey",10,"4+",67,320,"HH_size_n >   5.5 & months_since_cert_n >   4.5 & shelter_expenses_by_hh_size > 347.0 & utilities > 390.0",1,0,2,0.5,8,0.5,0.00122694187205231,0.0235856647502474,0.0982848123770432,0.137270770853913,0.129962779156328,0.198530994944674,0.666666666666667,0.794869647741864,0.234655795502632,0.395411472472338,0.189205955334988,0.225830902540997,0.0499606608969316,0.120019281556591,0.0161290322580645,0.0314761556498804
"New Jersey",10,"4+",70,433,"months_since_cert_n >   5.5 & total_deductions_by_hh_size > 215.0 & total_deductions_by_hh_size <= 251.0",3,0,5,0.6,9,0.6,0.00395157691835637,0.0137173271358979,0.0644882253583867,0.0963670552437144,0.0412531017369727,0.102739152091417,0,0.639072847682119,0.161636346022325,0.222993053287417,0.0717660475724992,0.121695919266038,0.0210166177908114,0.0862681560775177,0.0389784946236559,0.0830181372236049
"New Jersey",10,"4+",82,310,"HH_size_n >   4.500 & months_since_cert_n >   5.500 & rawben_rel_max <=   0.997 & shelter_expenses_by_hh_size > 263.000",2,1,11,0.181818181818182,10,0.181818181818182,0.00567199445353575,0.0137335142316374,0.0578764426607306,0.088243227636539,0.061770761839396,0.105864810887411,0.4,0.700340752242926,0.14437167475633,0.228647027753749,0.0619423472889499,0.102222877235651,0.0204169353105524,0.0717589061198213,0.0094371997254633,0.0660720871668355
"New Mexico",5,"1",1,129,"total_deductions_by_hh_size > 336.000 & unc_rawben_rel_max >   0.891 & unc_rawben_rel_max <=   0.991 & utilities <=  29.500",2,1,2,1,0,NA,NA,NA,NA,NA,NA,NA,NA,NA,NA,NA,NA,NA,NA,NA,NA,NA
"New Mexico",5,"1",2,107,"rawben_rel_max >   0.751 & rawben_rel_max <=   0.992 & shelter_expenses_by_hh_size > 832.000 & utilities <=  29.500",2,2,4,0.5,1,0.5,0.00867618625741169,0.00867618625741169,0.0711428518153715,0.0711428518153715,0.153809523809524,0.153809523809524,0.857142857142857,0.857142857142857,0.190546102041443,0.190546102041443,0.0928571428571429,0.0928571428571429,0.101428571428571,0.101428571428571,0.0628571428571429,0.0628571428571429
"New Mexico",5,"1",8,82,"months_since_cert_n >=   8.00 & shelter_expenses_by_hh_size < 648.00 & unc_rawben_rel_max >=   1.82 & utilities < 493.00",1,1,1,1,2,1,0.157159430724472,0.158915743628645,0.230034241540643,0.238715482478716,0.548701298701299,0.596538060479666,0.666666666666667,0.754257907542579,0.852866354861895,0.868231017505936,0.390692640692641,0.398735109173065,0.441558441558442,0.468711726229974,0.16017316017316,0.189078269662211
"New Mexico",5,"1",11,113,"rawben_rel_max >=   0.484 & rawben_rel_max <   0.989 & shelter_expenses_by_hh_size >= 879.000 & utilities <  31.000",1,1,3,0.333333333333333,3,0.333333333333333,0.0043976708521167,0.0442460810211428,0.0772573276695439,0.133258927477869,0.045,0.210600860963989,0,0.555466879489226,0.0516830101630066,0.326191217994051,0.104437229437229,0.171425548380856,0.0804545454545455,0.177751698952816,0.0454545454545455,0.0868461147790757
"New Mexico",5,"1",14,16,"count_divisible_by_100 <=   0.50 & months_since_cert_n >   3.50 & total_deductions_by_hh_size <= 810.00 & unc_rawben_rel_max >   1.93",1,0,1,1,4,1,0.0520469362651007,0.179133309688023,0.104942974151611,0.223255749489093,0.204545454545454,0.6260478306155,0.666666666666667,0.907626208378088,0.40212500461597,0.824139716813612,0.121212121212121,0.38821225140774,0.106060606060606,0.315025713634736,0.106060606060606,0.242347101520034
"New Mexico",5,"1",19,38,"expedited_i <=   0.50 & total_deductions_by_hh_size <= 920.00 & unc_rawben_rel_max >   1.93 & utilities <= 684.00",2,2,3,0.666666666666667,5,0.666666666666667,0.0152014534120108,0.149177315829098,0.0489120992506234,0.171677031269059,0.0683364254792826,0.458975384058582,0.666666666666667,0.747835497835498,0.113010116777668,0.641371220952661,0.111626468769326,0.28555639301175,0.0538033395176252,0.227224394923259,0.0185528756957328,0.174397593748243
"New Mexico",5,"1",20,116,"rawben_rel_max >=   0.988 & rawben_rel_max <   0.992 & total_deductions_by_hh_size >= 198.000 & utilities < 452.000",3,1,5,0.6,6,0.6,0.0231177093312284,0.133358495437615,0.149837857224975,0.192643075045933,0.201801801801802,0.498361779484228,0.4,0.711426599625357,0.417768973658343,0.68657325162401,0.0299099099099099,0.25337935562869,0.0803603603603604,0.30258098295809,0.0225225225225225,0.144641605386947
"New Mexico",5,"1",25,54,"medical_deductions > 200.000 & rawben_rel_max >   0.473 & rawben_rel_max <=   0.991 & utilities <= 392.000",1,1,1,1,7,1,0.0140388388750057,0.096573738387642,0.104855898941063,0.17842913769485,0.588336192109777,0.653976932829526,0.4,0.651550895587593,0.486645912641334,0.708826416876522,0.160462349141594,0.280702671157121,0.0568553459119497,0.233399393710789,0.062187139006546,0.210108912052457
"New Mexico",5,"1",26,12,"count_divisible_by_100 <   1.00 & months_since_cert_n >=   7.00 & unc_rawben_rel_max >=   1.63 & utilities < 353.00",1,0,2,0.5,8,0.5,0.0261649418743417,0.132264905662764,0.104029943049109,0.185930388345469,0.227272727272727,0.548792660792293,0.4,0.723679239137516,0.306579367538163,0.721514344729221,0.107655502392344,0.31676418521888,0.0279106858054226,0.296098508592504,0.0676691729323309,0.133818459809235
"New Mexico",5,"1",44,32,"elderly_disabled_i >=   1.00 & total_deductions_by_hh_size < 914.00 & unc_rawben_rel_max >=   1.57 & utilities < 462.00",7,0,9,0.777777777777778,9,0.777777777777778,0.00744758227893731,0.125878639469153,0.110223062416869,0.172435923953658,0.0390417036379769,0.434754760506641,0.4,0.71338231292517,0.123858223674764,0.586199870158567,0.152032749858837,0.265441545952588,0.0350488021295474,0.216795448051642,0.00621118012422365,0.155654385304928
"New Mexico",5,"1",53,31,"elderly_disabled_i >=   1.00 & shelter_expenses_by_hh_size < 860.00 & unc_rawben_rel_max >=   1.45 & utilities < 462.00",2,1,11,0.181818181818182,10,0.181818181818182,0.00739572398907092,0.094962087166534,0.027223921401967,0.148516436755212,0.0137984899765686,0.341718973058299,0.4,0.6752397631557,0.037410248677201,0.473143940479938,0.0136125264997954,0.208052589404417,0.0176665302934504,0.169335047386717,0.011242820481486,0.117907868888979
"New Mexico",5,"1",54,8,"cat_elig >=    1.00 & shelter_expenses_by_hh_size < 1720.00 & unc_rawben_rel_max >=    2.49 & utilities <  875.00",1,0,1,1,11,1,0.0352808888328027,0.103602502861798,0.0764175491445149,0.17053288080931,0.133877551020408,0.317759633432563,0.4,0.668657706985233,0.513078737809656,0.67557139848626,0.116363636363636,0.273260841634176,0.0722554890219561,0.158469525950214,0.0656140350877193,0.134191019597727
"New Mexico",5,"2-3",5,188,"elderly_disabled_i > 0.500 & married <= 0.500 & rawben_rel_max > 0.996 & unc_rawben_rel_max > 1.550",1,0,1,1,0,NA,NA,NA,NA,NA,NA,NA,NA,NA,NA,NA,NA,NA,NA,NA,NA,NA
"New Mexico",5,"2-3",24,190,"elderly_disabled_i >=   1.00 & shelter_expenses_by_hh_size < 455.00 & unc_rawben_rel_max >=   1.25 & utilities < 447.00",2,1,2,1,1,1,0.12528836508526,0.12528836508526,0.160405086785917,0.160405086785917,NA,NA,0.666666666666667,0.666666666666667,0.562815710045619,0.562815710045619,NA,NA,NA,NA,NA,NA
"New Mexico",5,"2-3",29,248,"months_since_cert_n >=  14 & total_deductions_by_hh_size >= 245",3,1,3,1,2,1,0.0921720012029235,0.161168283689065,0.233997803053098,0.258087373828504,0.452380952380952,0.452380952380952,1,1,0.778885312148993,0.77906263201265,0.178571428571429,0.178571428571429,0.303571428571429,0.303571428571429,0.148809523809524,0.148809523809524
"New Mexico",5,"2-3",40,181,"elderly_disabled_i <=  0.500 & months_since_cert_n > 13.500 & percent_abawd <=  0.583 & rawben_rel_max <=  0.971",3,1,4,0.75,3,0.75,0.0458751144606156,0.0643161135109968,0.22268453883907,0.243799709601097,0.147321428571429,0.189028314028314,0.8,0.834526315789474,0.516055266516852,0.581355264796198,0.126488095238095,0.131957850707851,0.13536866359447,0.142492578984514,0.0622119815668203,0.0837964981110142
"New Mexico",5,"2-3",47,142,"HH_size_n >   2.500 & total_deductions_by_hh_size > 440.000 & unc_rawben_rel_max >   0.640 & unc_rawben_rel_max <=   0.996",1,1,1,1,4,1,0.0468598981740385,0.0717710253135161,0.246438076089577,0.277448018245899,0.268518518518518,0.284570009347157,0.8,0.860626102292769,0.757976090163388,0.769524950975372,0.140873015873016,0.158152660938317,0.0529100529100529,0.301616381784469,0.0416666666666667,0.0749878008399993
"New Mexico",5,"4+",7,482,"months_since_cert_n >=  11 & total_deductions_by_hh_size >= 228 & total_deductions_by_hh_size < 261",1,0,1,1,0,NA,NA,NA,NA,NA,NA,NA,NA,NA,NA,NA,NA,NA,NA,NA,NA,NA
"New Mexico",5,"4+",16,451,"months_since_cert_n >  12.5 & total_deductions_by_hh_size > 231.0",3,1,4,0.75,1,0.75,0.00676358264494909,0.00676358264494909,0.080706751660348,0.080706751660348,NA,NA,0.333333333333333,0.333333333333333,0.0975069495428676,0.0975069495428676,NA,NA,NA,NA,NA,NA
"New Mexico",5,"4+",21,364,"count_divisible_by_100 >   0.500 & months_since_cert_n >   5.500 & rawben_rel_max <=   0.947 & total_deductions_by_hh_size > 218.000",1,1,1,1,2,1,0.00331209351159279,0.00337404712126546,0.090732829287836,0.0975901808359216,0.338768115942029,0.338768115942029,0.5,0.555555555555556,0.226580197410942,0.289622549930126,0.232789855072464,0.232789855072464,0.283514492753623,0.283514492753623,0.103260869565217,0.103260869565217
"New Mexico",5,"4+",33,443,"months_since_cert_n >   5.500 & rawben_rel_max >   0.794 & rawben_rel_max <=   0.975 & total_deductions_by_hh_size > 229.000",1,0,2,0.5,3,0.5,0.0031692399466018,0.0062929908240381,0.115980458165493,0.147456600382121,0.163227708179808,0.180465848830321,0.4,0.495726495726496,0.307317593916611,0.341799352257344,0.10759027266028,0.145693354718453,0.0102401129943503,0.152484575259728,0.0331920903954802,0.0534628000057798
"New Mexico",5,"4+",37,434,"months_since_cert_n >   5.5 & total_deductions_by_hh_size > 215.0 & utilities <= 442.0",4,1,10,0.4,4,0.4,0.0138928377333889,0.0178513319614128,0.129969180572634,0.145651250327071,0.0809792843691149,0.129637639033365,0.333333333333333,0.532616487455197,0.211193644635586,0.295324634079528,0.132551064754455,0.144690935037287,0.105461393596987,0.178781281765806,0.0458937198067633,0.0855003712409755
"New Mexico",5,"4+",62,477,"months_since_cert_n >=   8.000 & rawben_rel_max <   0.965 & total_deductions_by_hh_size >= 178.000 & unc_rawben_rel_max >=   0.793",2,0,3,0.666666666666667,5,0.666666666666667,0.00177339930720531,0.00857292096434028,0.0513388133876238,0.12419351087983,0.100154083204931,0.13318375588453,0.4,0.522388059701492,0.0977718137508701,0.283008991588255,0.0981730134272508,0.129146452723505,0.0532800532800533,0.109643401762739,0.012987012987013,0.0690601469766342
"New Mexico",5,"4+",67,400,"expedited_i >   0.500 & months_since_cert_n >   5.500 & unc_rawben_rel_max <=   0.912 & utilities <= 356.000",1,0,1,1,6,1,0.00542083386321925,0.0187455768296969,0.179117916358851,0.195994770967457,NA,NA,0.6,0.767218922579973,0.509161474118836,0.568340969245296,NA,NA,NA,NA,NA,NA
"New Mexico",10,"1",1,129,"total_deductions_by_hh_size > 336.000 & unc_rawben_rel_max >   0.891 & unc_rawben_rel_max <=   0.991 & utilities <=  29.500",2,1,2,1,0,NA,NA,NA,NA,NA,NA,NA,NA,NA,NA,NA,NA,NA,NA,NA,NA,NA
"New Mexico",10,"1",2,107,"rawben_rel_max >   0.751 & rawben_rel_max <=   0.992 & shelter_expenses_by_hh_size > 832.000 & utilities <=  29.500",2,2,4,0.5,1,0.5,0.00867618625741169,0.00867618625741169,0.0711428518153715,0.0711428518153715,0.153809523809524,0.153809523809524,0.857142857142857,0.857142857142857,0.190546102041443,0.190546102041443,0.0928571428571429,0.0928571428571429,0.101428571428571,0.101428571428571,0.0628571428571429,0.0628571428571429
"New Mexico",10,"1",8,82,"months_since_cert_n >=   8.00 & shelter_expenses_by_hh_size < 648.00 & unc_rawben_rel_max >=   1.82 & utilities < 493.00",1,1,1,1,2,1,0.157159430724472,0.158915743628645,0.230034241540643,0.238715482478716,0.548701298701299,0.596538060479666,0.666666666666667,0.754257907542579,0.852866354861895,0.868231017505936,0.390692640692641,0.398735109173065,0.441558441558442,0.468711726229974,0.16017316017316,0.189078269662211
"New Mexico",10,"1",11,113,"rawben_rel_max >=   0.484 & rawben_rel_max <   0.989 & shelter_expenses_by_hh_size >= 879.000 & utilities <  31.000",1,1,3,0.333333333333333,3,0.333333333333333,0.0043976708521167,0.0442460810211428,0.0772573276695439,0.133258927477869,0.045,0.210600860963989,0,0.555466879489226,0.0516830101630066,0.326191217994051,0.104437229437229,0.171425548380856,0.0804545454545455,0.177751698952816,0.0454545454545455,0.0868461147790757
"New Mexico",10,"1",14,16,"count_divisible_by_100 <=   0.50 & months_since_cert_n >   3.50 & total_deductions_by_hh_size <= 810.00 & unc_rawben_rel_max >   1.93",1,0,1,1,4,1,0.0520469362651007,0.179133309688023,0.104942974151611,0.223255749489093,0.204545454545454,0.6260478306155,0.666666666666667,0.907626208378088,0.40212500461597,0.824139716813612,0.121212121212121,0.38821225140774,0.106060606060606,0.315025713634736,0.106060606060606,0.242347101520034
"New Mexico",10,"1",19,38,"expedited_i <=   0.50 & total_deductions_by_hh_size <= 920.00 & unc_rawben_rel_max >   1.93 & utilities <= 684.00",2,2,3,0.666666666666667,5,0.666666666666667,0.0152014534120108,0.149177315829098,0.0489120992506234,0.171677031269059,0.0683364254792826,0.458975384058582,0.666666666666667,0.747835497835498,0.113010116777668,0.641371220952661,0.111626468769326,0.28555639301175,0.0538033395176252,0.227224394923259,0.0185528756957328,0.174397593748243
"New Mexico",10,"1",20,116,"rawben_rel_max >=   0.988 & rawben_rel_max <   0.992 & total_deductions_by_hh_size >= 198.000 & utilities < 452.000",3,1,5,0.6,6,0.6,0.0231177093312284,0.133358495437615,0.149837857224975,0.192643075045933,0.201801801801802,0.498361779484228,0.4,0.711426599625357,0.417768973658343,0.68657325162401,0.0299099099099099,0.25337935562869,0.0803603603603604,0.30258098295809,0.0225225225225225,0.144641605386947
"New Mexico",10,"1",25,54,"medical_deductions > 200.000 & rawben_rel_max >   0.473 & rawben_rel_max <=   0.991 & utilities <= 392.000",1,1,1,1,7,1,0.0140388388750057,0.096573738387642,0.104855898941063,0.17842913769485,0.588336192109777,0.653976932829526,0.4,0.651550895587593,0.486645912641334,0.708826416876522,0.160462349141594,0.280702671157121,0.0568553459119497,0.233399393710789,0.062187139006546,0.210108912052457
"New Mexico",10,"1",26,12,"count_divisible_by_100 <   1.00 & months_since_cert_n >=   7.00 & unc_rawben_rel_max >=   1.63 & utilities < 353.00",1,0,2,0.5,8,0.5,0.0261649418743417,0.132264905662764,0.104029943049109,0.185930388345469,0.227272727272727,0.548792660792293,0.4,0.723679239137516,0.306579367538163,0.721514344729221,0.107655502392344,0.31676418521888,0.0279106858054226,0.296098508592504,0.0676691729323309,0.133818459809235
"New Mexico",10,"2-3",5,188,"elderly_disabled_i > 0.500 & married <= 0.500 & rawben_rel_max > 0.996 & unc_rawben_rel_max > 1.550",1,0,1,1,0,NA,NA,NA,NA,NA,NA,NA,NA,NA,NA,NA,NA,NA,NA,NA,NA,NA
"New Mexico",10,"2-3",24,190,"elderly_disabled_i >=   1.00 & shelter_expenses_by_hh_size < 455.00 & unc_rawben_rel_max >=   1.25 & utilities < 447.00",2,1,2,1,1,1,0.12528836508526,0.12528836508526,0.160405086785917,0.160405086785917,NA,NA,0.666666666666667,0.666666666666667,0.562815710045619,0.562815710045619,NA,NA,NA,NA,NA,NA
"New Mexico",10,"2-3",29,248,"months_since_cert_n >=  14 & total_deductions_by_hh_size >= 245",3,1,3,1,2,1,0.0921720012029235,0.161168283689065,0.233997803053098,0.258087373828504,0.452380952380952,0.452380952380952,1,1,0.778885312148993,0.77906263201265,0.178571428571429,0.178571428571429,0.303571428571429,0.303571428571429,0.148809523809524,0.148809523809524
"New Mexico",10,"2-3",30,283,"total_deductions_by_hh_size > 340.000 & unc_rawben_rel_max <=   0.631",29,6,30,0.966666666666667,3,0.966666666666667,0.0877640473272657,0.107093079264707,0.197849503601215,0.212503083112508,0.178338653897313,0.216294631622844,0.666666666666667,0.72421052631579,0.569505600133501,0.624593873179552,0.113560787443469,0.121494224671599,0.0403340440653874,0.258393721546707,0.023975791433892,0.0390214386373604
"New Mexico",10,"2-3",31,263,"rawben_rel_max <=   0.947 & shelter_expenses_by_hh_size > 447.000 & total_deductions_by_hh_size > 371.000",11,6,31,0.354838709677419,4,0.354838709677419,0.0039638657570292,0.0294003743901655,0.0822263381723783,0.10839333788227,0.0187744814743466,0.0645161480365675,0.75,0.760892667375133,0.0398859363382452,0.16904362128136,0.0417549605085725,0.0533288319066488,0.0159547092125579,0.0746710605104949,0.0260673234811165,0.0334072181197957
"New Mexico",10,"2-3",38,286,"total_deductions_by_hh_size >= 311.000 & total_deductions_by_hh_size < 493.000 & unc_rawben_rel_max <   0.948",12,4,37,0.324324324324324,5,0.324324324324324,0.0304182752869826,0.045077060517355,0.0614278472709858,0.0960358543560955,0.046147033765302,0.0662365573875412,0.333333333333333,0.622906602254428,0.167511857277337,0.224808620738549,0.0565003765561698,0.0748514795855406,0.0134249281609196,0.0455789038353431,0.00525200663647373,0.0206680849162754
"New Mexico",10,"2-3",40,181,"elderly_disabled_i <=  0.500 & months_since_cert_n > 13.500 & percent_abawd <=  0.583 & rawben_rel_max <=  0.971",3,1,4,0.75,6,0.75,0.0458751144606156,0.0875360360301539,0.216261145698083,0.237148727250177,0.082479952319029,0.101850493837282,0.8,0.93570992281637,0.516055266516852,0.575521029862553,0.126488095238095,0.140949634328643,0.13536866359447,0.18325974115317,0.0622119815668203,0.082299799730044
"New Mexico",10,"2-3",43,281,"total_deductions_by_hh_size > 260.000 & total_deductions_by_hh_size <= 476.000 & unc_rawben_rel_max <=   0.688 & utilities >  23.000",8,4,37,0.216216216216216,7,0.216216216216216,0.00674107817253227,0.0363653383425326,0.0626967928702706,0.0928066197721457,0.0394521245619272,0.0558114445286285,0.25,0.547088190846287,0.0610028249754413,0.198238340156949,0.0355843510677601,0.0638060374555817,0.0185138665594855,0.0506431428272647,0.0117536063387235,0.024738970323129
"New Mexico",10,"2-3",46,208,"homeless <=   0.500 & rawben_rel_max <=   0.688 & total_deductions_by_hh_size > 249.000",1,0,53,0.0188679245283019,8,0.0188679245283019,0.0155097933171482,0.0369793884942517,0.0315005828138514,0.0730862004412995,0.0185688941454761,0.0423366522223976,0.5,0.731297301743995,0.0692220797162776,0.163368623061682,0.0200118273211118,0.0468011752789791,0.00170546847558833,0.0306925175671222,0.00294435699130791,0.0142467169430001
"New Mexico",10,"2-3",49,280,"total_deductions_by_hh_size > 257.000 & unc_rawben_rel_max <=   0.721 & utilities >  89.500",1,0,50,0.02,9,0.02,0.000965738334087123,0.0275206842716217,0.0199180167185007,0.0575453653829326,0.0214539617016397,0.0410207752559738,0.25,0.581117168730364,0.0087210777891073,0.123877044431151,0.0183943739793046,0.042142473916022,0.00283703653217011,0.0234742629178652,0.00294920307304209,0.0118087312721642
"New Mexico",10,"4+",7,482,"months_since_cert_n >=  11 & total_deductions_by_hh_size >= 228 & total_deductions_by_hh_size < 261",1,0,1,1,0,NA,NA,NA,NA,NA,NA,NA,NA,NA,NA,NA,NA,NA,NA,NA,NA,NA
"New Mexico",10,"4+",16,451,"months_since_cert_n >  12.5 & total_deductions_by_hh_size > 231.0",3,1,4,0.75,1,0.75,0.00676358264494909,0.00676358264494909,0.080706751660348,0.080706751660348,NA,NA,0.333333333333333,0.333333333333333,0.0975069495428676,0.0975069495428676,NA,NA,NA,NA,NA,NA
"New Mexico",10,"4+",21,364,"count_divisible_by_100 >   0.500 & months_since_cert_n >   5.500 & rawben_rel_max <=   0.947 & total_deductions_by_hh_size > 218.000",1,1,1,1,2,1,0.00331209351159279,0.00337404712126546,0.090732829287836,0.0975901808359216,0.338768115942029,0.338768115942029,0.5,0.555555555555556,0.226580197410942,0.289622549930126,0.232789855072464,0.232789855072464,0.283514492753623,0.283514492753623,0.103260869565217,0.103260869565217
"New Mexico",10,"4+",33,443,"months_since_cert_n >   5.500 & rawben_rel_max >   0.794 & rawben_rel_max <=   0.975 & total_deductions_by_hh_size > 229.000",1,0,2,0.5,3,0.5,0.0031692399466018,0.0062929908240381,0.115980458165493,0.147456600382121,0.163227708179808,0.180465848830321,0.4,0.495726495726496,0.307317593916611,0.341799352257344,0.10759027266028,0.145693354718453,0.0102401129943503,0.152484575259728,0.0331920903954802,0.0534628000057798
"New Mexico",10,"4+",37,434,"months_since_cert_n >   5.5 & total_deductions_by_hh_size > 215.0 & utilities <= 442.0",4,1,10,0.4,4,0.4,0.0138928377333889,0.0178513319614128,0.129969180572634,0.145651250327071,0.0809792843691149,0.129637639033365,0.333333333333333,0.532616487455197,0.211193644635586,0.295324634079528,0.132551064754455,0.144690935037287,0.105461393596987,0.178781281765806,0.0458937198067633,0.0855003712409755
"New York",5,"1",13,108,"rawben_rel_max >   0.987 & rawben_rel_max <=   0.991 & total_deductions_by_hh_size > 938.000",1,1,1,1,0,NA,NA,NA,NA,NA,NA,NA,NA,NA,NA,NA,NA,NA,NA,NA,NA,NA
"New York",5,"1",20,12,"count_divisible_by_100 <   1.00 & months_since_cert_n >=   7.00 & unc_rawben_rel_max >=   1.63 & utilities < 353.00",1,0,1,1,1,1,0.198192094701298,0.198192094701298,0.295101508226529,0.295101508226529,0.753801169590643,0.753801169590643,1,1,0.932008173140678,0.932008173140678,0.441520467836257,0.441520467836257,0.538011695906433,0.538011695906433,0.0789473684210526,0.0789473684210526
"New York",5,"1",42,8,"cat_elig >=    1.00 & shelter_expenses_by_hh_size < 1720.00 & unc_rawben_rel_max >=    2.49 & utilities <  875.00",2,1,2,1,2,1,0.0610405477444796,0.0878117460041644,0.152971627947788,0.170686656158649,0.331929824561404,0.420175726673004,0.666666666666667,0.763546798029557,0.664450922181563,0.68840092311127,0.209473684210526,0.280349148733904,0.182456140350877,0.232765822602483,0.0266666666666667,0.0542943565811079
"New York",5,"1",44,98,"rawben_rel_max <=   0.991 & total_deductions_by_hh_size > 800.000 & unc_rawben_rel_max >   0.985",7,0,8,0.875,3,0.875,0.00722766042440684,0.149343159727947,0.0378416173771616,0.18607468552994,0.032034632034632,0.579462781917779,0.5,0.769272529858849,0.0379871449212542,0.69112087524948,0.023953823953824,0.370182657314493,0.0522366522366522,0.399164578111946,0.0117748917748918,0.0469514918477716
"New York",5,"2-3",2,163,"cat_elig > 0.500 & children_i > 0.500 & rawben_rel_max > 0.996 & unc_rawben_rel_max > 1.690",1,0,1,1,0,NA,NA,NA,NA,NA,NA,NA,NA,NA,NA,NA,NA,NA,NA,NA,NA,NA
"New York",5,"2-3",6,188,"elderly_disabled_i > 0.500 & married <= 0.500 & rawben_rel_max > 0.996 & unc_rawben_rel_max > 1.550",2,1,3,0.666666666666667,1,0.666666666666667,0.0160562972719352,0.0160562972719352,0.094924892334913,0.094924892334913,0.295238095238095,0.295238095238095,0.666666666666667,0.666666666666667,0.304846756422767,0.304846756422767,0.138095238095238,0.138095238095238,0.223809523809524,0.223809523809524,0.1,0.1
"New York",5,"2-3",10,157,"cat_elig >   0.50 & unc_rawben_rel_max >   1.63 & utilities <= 873.00",1,1,1,1,2,1,0.00945425612478878,0.0163629614221088,0.0811932944248786,0.0884508485250575,0.14728370221328,0.155240136471,0.6,0.729347826086956,0.186907021649007,0.205674635639271,0.0619718309859155,0.102162977867203,0.118376928236083,0.132155979354387,0.041851106639839,0.0783242935876126
"New York",5,"2-3",11,162,"cat_elig > 0.50 & months_since_cert_n > 1.50 & unc_rawben_rel_max > 1.69",2,1,5,0.4,3,0.4,0.0086492271622826,0.0127558920403166,0.0358937549558915,0.068524486230628,0.0588089943167779,0.10627191511643,0.5,0.609895833333333,0.0973562602120218,0.146857634943169,0.0711779448621554,0.0963345680810006,0.056140350877193,0.112100582294939,0.00864838151717325,0.039898841146293
"New York",5,"2-3",17,155,"cat_elig >   0.50 & shelter_expenses_by_hh_size > 246.00 & unc_rawben_rel_max >   1.63",2,1,8,0.25,4,0.25,0.0035792331851037,0.0101092627794822,0.0203431174198659,0.0484299144562481,0.0114198705748001,0.072279551187848,0.5,0.576173285198556,0.017869404512998,0.0983213843260701,0.0414921964217739,0.0620863138374438,0.024172059383327,0.0728347875414963,0.0237079184447605,0.0422474386849656
"New York",5,"2-3",29,160,"cat_elig >  0.50 & unc_rawben_rel_max >  1.52 & utilities > 39.00",4,0,12,0.333333333333333,5,0.333333333333333,0.00183629639799724,0.00837268382293218,0.0335258477745019,0.0549221685106189,0.036036036036036,0.0712062208665267,0.5,0.554381443298969,0.0166997541590231,0.0802544811220293,0.0342342342342342,0.0576598555582606,0.0339339339339339,0.07077686168861,0.0324324324324324,0.0527982569559759
"New York",5,"2-3",32,142,"HH_size_n >   2.500 & total_deductions_by_hh_size > 440.000 & unc_rawben_rel_max >   0.640 & unc_rawben_rel_max <=   0.996",1,1,1,1,6,1,0.125105972000142,0.138523910157211,0.221518497598908,0.268721907999476,0.277777777777778,0.296719524709765,0.833333333333333,0.837323271749501,0.781174166072128,0.827771161681158,0.106237816764133,0.130646816521937,0.0529100529100529,0.130874978850474,0.0714285714285714,0.130654605848536
"New York",5,"2-3",33,227,"medical_deductions > 143 & total_deductions_by_hh_size > 503",2,1,3,0.666666666666667,7,0.666666666666667,0.194634611649437,0.293350544610491,0.159607785188255,0.191603647056376,0.457671957671958,0.511858197048873,0.8,0.976811594202899,0.715947497985175,0.760529513064966,0.290744466800805,0.316490182348055,0.0714285714285715,0.177138926637392,0.0523809523809524,0.0711742822767987
"New York",5,"2-3",38,221,"medical_deductions >   3.500 & rawben_rel_max <=   0.998 & shelter_expenses_by_hh_size > 953.000",3,1,4,0.75,8,0.75,0.0837633698018539,0.215084995032447,0.110926046489278,0.240466766067959,0.168154761904762,0.457567929224017,0.75,0.932760989010989,0.362918410551264,0.818340440888605,0.120535714285714,0.325650844935302,0.0372023809523809,0.156232011530497,0.00148809523809523,0.0611343089463456
"New York",5,"2-3",43,247,"months_since_cert_n >=  12.0 & shelter_expenses_by_hh_size >= 399.0 & unc_rawben_rel_max >=   1.4",1,0,6,0.166666666666667,9,0.166666666666667,0.0340759430609926,0.127781073022985,0.120009210668504,0.163498407002603,NA,NA,0.5,0.758365927857453,0.398712373637544,0.531173743779024,NA,NA,NA,NA,NA,NA
"New York",5,"4+",23,514,"rawben_rel_max >=   0.366 & shelter_expenses_by_hh_size >= 472.000 & total_deductions_by_hh_size >= 236.000 & total_deductions_by_hh_size < 255.000",3,2,3,1,0,NA,NA,NA,NA,NA,NA,NA,NA,NA,NA,NA,NA,NA,NA,NA,NA,NA
"New York",5,"4+",25,311,"HH_size_n >   4.500 & months_since_cert_n >   5.500 & total_deductions_by_hh_size > 231.000 & unc_rawben_rel_max <=   0.998",2,1,3,0.666666666666667,1,0.666666666666667,0.0230380756496935,0.0230380756496935,0.173161898585094,0.173161898585094,NA,NA,0.857142857142857,0.857142857142857,0.469811060283755,0.469811060283755,NA,NA,NA,NA,NA,NA
"New York",5,"4+",35,423,"months_since_cert_n >   4.500 & rawben_rel_max <=   0.611 & total_deductions_by_hh_size >   0.600 & utilities > 984.000",2,1,3,0.666666666666667,2,0.666666666666667,0.00232320542742492,0.0192892301306875,0.143747632610677,0.154111899040086,NA,NA,0.666666666666667,0.71686969361388,0.378114744325847,0.404761918659983,NA,NA,NA,NA,NA,NA
"New York",5,"4+",37,480,"months_since_cert_n >=   9.000 & rawben_rel_max <   0.822 & total_deductions_by_hh_size >= 109.000 & unc_rawben_rel_max >=   0.725",2,0,2,1,3,1,0.00752524831788802,0.0113420848668379,0.146824159311525,0.175204693898284,0.195790177079853,0.195790177079853,0.4,0.650774174700555,0.421261608019825,0.484342313745034,0.226194453725359,0.226194453725359,0.236886067490812,0.236886067490812,0.0494487136652189,0.0494487136652189
"New York",5,"4+",45,439,"months_since_cert_n >   5.500 & rawben_rel_max <=   0.997 & shelter_expenses_by_hh_size <= 494.000 & total_deductions_by_hh_size > 227.000",1,1,3,0.333333333333333,4,0.333333333333333,0.0196049122724054,0.0286592213672856,0.071475752845509,0.132081321830054,0.0933727519093373,0.101476907265657,0.4,0.549183176920403,0.151828676919926,0.325437395299622,0.0693520571569352,0.143037769047001,0.0937423010593742,0.120361537255001,0.0463168268046317,0.054575554853712
"New York",10,"1",13,108,"rawben_rel_max >   0.987 & rawben_rel_max <=   0.991 & total_deductions_by_hh_size > 938.000",1,1,1,1,0,NA,NA,NA,NA,NA,NA,NA,NA,NA,NA,NA,NA,NA,NA,NA,NA,NA
"New York",10,"1",20,12,"count_divisible_by_100 <   1.00 & months_since_cert_n >=   7.00 & unc_rawben_rel_max >=   1.63 & utilities < 353.00",1,0,1,1,1,1,0.198192094701298,0.198192094701298,0.295101508226529,0.295101508226529,0.753801169590643,0.753801169590643,1,1,0.932008173140678,0.932008173140678,0.441520467836257,0.441520467836257,0.538011695906433,0.538011695906433,0.0789473684210526,0.0789473684210526
"New York",10,"1",42,8,"cat_elig >=    1.00 & shelter_expenses_by_hh_size < 1720.00 & unc_rawben_rel_max >=    2.49 & utilities <  875.00",2,1,2,1,2,1,0.0610405477444796,0.0878117460041644,0.152971627947788,0.170686656158649,0.331929824561404,0.420175726673004,0.666666666666667,0.763546798029557,0.664450922181563,0.68840092311127,0.209473684210526,0.280349148733904,0.182456140350877,0.232765822602483,0.0266666666666667,0.0542943565811079
"New York",10,"1",44,98,"rawben_rel_max <=   0.991 & total_deductions_by_hh_size > 800.000 & unc_rawben_rel_max >   0.985",7,0,8,0.875,3,0.875,0.00722766042440684,0.149343159727947,0.0378416173771616,0.18607468552994,0.032034632034632,0.579462781917779,0.5,0.769272529858849,0.0379871449212542,0.69112087524948,0.023953823953824,0.370182657314493,0.0522366522366522,0.399164578111946,0.0117748917748918,0.0469514918477716
"New York",10,"1",47,3,"cat_elig >   0.500 & expedited_i >   0.500 & total_deductions_by_hh_size > 991.000 & unc_rawben_rel_max <=   0.991",3,2,3,1,4,1,0.0556788533909436,0.108761506227697,0.139320914637764,0.203798008091529,NA,NA,0.833333333333333,0.894905869324474,0.515662355753845,0.707350543420761,NA,NA,NA,NA,NA,NA
"New York",10,"1",48,13,"count_divisible_by_100 <=    0.500 & shelter_expenses_by_hh_size > 1300.000 & total_deductions_by_hh_size > 1370.000 & unc_rawben_rel_max <=    0.998",2,2,3,0.666666666666667,5,0.666666666666667,0.0112053295083089,0.113996098538167,0.0901133034580469,0.173155515733028,0.362724994303942,0.443133888279543,0.666666666666667,0.866296410572869,0.393726578486231,0.631579728438763,0.222222222222222,0.262491952220226,0.134502923976608,0.251300273234178,0.0601503759398496,0.092061782362884
"New York",10,"1",51,95,"rawben_rel_max <=    0.998 & shelter_expenses_by_hh_size > 2260.000",1,1,3,0.333333333333333,6,0.333333333333333,0.0130201540526837,0.092346565371687,0.0627019605900493,0.168775995955862,0.2354272778721,0.376992869885497,0.75,0.885326086956522,0.282530206682024,0.601504404904854,0.118279569892473,0.230634867907408,0.0979060554612338,0.223629228286873,0.110356536502547,0.182548676994245
"New York",10,"1",53,44,"medical_deductions <=  604.000 & rawben_rel_max >    0.987 & rawben_rel_max <=    0.998 & shelter_expenses_by_hh_size > 1270.000",1,0,5,0.2,7,0.2,0.00129879869306931,0.0830601333830738,0.015092448598918,0.135213739897515,0.0396327810120914,0.413535589895337,0.5,0.863492063492064,0.0225469036061662,0.487179040443334,0.0425436632333184,0.267395017422878,0.00804597701149429,0.258665454717794,0.00114942528735631,0.0664140614205537
"New York",10,"1",54,110,"rawben_rel_max >=    0.236 & shelter_expenses_by_hh_size < 1680.000 & total_deductions_by_hh_size >= 1280.000 & unc_rawben_rel_max >=    2.490",1,1,2,0.5,8,0.5,0.0100169122812395,0.1117142300878,0.0339694967154682,0.134453020726015,0.0802721088435374,0.439235826285184,0.6,0.772876082251082,0.0962711143306358,0.613400119429137,0.0881632653061225,0.300254120046013,0.0968707482993197,0.252537507977906,0.0133333333333333,0.0519903288674348
"New York",10,"1",64,19,"elderly_disabled_i >    0.500 & shelter_expenses_by_hh_size > 2070.000 & unc_rawben_rel_max <=    0.991",2,1,3,0.666666666666667,9,0.666666666666667,0.00815513179810796,0.0822376907885416,0.0449321849023768,0.151134751391986,0.216318785578748,0.346966230248504,0.6,0.909264013692769,0.223115593509081,0.539355716295404,0.0546955624355005,0.22150423899414,0.0759013282732448,0.195179360603383,0.0168067226890757,0.0539041261241221
"New York",10,"1",65,65,"medical_deductions >= 201.000 & rawben_rel_max >=   0.762 & rawben_rel_max <   0.936 & total_deductions_by_hh_size >= 784.000",1,0,1,1,10,1,0.0120356739044432,0.0746904707984806,0.120980723838832,0.174125146555934,0.382456140350877,0.581738274558457,0.25,0.78447813178029,0.478293849983849,0.670623674371091,0.0669552669552669,0.283621371350729,0.0222222222222222,0.216984994400929,0.0903225806451613,0.252938084193003
"New York",10,"2-3",2,163,"cat_elig > 0.500 & children_i > 0.500 & rawben_rel_max > 0.996 & unc_rawben_rel_max > 1.690",1,0,1,1,0,NA,NA,NA,NA,NA,NA,NA,NA,NA,NA,NA,NA,NA,NA,NA,NA,NA
"New York",10,"2-3",6,188,"elderly_disabled_i > 0.500 & married <= 0.500 & rawben_rel_max > 0.996 & unc_rawben_rel_max > 1.550",2,1,3,0.666666666666667,1,0.666666666666667,0.0160562972719352,0.0160562972719352,0.094924892334913,0.094924892334913,0.295238095238095,0.295238095238095,0.666666666666667,0.666666666666667,0.304846756422767,0.304846756422767,0.138095238095238,0.138095238095238,0.223809523809524,0.223809523809524,0.1,0.1
"New York",10,"2-3",10,157,"cat_elig >   0.50 & unc_rawben_rel_max >   1.63 & utilities <= 873.00",1,1,1,1,2,1,0.00945425612478878,0.0163629614221088,0.0811932944248786,0.0884508485250575,0.14728370221328,0.155240136471,0.6,0.729347826086956,0.186907021649007,0.205674635639271,0.0619718309859155,0.102162977867203,0.118376928236083,0.132155979354387,0.041851106639839,0.0783242935876126
"New York",10,"2-3",11,162,"cat_elig > 0.50 & months_since_cert_n > 1.50 & unc_rawben_rel_max > 1.69",2,1,5,0.4,3,0.4,0.0086492271622826,0.0127558920403166,0.0358937549558915,0.068524486230628,0.0588089943167779,0.10627191511643,0.5,0.609895833333333,0.0973562602120218,0.146857634943169,0.0711779448621554,0.0963345680810006,0.056140350877193,0.112100582294939,0.00864838151717325,0.039898841146293
"New York",10,"2-3",17,155,"cat_elig >   0.50 & shelter_expenses_by_hh_size > 246.00 & unc_rawben_rel_max >   1.63",2,1,8,0.25,4,0.25,0.0035792331851037,0.0101092627794822,0.0203431174198659,0.0484299144562481,0.0114198705748001,0.072279551187848,0.5,0.576173285198556,0.017869404512998,0.0983213843260701,0.0414921964217739,0.0620863138374438,0.024172059383327,0.0728347875414963,0.0237079184447605,0.0422474386849656
"New York",10,"2-3",29,160,"cat_elig >  0.50 & unc_rawben_rel_max >  1.52 & utilities > 39.00",4,0,12,0.333333333333333,5,0.333333333333333,0.00183629639799724,0.00837268382293218,0.0335258477745019,0.0549221685106189,0.036036036036036,0.0712062208665267,0.5,0.554381443298969,0.0166997541590231,0.0802544811220293,0.0342342342342342,0.0576598555582606,0.0339339339339339,0.07077686168861,0.0324324324324324,0.0527982569559759
"New York",10,"2-3",32,142,"HH_size_n >   2.500 & total_deductions_by_hh_size > 440.000 & unc_rawben_rel_max >   0.640 & unc_rawben_rel_max <=   0.996",1,1,1,1,6,1,0.125105972000142,0.138523910157211,0.221518497598908,0.268721907999476,0.277777777777778,0.296719524709765,0.833333333333333,0.837323271749501,0.781174166072128,0.827771161681158,0.106237816764133,0.130646816521937,0.0529100529100529,0.130874978850474,0.0714285714285714,0.130654605848536
"New York",10,"2-3",33,227,"medical_deductions > 143 & total_deductions_by_hh_size > 503",2,1,3,0.666666666666667,7,0.666666666666667,0.194634611649437,0.293350544610491,0.159607785188255,0.191603647056376,0.457671957671958,0.511858197048873,0.8,0.976811594202899,0.715947497985175,0.760529513064966,0.290744466800805,0.316490182348055,0.0714285714285715,0.177138926637392,0.0523809523809524,0.0711742822767987
"New York",10,"2-3",38,221,"medical_deductions >   3.500 & rawben_rel_max <=   0.998 & shelter_expenses_by_hh_size > 953.000",3,1,4,0.75,8,0.75,0.0837633698018539,0.215084995032447,0.110926046489278,0.240466766067959,0.168154761904762,0.457567929224017,0.75,0.932760989010989,0.362918410551264,0.818340440888605,0.120535714285714,0.325650844935302,0.0372023809523809,0.156232011530497,0.00148809523809523,0.0611343089463456
"New York",10,"2-3",43,247,"months_since_cert_n >=  12.0 & shelter_expenses_by_hh_size >= 399.0 & unc_rawben_rel_max >=   1.4",1,0,6,0.166666666666667,9,0.166666666666667,0.0340759430609926,0.127781073022985,0.120009210668504,0.163498407002603,NA,NA,0.5,0.758365927857453,0.398712373637544,0.531173743779024,NA,NA,NA,NA,NA,NA
"New York",10,"2-3",55,135,"HH_size_n >   2.5 & medical_deductions > 131.0 & months_since_cert_n <=   7.5 & shelter_expenses_by_hh_size > 298.0",1,0,1,1,10,1,0.0581653063632449,0.177052047531831,0.200635089187881,0.269715590357964,NA,NA,0.6,0.910506988865198,0.650342300283002,0.854249336045999,NA,NA,NA,NA,NA,NA
"New York",10,"2-3",67,166,"cat_elig >=   1.000 & medical_deductions >= 179.000 & rawben_rel_max >=   0.137 & total_deductions_by_hh_size >= 242.000",2,1,5,0.4,11,0.4,0.00986377935621039,0.241223071694507,0.0722813578723752,0.177164994240439,0.0765306122448979,0.47001743486716,0.5,0.794436867825889,0.103039233239799,0.67222879765131,0.0663265306122449,0.260672227812682,0.0272108843537415,0.116826257403149,0.00680272108843538,0.0820557104755494
"New York",10,"2-3",70,184,"elderly_disabled_i >    0.500 & rawben_rel_max <=    0.997 & shelter_expenses_by_hh_size > 1100.000 & total_deductions_by_hh_size >  103.000",2,0,6,0.333333333333333,12,0.333333333333333,0.0292147425366865,0.171969329556442,0.0249639207124283,0.224474790847721,0.149305555555556,0.36625056140831,0.6,0.893341076267905,0.256818989703535,0.760132642245292,0.153061224489796,0.20095088069992,0.146825396825397,0.194637749513365,0.0436507936507936,0.0995343457128036
"New York",10,"2-3",72,191,"elderly_disabled_i >=   1.00 & shelter_expenses_by_hh_size < 680.00 & unc_rawben_rel_max >=   1.34",1,0,1,1,13,1,0.0322356954122914,0.121581882901463,0.0770805586741721,0.147628717719948,0.0396825396825397,0.311487092205355,0.6,0.858568189180434,0.192818367900131,0.539839693630814,0.0858763693270736,0.159474119594039,0.0257936507936508,0.092741234070988,0.0178571428571429,0.0651722643574888
"New York",10,"2-3",74,176,"count_divisible_by_100 <=   2.5 & HH_size_n >   2.5 & shelter_expenses_by_hh_size <= 730.0 & total_deductions_by_hh_size > 436.0",1,0,2,0.5,14,0.5,0.0386031646139011,0.12321770239782,0.114185203140921,0.235251398702037,0.0591985428051002,0.392221663732255,0.666666666666667,0.914400755988332,0.203077175283293,0.724284605086792,0.0813026140894993,0.15651994168426,0.0403764420157863,0.140633173390913,0.0140515222482435,0.0789974987693294
"New York",10,"2-3",75,241,"months_since_cert_n >   2.500 & months_since_cert_n <=  18.000 & rawben_rel_max <=   0.903 & utilities > 967.000",21,8,27,0.777777777777778,15,0.777777777777778,0.0543108170849843,0.161753828978376,0.168761241281443,0.224990197455831,0.303571428571429,0.421612326906155,0.833333333333333,0.951887125220459,0.722480057815552,0.803151254109778,0.222321428571429,0.302199693726794,0.0381944444444444,0.106682298571399,0.0446428571428571,0.111640043099991
"New York",10,"4+",23,514,"rawben_rel_max >=   0.366 & shelter_expenses_by_hh_size >= 472.000 & total_deductions_by_hh_size >= 236.000 & total_deductions_by_hh_size < 255.000",3,2,3,1,0,NA,NA,NA,NA,NA,NA,NA,NA,NA,NA,NA,NA,NA,NA,NA,NA,NA
"New York",10,"4+",25,311,"HH_size_n >   4.500 & months_since_cert_n >   5.500 & total_deductions_by_hh_size > 231.000 & unc_rawben_rel_max <=   0.998",2,1,3,0.666666666666667,1,0.666666666666667,0.0230380756496935,0.0230380756496935,0.173161898585094,0.173161898585094,NA,NA,0.857142857142857,0.857142857142857,0.469811060283755,0.469811060283755,NA,NA,NA,NA,NA,NA
"New York",10,"4+",35,423,"months_since_cert_n >   4.500 & rawben_rel_max <=   0.611 & total_deductions_by_hh_size >   0.600 & utilities > 984.000",2,1,3,0.666666666666667,2,0.666666666666667,0.00232320542742492,0.0192892301306875,0.143747632610677,0.154111899040086,NA,NA,0.666666666666667,0.71686969361388,0.378114744325847,0.404761918659983,NA,NA,NA,NA,NA,NA
"New York",10,"4+",37,480,"months_since_cert_n >=   9.000 & rawben_rel_max <   0.822 & total_deductions_by_hh_size >= 109.000 & unc_rawben_rel_max >=   0.725",2,0,2,1,3,1,0.00752524831788802,0.0113420848668379,0.146824159311525,0.175204693898284,0.195790177079853,0.195790177079853,0.4,0.650774174700555,0.421261608019825,0.484342313745034,0.226194453725359,0.226194453725359,0.236886067490812,0.236886067490812,0.0494487136652189,0.0494487136652189
"New York",10,"4+",45,439,"months_since_cert_n >   5.500 & rawben_rel_max <=   0.997 & shelter_expenses_by_hh_size <= 494.000 & total_deductions_by_hh_size > 227.000",1,1,3,0.333333333333333,4,0.333333333333333,0.0196049122724054,0.0286592213672856,0.071475752845509,0.132081321830054,0.0933727519093373,0.101476907265657,0.4,0.549183176920403,0.151828676919926,0.325437395299622,0.0693520571569352,0.143037769047001,0.0937423010593742,0.120361537255001,0.0463168268046317,0.054575554853712
"New York",10,"4+",52,432,"months_since_cert_n >   5.5 & shelter_expenses_by_hh_size > 402.0 & utilities > 984.0",1,0,2,0.5,5,0.5,0.00129418345320156,0.0284964288519128,0.103629344213753,0.157887180861672,0.321789321789322,0.330764167060464,0.6,0.81977207977208,0.103364645494876,0.458567045021896,0.287878787878788,0.297220305866851,0.114401858304297,0.208204610153775,0.0714285714285714,0.0869043980026343
"New York",10,"4+",57,325,"HH_size_n >  4.500 & months_since_cert_n >  5.500 & percent_abawd >  0.268 & utilities > 30.500",1,1,1,1,6,1,0.0023546386622411,0.0320685514401019,0.130629611451473,0.155999546268718,NA,NA,0.6,0.808808763121862,0.386215746440516,0.477220651572107,NA,NA,NA,NA,NA,NA
"North Carolina",5,"1",11,16,"count_divisible_by_100 <=   0.50 & months_since_cert_n >   3.50 & total_deductions_by_hh_size <= 810.00 & unc_rawben_rel_max >   1.93",1,0,1,1,0,NA,NA,NA,NA,NA,NA,NA,NA,NA,NA,NA,NA,NA,NA,NA,NA,NA
"North Carolina",5,"1",15,38,"expedited_i <=   0.50 & total_deductions_by_hh_size <= 920.00 & unc_rawben_rel_max >   1.93 & utilities <= 684.00",1,0,2,0.5,1,0.5,0.0152014534120108,0.0152014534120108,0.0489120992506234,0.0489120992506234,0.0683364254792826,0.0683364254792826,0.666666666666667,0.666666666666667,0.113010116777668,0.113010116777668,0.111626468769326,0.111626468769326,0.0538033395176252,0.0538033395176252,0.0185528756957328,0.0185528756957328
"North Carolina",5,"1",25,88,"rawben_rel_max <   0.992 & shelter_expenses_by_hh_size >= 831.000 & unc_rawben_rel_max >=   0.270 & utilities < 277.000",5,0,5,1,2,1,0.208223963051703,0.215840610516769,0.23212719619226,0.246365959318072,0.681164268986283,0.695992320022366,0.666666666666667,0.742154926486724,0.896240174481984,0.907038481632298,0.360823017731683,0.383003821347641,0.335731013716962,0.351416885887364,0.262908442065351,0.268670107201712
"North Carolina",5,"1",46,106,"rawben_rel_max >   0.727 & rawben_rel_max <=   0.991 & shelter_expenses_by_hh_size > 413.000 & utilities <=  28.500",2,0,2,1,3,1,0.0210366169849496,0.106187624253291,0.115257786381851,0.175910770462423,0.122267759562842,0.343349337016745,0.4,0.635699184536394,0.277962961095065,0.561489878531347,0.0563524590163934,0.190804178839899,0.079804189435337,0.180231250231708,0.0861794171220401,0.145277384985685
"North Carolina",5,"1",47,28,"elderly_disabled_i >  0.50 & months_since_cert_n <= 17.50 & unc_rawben_rel_max >  1.25 & utilities <= 14.50",3,1,3,1,4,1,0.0661368360553067,0.12151644407366,0.132123601932258,0.18480168733766,0.122800844475721,0.483971942284147,0.666666666666667,0.750465164358073,0.461972859672623,0.717410301627752,0.20617816091954,0.233194167894701,0.138986629134412,0.172535314684544,0.00940438871473352,0.173539093057361
"North Carolina",5,"1",63,53,"medical_deductions > 132.00 & unc_rawben_rel_max >   2.03 & utilities >  29.50",1,1,1,1,5,1,0.0577823617642484,0.114194886409532,0.117219113945483,0.221117859598686,NA,NA,0.833333333333333,0.879093198992443,0.521601626475405,0.749086563317234,NA,NA,NA,NA,NA,NA
"North Carolina",5,"1",67,123,"shelter_expenses_by_hh_size > 2070.000 & unc_rawben_rel_max <=    0.991",1,0,1,1,6,1,0.0369609992007122,0.112436780549507,0.162219300246367,0.210149358294192,0.333333333333333,0.418975406296111,0.8,0.885230024213075,0.633459918466502,0.753923773993161,0.168560606060606,0.258855004453631,0.0347222222222222,0.131277449814485,0.118055555555556,0.137311474382339
"North Carolina",5,"1",86,126,"shelter_expenses_by_hh_size > 929.000 & total_deductions_by_hh_size > 341.000 & unc_rawben_rel_max <=   0.995 & utilities <=  29.500",1,1,1,1,7,1,0.00635733984357538,0.079786019641529,0.0761375110636504,0.157348904418271,0.0453495577713932,0.317549155253806,0.5,0.741890205864005,0.0646707859593528,0.473474178858716,0.0700171821305842,0.204638688053196,0.0599942726231386,0.129192211270015,0.0446019473081329,0.123560927478231
"North Carolina",5,"2-3",2,163,"cat_elig > 0.500 & children_i > 0.500 & rawben_rel_max > 0.996 & unc_rawben_rel_max > 1.690",2,1,2,1,0,NA,NA,NA,NA,NA,NA,NA,NA,NA,NA,NA,NA,NA,NA,NA,NA,NA
"North Carolina",5,"2-3",4,188,"elderly_disabled_i > 0.500 & married <= 0.500 & rawben_rel_max > 0.996 & unc_rawben_rel_max > 1.550",1,1,1,1,1,1,0.0160562972719352,0.0160562972719352,0.094924892334913,0.094924892334913,0.295238095238095,0.295238095238095,0.666666666666667,0.666666666666667,0.304846756422767,0.304846756422767,0.138095238095238,0.138095238095238,0.223809523809524,0.223809523809524,0.1,0.1
"North Carolina",5,"2-3",7,156,"cat_elig >   0.50 & shelter_expenses_by_hh_size > 246.00 & unc_rawben_rel_max >   1.63 & utilities <= 748.00",1,0,3,0.333333333333333,2,0.333333333333333,0.00756265872908184,0.0120542685334904,0.0749840052416786,0.0837381666387313,0.133489461358314,0.153828530699521,0.666666666666667,0.772256728778468,0.189185854224318,0.192676671198913,0.0721311475409836,0.119343753181957,0.140983606557377,0.144835047347521,0.014519906323185,0.0579676204052541
"North Carolina",5,"2-3",9,217,"married <= 0.500 & months_since_cert_n > 1.500 & rawben_rel_max > 0.997 & unc_rawben_rel_max > 1.520",2,1,4,0.5,3,0.5,0.0155894834555538,0.0213826115366679,0.0771531977606872,0.0839382789996834,0.0711779448621554,0.141690972161082,0.4,0.679292517006803,0.180232131724483,0.21251552019655,0.0847117794486216,0.12899633157836,0.0560828300258844,0.0882376667664477,0.0285714285714286,0.0566696366208261
"North Carolina",5,"2-3",12,195,"elderly_disabled_i >= 1.00 & married < 1.00 & unc_rawben_rel_max >= 1.42",1,0,3,0.333333333333333,4,0.333333333333333,0.000580098780565656,0.0101308824288439,0.0349006818560577,0.0711456113428396,0.0380952380952381,0.184262323970788,0.25,0.643294270833333,0.0119093127795321,0.199229669382578,0.0438095238095238,0.0976483248336004,0.0171428571428572,0.128000479554419,0.0066666666666667,0.0815909169696783
"North Carolina",5,"2-3",28,240,"months_since_cert_n <=  25 & shelter_expenses_by_hh_size > 499 & shelter_expenses_by_hh_size <= 679 & total_deductions_by_hh_size > 644",1,0,1,1,5,1,0.135930247508075,0.149394765709283,0.164420523172666,0.171510313968182,0.289722572509458,0.329304795503163,0.857142857142857,0.963516483516484,0.618309187559726,0.647021714845563,0.14344262295082,0.180929199611698,0.0274725274725274,0.093965483404894,0.0823211875843455,0.12365336690256
"North Carolina",5,"2-3",35,137,"HH_size_n >   2.5 & shelter_expenses_by_hh_size <= 592.0 & total_deductions_by_hh_size > 522.0 & utilities >  37.5",1,0,2,0.5,6,0.5,0.0461337422300342,0.09793882866308,0.14023156075876,0.206706102311487,0.150693568726356,0.314689009762145,0.666666666666667,0.951006124234471,0.452293847425742,0.670945267654706,0.0901639344262295,0.135181560856695,0.026796973518285,0.0978944506563347,0.0346604215456674,0.0780545842866741
"North Carolina",5,"2-3",51,138,"HH_size_n >   2.5 & total_deductions_by_hh_size > 437.0 & utilities <= 722.0",3,0,5,0.6,7,0.6,0.00967308051494314,0.086296024063652,0.0791299189503785,0.184596620159891,0.122581597991434,0.307242771516532,0.6,0.889112602535421,0.143549596108507,0.573165290566098,0.125868725868726,0.147840300171806,0.0186087727071334,0.0879489726278499,0.0348545266578054,0.0696311641837466
"North Carolina",5,"2-3",55,135,"HH_size_n >   2.5 & medical_deductions > 131.0 & months_since_cert_n <=   7.5 & shelter_expenses_by_hh_size > 298.0",2,0,2,1,8,1,0.066797398787536,0.160984253966334,0.186569028251446,0.224579125776097,NA,NA,0.666666666666667,0.889055299539171,0.608836430037085,0.772448956561536,NA,NA,NA,NA,NA,NA
"North Carolina",5,"2-3",62,143,"HH_size_n > 2.500 & rawben_rel_max > 0.986 & unc_rawben_rel_max > 1.440",1,1,4,0.25,9,0.25,0.0337722214754052,0.0665830653337029,0.0979993619556781,0.142008111733603,0.133458646616541,0.252769354678481,0.6,0.773547400611621,0.325282319292149,0.473912240890546,0.119674185463659,0.21257086943538,0.0595238095238095,0.0822851854691177,0.0497658079625293,0.0822835475229642
"North Carolina",5,"2-3",69,199,"expedited_i <=    0.5 & medical_deductions >  104.0 & total_deductions_by_hh_size >  493.0 & total_deductions_by_hh_size <= 1440.0",1,1,1,1,10,1,0.122417300167761,0.23938158285289,0.176608269109654,0.218337234218531,0.332532051282051,0.469417128016223,0.833333333333333,0.927076964880103,0.653854114919164,0.780983814011103,0.24198717948718,0.306708023598389,0.0639880952380953,0.128674928498492,0.00744047619047622,0.0812486998464335
"North Carolina",5,"2-3",77,210,"married <   1.000 & months_since_cert_n >=   5.000 & total_deductions_by_hh_size >= 654.000 & unc_rawben_rel_max >=   0.274",1,0,1,1,11,1,0.0123055642476159,0.110598596324349,0.0964474863227127,0.180588032090332,0.126766091051805,0.285241410758929,0.4,0.780104060626626,0.234709227097819,0.611928023290744,0.063231850117096,0.156444013224315,0.0189760114572145,0.116711424964219,0.00716075904045824,0.0556454548892998
"North Carolina",5,"2-3",80,273,"shelter_expenses_by_hh_size <= 592.0 & total_deductions_by_hh_size > 522.0 & utilities >  37.5",1,0,3,0.333333333333333,12,0.333333333333333,0.0253296657334961,0.0933393062011169,0.0908018501310433,0.150252068767255,0.0618939883645766,0.247978183201467,0.25,0.844738778513613,0.192056753898925,0.494816200768754,0.0528211284513806,0.141828039152538,0.0192864030858245,0.0740210279738228,0.0218487394957983,0.0654287357174996
"North Carolina",5,"2-3",93,149,"HH_size_n >=   3.000 & rawben_rel_max >=   0.705 & total_deductions_by_hh_size >= 347.000 & utilities >= 361.000",1,0,6,0.166666666666667,13,0.166666666666667,0.0109991834265705,0.0792427744980397,0.0984580294365301,0.179822514107674,0.108309990662932,0.24424272400382,0.4,0.756225913621262,0.21936100348001,0.514880801075615,0.10995610995611,0.159112028288575,0.0213675213675214,0.0672116742945315,0.0170940170940171,0.0634168390648125
"North Carolina",5,"4+",21,305,"HH_size_n >   4.50 & rawben_rel_max <=   0.88 & shelter_expenses_by_hh_size <= 268.00 & total_deductions_by_hh_size > 222.00",3,2,3,1,0,NA,NA,NA,NA,NA,NA,NA,NA,NA,NA,NA,NA,NA,NA,NA,NA,NA
"North Carolina",5,"4+",34,480,"months_since_cert_n >=   9.000 & rawben_rel_max <   0.822 & total_deductions_by_hh_size >= 109.000 & unc_rawben_rel_max >=   0.725",1,0,1,1,1,1,0.00421726939901489,0.00421726939901489,0.196691802074227,0.196691802074227,0.41972602739726,0.41972602739726,0.666666666666667,0.666666666666667,0.554576071014093,0.554576071014093,0.352054794520548,0.352054794520548,0.442739726027397,0.442739726027397,0.0446575342465753,0.0446575342465753
"North Carolina",5,"4+",50,313,"HH_size_n >   4.500 & rawben_rel_max >   0.478 & total_deductions_by_hh_size > 233.000 & unc_rawben_rel_max <=   0.997",3,1,4,0.75,2,0.75,0.0109559598639977,0.0123361571218571,0.110712407124498,0.135003550119485,0.205454545454545,0.222561757047436,0.666666666666667,0.794805194805195,0.260052249691831,0.390986020391961,0.132727272727273,0.209986188158044,0.121818181818182,0.255760443790332,0.0363636363636364,0.0529514321295143
"North Carolina",5,"4+",66,340,"HH_size_n >=   5.00 & months_since_cert_n >=   2.00 & total_deductions_by_hh_size >= 245.00 & unc_rawben_rel_max <   1.01",3,1,8,0.375,3,0.375,0.000391563911831941,0.00633003691557612,0.0748437421191485,0.112100702971479,0.0531860662701784,0.131689829833904,0.4,0.537071651090343,0.0513218202023156,0.229833911795914,0.0751911639762107,0.148387411300557,0.0201359388275276,0.144826879114231,0.0203058623619372,0.0318456630503983
"North Carolina",5,"4+",89,343,"HH_size_n >=   5.000 & rawben_rel_max >=   0.302 & rawben_rel_max <   0.942 & total_deductions_by_hh_size >= 236.000",1,1,10,0.1,4,0.1,0.0018964118772991,0.00628331869584311,0.0344860131823959,0.0832042874758631,0.0382458662832494,0.111322973734748,0.4,0.549511854951185,0.0335294082576797,0.168937472603381,0.0534148094895759,0.117554892482184,0.0433566433566433,0.116803321141249,0.00661394680086272,0.0213415273535135
"North Carolina",10,"1",11,16,"count_divisible_by_100 <=   0.50 & months_since_cert_n >   3.50 & total_deductions_by_hh_size <= 810.00 & unc_rawben_rel_max >   1.93",1,0,1,1,0,NA,NA,NA,NA,NA,NA,NA,NA,NA,NA,NA,NA,NA,NA,NA,NA,NA
"North Carolina",10,"1",15,38,"expedited_i <=   0.50 & total_deductions_by_hh_size <= 920.00 & unc_rawben_rel_max >   1.93 & utilities <= 684.00",1,0,2,0.5,1,0.5,0.0152014534120108,0.0152014534120108,0.0489120992506234,0.0489120992506234,0.0683364254792826,0.0683364254792826,0.666666666666667,0.666666666666667,0.113010116777668,0.113010116777668,0.111626468769326,0.111626468769326,0.0538033395176252,0.0538033395176252,0.0185528756957328,0.0185528756957328
"North Carolina",10,"1",25,88,"rawben_rel_max <   0.992 & shelter_expenses_by_hh_size >= 831.000 & unc_rawben_rel_max >=   0.270 & utilities < 277.000",5,0,5,1,2,1,0.208223963051703,0.215840610516769,0.23212719619226,0.246365959318072,0.681164268986283,0.695992320022366,0.666666666666667,0.742154926486724,0.896240174481984,0.907038481632298,0.360823017731683,0.383003821347641,0.335731013716962,0.351416885887364,0.262908442065351,0.268670107201712
"North Carolina",10,"1",46,106,"rawben_rel_max >   0.727 & rawben_rel_max <=   0.991 & shelter_expenses_by_hh_size > 413.000 & utilities <=  28.500",2,0,2,1,3,1,0.0210366169849496,0.106187624253291,0.115257786381851,0.175910770462423,0.122267759562842,0.343349337016745,0.4,0.635699184536394,0.277962961095065,0.561489878531347,0.0563524590163934,0.190804178839899,0.079804189435337,0.180231250231708,0.0861794171220401,0.145277384985685
"North Carolina",10,"1",47,28,"elderly_disabled_i >  0.50 & months_since_cert_n <= 17.50 & unc_rawben_rel_max >  1.25 & utilities <= 14.50",3,1,3,1,4,1,0.0661368360553067,0.12151644407366,0.132123601932258,0.18480168733766,0.122800844475721,0.483971942284147,0.666666666666667,0.750465164358073,0.461972859672623,0.717410301627752,0.20617816091954,0.233194167894701,0.138986629134412,0.172535314684544,0.00940438871473352,0.173539093057361
"North Carolina",10,"1",63,53,"medical_deductions > 132.00 & unc_rawben_rel_max >   2.03 & utilities >  29.50",1,1,1,1,5,1,0.0577823617642484,0.114194886409532,0.117219113945483,0.221117859598686,NA,NA,0.833333333333333,0.879093198992443,0.521601626475405,0.749086563317234,NA,NA,NA,NA,NA,NA
"North Carolina",10,"1",67,123,"shelter_expenses_by_hh_size > 2070.000 & unc_rawben_rel_max <=    0.991",1,0,1,1,6,1,0.0369609992007122,0.112436780549507,0.162219300246367,0.210149358294192,0.333333333333333,0.418975406296111,0.8,0.885230024213075,0.633459918466502,0.753923773993161,0.168560606060606,0.258855004453631,0.0347222222222222,0.131277449814485,0.118055555555556,0.137311474382339
"North Carolina",10,"1",86,126,"shelter_expenses_by_hh_size > 929.000 & total_deductions_by_hh_size > 341.000 & unc_rawben_rel_max <=   0.995 & utilities <=  29.500",1,1,1,1,7,1,0.00635733984357538,0.079786019641529,0.0761375110636504,0.157348904418271,0.0453495577713932,0.317549155253806,0.5,0.741890205864005,0.0646707859593528,0.473474178858716,0.0700171821305842,0.204638688053196,0.0599942726231386,0.129192211270015,0.0446019473081329,0.123560927478231
"North Carolina",10,"1",91,4,"cat_elig >   0.500 & medical_deductions > 226.000 & unc_rawben_rel_max >   0.316 & unc_rawben_rel_max <=   0.991",3,0,3,1,8,1,0.0195712342066098,0.0813470374873792,0.121234569047241,0.173834646485964,0.539,0.610863549601165,0.6,0.873987813134733,0.557110572742675,0.67806351443414,0.124555555555556,0.202511972641134,0.0263169398907104,0.13363063429112,0.0185454545454545,0.176390847415515
"North Carolina",10,"1",100,10,"cat_elig >=   1 & rawben_rel_max <   1 & total_deductions_by_hh_size >= 450 & utilities < 277",4,0,8,0.5,9,0.5,0.00540530737481526,0.0669383156226549,0.0904143767502518,0.15672104912332,0.0754830917874396,0.343435812043358,0.666666666666667,0.789611732978684,0.177143863725815,0.473009935404965,0.0848429951690821,0.157297286772529,0.0244927536231884,0.102819742976702,0.0285103349964363,0.139981364619101
"North Carolina",10,"1",108,84,"percent_abawd <=    0.750 & rawben_rel_max <=    0.998 & shelter_expenses_by_hh_size > 1700.000 & total_deductions_by_hh_size > 1130.000",3,2,4,0.75,10,0.75,0.00740649711880854,0.0654374152566354,0.0743396542776519,0.166421268975882,0.161666666666667,0.314076351306048,0.666666666666667,0.780962881293642,0.178635630951537,0.598185599907361,0.0891666666666667,0.200360599429387,0.0420618556701031,0.112175007915232,0.0538888888888889,0.112719130053282
"North Carolina",10,"2-3",2,163,"cat_elig > 0.500 & children_i > 0.500 & rawben_rel_max > 0.996 & unc_rawben_rel_max > 1.690",2,1,2,1,0,NA,NA,NA,NA,NA,NA,NA,NA,NA,NA,NA,NA,NA,NA,NA,NA,NA
"North Carolina",10,"2-3",4,188,"elderly_disabled_i > 0.500 & married <= 0.500 & rawben_rel_max > 0.996 & unc_rawben_rel_max > 1.550",1,1,1,1,1,1,0.0160562972719352,0.0160562972719352,0.094924892334913,0.094924892334913,0.295238095238095,0.295238095238095,0.666666666666667,0.666666666666667,0.304846756422767,0.304846756422767,0.138095238095238,0.138095238095238,0.223809523809524,0.223809523809524,0.1,0.1
"North Carolina",10,"2-3",7,156,"cat_elig >   0.50 & shelter_expenses_by_hh_size > 246.00 & unc_rawben_rel_max >   1.63 & utilities <= 748.00",1,0,3,0.333333333333333,2,0.333333333333333,0.00756265872908184,0.0120542685334904,0.0749840052416786,0.0837381666387313,0.133489461358314,0.153828530699521,0.666666666666667,0.772256728778468,0.189185854224318,0.192676671198913,0.0721311475409836,0.119343753181957,0.140983606557377,0.144835047347521,0.014519906323185,0.0579676204052541
"North Carolina",10,"2-3",9,217,"married <= 0.500 & months_since_cert_n > 1.500 & rawben_rel_max > 0.997 & unc_rawben_rel_max > 1.520",2,1,4,0.5,3,0.5,0.0155894834555538,0.0213826115366679,0.0771531977606872,0.0839382789996834,0.0711779448621554,0.141690972161082,0.4,0.679292517006803,0.180232131724483,0.21251552019655,0.0847117794486216,0.12899633157836,0.0560828300258844,0.0882376667664477,0.0285714285714286,0.0566696366208261
"North Carolina",10,"2-3",12,195,"elderly_disabled_i >= 1.00 & married < 1.00 & unc_rawben_rel_max >= 1.42",1,0,3,0.333333333333333,4,0.333333333333333,0.000580098780565656,0.0101308824288439,0.0349006818560577,0.0711456113428396,0.0380952380952381,0.184262323970788,0.25,0.643294270833333,0.0119093127795321,0.199229669382578,0.0438095238095238,0.0976483248336004,0.0171428571428572,0.128000479554419,0.0066666666666667,0.0815909169696783
"North Carolina",10,"2-3",28,240,"months_since_cert_n <=  25 & shelter_expenses_by_hh_size > 499 & shelter_expenses_by_hh_size <= 679 & total_deductions_by_hh_size > 644",1,0,1,1,5,1,0.135930247508075,0.149394765709283,0.164420523172666,0.171510313968182,0.289722572509458,0.329304795503163,0.857142857142857,0.963516483516484,0.618309187559726,0.647021714845563,0.14344262295082,0.180929199611698,0.0274725274725274,0.093965483404894,0.0823211875843455,0.12365336690256
"North Carolina",10,"2-3",35,137,"HH_size_n >   2.5 & shelter_expenses_by_hh_size <= 592.0 & total_deductions_by_hh_size > 522.0 & utilities >  37.5",1,0,2,0.5,6,0.5,0.0461337422300342,0.09793882866308,0.14023156075876,0.206706102311487,0.150693568726356,0.314689009762145,0.666666666666667,0.951006124234471,0.452293847425742,0.670945267654706,0.0901639344262295,0.135181560856695,0.026796973518285,0.0978944506563347,0.0346604215456674,0.0780545842866741
"North Carolina",10,"2-3",51,138,"HH_size_n >   2.5 & total_deductions_by_hh_size > 437.0 & utilities <= 722.0",3,0,5,0.6,7,0.6,0.00967308051494314,0.086296024063652,0.0791299189503785,0.184596620159891,0.122581597991434,0.307242771516532,0.6,0.889112602535421,0.143549596108507,0.573165290566098,0.125868725868726,0.147840300171806,0.0186087727071334,0.0879489726278499,0.0348545266578054,0.0696311641837466
"North Carolina",10,"2-3",55,135,"HH_size_n >   2.5 & medical_deductions > 131.0 & months_since_cert_n <=   7.5 & shelter_expenses_by_hh_size > 298.0",2,0,2,1,8,1,0.066797398787536,0.160984253966334,0.186569028251446,0.224579125776097,NA,NA,0.666666666666667,0.889055299539171,0.608836430037085,0.772448956561536,NA,NA,NA,NA,NA,NA
"North Carolina",10,"2-3",62,143,"HH_size_n > 2.500 & rawben_rel_max > 0.986 & unc_rawben_rel_max > 1.440",1,1,4,0.25,9,0.25,0.0337722214754052,0.0665830653337029,0.0979993619556781,0.142008111733603,0.133458646616541,0.252769354678481,0.6,0.773547400611621,0.325282319292149,0.473912240890546,0.119674185463659,0.21257086943538,0.0595238095238095,0.0822851854691177,0.0497658079625293,0.0822835475229642
"North Carolina",10,"2-3",69,199,"expedited_i <=    0.5 & medical_deductions >  104.0 & total_deductions_by_hh_size >  493.0 & total_deductions_by_hh_size <= 1440.0",1,1,1,1,10,1,0.122417300167761,0.23938158285289,0.176608269109654,0.218337234218531,0.332532051282051,0.469417128016223,0.833333333333333,0.927076964880103,0.653854114919164,0.780983814011103,0.24198717948718,0.306708023598389,0.0639880952380953,0.128674928498492,0.00744047619047622,0.0812486998464335
"North Carolina",10,"2-3",77,210,"married <   1.000 & months_since_cert_n >=   5.000 & total_deductions_by_hh_size >= 654.000 & unc_rawben_rel_max >=   0.274",1,0,1,1,11,1,0.0123055642476159,0.110598596324349,0.0964474863227127,0.180588032090332,0.126766091051805,0.285241410758929,0.4,0.780104060626626,0.234709227097819,0.611928023290744,0.063231850117096,0.156444013224315,0.0189760114572145,0.116711424964219,0.00716075904045824,0.0556454548892998
"North Carolina",10,"2-3",80,273,"shelter_expenses_by_hh_size <= 592.0 & total_deductions_by_hh_size > 522.0 & utilities >  37.5",1,0,3,0.333333333333333,12,0.333333333333333,0.0253296657334961,0.0933393062011169,0.0908018501310433,0.150252068767255,0.0618939883645766,0.247978183201467,0.25,0.844738778513613,0.192056753898925,0.494816200768754,0.0528211284513806,0.141828039152538,0.0192864030858245,0.0740210279738228,0.0218487394957983,0.0654287357174996
"North Carolina",10,"2-3",93,149,"HH_size_n >=   3.000 & rawben_rel_max >=   0.705 & total_deductions_by_hh_size >= 347.000 & utilities >= 361.000",1,0,6,0.166666666666667,13,0.166666666666667,0.0109991834265705,0.0792427744980397,0.0984580294365301,0.179822514107674,0.108309990662932,0.24424272400382,0.4,0.756225913621262,0.21936100348001,0.514880801075615,0.10995610995611,0.159112028288575,0.0213675213675214,0.0672116742945315,0.0170940170940171,0.0634168390648125
"North Carolina",10,"2-3",97,288,"total_deductions_by_hh_size >= 625.000 & unc_rawben_rel_max <   0.997 & utilities < 875.000",2,0,5,0.4,14,0.4,0.0423395482871071,0.123438264454569,0.123108072596432,0.19021798267125,0.130325814536341,0.251118072514422,0.5,0.825925925925926,0.350648832082506,0.625937838037016,0.112685560053981,0.171839262188606,0.00313283208020049,0.0796692466715943,0.0132764343290659,0.0770695412815976
"North Carolina",10,"2-3",113,165,"cat_elig >=   1.000 & medical_deductions >= 179.000 & rawben_rel_max >=   0.137",1,0,1,1,15,1,0.0147669309423808,0.196232342380923,0.095602796815735,0.205290657367312,0.117450305810398,0.470449474079381,0.6,0.913569116967175,0.1946799085203,0.72630113720553,0.0427178899082569,0.259164597465021,0.00502402795980778,0.0686857367466887,0.0122324159021406,0.109539962536128
"North Carolina",10,"4+",21,305,"HH_size_n >   4.50 & rawben_rel_max <=   0.88 & shelter_expenses_by_hh_size <= 268.00 & total_deductions_by_hh_size > 222.00",3,2,3,1,0,NA,NA,NA,NA,NA,NA,NA,NA,NA,NA,NA,NA,NA,NA,NA,NA,NA
"North Carolina",10,"4+",34,480,"months_since_cert_n >=   9.000 & rawben_rel_max <   0.822 & total_deductions_by_hh_size >= 109.000 & unc_rawben_rel_max >=   0.725",1,0,1,1,1,1,0.00421726939901489,0.00421726939901489,0.196691802074227,0.196691802074227,0.41972602739726,0.41972602739726,0.666666666666667,0.666666666666667,0.554576071014093,0.554576071014093,0.352054794520548,0.352054794520548,0.442739726027397,0.442739726027397,0.0446575342465753,0.0446575342465753
"North Carolina",10,"4+",50,313,"HH_size_n >   4.500 & rawben_rel_max >   0.478 & total_deductions_by_hh_size > 233.000 & unc_rawben_rel_max <=   0.997",3,1,4,0.75,2,0.75,0.0109559598639977,0.0123361571218571,0.110712407124498,0.135003550119485,0.205454545454545,0.222561757047436,0.666666666666667,0.794805194805195,0.260052249691831,0.390986020391961,0.132727272727273,0.209986188158044,0.121818181818182,0.255760443790332,0.0363636363636364,0.0529514321295143
"North Carolina",10,"4+",57,448,"months_since_cert_n >  1.500 & rawben_rel_max <=  0.983 & total_deductions_by_hh_size > 31.000 & unc_rawben_rel_max >  0.776",19,2,21,0.904761904761905,3,0.904761904761905,0.011949798540917,0.0182908138839276,0.127592907109483,0.161267485646223,0.0676539553251882,0.170018161455878,0,0.528704939919893,0.202442885103532,0.3502839283374,0.147994569912378,0.172124202506996,0.157821457821458,0.187855170961047,0.0181981981981982,0.0286184407193241
"North Carolina",10,"4+",66,340,"HH_size_n >=   5.00 & months_since_cert_n >=   2.00 & total_deductions_by_hh_size >= 245.00 & unc_rawben_rel_max <   1.01",3,1,8,0.375,4,0.375,0.000391563911831941,0.0112621479687263,0.0748437421191485,0.161543784133468,0.0531860662701784,0.167647634853486,0.4,0.643400447427293,0.0513218202023156,0.36191889797177,0.0751911639762107,0.126475245623032,0.0201359388275276,0.172009468165397,0.011753809884651,0.0153609043288372
"North Carolina",10,"4+",76,458,"months_since_cert_n > 0.500 & rawben_rel_max > 0.793 & unc_rawben_rel_max <= 0.879",2,1,9,0.222222222222222,5,0.222222222222222,0.00238169850390631,0.0088801008218128,0.0664029680701549,0.0913556985338454,0.0498024340129603,0.0835185398526298,0.6,0.800411311053985,0.0805041616711059,0.153598166388943,0.0350403034613561,0.0642016207022787,0.0602813339655445,0.0835953942386022,0.0107389686337055,0.0278333525276174
"North Carolina",10,"4+",89,343,"HH_size_n >=   5.000 & rawben_rel_max >=   0.302 & rawben_rel_max <   0.942 & total_deductions_by_hh_size >= 236.000",1,1,10,0.1,6,0.1,0.000485286626607212,0.00633149952517744,0.0344860131823959,0.165843708670903,0.0382458662832494,0.164126735231975,0.4,0.701101449275362,0.0335294082576797,0.366846617035511,0.0534148094895759,0.110803605999755,0.0433566433566433,0.104707647288829,0.00661394680086272,0.0145019916022361
"North Carolina",10,"4+",98,513,"rawben_rel_max >  0.776 & total_deductions_by_hh_size > 31.700 & unc_rawben_rel_max <=  0.983",1,1,24,0.0416666666666667,7,0.0416666666666667,0.000702118738864041,0.00605387297295421,0.0232993077447478,0.0640874083980769,0.0209938445232563,0.0654121575139002,0.25,0.675862068965517,0.00587633395644283,0.105525859122421,0.0286657698422404,0.0620514105123994,0.0166574052022969,0.0585875539660865,0.0113896702131996,0.0227442185941705
"North Carolina",10,"4+",101,473,"months_since_cert_n >=   5.000 & rawben_rel_max >=   0.536 & shelter_expenses_by_hh_size < 504.000 & total_deductions_by_hh_size >= 234.000",2,0,4,0.5,8,0.5,0.00320690908559099,0.00490686807776376,0.0991022200225242,0.159849633102493,0.111189348354884,0.133155749619457,0.6,0.629265629265629,0.216958327718776,0.300544162393293,0.111511655851959,0.129849542582851,0.046661730223374,0.0935216544366335,0.0616438356164383,0.0809898533844545
"North Carolina",10,"4+",106,396,"expedited_i <=   0.500 & months_since_cert_n >   4.500 & total_deductions_by_hh_size > 219.000 & unc_rawben_rel_max <=   0.988",1,0,6,0.166666666666667,9,0.166666666666667,0.0105481221100819,0.0146291912776339,0.0764145212194456,0.176690448637428,0.0547297297297297,0.0788962240405016,0.4,0.632465181573017,0.11538899240342,0.321931111967056,0.0689559422436135,0.102020566955732,0.0387356534616809,0.0875980393541568,0.00786745649759346,0.0770725703876918
"North Carolina",10,"4+",118,465,"months_since_cert_n >=   2.000 & rawben_rel_max <   0.997 & shelter_expenses_by_hh_size < 428.000 & total_deductions_by_hh_size >= 243.000",5,2,12,0.416666666666667,10,0.416666666666667,0.00012364736173659,0.00480817468224082,0.0629037734486625,0.141343880099153,0.0608116758417616,0.142912360302982,0.4,0.662927195396547,0.101103947968346,0.290882800180606,0.067596978619895,0.107602269571968,0.0398314014752371,0.0810596678981508,0.0319634703196347,0.0467889810796797
"North Carolina",10,"4+",119,362,"count_divisible_by_100 >   0.500 & HH_size_n >   4.500 & rawben_rel_max <=   0.948 & shelter_expenses_by_hh_size > 178.000",2,0,2,1,11,1,0.000538159059001245,0.0241192614929302,0.0727738335912164,0.125240916291052,0.0974658869395712,0.132916610800127,0.666666666666667,0.932508558979147,0.31042705582601,0.351727316223737,0.118908382066277,0.140396929170869,0.039460020768432,0.183628261068163,0.0246067985794013,0.0576351198612154
"North Dakota",5,"1",4,66,"medical_deductions >= 358.000 & rawben_rel_max >=   0.833 & rawben_rel_max <   0.916 & unc_rawben_rel_max <   1.520",1,0,1,1,0,NA,NA,NA,NA,NA,NA,NA,NA,NA,NA,NA,NA,NA,NA,NA,NA,NA
"North Dakota",5,"1",10,54,"medical_deductions > 200.000 & rawben_rel_max >   0.473 & rawben_rel_max <=   0.991 & utilities <= 392.000",1,0,1,1,1,1,0.00660118065679802,0.00660118065679802,0.135471743366563,0.135471743366563,0.248536109303839,0.248536109303839,0.4,0.4,0.296136007931122,0.296136007931122,0.0969420949902408,0.0969420949902408,0.00260247234873129,0.00260247234873129,0.167208848405986,0.167208848405986
"North Dakota",5,"1",11,111,"rawben_rel_max >=   0.236 & rawben_rel_max <   1.000 & total_deductions_by_hh_size >= 511.000 & utilities < 249.000",2,1,2,1,2,1,0.0416388873054321,0.0429384621242158,0.120569400041941,0.136909969868748,0.564875257086649,0.591912273179369,0.4,0.4782874617737,0.45658849388303,0.491762346377139,0.161673969417866,0.162523996474855,0.0552377839516261,0.0556973948939479,0.238039881963695,0.27514777240039
"North Dakota",5,"1",21,36,"expedited_i <=   0.50 & percent_abawd <=   0.50 & shelter_expenses_by_hh_size <= 850.00 & unc_rawben_rel_max >   1.93",1,1,1,1,3,1,0.217071900632825,0.22236015925267,0.220672407759188,0.235499248880951,0.621090721116568,0.65232019409652,1,1,0.882669656275355,0.896571377246578,0.291436733103941,0.306544075459315,0.284100499902616,0.297903674115376,0.0519514086327216,0.19959740631154
"North Dakota",5,"1",22,8,"cat_elig >=    1.00 & shelter_expenses_by_hh_size < 1720.00 & unc_rawben_rel_max >=    2.49 & utilities <  875.00",1,0,2,0.5,4,0.5,0.0944181398711738,0.140317558319934,0.0888356301893113,0.209069140308085,0.180091324200913,0.471295474684506,0.666666666666667,0.825457525266321,0.551631547748274,0.795526265598585,0.207853881278539,0.372003453739964,0.0434703196347032,0.212249078534292,0.0679936808846761,0.138296388323197
"North Dakota",5,"1",26,3,"cat_elig >   0.500 & expedited_i >   0.500 & total_deductions_by_hh_size > 991.000 & unc_rawben_rel_max <=   0.991",2,1,2,1,5,1,0.0445090063060744,0.104226389839255,0.132400393852131,0.185080239060092,NA,NA,0.857142857142857,0.89997721576669,0.500188249468195,0.670505539693461,NA,NA,NA,NA,NA,NA
"North Dakota",5,"1",34,117,"rawben_rel_max >=   0.988 & rawben_rel_max <   0.992 & total_deductions_by_hh_size >= 495.000 & utilities < 850.000",1,0,1,1,6,1,0.0274811918034056,0.0900007268417825,0.166771111758387,0.202720406318743,0.336520606413348,0.510534194751592,0,0.425093795093795,0.602797645348304,0.709669175596896,0.105789750838391,0.212132757881494,0.0239184058091516,0.120129295964677,0.0735567196031152,0.169662820467155
"North Dakota",5,"1",35,62,"medical_deductions >= 117.000 & medical_deductions < 130.000 & rawben_rel_max >=   0.498",1,0,1,1,7,1,0.0116689784361191,0.0913905305004422,0.110272685017243,0.16303920103517,0.131176999101527,0.636623114957876,0.6,0.849154228855721,0.421531346673946,0.704208207981701,0.0557053009883199,0.249070854880821,0.0802301963439404,0.12682471070738,0.0533661740558292,0.362948994761354
"North Dakota",5,"1",36,53,"medical_deductions > 132.00 & unc_rawben_rel_max >   2.03 & utilities >  29.50",1,0,2,0.5,8,0.5,0.0330217461261252,0.123784628632638,0.0850817003804488,0.201682360257732,NA,NA,0.8,0.935359116022099,0.24849243550887,0.724310956388307,NA,NA,NA,NA,NA,NA
"North Dakota",5,"1",38,65,"medical_deductions >= 201.000 & rawben_rel_max >=   0.762 & rawben_rel_max <   0.936 & total_deductions_by_hh_size >= 784.000",3,1,4,0.75,9,0.75,0.00243675298822553,0.066622235475708,0.0777435899532723,0.169209854264304,0.105241090146751,0.527767105567575,0.4,0.555771360422523,0.131106839516685,0.640133674041368,0.0465408805031446,0.195054401016383,0.0654970760233918,0.140422436775533,0.0654490106544901,0.256731959315243
"North Dakota",5,"2-3",5,226,"medical_deductions > 143 & shelter_expenses_by_hh_size <= 738 & total_deductions_by_hh_size > 503",2,0,2,1,0,NA,NA,NA,NA,NA,NA,NA,NA,NA,NA,NA,NA,NA,NA,NA,NA,NA
"North Dakota",5,"2-3",18,142,"HH_size_n >   2.500 & total_deductions_by_hh_size > 440.000 & unc_rawben_rel_max >   0.640 & unc_rawben_rel_max <=   0.996",1,0,1,1,1,1,0.150925819736286,0.150925819736286,0.255862143676486,0.255862143676486,0.503703703703704,0.503703703703704,0.833333333333333,0.833333333333333,0.820611082363957,0.820611082363957,0.3,0.3,0.107407407407407,0.107407407407407,0.162962962962963,0.162962962962963
"North Dakota",5,"2-3",40,273,"shelter_expenses_by_hh_size <= 592.0 & total_deductions_by_hh_size > 522.0 & utilities >  37.5",1,1,2,0.5,2,0.5,0.0312134176323608,0.0693020087887745,0.154669460009942,0.163870179633804,0.0883909119203237,0.204523290797801,0.5,0.722222222222222,0.327717160640543,0.413732914366862,0.157018362900716,0.178441747069198,0.0347027699968876,0.050586160390082,0.0798319327731093,0.0915655150949269
"North Dakota",5,"4+",20,335,"HH_size_n >=   5 & married <   1 & shelter_expenses_by_hh_size < 293 & total_deductions_by_hh_size >= 212",1,0,1,1,0,NA,NA,NA,NA,NA,NA,NA,NA,NA,NA,NA,NA,NA,NA,NA,NA,NA
"North Dakota",5,"4+",33,412,"married >=   1 & shelter_expenses_by_hh_size < 454 & total_deductions_by_hh_size >= 232 & total_deductions_by_hh_size < 247",2,0,2,1,1,1,0.00366254621300293,0.00366254621300293,0.106300805287487,0.106300805287487,0.394179894179894,0.394179894179894,0.666666666666667,0.666666666666667,0.459400399484547,0.459400399484547,0.26984126984127,0.26984126984127,0.117063492063492,0.117063492063492,0.10515873015873,0.10515873015873
"North Dakota",10,"1",4,66,"medical_deductions >= 358.000 & rawben_rel_max >=   0.833 & rawben_rel_max <   0.916 & unc_rawben_rel_max <   1.520",1,0,1,1,0,NA,NA,NA,NA,NA,NA,NA,NA,NA,NA,NA,NA,NA,NA,NA,NA,NA
"North Dakota",10,"1",10,54,"medical_deductions > 200.000 & rawben_rel_max >   0.473 & rawben_rel_max <=   0.991 & utilities <= 392.000",1,0,1,1,1,1,0.00660118065679802,0.00660118065679802,0.135471743366563,0.135471743366563,0.248536109303839,0.248536109303839,0.4,0.4,0.296136007931122,0.296136007931122,0.0969420949902408,0.0969420949902408,0.00260247234873129,0.00260247234873129,0.167208848405986,0.167208848405986
"North Dakota",10,"1",11,111,"rawben_rel_max >=   0.236 & rawben_rel_max <   1.000 & total_deductions_by_hh_size >= 511.000 & utilities < 249.000",2,1,2,1,2,1,0.0416388873054321,0.0429384621242158,0.120569400041941,0.136909969868748,0.564875257086649,0.591912273179369,0.4,0.4782874617737,0.45658849388303,0.491762346377139,0.161673969417866,0.162523996474855,0.0552377839516261,0.0556973948939479,0.238039881963695,0.27514777240039
"North Dakota",10,"1",21,36,"expedited_i <=   0.50 & percent_abawd <=   0.50 & shelter_expenses_by_hh_size <= 850.00 & unc_rawben_rel_max >   1.93",1,1,1,1,3,1,0.217071900632825,0.22236015925267,0.220672407759188,0.235499248880951,0.621090721116568,0.65232019409652,1,1,0.882669656275355,0.896571377246578,0.291436733103941,0.306544075459315,0.284100499902616,0.297903674115376,0.0519514086327216,0.19959740631154
"North Dakota",10,"1",22,8,"cat_elig >=    1.00 & shelter_expenses_by_hh_size < 1720.00 & unc_rawben_rel_max >=    2.49 & utilities <  875.00",1,0,2,0.5,4,0.5,0.0944181398711738,0.140317558319934,0.0888356301893113,0.209069140308085,0.180091324200913,0.471295474684506,0.666666666666667,0.825457525266321,0.551631547748274,0.795526265598585,0.207853881278539,0.372003453739964,0.0434703196347032,0.212249078534292,0.0679936808846761,0.138296388323197
"North Dakota",10,"1",26,3,"cat_elig >   0.500 & expedited_i >   0.500 & total_deductions_by_hh_size > 991.000 & unc_rawben_rel_max <=   0.991",2,1,2,1,5,1,0.0445090063060744,0.104226389839255,0.132400393852131,0.185080239060092,NA,NA,0.857142857142857,0.89997721576669,0.500188249468195,0.670505539693461,NA,NA,NA,NA,NA,NA
"North Dakota",10,"1",34,117,"rawben_rel_max >=   0.988 & rawben_rel_max <   0.992 & total_deductions_by_hh_size >= 495.000 & utilities < 850.000",1,0,1,1,6,1,0.0274811918034056,0.0900007268417825,0.166771111758387,0.202720406318743,0.336520606413348,0.510534194751592,0,0.425093795093795,0.602797645348304,0.709669175596896,0.105789750838391,0.212132757881494,0.0239184058091516,0.120129295964677,0.0735567196031152,0.169662820467155
"North Dakota",10,"1",35,62,"medical_deductions >= 117.000 & medical_deductions < 130.000 & rawben_rel_max >=   0.498",1,0,1,1,7,1,0.0116689784361191,0.0913905305004422,0.110272685017243,0.16303920103517,0.131176999101527,0.636623114957876,0.6,0.849154228855721,0.421531346673946,0.704208207981701,0.0557053009883199,0.249070854880821,0.0802301963439404,0.12682471070738,0.0533661740558292,0.362948994761354
"North Dakota",10,"1",36,53,"medical_deductions > 132.00 & unc_rawben_rel_max >   2.03 & utilities >  29.50",1,0,2,0.5,8,0.5,0.0330217461261252,0.123784628632638,0.0850817003804488,0.201682360257732,NA,NA,0.8,0.935359116022099,0.24849243550887,0.724310956388307,NA,NA,NA,NA,NA,NA
"North Dakota",10,"1",38,65,"medical_deductions >= 201.000 & rawben_rel_max >=   0.762 & rawben_rel_max <   0.936 & total_deductions_by_hh_size >= 784.000",3,1,4,0.75,9,0.75,0.00243675298822553,0.066622235475708,0.0777435899532723,0.169209854264304,0.105241090146751,0.527767105567575,0.4,0.555771360422523,0.131106839516685,0.640133674041368,0.0465408805031446,0.195054401016383,0.0654970760233918,0.140422436775533,0.0654490106544901,0.256731959315243
"North Dakota",10,"1",42,4,"cat_elig >   0.500 & medical_deductions > 226.000 & unc_rawben_rel_max >   0.316 & unc_rawben_rel_max <=   0.991",5,1,9,0.555555555555556,10,0.555555555555556,0.0110578687301094,0.0611126030806636,0.110990491013396,0.146876557344441,0.0670188679245283,0.473870303738611,0.6,0.899383235211663,0.131273884932992,0.555264677248173,0.0977440758293839,0.150964513454164,0.0175924170616114,0.0839808936100798,0.0414246575342465,0.19383646168732
"North Dakota",10,"1",55,59,"medical_deductions > 96.200 & rawben_rel_max >  0.885 & rawben_rel_max <=  0.998 & unc_rawben_rel_max >  0.279",1,0,2,0.5,11,0.5,0.00233857042280666,0.0518692412166341,0.104523434755619,0.138100294597764,0.0895206611570248,0.385502482447241,0.4,0.664150185724325,0.184733596691005,0.490358878142457,0.0650241696553875,0.149949632983718,0.0290229885057471,0.106235027085244,0.0354352994452621,0.174746849673237
"North Dakota",10,"1",66,92,"rawben_rel_max <   1.000 & total_deductions_by_hh_size >= 425.000 & unc_rawben_rel_max >=   0.986 & utilities < 800.000",1,0,2,0.5,12,0.5,0.00255755584255782,0.0501822742408471,0.0195552901125647,0.142050477333542,0.0384431022912472,0.440796013083168,0.4,0.62936318067897,0.0213764607101411,0.518914899208772,0.0173521234780942,0.137503240093776,0.0120793787748058,0.0788286663066812,0.00843639152526127,0.199128807227904
"North Dakota",10,"1",78,25,"elderly_disabled_i >   0.500 & rawben_rel_max >   0.994 & shelter_expenses_by_hh_size <= 814.000 & unc_rawben_rel_max >   1.470",1,0,1,1,13,1,0.0117264609809967,0.199148750688852,0.0983718213216962,0.208589223033192,0.0662581110310021,0.628134585199232,0.666666666666667,0.815902578796562,0.107436582002082,0.816474823974463,0.0755587599134823,0.302917480182955,0.0615717375630858,0.334207669292724,0.0218947368421053,0.172101495635734
"North Dakota",10,"2-3",5,226,"medical_deductions > 143 & shelter_expenses_by_hh_size <= 738 & total_deductions_by_hh_size > 503",2,0,2,1,0,NA,NA,NA,NA,NA,NA,NA,NA,NA,NA,NA,NA,NA,NA,NA,NA,NA
"North Dakota",10,"2-3",18,142,"HH_size_n >   2.500 & total_deductions_by_hh_size > 440.000 & unc_rawben_rel_max >   0.640 & unc_rawben_rel_max <=   0.996",1,0,1,1,1,1,0.150925819736286,0.150925819736286,0.255862143676486,0.255862143676486,0.503703703703704,0.503703703703704,0.833333333333333,0.833333333333333,0.820611082363957,0.820611082363957,0.3,0.3,0.107407407407407,0.107407407407407,0.162962962962963,0.162962962962963
"North Dakota",10,"2-3",40,273,"shelter_expenses_by_hh_size <= 592.0 & total_deductions_by_hh_size > 522.0 & utilities >  37.5",1,1,2,0.5,2,0.5,0.0312134176323608,0.0693020087887745,0.154669460009942,0.163870179633804,0.0883909119203237,0.204523290797801,0.5,0.722222222222222,0.327717160640543,0.413732914366862,0.157018362900716,0.178441747069198,0.0347027699968876,0.050586160390082,0.0798319327731093,0.0915655150949269
"North Dakota",10,"2-3",45,288,"total_deductions_by_hh_size >= 625.000 & unc_rawben_rel_max <   0.997 & utilities < 875.000",2,0,3,0.666666666666667,3,0.666666666666667,0.0759067860450494,0.0765535743944141,0.142545173377918,0.168933392727025,0.130325814536341,0.173021000153814,0.6,0.748014440433213,0.432900781692744,0.507776333475665,0.119342473831638,0.148206096042825,0.0783576588530149,0.0933826922370697,0.0175438596491228,0.0624752047883565
"North Dakota",10,"2-3",53,223,"medical_deductions > 131.000 & rawben_rel_max >   0.148 & unc_rawben_rel_max >   0.494",1,0,2,0.5,4,0.5,0.0206492462656666,0.125418466864572,0.142727724113703,0.179851385208241,0.166145833333333,0.384096030329425,0.8,0.956462585034014,0.285044336409028,0.642232592224931,0.101388888888889,0.233217790039993,0.0873842592592593,0.118816970188242,0.0428819444444445,0.0957001843134915
"North Dakota",10,"2-3",68,136,"HH_size_n >   2.5 & months_since_cert_n <=  10.5 & shelter_expenses_by_hh_size > 279.0 & total_deductions_by_hh_size > 402.0",1,1,3,0.333333333333333,5,0.333333333333333,0.0291359462276157,0.106596737436524,0.131017650047826,0.183549987673628,0.0394736842105263,0.253231066519374,0.666666666666667,0.86986301369863,0.18938787728635,0.549309499570326,0.0750487329434698,0.187491290676328,0.00974658869395714,0.0747538164508774,0.0219298245614035,0.058061857683873
"North Dakota",10,"4+",20,335,"HH_size_n >=   5 & married <   1 & shelter_expenses_by_hh_size < 293 & total_deductions_by_hh_size >= 212",1,0,1,1,0,NA,NA,NA,NA,NA,NA,NA,NA,NA,NA,NA,NA,NA,NA,NA,NA,NA
"North Dakota",10,"4+",33,412,"married >=   1 & shelter_expenses_by_hh_size < 454 & total_deductions_by_hh_size >= 232 & total_deductions_by_hh_size < 247",2,0,2,1,1,1,0.00366254621300293,0.00366254621300293,0.106300805287487,0.106300805287487,0.394179894179894,0.394179894179894,0.666666666666667,0.666666666666667,0.459400399484547,0.459400399484547,0.26984126984127,0.26984126984127,0.117063492063492,0.117063492063492,0.10515873015873,0.10515873015873
"North Dakota",10,"4+",43,522,"shelter_expenses_by_hh_size <= 341.000 & total_deductions_by_hh_size > 233.000 & unc_rawben_rel_max <=   0.976",2,0,3,0.666666666666667,2,0.666666666666667,0.0198473378579821,0.0218926558730357,0.103935739398648,0.104417396942734,0.110664881749219,0.215868835059885,0.6,0.6,0.205625037987351,0.294320016389376,0.123605533244087,0.171001155725768,0.0548862115127176,0.0589578474690351,0.0589500860585197,0.0642489562455139
"North Dakota",10,"4+",52,530,"shelter_expenses_by_hh_size >  75.8 & shelter_expenses_by_hh_size <= 258.0 & total_deductions_by_hh_size > 210.0",1,0,1,1,3,1,0.00769084956857505,0.0113093760423846,0.0592614118229488,0.0908280385726627,0.0545808966861599,0.154965026049363,0.5,0.535,0.0772818293085852,0.204054362034454,0.0666878038469668,0.10302894764293,0.0214542380046502,0.0337157984867243,0.0281954887218045,0.0386061562266381
"North Dakota",10,"4+",58,467,"months_since_cert_n >=   4 & total_deductions_by_hh_size >= 217 & total_deductions_by_hh_size < 261",1,1,2,0.5,4,0.5,0.00597715440843895,0.0149339892303839,0.0849047397697292,0.125418847716782,0.176140174379611,0.222622496724804,0.6,0.775836030204962,0.285900468589566,0.34709811941989,0.11611334674715,0.158001384647514,0.101190476190476,0.136105825038237,0.0243226426834097,0.0315110540996922
"North Dakota",10,"4+",59,306,"HH_size_n >   4.500 & married <=   0.500 & shelter_expenses_by_hh_size > 251.000 & unc_rawben_rel_max <=   0.976",4,0,5,0.8,5,0.8,0.00259241708684253,0.00869037385934913,0.0794252552395238,0.099097587012022,0.111841418883672,0.199898834140727,0.666666666666667,0.899396378269618,0.265995785192819,0.339117826345193,0.0702138758476787,0.125571597606422,0.0466675517790759,0.073293770760036,0.0425045908541228,0.0595676491808849
"North Dakota",10,"4+",61,539,"shelter_expenses_by_hh_size >= 367 & total_deductions_by_hh_size >= 177 & total_deductions_by_hh_size < 187",1,0,1,1,6,1,0.0187742921894327,0.0392258015863751,0.0972840546050345,0.147041231807014,NA,NA,0.5,0.692922673656619,0.420640299191155,0.521628909900951,NA,NA,NA,NA,NA,NA
"North Dakota",10,"4+",70,515,"rawben_rel_max >=   0.477 & rawben_rel_max <   0.718 & shelter_expenses_by_hh_size < 454.000 & total_deductions_by_hh_size >= 268.000",1,0,1,1,7,1,0.00236468455711368,0.0133381811891116,0.0865803369486247,0.118232995004757,0.0655270655270655,0.193604870614012,0.6,0.804445862582429,0.181971400879741,0.370537533544139,0.0904276446445121,0.151956527362161,0.0240301866807891,0.0897190929044084,0.0610500610500611,0.111484201168938
"Ohio",5,"1",2,107,"rawben_rel_max >   0.751 & rawben_rel_max <=   0.992 & shelter_expenses_by_hh_size > 832.000 & utilities <=  29.500",1,0,1,1,0,NA,NA,NA,NA,NA,NA,NA,NA,NA,NA,NA,NA,NA,NA,NA,NA,NA
"Ohio",5,"1",9,16,"count_divisible_by_100 <=   0.50 & months_since_cert_n >   3.50 & total_deductions_by_hh_size <= 810.00 & unc_rawben_rel_max >   1.93",2,1,2,1,1,1,0.20440095590463,0.20440095590463,0.24512365305808,0.24512365305808,0.753333333333333,0.753333333333333,1,1,0.907115256277976,0.907115256277976,0.461818181818182,0.461818181818182,0.394545454545455,0.394545454545455,0.298787878787879,0.298787878787879
"Ohio",5,"1",14,30,"elderly_disabled_i >=   1.00 & rawben_rel_max >=   1.00 & unc_rawben_rel_max >=   1.52 & utilities < 313.00",1,0,1,1,2,1,0.0271039283253428,0.0906135070829527,0.150599612902772,0.173723054533461,0.103506979911474,0.373610016155827,0.666666666666667,0.776605944391179,0.358515674298869,0.565861825239645,0.202928157984338,0.270671300898282,0.0980592441266599,0.203048446915425,0.0975485188968335,0.147581356129731
"Ohio",5,"1",26,8,"cat_elig >=    1.00 & shelter_expenses_by_hh_size < 1720.00 & unc_rawben_rel_max >=    2.49 & utilities <  875.00",2,0,2,1,3,1,0.0650606353175651,0.0872674206017215,0.102519074086523,0.146461933749005,0.143071161048689,0.256752208754989,0.666666666666667,0.764195712649321,0.513469739975063,0.588012110895584,0.172727272727273,0.245141558057115,0.106367041198502,0.149536181928166,0.091685393258427,0.125927080371654
"Ohio",5,"1",32,89,"rawben_rel_max <   0.992 & total_deductions_by_hh_size >= 220.000 & unc_rawben_rel_max >=   0.986 & utilities < 688.000",1,1,1,1,4,1,0.0349716683204584,0.17897727833504,0.170767280620156,0.209334835241117,0.272046783625731,0.644263012340504,0.666666666666667,0.708137432188065,0.502580717678679,0.812173317519949,0.032280701754386,0.345897564450469,0.0591812865497076,0.326104226055629,0.0603508771929825,0.148178213729719
"Ohio",5,"1",34,106,"rawben_rel_max >   0.727 & rawben_rel_max <=   0.991 & shelter_expenses_by_hh_size > 413.000 & utilities <=  28.500",3,0,4,0.75,5,0.75,0.0111314477121009,0.0963756079175746,0.119901809220918,0.210731891365626,0.171666666666667,0.429935178906255,0,0.67559934318555,0.213926768335383,0.697292880055958,0.0994152046783626,0.213730988549415,0.0719444444444444,0.178772594869348,0.0343567251461989,0.0874959575979621
"Ohio",5,"1",41,62,"medical_deductions >= 117.000 & medical_deductions < 130.000 & rawben_rel_max >=   0.498",2,0,2,1,6,1,0.0486372867670374,0.0981162599572447,0.150765358453039,0.168895190929835,0.620952380952381,0.720741131489363,0.833333333333333,0.925238600212089,0.695335244349177,0.744794720502215,0.18952380952381,0.291483824101535,0.0885714285714286,0.168629496639782,0.207792207792208,0.378298882873244
"Ohio",5,"2-3",3,163,"cat_elig > 0.500 & children_i > 0.500 & rawben_rel_max > 0.996 & unc_rawben_rel_max > 1.690",1,0,1,1,0,NA,NA,NA,NA,NA,NA,NA,NA,NA,NA,NA,NA,NA,NA,NA,NA,NA
"Ohio",5,"2-3",5,188,"elderly_disabled_i > 0.500 & married <= 0.500 & rawben_rel_max > 0.996 & unc_rawben_rel_max > 1.550",1,0,2,0.5,1,0.5,0.0160562972719352,0.0160562972719352,0.094924892334913,0.094924892334913,0.295238095238095,0.295238095238095,0.666666666666667,0.666666666666667,0.304846756422767,0.304846756422767,0.138095238095238,0.138095238095238,0.223809523809524,0.223809523809524,0.1,0.1
"Ohio",5,"2-3",7,156,"cat_elig >   0.50 & shelter_expenses_by_hh_size > 246.00 & unc_rawben_rel_max >   1.63 & utilities <= 748.00",1,1,3,0.333333333333333,2,0.333333333333333,0.00756265872908184,0.0120542685334904,0.0749840052416786,0.0837381666387313,0.133489461358314,0.153828530699521,0.666666666666667,0.772256728778468,0.189185854224318,0.192676671198913,0.0721311475409836,0.119343753181957,0.140983606557377,0.144835047347521,0.014519906323185,0.0579676204052541
"Ohio",5,"2-3",10,195,"elderly_disabled_i >= 1.00 & married < 1.00 & unc_rawben_rel_max >= 1.42",1,0,3,0.333333333333333,3,0.333333333333333,0.000580098780565656,0.00753600288181614,0.0349006818560577,0.0730752415689538,0.0380952380952381,0.157814118434259,0.25,0.663333333333333,0.0119093127795321,0.176157752862571,0.0438095238095238,0.0947733690197391,0.0171428571428572,0.128942656406825,0.0066666666666667,0.0655994647039144
"Ohio",5,"2-3",16,211,"married <   1.000 & rawben_rel_max >=   0.933 & total_deductions_by_hh_size >= 308.000 & unc_rawben_rel_max >=   1.510",1,0,3,0.333333333333333,4,0.333333333333333,0.02314342912542,0.0270554760549344,0.0633562912434922,0.0747548829426168,0.0764145954521417,0.147821698245232,0.4,0.656869633099141,0.185436111879976,0.225076966957176,0.080184331797235,0.107956039764347,0.0549973558963511,0.0898858762757645,0.00925436277102064,0.0535914544056216
"Ohio",5,"2-3",42,185,"elderly_disabled_i >   0.5 & married <=   0.5 & total_deductions_by_hh_size > 724.0",1,0,3,0.333333333333333,5,0.333333333333333,0.118633204682805,0.135320107808441,0.140004506120839,0.171463090653496,NA,NA,0.5,0.724489795918367,0.417051009330899,0.499132049208521,NA,NA,NA,NA,NA,NA
"Ohio",5,"4+",13,345,"HH_size_n >=   6.000 & months_since_cert_n >=  11.000 & rawben_rel_max <   0.887 & utilities < 388.000",1,0,1,1,0,NA,NA,NA,NA,NA,NA,NA,NA,NA,NA,NA,NA,NA,NA,NA,NA,NA
"Ohio",5,"4+",17,443,"months_since_cert_n >   5.500 & rawben_rel_max >   0.794 & rawben_rel_max <=   0.975 & total_deductions_by_hh_size > 229.000",7,4,7,1,1,1,0.0204178211312492,0.0204178211312492,0.234665176647774,0.234665176647774,NA,NA,0.666666666666667,0.666666666666667,0.676778800599888,0.676778800599888,NA,NA,NA,NA,NA,NA
"Ohio",5,"4+",21,481,"months_since_cert_n >=  11 & total_deductions_by_hh_size >= 228",2,1,2,1,2,1,0.00412479046706626,0.0103120089916872,0.134403070146878,0.149661022756179,0.149059670304156,0.149059670304156,0.5,0.590909090909091,0.272313900944257,0.372405077965159,0.201764569305781,0.201764569305781,0.11446482470397,0.11446482470397,0.0385419085210123,0.0385419085210123
"Ohio",5,"4+",23,304,"HH_size_n >   4.5 & shelter_expenses_by_hh_size <= 268.0 & total_deductions_by_hh_size > 222.0",1,0,1,1,3,1,0.000631056112015062,0.00524442312035385,0.137214026980325,0.154321406087784,0.254237288135593,0.327607691923363,0.75,0.793882978723404,0.389077033072147,0.439344256246318,0.220338983050848,0.278538322953802,0.288135593220339,0.352612614730803,0.0847457627118644,0.101093891898088
"Ohio",5,"4+",24,335,"HH_size_n >=   5 & married <   1 & shelter_expenses_by_hh_size < 293 & total_deductions_by_hh_size >= 212",1,0,2,0.5,4,0.5,0.00421385134963743,0.00720216077742496,0.0414859509264124,0.118252677088494,0.113308223477715,0.191177383539165,0.25,0.672702104097453,0.126814877666847,0.344375648223791,0.0552416823603264,0.213649697298307,0.0681104833647207,0.240469486712852,0.0546139359698682,0.0777066226263576
"Ohio",5,"4+",28,439,"months_since_cert_n >   5.500 & rawben_rel_max <=   0.997 & shelter_expenses_by_hh_size <= 494.000 & total_deductions_by_hh_size > 227.000",7,1,16,0.4375,5,0.4375,0.0246991873902234,0.0303202853612862,0.123855486277547,0.146777764864499,0.0330422872795754,0.154608202509874,0.4,0.55040899795501,0.171136197496828,0.367232722856998,0.0831193288820407,0.17505396937136,0.0598356445814073,0.171998515073741,0.0225132682759801,0.0558658461636172
"Ohio",5,"4+",29,477,"months_since_cert_n >=   8.000 & rawben_rel_max <   0.965 & total_deductions_by_hh_size >= 178.000 & unc_rawben_rel_max >=   0.793",1,0,4,0.25,6,0.25,0.00114234319519025,0.0155372087535059,0.0513388133876238,0.133369731929011,0.100154083204931,0.153320935844998,0.4,0.52294983927637,0.0977718137508701,0.324820654703292,0.0981730134272508,0.155713025828684,0.0494573919231453,0.14799402049249,0.012987012987013,0.0369640525662158
"Ohio",5,"4+",35,313,"HH_size_n >   4.500 & rawben_rel_max >   0.478 & total_deductions_by_hh_size > 233.000 & unc_rawben_rel_max <=   0.997",3,1,6,0.5,7,0.5,0.00852498666392761,0.0144515390136852,0.0988005650875252,0.117733440391979,0.120493066255778,0.162739244580048,0.6,0.792345818432775,0.210226753158591,0.307144731606744,0.103030303030303,0.189102810040684,0.0595959595959596,0.192604991602126,0.0328197226502311,0.099748794131085
"Ohio",5,"4+",36,449,"months_since_cert_n >  10.5 & shelter_expenses_by_hh_size > 251.0 & total_deductions_by_hh_size > 208.0 & total_deductions_by_hh_size <= 278.0",1,1,2,0.5,8,0.5,8.88573781021099e-05,0.0136920462530157,0.0517275168117117,0.139158155790282,0.106898238747554,0.240138523742675,0.5,0.71608118657299,0.109579531565898,0.369898245820565,0.1103228962818,0.233939009281731,0.0268759018759019,0.116095943846413,0.0337662337662338,0.115259549841121
"Ohio",5,"4+",37,487,"months_since_cert_n >= 10.000 & rawben_rel_max >=  0.683 & rawben_rel_max <  0.820 & total_deductions_by_hh_size >= 27.000",1,1,3,0.333333333333333,9,0.333333333333333,0.00297919979818699,0.0117446535888123,0.106975875199076,0.166830559134754,0.0566625155666252,0.160620636319864,0,0.512987890191538,0.223935216940331,0.399635475486495,0.101298701298701,0.188264543426355,0.0570361145703611,0.201030496950167,0.0353535353535353,0.0603960598038184
"Ohio",5,"4+",40,309,"HH_size_n >   4.500 & months_since_cert_n >   4.500 & rawben_rel_max <=   0.988 & total_deductions_by_hh_size > 206.000",1,0,4,0.25,10,0.25,0.0033369582598926,0.0126212107479632,0.0625260592794943,0.117085391712361,0.0737222976028946,0.137990588324707,0.4,0.487787356321839,0.145556516723229,0.286938510198364,0.0496004824363033,0.138422271203187,0.0330921151816674,0.117829676347282,0.0259158751696066,0.0643879518969436
"Ohio",10,"1",2,107,"rawben_rel_max >   0.751 & rawben_rel_max <=   0.992 & shelter_expenses_by_hh_size > 832.000 & utilities <=  29.500",1,0,1,1,0,NA,NA,NA,NA,NA,NA,NA,NA,NA,NA,NA,NA,NA,NA,NA,NA,NA
"Ohio",10,"1",9,16,"count_divisible_by_100 <=   0.50 & months_since_cert_n >   3.50 & total_deductions_by_hh_size <= 810.00 & unc_rawben_rel_max >   1.93",2,1,2,1,1,1,0.20440095590463,0.20440095590463,0.24512365305808,0.24512365305808,0.753333333333333,0.753333333333333,1,1,0.907115256277976,0.907115256277976,0.461818181818182,0.461818181818182,0.394545454545455,0.394545454545455,0.298787878787879,0.298787878787879
"Ohio",10,"1",14,30,"elderly_disabled_i >=   1.00 & rawben_rel_max >=   1.00 & unc_rawben_rel_max >=   1.52 & utilities < 313.00",1,0,1,1,2,1,0.0271039283253428,0.0906135070829527,0.150599612902772,0.173723054533461,0.103506979911474,0.373610016155827,0.666666666666667,0.776605944391179,0.358515674298869,0.565861825239645,0.202928157984338,0.270671300898282,0.0980592441266599,0.203048446915425,0.0975485188968335,0.147581356129731
"Ohio",10,"1",26,8,"cat_elig >=    1.00 & shelter_expenses_by_hh_size < 1720.00 & unc_rawben_rel_max >=    2.49 & utilities <  875.00",2,0,2,1,3,1,0.0650606353175651,0.0872674206017215,0.102519074086523,0.146461933749005,0.143071161048689,0.256752208754989,0.666666666666667,0.764195712649321,0.513469739975063,0.588012110895584,0.172727272727273,0.245141558057115,0.106367041198502,0.149536181928166,0.091685393258427,0.125927080371654
"Ohio",10,"1",32,89,"rawben_rel_max <   0.992 & total_deductions_by_hh_size >= 220.000 & unc_rawben_rel_max >=   0.986 & utilities < 688.000",1,1,1,1,4,1,0.0349716683204584,0.17897727833504,0.170767280620156,0.209334835241117,0.272046783625731,0.644263012340504,0.666666666666667,0.708137432188065,0.502580717678679,0.812173317519949,0.032280701754386,0.345897564450469,0.0591812865497076,0.326104226055629,0.0603508771929825,0.148178213729719
"Ohio",10,"1",34,106,"rawben_rel_max >   0.727 & rawben_rel_max <=   0.991 & shelter_expenses_by_hh_size > 413.000 & utilities <=  28.500",3,0,4,0.75,5,0.75,0.0111314477121009,0.0963756079175746,0.119901809220918,0.210731891365626,0.171666666666667,0.429935178906255,0,0.67559934318555,0.213926768335383,0.697292880055958,0.0994152046783626,0.213730988549415,0.0719444444444444,0.178772594869348,0.0343567251461989,0.0874959575979621
"Ohio",10,"1",41,62,"medical_deductions >= 117.000 & medical_deductions < 130.000 & rawben_rel_max >=   0.498",2,0,2,1,6,1,0.0486372867670374,0.0981162599572447,0.150765358453039,0.168895190929835,0.620952380952381,0.720741131489363,0.833333333333333,0.925238600212089,0.695335244349177,0.744794720502215,0.18952380952381,0.291483824101535,0.0885714285714286,0.168629496639782,0.207792207792208,0.378298882873244
"Ohio",10,"1",44,37,"expedited_i <=   0.50 & shelter_expenses_by_hh_size <= 968.00 & unc_rawben_rel_max >   1.93",2,1,3,0.666666666666667,7,0.666666666666667,0.00845927303796805,0.166644921661396,0.0634560197027521,0.164893415712155,0.0567139282735613,0.492994827951671,0.6,0.8685546875,0.0747872468746241,0.676114790934662,0.0959132610508757,0.324268800927812,0.0379204892966361,0.210237592448505,0.01209341117598,0.190706677347003
"Ohio",10,"1",45,27,"elderly_disabled_i >   0.500 & total_deductions_by_hh_size > 438.000 & unc_rawben_rel_max >   0.316 & utilities <= 276.000",3,1,6,0.5,8,0.5,0.040777830749633,0.0999855279171778,0.100193379656998,0.171025073516046,0.134462759462759,0.406936067205245,0.4,0.669029982363316,0.315449950449056,0.592181752626748,0.04502442002442,0.207660828035171,0.0228174603174603,0.149092045854633,0.0267094017094017,0.116748371741734
"Ohio",10,"1",50,124,"shelter_expenses_by_hh_size > 504.0 & total_deductions_by_hh_size > 647.0 & utilities <=  29.5",1,0,2,0.5,9,0.5,0.0100087689101211,0.0725237028459756,0.127152591888815,0.15728227612865,0.0856753865603423,0.308727785767136,0.6,0.71786133960047,0.159153207620912,0.483929476733245,0.0527407695549289,0.170941782601437,0.0505689001264223,0.123682489613173,0.0628418017301382,0.114057946793893
"Ohio",10,"1",53,20,"elderly_disabled_i >   0.5 & shelter_expenses_by_hh_size <= 850.0 & unc_rawben_rel_max >   1.7",2,0,4,0.5,10,0.5,0.00454026056192155,0.153487743182304,0.079463041771013,0.169681756335888,0.0418615954796768,0.464129283155599,0.5,0.754668809141225,0.070060408988561,0.623778800816499,0.113624525634348,0.255029267111345,0.058298213927353,0.242118714524019,0.0182620911097732,0.182268810471603
"Ohio",10,"1",54,61,"medical_deductions >= 111.000 & medical_deductions < 130.000 & rawben_rel_max >=   0.274 & shelter_expenses_by_hh_size < 868.000",1,0,3,0.333333333333333,11,0.333333333333333,0.00452463547703031,0.106670324499796,0.0948118768170204,0.183433591861112,0.0542857142857143,0.602033714154366,0.25,0.899705551511943,0.0879682347570176,0.715797763468891,0.0685714285714286,0.272020819410077,0.032046783625731,0.206150614515982,0.124761904761905,0.264704844344433
"Ohio",10,"1",56,40,"homeless >   0.500 & rawben_rel_max <=   0.991 & shelter_expenses_by_hh_size > 672.000 & unc_rawben_rel_max >   0.792",1,1,1,1,12,1,0.0130530757694163,0.108068276498976,0.0816268604739124,0.186106612594871,0.136050911592707,0.479535115528304,0.666666666666667,0.810156480661352,0.485488810544106,0.689049079273106,0.169575522516699,0.299605587577961,0.0754815200416449,0.162900413777737,0.0309803921568627,0.211576661118705
"Ohio",10,"1",57,4,"cat_elig >   0.500 & medical_deductions > 226.000 & unc_rawben_rel_max >   0.316 & unc_rawben_rel_max <=   0.991",1,0,1,1,13,1,0.0208763412371577,0.103431193795679,0.111352303396627,0.168032612087846,0.108,0.547802945651206,0.666666666666667,0.870290480299108,0.51833606098366,0.686688409382609,0.119672514619883,0.197126895165789,0.0133333333333333,0.149981519327026,0.0110198675496688,0.161387753987268
"Ohio",10,"1",70,84,"percent_abawd <=    0.750 & rawben_rel_max <=    0.998 & shelter_expenses_by_hh_size > 1700.000 & total_deductions_by_hh_size > 1130.000",1,0,1,1,14,1,0.0156414458934865,0.102292841775039,0.103948630494604,0.183381582226563,0.191327433628319,0.372856180119083,0.6,0.859232721301687,0.467843563173714,0.679216610984665,0.11314606741573,0.215481177655956,0.0042857142857143,0.151642907761538,0.0301465201465201,0.124534906865672
"Ohio",10,"2-3",3,163,"cat_elig > 0.500 & children_i > 0.500 & rawben_rel_max > 0.996 & unc_rawben_rel_max > 1.690",1,0,1,1,0,NA,NA,NA,NA,NA,NA,NA,NA,NA,NA,NA,NA,NA,NA,NA,NA,NA
"Ohio",10,"2-3",5,188,"elderly_disabled_i > 0.500 & married <= 0.500 & rawben_rel_max > 0.996 & unc_rawben_rel_max > 1.550",1,0,2,0.5,1,0.5,0.0160562972719352,0.0160562972719352,0.094924892334913,0.094924892334913,0.295238095238095,0.295238095238095,0.666666666666667,0.666666666666667,0.304846756422767,0.304846756422767,0.138095238095238,0.138095238095238,0.223809523809524,0.223809523809524,0.1,0.1
"Ohio",10,"2-3",7,156,"cat_elig >   0.50 & shelter_expenses_by_hh_size > 246.00 & unc_rawben_rel_max >   1.63 & utilities <= 748.00",1,1,3,0.333333333333333,2,0.333333333333333,0.00756265872908184,0.0120542685334904,0.0749840052416786,0.0837381666387313,0.133489461358314,0.153828530699521,0.666666666666667,0.772256728778468,0.189185854224318,0.192676671198913,0.0721311475409836,0.119343753181957,0.140983606557377,0.144835047347521,0.014519906323185,0.0579676204052541
"Ohio",10,"2-3",10,195,"elderly_disabled_i >= 1.00 & married < 1.00 & unc_rawben_rel_max >= 1.42",1,0,3,0.333333333333333,3,0.333333333333333,0.000580098780565656,0.00753600288181614,0.0349006818560577,0.0730752415689538,0.0380952380952381,0.157814118434259,0.25,0.663333333333333,0.0119093127795321,0.176157752862571,0.0438095238095238,0.0947733690197391,0.0171428571428572,0.128942656406825,0.0066666666666667,0.0655994647039144
"Ohio",10,"2-3",16,211,"married <   1.000 & rawben_rel_max >=   0.933 & total_deductions_by_hh_size >= 308.000 & unc_rawben_rel_max >=   1.510",1,0,3,0.333333333333333,4,0.333333333333333,0.02314342912542,0.0270554760549344,0.0633562912434922,0.0747548829426168,0.0764145954521417,0.147821698245232,0.4,0.656869633099141,0.185436111879976,0.225076966957176,0.080184331797235,0.107956039764347,0.0549973558963511,0.0898858762757645,0.00925436277102064,0.0535914544056216
"Ohio",10,"2-3",42,185,"elderly_disabled_i >   0.5 & married <=   0.5 & total_deductions_by_hh_size > 724.0",1,0,3,0.333333333333333,5,0.333333333333333,0.118633204682805,0.135320107808441,0.140004506120839,0.171463090653496,NA,NA,0.5,0.724489795918367,0.417051009330899,0.499132049208521,NA,NA,NA,NA,NA,NA
"Ohio",10,"2-3",48,246,"months_since_cert_n >=   6.000 & rawben_rel_max <   0.876 & total_deductions_by_hh_size >= 353.000 & utilities < 462.000",1,1,1,1,6,1,0.0861441306444004,0.199689677134934,0.238493200934984,0.267888406701151,0.318020541549953,0.445570115202213,0.833333333333333,0.916444444444445,0.860812336086062,0.88092568570354,0.16844070961718,0.188786809744709,0.0948646125116713,0.177693148610671,0.1703081232493,0.209828457959123
"Ohio",10,"2-3",49,238,"months_since_cert_n <=  0.500 & total_deductions_by_hh_size > 83.500 & unc_rawben_rel_max <=  0.999 & utilities <= 22.000",3,2,3,1,7,1,0.0335868517433041,0.139957884375075,0.254843928179232,0.309914883256106,0.129654962760298,0.335588807937035,0.666666666666667,0.825693265421619,0.658387418473325,0.814575623699591,0.169542385596399,0.201331331444626,0.358250276854928,0.476478327248986,0.00830564784053154,0.152094234808131
"Ohio",10,"2-3",61,149,"HH_size_n >=   3.000 & rawben_rel_max >=   0.705 & total_deductions_by_hh_size >= 347.000 & utilities >= 361.000",3,0,3,1,8,1,0.0403027558276897,0.102571139340872,0.164744699687567,0.236294671970144,0.277007145859605,0.321646935046605,0.666666666666667,0.860274752651434,0.574530991435665,0.697190269492065,0.127199597787833,0.139149586306315,0.0488400488400488,0.165331987174516,0.0416141235813367,0.109086322154137
"Ohio",10,"4+",13,345,"HH_size_n >=   6.000 & months_since_cert_n >=  11.000 & rawben_rel_max <   0.887 & utilities < 388.000",1,0,1,1,0,NA,NA,NA,NA,NA,NA,NA,NA,NA,NA,NA,NA,NA,NA,NA,NA,NA
"Ohio",10,"4+",17,443,"months_since_cert_n >   5.500 & rawben_rel_max >   0.794 & rawben_rel_max <=   0.975 & total_deductions_by_hh_size > 229.000",7,4,7,1,1,1,0.0204178211312492,0.0204178211312492,0.234665176647774,0.234665176647774,NA,NA,0.666666666666667,0.666666666666667,0.676778800599888,0.676778800599888,NA,NA,NA,NA,NA,NA
"Ohio",10,"4+",21,481,"months_since_cert_n >=  11 & total_deductions_by_hh_size >= 228",2,1,2,1,2,1,0.00412479046706626,0.0103120089916872,0.134403070146878,0.149661022756179,0.149059670304156,0.149059670304156,0.5,0.590909090909091,0.272313900944257,0.372405077965159,0.201764569305781,0.201764569305781,0.11446482470397,0.11446482470397,0.0385419085210123,0.0385419085210123
"Ohio",10,"4+",23,304,"HH_size_n >   4.5 & shelter_expenses_by_hh_size <= 268.0 & total_deductions_by_hh_size > 222.0",1,0,1,1,3,1,0.000631056112015062,0.00524442312035385,0.137214026980325,0.154321406087784,0.254237288135593,0.327607691923363,0.75,0.793882978723404,0.389077033072147,0.439344256246318,0.220338983050848,0.278538322953802,0.288135593220339,0.352612614730803,0.0847457627118644,0.101093891898088
"Ohio",10,"4+",24,335,"HH_size_n >=   5 & married <   1 & shelter_expenses_by_hh_size < 293 & total_deductions_by_hh_size >= 212",1,0,2,0.5,4,0.5,0.00421385134963743,0.00720216077742496,0.0414859509264124,0.118252677088494,0.113308223477715,0.191177383539165,0.25,0.672702104097453,0.126814877666847,0.344375648223791,0.0552416823603264,0.213649697298307,0.0681104833647207,0.240469486712852,0.0546139359698682,0.0777066226263576
"Ohio",10,"4+",28,439,"months_since_cert_n >   5.500 & rawben_rel_max <=   0.997 & shelter_expenses_by_hh_size <= 494.000 & total_deductions_by_hh_size > 227.000",7,1,16,0.4375,5,0.4375,0.0246991873902234,0.0303202853612862,0.123855486277547,0.146777764864499,0.0330422872795754,0.154608202509874,0.4,0.55040899795501,0.171136197496828,0.367232722856998,0.0831193288820407,0.17505396937136,0.0598356445814073,0.171998515073741,0.0225132682759801,0.0558658461636172
"Ohio",10,"4+",29,477,"months_since_cert_n >=   8.000 & rawben_rel_max <   0.965 & total_deductions_by_hh_size >= 178.000 & unc_rawben_rel_max >=   0.793",1,0,4,0.25,6,0.25,0.00114234319519025,0.0155372087535059,0.0513388133876238,0.133369731929011,0.100154083204931,0.153320935844998,0.4,0.52294983927637,0.0977718137508701,0.324820654703292,0.0981730134272508,0.155713025828684,0.0494573919231453,0.14799402049249,0.012987012987013,0.0369640525662158
"Ohio",10,"4+",35,313,"HH_size_n >   4.500 & rawben_rel_max >   0.478 & total_deductions_by_hh_size > 233.000 & unc_rawben_rel_max <=   0.997",3,1,6,0.5,7,0.5,0.00852498666392761,0.0144515390136852,0.0988005650875252,0.117733440391979,0.120493066255778,0.162739244580048,0.6,0.792345818432775,0.210226753158591,0.307144731606744,0.103030303030303,0.189102810040684,0.0595959595959596,0.192604991602126,0.0328197226502311,0.099748794131085
"Ohio",10,"4+",36,449,"months_since_cert_n >  10.5 & shelter_expenses_by_hh_size > 251.0 & total_deductions_by_hh_size > 208.0 & total_deductions_by_hh_size <= 278.0",1,1,2,0.5,8,0.5,8.88573781021099e-05,0.0136920462530157,0.0517275168117117,0.139158155790282,0.106898238747554,0.240138523742675,0.5,0.71608118657299,0.109579531565898,0.369898245820565,0.1103228962818,0.233939009281731,0.0268759018759019,0.116095943846413,0.0337662337662338,0.115259549841121
"Ohio",10,"4+",37,487,"months_since_cert_n >= 10.000 & rawben_rel_max >=  0.683 & rawben_rel_max <  0.820 & total_deductions_by_hh_size >= 27.000",1,1,3,0.333333333333333,9,0.333333333333333,0.00297919979818699,0.0117446535888123,0.106975875199076,0.166830559134754,0.0566625155666252,0.160620636319864,0,0.512987890191538,0.223935216940331,0.399635475486495,0.101298701298701,0.188264543426355,0.0570361145703611,0.201030496950167,0.0353535353535353,0.0603960598038184
"Ohio",10,"4+",40,309,"HH_size_n >   4.500 & months_since_cert_n >   4.500 & rawben_rel_max <=   0.988 & total_deductions_by_hh_size > 206.000",1,0,4,0.25,10,0.25,0.0033369582598926,0.0126212107479632,0.0625260592794943,0.117085391712361,0.0737222976028946,0.137990588324707,0.4,0.487787356321839,0.145556516723229,0.286938510198364,0.0496004824363033,0.138422271203187,0.0330921151816674,0.117829676347282,0.0259158751696066,0.0643879518969436
"Ohio",10,"4+",55,310,"HH_size_n >   4.500 & months_since_cert_n >   5.500 & rawben_rel_max <=   0.997 & shelter_expenses_by_hh_size > 263.000",5,0,9,0.555555555555556,11,0.555555555555556,0.00285590156588986,0.0123427995700593,0.0578764426607306,0.117615300766707,0.0884912959381045,0.142428595121079,0.4,0.671042281219272,0.117781604227488,0.304349796009207,0.0718891038039974,0.137388735924952,0.00873860182370816,0.100640134662173,0.0174900829426614,0.0570597993714413
"Ohio",10,"4+",58,302,"HH_size_n >    4.5 & months_since_cert_n >    5.5 & shelter_expenses_by_hh_size >  332.0 & utilities <= 1050.0",1,1,3,0.333333333333333,12,0.333333333333333,0.00227060780503504,0.0098036287676665,0.0618417703583495,0.119841301015743,0.0491471777738702,0.132079026748181,0.4,0.727190589839755,0.0666754070137121,0.273123953269047,0.0803803917128948,0.126699598569866,0.0301062573789846,0.105035826923914,0.0160893265342008,0.0447065076342602
"Ohio",10,"4+",59,406,"expedited_i >=   1.000 & rawben_rel_max <   0.962 & total_deductions_by_hh_size >=   2.250 & total_deductions_by_hh_size < 124.000",1,0,1,1,13,1,0.00402798115666372,0.0208819229458039,0.139238630280726,0.190766987861714,0.125,0.213433972346998,0.666666666666667,0.770952124798279,0.465951946185752,0.57709169011969,0.163241106719368,0.231545845769338,0.0254093732354602,0.119370539299699,0.0962732919254658,0.147722448059582
"Ohio",10,"4+",60,353,"cat_elig >   0.500 & months_since_cert_n >   5.500 & rawben_rel_max <=   0.976 & shelter_expenses_by_hh_size > 350.000",1,0,12,0.0833333333333333,14,0.0833333333333333,0.00330023619975253,0.0157023217716045,0.0603067602363009,0.125252866092546,0.0374174614820249,0.117164297616731,0.4,0.691948919918845,0.0915818989782129,0.277354317779141,0.076339412938159,0.13560317430552,0.0206611570247934,0.105390959834925,0.0319139672587948,0.0803179399073115
"Ohio",10,"4+",62,415,"medical_deductions <= 179.000 & rawben_rel_max >   0.777 & rawben_rel_max <=   0.817 & total_deductions_by_hh_size > 204.000",1,0,3,0.333333333333333,15,0.333333333333333,0.000287207735289383,0.0187341105337329,0.0766734286460976,0.148070665601387,0.14016680118375,0.219236958514449,0.4,0.746858875891134,0.212848252816949,0.439458418114571,0.16969696969697,0.222620463698308,0.0375180375180375,0.117038379125443,0.00704707170224409,0.068289686068591
"Ohio",10,"4+",63,442,"months_since_cert_n >   5.500 & rawben_rel_max >   0.724 & rawben_rel_max <=   0.974 & shelter_expenses_by_hh_size > 162.000",2,0,14,0.142857142857143,16,0.142857142857143,0.00158808140829518,0.0149691153195794,0.0674527776923465,0.143528409689193,0.035165091199574,0.120892027881304,0.4,0.60758510136728,0.166687719868833,0.29497344737827,0.0473850473850474,0.123769239247362,0.0400725400725401,0.0863891860032762,0.00708382526564345,0.0526747567576777
"Ohio",10,"4+",66,473,"months_since_cert_n >=   5.000 & rawben_rel_max >=   0.536 & shelter_expenses_by_hh_size < 504.000 & total_deductions_by_hh_size >= 234.000",2,0,14,0.142857142857143,17,0.142857142857143,0.00184791089067949,0.010768947468201,0.0825070280460734,0.12738676780165,0.0473647550499187,0.136189648969871,0.4,0.680098199672668,0.0918296138192453,0.281602669727528,0.0716064757160647,0.135588154881892,0.0123763685407521,0.075178121491774,0.011028558161133,0.0634014345651467
"Ohio",10,"4+",67,485,"months_since_cert_n >=  6.000 & rawben_rel_max <  0.997 & total_deductions_by_hh_size >= 88.400 & unc_rawben_rel_max >=  0.709",5,1,20,0.25,18,0.25,0.00081089407813105,0.0139978827198488,0.0227991804049965,0.128766363268334,0.0288343054300501,0.100366119104367,0,0.604535760802668,0.0159396357145079,0.246333924375932,0.0225909800377885,0.107611040141942,0.0189764232317424,0.0653926634499029,0.00849054233967193,0.0496161449575364
"Ohio",10,"4+",71,322,"HH_size_n >   5.500 & months_since_cert_n >   4.500 & rawben_rel_max <=   0.825 & utilities <= 424.000",2,1,2,1,19,1,0.000263966581552089,0.0181237038242941,0.108400846654742,0.193392498144645,0.090622763063708,0.150521344860548,0,0.659563720409355,0.207808587940739,0.49673485364712,0.105681004750439,0.144460916834326,0.0257573735486454,0.0835990468494866,0.0421822272215973,0.0972767311962242
"Ohio",10,"4+",72,369,"count_divisible_by_100 > 0.500 & HH_size_n > 5.500 & months_since_cert_n > 5.500 & rawben_rel_max <= 0.845",1,1,2,0.5,20,0.5,0.00331690174456694,0.0342720639494656,0.107459507070589,0.172995180176658,NA,NA,0.4,0.660440168479059,0.238678363233624,0.504161421078346,NA,NA,NA,NA,NA,NA
"Ohio",10,"4+",75,372,"count_divisible_by_100 >=   1.000 & married >=   1.000 & rawben_rel_max >=   0.511 & utilities >= 367.000",1,0,4,0.25,21,0.25,0.00137740297891648,0.0267506113394575,0.0963398091932826,0.146587424900147,0.0685777636997149,0.145896467881694,0.857142857142857,0.954981003933699,0.232579080464098,0.422864220010744,0.16035675282126,0.232172770044986,0.0308641975308642,0.247474821854092,0.025293586269196,0.0767787937136018
"Ohio",10,"4+",77,441,"months_since_cert_n >   5.500 & rawben_rel_max >   0.661 & rawben_rel_max <=   0.997 & shelter_expenses_by_hh_size > 161.000",3,0,21,0.142857142857143,22,0.142857142857143,0.00374630698991113,0.0172718811062744,0.0136721863738219,0.11370527186139,0.0309682297812862,0.0966376153560582,0,0.55722341977486,0.0267450853628181,0.242034773784376,0.0266145755759999,0.101069191240676,0.00420088009799027,0.0610174301843798,0.00858517330701865,0.0450082551186596
"Ohio",10,"4+",86,316,"HH_size_n >   4.500 & shelter_expenses_by_hh_size > 239.000 & unc_rawben_rel_max >   0.734 & unc_rawben_rel_max <=   0.997",1,1,8,0.125,23,0.125,7.28628875495616e-05,0.0159653504850433,0.0683319459603971,0.121922532362013,0.0979189485213582,0.165899157426922,0.666666666666667,0.868122523734769,0.206394481279334,0.340780820941853,0.127233070211882,0.178339688848109,0.0374932566085237,0.106934915248311,0.0180722891566265,0.0752905002406683
"Oklahoma",5,"1",13,30,"elderly_disabled_i >=   1.00 & rawben_rel_max >=   1.00 & unc_rawben_rel_max >=   1.52 & utilities < 313.00",1,1,1,1,0,NA,NA,NA,NA,NA,NA,NA,NA,NA,NA,NA,NA,NA,NA,NA,NA,NA
"Oklahoma",5,"1",14,116,"rawben_rel_max >=   0.988 & rawben_rel_max <   0.992 & total_deductions_by_hh_size >= 198.000 & utilities < 452.000",4,1,4,1,1,1,0.200390299366635,0.200390299366635,0.210055734186334,0.210055734186334,0.745925700981881,0.745925700981881,0.666666666666667,0.666666666666667,0.865093068452223,0.865093068452223,0.366028950298613,0.366028950298613,0.401862536693997,0.401862536693997,0.174207915780949,0.174207915780949
"Oklahoma",5,"1",18,54,"medical_deductions > 200.000 & rawben_rel_max >   0.473 & rawben_rel_max <=   0.991 & utilities <= 392.000",2,0,2,1,2,1,0.0252858289731826,0.0971645329109413,0.169525887019711,0.175285926243927,0.639177443290227,0.669239677242137,0.4,0.5209797657082,0.690372594436386,0.733291653902089,0.160462349141594,0.25549626702279,0.0724120346761856,0.222492130668728,0.12189951240195,0.217073805049051
"Oklahoma",5,"1",19,72,"months_since_cert_n >   5.50 & shelter_expenses_by_hh_size <= 652.00 & unc_rawben_rel_max >   1.87 & utilities <= 508.00",1,1,1,1,3,1,0.0317929324712511,0.124043101454105,0.178321559266432,0.227181304973726,0.194101123595506,0.487217748765873,0.666666666666667,0.787789987789988,0.491016678206945,0.749017338173379,0.283988764044944,0.412921330317451,0.101966292134832,0.357778132089135,0.0432584269662921,0.121820732606189
"Oklahoma",5,"1",21,12,"count_divisible_by_100 <   1.00 & months_since_cert_n >=   7.00 & unc_rawben_rel_max >=   1.63 & utilities < 353.00",1,0,2,0.5,4,0.5,0.00542985819737389,0.11528880094409,0.106986927313652,0.16531588233368,0.175,0.50796166085284,0.4,0.746876365224989,0.291652378884436,0.61355964469528,0.174561403508772,0.321620834789841,0.0539473684210526,0.309990695928612,0.0839260312944524,0.121826151128324
"Oklahoma",5,"1",23,111,"rawben_rel_max >=   0.236 & rawben_rel_max <   1.000 & total_deductions_by_hh_size >= 511.000 & utilities < 249.000",2,1,2,1,5,1,0.0262570915191231,0.121746437273227,0.120569400041941,0.186934416602934,0.305068101276632,0.528803779614362,0,0.497110016420361,0.45658849388303,0.697329302970544,0.114640707057769,0.229302762363863,0.0558884020388089,0.254983774747213,0.0272719713976886,0.0960115903673447
"Oklahoma",5,"1",25,88,"rawben_rel_max <   0.992 & shelter_expenses_by_hh_size >= 831.000 & unc_rawben_rel_max >=   0.270 & utilities < 277.000",1,0,2,0.5,6,0.5,0.0161216024286172,0.0795659754556684,0.0512496002795779,0.144087750000978,0.167093983891436,0.4198152242281,0.666666666666667,0.666666666666667,0.207152898280526,0.533697157348829,0.0492839199233419,0.181823475795136,0.0259757076632222,0.171243728642918,0.0640968837690149,0.129849844981855
"Oklahoma",5,"1",29,32,"elderly_disabled_i >=   1.00 & total_deductions_by_hh_size < 914.00 & unc_rawben_rel_max >=   1.57 & utilities < 462.00",1,1,2,0.5,7,0.5,0.0288819464651411,0.163439507250567,0.0654360125711826,0.18079534121742,0.0942843185148999,0.522219255489703,0.4,0.725565450060621,0.191606193558522,0.706485235398954,0.0967269174401564,0.265040951055072,0.055621466955126,0.260645053474296,0.0456521739130435,0.187876604448062
"Oklahoma",5,"1",30,96,"rawben_rel_max <=   0.991 & total_deductions_by_hh_size > 272.000 & unc_rawben_rel_max >   0.913 & utilities <= 346.000",1,0,1,1,8,1,0.00771615974597007,0.0965309319904048,0.109133788968644,0.152135455703947,0.110013108803065,0.370228024400262,0.4,0.528212422949265,0.310272280999436,0.545807530721355,0.0722637531148169,0.190978165674631,0.0197698036560596,0.185410208472483,0.0285032435884508,0.103433499720497
"Oklahoma",5,"1",36,3,"cat_elig >   0.500 & expedited_i >   0.500 & total_deductions_by_hh_size > 991.000 & unc_rawben_rel_max <=   0.991",1,1,1,1,9,1,0.0464967713951082,0.109499384809408,0.174324568839781,0.225626108145504,NA,NA,0.857142857142857,0.938327526132404,0.612221782973463,0.739676973095478,NA,NA,NA,NA,NA,NA
"Oklahoma",5,"1",40,79,"months_since_cert_n >=   7.00 & shelter_expenses_by_hh_size >= 462.00 & unc_rawben_rel_max >=   1.67 & utilities < 462.00",1,0,4,0.25,10,0.25,0.00344177889742233,0.12728176566635,0.0713883646576144,0.192328920610871,0.0442645074224021,0.493760345945664,0.4,0.664884866080323,0.044713049570646,0.677458918547466,0.0639676113360324,0.290884776897895,0.02361673414305,0.296973816486115,0.0303643724696356,0.090134980035573
"Oklahoma",5,"1",49,101,"rawben_rel_max <=   0.998 & total_deductions_by_hh_size > 588.000 & unc_rawben_rel_max >   0.322 & utilities <= 344.000",2,0,2,1,11,1,0.00838649552963544,0.0964494666752341,0.0671951005420406,0.161741771166408,0.0793838862559242,0.361448132455194,0,0.490962099125364,0.155766408812474,0.537815385489771,0.0633980290378395,0.177122045884523,0.0289552173818387,0.198339826520627,0.0192307692307693,0.0844806677464365
"Oklahoma",5,"2-3",5,188,"elderly_disabled_i > 0.500 & married <= 0.500 & rawben_rel_max > 0.996 & unc_rawben_rel_max > 1.550",1,0,1,1,0,NA,NA,NA,NA,NA,NA,NA,NA,NA,NA,NA,NA,NA,NA,NA,NA,NA
"Oklahoma",5,"2-3",17,190,"elderly_disabled_i >=   1.00 & shelter_expenses_by_hh_size < 455.00 & unc_rawben_rel_max >=   1.25 & utilities < 447.00",1,1,1,1,1,1,0.12528836508526,0.12528836508526,0.160405086785917,0.160405086785917,NA,NA,0.666666666666667,0.666666666666667,0.562815710045619,0.562815710045619,NA,NA,NA,NA,NA,NA
"Oklahoma",5,"2-3",44,197,"elderly_disabled_i >= 1.000 & rawben_rel_max >= 0.993 & rawben_rel_max < 0.996",1,0,1,1,2,1,0.0735698674545863,0.148901584742682,0.178461399450629,0.195639143707421,0.699404761904762,0.699404761904762,0.6,0.688211382113821,0.791466651606709,0.802523862167471,0.369047619047619,0.369047619047619,0.217261904761905,0.217261904761905,0.291666666666667,0.291666666666667
"Oklahoma",5,"2-3",48,285,"total_deductions_by_hh_size > 524.000 & unc_rawben_rel_max <=   0.973 & utilities <= 392.000",1,0,1,1,3,1,0.0570190355479564,0.114521978814277,0.248715507556333,0.271688776915137,0.506493506493507,0.546985157699443,0.833333333333333,0.962009803921569,0.853775479134627,0.865385795422824,0.142316017316017,0.266365182436611,0.0952380952380952,0.206972789115646,0.131493506493507,0.157374768089054
"Oklahoma",5,"4+",27,434,"months_since_cert_n >   5.5 & total_deductions_by_hh_size > 215.0 & utilities <= 442.0",7,2,7,1,0,NA,NA,NA,NA,NA,NA,NA,NA,NA,NA,NA,NA,NA,NA,NA,NA,NA
"Oklahoma",5,"4+",37,365,"count_divisible_by_100 >   1.5 & HH_size_n <=   4.5 & months_since_cert_n <=  10.5 & utilities <= 588.0",2,1,2,1,1,1,0.0368985826190091,0.0368985826190091,0.153007741753673,0.153007741753673,NA,NA,0.833333333333333,0.833333333333333,0.518266473397213,0.518266473397213,NA,NA,NA,NA,NA,NA
"Oklahoma",5,"4+",38,400,"expedited_i >   0.500 & months_since_cert_n >   5.500 & unc_rawben_rel_max <=   0.912 & utilities <= 356.000",1,0,1,1,2,1,0.00765208843085015,0.0253310250123832,0.164652530977082,0.178753866641381,NA,NA,0.6,0.646624803767661,0.469428286365091,0.52138603601302,NA,NA,NA,NA,NA,NA
"Oklahoma",5,"4+",39,426,"months_since_cert_n >   4.500 & rawben_rel_max <=   0.977 & total_deductions_by_hh_size > 221.000 & utilities <= 454.000",2,1,9,0.222222222222222,3,0.222222222222222,0.00375099247422103,0.0139034926353213,0.0638448876677204,0.100585015591152,0.0527626354398008,0.0527626354398008,0.25,0.407142857142857,0.047907248618261,0.209118739632489,0.0430715391345313,0.0430715391345313,0.0113735783027122,0.0113735783027122,0.0181035062924827,0.0181035062924827
"Oklahoma",5,"4+",41,321,"HH_size_n >   5.5 & months_since_cert_n >  10.5 & utilities <= 390.0",5,2,5,1,4,1,0.00270752730211565,0.0290972971354694,0.129263843843403,0.201765791096023,0.162393162393162,0.174782620330414,0.5,0.582133995037221,0.370873414782603,0.610087662492339,0.217322834645669,0.217977454940935,0.232195975503062,0.233832526241227,0.292307692307692,0.301918908162045
"Oklahoma",5,"4+",43,487,"months_since_cert_n >= 10.000 & rawben_rel_max >=  0.683 & rawben_rel_max <  0.820 & total_deductions_by_hh_size >= 27.000",3,1,4,0.75,5,0.75,0.0067888474681356,0.0132404750193479,0.170557705203202,0.19639825946936,0.139393939393939,0.148673357426097,0.4,0.59115796098175,0.434259298857898,0.470794133542578,0.14972804972805,0.156005030542331,0.0646464646464646,0.100827476813758,0.144832944832945,0.158706147376088
"Oklahoma",5,"4+",46,412,"married >=   1 & shelter_expenses_by_hh_size < 454 & total_deductions_by_hh_size >= 232 & total_deductions_by_hh_size < 247",1,0,3,0.333333333333333,6,0.333333333333333,0.00747725889212978,0.0189768230863575,0.124780878806428,0.161598835714752,0.204220779220779,0.24123144755803,0.833333333333333,0.878142325510747,0.41125833584214,0.495397132479552,0.219769403824522,0.233976096413462,0.0849206349206349,0.217882210113462,0.0798701298701298,0.125682451536172
"Oklahoma",10,"1",13,30,"elderly_disabled_i >=   1.00 & rawben_rel_max >=   1.00 & unc_rawben_rel_max >=   1.52 & utilities < 313.00",1,1,1,1,0,NA,NA,NA,NA,NA,NA,NA,NA,NA,NA,NA,NA,NA,NA,NA,NA,NA
"Oklahoma",10,"1",14,116,"rawben_rel_max >=   0.988 & rawben_rel_max <   0.992 & total_deductions_by_hh_size >= 198.000 & utilities < 452.000",4,1,4,1,1,1,0.200390299366635,0.200390299366635,0.210055734186334,0.210055734186334,0.745925700981881,0.745925700981881,0.666666666666667,0.666666666666667,0.865093068452223,0.865093068452223,0.366028950298613,0.366028950298613,0.401862536693997,0.401862536693997,0.174207915780949,0.174207915780949
"Oklahoma",10,"1",18,54,"medical_deductions > 200.000 & rawben_rel_max >   0.473 & rawben_rel_max <=   0.991 & utilities <= 392.000",2,0,2,1,2,1,0.0252858289731826,0.0971645329109413,0.169525887019711,0.175285926243927,0.639177443290227,0.669239677242137,0.4,0.5209797657082,0.690372594436386,0.733291653902089,0.160462349141594,0.25549626702279,0.0724120346761856,0.222492130668728,0.12189951240195,0.217073805049051
"Oklahoma",10,"1",19,72,"months_since_cert_n >   5.50 & shelter_expenses_by_hh_size <= 652.00 & unc_rawben_rel_max >   1.87 & utilities <= 508.00",1,1,1,1,3,1,0.0317929324712511,0.124043101454105,0.178321559266432,0.227181304973726,0.194101123595506,0.487217748765873,0.666666666666667,0.787789987789988,0.491016678206945,0.749017338173379,0.283988764044944,0.412921330317451,0.101966292134832,0.357778132089135,0.0432584269662921,0.121820732606189
"Oklahoma",10,"1",21,12,"count_divisible_by_100 <   1.00 & months_since_cert_n >=   7.00 & unc_rawben_rel_max >=   1.63 & utilities < 353.00",1,0,2,0.5,4,0.5,0.00542985819737389,0.11528880094409,0.106986927313652,0.16531588233368,0.175,0.50796166085284,0.4,0.746876365224989,0.291652378884436,0.61355964469528,0.174561403508772,0.321620834789841,0.0539473684210526,0.309990695928612,0.0839260312944524,0.121826151128324
"Oklahoma",10,"1",23,111,"rawben_rel_max >=   0.236 & rawben_rel_max <   1.000 & total_deductions_by_hh_size >= 511.000 & utilities < 249.000",2,1,2,1,5,1,0.0262570915191231,0.121746437273227,0.120569400041941,0.186934416602934,0.305068101276632,0.528803779614362,0,0.497110016420361,0.45658849388303,0.697329302970544,0.114640707057769,0.229302762363863,0.0558884020388089,0.254983774747213,0.0272719713976886,0.0960115903673447
"Oklahoma",10,"1",25,88,"rawben_rel_max <   0.992 & shelter_expenses_by_hh_size >= 831.000 & unc_rawben_rel_max >=   0.270 & utilities < 277.000",1,0,2,0.5,6,0.5,0.0161216024286172,0.0795659754556684,0.0512496002795779,0.144087750000978,0.167093983891436,0.4198152242281,0.666666666666667,0.666666666666667,0.207152898280526,0.533697157348829,0.0492839199233419,0.181823475795136,0.0259757076632222,0.171243728642918,0.0640968837690149,0.129849844981855
"Oklahoma",10,"1",29,32,"elderly_disabled_i >=   1.00 & total_deductions_by_hh_size < 914.00 & unc_rawben_rel_max >=   1.57 & utilities < 462.00",1,1,2,0.5,7,0.5,0.0288819464651411,0.163439507250567,0.0654360125711826,0.18079534121742,0.0942843185148999,0.522219255489703,0.4,0.725565450060621,0.191606193558522,0.706485235398954,0.0967269174401564,0.265040951055072,0.055621466955126,0.260645053474296,0.0456521739130435,0.187876604448062
"Oklahoma",10,"1",30,96,"rawben_rel_max <=   0.991 & total_deductions_by_hh_size > 272.000 & unc_rawben_rel_max >   0.913 & utilities <= 346.000",1,0,1,1,8,1,0.00771615974597007,0.0965309319904048,0.109133788968644,0.152135455703947,0.110013108803065,0.370228024400262,0.4,0.528212422949265,0.310272280999436,0.545807530721355,0.0722637531148169,0.190978165674631,0.0197698036560596,0.185410208472483,0.0285032435884508,0.103433499720497
"Oklahoma",10,"1",36,3,"cat_elig >   0.500 & expedited_i >   0.500 & total_deductions_by_hh_size > 991.000 & unc_rawben_rel_max <=   0.991",1,1,1,1,9,1,0.0464967713951082,0.109499384809408,0.174324568839781,0.225626108145504,NA,NA,0.857142857142857,0.938327526132404,0.612221782973463,0.739676973095478,NA,NA,NA,NA,NA,NA
"Oklahoma",10,"1",40,79,"months_since_cert_n >=   7.00 & shelter_expenses_by_hh_size >= 462.00 & unc_rawben_rel_max >=   1.67 & utilities < 462.00",1,0,4,0.25,10,0.25,0.00344177889742233,0.12728176566635,0.0713883646576144,0.192328920610871,0.0442645074224021,0.493760345945664,0.4,0.664884866080323,0.044713049570646,0.677458918547466,0.0639676113360324,0.290884776897895,0.02361673414305,0.296973816486115,0.0303643724696356,0.090134980035573
"Oklahoma",10,"1",49,101,"rawben_rel_max <=   0.998 & total_deductions_by_hh_size > 588.000 & unc_rawben_rel_max >   0.322 & utilities <= 344.000",2,0,2,1,11,1,0.00838649552963544,0.0964494666752341,0.0671951005420406,0.161741771166408,0.0793838862559242,0.361448132455194,0,0.490962099125364,0.155766408812474,0.537815385489771,0.0633980290378395,0.177122045884523,0.0289552173818387,0.198339826520627,0.0192307692307693,0.0844806677464365
"Oklahoma",10,"1",51,67,"medical_deductions >= 5.000 & medical_deductions < 9.000 & rawben_rel_max < 0.488",1,0,1,1,12,1,0.0548481113484754,0.134805130860293,0.180340118528154,0.254306391671476,NA,NA,0.6,0.889062929376202,0.685513575924148,0.851617948826863,NA,NA,NA,NA,NA,NA
"Oklahoma",10,"1",52,11,"cat_elig >=   1.000 & rawben_rel_max <   0.992 & unc_rawben_rel_max >=   0.986 & utilities < 626.000",2,0,6,0.333333333333333,13,0.333333333333333,0.00806673035659725,0.0953663887375853,0.0742286912178789,0.193273813397768,0.0573458073458073,0.45914807202082,0.4,0.568217234112484,0.0689357877523032,0.645116656817632,0.0272002772002772,0.201273548439242,0.0270270270270271,0.184721474968278,0.0159390159390159,0.117089454213483
"Oklahoma",10,"1",57,105,"rawben_rel_max >   0.397 & rawben_rel_max <=   0.995 & shelter_expenses_by_hh_size > 934.000 & total_deductions_by_hh_size > 639.000",17,4,22,0.772727272727273,14,0.772727272727273,0.00632225402534405,0.083173693721598,0.109446903100949,0.200713928346361,0.0757575757575758,0.315052202897434,0.4,0.731768267651888,0.213060695284856,0.560605615422914,0.105539522206189,0.179274181856175,0.0378821444395215,0.152371933697423,0.0228721409823772,0.0850380965862871
"Oklahoma",10,"1",60,80,"months_since_cert_n >=   7.000 & rawben_rel_max >=   0.992 & unc_rawben_rel_max >=   1.550 & utilities < 392.000",4,1,8,0.5,15,0.5,0.00423524734399913,0.160655293623814,0.0525191654766433,0.256250942533429,0.0424561403508772,0.511808489744573,0.4,0.750269598933721,0.0354666873230221,0.800722209378916,0.0883333333333333,0.305820440968799,0.0269298245614035,0.357634668544446,0.0314539007092198,0.08830834495198
"Oklahoma",10,"1",63,61,"medical_deductions >= 111.000 & medical_deductions < 130.000 & rawben_rel_max >=   0.274 & shelter_expenses_by_hh_size < 868.000",1,0,1,1,16,1,0.015965050454128,0.0739778741602818,0.116077857957755,0.206710587712312,0.0932075471698113,0.592239670009804,0.6,0.8969001131556,0.464212553505557,0.767953689601858,0.0867924528301887,0.270265688942818,0.0151351351351351,0.152979785662777,0.123018867924528,0.279726340607839
"Oklahoma",10,"2-3",5,188,"elderly_disabled_i > 0.500 & married <= 0.500 & rawben_rel_max > 0.996 & unc_rawben_rel_max > 1.550",1,0,1,1,0,NA,NA,NA,NA,NA,NA,NA,NA,NA,NA,NA,NA,NA,NA,NA,NA,NA
"Oklahoma",10,"2-3",17,190,"elderly_disabled_i >=   1.00 & shelter_expenses_by_hh_size < 455.00 & unc_rawben_rel_max >=   1.25 & utilities < 447.00",1,1,1,1,1,1,0.12528836508526,0.12528836508526,0.160405086785917,0.160405086785917,NA,NA,0.666666666666667,0.666666666666667,0.562815710045619,0.562815710045619,NA,NA,NA,NA,NA,NA
"Oklahoma",10,"2-3",44,197,"elderly_disabled_i >= 1.000 & rawben_rel_max >= 0.993 & rawben_rel_max < 0.996",1,0,1,1,2,1,0.0735698674545863,0.148901584742682,0.178461399450629,0.195639143707421,0.699404761904762,0.699404761904762,0.6,0.688211382113821,0.791466651606709,0.802523862167471,0.369047619047619,0.369047619047619,0.217261904761905,0.217261904761905,0.291666666666667,0.291666666666667
"Oklahoma",10,"2-3",48,285,"total_deductions_by_hh_size > 524.000 & unc_rawben_rel_max <=   0.973 & utilities <= 392.000",1,0,1,1,3,1,0.0570190355479564,0.114521978814277,0.248715507556333,0.271688776915137,0.506493506493507,0.546985157699443,0.833333333333333,0.962009803921569,0.853775479134627,0.865385795422824,0.142316017316017,0.266365182436611,0.0952380952380952,0.206972789115646,0.131493506493507,0.157374768089054
"Oklahoma",10,"2-3",55,246,"months_since_cert_n >=   6.000 & rawben_rel_max <   0.876 & total_deductions_by_hh_size >= 353.000 & utilities < 462.000",4,1,5,0.8,4,0.8,0.034372436279044,0.0798400007126539,0.149562685008566,0.223530825088354,0.115567439096851,0.316286643341438,0.6,0.763885714285714,0.38360789771376,0.647827562251672,0.124257278669043,0.205626833547865,0.127450980392157,0.226684509420206,0.0588235294117647,0.149712562484521
"Oklahoma",10,"2-3",56,267,"rawben_rel_max >   0.635 & rawben_rel_max <=   0.872 & shelter_expenses_by_hh_size > 365.000",10,4,12,0.833333333333333,5,0.833333333333333,0.0736451003428445,0.103831171015801,0.196365944431713,0.222299164279545,0.128089832424198,0.224733863971864,0.5,0.846623563218391,0.495145189099933,0.633209198922433,0.141333726473045,0.181787274324222,0.0526315789473684,0.195760211219531,0.0262303485987697,0.125604965347134
"Oklahoma",10,"4+",27,434,"months_since_cert_n >   5.5 & total_deductions_by_hh_size > 215.0 & utilities <= 442.0",7,2,7,1,0,NA,NA,NA,NA,NA,NA,NA,NA,NA,NA,NA,NA,NA,NA,NA,NA,NA
"Oklahoma",10,"4+",37,365,"count_divisible_by_100 >   1.5 & HH_size_n <=   4.5 & months_since_cert_n <=  10.5 & utilities <= 588.0",2,1,2,1,1,1,0.0368985826190091,0.0368985826190091,0.153007741753673,0.153007741753673,NA,NA,0.833333333333333,0.833333333333333,0.518266473397213,0.518266473397213,NA,NA,NA,NA,NA,NA
"Oklahoma",10,"4+",38,400,"expedited_i >   0.500 & months_since_cert_n >   5.500 & unc_rawben_rel_max <=   0.912 & utilities <= 356.000",1,0,1,1,2,1,0.00765208843085015,0.0253310250123832,0.164652530977082,0.178753866641381,NA,NA,0.6,0.646624803767661,0.469428286365091,0.52138603601302,NA,NA,NA,NA,NA,NA
"Oklahoma",10,"4+",39,426,"months_since_cert_n >   4.500 & rawben_rel_max <=   0.977 & total_deductions_by_hh_size > 221.000 & utilities <= 454.000",2,1,9,0.222222222222222,3,0.222222222222222,0.00375099247422103,0.0139034926353213,0.0638448876677204,0.100585015591152,0.0527626354398008,0.0527626354398008,0.25,0.407142857142857,0.047907248618261,0.209118739632489,0.0430715391345313,0.0430715391345313,0.0113735783027122,0.0113735783027122,0.0181035062924827,0.0181035062924827
"Oklahoma",10,"4+",41,321,"HH_size_n >   5.5 & months_since_cert_n >  10.5 & utilities <= 390.0",5,2,5,1,4,1,0.00270752730211565,0.0290972971354694,0.129263843843403,0.201765791096023,0.162393162393162,0.174782620330414,0.5,0.582133995037221,0.370873414782603,0.610087662492339,0.217322834645669,0.217977454940935,0.232195975503062,0.233832526241227,0.292307692307692,0.301918908162045
"Oklahoma",10,"4+",43,487,"months_since_cert_n >= 10.000 & rawben_rel_max >=  0.683 & rawben_rel_max <  0.820 & total_deductions_by_hh_size >= 27.000",3,1,4,0.75,5,0.75,0.0067888474681356,0.0132404750193479,0.170557705203202,0.19639825946936,0.139393939393939,0.148673357426097,0.4,0.59115796098175,0.434259298857898,0.470794133542578,0.14972804972805,0.156005030542331,0.0646464646464646,0.100827476813758,0.144832944832945,0.158706147376088
"Oklahoma",10,"4+",46,412,"married >=   1 & shelter_expenses_by_hh_size < 454 & total_deductions_by_hh_size >= 232 & total_deductions_by_hh_size < 247",1,0,3,0.333333333333333,6,0.333333333333333,0.00747725889212978,0.0189768230863575,0.124780878806428,0.161598835714752,0.204220779220779,0.24123144755803,0.833333333333333,0.878142325510747,0.41125833584214,0.495397132479552,0.219769403824522,0.233976096413462,0.0849206349206349,0.217882210113462,0.0798701298701298,0.125682451536172
"Oklahoma",10,"4+",50,468,"months_since_cert_n >=   4 & total_deductions_by_hh_size >= 217 & total_deductions_by_hh_size < 261 & utilities < 462",2,0,9,0.222222222222222,7,0.222222222222222,0.00058722040097893,0.0104905549440159,0.0689402454366479,0.126121385117857,0.0719851576994434,0.114939161494779,0.25,0.513327322513858,0.148029840807852,0.296936818189566,0.0608227542985698,0.11529020369033,0.0868480725623583,0.152405174693125,0.0607884179312751,0.0906151239287824
"Oklahoma",10,"4+",54,290,"HH_size_n <   6 & months_since_cert_n >=   4 & total_deductions_by_hh_size >= 232 & utilities < 442",1,1,8,0.125,8,0.125,0.000283413420853161,0.0102041042370981,0.0502160373174142,0.11123365084449,0.0943535904165825,0.120978380111731,0.25,0.505205577601411,0.0844115533849072,0.264140702556888,0.0596546310832025,0.115045849898096,0.0570024900733562,0.111446330649922,0.0255064270812302,0.114782551467557
"Oklahoma",10,"4+",64,402,"expedited_i >   0.500 & rawben_rel_max <=   0.932 & shelter_expenses_by_hh_size <= 155.000 & unc_rawben_rel_max >   0.654",2,0,2,1,9,1,1.77317521080217e-05,0.0232014990411994,0.137321194837671,0.206739946211423,0.0911111111111111,0.213360958540272,0.857142857142857,0.935674082015545,0.10548558950321,0.598157867374861,0.098974358974359,0.15014639032134,0.0485714285714285,0.111517559264882,0.116363636363636,0.219928481193847
"Oregon",5,"1",1,129,"total_deductions_by_hh_size > 336.000 & unc_rawben_rel_max >   0.891 & unc_rawben_rel_max <=   0.991 & utilities <=  29.500",2,2,2,1,0,NA,NA,NA,NA,NA,NA,NA,NA,NA,NA,NA,NA,NA,NA,NA,NA,NA
"Oregon",5,"2-3",3,163,"cat_elig > 0.500 & children_i > 0.500 & rawben_rel_max > 0.996 & unc_rawben_rel_max > 1.690",1,0,1,1,0,NA,NA,NA,NA,NA,NA,NA,NA,NA,NA,NA,NA,NA,NA,NA,NA,NA
"Oregon",5,"2-3",8,154,"cat_elig >   0.5 & medical_deductions > 104.0 & total_deductions_by_hh_size > 546.0 & utilities <= 560.0",3,1,3,1,1,1,0.239447841229542,0.239447841229542,0.244602630262473,0.244602630262473,0.549501661129568,0.549501661129568,0.857142857142857,0.857142857142857,0.853320513570325,0.853320513570325,0.344186046511628,0.344186046511628,0.322923588039867,0.322923588039867,0.201328903654485,0.201328903654485
"Oregon",5,"4+",6,384,"elderly_disabled_i <=   0.500 & rawben_rel_max <=   0.796 & shelter_expenses_by_hh_size <= 380.000 & unc_rawben_rel_max >   0.405",20,9,20,1,0,NA,NA,NA,NA,NA,NA,NA,NA,NA,NA,NA,NA,NA,NA,NA,NA,NA
"Oregon",5,"4+",9,482,"months_since_cert_n >=  11 & total_deductions_by_hh_size >= 228 & total_deductions_by_hh_size < 261",2,0,2,1,1,1,0.0429131937497292,0.0429131937497292,0.248827271867604,0.248827271867604,0.1455,0.1455,1,1,0.548669411351181,0.548669411351181,0.127333333333333,0.127333333333333,0.133128552323638,0.133128552323638,0.0872199933132732,0.0872199933132732
"Oregon",5,"4+",12,523,"shelter_expenses_by_hh_size <= 380.000 & total_deductions_by_hh_size >  56.000 & unc_rawben_rel_max >   0.357 & unc_rawben_rel_max <=   0.811",5,0,25,0.2,2,0.2,0.00249911334800774,0.00312512638593231,0.027885705824376,0.0308530507168537,0.0205800865800866,0.0225146242039021,0.666666666666667,0.669097982008267,0.0174457081525762,0.0249429614866485,0.0239047619047619,0.0256952835639925,0.0140534352406743,0.0156004800011371,0.0113671456694455,0.0123078561285904
"Oregon",5,"4+",13,524,"shelter_expenses_by_hh_size <= 384.000 & total_deductions_by_hh_size >  95.900 & unc_rawben_rel_max >   0.419 & unc_rawben_rel_max <=   0.965",6,3,25,0.24,3,0.24,2.90341353032381e-05,0.00162497514541887,0.0420019575643848,0.0521219058003084,0.0334385012351114,0.0388390419107671,0,0.311541291673742,0.0317092391776281,0.0370052169814583,0.0362584684618583,0.0373298928905619,0.00976451913793384,0.014144440720457,0.0149176062445794,0.0203424746453848
"Oregon",5,"4+",15,508,"rawben_rel_max >   0.422 & shelter_expenses_by_hh_size <= 382.000 & unc_rawben_rel_max <=   0.831",2,0,23,0.0869565217391304,4,0.0869565217391304,0.00074577726859909,0.00252913773895635,0.0291159551085096,0.0399537700980018,0.0565086705202312,0.0646610559334562,0.6,0.674272365196078,0.0329712029598342,0.0472997750520069,0.0211977329029352,0.0287707553740004,0.00580483617022744,0.0124781168394531,0.000494883793372201,0.0088096007896513
"Oregon",10,"1",1,129,"total_deductions_by_hh_size > 336.000 & unc_rawben_rel_max >   0.891 & unc_rawben_rel_max <=   0.991 & utilities <=  29.500",2,2,2,1,0,NA,NA,NA,NA,NA,NA,NA,NA,NA,NA,NA,NA,NA,NA,NA,NA,NA
"Oregon",10,"1",28,30,"elderly_disabled_i >=   1.00 & rawben_rel_max >=   1.00 & unc_rawben_rel_max >=   1.52 & utilities < 313.00",2,2,2,1,1,1,0.174718740909851,0.174718740909851,0.172434974561211,0.172434974561211,0.666131621187801,0.666131621187801,0.666666666666667,0.666666666666667,0.78869753149737,0.78869753149737,0.309925093632959,0.309925093632959,0.287319422150883,0.287319422150883,0.153023006955591,0.153023006955591
"Oregon",10,"1",30,38,"expedited_i <=   0.50 & total_deductions_by_hh_size <= 920.00 & unc_rawben_rel_max >   1.93 & utilities <= 684.00",1,0,1,1,2,1,0.0409020576111312,0.100581549612958,0.11931840247237,0.153696366518285,0.121302453565696,0.291243619794984,0.666666666666667,0.666666666666667,0.378735569283959,0.54816796169911,0.217152029351066,0.263363928592661,0.0442559046090347,0.13047360017665,0.0789956432011007,0.1265103003332
"Oregon",10,"1",37,12,"count_divisible_by_100 <   1.00 & months_since_cert_n >=   7.00 & unc_rawben_rel_max >=   1.63 & utilities < 353.00",2,1,2,1,3,1,0.00542985819737389,0.0555463432072848,0.106986927313652,0.135186439627747,0.302976542479795,0.375554277425492,0.666666666666667,0.666666666666667,0.291652378884436,0.488643622923577,0.193877551020408,0.23411635397559,0.0674901539563194,0.143432539049735,0.0676691729323309,0.127452584027593
"Oregon",10,"1",42,111,"rawben_rel_max >=   0.236 & rawben_rel_max <   1.000 & total_deductions_by_hh_size >= 511.000 & utilities < 249.000",2,1,3,0.666666666666667,4,0.666666666666667,0.0345150971946039,0.178168431645458,0.110540781168869,0.193714399980261,0.0750394944707741,0.550963903082518,0.666666666666667,0.773348850741926,0.217567974462398,0.757998879483113,0.0771270593545475,0.262316594904831,0.113687655156849,0.339236209441623,0.0272719713976886,0.0973118947101399
"Oregon",10,"2-3",3,163,"cat_elig > 0.500 & children_i > 0.500 & rawben_rel_max > 0.996 & unc_rawben_rel_max > 1.690",1,0,1,1,0,NA,NA,NA,NA,NA,NA,NA,NA,NA,NA,NA,NA,NA,NA,NA,NA,NA
"Oregon",10,"2-3",8,154,"cat_elig >   0.5 & medical_deductions > 104.0 & total_deductions_by_hh_size > 546.0 & utilities <= 560.0",3,1,3,1,1,1,0.239447841229542,0.239447841229542,0.244602630262473,0.244602630262473,0.549501661129568,0.549501661129568,0.857142857142857,0.857142857142857,0.853320513570325,0.853320513570325,0.344186046511628,0.344186046511628,0.322923588039867,0.322923588039867,0.201328903654485,0.201328903654485
"Oregon",10,"2-3",17,156,"cat_elig >   0.50 & shelter_expenses_by_hh_size > 246.00 & unc_rawben_rel_max >   1.63 & utilities <= 748.00",1,1,2,0.5,2,0.5,0.01764139292434,0.12995250667544,0.0946274893521385,0.148541493109218,0.133489461358314,0.318341815482494,0.666666666666667,0.666666666666667,0.197018906947799,0.47234676517412,0.0721311475409836,0.194844278768539,0.140983606557377,0.193359784997858,0.014519906323185,0.099600938919785
"Oregon",10,"4+",6,384,"elderly_disabled_i <=   0.500 & rawben_rel_max <=   0.796 & shelter_expenses_by_hh_size <= 380.000 & unc_rawben_rel_max >   0.405",20,9,20,1,0,NA,NA,NA,NA,NA,NA,NA,NA,NA,NA,NA,NA,NA,NA,NA,NA,NA
"Oregon",10,"4+",9,482,"months_since_cert_n >=  11 & total_deductions_by_hh_size >= 228 & total_deductions_by_hh_size < 261",2,0,2,1,1,1,0.0429131937497292,0.0429131937497292,0.248827271867604,0.248827271867604,0.1455,0.1455,1,1,0.548669411351181,0.548669411351181,0.127333333333333,0.127333333333333,0.133128552323638,0.133128552323638,0.0872199933132732,0.0872199933132732
"Oregon",10,"4+",12,523,"shelter_expenses_by_hh_size <= 380.000 & total_deductions_by_hh_size >  56.000 & unc_rawben_rel_max >   0.357 & unc_rawben_rel_max <=   0.811",5,0,25,0.2,2,0.2,0.00249911334800774,0.00312512638593231,0.027885705824376,0.0308530507168537,0.0205800865800866,0.0225146242039021,0.666666666666667,0.669097982008267,0.0174457081525762,0.0249429614866485,0.0239047619047619,0.0256952835639925,0.0140534352406743,0.0156004800011371,0.0113671456694455,0.0123078561285904
"Oregon",10,"4+",13,524,"shelter_expenses_by_hh_size <= 384.000 & total_deductions_by_hh_size >  95.900 & unc_rawben_rel_max >   0.419 & unc_rawben_rel_max <=   0.965",6,3,25,0.24,3,0.24,2.90341353032381e-05,0.00162497514541887,0.0420019575643848,0.0521219058003084,0.0334385012351114,0.0388390419107671,0,0.311541291673742,0.0317092391776281,0.0370052169814583,0.0362584684618583,0.0373298928905619,0.00976451913793384,0.014144440720457,0.0149176062445794,0.0203424746453848
"Oregon",10,"4+",15,508,"rawben_rel_max >   0.422 & shelter_expenses_by_hh_size <= 382.000 & unc_rawben_rel_max <=   0.831",2,0,23,0.0869565217391304,4,0.0869565217391304,0.00074577726859909,0.00252913773895635,0.0291159551085096,0.0399537700980018,0.0565086705202312,0.0646610559334562,0.6,0.674272365196078,0.0329712029598342,0.0472997750520069,0.0211977329029352,0.0287707553740004,0.00580483617022744,0.0124781168394531,0.000494883793372201,0.0088096007896513
"Oregon",10,"4+",18,381,"elderly_disabled_i <=   0.500 & HH_size_n >   4.500 & rawben_rel_max <=   0.831 & total_deductions_by_hh_size <= 248.000",3,1,20,0.15,5,0.15,0.00397857755110427,0.00571554144753349,0.0530345986118312,0.0730145651212223,0.0445145754119138,0.0658307085414416,0.666666666666667,0.927604457565361,0.0527502237307386,0.0885919648177402,0.049830164765526,0.058952310916943,0.0163167166474041,0.0249372384295192,0.00990916913176075,0.0221433138966478
"Oregon",10,"4+",19,386,"elderly_disabled_i <=   0.500 & unc_rawben_rel_max >   0.529 & unc_rawben_rel_max <=   0.965 & utilities > 260.000",11,6,35,0.314285714285714,6,0.314285714285714,2.13661460651687e-05,0.00211429412697323,0.0485793262527482,0.0706947535452502,0.0284411764705882,0.0497947423896471,0.666666666666667,0.739720445071548,0.0353197319101594,0.0634994189158048,0.0477279411764706,0.0559350598348606,0.0059369261604811,0.017230595740702,0.0291653636332048,0.0464295328762134
"Oregon",10,"4+",20,388,"elderly_disabled_i <=  0.500 & HH_size_n >  4.500 & months_since_cert_n <= 12.500 & rawben_rel_max <=  0.826",2,1,25,0.08,7,0.08,0.000953783985860157,0.00399374170828316,0.0145627039057672,0.0653480647859587,0.0167127532777116,0.0364341926698378,0.4,0.849315282548663,0.00931342038985787,0.0607780958901826,0.0220780064383485,0.0406666320149384,0.0142958709062749,0.0283860179010876,0.00467332178379753,0.0242172151608783
"Oregon",10,"4+",24,387,"elderly_disabled_i <=  0.5 & HH_size_n >  4.5 & rawben_rel_max >  0.5 & total_deductions_by_hh_size > 52.1",7,1,26,0.269230769230769,8,0.269230769230769,0.00669926818330197,0.0109400327612344,0.0727013761379011,0.0842718945679546,0.0218256315072772,0.0476113059600744,0.666666666666667,0.80908893781692,0.0796719967438804,0.118033374498704,0.0483694431971262,0.0694849782412205,0.00225984212001439,0.0128251419893084,0.0047001776369485,0.020234835108679
"Oregon",10,"4+",25,314,"HH_size_n >   4.500 & shelter_expenses_by_hh_size <= 392.000 & total_deductions_by_hh_size >  54.300 & unc_rawben_rel_max <=   0.803",1,1,20,0.05,9,0.05,0.00041008493212992,0.00428851902178277,0.0331770672245091,0.0647428997140711,0.0161226161226161,0.0348753736416122,0.4,0.670932628370497,0.0116543416759606,0.0607908350240003,0.0296712296712297,0.047606489625154,0.013607859248101,0.0247670342586231,0.00922821410955226,0.0297952273628917
"Oregon",10,"4+",27,312,"HH_size_n >   4.500 & rawben_rel_max >   0.153 & utilities <= 451.000",3,0,4,0.75,10,0.75,0.00523242430790985,0.0147488645350537,0.0925306343804378,0.115686061657535,0.0659744522942982,0.110430041240854,0.6,0.884114583333333,0.141382945285498,0.227702975572208,0.0509334906802227,0.0710752629853605,0.0107939431143851,0.0274676135596719,0.017131619034627,0.0371689456206621
"Oregon",10,"4+",38,390,"elderly_disabled_i <=  0.500 & total_deductions_by_hh_size > 99.000 & unc_rawben_rel_max >  0.370 & unc_rawben_rel_max <=  0.775",1,0,29,0.0344827586206897,11,0.0344827586206897,0.00139905294087211,0.00449537121528129,0.0500666865391892,0.0803127172413206,0.0378829635753985,0.0696238528811843,0.4,0.671822357287199,0.0336257888183966,0.107787432623353,0.0301463414634146,0.0473211994268556,0.00855284402823269,0.0184543870415703,0.016060953645849,0.032766226448641
"Oregon",10,"4+",40,507,"rawben_rel_max >   0.405 & total_deductions_by_hh_size <= 248.000 & unc_rawben_rel_max <=   0.899",1,0,25,0.04,12,0.04,0.000674404523358638,0.00506942210869636,0.0206005944395935,0.0675499745435195,0.029980085253996,0.0736679468215633,0.5,0.815184825228727,0.012779055555921,0.0822931115915508,0.0266409995489022,0.0420883290300662,0.00611298166853723,0.0211454319806313,0.00341825203519628,0.0199571545366567
"Oregon",10,"4+",44,385,"elderly_disabled_i <=   0.500 & rawben_rel_max <=   0.796 & shelter_expenses_by_hh_size > 165.000 & shelter_expenses_by_hh_size <= 380.000",3,0,26,0.115384615384615,13,0.115384615384615,0.00274560933132374,0.00681495531709852,0.0341410711762287,0.0816407481440135,0.0200364676142721,0.0769979188019229,0.4,0.82519421759829,0.0564138630496659,0.123426252551516,0.0377597137988336,0.0678917965391128,0.0106256497357131,0.0349809257210598,0.00701784435240257,0.0295311885137552
"Oregon",10,"4+",45,380,"elderly_disabled_i <=   0.50 & rawben_rel_max >   0.37 & total_deductions_by_hh_size >  89.60 & utilities <= 451.00",1,0,2,0.5,14,0.5,0.00151127438493565,0.0122853958789158,0.0593053522934112,0.101610138712925,0.0245463203159691,0.056561454095945,0.4,0.789430468745961,0.0832530915274302,0.152504255283782,0.0294117647058823,0.0558446221912943,0.00989547830038628,0.0330530845059342,0.0118351207886469,0.0526619867416725
"Pennsylvania",5,"1",6,85,"rawben_rel_max <    1.000 & shelter_expenses_by_hh_size >= 1180.000 & unc_rawben_rel_max >=    0.986 & utilities <  645.000",1,1,1,1,0,NA,NA,NA,NA,NA,NA,NA,NA,NA,NA,NA,NA,NA,NA,NA,NA,NA
"Pennsylvania",5,"1",7,16,"count_divisible_by_100 <=   0.50 & months_since_cert_n >   3.50 & total_deductions_by_hh_size <= 810.00 & unc_rawben_rel_max >   1.93",2,1,2,1,1,1,0.224117441823873,0.224117441823873,0.212674263057973,0.212674263057973,0.778787878787879,0.778787878787879,0.857142857142857,0.857142857142857,0.879793070897214,0.879793070897214,0.5,0.5,0.512121212121212,0.512121212121212,0.145454545454545,0.145454545454545
"Pennsylvania",5,"1",17,111,"rawben_rel_max >=   0.236 & rawben_rel_max <   1.000 & total_deductions_by_hh_size >= 511.000 & utilities < 249.000",1,1,2,0.5,2,0.5,0.0397796765901807,0.138782942924628,0.218627197632302,0.238872406311855,0.300818612666954,0.493207321649456,0.666666666666667,0.851612903225806,0.642396044631356,0.792434167803563,0.180784144765187,0.284787517430844,0.113657906074968,0.271678966704192,0.103145196036191,0.158629067003933
"Pennsylvania",5,"1",23,23,"elderly_disabled_i >   0.500 & rawben_rel_max >   0.315 & shelter_expenses_by_hh_size <= 810.000 & unc_rawben_rel_max >   1.790",2,0,3,0.666666666666667,3,0.666666666666667,0.0151756350371805,0.189573301518813,0.0707608449667074,0.204554511974414,0.059030303030303,0.531468496927302,0.857142857142857,0.857142857142857,0.0981845647384899,0.748292800205305,0.131151515151515,0.283636933084231,0.0452121212121212,0.312532922929496,0.0407272727272727,0.193395415693808
"Pennsylvania",5,"1",24,8,"cat_elig >=    1.00 & shelter_expenses_by_hh_size < 1720.00 & unc_rawben_rel_max >=    2.49 & utilities <  875.00",2,1,2,1,4,1,0.0872533863141065,0.130814587410795,0.102519074086523,0.175274056433327,0.153939393939394,0.3727058454424,0.666666666666667,0.77876233700742,0.51898229047533,0.70350452651926,0.172727272727273,0.312371474639129,0.109333333333333,0.202822105953165,0.0351515151515152,0.120479567925818
"Pennsylvania",5,"1",29,3,"cat_elig >   0.500 & expedited_i >   0.500 & total_deductions_by_hh_size > 991.000 & unc_rawben_rel_max <=   0.991",2,1,2,1,5,1,0.0557925556188366,0.132030967305113,0.158210785224133,0.199904166882325,NA,NA,0.857142857142857,0.923996265172736,0.553688748329286,0.721670196036598,NA,NA,NA,NA,NA,NA
"Pennsylvania",5,"1",36,44,"medical_deductions <=  604.000 & rawben_rel_max >    0.987 & rawben_rel_max <=    0.998 & shelter_expenses_by_hh_size > 1270.000",1,1,2,0.5,6,0.5,0.00689972725266147,0.124624539975221,0.039922140394272,0.18899741862552,0.0523510971786834,0.488304789522882,0.666666666666667,0.808270676691729,0.0617162386871777,0.695447169978269,0.0652037617554859,0.286800342801681,0.0141065830721003,0.281505648346159,0.0255172413793103,0.113903401433075
"Pennsylvania",5,"2-3",2,163,"cat_elig > 0.500 & children_i > 0.500 & rawben_rel_max > 0.996 & unc_rawben_rel_max > 1.690",1,0,1,1,0,NA,NA,NA,NA,NA,NA,NA,NA,NA,NA,NA,NA,NA,NA,NA,NA,NA
"Pennsylvania",5,"2-3",4,188,"elderly_disabled_i > 0.500 & married <= 0.500 & rawben_rel_max > 0.996 & unc_rawben_rel_max > 1.550",1,0,1,1,1,1,0.0160562972719352,0.0160562972719352,0.094924892334913,0.094924892334913,0.295238095238095,0.295238095238095,0.666666666666667,0.666666666666667,0.304846756422767,0.304846756422767,0.138095238095238,0.138095238095238,0.223809523809524,0.223809523809524,0.1,0.1
"Pennsylvania",5,"2-3",21,229,"medical_deductions > 366.000 & shelter_expenses_by_hh_size > 559.000 & total_deductions_by_hh_size >  35.100 & unc_rawben_rel_max >   0.153",1,0,1,1,2,1,0.268033778582016,0.273830058337919,0.200109772878658,0.219357911312497,NA,NA,0.857142857142857,0.857142857142857,0.828633371610725,0.859548231287116,NA,NA,NA,NA,NA,NA
"Pennsylvania",5,"2-3",22,221,"medical_deductions >   3.500 & rawben_rel_max <=   0.998 & shelter_expenses_by_hh_size > 953.000",2,1,2,1,3,1,0.0388700883759425,0.194341821617364,0.0969810886383783,0.219920279920602,0.504464285714286,0.523563664596273,0.6,0.896774193548387,0.333072921568997,0.756365135882689,0.347321428571429,0.359365295031056,0.0744047619047619,0.174145962732919,0.0508928571428571,0.0631017080745342
"Pennsylvania",5,"4+",5,482,"months_since_cert_n >=  11 & total_deductions_by_hh_size >= 228 & total_deductions_by_hh_size < 261",1,0,1,1,0,NA,NA,NA,NA,NA,NA,NA,NA,NA,NA,NA,NA,NA,NA,NA,NA,NA
"Pennsylvania",5,"4+",12,364,"count_divisible_by_100 >   0.500 & months_since_cert_n >   5.500 & rawben_rel_max <=   0.947 & total_deductions_by_hh_size > 218.000",2,0,2,1,1,1,0.00331209351159279,0.00331209351159279,0.090732829287836,0.090732829287836,0.338768115942029,0.338768115942029,0.6,0.6,0.340056431945474,0.340056431945474,0.232789855072464,0.232789855072464,0.283514492753623,0.283514492753623,0.103260869565217,0.103260869565217
"Pennsylvania",5,"4+",18,311,"HH_size_n >   4.500 & months_since_cert_n >   5.500 & total_deductions_by_hh_size > 231.000 & unc_rawben_rel_max <=   0.998",6,2,7,0.857142857142857,2,0.857142857142857,0.012388305531486,0.0141417668023293,0.053382079096086,0.0854803822749206,0.147401908801697,0.210508805855322,0.6,0.635294117647059,0.243924371533993,0.297768968431545,0.116648992576882,0.124643919073462,0.113313008130081,0.143430436861913,0.0556733828207847,0.0710810305033997
"Pennsylvania",5,"4+",27,439,"months_since_cert_n >   5.500 & rawben_rel_max <=   0.997 & shelter_expenses_by_hh_size <= 494.000 & total_deductions_by_hh_size > 227.000",4,1,11,0.363636363636364,3,0.363636363636364,0.0196049122724054,0.0262829688179498,0.071475752845509,0.0938091957179113,0.0933727519093373,0.131216578415235,0.4,0.585185185185185,0.151828676919926,0.226743307283328,0.0693520571569352,0.10073412932197,0.0700757575757576,0.131033440330012,0.0463168268046317,0.0487520723911675
"Pennsylvania",5,"4+",28,477,"months_since_cert_n >=   8.000 & rawben_rel_max <   0.965 & total_deductions_by_hh_size >= 178.000 & unc_rawben_rel_max >=   0.793",1,1,2,0.5,4,0.5,0.00494263925380711,0.0197336797760713,0.112747737897807,0.12380702774925,0.111111111111111,0.138534443301264,0.4,0.467888662593347,0.296052947041791,0.311417700343936,0.124098124098124,0.133377734144883,0.0792748917748918,0.139579123638966,0.0266955266955267,0.0400200242461691
"Pennsylvania",5,"4+",30,339,"HH_size_n >=   5 & total_deductions_by_hh_size >= 358",2,0,2,1,5,1,0.00419072605357369,0.0263947242037378,0.153427875058313,0.189102223977243,NA,NA,0.5,0.750244698205547,0.354608660730533,0.475979751727511,NA,NA,NA,NA,NA,NA
"Pennsylvania",5,"4+",37,313,"HH_size_n >   4.500 & rawben_rel_max >   0.478 & total_deductions_by_hh_size > 233.000 & unc_rawben_rel_max <=   0.997",1,0,6,0.166666666666667,6,0.166666666666667,0.00343071154610966,0.0138487513716549,0.103463982669324,0.115403479122784,0.112638580931264,0.155613525591504,0.4,0.770197552705293,0.14093645250013,0.280940728446431,0.15296442687747,0.198836890297105,0.0861660079051384,0.177886610919225,0.0674242424242425,0.106828179262308
"Pennsylvania",5,"4+",39,487,"months_since_cert_n >= 10.000 & rawben_rel_max >=  0.683 & rawben_rel_max <  0.820 & total_deductions_by_hh_size >= 27.000",3,0,4,0.75,7,0.75,0.00211507531963096,0.012568829879173,0.106975875199076,0.173516095031749,0.0909090909090909,0.156475460692558,0.4,0.509891936824605,0.231804715823141,0.425714260755015,0.101298701298701,0.182042428716091,0.106493506493506,0.207129086418271,0.0454545454545455,0.0609477123158799
"Pennsylvania",5,"4+",42,309,"HH_size_n >   4.500 & months_since_cert_n >   4.500 & rawben_rel_max <=   0.988 & total_deductions_by_hh_size > 206.000",2,1,10,0.2,8,0.2,0.0033369582598926,0.0113678572098505,0.0589858157373291,0.10395922355315,0.0371314160902803,0.114999068559832,0.4,0.45425641025641,0.0421030522036751,0.241283711954778,0.0496004824363033,0.117084149478316,0.0330921151816674,0.105363854074388,0.0259158751696066,0.0674237736939709
"Pennsylvania",10,"1",6,85,"rawben_rel_max <    1.000 & shelter_expenses_by_hh_size >= 1180.000 & unc_rawben_rel_max >=    0.986 & utilities <  645.000",1,1,1,1,0,NA,NA,NA,NA,NA,NA,NA,NA,NA,NA,NA,NA,NA,NA,NA,NA,NA
"Pennsylvania",10,"1",7,16,"count_divisible_by_100 <=   0.50 & months_since_cert_n >   3.50 & total_deductions_by_hh_size <= 810.00 & unc_rawben_rel_max >   1.93",2,1,2,1,1,1,0.224117441823873,0.224117441823873,0.212674263057973,0.212674263057973,0.778787878787879,0.778787878787879,0.857142857142857,0.857142857142857,0.879793070897214,0.879793070897214,0.5,0.5,0.512121212121212,0.512121212121212,0.145454545454545,0.145454545454545
"Pennsylvania",10,"1",17,111,"rawben_rel_max >=   0.236 & rawben_rel_max <   1.000 & total_deductions_by_hh_size >= 511.000 & utilities < 249.000",1,1,2,0.5,2,0.5,0.0397796765901807,0.138782942924628,0.218627197632302,0.238872406311855,0.300818612666954,0.493207321649456,0.666666666666667,0.851612903225806,0.642396044631356,0.792434167803563,0.180784144765187,0.284787517430844,0.113657906074968,0.271678966704192,0.103145196036191,0.158629067003933
"Pennsylvania",10,"1",23,23,"elderly_disabled_i >   0.500 & rawben_rel_max >   0.315 & shelter_expenses_by_hh_size <= 810.000 & unc_rawben_rel_max >   1.790",2,0,3,0.666666666666667,3,0.666666666666667,0.0151756350371805,0.189573301518813,0.0707608449667074,0.204554511974414,0.059030303030303,0.531468496927302,0.857142857142857,0.857142857142857,0.0981845647384899,0.748292800205305,0.131151515151515,0.283636933084231,0.0452121212121212,0.312532922929496,0.0407272727272727,0.193395415693808
"Pennsylvania",10,"1",24,8,"cat_elig >=    1.00 & shelter_expenses_by_hh_size < 1720.00 & unc_rawben_rel_max >=    2.49 & utilities <  875.00",2,1,2,1,4,1,0.0872533863141065,0.130814587410795,0.102519074086523,0.175274056433327,0.153939393939394,0.3727058454424,0.666666666666667,0.77876233700742,0.51898229047533,0.70350452651926,0.172727272727273,0.312371474639129,0.109333333333333,0.202822105953165,0.0351515151515152,0.120479567925818
"Pennsylvania",10,"1",29,3,"cat_elig >   0.500 & expedited_i >   0.500 & total_deductions_by_hh_size > 991.000 & unc_rawben_rel_max <=   0.991",2,1,2,1,5,1,0.0557925556188366,0.132030967305113,0.158210785224133,0.199904166882325,NA,NA,0.857142857142857,0.923996265172736,0.553688748329286,0.721670196036598,NA,NA,NA,NA,NA,NA
"Pennsylvania",10,"1",36,44,"medical_deductions <=  604.000 & rawben_rel_max >    0.987 & rawben_rel_max <=    0.998 & shelter_expenses_by_hh_size > 1270.000",1,1,2,0.5,6,0.5,0.00689972725266147,0.124624539975221,0.039922140394272,0.18899741862552,0.0523510971786834,0.488304789522882,0.666666666666667,0.808270676691729,0.0617162386871777,0.695447169978269,0.0652037617554859,0.286800342801681,0.0141065830721003,0.281505648346159,0.0255172413793103,0.113903401433075
"Pennsylvania",10,"1",53,124,"shelter_expenses_by_hh_size > 504.0 & total_deductions_by_hh_size > 647.0 & utilities <=  29.5",1,0,2,0.5,7,0.5,0.0541877577049722,0.101272023028115,0.105088847879145,0.160951429241939,0.156817514574508,0.350880824861121,0.6,0.790359658880237,0.352380489083967,0.585595471625565,0.0702512267751541,0.208902421233262,0.113534370674831,0.19402351731328,0.0663126843657817,0.108160996838948
"Pennsylvania",10,"2-3",2,163,"cat_elig > 0.500 & children_i > 0.500 & rawben_rel_max > 0.996 & unc_rawben_rel_max > 1.690",1,0,1,1,0,NA,NA,NA,NA,NA,NA,NA,NA,NA,NA,NA,NA,NA,NA,NA,NA,NA
"Pennsylvania",10,"2-3",4,188,"elderly_disabled_i > 0.500 & married <= 0.500 & rawben_rel_max > 0.996 & unc_rawben_rel_max > 1.550",1,0,1,1,1,1,0.0160562972719352,0.0160562972719352,0.094924892334913,0.094924892334913,0.295238095238095,0.295238095238095,0.666666666666667,0.666666666666667,0.304846756422767,0.304846756422767,0.138095238095238,0.138095238095238,0.223809523809524,0.223809523809524,0.1,0.1
"Pennsylvania",10,"2-3",21,229,"medical_deductions > 366.000 & shelter_expenses_by_hh_size > 559.000 & total_deductions_by_hh_size >  35.100 & unc_rawben_rel_max >   0.153",1,0,1,1,2,1,0.268033778582016,0.273830058337919,0.200109772878658,0.219357911312497,NA,NA,0.857142857142857,0.857142857142857,0.828633371610725,0.859548231287116,NA,NA,NA,NA,NA,NA
"Pennsylvania",10,"2-3",22,221,"medical_deductions >   3.500 & rawben_rel_max <=   0.998 & shelter_expenses_by_hh_size > 953.000",2,1,2,1,3,1,0.0388700883759425,0.194341821617364,0.0969810886383783,0.219920279920602,0.504464285714286,0.523563664596273,0.6,0.896774193548387,0.333072921568997,0.756365135882689,0.347321428571429,0.359365295031056,0.0744047619047619,0.174145962732919,0.0508928571428571,0.0631017080745342
"Pennsylvania",10,"2-3",40,197,"elderly_disabled_i >= 1.000 & rawben_rel_max >= 0.993 & rawben_rel_max < 0.996",4,3,4,1,4,1,0.0982790991937536,0.156460594334631,0.178461399450629,0.220977634515961,0.46875,0.624775081788441,0.6,0.785071574642127,0.777075720437435,0.825682831481931,0.1875,0.320494820065431,0.15625,0.263556434023991,0.196428571428571,0.240151308615049
"Pennsylvania",10,"2-3",47,166,"cat_elig >=   1.000 & medical_deductions >= 179.000 & rawben_rel_max >=   0.137 & total_deductions_by_hh_size >= 242.000",1,0,2,0.5,5,0.5,0.0440165853483886,0.197047439754501,0.114613559918644,0.184616948420326,0.177933673469388,0.48375,0.666666666666667,0.782861531709458,0.25351242132741,0.658716055019695,0.139030612244898,0.220579840044126,0.0272108843537415,0.131534749034749,0.00680272108843538,0.128416298952013
"Pennsylvania",10,"2-3",54,272,"shelter_expenses_by_hh_size < 720 & total_deductions_by_hh_size >= 625",2,1,2,1,6,1,0.084574526931691,0.144014742670148,0.17265772388369,0.208447021057383,0.369623655913978,0.439757101554197,0.8,0.901928374655647,0.609799020501141,0.730143839838217,0.159447004608295,0.208339759985468,0.0100943603247751,0.0799109193916335,0.0552995391705069,0.134148904908421
"Pennsylvania",10,"2-3",58,253,"rawben_rel_max <   0.586 & total_deductions_by_hh_size >= 625.000 & total_deductions_by_hh_size < 683.000",1,0,2,0.5,7,0.5,0.0389720250638812,0.112860807445971,0.159383029544734,0.193797990465743,NA,NA,0.75,0.835479543930248,0.449621304819814,0.644253900883132,NA,NA,NA,NA,NA,NA
"Pennsylvania",10,"2-3",72,256,"rawben_rel_max <   0.749 & total_deductions_by_hh_size >= 602.000 & total_deductions_by_hh_size < 683.000",2,0,4,0.5,8,0.5,0.00846443178265186,0.104814682761468,0.0637629712807331,0.17429534836625,0.200426439232409,0.453238876907766,0,0.77613707165109,0.0573972628527324,0.631291523466688,0.129637526652452,0.30518201459274,0.0515280739161336,0.107419759404116,0.0353944562899786,0.104741206817111
"Pennsylvania",10,"4+",5,482,"months_since_cert_n >=  11 & total_deductions_by_hh_size >= 228 & total_deductions_by_hh_size < 261",1,0,1,1,0,NA,NA,NA,NA,NA,NA,NA,NA,NA,NA,NA,NA,NA,NA,NA,NA,NA
"Pennsylvania",10,"4+",12,364,"count_divisible_by_100 >   0.500 & months_since_cert_n >   5.500 & rawben_rel_max <=   0.947 & total_deductions_by_hh_size > 218.000",2,0,2,1,1,1,0.00331209351159279,0.00331209351159279,0.090732829287836,0.090732829287836,0.338768115942029,0.338768115942029,0.6,0.6,0.340056431945474,0.340056431945474,0.232789855072464,0.232789855072464,0.283514492753623,0.283514492753623,0.103260869565217,0.103260869565217
"Pennsylvania",10,"4+",18,311,"HH_size_n >   4.500 & months_since_cert_n >   5.500 & total_deductions_by_hh_size > 231.000 & unc_rawben_rel_max <=   0.998",6,2,7,0.857142857142857,2,0.857142857142857,0.012388305531486,0.0141417668023293,0.053382079096086,0.0854803822749206,0.147401908801697,0.210508805855322,0.6,0.635294117647059,0.243924371533993,0.297768968431545,0.116648992576882,0.124643919073462,0.113313008130081,0.143430436861913,0.0556733828207847,0.0710810305033997
"Pennsylvania",10,"4+",27,439,"months_since_cert_n >   5.500 & rawben_rel_max <=   0.997 & shelter_expenses_by_hh_size <= 494.000 & total_deductions_by_hh_size > 227.000",4,1,11,0.363636363636364,3,0.363636363636364,0.0196049122724054,0.0262829688179498,0.071475752845509,0.0938091957179113,0.0933727519093373,0.131216578415235,0.4,0.585185185185185,0.151828676919926,0.226743307283328,0.0693520571569352,0.10073412932197,0.0700757575757576,0.131033440330012,0.0463168268046317,0.0487520723911675
"Pennsylvania",10,"4+",28,477,"months_since_cert_n >=   8.000 & rawben_rel_max <   0.965 & total_deductions_by_hh_size >= 178.000 & unc_rawben_rel_max >=   0.793",1,1,2,0.5,4,0.5,0.00494263925380711,0.0197336797760713,0.112747737897807,0.12380702774925,0.111111111111111,0.138534443301264,0.4,0.467888662593347,0.296052947041791,0.311417700343936,0.124098124098124,0.133377734144883,0.0792748917748918,0.139579123638966,0.0266955266955267,0.0400200242461691
"Pennsylvania",10,"4+",30,339,"HH_size_n >=   5 & total_deductions_by_hh_size >= 358",2,0,2,1,5,1,0.00419072605357369,0.0263947242037378,0.153427875058313,0.189102223977243,NA,NA,0.5,0.750244698205547,0.354608660730533,0.475979751727511,NA,NA,NA,NA,NA,NA
"Pennsylvania",10,"4+",37,313,"HH_size_n >   4.500 & rawben_rel_max >   0.478 & total_deductions_by_hh_size > 233.000 & unc_rawben_rel_max <=   0.997",1,0,6,0.166666666666667,6,0.166666666666667,0.00343071154610966,0.0138487513716549,0.103463982669324,0.115403479122784,0.112638580931264,0.155613525591504,0.4,0.770197552705293,0.14093645250013,0.280940728446431,0.15296442687747,0.198836890297105,0.0861660079051384,0.177886610919225,0.0674242424242425,0.106828179262308
"Pennsylvania",10,"4+",39,487,"months_since_cert_n >= 10.000 & rawben_rel_max >=  0.683 & rawben_rel_max <  0.820 & total_deductions_by_hh_size >= 27.000",3,0,4,0.75,7,0.75,0.00211507531963096,0.012568829879173,0.106975875199076,0.173516095031749,0.0909090909090909,0.156475460692558,0.4,0.509891936824605,0.231804715823141,0.425714260755015,0.101298701298701,0.182042428716091,0.106493506493506,0.207129086418271,0.0454545454545455,0.0609477123158799
"Pennsylvania",10,"4+",42,309,"HH_size_n >   4.500 & months_since_cert_n >   4.500 & rawben_rel_max <=   0.988 & total_deductions_by_hh_size > 206.000",2,1,10,0.2,8,0.2,0.0033369582598926,0.0113678572098505,0.0589858157373291,0.10395922355315,0.0371314160902803,0.114999068559832,0.4,0.45425641025641,0.0421030522036751,0.241283711954778,0.0496004824363033,0.117084149478316,0.0330921151816674,0.105363854074388,0.0259158751696066,0.0674237736939709
"Pennsylvania",10,"4+",49,413,"married >=   1.000 & months_since_cert_n >=   7.000 & shelter_expenses_by_hh_size >= 336.000 & unc_rawben_rel_max >=   0.282",3,2,6,0.5,9,0.5,0.00121228800983083,0.0108103421199948,0.100735751886018,0.128994491097263,0.0730769230769231,0.155233945454264,0.666666666666667,0.859542108901631,0.254402735037569,0.311740927650771,0.142773892773893,0.175238537856021,0.0519230769230769,0.174963395193695,0.0166510318949343,0.0577753424717491
"Pennsylvania",10,"4+",56,323,"HH_size_n >   5.5000 & percent_abawd >   0.0885 & total_deductions_by_hh_size > 107.0000",1,0,1,1,10,1,0.00739714139091452,0.0304411318625086,0.117982585218977,0.143786195015764,0.081043956043956,0.202224748345228,0.333333333333333,0.764264487369985,0.391757289225844,0.491699862233239,0.134199134199134,0.188061767527525,0.0277056277056277,0.172499969212607,0.105194805194805,0.174462045008159
"Pennsylvania",10,"4+",60,509,"rawben_rel_max >   0.483 & shelter_expenses_by_hh_size > 305.000 & unc_rawben_rel_max <=   0.960",18,7,30,0.6,11,0.6,0.00368559555920828,0.0215810648450572,0.0872994231403308,0.14175480469661,0.0683610867659947,0.135260974477563,0.6,0.903585751356452,0.17574186777245,0.293939049042584,0.0763331760264275,0.130709386843392,0.0416937947613562,0.139726647521631,0.00515213739033046,0.0518282805198037
"Pennsylvania",10,"4+",67,402,"expedited_i >   0.500 & rawben_rel_max <=   0.932 & shelter_expenses_by_hh_size <= 155.000 & unc_rawben_rel_max >   0.654",1,1,1,1,12,1,0.00273327620002069,0.0365995908346274,0.149950079778936,0.232386725567882,0.161818181818182,0.198412012209027,0.666666666666667,0.914715867683393,0.448520210083837,0.676609768225305,0.121818181818182,0.163138328767476,0.037910447761194,0.0927190110138265,0.0542857142857143,0.123544220412511
"Pennsylvania",10,"4+",68,310,"HH_size_n >   4.500 & months_since_cert_n >   5.500 & rawben_rel_max <=   0.997 & shelter_expenses_by_hh_size > 263.000",1,0,15,0.0666666666666667,13,0.0666666666666667,0.00285590156588986,0.0135806016163274,0.0578764426607306,0.119956818530186,0.0716834181786538,0.100798936010365,0.4,0.748629723530122,0.117781604227488,0.237342462703506,0.0718891038039974,0.115186495217927,0.0204169353105524,0.114532959761608,0.0293036750483559,0.0508644514842691
"Pennsylvania",10,"4+",73,488,"months_since_cert_n >= 5.000 & rawben_rel_max >= 0.607 & rawben_rel_max < 0.625",1,0,2,0.5,14,0.5,0.00118975468077421,0.0342993691335256,0.15835126408283,0.204457739602286,0.10054533060668,0.15556853110879,0.25,0.71658011468138,0.444745547903986,0.527312769115133,0.196414499605989,0.2232166841498,0.011608623548922,0.0852589903978427,0.082010582010582,0.215796064504345
"Pennsylvania",10,"4+",78,406,"expedited_i >=   1.000 & rawben_rel_max <   0.962 & total_deductions_by_hh_size >=   2.250 & total_deductions_by_hh_size < 124.000",1,0,1,1,15,1,0.00176049904810655,0.028454595935901,0.0914623524428332,0.184637242467977,0.0795652173913044,0.197376269520651,0.6,0.861355891311559,0.107268649868286,0.564393046386623,0.0817391304347826,0.220705280691968,0.0254093732354602,0.145885757115002,0.0543478260869565,0.145790633664667
"Pennsylvania",10,"4+",79,353,"cat_elig >   0.500 & months_since_cert_n >   5.500 & rawben_rel_max <=   0.976 & shelter_expenses_by_hh_size > 350.000",1,0,12,0.0833333333333333,16,0.0833333333333333,0.00330023619975253,0.0135564728916582,0.0603067602363009,0.125140855406552,0.0374174614820249,0.0905316271840629,0.4,0.749287304478561,0.0915818989782129,0.219072123859596,0.0625837388054439,0.10547484544899,0.0526412325752018,0.139624707916912,0.0144028595458369,0.0784524925420561
"Pennsylvania",10,"4+",88,396,"expedited_i <=   0.500 & months_since_cert_n >   4.500 & total_deductions_by_hh_size > 219.000 & unc_rawben_rel_max <=   0.988",1,0,15,0.0666666666666667,17,0.0666666666666667,0.00263812436549486,0.0163267133951544,0.0439860231521369,0.10993616856804,0.0386977886977887,0.105396522908946,0.4,0.784905902097185,0.0411459201650168,0.220861145908406,0.0337837837837838,0.105144791819025,0.00546000546000544,0.088869239271266,0.00675675675675678,0.068868765103719
"Rhode Island",5,"1",1,129,"total_deductions_by_hh_size > 336.000 & unc_rawben_rel_max >   0.891 & unc_rawben_rel_max <=   0.991 & utilities <=  29.500",6,6,6,1,0,NA,NA,NA,NA,NA,NA,NA,NA,NA,NA,NA,NA,NA,NA,NA,NA,NA
"Rhode Island",5,"1",3,99,"rawben_rel_max <=   0.992 & shelter_expenses_by_hh_size > 906.000 & unc_rawben_rel_max >   0.557 & utilities <=  29.500",2,2,8,0.25,1,0.25,0.0161105025034857,0.0161105025034857,0.0939975559162687,0.0939975559162687,0.148809523809524,0.148809523809524,0.666666666666667,0.666666666666667,0.243409632612002,0.243409632612002,0.0577380952380953,0.0577380952380953,0.0880952380952381,0.0880952380952381,0.0261904761904762,0.0261904761904762
"Rhode Island",5,"1",11,113,"rawben_rel_max >=   0.484 & rawben_rel_max <   0.989 & shelter_expenses_by_hh_size >= 879.000 & utilities <  31.000",1,0,3,0.333333333333333,2,0.333333333333333,0.00492915304826374,0.00868283172475725,0.0346287771402852,0.0728071277313719,0.0386363636363636,0.081022322348853,0.4,0.630126336248785,0.0352738014442193,0.138711462554888,0.0704545454545455,0.0875614748063728,0.0454545454545455,0.0844082221633242,0.0431818181818182,0.0557668521954236
"Rhode Island",5,"1",16,16,"count_divisible_by_100 <=   0.50 & months_since_cert_n >   3.50 & total_deductions_by_hh_size <= 810.00 & unc_rawben_rel_max >   1.93",6,3,6,1,3,1,0.2018199068666,0.203812393955461,0.237845673597979,0.245303795568611,0.66017316017316,0.704801911051911,0.857142857142857,0.91025641025641,0.892637098210595,0.9035443333403,0.408008658008658,0.436421217671218,0.335497835497836,0.340852203352203,0.235930735930736,0.25388246013246
"Rhode Island",5,"1",19,108,"rawben_rel_max >   0.987 & rawben_rel_max <=   0.991 & total_deductions_by_hh_size > 938.000",6,4,8,0.75,4,0.75,0.0259894260988373,0.0827473432153797,0.152247511442939,0.187916031151605,0.348611111111111,0.478605079816017,0.6,0.8146875,0.554906910813335,0.68780551543585,0.123809523809524,0.237615327380952,0.163888888888889,0.278890016233766,0.0571428571428571,0.118124323593074
"Rhode Island",5,"2-3",9,239,"months_since_cert_n <=  18.000 & rawben_rel_max <=   0.922 & shelter_expenses_by_hh_size > 815.000",23,5,23,1,0,NA,NA,NA,NA,NA,NA,NA,NA,NA,NA,NA,NA,NA,NA,NA,NA,NA
"Rhode Island",5,"2-3",14,157,"cat_elig >   0.50 & unc_rawben_rel_max >   1.63 & utilities <= 873.00",1,1,1,1,1,1,0.224941087328116,0.224941087328116,0.231839727247707,0.231839727247707,0.297645246478873,0.297645246478873,1,1,0.834125553982773,0.834125553982773,0.105963908450704,0.105963908450704,0.0350462147887324,0.0350462147887324,0.0900088028169014,0.0900088028169014
"Rhode Island",10,"1",1,129,"total_deductions_by_hh_size > 336.000 & unc_rawben_rel_max >   0.891 & unc_rawben_rel_max <=   0.991 & utilities <=  29.500",6,6,6,1,0,NA,NA,NA,NA,NA,NA,NA,NA,NA,NA,NA,NA,NA,NA,NA,NA,NA
"Rhode Island",10,"1",3,99,"rawben_rel_max <=   0.992 & shelter_expenses_by_hh_size > 906.000 & unc_rawben_rel_max >   0.557 & utilities <=  29.500",2,2,8,0.25,1,0.25,0.0161105025034857,0.0161105025034857,0.0939975559162687,0.0939975559162687,0.148809523809524,0.148809523809524,0.666666666666667,0.666666666666667,0.243409632612002,0.243409632612002,0.0577380952380953,0.0577380952380953,0.0880952380952381,0.0880952380952381,0.0261904761904762,0.0261904761904762
"Rhode Island",10,"1",11,113,"rawben_rel_max >=   0.484 & rawben_rel_max <   0.989 & shelter_expenses_by_hh_size >= 879.000 & utilities <  31.000",1,0,3,0.333333333333333,2,0.333333333333333,0.00492915304826374,0.00868283172475725,0.0346287771402852,0.0728071277313719,0.0386363636363636,0.081022322348853,0.4,0.630126336248785,0.0352738014442193,0.138711462554888,0.0704545454545455,0.0875614748063728,0.0454545454545455,0.0844082221633242,0.0431818181818182,0.0557668521954236
"Rhode Island",10,"1",16,16,"count_divisible_by_100 <=   0.50 & months_since_cert_n >   3.50 & total_deductions_by_hh_size <= 810.00 & unc_rawben_rel_max >   1.93",6,3,6,1,3,1,0.2018199068666,0.203812393955461,0.237845673597979,0.245303795568611,0.66017316017316,0.704801911051911,0.857142857142857,0.91025641025641,0.892637098210595,0.9035443333403,0.408008658008658,0.436421217671218,0.335497835497836,0.340852203352203,0.235930735930736,0.25388246013246
"Rhode Island",10,"2-3",9,239,"months_since_cert_n <=  18.000 & rawben_rel_max <=   0.922 & shelter_expenses_by_hh_size > 815.000",23,5,23,1,0,NA,NA,NA,NA,NA,NA,NA,NA,NA,NA,NA,NA,NA,NA,NA,NA,NA
"Rhode Island",10,"2-3",10,249,"months_since_cert_n >= 3.000 & months_since_cert_n < 9.000 & rawben_rel_max >= 0.414 & rawben_rel_max < 0.952",30,14,36,0.833333333333333,1,0.833333333333333,0.0977451366572962,0.0977451366572962,0.240970418873237,0.240970418873237,0.0667732802013423,0.0667732802013423,0.6,0.6,0.515346593690776,0.515346593690776,0.132864932885906,0.132864932885906,0.0440306796349664,0.0440306796349664,0.0841830614203455,0.0841830614203455
"Rhode Island",10,"2-3",14,157,"cat_elig >   0.50 & unc_rawben_rel_max >   1.63 & utilities <= 873.00",1,1,1,1,2,1,0.224941087328116,0.249762729871603,0.231839727247707,0.304458678583073,0.297645246478873,0.300214464747322,1,1,0.834125553982773,0.878380239177838,0.105963908450704,0.123430074846716,0.0350462147887324,0.0436983989401759,0.039712362466546,0.0464081734110205
"Rhode Island",10,"2-3",17,180,"elderly_disabled_i <=   0.500 & total_deductions_by_hh_size <= 378.000 & unc_rawben_rel_max <=   0.892 & utilities <= 798.000",12,4,23,0.521739130434783,3,0.521739130434783,0.0309625301216833,0.0492573770490726,0.136225901219881,0.154311249369719,0.0649864919107447,0.0780463260890321,0.833333333333333,0.99612312940994,0.25814000507821,0.320978800377321,0.0549308165374784,0.0723389002076802,0.0362663545717294,0.0429850517352664,0.0490839295061944,0.0600405594971732
"Rhode Island",10,"2-3",18,170,"children_i <=   0.5 & months_since_cert_n <=  20.5 & total_deductions_by_hh_size > 312.0",12,2,25,0.48,4,0.48,0.0169271854125254,0.118543127483375,0.162161264517576,0.28299698439772,0.12796733276644,0.211119940405103,0.8,0.917908287629494,0.314999673955437,0.70003168497773,0.133946286848073,0.214156291100924,0.0634724591085233,0.066434782520145,0.0183886054421769,0.0940457664832418
"South Carolina",5,"1",1,129,"total_deductions_by_hh_size > 336.000 & unc_rawben_rel_max >   0.891 & unc_rawben_rel_max <=   0.991 & utilities <=  29.500",1,0,1,1,0,NA,NA,NA,NA,NA,NA,NA,NA,NA,NA,NA,NA,NA,NA,NA,NA,NA
"South Carolina",5,"1",3,107,"rawben_rel_max >   0.751 & rawben_rel_max <=   0.992 & shelter_expenses_by_hh_size > 832.000 & utilities <=  29.500",1,0,2,0.5,1,0.5,0.00867618625741169,0.00867618625741169,0.0711428518153715,0.0711428518153715,0.153809523809524,0.153809523809524,0.857142857142857,0.857142857142857,0.190546102041443,0.190546102041443,0.0928571428571429,0.0928571428571429,0.101428571428571,0.101428571428571,0.0628571428571429,0.0628571428571429
"South Carolina",5,"1",8,113,"rawben_rel_max >=   0.484 & rawben_rel_max <   0.989 & shelter_expenses_by_hh_size >= 879.000 & utilities <  31.000",1,0,3,0.333333333333333,2,0.333333333333333,0.0043976708521167,0.00871241864744098,0.0772573276695439,0.0951967787478257,0.045,0.0870425316775682,0,0.462982273201251,0.0516830101630066,0.153807497302262,0.104437229437229,0.105532119948178,0.0804545454545455,0.103346446740607,0.0454545454545455,0.0577305905773059
"South Carolina",5,"1",11,116,"rawben_rel_max >=   0.988 & rawben_rel_max <   0.992 & total_deductions_by_hh_size >= 198.000 & utilities < 452.000",3,2,3,1,3,1,0.0231177093312284,0.0251379994948386,0.149837857224975,0.163851131175399,0.201801801801802,0.236151691174013,0.4,0.488095238095238,0.417768973658343,0.463494173055652,0.0299099099099099,0.0770969110924468,0.0803603603603604,0.135340953488275,0.0225225225225225,0.0460090528840529
"South Carolina",5,"1",19,111,"rawben_rel_max >=   0.236 & rawben_rel_max <   1.000 & total_deductions_by_hh_size >= 511.000 & utilities < 249.000",1,0,4,0.25,4,0.25,0.0234760316731092,0.0271610679087765,0.0836236557505838,0.131125860080614,0.0750394944707741,0.220546558518662,0,0.276793248945148,0.217567974462398,0.361595267033084,0.0771270593545475,0.10553134650303,0.0122590837282781,0.0712520555932278,0.0403972015346423,0.0645002726224155
"South Carolina",5,"1",21,88,"rawben_rel_max <   0.992 & shelter_expenses_by_hh_size >= 831.000 & unc_rawben_rel_max >=   0.270 & utilities < 277.000",5,3,8,0.625,5,0.625,0.00743288939215291,0.0162653433868041,0.0512496002795779,0.0948233509768147,0.0360779930452062,0.146615602488408,0.4,0.609360076408787,0.045574779617502,0.244828147431989,0.0492839199233419,0.0729998285558301,0.0259757076632222,0.0526261257125866,0.0237208147044213,0.0656119662239515
"South Carolina",5,"1",22,118,"rawben_rel_max >=   0.988 & rawben_rel_max <   1.000 & shelter_expenses_by_hh_size >= 692.000 & utilities < 580.000",1,0,4,0.25,6,0.25,0.0119429260779869,0.0267615431584545,0.0709643101919488,0.163954478057147,0.0351895519680754,0.229428300568053,0,0.37256663671758,0.0745695205465628,0.465354665030862,0.0238224801983192,0.0759836765055518,0.00332547312413085,0.0717462552160728,0.0278130479472761,0.0551244155220913
"South Carolina",5,"1",27,96,"rawben_rel_max <=   0.991 & total_deductions_by_hh_size > 272.000 & unc_rawben_rel_max >   0.913 & utilities <= 346.000",1,0,2,0.5,7,0.5,0.00741441838296737,0.0261615294741532,0.0709667898411926,0.123705852651544,0.085612968591692,0.151758777108489,0.4,0.490495754587784,0.0956686072790567,0.332187197970292,0.0722637531148169,0.0920013633980734,0.0195238095238095,0.0545888309828889,0.0202634245187437,0.0520851311176791
"South Carolina",5,"1",36,106,"rawben_rel_max >   0.727 & rawben_rel_max <=   0.991 & shelter_expenses_by_hh_size > 413.000 & utilities <=  28.500",4,0,9,0.444444444444444,8,0.444444444444444,0.00346936427702626,0.0256740565549811,0.0871911538154933,0.139222156689993,0.0307539682539683,0.149376944164467,0,0.352466279413213,0.0383864288209702,0.342131920409099,0.0505952380952381,0.0749708167721517,0.0496031746031746,0.0979068884877894,0.0135933806146572,0.0482170321351633
"South Carolina",5,"2-3",4,163,"cat_elig > 0.500 & children_i > 0.500 & rawben_rel_max > 0.996 & unc_rawben_rel_max > 1.690",1,0,1,1,0,NA,NA,NA,NA,NA,NA,NA,NA,NA,NA,NA,NA,NA,NA,NA,NA,NA
"South Carolina",5,"2-3",5,226,"medical_deductions > 143 & shelter_expenses_by_hh_size <= 738 & total_deductions_by_hh_size > 503",1,1,1,1,1,1,0.259227866121219,0.259227866121219,0.203315235668485,0.203315235668485,0.6,0.6,1,1,0.812718642650338,0.812718642650338,0.320634920634921,0.320634920634921,0.285714285714286,0.285714285714286,0.101587301587302,0.101587301587302
"South Carolina",5,"2-3",6,188,"elderly_disabled_i > 0.500 & married <= 0.500 & rawben_rel_max > 0.996 & unc_rawben_rel_max > 1.550",1,1,1,1,2,1,0.0160562972719352,0.134440029452462,0.094924892334913,0.123822319133555,0.295238095238095,0.43104514533086,0.666666666666667,0.822510822510823,0.304846756422767,0.506292162271006,0.138095238095238,0.195238095238095,0.0619047619047619,0.148113790970934,0.0238095238095238,0.064378478664193
"South Carolina",5,"2-3",30,254,"rawben_rel_max <   0.678 & total_deductions_by_hh_size >= 584.000 & utilities < 417.000",1,1,1,1,3,1,0.101299946488596,0.164807248439091,0.217761077878761,0.232524019300747,0.374468085106383,0.422739361702128,0.8,0.94375,0.759826010125842,0.819669307047299,0.167173252279635,0.204300436930091,0.0785207700101317,0.119849449088146,0.0455927051671733,0.0759949658054711
"South Carolina",5,"2-3",33,209,"married <   1.00 & total_deductions_by_hh_size >= 392.00 & unc_rawben_rel_max >=   1.42",1,0,3,0.333333333333333,4,0.333333333333333,0.0158762291347682,0.122816343421122,0.0722466842882375,0.135808172539446,0.0797843665768194,0.300383793976536,0.6,0.747105788423154,0.173260416553358,0.485340034539437,0.0533692722371968,0.162202440333533,0.0626254516258531,0.120180571357142,0.0431266846361186,0.10266605631428
"South Carolina",5,"2-3",40,135,"HH_size_n >   2.5 & medical_deductions > 131.0 & months_since_cert_n <=   7.5 & shelter_expenses_by_hh_size > 298.0",3,0,3,1,5,1,0.0243970356741742,0.170077216999355,0.192430104004698,0.240292844942083,NA,NA,0.833333333333333,0.976653696498054,0.640860802068234,0.824902076704162,NA,NA,NA,NA,NA,NA
"South Carolina",5,"2-3",41,285,"total_deductions_by_hh_size > 524.000 & unc_rawben_rel_max <=   0.973 & utilities <= 392.000",1,1,2,0.5,6,0.5,0.0172605763771938,0.140952786333207,0.0899248607957703,0.207542816261081,0.147001934235977,0.342175213455792,0.5,0.84639175257732,0.197238306566907,0.722585732172552,0.0971953578336557,0.135820587345025,0.0754352030947776,0.100959167795108,0.028516295025729,0.0688820970309426
"South Carolina",5,"2-3",49,238,"months_since_cert_n <=  0.500 & total_deductions_by_hh_size > 83.500 & unc_rawben_rel_max <=  0.999 & utilities <= 22.000",1,0,1,1,7,1,0.0577024209163154,0.136386753948674,0.202524470737011,0.278714844187532,0.233350951374207,0.372477089753062,0.25,0.68652557319224,0.661679438759895,0.805806911205891,0.146405919661734,0.188069460131197,0.353488372093023,0.438441055816809,0.00830564784053154,0.104721504911692
"South Carolina",5,"4+",18,305,"HH_size_n >   4.50 & rawben_rel_max <=   0.88 & shelter_expenses_by_hh_size <= 268.00 & total_deductions_by_hh_size > 222.00",1,0,1,1,0,NA,NA,NA,NA,NA,NA,NA,NA,NA,NA,NA,NA,NA,NA,NA,NA,NA
"South Carolina",5,"4+",32,541,"total_deductions_by_hh_size >  14.600 & unc_rawben_rel_max >   0.363 & utilities <= 156.000",15,1,15,1,1,1,0.00652497696179142,0.00652497696179142,0.207559204227969,0.207559204227969,0.452335329341317,0.452335329341317,0.833333333333333,0.833333333333333,0.56510977096034,0.56510977096034,0.236287425149701,0.236287425149701,0.23039039039039,0.23039039039039,0.0516516516516517,0.0516516516516517
"South Carolina",5,"4+",35,426,"months_since_cert_n >   4.500 & rawben_rel_max <=   0.977 & total_deductions_by_hh_size > 221.000 & utilities <= 454.000",1,0,1,1,2,1,0.0136423053778372,0.0140022121765468,0.137953548741492,0.214819823359729,0.180913763025131,0.187760323577628,0.6,0.60367722165475,0.430759350872953,0.507695563148494,0.143783299542647,0.15292113207091,0.152916696223783,0.16562464421263,0.198425196850394,0.224528930819296
"South Carolina",10,"1",1,129,"total_deductions_by_hh_size > 336.000 & unc_rawben_rel_max >   0.891 & unc_rawben_rel_max <=   0.991 & utilities <=  29.500",1,0,1,1,0,NA,NA,NA,NA,NA,NA,NA,NA,NA,NA,NA,NA,NA,NA,NA,NA,NA
"South Carolina",10,"1",3,107,"rawben_rel_max >   0.751 & rawben_rel_max <=   0.992 & shelter_expenses_by_hh_size > 832.000 & utilities <=  29.500",1,0,2,0.5,1,0.5,0.00867618625741169,0.00867618625741169,0.0711428518153715,0.0711428518153715,0.153809523809524,0.153809523809524,0.857142857142857,0.857142857142857,0.190546102041443,0.190546102041443,0.0928571428571429,0.0928571428571429,0.101428571428571,0.101428571428571,0.0628571428571429,0.0628571428571429
"South Carolina",10,"1",8,113,"rawben_rel_max >=   0.484 & rawben_rel_max <   0.989 & shelter_expenses_by_hh_size >= 879.000 & utilities <  31.000",1,0,3,0.333333333333333,2,0.333333333333333,0.0043976708521167,0.00871241864744098,0.0772573276695439,0.0951967787478257,0.045,0.0870425316775682,0,0.462982273201251,0.0516830101630066,0.153807497302262,0.104437229437229,0.105532119948178,0.0804545454545455,0.103346446740607,0.0454545454545455,0.0577305905773059
"South Carolina",10,"1",11,116,"rawben_rel_max >=   0.988 & rawben_rel_max <   0.992 & total_deductions_by_hh_size >= 198.000 & utilities < 452.000",3,2,3,1,3,1,0.0231177093312284,0.0251379994948386,0.149837857224975,0.163851131175399,0.201801801801802,0.236151691174013,0.4,0.488095238095238,0.417768973658343,0.463494173055652,0.0299099099099099,0.0770969110924468,0.0803603603603604,0.135340953488275,0.0225225225225225,0.0460090528840529
"South Carolina",10,"1",19,111,"rawben_rel_max >=   0.236 & rawben_rel_max <   1.000 & total_deductions_by_hh_size >= 511.000 & utilities < 249.000",1,0,4,0.25,4,0.25,0.0234760316731092,0.0271610679087765,0.0836236557505838,0.131125860080614,0.0750394944707741,0.220546558518662,0,0.276793248945148,0.217567974462398,0.361595267033084,0.0771270593545475,0.10553134650303,0.0122590837282781,0.0712520555932278,0.0403972015346423,0.0645002726224155
"South Carolina",10,"1",21,88,"rawben_rel_max <   0.992 & shelter_expenses_by_hh_size >= 831.000 & unc_rawben_rel_max >=   0.270 & utilities < 277.000",5,3,8,0.625,5,0.625,0.00743288939215291,0.0162653433868041,0.0512496002795779,0.0948233509768147,0.0360779930452062,0.146615602488408,0.4,0.609360076408787,0.045574779617502,0.244828147431989,0.0492839199233419,0.0729998285558301,0.0259757076632222,0.0526261257125866,0.0237208147044213,0.0656119662239515
"South Carolina",10,"1",22,118,"rawben_rel_max >=   0.988 & rawben_rel_max <   1.000 & shelter_expenses_by_hh_size >= 692.000 & utilities < 580.000",1,0,4,0.25,6,0.25,0.0119429260779869,0.0267615431584545,0.0709643101919488,0.163954478057147,0.0351895519680754,0.229428300568053,0,0.37256663671758,0.0745695205465628,0.465354665030862,0.0238224801983192,0.0759836765055518,0.00332547312413085,0.0717462552160728,0.0278130479472761,0.0551244155220913
"South Carolina",10,"1",27,96,"rawben_rel_max <=   0.991 & total_deductions_by_hh_size > 272.000 & unc_rawben_rel_max >   0.913 & utilities <= 346.000",1,0,2,0.5,7,0.5,0.00741441838296737,0.0261615294741532,0.0709667898411926,0.123705852651544,0.085612968591692,0.151758777108489,0.4,0.490495754587784,0.0956686072790567,0.332187197970292,0.0722637531148169,0.0920013633980734,0.0195238095238095,0.0545888309828889,0.0202634245187437,0.0520851311176791
"South Carolina",10,"1",36,106,"rawben_rel_max >   0.727 & rawben_rel_max <=   0.991 & shelter_expenses_by_hh_size > 413.000 & utilities <=  28.500",4,0,9,0.444444444444444,8,0.444444444444444,0.00346936427702626,0.0256740565549811,0.0871911538154933,0.139222156689993,0.0307539682539683,0.149376944164467,0,0.352466279413213,0.0383864288209702,0.342131920409099,0.0505952380952381,0.0749708167721517,0.0496031746031746,0.0979068884877894,0.0135933806146572,0.0482170321351633
"South Carolina",10,"2-3",4,163,"cat_elig > 0.500 & children_i > 0.500 & rawben_rel_max > 0.996 & unc_rawben_rel_max > 1.690",1,0,1,1,0,NA,NA,NA,NA,NA,NA,NA,NA,NA,NA,NA,NA,NA,NA,NA,NA,NA
"South Carolina",10,"2-3",5,226,"medical_deductions > 143 & shelter_expenses_by_hh_size <= 738 & total_deductions_by_hh_size > 503",1,1,1,1,1,1,0.259227866121219,0.259227866121219,0.203315235668485,0.203315235668485,0.6,0.6,1,1,0.812718642650338,0.812718642650338,0.320634920634921,0.320634920634921,0.285714285714286,0.285714285714286,0.101587301587302,0.101587301587302
"South Carolina",10,"2-3",6,188,"elderly_disabled_i > 0.500 & married <= 0.500 & rawben_rel_max > 0.996 & unc_rawben_rel_max > 1.550",1,1,1,1,2,1,0.0160562972719352,0.134440029452462,0.094924892334913,0.123822319133555,0.295238095238095,0.43104514533086,0.666666666666667,0.822510822510823,0.304846756422767,0.506292162271006,0.138095238095238,0.195238095238095,0.0619047619047619,0.148113790970934,0.0238095238095238,0.064378478664193
"South Carolina",10,"2-3",30,254,"rawben_rel_max <   0.678 & total_deductions_by_hh_size >= 584.000 & utilities < 417.000",1,1,1,1,3,1,0.101299946488596,0.164807248439091,0.217761077878761,0.232524019300747,0.374468085106383,0.422739361702128,0.8,0.94375,0.759826010125842,0.819669307047299,0.167173252279635,0.204300436930091,0.0785207700101317,0.119849449088146,0.0455927051671733,0.0759949658054711
"South Carolina",10,"2-3",33,209,"married <   1.00 & total_deductions_by_hh_size >= 392.00 & unc_rawben_rel_max >=   1.42",1,0,3,0.333333333333333,4,0.333333333333333,0.0158762291347682,0.122816343421122,0.0722466842882375,0.135808172539446,0.0797843665768194,0.300383793976536,0.6,0.747105788423154,0.173260416553358,0.485340034539437,0.0533692722371968,0.162202440333533,0.0626254516258531,0.120180571357142,0.0431266846361186,0.10266605631428
"South Carolina",10,"2-3",40,135,"HH_size_n >   2.5 & medical_deductions > 131.0 & months_since_cert_n <=   7.5 & shelter_expenses_by_hh_size > 298.0",3,0,3,1,5,1,0.0243970356741742,0.170077216999355,0.192430104004698,0.240292844942083,NA,NA,0.833333333333333,0.976653696498054,0.640860802068234,0.824902076704162,NA,NA,NA,NA,NA,NA
"South Carolina",10,"2-3",41,285,"total_deductions_by_hh_size > 524.000 & unc_rawben_rel_max <=   0.973 & utilities <= 392.000",1,1,2,0.5,6,0.5,0.0172605763771938,0.140952786333207,0.0899248607957703,0.207542816261081,0.147001934235977,0.342175213455792,0.5,0.84639175257732,0.197238306566907,0.722585732172552,0.0971953578336557,0.135820587345025,0.0754352030947776,0.100959167795108,0.028516295025729,0.0688820970309426
"South Carolina",10,"2-3",49,238,"months_since_cert_n <=  0.500 & total_deductions_by_hh_size > 83.500 & unc_rawben_rel_max <=  0.999 & utilities <= 22.000",1,0,1,1,7,1,0.0577024209163154,0.136386753948674,0.202524470737011,0.278714844187532,0.233350951374207,0.372477089753062,0.25,0.68652557319224,0.661679438759895,0.805806911205891,0.146405919661734,0.188069460131197,0.353488372093023,0.438441055816809,0.00830564784053154,0.104721504911692
"South Carolina",10,"4+",18,305,"HH_size_n >   4.50 & rawben_rel_max <=   0.88 & shelter_expenses_by_hh_size <= 268.00 & total_deductions_by_hh_size > 222.00",1,0,1,1,0,NA,NA,NA,NA,NA,NA,NA,NA,NA,NA,NA,NA,NA,NA,NA,NA,NA
"South Carolina",10,"4+",23,542,"total_deductions_by_hh_size > 37.500 & total_deductions_by_hh_size <= 89.300 & unc_rawben_rel_max <=  0.998",34,9,34,1,1,1,0.0208362994763287,0.0208362994763287,0.173255665995342,0.173255665995342,0.40125,0.40125,0.833333333333333,0.833333333333333,0.621066920838985,0.621066920838985,0.261666666666667,0.261666666666667,0.248333333333333,0.248333333333333,0.0416666666666667,0.0416666666666667
"South Carolina",10,"4+",31,516,"rawben_rel_max >=   0.623 & rawben_rel_max <   0.860 & total_deductions_by_hh_size < 105.000",15,5,31,0.483870967741935,2,0.483870967741935,0.00297525971995641,0.00353464185076118,0.0565707888421094,0.0623624072866359,0.0835189768976898,0.0956275880719596,0.8,0.80125260960334,0.102747955840367,0.124082377574048,0.0466790429042905,0.0549036341525593,0.0518976897689769,0.0573291786381143,0.0114480198019802,0.0123832913040782
"South Carolina",10,"4+",32,541,"total_deductions_by_hh_size >  14.600 & unc_rawben_rel_max >   0.363 & utilities <= 156.000",5,0,15,0.333333333333333,3,0.333333333333333,0.00652497696179142,0.0127957316918657,0.119314733501963,0.129854262757942,0.0937874251497006,0.135602421203084,0.8,0.891859144263537,0.223686052336274,0.278422938359513,0.0449398233236497,0.0493332352244536,0.0210022522522523,0.0404904234436768,0.0151276276276276,0.0162907282444118
"South Carolina",10,"4+",35,426,"months_since_cert_n >   4.500 & rawben_rel_max <=   0.977 & total_deductions_by_hh_size > 221.000 & utilities <= 454.000",1,0,1,1,4,1,0.000669017136700159,0.00488225812987553,0.137953548741492,0.209268677426301,0.172834645669291,0.177933855728404,0.6,0.770284165264535,0.430759350872953,0.515358234899254,0.143783299542647,0.155125265964216,0.13497375328084,0.160910949215801,0.198425196850394,0.21679102985826
"South Carolina",10,"4+",44,468,"months_since_cert_n >=   4 & total_deductions_by_hh_size >= 217 & total_deductions_by_hh_size < 261 & utilities < 462",2,0,2,1,5,1,0.0025152450345016,0.00848185954376286,0.0689402454366479,0.20246650725193,0.108548931383577,0.155928442275467,0.4,0.668518659461654,0.148029840807852,0.501013343259875,0.0608227542985698,0.111694106458941,0.0172213029355886,0.0491962982696265,0.0780170335850876,0.135731292760823
"South Carolina",10,"4+",46,518,"rawben_rel_max >=  0.756 & rawben_rel_max <  0.998 & total_deductions_by_hh_size < 93.300",3,1,26,0.115384615384615,6,0.115384615384615,0.00265985994387207,0.0119942563422132,0.0556889904536824,0.104421490917957,0.104220948410631,0.139825867792691,0,0.604071702944942,0.174282464097742,0.260351075045347,0.0622789508701895,0.0778249934700233,0.0106725146198831,0.0329595292232566,0.00453216374269006,0.026042705065377
"South Carolina",10,"4+",48,290,"HH_size_n <   6 & months_since_cert_n >=   4 & total_deductions_by_hh_size >= 232 & utilities < 442",1,0,3,0.333333333333333,7,0.333333333333333,0.00116133647011162,0.00672738583863723,0.0502160373174142,0.205705048747233,0.0943535904165825,0.213834216862186,0.4,0.839475022603978,0.0880204793085496,0.527185941818267,0.0596546310832025,0.0895938824484569,0.0570024900733562,0.131983682182439,0.0255064270812302,0.228440302676482
"South Dakota",5,"1",1,16,"count_divisible_by_100 <=   0.50 & months_since_cert_n >   3.50 & total_deductions_by_hh_size <= 810.00 & unc_rawben_rel_max >   1.93",1,0,1,1,0,NA,NA,NA,NA,NA,NA,NA,NA,NA,NA,NA,NA,NA,NA,NA,NA,NA
"South Dakota",5,"1",5,56,"medical_deductions > 610.00 & total_deductions_by_hh_size >   8.80 & unc_rawben_rel_max <=   1.05 & utilities <= 636.00",1,0,1,1,1,1,0.215633946217447,0.215633946217447,0.216786717551167,0.216786717551166,0.690909090909091,0.690909090909091,1,1,0.876923733225009,0.876923733225009,0.424242424242424,0.424242424242424,0.454545454545455,0.454545454545455,0.139393939393939,0.139393939393939
"South Dakota",5,"1",7,111,"rawben_rel_max >=   0.236 & rawben_rel_max <   1.000 & total_deductions_by_hh_size >= 511.000 & utilities < 249.000",2,0,3,0.666666666666667,2,0.666666666666667,0.043252210273389,0.16558447356675,0.148761392322119,0.223122909411602,0.553554502369668,0.61928591194572,0.666666666666667,0.899728997289973,0.49860496716633,0.788214249716609,0.127646129541864,0.295860699236032,0.0560821484992101,0.295470600117462,0.203145196036191,0.24302030827288
"South Dakota",5,"1",20,29,"elderly_disabled_i >=   1.00 & expedited_i <   1.00 & shelter_expenses_by_hh_size < 922.00 & unc_rawben_rel_max >=   1.82",3,0,4,0.75,3,0.75,0.0105391281214559,0.182036532667465,0.0696978593381868,0.197009464756091,0.0667693888032871,0.507015171337098,0.857142857142857,0.971160295103957,0.0943060225060494,0.727927043806244,0.128402670775552,0.262754353311375,0.0662557781201849,0.286873076952658,0.0523882896764253,0.194670462629369
"South Dakota",5,"1",32,65,"medical_deductions >= 201.000 & rawben_rel_max >=   0.762 & rawben_rel_max <   0.936 & total_deductions_by_hh_size >= 784.000",2,0,2,1,4,1,0.00171986033583153,0.123845475374372,0.139088051643003,0.18235554361995,0.0444444444444445,0.593033557997277,0.4,0.691851851851852,0.158073444634425,0.696395641218313,0.0666666666666666,0.272640190093265,0.0777777777777778,0.252111014993442,0.0555555555555555,0.181351881300204
"South Dakota",5,"2-3",2,195,"elderly_disabled_i >= 1.00 & married < 1.00 & unc_rawben_rel_max >= 1.42",2,0,2,1,0,NA,NA,NA,NA,NA,NA,NA,NA,NA,NA,NA,NA,NA,NA,NA,NA,NA
"South Dakota",5,"2-3",10,242,"months_since_cert_n >=   2.0 & total_deductions_by_hh_size >= 341.0 & unc_rawben_rel_max >=   1.5",1,0,2,0.5,1,0.5,0.00706754318142024,0.00706754318142024,0.0859869950860844,0.0859869950860844,0.188235294117647,0.188235294117647,0.8,0.8,0.194930894201652,0.194930894201652,0.101176470588235,0.101176470588235,0.128235294117647,0.128235294117647,0.0752941176470588,0.0752941176470588
"South Dakota",5,"2-3",23,235,"medical_deductions >= 179.00 & rawben_rel_max >=   0.57 & shelter_expenses_by_hh_size >= 261.00 & utilities < 921.00",2,0,2,1,2,1,0.291701213948692,0.293110243387677,0.141689837597695,0.161450154227976,0.500608519269777,0.51395753887762,1,1,0.708062479908914,0.723131856942388,0.229655172413793,0.275614874915483,0.0875862068965518,0.17649601081812,0.046896551724138,0.0890590939824206
"South Dakota",5,"2-3",34,152,"cat_elig >   0.5 & HH_size_n >   2.5 & total_deductions_by_hh_size > 437.0 & unc_rawben_rel_max <=   1.0",1,0,1,1,3,1,0.133324750409084,0.145631441807832,0.23968882219156,0.255479073719738,0.335568993952721,0.423687644571203,0.833333333333333,0.91156462585034,0.825686780358587,0.839268017441381,0.162506871907642,0.181657707233715,0.057196261682243,0.0976273358199226,0.0977460142935679,0.133279728907354
"South Dakota",5,"4+",12,335,"HH_size_n >=   5 & married <   1 & shelter_expenses_by_hh_size < 293 & total_deductions_by_hh_size >= 212",1,1,1,1,0,NA,NA,NA,NA,NA,NA,NA,NA,NA,NA,NA,NA,NA,NA,NA,NA,NA
"South Dakota",5,"4+",16,439,"months_since_cert_n >   5.500 & rawben_rel_max <=   0.997 & shelter_expenses_by_hh_size <= 494.000 & total_deductions_by_hh_size > 227.000",4,0,4,1,1,1,0.0330378292069271,0.0330378292069271,0.153629395928661,0.153629395928661,0.178451178451178,0.178451178451178,0.666666666666667,0.666666666666667,0.455867906781029,0.455867906781029,0.242424242424242,0.242424242424242,0.237373737373737,0.237373737373737,0.0555555555555556,0.0555555555555556
"South Dakota",5,"4+",17,477,"months_since_cert_n >=   8.000 & rawben_rel_max <   0.965 & total_deductions_by_hh_size >= 178.000 & unc_rawben_rel_max >=   0.793",1,0,1,1,2,1,0.00598725065684274,0.0232714062631703,0.1212668770302,0.129407994612855,0.111111111111111,0.134326047254807,0.4,0.482020354315869,0.296052947041791,0.321588169315629,0.124098124098124,0.151930157207202,0.0988455988455989,0.141435082068328,0.0266955266955267,0.0325639863898439
"South Dakota",5,"4+",24,487,"months_since_cert_n >= 10.000 & rawben_rel_max >=  0.683 & rawben_rel_max <  0.820 & total_deductions_by_hh_size >= 27.000",2,0,2,1,3,1,0.00533059095804794,0.0163170887581192,0.106975875199076,0.166291068554251,0.0909090909090909,0.139094202168054,0.4,0.462047333903621,0.231804715823141,0.401823042648251,0.101298701298701,0.169615362828936,0.106493506493506,0.171241931720974,0.0353535353535353,0.0597975765640436
"South Dakota",5,"4+",26,309,"HH_size_n >   4.500 & months_since_cert_n >   4.500 & rawben_rel_max <=   0.988 & total_deductions_by_hh_size > 206.000",2,0,2,1,4,1,0.00888274512563322,0.0128141902290069,0.0625260592794943,0.112553125682183,0.0737222976028946,0.123638312648012,0.4,0.426904055390702,0.145556516723229,0.284114036978181,0.0496004824363033,0.121650230228998,0.0330921151816674,0.104494662863058,0.0259158751696066,0.0683062191919981
"South Dakota",5,"4+",30,405,"expedited_i > 0.500 & months_since_cert_n > 4.500 & rawben_rel_max <= 0.921 & unc_rawben_rel_max > 0.766",1,1,1,1,5,1,0.00911848663794263,0.0285696487804805,0.106562424570514,0.169726950952899,0.143864013266998,0.182510702858962,0.4,0.655325670498084,0.374521546088002,0.510325632896135,0.179292929292929,0.192052345461163,0.0368686868686868,0.123457358676093,0.0771144278606965,0.130032119510589
"South Dakota",5,"4+",31,437,"months_since_cert_n >   5.500 & percent_abawd <=   0.268 & shelter_expenses_by_hh_size <= 500.000 & total_deductions_by_hh_size > 228.000",1,0,5,0.2,6,0.2,0.000925932234811619,0.0148966909972976,0.0326348349659694,0.100081096091419,0.0206543042363938,0.0807093392129168,0.4,0.58745997314327,0.00847833692191092,0.214234115984223,0.03972561435248,0.102562048197753,0.0379164782149857,0.082048500489916,0.00746268656716418,0.0549512043878606
"South Dakota",5,"4+",41,310,"HH_size_n >   4.500 & months_since_cert_n >   5.500 & rawben_rel_max <=   0.997 & shelter_expenses_by_hh_size > 263.000",1,0,3,0.333333333333333,7,0.333333333333333,0.00285590156588986,0.0111753766641297,0.0578764426607306,0.0985867277832283,0.0884912959381045,0.11278161961921,0.4,0.686425356480956,0.117781604227488,0.259651563956642,0.0718891038039974,0.108101300815177,0.0204169353105524,0.0649795047560416,0.0329469672912036,0.0678277448935507
"South Dakota",5,"4+",42,343,"HH_size_n >=   5.000 & rawben_rel_max >=   0.302 & rawben_rel_max <   0.942 & total_deductions_by_hh_size >= 236.000",1,0,1,1,8,1,0.0014405463825935,0.0102395980492239,0.0707575810463002,0.115974566215601,0.052812858783008,0.136389324679303,0.4,0.651274163877077,0.0857068399554593,0.279458549817268,0.0923076923076923,0.189013147771812,0.0931623931623932,0.177673234451616,0.0171031096563012,0.0607607696984161
"South Dakota",5,"4+",43,488,"months_since_cert_n >= 5.000 & rawben_rel_max >= 0.607 & rawben_rel_max < 0.625",1,1,1,1,9,1,0.000813832034307852,0.031519148440371,0.146636925742502,0.189949301319552,0.14021164021164,0.190546007063133,0.25,0.625468691413573,0.432097500578924,0.556612226863273,0.196414499605989,0.246165198169173,0.011608623548922,0.0787317585558032,0.12962962962963,0.232638450711465
"South Dakota",5,"4+",46,406,"expedited_i >=   1.000 & rawben_rel_max <   0.962 & total_deductions_by_hh_size >=   2.250 & total_deductions_by_hh_size < 124.000",1,1,1,1,10,1,0.00402798115666372,0.0250820379423286,0.139238630280726,0.187919363119194,0.0893719806763285,0.217310233838817,0.666666666666667,0.748029777948916,0.192543952446833,0.584568998104685,0.165458937198068,0.229396764748487,0.0254093732354602,0.106354837709098,0.0724637681159421,0.154138644316258
"South Dakota",10,"1",1,16,"count_divisible_by_100 <=   0.50 & months_since_cert_n >   3.50 & total_deductions_by_hh_size <= 810.00 & unc_rawben_rel_max >   1.93",1,0,1,1,0,NA,NA,NA,NA,NA,NA,NA,NA,NA,NA,NA,NA,NA,NA,NA,NA,NA
"South Dakota",10,"1",5,56,"medical_deductions > 610.00 & total_deductions_by_hh_size >   8.80 & unc_rawben_rel_max <=   1.05 & utilities <= 636.00",1,0,1,1,1,1,0.215633946217447,0.215633946217447,0.216786717551167,0.216786717551166,0.690909090909091,0.690909090909091,1,1,0.876923733225009,0.876923733225009,0.424242424242424,0.424242424242424,0.454545454545455,0.454545454545455,0.139393939393939,0.139393939393939
"South Dakota",10,"1",7,111,"rawben_rel_max >=   0.236 & rawben_rel_max <   1.000 & total_deductions_by_hh_size >= 511.000 & utilities < 249.000",2,0,3,0.666666666666667,2,0.666666666666667,0.043252210273389,0.16558447356675,0.148761392322119,0.223122909411602,0.553554502369668,0.61928591194572,0.666666666666667,0.899728997289973,0.49860496716633,0.788214249716609,0.127646129541864,0.295860699236032,0.0560821484992101,0.295470600117462,0.203145196036191,0.24302030827288
"South Dakota",10,"1",20,29,"elderly_disabled_i >=   1.00 & expedited_i <   1.00 & shelter_expenses_by_hh_size < 922.00 & unc_rawben_rel_max >=   1.82",3,0,4,0.75,3,0.75,0.0105391281214559,0.182036532667465,0.0696978593381868,0.197009464756091,0.0667693888032871,0.507015171337098,0.857142857142857,0.971160295103957,0.0943060225060494,0.727927043806244,0.128402670775552,0.262754353311375,0.0662557781201849,0.286873076952658,0.0523882896764253,0.194670462629369
"South Dakota",10,"1",32,65,"medical_deductions >= 201.000 & rawben_rel_max >=   0.762 & rawben_rel_max <   0.936 & total_deductions_by_hh_size >= 784.000",2,0,2,1,4,1,0.00171986033583153,0.123845475374372,0.139088051643003,0.18235554361995,0.0444444444444445,0.593033557997277,0.4,0.691851851851852,0.158073444634425,0.696395641218313,0.0666666666666666,0.272640190093265,0.0777777777777778,0.252111014993442,0.0555555555555555,0.181351881300204
"South Dakota",10,"1",67,59,"medical_deductions > 96.200 & rawben_rel_max >  0.885 & rawben_rel_max <=  0.998 & unc_rawben_rel_max >  0.279",4,0,5,0.8,5,0.8,0.0116124263794174,0.111305491351169,0.113308194314185,0.157548739242605,0.147107438016529,0.482197226650258,0.4,0.72851029142042,0.266367742475045,0.627454120722568,0.0658402203856749,0.206489002570627,0.0416666666666667,0.202085905268637,0.0275949012466732,0.133595827557943
"South Dakota",10,"2-3",2,195,"elderly_disabled_i >= 1.00 & married < 1.00 & unc_rawben_rel_max >= 1.42",2,0,2,1,0,NA,NA,NA,NA,NA,NA,NA,NA,NA,NA,NA,NA,NA,NA,NA,NA,NA
"South Dakota",10,"2-3",10,242,"months_since_cert_n >=   2.0 & total_deductions_by_hh_size >= 341.0 & unc_rawben_rel_max >=   1.5",1,0,2,0.5,1,0.5,0.00706754318142024,0.00706754318142024,0.0859869950860844,0.0859869950860844,0.188235294117647,0.188235294117647,0.8,0.8,0.194930894201652,0.194930894201652,0.101176470588235,0.101176470588235,0.128235294117647,0.128235294117647,0.0752941176470588,0.0752941176470588
"South Dakota",10,"2-3",23,235,"medical_deductions >= 179.00 & rawben_rel_max >=   0.57 & shelter_expenses_by_hh_size >= 261.00 & utilities < 921.00",2,0,2,1,2,1,0.291701213948692,0.293110243387677,0.141689837597695,0.161450154227976,0.500608519269777,0.51395753887762,1,1,0.708062479908914,0.723131856942388,0.229655172413793,0.275614874915483,0.0875862068965518,0.17649601081812,0.046896551724138,0.0890590939824206
"South Dakota",10,"2-3",34,152,"cat_elig >   0.5 & HH_size_n >   2.5 & total_deductions_by_hh_size > 437.0 & unc_rawben_rel_max <=   1.0",1,0,1,1,3,1,0.133324750409084,0.145631441807832,0.23968882219156,0.255479073719738,0.335568993952721,0.423687644571203,0.833333333333333,0.91156462585034,0.825686780358587,0.839268017441381,0.162506871907642,0.181657707233715,0.057196261682243,0.0976273358199226,0.0977460142935679,0.133279728907354
"South Dakota",10,"2-3",47,232,"medical_deductions >= 151.000 & rawben_rel_max >=   0.145 & shelter_expenses_by_hh_size >= 455.000 & unc_rawben_rel_max >=  -0.205",2,0,3,0.666666666666667,4,0.666666666666667,0.0120219617466845,0.212690563310957,0.102671633321595,0.187778724578152,0.116420361247947,0.463951655230789,0.4,0.824666666666667,0.168639710268202,0.693549166763575,0.0858784893267652,0.250761877800857,0.0371100164203613,0.0999445407639907,0.0280112044817927,0.0686056130132792
"South Dakota",10,"2-3",58,251,"percent_abawd >= 1.000 & rawben_rel_max >= 0.360 & rawben_rel_max < 0.784",1,0,1,1,5,1,0.0878107105302172,0.170592445428722,0.204570644123229,0.246978422961342,0.242990654205608,0.401551888748275,0.833333333333333,0.935918147549812,0.766836229741612,0.84269744040215,0.1412864211105,0.204780910369622,0.0694520798973795,0.105061299266069,0.0434304562946674,0.0733997263616808
"South Dakota",10,"2-3",70,141,"HH_size_n >   2.500 & rawben_rel_max >   0.581 & total_deductions_by_hh_size > 338.000 & utilities >  29.500",1,0,1,1,6,1,0.0240150100494725,0.123251218071407,0.112136583909143,0.204868956877364,0.0726838683462007,0.311548878327185,0.666666666666667,0.820531400966184,0.204352206000216,0.618553519859734,0.105498721227621,0.178476524843715,0.00812677773262899,0.0695333669431201,0.0249360613810742,0.0593976240432887
"South Dakota",10,"2-3",80,250,"percent_abawd >=  0.500 & rawben_rel_max <  0.739 & total_deductions_by_hh_size >=  8.500 & utilities < 44.000",1,0,1,1,7,1,0.00552913762672823,0.132350193905502,0.150451119278141,0.294149045098231,0.240896358543417,0.441625138137311,0.6,0.868809754745739,0.38557535950581,0.839609787657246,0.162464985994398,0.290864534517156,0.0171428571428572,0.0602637475291981,0.0243697478991596,0.0657546522840958
"South Dakota",10,"2-3",85,206,"expedited_i >=   1.000 & rawben_rel_max <   0.909 & total_deductions_by_hh_size >=  23.500 & utilities < 285.000",2,0,3,0.666666666666667,8,0.666666666666667,0.00156271264191764,0.126679003795975,0.114223324334513,0.267783861857479,0.148841354723708,0.345197616595658,0.4,0.859898365970123,0.28946394020632,0.779058254193861,0.200534759358289,0.278956552619591,0.102803738317757,0.131621194054254,0.0254545454545455,0.0853629940707065
"South Dakota",10,"4+",12,335,"HH_size_n >=   5 & married <   1 & shelter_expenses_by_hh_size < 293 & total_deductions_by_hh_size >= 212",1,1,1,1,0,NA,NA,NA,NA,NA,NA,NA,NA,NA,NA,NA,NA,NA,NA,NA,NA,NA
"South Dakota",10,"4+",16,439,"months_since_cert_n >   5.500 & rawben_rel_max <=   0.997 & shelter_expenses_by_hh_size <= 494.000 & total_deductions_by_hh_size > 227.000",4,0,4,1,1,1,0.0330378292069271,0.0330378292069271,0.153629395928661,0.153629395928661,0.178451178451178,0.178451178451178,0.666666666666667,0.666666666666667,0.455867906781029,0.455867906781029,0.242424242424242,0.242424242424242,0.237373737373737,0.237373737373737,0.0555555555555556,0.0555555555555556
"South Dakota",10,"4+",17,477,"months_since_cert_n >=   8.000 & rawben_rel_max <   0.965 & total_deductions_by_hh_size >= 178.000 & unc_rawben_rel_max >=   0.793",1,0,1,1,2,1,0.00598725065684274,0.0232714062631703,0.1212668770302,0.129407994612855,0.111111111111111,0.134326047254807,0.4,0.482020354315869,0.296052947041791,0.321588169315629,0.124098124098124,0.151930157207202,0.0988455988455989,0.141435082068328,0.0266955266955267,0.0325639863898439
"South Dakota",10,"4+",24,487,"months_since_cert_n >= 10.000 & rawben_rel_max >=  0.683 & rawben_rel_max <  0.820 & total_deductions_by_hh_size >= 27.000",2,0,2,1,3,1,0.00533059095804794,0.0163170887581192,0.106975875199076,0.166291068554251,0.0909090909090909,0.139094202168054,0.4,0.462047333903621,0.231804715823141,0.401823042648251,0.101298701298701,0.169615362828936,0.106493506493506,0.171241931720974,0.0353535353535353,0.0597975765640436
"South Dakota",10,"4+",26,309,"HH_size_n >   4.500 & months_since_cert_n >   4.500 & rawben_rel_max <=   0.988 & total_deductions_by_hh_size > 206.000",2,0,2,1,4,1,0.00888274512563322,0.0128141902290069,0.0625260592794943,0.112553125682183,0.0737222976028946,0.123638312648012,0.4,0.426904055390702,0.145556516723229,0.284114036978181,0.0496004824363033,0.121650230228998,0.0330921151816674,0.104494662863058,0.0259158751696066,0.0683062191919981
"South Dakota",10,"4+",30,405,"expedited_i > 0.500 & months_since_cert_n > 4.500 & rawben_rel_max <= 0.921 & unc_rawben_rel_max > 0.766",1,1,1,1,5,1,0.00911848663794263,0.0285696487804805,0.106562424570514,0.169726950952899,0.143864013266998,0.182510702858962,0.4,0.655325670498084,0.374521546088002,0.510325632896135,0.179292929292929,0.192052345461163,0.0368686868686868,0.123457358676093,0.0771144278606965,0.130032119510589
"South Dakota",10,"4+",31,437,"months_since_cert_n >   5.500 & percent_abawd <=   0.268 & shelter_expenses_by_hh_size <= 500.000 & total_deductions_by_hh_size > 228.000",1,0,5,0.2,6,0.2,0.000925932234811619,0.0148966909972976,0.0326348349659694,0.100081096091419,0.0206543042363938,0.0807093392129168,0.4,0.58745997314327,0.00847833692191092,0.214234115984223,0.03972561435248,0.102562048197753,0.0379164782149857,0.082048500489916,0.00746268656716418,0.0549512043878606
"South Dakota",10,"4+",41,310,"HH_size_n >   4.500 & months_since_cert_n >   5.500 & rawben_rel_max <=   0.997 & shelter_expenses_by_hh_size > 263.000",1,0,3,0.333333333333333,7,0.333333333333333,0.00285590156588986,0.0111753766641297,0.0578764426607306,0.0985867277832283,0.0884912959381045,0.11278161961921,0.4,0.686425356480956,0.117781604227488,0.259651563956642,0.0718891038039974,0.108101300815177,0.0204169353105524,0.0649795047560416,0.0329469672912036,0.0678277448935507
"South Dakota",10,"4+",42,343,"HH_size_n >=   5.000 & rawben_rel_max >=   0.302 & rawben_rel_max <   0.942 & total_deductions_by_hh_size >= 236.000",1,0,1,1,8,1,0.0014405463825935,0.0102395980492239,0.0707575810463002,0.115974566215601,0.052812858783008,0.136389324679303,0.4,0.651274163877077,0.0857068399554593,0.279458549817268,0.0923076923076923,0.189013147771812,0.0931623931623932,0.177673234451616,0.0171031096563012,0.0607607696984161
"South Dakota",10,"4+",43,488,"months_since_cert_n >= 5.000 & rawben_rel_max >= 0.607 & rawben_rel_max < 0.625",1,1,1,1,9,1,0.000813832034307852,0.031519148440371,0.146636925742502,0.189949301319552,0.14021164021164,0.190546007063133,0.25,0.625468691413573,0.432097500578924,0.556612226863273,0.196414499605989,0.246165198169173,0.011608623548922,0.0787317585558032,0.12962962962963,0.232638450711465
"South Dakota",10,"4+",46,406,"expedited_i >=   1.000 & rawben_rel_max <   0.962 & total_deductions_by_hh_size >=   2.250 & total_deductions_by_hh_size < 124.000",1,1,1,1,10,1,0.00402798115666372,0.0250820379423286,0.139238630280726,0.187919363119194,0.0893719806763285,0.217310233838817,0.666666666666667,0.748029777948916,0.192543952446833,0.584568998104685,0.165458937198068,0.229396764748487,0.0254093732354602,0.106354837709098,0.0724637681159421,0.154138644316258
"South Dakota",10,"4+",50,442,"months_since_cert_n >   5.500 & rawben_rel_max >   0.724 & rawben_rel_max <=   0.974 & shelter_expenses_by_hh_size > 162.000",4,2,7,0.571428571428571,11,0.571428571428571,0.000662149173483562,0.0135518501724334,0.0674527776923465,0.138073438206266,0.0611188696295079,0.126358478792474,0.25,0.641157829279376,0.166687719868833,0.297584689795007,0.0473850473850474,0.129654895543886,0.0312530014022552,0.0761442998461131,0.0191295191295191,0.0602940641296607
"South Dakota",10,"4+",52,307,"HH_size_n >   4.500 & married <=   0.500 & total_deductions_by_hh_size > 223.000 & unc_rawben_rel_max <=   0.983",1,0,2,0.5,12,0.5,4.41506557698201e-05,0.0148992001844512,0.0317094357370549,0.119642687066721,0.0523076923076923,0.155985911045282,0.4,0.8523110632591,0.0659465995525347,0.338084980464469,0.092089552238806,0.161599107131981,0.0138461538461538,0.172285514621725,0.0144444444444444,0.0613297761609381
"South Dakota",10,"4+",54,485,"months_since_cert_n >=  6.000 & rawben_rel_max <  0.997 & total_deductions_by_hh_size >= 88.400 & unc_rawben_rel_max >=  0.709",1,0,7,0.142857142857143,13,0.142857142857143,0.00081089407813105,0.0130883890025667,0.0227991804049965,0.121530226161231,0.0288343054300501,0.104110062042455,0,0.57665418227216,0.0159396357145079,0.248107593065316,0.0225909800377885,0.108049900976143,0.0126873232621089,0.0652496544613413,0.0108436704181385,0.0503203583579201
"South Dakota",10,"4+",63,465,"months_since_cert_n >=   2.000 & rawben_rel_max <   0.997 & shelter_expenses_by_hh_size < 428.000 & total_deductions_by_hh_size >= 243.000",1,0,4,0.25,14,0.25,0.00251267341534703,0.0097235432870514,0.0633186938940556,0.129532554539927,0.0719704952581665,0.156640905404613,0,0.491950384944397,0.0910243145093749,0.315908883762323,0.0492237442922374,0.1445372792963,0.0398314014752371,0.135682141871176,0.027521793275218,0.0521009097785671
"South Dakota",10,"4+",69,306,"HH_size_n >   4.500 & married <=   0.500 & shelter_expenses_by_hh_size > 251.000 & unc_rawben_rel_max <=   0.976",1,1,4,0.25,15,0.25,0.0015051195867908,0.0125045082996725,0.0569085625916793,0.115851748955431,0.0669424743892829,0.123050311324829,0.4,0.906433015873016,0.116914610814067,0.300151290568108,0.0730639730639731,0.123468684957001,0.0389910203527354,0.117548093030821,0.0386331140977981,0.0728339247407059
"South Dakota",10,"4+",76,347,"HH_size_n >= 6.000 & months_since_cert_n >= 6.000 & rawben_rel_max >= 0.391 & rawben_rel_max < 0.920",4,1,9,0.444444444444444,16,0.444444444444444,0.000713567958493269,0.00950286217611488,0.117798546590433,0.134936827747466,0.0423951048951049,0.121372031275612,0.25,0.625224639131692,0.191087914738618,0.313653349238761,0.0618862520458265,0.110902045694454,0.0121726677577741,0.0758721424677715,0.0372073578595318,0.10026764516293
"South Dakota",10,"4+",79,445,"months_since_cert_n >   5.500 & shelter_expenses_by_hh_size > 197.000 & unc_rawben_rel_max >   0.405 & unc_rawben_rel_max <=   0.998",1,1,15,0.0666666666666667,17,0.0666666666666667,0.0145643773860646,0.025329560924854,0.071965300626072,0.102666917546889,0.0303709656951906,0.0943402543709864,0.666666666666667,0.7787725858592,0.0933020582306797,0.229269603861889,0.0500522699668252,0.0907102617451781,0.0116881621372639,0.0763259541159943,0.00675013609145345,0.0524902559083048
"South Dakota",10,"4+",83,515,"rawben_rel_max >=   0.477 & rawben_rel_max <   0.718 & shelter_expenses_by_hh_size < 454.000 & total_deductions_by_hh_size >= 268.000",3,0,6,0.5,18,0.5,0.000661085645381372,0.0236458532538639,0.0621408031015817,0.150531797631809,0.0655270655270655,0.225709369161492,0.4,0.724398557199113,0.218155018308168,0.462630424532396,0.0857142857142857,0.189260461132603,0.0584045584045584,0.20329008539348,0.0416598327046089,0.0932425027661943
"South Dakota",10,"4+",88,527,"shelter_expenses_by_hh_size <= 494.000 & total_deductions_by_hh_size > 235.000 & unc_rawben_rel_max <=   0.997 & utilities > 373.000",1,0,10,0.1,19,0.1,0.000435881624768805,0.0121901849784294,0.0615659687633742,0.130764700623572,0.0802300109529025,0.146999956135869,0.666666666666667,0.844801056947902,0.065108947677905,0.314505666169382,0.0766498831145478,0.129261545717081,0.026598702502317,0.154056301056386,0.00455113868648246,0.0428206586079068
"South Dakota",10,"4+",89,334,"HH_size_n > 4.500 & months_since_cert_n > 5.500 & rawben_rel_max <= 0.998 & unc_rawben_rel_max > 0.502",3,0,15,0.2,20,0.2,0.0039155380438724,0.0135789828897436,0.0471139622489698,0.12279494421695,0.0442187486067394,0.119008521421076,0.4,0.668629148629149,0.0981807088801261,0.266299881337206,0.0371565891196376,0.0937979296511327,0.00699502575945998,0.0736134385985222,0.0127731391010837,0.053312552255725
"Tennessee",5,"1",1,129,"total_deductions_by_hh_size > 336.000 & unc_rawben_rel_max >   0.891 & unc_rawben_rel_max <=   0.991 & utilities <=  29.500",1,0,1,1,0,NA,NA,NA,NA,NA,NA,NA,NA,NA,NA,NA,NA,NA,NA,NA,NA,NA
"Tennessee",5,"1",4,113,"rawben_rel_max >=   0.484 & rawben_rel_max <   0.989 & shelter_expenses_by_hh_size >= 879.000 & utilities <  31.000",2,1,2,1,1,1,0.0123857850137306,0.0123857850137306,0.110469554665822,0.110469554665822,0.122835497835498,0.122835497835498,0.857142857142857,0.857142857142857,0.240751317434331,0.240751317434331,0.104437229437229,0.104437229437229,0.122835497835498,0.122835497835498,0.0681818181818181,0.0681818181818181
"Tennessee",5,"1",8,116,"rawben_rel_max >=   0.988 & rawben_rel_max <   0.992 & total_deductions_by_hh_size >= 198.000 & utilities < 452.000",3,2,4,0.75,2,0.75,0.0252128951224585,0.0259285478197296,0.149837857224975,0.163931899720037,0.236384111384111,0.249592952232704,0.4,0.522567287784679,0.417768973658343,0.478356323564244,0.0852638352638353,0.0955613898160482,0.135647010647011,0.156855098625285,0.0225225225225225,0.0424379772205859
"Tennessee",5,"1",10,24,"elderly_disabled_i >   0.500 & rawben_rel_max >   0.881 & shelter_expenses_by_hh_size > 474.000 & utilities <=  28.500",1,0,2,0.5,3,0.5,0.0661786740593378,0.0793672561315505,0.110816794305287,0.150912129373486,0.180823680823681,0.279969121836592,0.4,0.639242685025818,0.358555222067946,0.523727557033529,0.0788288288288288,0.116227810504919,0.0205920205920206,0.130765559605921,0.0855855855855856,0.112692169168073
"Tennessee",5,"1",16,54,"medical_deductions > 200.000 & rawben_rel_max >   0.473 & rawben_rel_max <=   0.991 & utilities <= 392.000",1,0,1,1,4,1,0.0140388388750057,0.0384048165919921,0.104855898941063,0.150407507535974,0.560428352881183,0.637773201167024,0.4,0.55052067536144,0.486645912641334,0.623886197983689,0.160462349141594,0.178855432025123,0.0724120346761856,0.110088486710888,0.187999320074792,0.260702161885914
"Tennessee",5,"1",20,88,"rawben_rel_max <   0.992 & shelter_expenses_by_hh_size >= 831.000 & unc_rawben_rel_max >=   0.270 & utilities < 277.000",3,0,6,0.5,5,0.5,0.00743288939215291,0.0329814861425306,0.0664006710335377,0.132049922772502,0.0360779930452062,0.237258332545429,0.4,0.624330900243309,0.045574779617502,0.38854640865875,0.0548310978638847,0.102854306339451,0.0609165424739195,0.0916561427175199,0.0237208147044213,0.118956225905744
"Tennessee",5,"1",30,106,"rawben_rel_max >   0.727 & rawben_rel_max <=   0.991 & shelter_expenses_by_hh_size > 413.000 & utilities <=  28.500",1,1,6,0.166666666666667,6,0.166666666666667,0.00346936427702626,0.027368051064679,0.0871911538154933,0.135299538875575,0.0307539682539683,0.198101689366056,0,0.398791755508173,0.0383864288209702,0.34850244622025,0.0505952380952381,0.0851419116513283,0.0441066066066066,0.0887179643466114,0.0138888888888889,0.0819885985664876
"Tennessee",5,"1",31,28,"elderly_disabled_i >  0.50 & months_since_cert_n <= 17.50 & unc_rawben_rel_max >  1.25 & utilities <= 14.50",1,1,1,1,7,1,0.0764547698649551,0.137692392646942,0.133236103884556,0.196031679166592,0.487573780677229,0.636278373948268,0.666666666666667,0.769732550554468,0.499560157014803,0.786436062410218,0.170549860205033,0.236556320886928,0.141969555762659,0.19365076036074,0.0614834092387769,0.220073119764396
"Tennessee",5,"1",33,79,"months_since_cert_n >=   7.00 & shelter_expenses_by_hh_size >= 462.00 & unc_rawben_rel_max >=   1.67 & utilities < 462.00",2,0,2,1,8,1,0.0376709772322437,0.159910133964011,0.18608714151291,0.236123430939181,0.325994694960212,0.592690239104226,0.4,0.647974603174603,0.594870961321438,0.839210329112208,0.251458885941645,0.358555802912266,0.203978779840849,0.366305081589384,0.0483714483714484,0.0985733703515985
"Tennessee",5,"1",44,67,"medical_deductions >= 5.000 & medical_deductions < 9.000 & rawben_rel_max < 0.488",2,0,2,1,9,1,0.0979691944187246,0.120499339078096,0.19726833255547,0.251770948154064,NA,NA,0.6,0.891784702549575,0.752103687807082,0.841252689820924,NA,NA,NA,NA,NA,NA
"Tennessee",5,"1",45,27,"elderly_disabled_i >   0.500 & total_deductions_by_hh_size > 438.000 & unc_rawben_rel_max >   0.316 & utilities <= 276.000",1,0,8,0.125,10,0.125,0.0375617849187777,0.0715753205678707,0.0867198266528344,0.148619078394973,0.0727650727650728,0.302331020051146,0.4,0.692819349962207,0.195349178616983,0.468424781397755,0.04502442002442,0.136564002260612,0.0228174603174603,0.131626348279055,0.0267094017094017,0.0747316469546328
"Tennessee",5,"2-3",5,217,"married <= 0.500 & months_since_cert_n > 1.500 & rawben_rel_max > 0.997 & unc_rawben_rel_max > 1.520",1,0,1,1,0,NA,NA,NA,NA,NA,NA,NA,NA,NA,NA,NA,NA,NA,NA,NA,NA,NA
"Tennessee",5,"2-3",15,190,"elderly_disabled_i >=   1.00 & shelter_expenses_by_hh_size < 455.00 & unc_rawben_rel_max >=   1.25 & utilities < 447.00",1,0,1,1,1,1,0.139829427686047,0.139829427686047,0.188956972390033,0.188956972390033,NA,NA,0.857142857142857,0.857142857142857,0.617251181265413,0.617251181265413,NA,NA,NA,NA,NA,NA
"Tennessee",5,"2-3",37,207,"expedited_i >= 1.000 & months_since_cert_n < 2.000 & rawben_rel_max >= 0.649 & rawben_rel_max < 0.901",2,0,2,1,2,1,0.0761273027192217,0.175932970756653,0.292064405393122,0.29488723451066,0.299707602339181,0.299707602339181,0.857142857142857,0.896683673469388,0.860547931452094,0.867394633541273,0.185672514619883,0.185672514619883,0.35233918128655,0.35233918128655,0.0394736842105263,0.0394736842105263
"Tennessee",5,"2-3",51,259,"rawben_rel_max <   0.904 & total_deductions_by_hh_size >= 353.000 & utilities < 347.000",1,1,1,1,3,1,0.0529574428146603,0.136815074127262,0.237307570798169,0.251424697706947,0.230480480480481,0.279958906274696,0.833333333333333,0.914658634538153,0.746880910011949,0.814892677786989,0.158408408408408,0.161087403192666,0.149478425794215,0.19088825667773,0.0352852852852853,0.0424924924924925
"Tennessee",5,"2-3",54,202,"expedited_i <=   0.500 & medical_deductions > 128.000 & rawben_rel_max >   0.803 & unc_rawben_rel_max >   0.324",1,1,1,1,4,1,0.129716681765236,0.165711872815762,0.180523194626984,0.23718639129367,0.451858108108108,0.470763843797971,0.666666666666667,0.904529616724739,0.741197768616304,0.796801079178057,0.316300675675676,0.333420869661496,0.126266891891892,0.148442690016777,0.119791666666667,0.138649861411891
"Tennessee",5,"4+",25,453,"months_since_cert_n >  4.500 & months_since_cert_n <=  9.500 & shelter_expenses_by_hh_size > 74.000 & unc_rawben_rel_max >  0.422",18,4,18,1,0,NA,NA,NA,NA,NA,NA,NA,NA,NA,NA,NA,NA,NA,NA,NA,NA,NA
"Tennessee",5,"4+",27,456,"months_since_cert_n >  4.500 & rawben_rel_max >  0.401 & rawben_rel_max <=  0.950 & shelter_expenses_by_hh_size > 90.900",1,0,14,0.0714285714285714,1,0.0714285714285714,0.0153807712496017,0.0153807712496017,0.083380366730574,0.083380366730574,0.0282651105308135,0.0282651105308135,0.666666666666667,0.666666666666667,0.0990182794670374,0.0990182794670374,0.0483489321426261,0.0483489321426261,0.0307821837074152,0.0307821837074152,0.00274657576442083,0.00274657576442083
"Tennessee",5,"4+",29,365,"count_divisible_by_100 >   1.5 & HH_size_n <=   4.5 & months_since_cert_n <=  10.5 & utilities <= 588.0",1,0,1,1,2,1,0.0591495967689573,0.0666291079517289,0.191235967023634,0.199995703707957,NA,NA,0.857142857142857,0.926612819357299,0.614945125280021,0.625831206938876,NA,NA,NA,NA,NA,NA
"Tennessee",5,"4+",34,349,"cat_elig <=  0.500 & months_since_cert_n >  4.500 & total_deductions_by_hh_size > 65.700 & unc_rawben_rel_max <=  0.947",1,0,11,0.0909090909090909,3,0.0909090909090909,0.0290050674004028,0.0364342122798324,0.115425052053882,0.133575740606162,0.161049145195071,0.169097101854639,0.857142857142857,0.858277735745237,0.313801081634854,0.330127618364975,0.111982881597718,0.121975363698148,0.0357631090713798,0.0370316401781419,0.16424177326433,0.164992518631741
"Tennessee",10,"1",1,129,"total_deductions_by_hh_size > 336.000 & unc_rawben_rel_max >   0.891 & unc_rawben_rel_max <=   0.991 & utilities <=  29.500",1,0,1,1,0,NA,NA,NA,NA,NA,NA,NA,NA,NA,NA,NA,NA,NA,NA,NA,NA,NA
"Tennessee",10,"1",4,113,"rawben_rel_max >=   0.484 & rawben_rel_max <   0.989 & shelter_expenses_by_hh_size >= 879.000 & utilities <  31.000",2,1,2,1,1,1,0.0123857850137306,0.0123857850137306,0.110469554665822,0.110469554665822,0.122835497835498,0.122835497835498,0.857142857142857,0.857142857142857,0.240751317434331,0.240751317434331,0.104437229437229,0.104437229437229,0.122835497835498,0.122835497835498,0.0681818181818181,0.0681818181818181
"Tennessee",10,"1",8,116,"rawben_rel_max >=   0.988 & rawben_rel_max <   0.992 & total_deductions_by_hh_size >= 198.000 & utilities < 452.000",3,2,4,0.75,2,0.75,0.0252128951224585,0.0259285478197296,0.149837857224975,0.163931899720037,0.236384111384111,0.249592952232704,0.4,0.522567287784679,0.417768973658343,0.478356323564244,0.0852638352638353,0.0955613898160482,0.135647010647011,0.156855098625285,0.0225225225225225,0.0424379772205859
"Tennessee",10,"1",10,24,"elderly_disabled_i >   0.500 & rawben_rel_max >   0.881 & shelter_expenses_by_hh_size > 474.000 & utilities <=  28.500",1,0,2,0.5,3,0.5,0.0661786740593378,0.0793672561315505,0.110816794305287,0.150912129373486,0.180823680823681,0.279969121836592,0.4,0.639242685025818,0.358555222067946,0.523727557033529,0.0788288288288288,0.116227810504919,0.0205920205920206,0.130765559605921,0.0855855855855856,0.112692169168073
"Tennessee",10,"1",16,54,"medical_deductions > 200.000 & rawben_rel_max >   0.473 & rawben_rel_max <=   0.991 & utilities <= 392.000",1,0,1,1,4,1,0.0140388388750057,0.0384048165919921,0.104855898941063,0.150407507535974,0.560428352881183,0.637773201167024,0.4,0.55052067536144,0.486645912641334,0.623886197983689,0.160462349141594,0.178855432025123,0.0724120346761856,0.110088486710888,0.187999320074792,0.260702161885914
"Tennessee",10,"1",20,88,"rawben_rel_max <   0.992 & shelter_expenses_by_hh_size >= 831.000 & unc_rawben_rel_max >=   0.270 & utilities < 277.000",3,0,6,0.5,5,0.5,0.00743288939215291,0.0329814861425306,0.0664006710335377,0.132049922772502,0.0360779930452062,0.237258332545429,0.4,0.624330900243309,0.045574779617502,0.38854640865875,0.0548310978638847,0.102854306339451,0.0609165424739195,0.0916561427175199,0.0237208147044213,0.118956225905744
"Tennessee",10,"1",30,106,"rawben_rel_max >   0.727 & rawben_rel_max <=   0.991 & shelter_expenses_by_hh_size > 413.000 & utilities <=  28.500",1,1,6,0.166666666666667,6,0.166666666666667,0.00346936427702626,0.027368051064679,0.0871911538154933,0.135299538875575,0.0307539682539683,0.198101689366056,0,0.398791755508173,0.0383864288209702,0.34850244622025,0.0505952380952381,0.0851419116513283,0.0441066066066066,0.0887179643466114,0.0138888888888889,0.0819885985664876
"Tennessee",10,"1",31,28,"elderly_disabled_i >  0.50 & months_since_cert_n <= 17.50 & unc_rawben_rel_max >  1.25 & utilities <= 14.50",1,1,1,1,7,1,0.0764547698649551,0.137692392646942,0.133236103884556,0.196031679166592,0.487573780677229,0.636278373948268,0.666666666666667,0.769732550554468,0.499560157014803,0.786436062410218,0.170549860205033,0.236556320886928,0.141969555762659,0.19365076036074,0.0614834092387769,0.220073119764396
"Tennessee",10,"1",33,79,"months_since_cert_n >=   7.00 & shelter_expenses_by_hh_size >= 462.00 & unc_rawben_rel_max >=   1.67 & utilities < 462.00",2,0,2,1,8,1,0.0376709772322437,0.159910133964011,0.18608714151291,0.236123430939181,0.325994694960212,0.592690239104226,0.4,0.647974603174603,0.594870961321438,0.839210329112208,0.251458885941645,0.358555802912266,0.203978779840849,0.366305081589384,0.0483714483714484,0.0985733703515985
"Tennessee",10,"1",44,67,"medical_deductions >= 5.000 & medical_deductions < 9.000 & rawben_rel_max < 0.488",2,0,2,1,9,1,0.0979691944187246,0.120499339078096,0.19726833255547,0.251770948154064,NA,NA,0.6,0.891784702549575,0.752103687807082,0.841252689820924,NA,NA,NA,NA,NA,NA
"Tennessee",10,"1",45,27,"elderly_disabled_i >   0.500 & total_deductions_by_hh_size > 438.000 & unc_rawben_rel_max >   0.316 & utilities <= 276.000",1,0,8,0.125,10,0.125,0.0375617849187777,0.0715753205678707,0.0867198266528344,0.148619078394973,0.0727650727650728,0.302331020051146,0.4,0.692819349962207,0.195349178616983,0.468424781397755,0.04502442002442,0.136564002260612,0.0228174603174603,0.131626348279055,0.0267094017094017,0.0747316469546328
"Tennessee",10,"2-3",5,217,"married <= 0.500 & months_since_cert_n > 1.500 & rawben_rel_max > 0.997 & unc_rawben_rel_max > 1.520",1,0,1,1,0,NA,NA,NA,NA,NA,NA,NA,NA,NA,NA,NA,NA,NA,NA,NA,NA,NA
"Tennessee",10,"2-3",15,190,"elderly_disabled_i >=   1.00 & shelter_expenses_by_hh_size < 455.00 & unc_rawben_rel_max >=   1.25 & utilities < 447.00",1,0,1,1,1,1,0.139829427686047,0.139829427686047,0.188956972390033,0.188956972390033,NA,NA,0.857142857142857,0.857142857142857,0.617251181265413,0.617251181265413,NA,NA,NA,NA,NA,NA
"Tennessee",10,"2-3",37,207,"expedited_i >= 1.000 & months_since_cert_n < 2.000 & rawben_rel_max >= 0.649 & rawben_rel_max < 0.901",2,0,2,1,2,1,0.0761273027192217,0.175932970756653,0.292064405393122,0.29488723451066,0.299707602339181,0.299707602339181,0.857142857142857,0.896683673469388,0.860547931452094,0.867394633541273,0.185672514619883,0.185672514619883,0.35233918128655,0.35233918128655,0.0394736842105263,0.0394736842105263
"Tennessee",10,"2-3",51,259,"rawben_rel_max <   0.904 & total_deductions_by_hh_size >= 353.000 & utilities < 347.000",1,1,1,1,3,1,0.0529574428146603,0.136815074127262,0.237307570798169,0.251424697706947,0.230480480480481,0.279958906274696,0.833333333333333,0.914658634538153,0.746880910011949,0.814892677786989,0.158408408408408,0.161087403192666,0.149478425794215,0.19088825667773,0.0352852852852853,0.0424924924924925
"Tennessee",10,"2-3",54,202,"expedited_i <=   0.500 & medical_deductions > 128.000 & rawben_rel_max >   0.803 & unc_rawben_rel_max >   0.324",1,1,1,1,4,1,0.129716681765236,0.165711872815762,0.180523194626984,0.23718639129367,0.451858108108108,0.470763843797971,0.666666666666667,0.904529616724739,0.741197768616304,0.796801079178057,0.316300675675676,0.333420869661496,0.126266891891892,0.148442690016777,0.119791666666667,0.138649861411891
"Tennessee",10,"4+",25,453,"months_since_cert_n >  4.500 & months_since_cert_n <=  9.500 & shelter_expenses_by_hh_size > 74.000 & unc_rawben_rel_max >  0.422",18,4,18,1,0,NA,NA,NA,NA,NA,NA,NA,NA,NA,NA,NA,NA,NA,NA,NA,NA,NA
"Tennessee",10,"4+",27,456,"months_since_cert_n >  4.500 & rawben_rel_max >  0.401 & rawben_rel_max <=  0.950 & shelter_expenses_by_hh_size > 90.900",1,0,14,0.0714285714285714,1,0.0714285714285714,0.0153807712496017,0.0153807712496017,0.083380366730574,0.083380366730574,0.0282651105308135,0.0282651105308135,0.666666666666667,0.666666666666667,0.0990182794670374,0.0990182794670374,0.0483489321426261,0.0483489321426261,0.0307821837074152,0.0307821837074152,0.00274657576442083,0.00274657576442083
"Tennessee",10,"4+",29,365,"count_divisible_by_100 >   1.5 & HH_size_n <=   4.5 & months_since_cert_n <=  10.5 & utilities <= 588.0",1,0,1,1,2,1,0.0591495967689573,0.0666291079517289,0.191235967023634,0.199995703707957,NA,NA,0.857142857142857,0.926612819357299,0.614945125280021,0.625831206938876,NA,NA,NA,NA,NA,NA
"Tennessee",10,"4+",34,349,"cat_elig <=  0.500 & months_since_cert_n >  4.500 & total_deductions_by_hh_size > 65.700 & unc_rawben_rel_max <=  0.947",1,0,11,0.0909090909090909,3,0.0909090909090909,0.0290050674004028,0.0364342122798324,0.115425052053882,0.133575740606162,0.161049145195071,0.169097101854639,0.857142857142857,0.858277735745237,0.313801081634854,0.330127618364975,0.111982881597718,0.121975363698148,0.0357631090713798,0.0370316401781419,0.16424177326433,0.164992518631741
"Tennessee",10,"4+",39,324,"HH_size_n >  4.500 & months_since_cert_n >  3.500 & unc_rawben_rel_max >  0.405 & utilities > 32.500",12,2,21,0.571428571428571,4,0.571428571428571,2.70307819718318e-05,0.00928655338667675,0.0496854172463256,0.0709699288036308,0.036655285579539,0.0533802403980118,0.666666666666667,0.767445848472182,0.0484463233612696,0.113107470766843,0.0548436949802418,0.0681513013240104,0.0173784563427848,0.0338178573858272,0.0564554082673151,0.0676693777305097
"Tennessee",10,"4+",43,397,"expedited_i <=  0.500 & rawben_rel_max >  0.738 & rawben_rel_max <=  0.970 & utilities > 17.500",19,1,30,0.633333333333333,5,0.633333333333333,0.00941555121263642,0.0149098599413387,0.110232543702731,0.118325385510352,0.0282685378126359,0.0429827190311935,0.666666666666667,0.851946835555952,0.161390939826442,0.190608928146875,0.045519905936165,0.0645821261833275,0.10817816681583,0.118275229302091,0.0077058340076071,0.0282285406654315
"Tennessee",10,"4+",48,543,"total_deductions_by_hh_size >=  89.10 & unc_rawben_rel_max <   1.03 & utilities < 417.00",8,2,12,0.666666666666667,6,0.666666666666667,0.000873810113734538,0.0121211246210753,0.13006452969783,0.138030756811955,0.0731911499683406,0.0796411125238135,0.6,0.985655058043118,0.193287953316765,0.251043563116568,0.0556206088992974,0.0771978751762539,0.0354425391994347,0.115133477028901,0.0102125737112421,0.0264647589166394
"Tennessee",10,"4+",53,452,"months_since_cert_n >  2.500 & rawben_rel_max >  0.721 & utilities > 32.500",9,2,35,0.257142857142857,7,0.257142857142857,0.00213142172851905,0.0116160044472293,0.0874690004243394,0.110841627364873,0.0295281759796735,0.0532174325546665,0.6,0.73673431040962,0.0495454345149392,0.154300750214044,0.0444780377712011,0.0674793408234472,0.00956045582359033,0.058221994965442,0.00527923568968344,0.020261396158774
"Texas",5,"1",1,107,"rawben_rel_max >   0.751 & rawben_rel_max <=   0.992 & shelter_expenses_by_hh_size > 832.000 & utilities <=  29.500",1,0,1,1,0,NA,NA,NA,NA,NA,NA,NA,NA,NA,NA,NA,NA,NA,NA,NA,NA,NA
"Texas",5,"1",10,85,"rawben_rel_max <    1.000 & shelter_expenses_by_hh_size >= 1180.000 & unc_rawben_rel_max >=    0.986 & utilities <  645.000",1,0,1,1,1,1,0.0252490546806656,0.0252490546806656,0.148727132785012,0.148727132785012,0.294545454545455,0.294545454545455,0.4,0.4,0.503024925956966,0.503024925956966,0.104242424242424,0.104242424242424,0.117575757575758,0.117575757575758,0.168484848484849,0.168484848484849
"Texas",5,"1",13,30,"elderly_disabled_i >=   1.00 & rawben_rel_max >=   1.00 & unc_rawben_rel_max >=   1.52 & utilities < 313.00",3,1,3,1,2,1,0.177309122529849,0.187626107742286,0.205288387553131,0.232903764449411,0.742322097378277,0.748658185532547,0.666666666666667,0.666666666666667,0.848905777317529,0.883134565813935,0.36314606741573,0.384226019128981,0.346367041198502,0.407827096294921,0.0698672114402451,0.139555204754388
"Texas",5,"1",14,116,"rawben_rel_max >=   0.988 & rawben_rel_max <   0.992 & total_deductions_by_hh_size >= 198.000 & utilities < 452.000",1,1,2,0.5,3,0.5,0.0157689736798224,0.113138311612545,0.102455709413513,0.172288232599837,0.136936936936937,0.467458436867114,0.4,0.605352798053528,0.243262895815037,0.607429497087868,0.0299099099099099,0.228085126648237,0.0620802620802621,0.242374894148863,0.0551351351351352,0.13150426195452
"Texas",5,"1",16,24,"elderly_disabled_i >   0.500 & rawben_rel_max >   0.881 & shelter_expenses_by_hh_size > 474.000 & utilities <=  28.500",1,0,4,0.25,4,0.25,0.0683338089597906,0.0934040070043933,0.0974578848227915,0.14736180093726,0.258378378378378,0.404571920028049,0.4,0.543820224719101,0.442898892813358,0.56710322283281,0.126126126126126,0.169595802778482,0.108828828828829,0.207761496539176,0.036036036036036,0.0902873351826767
"Texas",5,"1",20,111,"rawben_rel_max >=   0.236 & rawben_rel_max <   1.000 & total_deductions_by_hh_size >= 511.000 & utilities < 249.000",5,1,6,0.833333333333333,5,0.833333333333333,0.0260655115275474,0.0817084519841662,0.119955871655198,0.169571697966217,0.171811622048589,0.350099045278176,0,0.442694063926941,0.295315233214363,0.569151258228964,0.0690833013107895,0.153997442445432,0.0122590837282781,0.148684436141914,0.058067546219205,0.0873579676966293
"Texas",5,"1",22,88,"rawben_rel_max <   0.992 & shelter_expenses_by_hh_size >= 831.000 & unc_rawben_rel_max >=   0.270 & utilities < 277.000",2,0,7,0.285714285714286,6,0.285714285714286,0.0101077271552719,0.0532246661063268,0.0512496002795779,0.125343443428746,0.0493989071038252,0.273885865286681,0,0.59586621570838,0.0919220241166613,0.422354612878741,0.0492839199233419,0.124262781068111,0.0259757076632222,0.108148603675254,0.0327868852459016,0.112634304816698
"Texas",5,"1",24,118,"rawben_rel_max >=   0.988 & rawben_rel_max <   1.000 & shelter_expenses_by_hh_size >= 692.000 & utilities < 580.000",1,0,3,0.333333333333333,7,0.333333333333333,0.0119429260779869,0.0572494847750359,0.0709643101919488,0.167108879589161,0.0351895519680754,0.296635230775841,0,0.411081948089822,0.0745695205465628,0.511248156976178,0.0238224801983192,0.115852509494785,0.00332547312413085,0.114371762579644,0.0278130479472761,0.0880819320439551
"Texas",5,"1",38,8,"cat_elig >=    1.00 & shelter_expenses_by_hh_size < 1720.00 & unc_rawben_rel_max >=    2.49 & utilities <  875.00",1,1,1,1,8,1,0.0650606353175651,0.139120626080922,0.14876922171792,0.207749582406863,0.143071161048689,0.529187162189353,0.666666666666667,0.793876583350268,0.513469739975063,0.792773326238133,0.202546816479401,0.398274305677921,0.106367041198502,0.238250596604323,0.02990990990991,0.0941018006784367
"Texas",5,"2-3",5,154,"cat_elig >   0.5 & medical_deductions > 104.0 & total_deductions_by_hh_size > 546.0 & utilities <= 560.0",1,1,1,1,0,NA,NA,NA,NA,NA,NA,NA,NA,NA,NA,NA,NA,NA,NA,NA,NA,NA
"Texas",5,"2-3",11,161,"cat_elig > 0.50 & children_i > 0.50 & unc_rawben_rel_max > 1.57",2,1,2,1,1,1,0.254137178424288,0.254137178424288,0.262962980548629,0.262962980548629,0.558139534883721,0.558139534883721,0.833333333333333,0.833333333333333,0.871494796835363,0.871494796835363,0.395348837209302,0.395348837209302,0.302325581395349,0.302325581395349,0.209302325581395,0.209302325581395
"Texas",5,"2-3",17,190,"elderly_disabled_i >=   1.00 & shelter_expenses_by_hh_size < 455.00 & unc_rawben_rel_max >=   1.25 & utilities < 447.00",2,0,2,1,2,1,0.126558179891651,0.140691781711481,0.211722264924498,0.228600621902775,NA,NA,0.833333333333333,0.842953342953343,0.673374622716691,0.751482306102889,NA,NA,NA,NA,NA,NA
"Texas",5,"2-3",33,142,"HH_size_n >   2.500 & total_deductions_by_hh_size > 440.000 & unc_rawben_rel_max >   0.640 & unc_rawben_rel_max <=   0.996",1,1,1,1,3,1,0.0468598981740385,0.114281807074889,0.201691830291193,0.270275963492349,0.272179155900086,0.364053976457077,0.833333333333333,0.846336996336996,0.754471539835788,0.81162756255545,0.215762273901809,0.2815362931642,0.0964685615848407,0.175775846318482,0.0581395348837209,0.14079207231662
"Texas",5,"2-3",55,145,"HH_size_n >=   3 & shelter_expenses_by_hh_size < 655 & total_deductions_by_hh_size >= 466",1,0,2,0.5,4,0.5,0.0414262663096003,0.0860134395144396,0.115179352283807,0.197509493169233,0.067755991285403,0.253581438015163,0.6,0.798844884488449,0.257121577504633,0.56117365369279,0.083442265795207,0.179801228256841,0.0224400871459695,0.116102004517297,0.0294117647058824,0.0849449204406365
"Texas",5,"4+",6,482,"months_since_cert_n >=  11 & total_deductions_by_hh_size >= 228 & total_deductions_by_hh_size < 261",1,0,1,1,0,NA,NA,NA,NA,NA,NA,NA,NA,NA,NA,NA,NA,NA,NA,NA,NA,NA
"Texas",5,"4+",19,305,"HH_size_n >   4.50 & rawben_rel_max <=   0.88 & shelter_expenses_by_hh_size <= 268.00 & total_deductions_by_hh_size > 222.00",2,1,2,1,1,1,0.000645787814583111,0.000645787814583111,0.169929673076452,0.169929673076452,0.474166666666667,0.474166666666667,0.833333333333333,0.833333333333333,0.543191194533115,0.543191194533115,0.338333333333333,0.338333333333333,0.319166666666667,0.319166666666667,0.0633333333333333,0.0633333333333333
"Texas",5,"4+",21,398,"expedited_i <= 0.500 & HH_size_n > 5.500 & unc_rawben_rel_max <= 0.718",14,4,14,1,2,1,0.0230450122135587,0.0233198155389132,0.150386757265865,0.182352017001853,0.139750608272506,0.272594605787648,0.833333333333333,0.904255319148936,0.451198128225282,0.518154242409799,0.114659367396594,0.202150437438526,0.131234793187348,0.163805456333799,0.0690997566909976,0.0825335196976757
"Texas",5,"4+",25,434,"months_since_cert_n >   5.5 & total_deductions_by_hh_size > 215.0 & utilities <= 442.0",1,0,2,0.5,3,0.5,0.00662872234815112,0.00740593094240373,0.158325069261801,0.198695517014675,0.116975481938986,0.127816654007299,0.5,0.976170912078883,0.397204944872431,0.435312113611557,0.174145299145299,0.181568524141202,0.111111111111111,0.204524248443902,0.122863247863248,0.218345087655166
"Texas",5,"4+",36,335,"HH_size_n >=   5 & married <   1 & shelter_expenses_by_hh_size < 293 & total_deductions_by_hh_size >= 212",1,0,2,0.5,4,0.5,0.00104461140303563,0.022407635230202,0.0683304612885219,0.143537545961811,0.157037037037037,0.252166807775597,0.4,0.816203025866276,0.157536505133331,0.432909821941132,0.0896296296296296,0.240545246184921,0.0637037037037037,0.148816162908243,0.0459259259259259,0.112111262100254
"Texas",10,"1",1,107,"rawben_rel_max >   0.751 & rawben_rel_max <=   0.992 & shelter_expenses_by_hh_size > 832.000 & utilities <=  29.500",1,0,1,1,0,NA,NA,NA,NA,NA,NA,NA,NA,NA,NA,NA,NA,NA,NA,NA,NA,NA
"Texas",10,"1",10,85,"rawben_rel_max <    1.000 & shelter_expenses_by_hh_size >= 1180.000 & unc_rawben_rel_max >=    0.986 & utilities <  645.000",1,0,1,1,1,1,0.0252490546806656,0.0252490546806656,0.148727132785012,0.148727132785012,0.294545454545455,0.294545454545455,0.4,0.4,0.503024925956966,0.503024925956966,0.104242424242424,0.104242424242424,0.117575757575758,0.117575757575758,0.168484848484849,0.168484848484849
"Texas",10,"1",13,30,"elderly_disabled_i >=   1.00 & rawben_rel_max >=   1.00 & unc_rawben_rel_max >=   1.52 & utilities < 313.00",3,1,3,1,2,1,0.177309122529849,0.187626107742286,0.205288387553131,0.232903764449411,0.742322097378277,0.748658185532547,0.666666666666667,0.666666666666667,0.848905777317529,0.883134565813935,0.36314606741573,0.384226019128981,0.346367041198502,0.407827096294921,0.0698672114402451,0.139555204754388
"Texas",10,"1",14,116,"rawben_rel_max >=   0.988 & rawben_rel_max <   0.992 & total_deductions_by_hh_size >= 198.000 & utilities < 452.000",1,1,2,0.5,3,0.5,0.0157689736798224,0.113138311612545,0.102455709413513,0.172288232599837,0.136936936936937,0.467458436867114,0.4,0.605352798053528,0.243262895815037,0.607429497087868,0.0299099099099099,0.228085126648237,0.0620802620802621,0.242374894148863,0.0551351351351352,0.13150426195452
"Texas",10,"1",16,24,"elderly_disabled_i >   0.500 & rawben_rel_max >   0.881 & shelter_expenses_by_hh_size > 474.000 & utilities <=  28.500",1,0,4,0.25,4,0.25,0.0683338089597906,0.0934040070043933,0.0974578848227915,0.14736180093726,0.258378378378378,0.404571920028049,0.4,0.543820224719101,0.442898892813358,0.56710322283281,0.126126126126126,0.169595802778482,0.108828828828829,0.207761496539176,0.036036036036036,0.0902873351826767
"Texas",10,"1",20,111,"rawben_rel_max >=   0.236 & rawben_rel_max <   1.000 & total_deductions_by_hh_size >= 511.000 & utilities < 249.000",5,1,6,0.833333333333333,5,0.833333333333333,0.0260655115275474,0.0817084519841662,0.119955871655198,0.169571697966217,0.171811622048589,0.350099045278176,0,0.442694063926941,0.295315233214363,0.569151258228964,0.0690833013107895,0.153997442445432,0.0122590837282781,0.148684436141914,0.058067546219205,0.0873579676966293
"Texas",10,"1",22,88,"rawben_rel_max <   0.992 & shelter_expenses_by_hh_size >= 831.000 & unc_rawben_rel_max >=   0.270 & utilities < 277.000",2,0,7,0.285714285714286,6,0.285714285714286,0.0101077271552719,0.0532246661063268,0.0512496002795779,0.125343443428746,0.0493989071038252,0.273885865286681,0,0.59586621570838,0.0919220241166613,0.422354612878741,0.0492839199233419,0.124262781068111,0.0259757076632222,0.108148603675254,0.0327868852459016,0.112634304816698
"Texas",10,"1",24,118,"rawben_rel_max >=   0.988 & rawben_rel_max <   1.000 & shelter_expenses_by_hh_size >= 692.000 & utilities < 580.000",1,0,3,0.333333333333333,7,0.333333333333333,0.0119429260779869,0.0572494847750359,0.0709643101919488,0.167108879589161,0.0351895519680754,0.296635230775841,0,0.411081948089822,0.0745695205465628,0.511248156976178,0.0238224801983192,0.115852509494785,0.00332547312413085,0.114371762579644,0.0278130479472761,0.0880819320439551
"Texas",10,"2-3",5,154,"cat_elig >   0.5 & medical_deductions > 104.0 & total_deductions_by_hh_size > 546.0 & utilities <= 560.0",1,1,1,1,0,NA,NA,NA,NA,NA,NA,NA,NA,NA,NA,NA,NA,NA,NA,NA,NA,NA
"Texas",10,"2-3",11,161,"cat_elig > 0.50 & children_i > 0.50 & unc_rawben_rel_max > 1.57",2,1,2,1,1,1,0.254137178424288,0.254137178424288,0.262962980548629,0.262962980548629,0.558139534883721,0.558139534883721,0.833333333333333,0.833333333333333,0.871494796835363,0.871494796835363,0.395348837209302,0.395348837209302,0.302325581395349,0.302325581395349,0.209302325581395,0.209302325581395
"Texas",10,"2-3",17,190,"elderly_disabled_i >=   1.00 & shelter_expenses_by_hh_size < 455.00 & unc_rawben_rel_max >=   1.25 & utilities < 447.00",2,0,2,1,2,1,0.126558179891651,0.140691781711481,0.211722264924498,0.228600621902775,NA,NA,0.833333333333333,0.842953342953343,0.673374622716691,0.751482306102889,NA,NA,NA,NA,NA,NA
"Texas",10,"4+",6,482,"months_since_cert_n >=  11 & total_deductions_by_hh_size >= 228 & total_deductions_by_hh_size < 261",1,0,1,1,0,NA,NA,NA,NA,NA,NA,NA,NA,NA,NA,NA,NA,NA,NA,NA,NA,NA
"Texas",10,"4+",18,533,"shelter_expenses_by_hh_size > 213 & shelter_expenses_by_hh_size <= 334 & total_deductions_by_hh_size > 121 & utilities > 390",39,11,39,1,1,1,0.0224569350494071,0.0224569350494071,0.188455649671069,0.188455649671069,0.154103053435115,0.154103053435115,0.833333333333333,0.833333333333333,0.474803531503655,0.474803531503655,0.138199745547074,0.138199745547074,0.112754452926209,0.112754452926209,0.0547073791348601,0.0547073791348601
"Texas",10,"4+",19,305,"HH_size_n >   4.50 & rawben_rel_max <=   0.88 & shelter_expenses_by_hh_size <= 268.00 & total_deductions_by_hh_size > 222.00",1,0,2,0.5,2,0.5,0.000645787814583111,0.021324307455175,0.164838620834275,0.164955723818569,0.424274809160305,0.425422407952861,0.666666666666667,0.670500287521564,0.469362084516874,0.471060281412014,0.253206106870229,0.25516417993436,0.206412213740458,0.209005760673781,0.016412213740458,0.0174914804360963
"Texas",10,"4+",21,398,"expedited_i <= 0.500 & HH_size_n > 5.500 & unc_rawben_rel_max <= 0.718",10,4,14,0.714285714285714,3,0.714285714285714,0.00123386497873468,0.00239174526465592,0.120069158368768,0.123334405837541,0.0731691461897067,0.0836242455774404,0.833333333333333,0.994980479643056,0.183943631128725,0.201464990560081,0.0860403781504801,0.0921275759045662,0.0198501142252187,0.0273971316029134,0.0545495068813729,0.0560165995778216
"Texas",10,"4+",25,434,"months_since_cert_n >   5.5 & total_deductions_by_hh_size > 215.0 & utilities <= 442.0",1,0,2,0.5,4,0.5,0.00539485736941643,0.00623418402865015,0.158325069261801,0.175331232251776,0.116975481938986,0.143381827748931,0.5,0.892946959304984,0.313376188142438,0.364266456076567,0.13029294708684,0.151692939293685,0.111111111111111,0.190582709389133,0.122863247863248,0.19180814503278
"Texas",10,"4+",27,317,"HH_size_n >   5.5 & months_since_cert_n <=   8.0 & shelter_expenses_by_hh_size > 116.0",9,0,22,0.409090909090909,5,0.409090909090909,0.00218657561943236,0.00323155693126752,0.0662332365482062,0.0848002418870701,0.0290002862458852,0.0620571533416311,0.8,0.831397498640566,0.0438970382930598,0.130405283898467,0.0661943609560613,0.0768023034143319,0.0749326448136507,0.0864575384309433,0.00978603120080148,0.0471400798542871
"Texas",10,"4+",28,319,"HH_size_n >   5.5 & months_since_cert_n >   1.5 & utilities > 202.0",4,1,16,0.25,6,0.25,0.00513446558222264,0.00733846807154142,0.0490535990579269,0.0816700940079283,0.0295524754640641,0.0664403706971671,0.8,0.813649458849179,0.0507867960067742,0.139108718973554,0.0450805106755242,0.09618597997143,0.0530634416902536,0.0830075046190849,0.0187402608053802,0.0371419637794977
"Utah",5,"1",7,85,"rawben_rel_max <    1.000 & shelter_expenses_by_hh_size >= 1180.000 & unc_rawben_rel_max >=    0.986 & utilities <  645.000",1,0,1,1,0,NA,NA,NA,NA,NA,NA,NA,NA,NA,NA,NA,NA,NA,NA,NA,NA,NA
"Utah",5,"1",8,125,"shelter_expenses_by_hh_size > 878.000 & unc_rawben_rel_max >   0.379 & unc_rawben_rel_max <=   0.991 & utilities <=  29.500",1,0,1,1,1,1,0.0339319892744297,0.0339319892744297,0.178054093743202,0.178054093743202,0.318181818181818,0.318181818181818,0.4,0.4,0.586769731646933,0.586769731646933,0.163636363636364,0.163636363636364,0.2,0.2,0.172727272727273,0.172727272727273
"Utah",5,"1",14,116,"rawben_rel_max >=   0.988 & rawben_rel_max <   0.992 & total_deductions_by_hh_size >= 198.000 & utilities < 452.000",1,1,1,1,2,1,0.0157689736798224,0.0209893914240608,0.102455709413513,0.142771717890487,0.136936936936937,0.195387317312451,0.666666666666667,0.786860198624905,0.243262895815037,0.396213848237295,0.0747747747747748,0.0933599618091596,0.0620802620802621,0.109936188011054,0.0593775593775593,0.0792924183298515
"Utah",5,"1",15,24,"elderly_disabled_i >   0.500 & rawben_rel_max >   0.881 & shelter_expenses_by_hh_size > 474.000 & utilities <=  28.500",1,0,1,1,3,1,0.0742350777358892,0.0853166377652359,0.143395466606989,0.168013447689023,0.242178542178542,0.330710243000746,0.666666666666667,0.666666666666667,0.498485241132042,0.592389270045074,0.116543816543817,0.131554866191738,0.0710073710073711,0.156707342182203,0.036036036036036,0.107795606678288
"Utah",5,"1",20,111,"rawben_rel_max >=   0.236 & rawben_rel_max <   1.000 & total_deductions_by_hh_size >= 511.000 & utilities < 249.000",5,1,5,1,4,1,0.0119104171643349,0.0408546020904638,0.0820558659723516,0.149051864151915,0.171811622048589,0.242294159162192,0,0.482514132413529,0.209945535787753,0.445391885680551,0.0690833013107895,0.104670288382991,0.0681012766320823,0.0935760578508059,0.058067546219205,0.0730830871008429
"Utah",5,"1",22,88,"rawben_rel_max <   0.992 & shelter_expenses_by_hh_size >= 831.000 & unc_rawben_rel_max >=   0.270 & utilities < 277.000",3,0,6,0.5,5,0.5,0.00500034463096369,0.0267908456574532,0.0512496002795779,0.105631208446816,0.0383507203179334,0.17833108586935,0,0.569833333333333,0.0334627987560438,0.321449533257377,0.0492839199233419,0.0806021978568789,0.0259757076632222,0.0684617804337135,0.0191753601589668,0.0899609910533499
"Utah",5,"1",25,118,"rawben_rel_max >=   0.988 & rawben_rel_max <   1.000 & shelter_expenses_by_hh_size >= 692.000 & utilities < 580.000",2,0,3,0.666666666666667,6,0.666666666666667,0.0119429260779869,0.0349986865611776,0.0709643101919488,0.158926642906709,0.0351895519680754,0.236698947851875,0.4,0.42979797979798,0.0745695205465628,0.463803681379021,0.0238224801983192,0.0837595316582598,0.00332547312413085,0.0805932284820307,0.0278130479472761,0.0727668331522182
"Utah",5,"1",37,106,"rawben_rel_max >   0.727 & rawben_rel_max <=   0.991 & shelter_expenses_by_hh_size > 413.000 & utilities <=  28.500",1,0,3,0.333333333333333,7,0.333333333333333,0.0210366169849496,0.0351427878430728,0.11076037357931,0.155122280262939,0.075598999473407,0.17828413076493,0,0.344099064948193,0.261497096896445,0.41744592953739,0.0507174828857293,0.0769664140516598,0.0345959595959596,0.0980856802239572,0.0309702474986835,0.0614994028089021
"Utah",5,"1",52,27,"elderly_disabled_i >   0.500 & total_deductions_by_hh_size > 438.000 & unc_rawben_rel_max >   0.316 & utilities <= 276.000",2,0,7,0.285714285714286,8,0.285714285714286,0.0376405048893335,0.0506108102265562,0.0867198266528344,0.135357404666115,0.0727650727650728,0.210849759320319,0.666666666666667,0.726275676178084,0.195349178616983,0.408390473452181,0.0373244449073833,0.0790092365576635,0.0228174603174603,0.0751265347624175,0.007864173740951,0.0584713172857407
"Utah",5,"1",56,124,"shelter_expenses_by_hh_size > 504.0 & total_deductions_by_hh_size > 647.0 & utilities <=  29.5",3,0,4,0.75,9,0.75,0.0100087689101211,0.0421492532252941,0.105088847879145,0.139813090785874,0.0856753865603423,0.215675757559979,0.6,0.6,0.159153207620912,0.397739014881856,0.0527407695549289,0.0997386750537388,0.0271922767497989,0.0971765097478997,0.043609981663079,0.105761492577435
"Utah",5,"1",76,93,"rawben_rel_max <   1.000 & total_deductions_by_hh_size >= 968.000 & unc_rawben_rel_max >=   0.304 & utilities < 511.000",4,0,4,1,10,1,0.0079653482945312,0.041109799347563,0.100281010821033,0.143165277750856,0.21703070265815,0.300473597728718,0.4,0.517074550240379,0.381662292969092,0.52074531743606,0.100372111241676,0.132937653514571,0.033201581027668,0.125366842051605,0.0339796318057187,0.119056712263537
"Utah",5,"2-3",39,187,"elderly_disabled_i >   0.500 & rawben_rel_max <=   0.997 & shelter_expenses_by_hh_size > 955.000 & utilities <= 584.000",1,1,1,1,0,NA,NA,NA,NA,NA,NA,NA,NA,NA,NA,NA,NA,NA,NA,NA,NA,NA
"Utah",5,"2-3",42,207,"expedited_i >= 1.000 & months_since_cert_n < 2.000 & rawben_rel_max >= 0.649 & rawben_rel_max < 0.901",1,0,1,1,1,1,0.0850801980962282,0.0850801980962282,0.348558151406335,0.348558151406335,NA,NA,0.857142857142857,0.857142857142857,0.870920477149652,0.870920477149652,NA,NA,NA,NA,NA,NA
"Utah",5,"2-3",48,262,"rawben_rel_max <=   0.93 & total_deductions_by_hh_size > 519.00 & utilities <= 560.00",1,1,2,0.5,2,0.5,0.0424989811987242,0.0715979576056867,0.193864897375408,0.236537655051309,0.227215980024969,0.227215980024969,0.6,0.74,0.418610342425783,0.641154442508859,0.197877652933833,0.197877652933833,0.316167290886392,0.316167290886392,0.0611735330836454,0.0611735330836454
"Utah",5,"2-3",54,238,"months_since_cert_n <=  0.500 & total_deductions_by_hh_size > 83.500 & unc_rawben_rel_max <=  0.999 & utilities <= 22.000",4,0,4,1,3,1,0.027875852402794,0.0647385857649992,0.151887483932097,0.24406394930205,0.226417559446041,0.238106077544522,0.6,0.670773263433814,0.546734562888975,0.707729815184863,0.145348837209302,0.16838577766763,0.0923772609819121,0.349874332940933,0.0956072351421189,0.145428978581376
"Utah",5,"2-3",60,259,"rawben_rel_max <   0.904 & total_deductions_by_hh_size >= 353.000 & utilities < 347.000",2,1,4,0.5,4,0.5,0.029483589440051,0.0467014095948231,0.114072969754803,0.162113748447921,0.113764927718416,0.143192316428903,0,0.281572481572482,0.386986320929361,0.489992198586865,0.150242939568782,0.154543760293128,0.111828120255087,0.182738134181701,0.0352852852852853,0.0585795611383416
"Utah",5,"2-3",74,219,"married >=   1.000 & rawben_rel_max >=   0.523 & total_deductions_by_hh_size >= 154.000 & utilities <  29.000",1,0,2,0.5,5,0.5,0.0359270043617775,0.0482137896360079,0.198886736685266,0.222045189300086,NA,NA,0.6,0.643742228074025,0.576093572535658,0.658883780127976,NA,NA,NA,NA,NA,NA
"Utah",5,"4+",40,313,"HH_size_n >   4.500 & rawben_rel_max >   0.478 & total_deductions_by_hh_size > 233.000 & unc_rawben_rel_max <=   0.997",8,0,8,1,0,NA,NA,NA,NA,NA,NA,NA,NA,NA,NA,NA,NA,NA,NA,NA,NA,NA
"Utah",5,"4+",43,309,"HH_size_n >   4.500 & months_since_cert_n >   4.500 & rawben_rel_max <=   0.988 & total_deductions_by_hh_size > 206.000",1,0,2,0.5,1,0.5,0.0033369582598926,0.0033369582598926,0.0890500505204814,0.0890500505204814,0.108005427408412,0.108005427408412,0.666666666666667,0.666666666666667,0.147621452313941,0.147621452313941,0.169877883310719,0.169877883310719,0.151017639077341,0.151017639077341,0.0318860244233378,0.0318860244233378
"Utah",5,"4+",65,488,"months_since_cert_n >= 5.000 & rawben_rel_max >= 0.607 & rawben_rel_max < 0.625",1,0,1,1,2,1,0.0267959471528818,0.0286540261839584,0.165583253296005,0.167494209706549,0.225262576008845,0.236598801218883,0.6,0.703409090909091,0.515285634081711,0.528344935133104,0.24571586511885,0.252016490093152,0.011608623548922,0.0785368954127434,0.168686868686869,0.181567084229906
"Utah",5,"4+",67,522,"shelter_expenses_by_hh_size <= 341.000 & total_deductions_by_hh_size > 233.000 & unc_rawben_rel_max <=   0.976",2,0,3,0.666666666666667,3,0.666666666666667,0.000353248882541776,0.00659144288268725,0.0661654207193392,0.107272978898291,0.134392113910186,0.169936008872215,0.6,0.778399378399378,0.155029361766175,0.270236879530544,0.102519167579409,0.150513087553515,0.00733844468784229,0.103851370814474,0.0307776560788609,0.0621922908006183
"Utah",5,"4+",72,415,"medical_deductions <= 179.000 & rawben_rel_max >   0.777 & rawben_rel_max <=   0.817 & total_deductions_by_hh_size > 204.000",3,0,5,0.6,4,0.6,0.0096451109369611,0.01845075769058,0.0961267231093585,0.125835756682544,0.187159440890784,0.212718454656301,0.6,0.726153846153846,0.33101624820495,0.400668074788295,0.16969696969697,0.200577808802621,0.0793650793650794,0.18496380139054,0.0816157308694622,0.108232257553341
"Utah",10,"1",7,85,"rawben_rel_max <    1.000 & shelter_expenses_by_hh_size >= 1180.000 & unc_rawben_rel_max >=    0.986 & utilities <  645.000",1,0,1,1,0,NA,NA,NA,NA,NA,NA,NA,NA,NA,NA,NA,NA,NA,NA,NA,NA,NA
"Utah",10,"1",8,125,"shelter_expenses_by_hh_size > 878.000 & unc_rawben_rel_max >   0.379 & unc_rawben_rel_max <=   0.991 & utilities <=  29.500",1,0,1,1,1,1,0.0339319892744297,0.0339319892744297,0.178054093743202,0.178054093743202,0.318181818181818,0.318181818181818,0.4,0.4,0.586769731646933,0.586769731646933,0.163636363636364,0.163636363636364,0.2,0.2,0.172727272727273,0.172727272727273
"Utah",10,"1",14,116,"rawben_rel_max >=   0.988 & rawben_rel_max <   0.992 & total_deductions_by_hh_size >= 198.000 & utilities < 452.000",1,1,1,1,2,1,0.0157689736798224,0.0209893914240608,0.102455709413513,0.142771717890487,0.136936936936937,0.195387317312451,0.666666666666667,0.786860198624905,0.243262895815037,0.396213848237295,0.0747747747747748,0.0933599618091596,0.0620802620802621,0.109936188011054,0.0593775593775593,0.0792924183298515
"Utah",10,"1",15,24,"elderly_disabled_i >   0.500 & rawben_rel_max >   0.881 & shelter_expenses_by_hh_size > 474.000 & utilities <=  28.500",1,0,1,1,3,1,0.0742350777358892,0.0853166377652359,0.143395466606989,0.168013447689023,0.242178542178542,0.330710243000746,0.666666666666667,0.666666666666667,0.498485241132042,0.592389270045074,0.116543816543817,0.131554866191738,0.0710073710073711,0.156707342182203,0.036036036036036,0.107795606678288
"Utah",10,"1",20,111,"rawben_rel_max >=   0.236 & rawben_rel_max <   1.000 & total_deductions_by_hh_size >= 511.000 & utilities < 249.000",5,1,5,1,4,1,0.0119104171643349,0.0408546020904638,0.0820558659723516,0.149051864151915,0.171811622048589,0.242294159162192,0,0.482514132413529,0.209945535787753,0.445391885680551,0.0690833013107895,0.104670288382991,0.0681012766320823,0.0935760578508059,0.058067546219205,0.0730830871008429
"Utah",10,"1",22,88,"rawben_rel_max <   0.992 & shelter_expenses_by_hh_size >= 831.000 & unc_rawben_rel_max >=   0.270 & utilities < 277.000",3,0,6,0.5,5,0.5,0.00500034463096369,0.0267908456574532,0.0512496002795779,0.105631208446816,0.0383507203179334,0.17833108586935,0,0.569833333333333,0.0334627987560438,0.321449533257377,0.0492839199233419,0.0806021978568789,0.0259757076632222,0.0684617804337135,0.0191753601589668,0.0899609910533499
"Utah",10,"1",25,118,"rawben_rel_max >=   0.988 & rawben_rel_max <   1.000 & shelter_expenses_by_hh_size >= 692.000 & utilities < 580.000",2,0,3,0.666666666666667,6,0.666666666666667,0.0119429260779869,0.0349986865611776,0.0709643101919488,0.158926642906709,0.0351895519680754,0.236698947851875,0.4,0.42979797979798,0.0745695205465628,0.463803681379021,0.0238224801983192,0.0837595316582598,0.00332547312413085,0.0805932284820307,0.0278130479472761,0.0727668331522182
"Utah",10,"1",37,106,"rawben_rel_max >   0.727 & rawben_rel_max <=   0.991 & shelter_expenses_by_hh_size > 413.000 & utilities <=  28.500",1,0,3,0.333333333333333,7,0.333333333333333,0.0210366169849496,0.0351427878430728,0.11076037357931,0.155122280262939,0.075598999473407,0.17828413076493,0,0.344099064948193,0.261497096896445,0.41744592953739,0.0507174828857293,0.0769664140516598,0.0345959595959596,0.0980856802239572,0.0309702474986835,0.0614994028089021
"Utah",10,"1",52,27,"elderly_disabled_i >   0.500 & total_deductions_by_hh_size > 438.000 & unc_rawben_rel_max >   0.316 & utilities <= 276.000",2,0,7,0.285714285714286,8,0.285714285714286,0.0376405048893335,0.0506108102265562,0.0867198266528344,0.135357404666115,0.0727650727650728,0.210849759320319,0.666666666666667,0.726275676178084,0.195349178616983,0.408390473452181,0.0373244449073833,0.0790092365576635,0.0228174603174603,0.0751265347624175,0.007864173740951,0.0584713172857407
"Utah",10,"1",56,124,"shelter_expenses_by_hh_size > 504.0 & total_deductions_by_hh_size > 647.0 & utilities <=  29.5",3,0,4,0.75,9,0.75,0.0100087689101211,0.0421492532252941,0.105088847879145,0.139813090785874,0.0856753865603423,0.215675757559979,0.6,0.6,0.159153207620912,0.397739014881856,0.0527407695549289,0.0997386750537388,0.0271922767497989,0.0971765097478997,0.043609981663079,0.105761492577435
"Utah",10,"1",76,93,"rawben_rel_max <   1.000 & total_deductions_by_hh_size >= 968.000 & unc_rawben_rel_max >=   0.304 & utilities < 511.000",4,0,4,1,10,1,0.0079653482945312,0.041109799347563,0.100281010821033,0.143165277750856,0.21703070265815,0.300473597728718,0.4,0.517074550240379,0.381662292969092,0.52074531743606,0.100372111241676,0.132937653514571,0.033201581027668,0.125366842051605,0.0339796318057187,0.119056712263537
"Utah",10,"1",90,90,"rawben_rel_max <   0.992 & total_deductions_by_hh_size >= 535.000 & unc_rawben_rel_max >=   0.964 & utilities < 645.000",1,1,3,0.333333333333333,11,0.333333333333333,0.00344246949518679,0.036818188958956,0.0381319629618831,0.171827123831101,0.0535353535353535,0.2533114913147,0,0.480219003171909,0.0862848257929783,0.503160397762621,0.0338960070503694,0.0813133437480198,0.0296590061690733,0.0834574057683733,0.0124215124215124,0.0617691991193232
"Utah",10,"1",103,131,"total_deductions_by_hh_size > 647 & utilities <= 276",4,0,10,0.4,12,0.4,0.00393118006628256,0.0416420633139361,0.0384008747786384,0.142147225541616,0.0540698239813284,0.23810163385566,0.333333333333333,0.603664176449662,0.0504300158123764,0.427630753338439,0.0583487309151026,0.12741022696579,0.010989010989011,0.0746453373622633,0.0312651949820092,0.0773446958238046
"Utah",10,"1",105,91,"rawben_rel_max <   1 & total_deductions_by_hh_size >= 450 & utilities < 277",2,0,10,0.2,13,0.2,0.00429179763012752,0.0303307636035182,0.0606498154581106,0.139978355718063,0.0632742994928078,0.189752670684594,0.25,0.464195163524023,0.0716265236306381,0.362725450454103,0.0414304993252362,0.102562940811705,0.0190476190476191,0.0634001399396934,0.0372994096615947,0.0597944781763146
"Utah",10,"1",117,119,"rawben_rel_max >=   0.988 & rawben_rel_max <   1.000 & utilities < 580.000",3,0,7,0.428571428571429,14,0.428571428571429,0.00566408816475755,0.0352788204958537,0.0634777486411278,0.157320626667118,0.0134652960666044,0.254673862085005,0.25,0.554062191066775,0.0348517062775497,0.463685722267126,0.0101945459179339,0.102765781585451,0.00773086398776655,0.082605392193238,0.0091230470977306,0.0638546037719189
"Utah",10,"2-3",39,187,"elderly_disabled_i >   0.500 & rawben_rel_max <=   0.997 & shelter_expenses_by_hh_size > 955.000 & utilities <= 584.000",1,1,1,1,0,NA,NA,NA,NA,NA,NA,NA,NA,NA,NA,NA,NA,NA,NA,NA,NA,NA
"Utah",10,"2-3",42,207,"expedited_i >= 1.000 & months_since_cert_n < 2.000 & rawben_rel_max >= 0.649 & rawben_rel_max < 0.901",1,0,1,1,1,1,0.0850801980962282,0.0850801980962282,0.348558151406335,0.348558151406335,NA,NA,0.857142857142857,0.857142857142857,0.870920477149652,0.870920477149652,NA,NA,NA,NA,NA,NA
"Utah",10,"2-3",48,262,"rawben_rel_max <=   0.93 & total_deductions_by_hh_size > 519.00 & utilities <= 560.00",1,1,2,0.5,2,0.5,0.0424989811987242,0.0715979576056867,0.193864897375408,0.236537655051309,0.227215980024969,0.227215980024969,0.6,0.74,0.418610342425783,0.641154442508859,0.197877652933833,0.197877652933833,0.316167290886392,0.316167290886392,0.0611735330836454,0.0611735330836454
"Utah",10,"2-3",54,238,"months_since_cert_n <=  0.500 & total_deductions_by_hh_size > 83.500 & unc_rawben_rel_max <=  0.999 & utilities <= 22.000",4,0,4,1,3,1,0.027875852402794,0.0647385857649992,0.151887483932097,0.24406394930205,0.226417559446041,0.238106077544522,0.6,0.670773263433814,0.546734562888975,0.707729815184863,0.145348837209302,0.16838577766763,0.0923772609819121,0.349874332940933,0.0956072351421189,0.145428978581376
"Utah",10,"2-3",60,259,"rawben_rel_max <   0.904 & total_deductions_by_hh_size >= 353.000 & utilities < 347.000",2,1,4,0.5,4,0.5,0.029483589440051,0.0467014095948231,0.114072969754803,0.162113748447921,0.113764927718416,0.143192316428903,0,0.281572481572482,0.386986320929361,0.489992198586865,0.150242939568782,0.154543760293128,0.111828120255087,0.182738134181701,0.0352852852852853,0.0585795611383416
"Utah",10,"2-3",74,219,"married >=   1.000 & rawben_rel_max >=   0.523 & total_deductions_by_hh_size >= 154.000 & utilities <  29.000",1,0,2,0.5,5,0.5,0.0359270043617775,0.0482137896360079,0.198886736685266,0.222045189300086,NA,NA,0.6,0.643742228074025,0.576093572535658,0.658883780127976,NA,NA,NA,NA,NA,NA
"Utah",10,"2-3",82,175,"count_divisible_by_100 <=   0.500 & medical_deductions > 144.000 & unc_rawben_rel_max >   0.131",1,1,1,1,6,1,0.0949966763419724,0.135466264435461,0.17519066201468,0.204297512329132,0.386985593161922,0.440979389653465,1,1,0.55774866186003,0.717763969928376,0.221927345419453,0.278748994391209,0.0237937323826894,0.122879487949035,0.0395364689843217,0.0792608278856414
"Utah",10,"2-3",87,192,"elderly_disabled_i >=   1.000 & HH_size_n >=   3.000 & total_deductions_by_hh_size >= 290.000 & unc_rawben_rel_max <   0.976",2,1,2,1,7,1,0.0291497123890927,0.0743264159111651,0.185255217692387,0.218884982502768,0.171875,0.250704725292089,0.666666666666667,0.878625318440133,0.592184187836443,0.672557724792583,0.120259831460674,0.170174171213132,0.0752492331288343,0.117232709215604,0.0169670245398773,0.0513945333676187
"Utah",10,"2-3",94,141,"HH_size_n >   2.500 & rawben_rel_max >   0.581 & total_deductions_by_hh_size > 338.000 & utilities >  29.500",5,0,6,0.833333333333333,8,0.833333333333333,0.0674491451363351,0.115068756714904,0.141473668999011,0.227671653597012,0.15657059110894,0.294148163241889,0.666666666666667,0.859606663178092,0.464482778178189,0.709137630127228,0.104619565217391,0.183232795694499,0.052144535840188,0.0975926824525569,0.0126811594202899,0.0491370802425791
"Utah",10,"2-3",102,261,"rawben_rel_max <=   0.804 & shelter_expenses_by_hh_size > 521.000 & total_deductions_by_hh_size >  97.100 & utilities <= 357.000",1,0,3,0.333333333333333,9,0.333333333333333,0.0131713516889154,0.0718874194885878,0.0905784074653674,0.185147282496714,0.121769579798777,0.24800139826476,0.25,0.653462599275579,0.187552512156617,0.579716316453592,0.0601696587098047,0.137196313470521,0.0398682957791177,0.0759420470445769,0.00790754257907541,0.0385257604929218
"Utah",10,"2-3",106,206,"expedited_i >=   1.000 & rawben_rel_max <   0.909 & total_deductions_by_hh_size >=  23.500 & utilities < 285.000",2,0,2,1,10,1,0.0168270114225504,0.0810840925632059,0.0968241197519367,0.213728321288282,0.201474201474201,0.307083853566962,0.25,0.613627690321856,0.429439555976063,0.686749003249859,0.189189189189189,0.273167937016261,0.103260869565217,0.148493439710934,0.0299506694855532,0.0846322495321075
"Utah",10,"4+",40,313,"HH_size_n >   4.500 & rawben_rel_max >   0.478 & total_deductions_by_hh_size > 233.000 & unc_rawben_rel_max <=   0.997",8,0,8,1,0,NA,NA,NA,NA,NA,NA,NA,NA,NA,NA,NA,NA,NA,NA,NA,NA,NA
"Utah",10,"4+",43,309,"HH_size_n >   4.500 & months_since_cert_n >   4.500 & rawben_rel_max <=   0.988 & total_deductions_by_hh_size > 206.000",1,0,2,0.5,1,0.5,0.0033369582598926,0.0033369582598926,0.0890500505204814,0.0890500505204814,0.108005427408412,0.108005427408412,0.666666666666667,0.666666666666667,0.147621452313941,0.147621452313941,0.169877883310719,0.169877883310719,0.151017639077341,0.151017639077341,0.0318860244233378,0.0318860244233378
"Utah",10,"4+",65,488,"months_since_cert_n >= 5.000 & rawben_rel_max >= 0.607 & rawben_rel_max < 0.625",1,0,1,1,2,1,0.0267959471528818,0.0286540261839584,0.165583253296005,0.167494209706549,0.225262576008845,0.236598801218883,0.6,0.703409090909091,0.515285634081711,0.528344935133104,0.24571586511885,0.252016490093152,0.011608623548922,0.0785368954127434,0.168686868686869,0.181567084229906
"Utah",10,"4+",67,522,"shelter_expenses_by_hh_size <= 341.000 & total_deductions_by_hh_size > 233.000 & unc_rawben_rel_max <=   0.976",2,0,3,0.666666666666667,3,0.666666666666667,0.000353248882541776,0.00659144288268725,0.0661654207193392,0.107272978898291,0.134392113910186,0.169936008872215,0.6,0.778399378399378,0.155029361766175,0.270236879530544,0.102519167579409,0.150513087553515,0.00733844468784229,0.103851370814474,0.0307776560788609,0.0621922908006183
"Utah",10,"4+",72,415,"medical_deductions <= 179.000 & rawben_rel_max >   0.777 & rawben_rel_max <=   0.817 & total_deductions_by_hh_size > 204.000",3,0,5,0.6,4,0.6,0.0096451109369611,0.01845075769058,0.0961267231093585,0.125835756682544,0.187159440890784,0.212718454656301,0.6,0.726153846153846,0.33101624820495,0.400668074788295,0.16969696969697,0.200577808802621,0.0793650793650794,0.18496380139054,0.0816157308694622,0.108232257553341
"Utah",10,"4+",81,372,"count_divisible_by_100 >=   1.000 & married >=   1.000 & rawben_rel_max >=   0.511 & utilities >= 367.000",1,0,1,1,5,1,0.00452693453667028,0.0202083133627238,0.0963398091932826,0.122335053449667,0.113240418118467,0.179145494356157,0.833333333333333,0.938680338315375,0.302305555033321,0.417643543244736,0.16035675282126,0.224673266656695,0.0425405325003719,0.128354617715788,0.0286488579171506,0.0944680877508225
"Utah",10,"4+",85,465,"months_since_cert_n >=   2.000 & rawben_rel_max <   0.997 & shelter_expenses_by_hh_size < 428.000 & total_deductions_by_hh_size >= 243.000",2,1,6,0.333333333333333,6,0.333333333333333,0.00873648764276096,0.0175377218076594,0.0570594075076693,0.0967223880170554,0.0832095505308907,0.124040323371685,0.4,0.66129632423191,0.111467510290236,0.255134295275119,0.0789459206689773,0.119937980224876,0.0812376473795407,0.100311564161438,0.0395004676239203,0.0670574982274605
"Utah",10,"4+",88,497,"rawben_rel_max <   0.873 & shelter_expenses_by_hh_size < 486.000 & total_deductions_by_hh_size >= 286.000",2,0,7,0.285714285714286,7,0.285714285714286,0.00209539494088871,0.0108239118387383,0.0785391592449757,0.106618851058594,0.0560609786083108,0.124535206216784,0.25,0.548194546794399,0.107967815675782,0.242530953483073,0.0550364724202934,0.111032753879907,0.0271699041062208,0.102608018681723,0.0141791656421605,0.0472669337902773
"Utah",10,"4+",89,373,"count_divisible_by_100 >= 1.000 & HH_size_n >= 6.000 & rawben_rel_max >= 0.465 & rawben_rel_max < 0.891",2,0,2,1,8,1,0.000367481697483733,0.0266926582722767,0.10548283559586,0.146014206870636,0.0414814814814815,0.241100062482278,0.6,0.797432943400685,0.206445687841105,0.520199270630827,0.228292682926829,0.302614180766009,0.0545679012345679,0.155723513942374,0.0509090909090909,0.0977865394005494
"Utah",10,"4+",91,306,"HH_size_n >   4.500 & married <=   0.500 & shelter_expenses_by_hh_size > 251.000 & unc_rawben_rel_max <=   0.976",10,1,16,0.625,9,0.625,0.000391292290508299,0.0093229841353837,0.0766307366616895,0.0950806638237666,0.112714206744057,0.191611116347044,0.666666666666667,0.917864187094956,0.168658363554797,0.325039740832964,0.0819237147595357,0.147966485683347,0.0389910203527354,0.0875144914997555,0.0253464008110848,0.0685878424584554
"Utah",10,"4+",92,484,"months_since_cert_n >=  3.000 & rawben_rel_max >=  0.794 & total_deductions_by_hh_size >= 27.000 & unc_rawben_rel_max <  0.821",1,0,2,0.5,10,0.5,0.00389260947935404,0.0153600598817965,0.0932070370893496,0.148755330685027,0.078030303030303,0.137436630500314,0.4,0.719186918691869,0.23145209904941,0.38783459317653,0.0990037359900374,0.156304171662122,0.00144300144300145,0.184856919884679,0.0254254877542549,0.0666097547122565
"Utah",10,"4+",93,404,"expedited_i >  0.500 & total_deductions_by_hh_size > 12.700 & unc_rawben_rel_max >  0.469 & unc_rawben_rel_max <=  0.935",1,0,2,0.5,11,0.5,0.00028565746742492,0.0143850147138137,0.0670578505069361,0.114259845259622,0.130817076618603,0.213517564450186,0.6,0.813822393822394,0.282354458937451,0.399157293493421,0.166751484308736,0.211521026002231,0.0265440666204025,0.150654876826022,0.0499236641221374,0.100274205539125
"Utah",10,"4+",99,316,"HH_size_n >   4.500 & shelter_expenses_by_hh_size > 239.000 & unc_rawben_rel_max >   0.734 & unc_rawben_rel_max <=   0.997",7,0,10,0.7,12,0.7,0.00352325481240147,0.00998615679899355,0.0821763420538414,0.12024749849916,0.114457831325301,0.243954729072157,0.4,0.787716718406768,0.216910227097873,0.362590430425152,0.170013386880857,0.224840147708796,0.0355847180543737,0.0887824853329755,0.0234392113910186,0.0635078727742647
"Utah",10,"4+",107,498,"rawben_rel_max <   0.965 & shelter_expenses_by_hh_size >= 466.000 & shelter_expenses_by_hh_size < 569.000 & total_deductions_by_hh_size < 255.000",1,1,1,1,13,1,0.00156770320664182,0.022036691195912,0.0981457106079061,0.12850371157109,0.0657142857142857,0.20104337623001,0.6,0.838726430169383,0.317768106473145,0.441223224749968,0.170051635111876,0.238344389133667,0.0488549618320611,0.142512508923672,0.0198051948051948,0.0779530051946736
"Utah",10,"4+",119,410,"married > 0.500 & months_since_cert_n > 4.500 & rawben_rel_max > 0.493 & rawben_rel_max <= 0.923",1,0,4,0.25,14,0.25,0.00348537115650016,0.0196765181772085,0.0740198226578059,0.125968100026907,0.0936812264538028,0.16980601690611,0.25,0.836671297368218,0.308354607169065,0.374790770826684,0.093509918587318,0.154078755962243,0.0325077399380805,0.127095224130587,0.0154798761609907,0.0728049803547806
"Vermont",5,"1",2,55,"medical_deductions > 506.000 & rawben_rel_max <=   0.998 & total_deductions_by_hh_size > 282.000 & unc_rawben_rel_max >   0.761",4,1,4,1,0,NA,NA,NA,NA,NA,NA,NA,NA,NA,NA,NA,NA,NA,NA,NA,NA,NA
"Vermont",5,"1",9,6,"cat_elig >   0.500 & medical_deductions > 602.000 & rawben_rel_max <=   0.991",1,0,2,0.5,1,0.5,0.00200072015777655,0.00200072015777655,0.0655560180166122,0.0655560180166122,0.0666666666666667,0.0666666666666667,0.6,0.6,0.0680540882338902,0.0680540882338902,0.0666666666666667,0.0666666666666667,0.0333333333333333,0.0333333333333333,0.0333333333333334,0.0333333333333334
"Vermont",5,"1",25,94,"rawben_rel_max <=    0.994 & shelter_expenses_by_hh_size > 1300.000 & unc_rawben_rel_max >    0.987",4,3,5,0.8,2,0.8,0.0113037592427734,0.0122077814441995,0.186968936434461,0.187396197148662,0.611538461538462,0.61698717948718,0.6,0.70625,0.641283818266833,0.646412555898588,0.114102564102564,0.131810897435897,0.0833333333333333,0.101041666666667,0.294871794871795,0.310496794871795
"Vermont",5,"1",31,98,"rawben_rel_max <=   0.991 & total_deductions_by_hh_size > 800.000 & unc_rawben_rel_max >   0.985",3,0,7,0.428571428571429,3,0.428571428571429,0.00182648904190873,0.00633099634114267,0.0228054481739146,0.10178111848485,0.0294705294705295,0.280501905501906,0.25,0.51875,0.0153019509406099,0.303226002571966,0.036963036963037,0.0739801864801865,0.0539460539460539,0.071510434010434,0.032967032967033,0.141661579161579
"Vermont",5,"2-3",4,226,"medical_deductions > 143 & shelter_expenses_by_hh_size <= 738 & total_deductions_by_hh_size > 503",2,1,2,1,0,NA,NA,NA,NA,NA,NA,NA,NA,NA,NA,NA,NA,NA,NA,NA,NA,NA
"Vermont",5,"2-3",21,212,"married <=   0.5 & medical_deductions > 140.0 & total_deductions_by_hh_size > 411.0",3,0,3,1,1,1,0.0284956407164548,0.0284956407164548,0.0809047675571958,0.0809047675571958,NA,NA,0.5,0.5,0.283808035742299,0.283808035742299,NA,NA,NA,NA,NA,NA
"Vermont",5,"2-3",22,142,"HH_size_n >   2.500 & total_deductions_by_hh_size > 440.000 & unc_rawben_rel_max >   0.640 & unc_rawben_rel_max <=   0.996",1,0,1,1,2,1,0.123457197434952,0.137191508585619,0.241381620964134,0.24862188232031,0.503703703703704,0.503703703703704,0.833333333333333,0.833333333333333,0.755956526922811,0.788283804643384,0.3,0.3,0.107407407407407,0.107407407407407,0.162962962962963,0.162962962962963
"Vermont",5,"2-3",23,227,"medical_deductions > 143 & total_deductions_by_hh_size > 503",2,0,5,0.4,3,0.4,0.046353867117482,0.127563924063516,0.0968542289953716,0.195269595063886,0.116666666666667,0.344003527336861,0.333333333333333,0.566666666666667,0.254701859157892,0.560248565175534,0.0833333333333333,0.244708994708995,0.0190476190476191,0.071604938271605,0.0492063492063492,0.0922398589065256
"Vermont",5,"2-3",35,146,"HH_size_n >=   3 & shelter_expenses_by_hh_size < 700 & total_deductions_by_hh_size >= 510",1,0,1,1,4,1,0.0430606665698293,0.150259310421453,0.122062053881657,0.195131631558087,0.0740740740740741,0.357635658914729,0.5,0.678286852589641,0.276289815194051,0.641628227342894,0.114814814814815,0.239936323366556,0.0106481481481482,0.0653377630121816,0.0189814814814815,0.102882059800664
"Vermont",5,"2-3",40,153,"cat_elig >   0.5 & HH_size_n >   2.5 & total_deductions_by_hh_size > 642.0",1,0,1,1,5,1,0.0210026270556318,0.105502316873081,0.090537695780706,0.168875189508706,0.100961538461538,0.301431225356385,0.5,0.658714285714286,0.180194801013224,0.527609341171732,0.0785256410256411,0.179600481789972,0.0564102564102564,0.0739215137304309,0.0384615384615384,0.0874757938452206
"Vermont",5,"4+",10,451,"months_since_cert_n >  12.5 & total_deductions_by_hh_size > 231.0",2,1,2,1,0,NA,NA,NA,NA,NA,NA,NA,NA,NA,NA,NA,NA,NA,NA,NA,NA,NA
"Vermont",5,"4+",14,311,"HH_size_n >   4.500 & months_since_cert_n >   5.500 & total_deductions_by_hh_size > 231.000 & unc_rawben_rel_max <=   0.998",2,0,3,0.666666666666667,1,0.666666666666667,0.0191518881764351,0.0191518881764351,0.134748260982523,0.134748260982523,NA,NA,0.5,0.5,0.327820761406349,0.327820761406349,NA,NA,NA,NA,NA,NA
"Vermont",5,"4+",15,443,"months_since_cert_n >   5.500 & rawben_rel_max >   0.794 & rawben_rel_max <=   0.975 & total_deductions_by_hh_size > 229.000",2,1,2,1,2,1,0.00921906558488422,0.00939890987002858,0.102662390475084,0.118675721324814,0.0979743695742042,0.0979743695742042,0.5,0.624671916010499,0.205447593922852,0.246664847736128,0.110169491525424,0.110169491525424,0.108722612649855,0.108722612649855,0.0603555188094254,0.0603555188094254
"Vermont",5,"4+",18,303,"HH_size_n >   4.5 & medical_deductions <= 157.0 & total_deductions_by_hh_size > 362.0",1,0,1,1,3,1,0.000699186651579344,0.0134787485677954,0.137350581039069,0.158842062687184,NA,NA,0.6,0.706632653061224,0.307577668593086,0.347038310815752,NA,NA,NA,NA,NA,NA
"Vermont",5,"4+",27,480,"months_since_cert_n >=   9.000 & rawben_rel_max <   0.822 & total_deductions_by_hh_size >= 109.000 & unc_rawben_rel_max >=   0.725",2,1,2,1,4,1,0.0016938172669962,0.00698645409211245,0.0842216027017757,0.141043654848509,0.11655444625029,0.162453192767415,0.4,0.584875183553598,0.20537044680747,0.37982841935043,0.210819596006501,0.219725763587547,0.181564894358022,0.21361069586787,0.0494487136652189,0.0585358533284292
"Vermont",10,"1",2,55,"medical_deductions > 506.000 & rawben_rel_max <=   0.998 & total_deductions_by_hh_size > 282.000 & unc_rawben_rel_max >   0.761",4,1,4,1,0,NA,NA,NA,NA,NA,NA,NA,NA,NA,NA,NA,NA,NA,NA,NA,NA,NA
"Vermont",10,"1",9,6,"cat_elig >   0.500 & medical_deductions > 602.000 & rawben_rel_max <=   0.991",1,0,2,0.5,1,0.5,0.00200072015777655,0.00200072015777655,0.0655560180166122,0.0655560180166122,0.0666666666666667,0.0666666666666667,0.6,0.6,0.0680540882338902,0.0680540882338902,0.0666666666666667,0.0666666666666667,0.0333333333333333,0.0333333333333333,0.0333333333333334,0.0333333333333334
"Vermont",10,"1",25,94,"rawben_rel_max <=    0.994 & shelter_expenses_by_hh_size > 1300.000 & unc_rawben_rel_max >    0.987",4,3,5,0.8,2,0.8,0.0113037592427734,0.0122077814441995,0.186968936434461,0.187396197148662,0.611538461538462,0.61698717948718,0.6,0.70625,0.641283818266833,0.646412555898588,0.114102564102564,0.131810897435897,0.0833333333333333,0.101041666666667,0.294871794871795,0.310496794871795
"Vermont",10,"1",31,98,"rawben_rel_max <=   0.991 & total_deductions_by_hh_size > 800.000 & unc_rawben_rel_max >   0.985",3,0,7,0.428571428571429,3,0.428571428571429,0.00182648904190873,0.00633099634114267,0.0228054481739146,0.10178111848485,0.0294705294705295,0.280501905501906,0.25,0.51875,0.0153019509406099,0.303226002571966,0.036963036963037,0.0739801864801865,0.0539460539460539,0.071510434010434,0.032967032967033,0.141661579161579
"Vermont",10,"1",36,13,"count_divisible_by_100 <=    0.500 & shelter_expenses_by_hh_size > 1300.000 & total_deductions_by_hh_size > 1370.000 & unc_rawben_rel_max <=    0.998",6,0,10,0.6,4,0.6,0.010639053792824,0.0135344900304969,0.105944768270679,0.118394131952925,0.36140350877193,0.374784778924341,0.833333333333333,0.857232031389335,0.379765367049779,0.409237983144154,0.196491228070175,0.225831058356191,0.0456140350877193,0.130729668517959,0.0601503759398496,0.107715991216878
"Vermont",10,"1",53,53,"medical_deductions > 132.00 & unc_rawben_rel_max >   2.03 & utilities >  29.50",1,0,1,1,5,1,0.124306352472586,0.136856952279014,0.165060630487945,0.179670949293229,NA,NA,0.6,0.83314606741573,0.69192033282506,0.729095531105686,NA,NA,NA,NA,NA,NA
"Vermont",10,"2-3",4,226,"medical_deductions > 143 & shelter_expenses_by_hh_size <= 738 & total_deductions_by_hh_size > 503",2,1,2,1,0,NA,NA,NA,NA,NA,NA,NA,NA,NA,NA,NA,NA,NA,NA,NA,NA,NA
"Vermont",10,"2-3",21,212,"married <=   0.5 & medical_deductions > 140.0 & total_deductions_by_hh_size > 411.0",3,0,3,1,1,1,0.0284956407164548,0.0284956407164548,0.0809047675571958,0.0809047675571958,NA,NA,0.5,0.5,0.283808035742299,0.283808035742299,NA,NA,NA,NA,NA,NA
"Vermont",10,"2-3",22,142,"HH_size_n >   2.500 & total_deductions_by_hh_size > 440.000 & unc_rawben_rel_max >   0.640 & unc_rawben_rel_max <=   0.996",1,0,1,1,2,1,0.123457197434952,0.137191508585619,0.241381620964134,0.24862188232031,0.503703703703704,0.503703703703704,0.833333333333333,0.833333333333333,0.755956526922811,0.788283804643384,0.3,0.3,0.107407407407407,0.107407407407407,0.162962962962963,0.162962962962963
"Vermont",10,"2-3",23,227,"medical_deductions > 143 & total_deductions_by_hh_size > 503",2,0,5,0.4,3,0.4,0.046353867117482,0.127563924063516,0.0968542289953716,0.195269595063886,0.116666666666667,0.344003527336861,0.333333333333333,0.566666666666667,0.254701859157892,0.560248565175534,0.0833333333333333,0.244708994708995,0.0190476190476191,0.071604938271605,0.0492063492063492,0.0922398589065256
"Vermont",10,"2-3",35,146,"HH_size_n >=   3 & shelter_expenses_by_hh_size < 700 & total_deductions_by_hh_size >= 510",1,0,1,1,4,1,0.0430606665698293,0.150259310421453,0.122062053881657,0.195131631558087,0.0740740740740741,0.357635658914729,0.5,0.678286852589641,0.276289815194051,0.641628227342894,0.114814814814815,0.239936323366556,0.0106481481481482,0.0653377630121816,0.0189814814814815,0.102882059800664
"Vermont",10,"2-3",40,153,"cat_elig >   0.5 & HH_size_n >   2.5 & total_deductions_by_hh_size > 642.0",1,0,1,1,5,1,0.0210026270556318,0.105502316873081,0.090537695780706,0.168875189508706,0.100961538461538,0.301431225356385,0.5,0.658714285714286,0.180194801013224,0.527609341171732,0.0785256410256411,0.179600481789972,0.0564102564102564,0.0739215137304309,0.0384615384615384,0.0874757938452206
"Vermont",10,"2-3",42,148,"HH_size_n >=   3.000 & rawben_rel_max >=   0.663 & total_deductions_by_hh_size >= 501.000",1,0,1,1,6,1,0.0139776375132284,0.107770929592608,0.0894500897009085,0.155379550500254,0.0774134790528233,0.234316424885072,0.5,0.640277777777778,0.14903038656229,0.461849495665479,0.102307225258045,0.199552799962636,0.0625379477838494,0.0778538464040513,0.0431086824529448,0.0688314188467877
"Vermont",10,"2-3",44,197,"elderly_disabled_i >= 1.000 & rawben_rel_max >= 0.993 & rawben_rel_max < 0.996",2,2,2,1,7,1,0.0650595623991385,0.11866506687148,0.167103161911957,0.235354509627243,0.546130952380952,0.632184783542594,0.8,0.963636363636364,0.628938335749202,0.815936369806544,0.144345238095238,0.298032977722536,0.13422131147541,0.190968368057343,0.0865384615384616,0.163454916960479
"Vermont",10,"2-3",55,166,"cat_elig >=   1.000 & medical_deductions >= 179.000 & rawben_rel_max >=   0.137 & total_deductions_by_hh_size >= 242.000",1,0,3,0.333333333333333,8,0.333333333333333,0.00986377935621039,0.150159421618116,0.0722813578723752,0.196795215924592,0.0765306122448979,0.406613621946319,0.5,0.680881571959639,0.103039233239799,0.620134258465367,0.0663265306122449,0.204778339054758,0.0442176870748299,0.0712526433029666,0.0306122448979592,0.154069443161378
"Vermont",10,"2-3",64,231,"medical_deductions >= 146 & months_since_cert_n >=   8 & total_deductions_by_hh_size >= 441",1,0,2,0.5,9,0.5,0.0176552183938906,0.109874647174239,0.0798378496266046,0.187111729402118,0.0905057675244011,0.34308776245607,0.333333333333333,0.672027290448343,0.238676706122654,0.587574551902848,0.110054347826087,0.270082099496075,0.216276477146042,0.296338880466236,0.0217391304347826,0.0915854262011413
"Vermont",10,"4+",10,451,"months_since_cert_n >  12.5 & total_deductions_by_hh_size > 231.0",2,1,2,1,0,NA,NA,NA,NA,NA,NA,NA,NA,NA,NA,NA,NA,NA,NA,NA,NA,NA
"Vermont",10,"4+",14,311,"HH_size_n >   4.500 & months_since_cert_n >   5.500 & total_deductions_by_hh_size > 231.000 & unc_rawben_rel_max <=   0.998",2,0,3,0.666666666666667,1,0.666666666666667,0.0191518881764351,0.0191518881764351,0.134748260982523,0.134748260982523,NA,NA,0.5,0.5,0.327820761406349,0.327820761406349,NA,NA,NA,NA,NA,NA
"Vermont",10,"4+",15,443,"months_since_cert_n >   5.500 & rawben_rel_max >   0.794 & rawben_rel_max <=   0.975 & total_deductions_by_hh_size > 229.000",2,1,2,1,2,1,0.00921906558488422,0.00939890987002858,0.102662390475084,0.118675721324814,0.0979743695742042,0.0979743695742042,0.5,0.624671916010499,0.205447593922852,0.246664847736128,0.110169491525424,0.110169491525424,0.108722612649855,0.108722612649855,0.0603555188094254,0.0603555188094254
"Vermont",10,"4+",18,303,"HH_size_n >   4.5 & medical_deductions <= 157.0 & total_deductions_by_hh_size > 362.0",1,0,1,1,3,1,0.000699186651579344,0.0134787485677954,0.137350581039069,0.158842062687184,NA,NA,0.6,0.706632653061224,0.307577668593086,0.347038310815752,NA,NA,NA,NA,NA,NA
"Vermont",10,"4+",24,423,"months_since_cert_n >   4.500 & rawben_rel_max <=   0.611 & total_deductions_by_hh_size >   0.600 & utilities > 984.000",15,0,17,0.882352941176471,4,0.882352941176471,0.00551020624910393,0.0171482446600638,0.135904989648058,0.167276730807787,NA,NA,0.4,0.584875183553598,0.337936032830707,0.459047198951575,NA,NA,NA,NA,NA,NA
"Vermont",10,"4+",27,480,"months_since_cert_n >=   9.000 & rawben_rel_max <   0.822 & total_deductions_by_hh_size >= 109.000 & unc_rawben_rel_max >=   0.725",2,1,2,1,5,1,0.0016938172669962,0.00839980916752244,0.0842216027017757,0.153200557356959,0.11655444625029,0.162453192767415,0.4,0.560791826309068,0.20537044680747,0.416769666081698,0.210819596006501,0.219725763587547,0.181564894358022,0.21361069586787,0.0494487136652189,0.0585358533284292
"Vermont",10,"4+",32,439,"months_since_cert_n >   5.500 & rawben_rel_max <=   0.997 & shelter_expenses_by_hh_size <= 494.000 & total_deductions_by_hh_size > 227.000",2,0,7,0.285714285714286,6,0.285714285714286,0.0196049122724054,0.0291800342793382,0.071475752845509,0.135379490281924,0.0330422872795754,0.0843060389782402,0.4,0.512813620071685,0.151828676919926,0.29648522705401,0.0693520571569352,0.12800368769652,0.0598356445814073,0.105175040547808,0.0225132682759801,0.0465308356760265
"Vermont",10,"4+",39,432,"months_since_cert_n >   5.5 & shelter_expenses_by_hh_size > 402.0 & utilities > 984.0",1,1,15,0.0666666666666667,7,0.0666666666666667,0.00189281736847745,0.0258158757602133,0.10240462287239,0.156237865009392,0.314769975786925,0.328880891978767,0.6,0.825378233284529,0.103364645494876,0.449096711196511,0.287878787878788,0.298811563309324,0.114401858304297,0.201175352926824,0.0714285714285714,0.0860800187007598
"Vermont",10,"4+",41,487,"months_since_cert_n >= 10.000 & rawben_rel_max >=  0.683 & rawben_rel_max <  0.820 & total_deductions_by_hh_size >= 27.000",1,1,2,0.5,8,0.5,0.00211507531963096,0.0148296951816033,0.0630844120991764,0.171998727887671,0.0566625155666252,0.137533325673655,0,0.444383057090239,0.0626666037741635,0.405553173125117,0.102739726027397,0.170545732673538,0.0178082191780822,0.153712641317957,0.0155666251556662,0.0577079109193252
"Vermont",10,"4+",45,309,"HH_size_n >   4.500 & months_since_cert_n >   4.500 & rawben_rel_max <=   0.988 & total_deductions_by_hh_size > 206.000",1,0,5,0.2,9,0.2,0.00676766980600226,0.0142448048052397,0.0589858157373291,0.118808761587277,0.0371314160902803,0.11817364080757,0.4,0.430286138981791,0.0421030522036751,0.28660186014446,0.0496004824363033,0.123785696622915,0.0330921151816674,0.0953365540966892,0.0259158751696066,0.0688896149193241
"Virginia",5,"1",1,129,"total_deductions_by_hh_size > 336.000 & unc_rawben_rel_max >   0.891 & unc_rawben_rel_max <=   0.991 & utilities <=  29.500",1,0,1,1,0,NA,NA,NA,NA,NA,NA,NA,NA,NA,NA,NA,NA,NA,NA,NA,NA,NA
"Virginia",5,"1",7,125,"shelter_expenses_by_hh_size > 878.000 & unc_rawben_rel_max >   0.379 & unc_rawben_rel_max <=   0.991 & utilities <=  29.500",2,2,2,1,1,1,0.0235983396561777,0.0235983396561777,0.121314482527493,0.121314482527493,0.137445887445887,0.137445887445887,0.4,0.4,0.283319511061939,0.283319511061939,0.0703463203463203,0.0703463203463203,0.0841991341991342,0.0841991341991342,0.0727272727272727,0.0727272727272727
"Virginia",5,"1",9,30,"elderly_disabled_i >=   1.00 & rawben_rel_max >=   1.00 & unc_rawben_rel_max >=   1.52 & utilities < 313.00",4,1,4,1,2,1,0.174718740909851,0.179550787089703,0.172434974561211,0.181257757330679,0.666131621187801,0.698058028114208,0.666666666666667,0.666666666666667,0.78869753149737,0.807936727649585,0.309925093632959,0.328935953637499,0.263942798774259,0.272952539034,0.153023006955591,0.169276178721403
"Virginia",5,"1",10,116,"rawben_rel_max >=   0.988 & rawben_rel_max <   0.992 & total_deductions_by_hh_size >= 198.000 & utilities < 452.000",2,0,2,1,3,1,0.0240420085795901,0.099620819897534,0.149837857224975,0.1812718053446,0.22956592956593,0.456973882776211,0.666666666666667,0.733960650128315,0.417768973658343,0.631931046646915,0.0747747747747748,0.200925323878294,0.137919737919738,0.259854461788795,0.0225225225225225,0.100032163814711
"Virginia",5,"1",11,24,"elderly_disabled_i >   0.500 & rawben_rel_max >   0.881 & shelter_expenses_by_hh_size > 474.000 & utilities <=  28.500",1,1,1,1,4,1,0.0661786740593378,0.0886500348756546,0.0974578848227915,0.134438473752863,0.180823680823681,0.348472413854548,0.4,0.61959453088166,0.358555222067946,0.515919402316807,0.0788288288288288,0.148949054030821,0.0205920205920206,0.158671924109681,0.0706549245875088,0.103902323423961
"Virginia",5,"1",16,12,"count_divisible_by_100 <   1.00 & months_since_cert_n >=   7.00 & unc_rawben_rel_max >=   1.63 & utilities < 353.00",1,0,2,0.5,5,0.5,0.00542985819737389,0.131127360458959,0.106986927313652,0.183093062730563,0.302976542479795,0.563282691599116,0.666666666666667,0.758355516119491,0.291652378884436,0.694699298615882,0.209737827715356,0.333257437376706,0.0988566922925291,0.326762217648936,0.0676691729323309,0.0864897400984505
"Virginia",5,"1",19,111,"rawben_rel_max >=   0.236 & rawben_rel_max <   1.000 & total_deductions_by_hh_size >= 511.000 & utilities < 249.000",3,1,5,0.6,6,0.6,0.0119104171643349,0.0950112900747413,0.0820558659723516,0.159153755956662,0.0750394944707741,0.367524275019046,0,0.58532753202804,0.209945535787753,0.551127309036132,0.0690833013107895,0.161723172219494,0.0681012766320823,0.200781854446985,0.0272719713976886,0.0667687373543403
"Virginia",5,"1",27,96,"rawben_rel_max <=   0.991 & total_deductions_by_hh_size > 272.000 & unc_rawben_rel_max >   0.913 & utilities <= 346.000",1,0,3,0.333333333333333,7,0.333333333333333,0.00741441838296737,0.0734051699519175,0.0709667898411926,0.135145868686353,0.085612968591692,0.278024875974754,0.4,0.5569900920955,0.0956686072790567,0.455689243140243,0.0722637531148169,0.155019493407347,0.0197698036560596,0.156128576843925,0.0202634245187437,0.0576695513426667
"Virginia",5,"1",36,102,"rawben_rel_max <=   0.998 & total_deductions_by_hh_size > 602.000 & utilities <= 272.000",2,0,4,0.5,8,0.5,0.00631717375595323,0.0606723437750971,0.0537240314832944,0.140930024313395,0.0462513561354422,0.254530766478935,0.25,0.508603773584906,0.0543800843706389,0.421721241633433,0.0489065265802547,0.132987489744514,0.041255067664021,0.125635186522118,0.0132107376875925,0.0547742066728245
"Virginia",5,"1",45,106,"rawben_rel_max >   0.727 & rawben_rel_max <=   0.991 & shelter_expenses_by_hh_size > 413.000 & utilities <=  28.500",3,0,5,0.6,9,0.6,0.00346936427702626,0.0555519702270892,0.0871911538154933,0.139939956612089,0.0307539682539683,0.21064515397353,0.4,0.578619895795468,0.0383864288209702,0.397759365287452,0.0505952380952381,0.116041115692148,0.0345959595959596,0.116182261391651,0.0135933806146572,0.0510718929440807
"Virginia",5,"2-3",3,154,"cat_elig >   0.5 & medical_deductions > 104.0 & total_deductions_by_hh_size > 546.0 & utilities <= 560.0",1,1,1,1,0,NA,NA,NA,NA,NA,NA,NA,NA,NA,NA,NA,NA,NA,NA,NA,NA,NA
"Virginia",5,"2-3",5,156,"cat_elig >   0.50 & shelter_expenses_by_hh_size > 246.00 & unc_rawben_rel_max >   1.63 & utilities <= 748.00",1,0,1,1,1,1,0.245071398270318,0.245071398270318,0.203803346960225,0.203803346960225,0.507815478459779,0.507815478459779,0.666666666666667,0.666666666666667,0.754557819856098,0.754557819856098,0.320625238276782,0.320625238276782,0.247045367899352,0.247045367899352,0.1868089973313,0.1868089973313
"Virginia",5,"2-3",6,161,"cat_elig > 0.50 & children_i > 0.50 & unc_rawben_rel_max > 1.57",1,0,1,1,2,1,0.0126525452796801,0.0911841332941867,0.0917925695655012,0.147457743868957,0.163171940526115,0.29161668665867,0.6,0.675880758807588,0.213775887238059,0.427668215562385,0.14944719786504,0.229415210659922,0.122378955394586,0.180898183362314,0.0224933282500953,0.0832442216911685
"Virginia",5,"2-3",8,228,"medical_deductions > 366.000 & months_since_cert_n <=  13.500 & rawben_rel_max >   0.301",1,1,1,1,3,1,0.0450102780841001,0.234592908304802,0.113815683057387,0.181912388031102,0.160206718346253,0.45968993023892,0.833333333333333,0.963369963369963,0.385741134372365,0.727257298907177,0.0874246339362618,0.298198902945376,0.0641688199827735,0.236197635549523,0.0775193798449612,0.109598940898979
"Virginia",5,"2-3",26,144,"HH_size_n >=   3 & shelter_expenses_by_hh_size < 635 & total_deductions_by_hh_size >= 602",3,1,3,1,4,1,0.124440284797965,0.137143137864018,0.193150041010889,0.231420022282498,0.340697674418605,0.41211669486972,0.833333333333333,0.970760233918129,0.698385690582707,0.774512967231019,0.146311475409836,0.227368695713458,0.112209302325581,0.147773141676433,0.0598837209302325,0.131379575192907
"Virginia",5,"2-3",33,254,"rawben_rel_max <   0.678 & total_deductions_by_hh_size >= 584.000 & utilities < 417.000",1,1,3,0.333333333333333,5,0.333333333333333,0.0673618825139615,0.145409595169917,0.183237599514675,0.22318633006723,0.302127659574468,0.37774021459231,0.6,0.859273182957394,0.611570933568173,0.767215956060982,0.187234042553192,0.241195237598064,0.0694105336588769,0.121731481859275,0.0474363446110917,0.0929236402871944
"Virginia",5,"2-3",34,245,"months_since_cert_n >=   5 & shelter_expenses_by_hh_size >= 452 & utilities >=  56 & utilities < 281",1,0,1,1,6,1,0.0563556327838288,0.144681625233835,0.207430122851086,0.235879172025581,NA,NA,0.666666666666667,0.869242779078845,0.745514956420248,0.822818839307271,NA,NA,NA,NA,NA,NA
"Virginia",5,"4+",18,514,"rawben_rel_max >=   0.366 & shelter_expenses_by_hh_size >= 472.000 & total_deductions_by_hh_size >= 236.000 & total_deductions_by_hh_size < 255.000",1,1,1,1,0,NA,NA,NA,NA,NA,NA,NA,NA,NA,NA,NA,NA,NA,NA,NA,NA,NA
"Virginia",5,"4+",29,342,"HH_size_n >=   5.000 & rawben_rel_max <   0.873 & shelter_expenses_by_hh_size < 486.000 & total_deductions_by_hh_size >= 286.000",1,1,1,1,1,1,0.0121134829901905,0.0121134829901905,0.173399538496818,0.173399538496818,NA,NA,0.857142857142857,0.857142857142857,0.514306959582839,0.514306959582839,NA,NA,NA,NA,NA,NA
"Virginia",5,"4+",32,480,"months_since_cert_n >=   9.000 & rawben_rel_max <   0.822 & total_deductions_by_hh_size >= 109.000 & unc_rawben_rel_max >=   0.725",1,0,1,1,2,1,0.00339934434161492,0.00787606631625054,0.189269855387184,0.191513975692688,0.277327369303886,0.277327369303886,0.666666666666667,0.737060041407868,0.481532727170046,0.522929094741622,0.296617277047805,0.296617277047805,0.398658093374336,0.398658093374336,0.0573105954710651,0.0573105954710651
"Virginia",5,"4+",37,439,"months_since_cert_n >   5.500 & rawben_rel_max <=   0.997 & shelter_expenses_by_hh_size <= 494.000 & total_deductions_by_hh_size > 227.000",1,1,1,1,3,1,0.0271301605902935,0.0306996093641607,0.140587523143794,0.15149189127314,0.108412896084129,0.140573854031629,0.4,0.476565798733287,0.347044635477266,0.393241304424153,0.176046176046176,0.19578706038137,0.143143766431438,0.181708810867324,0.0616438356164384,0.0720058956548495
"Virginia",5,"4+",41,400,"expedited_i >   0.500 & months_since_cert_n >   5.500 & unc_rawben_rel_max <=   0.912 & utilities <= 356.000",1,0,1,1,4,1,0.00153464638996089,0.0320530804192103,0.19787299894945,0.206802397420478,NA,NA,0.857142857142857,0.882712618121179,0.521805563399283,0.618382118634717,NA,NA,NA,NA,NA,NA
"Virginia",5,"4+",47,313,"HH_size_n >   4.500 & rawben_rel_max >   0.478 & total_deductions_by_hh_size > 233.000 & unc_rawben_rel_max <=   0.997",1,0,2,0.5,5,0.5,0.0109559598639977,0.0162759555533725,0.103463982669324,0.122028946655046,0.130055658627087,0.162040528055694,0.666666666666667,0.825106642291286,0.212252664411862,0.32926071143115,0.130241187384044,0.19340928622729,0.0777365491651206,0.198791458641018,0.0172541743970316,0.0868778432917376
"Virginia",10,"1",1,129,"total_deductions_by_hh_size > 336.000 & unc_rawben_rel_max >   0.891 & unc_rawben_rel_max <=   0.991 & utilities <=  29.500",1,0,1,1,0,NA,NA,NA,NA,NA,NA,NA,NA,NA,NA,NA,NA,NA,NA,NA,NA,NA
"Virginia",10,"1",7,125,"shelter_expenses_by_hh_size > 878.000 & unc_rawben_rel_max >   0.379 & unc_rawben_rel_max <=   0.991 & utilities <=  29.500",2,2,2,1,1,1,0.0235983396561777,0.0235983396561777,0.121314482527493,0.121314482527493,0.137445887445887,0.137445887445887,0.4,0.4,0.283319511061939,0.283319511061939,0.0703463203463203,0.0703463203463203,0.0841991341991342,0.0841991341991342,0.0727272727272727,0.0727272727272727
"Virginia",10,"1",9,30,"elderly_disabled_i >=   1.00 & rawben_rel_max >=   1.00 & unc_rawben_rel_max >=   1.52 & utilities < 313.00",4,1,4,1,2,1,0.174718740909851,0.179550787089703,0.172434974561211,0.181257757330679,0.666131621187801,0.698058028114208,0.666666666666667,0.666666666666667,0.78869753149737,0.807936727649585,0.309925093632959,0.328935953637499,0.263942798774259,0.272952539034,0.153023006955591,0.169276178721403
"Virginia",10,"1",10,116,"rawben_rel_max >=   0.988 & rawben_rel_max <   0.992 & total_deductions_by_hh_size >= 198.000 & utilities < 452.000",2,0,2,1,3,1,0.0240420085795901,0.099620819897534,0.149837857224975,0.1812718053446,0.22956592956593,0.456973882776211,0.666666666666667,0.733960650128315,0.417768973658343,0.631931046646915,0.0747747747747748,0.200925323878294,0.137919737919738,0.259854461788795,0.0225225225225225,0.100032163814711
"Virginia",10,"1",11,24,"elderly_disabled_i >   0.500 & rawben_rel_max >   0.881 & shelter_expenses_by_hh_size > 474.000 & utilities <=  28.500",1,1,1,1,4,1,0.0661786740593378,0.0886500348756546,0.0974578848227915,0.134438473752863,0.180823680823681,0.348472413854548,0.4,0.61959453088166,0.358555222067946,0.515919402316807,0.0788288288288288,0.148949054030821,0.0205920205920206,0.158671924109681,0.0706549245875088,0.103902323423961
"Virginia",10,"1",16,12,"count_divisible_by_100 <   1.00 & months_since_cert_n >=   7.00 & unc_rawben_rel_max >=   1.63 & utilities < 353.00",1,0,2,0.5,5,0.5,0.00542985819737389,0.131127360458959,0.106986927313652,0.183093062730563,0.302976542479795,0.563282691599116,0.666666666666667,0.758355516119491,0.291652378884436,0.694699298615882,0.209737827715356,0.333257437376706,0.0988566922925291,0.326762217648936,0.0676691729323309,0.0864897400984505
"Virginia",10,"1",19,111,"rawben_rel_max >=   0.236 & rawben_rel_max <   1.000 & total_deductions_by_hh_size >= 511.000 & utilities < 249.000",3,1,5,0.6,6,0.6,0.0119104171643349,0.0950112900747413,0.0820558659723516,0.159153755956662,0.0750394944707741,0.367524275019046,0,0.58532753202804,0.209945535787753,0.551127309036132,0.0690833013107895,0.161723172219494,0.0681012766320823,0.200781854446985,0.0272719713976886,0.0667687373543403
"Virginia",10,"1",27,96,"rawben_rel_max <=   0.991 & total_deductions_by_hh_size > 272.000 & unc_rawben_rel_max >   0.913 & utilities <= 346.000",1,0,3,0.333333333333333,7,0.333333333333333,0.00741441838296737,0.0734051699519175,0.0709667898411926,0.135145868686353,0.085612968591692,0.278024875974754,0.4,0.5569900920955,0.0956686072790567,0.455689243140243,0.0722637531148169,0.155019493407347,0.0197698036560596,0.156128576843925,0.0202634245187437,0.0576695513426667
"Virginia",10,"1",36,102,"rawben_rel_max <=   0.998 & total_deductions_by_hh_size > 602.000 & utilities <= 272.000",2,0,4,0.5,8,0.5,0.00631717375595323,0.0606723437750971,0.0537240314832944,0.140930024313395,0.0462513561354422,0.254530766478935,0.25,0.508603773584906,0.0543800843706389,0.421721241633433,0.0489065265802547,0.132987489744514,0.041255067664021,0.125635186522118,0.0132107376875925,0.0547742066728245
"Virginia",10,"1",45,106,"rawben_rel_max >   0.727 & rawben_rel_max <=   0.991 & shelter_expenses_by_hh_size > 413.000 & utilities <=  28.500",3,0,5,0.6,9,0.6,0.00346936427702626,0.0555519702270892,0.0871911538154933,0.139939956612089,0.0307539682539683,0.21064515397353,0.4,0.578619895795468,0.0383864288209702,0.397759365287452,0.0505952380952381,0.116041115692148,0.0345959595959596,0.116182261391651,0.0135933806146572,0.0510718929440807
"Virginia",10,"1",46,79,"months_since_cert_n >=   7.00 & shelter_expenses_by_hh_size >= 462.00 & unc_rawben_rel_max >=   1.67 & utilities < 462.00",3,1,4,0.75,10,0.75,0.00344177889742233,0.151335880725981,0.0713883646576144,0.213591574126173,0.0442645074224021,0.530612784422136,0.4,0.701072093641926,0.044713049570646,0.75860640515905,0.0639676113360324,0.31162239635058,0.02361673414305,0.335641271731259,0.0248687055915971,0.0550844014465738
"Virginia",10,"2-3",3,154,"cat_elig >   0.5 & medical_deductions > 104.0 & total_deductions_by_hh_size > 546.0 & utilities <= 560.0",1,1,1,1,0,NA,NA,NA,NA,NA,NA,NA,NA,NA,NA,NA,NA,NA,NA,NA,NA,NA
"Virginia",10,"2-3",5,156,"cat_elig >   0.50 & shelter_expenses_by_hh_size > 246.00 & unc_rawben_rel_max >   1.63 & utilities <= 748.00",1,0,1,1,1,1,0.245071398270318,0.245071398270318,0.203803346960225,0.203803346960225,0.507815478459779,0.507815478459779,0.666666666666667,0.666666666666667,0.754557819856098,0.754557819856098,0.320625238276782,0.320625238276782,0.247045367899352,0.247045367899352,0.1868089973313,0.1868089973313
"Virginia",10,"2-3",6,161,"cat_elig > 0.50 & children_i > 0.50 & unc_rawben_rel_max > 1.57",1,0,1,1,2,1,0.0126525452796801,0.0911841332941867,0.0917925695655012,0.147457743868957,0.163171940526115,0.29161668665867,0.6,0.675880758807588,0.213775887238059,0.427668215562385,0.14944719786504,0.229415210659922,0.122378955394586,0.180898183362314,0.0224933282500953,0.0832442216911685
"Virginia",10,"2-3",8,228,"medical_deductions > 366.000 & months_since_cert_n <=  13.500 & rawben_rel_max >   0.301",1,1,1,1,3,1,0.0450102780841001,0.234592908304802,0.113815683057387,0.181912388031102,0.160206718346253,0.45968993023892,0.833333333333333,0.963369963369963,0.385741134372365,0.727257298907177,0.0874246339362618,0.298198902945376,0.0641688199827735,0.236197635549523,0.0775193798449612,0.109598940898979
"Virginia",10,"2-3",20,244,"months_since_cert_n >=   3.00 & percent_abawd <   0.50 & rawben_rel_max <   0.71 & total_deductions_by_hh_size >= 204.00",26,8,27,0.962962962962963,4,0.962962962962963,0.18777968339814,0.232227130942066,0.241666865783172,0.2605860369499,0.249340685686886,0.359472825314049,0.857142857142857,0.974937343358396,0.709239271486668,0.806757669326949,0.143191081275474,0.228843688883186,0.0514648334214702,0.131600365738704,0.0179812994485734,0.0838570775378363
"Virginia",10,"2-3",26,144,"HH_size_n >=   3 & shelter_expenses_by_hh_size < 635 & total_deductions_by_hh_size >= 602",2,0,3,0.666666666666667,5,0.666666666666667,0.124440284797965,0.151592748566882,0.193150041010889,0.270284249492409,0.340697674418605,0.357623392362838,0.833333333333333,0.846060113728676,0.698385690582707,0.763075688301505,0.131701030927835,0.1405605872118,0.112209302325581,0.124181894674786,0.0598837209302325,0.0718020747735322
"Virginia",10,"2-3",43,215,"married <=   0.500 & percent_abawd <=   0.417 & rawben_rel_max <=   0.711 & total_deductions_by_hh_size > 218.000",8,4,21,0.380952380952381,6,0.380952380952381,0.0191934972511472,0.041820574099992,0.0572937704239753,0.0787580982996187,0.0712023984851673,0.10615047050316,0.4,0.459020952380952,0.13859678121737,0.21154229206941,0.0289483834771022,0.0500236734042089,0.0379251700680272,0.108721540760083,0.0178080510554737,0.0240919230599039
"Virginia",10,"2-3",50,197,"elderly_disabled_i >= 1.000 & rawben_rel_max >= 0.993 & rawben_rel_max < 0.996",1,0,1,1,7,1,0.0763364507189197,0.143597526236732,0.178629346718741,0.247649799703009,0.494912790697674,0.582427064754994,0.8,0.840757959988729,0.782812519878914,0.869397044582462,0.146075581395349,0.401676577577349,0.114825581395349,0.29101599746515,0.125,0.200556193117707
"Virginia",10,"4+",18,514,"rawben_rel_max >=   0.366 & shelter_expenses_by_hh_size >= 472.000 & total_deductions_by_hh_size >= 236.000 & total_deductions_by_hh_size < 255.000",1,1,1,1,0,NA,NA,NA,NA,NA,NA,NA,NA,NA,NA,NA,NA,NA,NA,NA,NA,NA
"Virginia",10,"4+",29,342,"HH_size_n >=   5.000 & rawben_rel_max <   0.873 & shelter_expenses_by_hh_size < 486.000 & total_deductions_by_hh_size >= 286.000",1,1,1,1,1,1,0.0121134829901905,0.0121134829901905,0.173399538496818,0.173399538496818,NA,NA,0.857142857142857,0.857142857142857,0.514306959582839,0.514306959582839,NA,NA,NA,NA,NA,NA
"Virginia",10,"4+",32,480,"months_since_cert_n >=   9.000 & rawben_rel_max <   0.822 & total_deductions_by_hh_size >= 109.000 & unc_rawben_rel_max >=   0.725",1,0,1,1,2,1,0.00339934434161492,0.00787606631625054,0.189269855387184,0.191513975692688,0.277327369303886,0.277327369303886,0.666666666666667,0.737060041407868,0.481532727170046,0.522929094741622,0.296617277047805,0.296617277047805,0.398658093374336,0.398658093374336,0.0573105954710651,0.0573105954710651
"Virginia",10,"4+",37,439,"months_since_cert_n >   5.500 & rawben_rel_max <=   0.997 & shelter_expenses_by_hh_size <= 494.000 & total_deductions_by_hh_size > 227.000",1,1,1,1,3,1,0.0271301605902935,0.0306996093641607,0.140587523143794,0.15149189127314,0.108412896084129,0.140573854031629,0.4,0.476565798733287,0.347044635477266,0.393241304424153,0.176046176046176,0.19578706038137,0.143143766431438,0.181708810867324,0.0616438356164384,0.0720058956548495
"Virginia",10,"4+",41,400,"expedited_i >   0.500 & months_since_cert_n >   5.500 & unc_rawben_rel_max <=   0.912 & utilities <= 356.000",1,0,1,1,4,1,0.00153464638996089,0.0320530804192103,0.19787299894945,0.206802397420478,NA,NA,0.857142857142857,0.882712618121179,0.521805563399283,0.618382118634717,NA,NA,NA,NA,NA,NA
"Virginia",10,"4+",47,313,"HH_size_n >   4.500 & rawben_rel_max >   0.478 & total_deductions_by_hh_size > 233.000 & unc_rawben_rel_max <=   0.997",1,0,2,0.5,5,0.5,0.0109559598639977,0.0162759555533725,0.103463982669324,0.122028946655046,0.130055658627087,0.162040528055694,0.666666666666667,0.825106642291286,0.212252664411862,0.32926071143115,0.130241187384044,0.19340928622729,0.0777365491651206,0.198791458641018,0.0172541743970316,0.0868778432917376
"Washington",5,"1",8,30,"elderly_disabled_i >=   1.00 & rawben_rel_max >=   1.00 & unc_rawben_rel_max >=   1.52 & utilities < 313.00",2,0,2,1,0,NA,NA,NA,NA,NA,NA,NA,NA,NA,NA,NA,NA,NA,NA,NA,NA,NA
"Washington",5,"1",19,118,"rawben_rel_max >=   0.988 & rawben_rel_max <   1.000 & shelter_expenses_by_hh_size >= 692.000 & utilities < 580.000",2,1,2,1,1,1,0.210199832395479,0.210199832395479,0.242760226329051,0.242760226329051,0.735163260689239,0.735163260689239,0.666666666666667,0.666666666666667,0.906473169713383,0.906473169713383,0.342206470100294,0.342206470100294,0.398537063569867,0.398537063569867,0.202020963728226,0.202020963728226
"Washington",5,"1",34,89,"rawben_rel_max <   0.992 & total_deductions_by_hh_size >= 220.000 & unc_rawben_rel_max >=   0.986 & utilities < 688.000",1,0,3,0.333333333333333,2,0.333333333333333,0.00194490067667088,0.0754951881332441,0.0459348991543936,0.111919705042438,0.0469013697554849,0.293598447340304,0.666666666666667,0.666666666666667,0.0304988561764813,0.335330477171156,0.0181325797715766,0.13811608286847,0.0187605479021939,0.151586493613275,0.0307311903920876,0.0803162016403794
"Washington",5,"1",36,13,"count_divisible_by_100 <=    0.500 & shelter_expenses_by_hh_size > 1300.000 & total_deductions_by_hh_size > 1370.000 & unc_rawben_rel_max <=    0.998",2,2,2,1,3,1,0.0180735491877811,0.0562402384987583,0.170076409722897,0.190207215990272,0.432748538011696,0.468120493527008,0.857142857142857,0.884742468415938,0.534438173417223,0.61095383005705,0.213587660426233,0.216075352359771,0.0701754385964912,0.12240221677358,0.0498718706879558,0.148021343752622
"Washington",5,"1",54,70,"months_since_cert_n >   2.50 & unc_rawben_rel_max >   1.93 & utilities >  14.00 & utilities <= 680.00",3,0,4,0.75,4,0.75,0.0152512081653407,0.188117341198523,0.153947931355865,0.174638504117462,0.108111811455193,0.627928487822106,0.666666666666667,0.763465094775775,0.345338424383879,0.740689154595552,0.171896409975336,0.353071747871139,0.0659084680734448,0.343363484523027,0.011030419292957,0.140559135632287
"Washington",5,"1",62,132,"unc_rawben_rel_max >=   2.49 & utilities < 827.00",1,1,3,0.333333333333333,5,0.333333333333333,0.0632323560905989,0.129869093200001,0.0652092870879881,0.142841526518067,0.135254988913525,0.424589287464712,0.5,0.609397163120567,0.313932040321932,0.624999038728592,0.110310421286031,0.30960086881196,0.141215526046987,0.208851146740748,0.0840143003064351,0.0973315614166644
"Washington",5,"1",65,40,"homeless >   0.500 & rawben_rel_max <=   0.991 & shelter_expenses_by_hh_size > 672.000 & unc_rawben_rel_max >   0.792",1,1,2,0.5,6,0.5,0.0813487009090436,0.118336371376871,0.122592412546544,0.182225337672936,0.0969206474536123,0.430936146005322,0.666666666666667,0.761814773153356,0.493144498430884,0.667509954141298,0.225424397947098,0.351072617148262,0.0748663101604278,0.202335425167597,0.0606000789577576,0.163857483402111
"Washington",5,"2-3",1,154,"cat_elig >   0.5 & medical_deductions > 104.0 & total_deductions_by_hh_size > 546.0 & utilities <= 560.0",1,1,1,1,0,NA,NA,NA,NA,NA,NA,NA,NA,NA,NA,NA,NA,NA,NA,NA,NA,NA
"Washington",5,"2-3",3,156,"cat_elig >   0.50 & shelter_expenses_by_hh_size > 246.00 & unc_rawben_rel_max >   1.63 & utilities <= 748.00",1,1,1,1,1,1,0.245071398270318,0.245071398270318,0.203803346960225,0.203803346960225,0.507815478459779,0.507815478459779,0.666666666666667,0.666666666666667,0.754557819856098,0.754557819856098,0.320625238276782,0.320625238276782,0.247045367899352,0.247045367899352,0.1868089973313,0.1868089973313
"Washington",5,"2-3",18,218,"married <= 0.500 & rawben_rel_max > 0.997 & unc_rawben_rel_max > 1.510",1,0,1,1,2,1,0.026331793878029,0.106003523536792,0.0801964642341245,0.140336464522391,0.0764145954521417,0.223680520290009,0.833333333333333,0.887533875338753,0.183144174604699,0.401960585531956,0.140137493389741,0.215936131173937,0.0549973558963511,0.0995666749554242,0.00925436277102064,0.0699192691015617
"Washington",5,"2-3",32,271,"shelter_expenses_by_hh_size < 650 & total_deductions_by_hh_size >= 625",1,0,1,1,3,1,0.107007837446674,0.146417553266655,0.142077388431282,0.166670697889969,0.349439171699741,0.369528081188824,0.8,0.964125560538117,0.617044240428462,0.644405519045002,0.133735979292494,0.163048825443185,0.105569155446756,0.136237333475683,0.0776740237691002,0.113346260581519
"Washington",5,"2-3",35,146,"HH_size_n >=   3 & shelter_expenses_by_hh_size < 700 & total_deductions_by_hh_size >= 510",1,0,1,1,4,1,0.0462781564309666,0.0977271625997868,0.105402050500966,0.182167291782673,0.180263157894737,0.291146866537973,0.333333333333333,0.778474399164054,0.379565203516933,0.609970960273392,0.0963114754098361,0.147889517491092,0.0710526315789474,0.10116673710021,0.0375,0.0982161336045507
"Washington",5,"2-3",42,197,"elderly_disabled_i >= 1.000 & rawben_rel_max >= 0.993 & rawben_rel_max < 0.996",2,2,2,1,5,1,0.0817691477060294,0.144809904240595,0.211695302658919,0.231589881855995,0.494912790697674,0.646982642936346,0.8,0.952153110047847,0.799324874472716,0.85714106877258,0.146075581395349,0.333328537056812,0.114825581395349,0.247879622973734,0.111842105263158,0.175427865283795
"Washington",5,"2-3",44,135,"HH_size_n >   2.5 & medical_deductions > 131.0 & months_since_cert_n <=   7.5 & shelter_expenses_by_hh_size > 298.0",1,1,1,1,6,1,0.0406129371021415,0.136386139748547,0.200996454500965,0.237628343700958,NA,NA,0.833333333333333,0.927814769975787,0.667598501534233,0.789574292439912,NA,NA,NA,NA,NA,NA
"Washington",5,"2-3",48,262,"rawben_rel_max <=   0.93 & total_deductions_by_hh_size > 519.00 & utilities <= 560.00",6,2,8,0.75,7,0.75,0.0451470283291423,0.12408077763443,0.166010288392285,0.210881302679886,0.170461265523359,0.306188304017197,0.6,0.833135704874835,0.464028277469774,0.68713356085372,0.0680070963926671,0.150956595695251,0.00996737948532075,0.103437258682238,0.0318820224719101,0.0762801204960574
"Washington",5,"2-3",66,168,"children_i <   1 & total_deductions_by_hh_size >= 570 & utilities < 553",1,0,4,0.25,8,0.25,0.0351132123808584,0.0908793246308833,0.0871557139824009,0.212859095964346,0.186388508891929,0.31646486846509,0.5,0.741408703454464,0.338652072626962,0.631687146694734,0.150928792569659,0.209684268654522,0.0376196990424077,0.171413104738501,0.0308582449373192,0.096930261875843
"Washington",5,"4+",17,311,"HH_size_n >   4.500 & months_since_cert_n >   5.500 & total_deductions_by_hh_size > 231.000 & unc_rawben_rel_max <=   0.998",3,1,3,1,0,NA,NA,NA,NA,NA,NA,NA,NA,NA,NA,NA,NA,NA,NA,NA,NA,NA
"Washington",5,"4+",43,309,"HH_size_n >   4.500 & months_since_cert_n >   4.500 & rawben_rel_max <=   0.988 & total_deductions_by_hh_size > 206.000",5,1,8,0.625,1,0.625,0.00676766980600226,0.00676766980600226,0.0589858157373291,0.0589858157373291,0.0371314160902803,0.0371314160902803,0.4,0.4,0.0421030522036751,0.0421030522036751,0.0531488896978522,0.0531488896978522,0.0669821623589371,0.0669821623589371,0.0773571168547507,0.0773571168547507
"Washington",5,"4+",50,437,"months_since_cert_n >   5.500 & percent_abawd <=   0.268 & shelter_expenses_by_hh_size <= 500.000 & total_deductions_by_hh_size > 228.000",1,0,4,0.25,2,0.25,0.0119113102315916,0.0141206869723827,0.0759161188833774,0.0768168611971674,0.082089552238806,0.0913592710323164,0.666666666666667,0.666666666666667,0.156826524097892,0.160506997499272,0.0472636815920398,0.050614624472141,0.0646766169154228,0.0865436458642167,0.0502366217692028,0.0817436578735691
"Washington",5,"4+",51,340,"HH_size_n >=   5.00 & months_since_cert_n >=   2.00 & total_deductions_by_hh_size >= 245.00 & unc_rawben_rel_max <   1.01",1,0,5,0.2,3,0.2,0.00303914763427772,0.0100161351764839,0.055376164064322,0.0792216828748044,0.0769284419026364,0.106895060103015,0,0.482590233545648,0.0898053127916947,0.168452189306317,0.133351931929139,0.159500028636839,0.104171415545931,0.195727964013783,0.0224578044357651,0.0722095339849068
"Washington",5,"4+",53,413,"married >=   1.000 & months_since_cert_n >=   7.000 & shelter_expenses_by_hh_size >= 336.000 & unc_rawben_rel_max >=   0.282",2,0,2,1,4,1,0.00332736332946179,0.013643829231662,0.0831222696411758,0.101997226621629,0.122799464217375,0.163494728101488,0.857142857142857,0.857142857142857,0.248465561581399,0.288717495649058,0.130788365862993,0.167665103600945,0.115910830463069,0.185980853078335,0.0166510318949343,0.056572050286106
"Washington",5,"4+",64,310,"HH_size_n >   4.500 & months_since_cert_n >   5.500 & rawben_rel_max <=   0.997 & shelter_expenses_by_hh_size > 263.000",1,1,5,0.2,5,0.2,0.00285590156588986,0.00815191334075836,0.0683628632892494,0.0772945631853832,0.0814238952536825,0.118059062418793,0.4,0.679087301587302,0.117781604227488,0.186542647703503,0.0843389435799725,0.119407832395857,0.0241081824917963,0.0873680105188966,0.0104891628554384,0.06259025126529
"Washington",10,"1",8,30,"elderly_disabled_i >=   1.00 & rawben_rel_max >=   1.00 & unc_rawben_rel_max >=   1.52 & utilities < 313.00",2,0,2,1,0,NA,NA,NA,NA,NA,NA,NA,NA,NA,NA,NA,NA,NA,NA,NA,NA,NA
"Washington",10,"1",19,118,"rawben_rel_max >=   0.988 & rawben_rel_max <   1.000 & shelter_expenses_by_hh_size >= 692.000 & utilities < 580.000",2,1,2,1,1,1,0.210199832395479,0.210199832395479,0.242760226329051,0.242760226329051,0.735163260689239,0.735163260689239,0.666666666666667,0.666666666666667,0.906473169713383,0.906473169713383,0.342206470100294,0.342206470100294,0.398537063569867,0.398537063569867,0.202020963728226,0.202020963728226
"Washington",10,"1",34,89,"rawben_rel_max <   0.992 & total_deductions_by_hh_size >= 220.000 & unc_rawben_rel_max >=   0.986 & utilities < 688.000",1,0,3,0.333333333333333,2,0.333333333333333,0.00194490067667088,0.0754951881332441,0.0459348991543936,0.111919705042438,0.0469013697554849,0.293598447340304,0.666666666666667,0.666666666666667,0.0304988561764813,0.335330477171156,0.0181325797715766,0.13811608286847,0.0187605479021939,0.151586493613275,0.0307311903920876,0.0803162016403794
"Washington",10,"1",36,13,"count_divisible_by_100 <=    0.500 & shelter_expenses_by_hh_size > 1300.000 & total_deductions_by_hh_size > 1370.000 & unc_rawben_rel_max <=    0.998",2,2,2,1,3,1,0.0180735491877811,0.0562402384987583,0.170076409722897,0.190207215990272,0.432748538011696,0.468120493527008,0.857142857142857,0.884742468415938,0.534438173417223,0.61095383005705,0.213587660426233,0.216075352359771,0.0701754385964912,0.12240221677358,0.0498718706879558,0.148021343752622
"Washington",10,"1",54,70,"months_since_cert_n >   2.50 & unc_rawben_rel_max >   1.93 & utilities >  14.00 & utilities <= 680.00",3,0,4,0.75,4,0.75,0.0152512081653407,0.188117341198523,0.153947931355865,0.174638504117462,0.108111811455193,0.627928487822106,0.666666666666667,0.763465094775775,0.345338424383879,0.740689154595552,0.171896409975336,0.353071747871139,0.0659084680734448,0.343363484523027,0.011030419292957,0.140559135632287
"Washington",10,"1",62,132,"unc_rawben_rel_max >=   2.49 & utilities < 827.00",1,1,3,0.333333333333333,5,0.333333333333333,0.0632323560905989,0.129869093200001,0.0652092870879881,0.142841526518067,0.135254988913525,0.424589287464712,0.5,0.609397163120567,0.313932040321932,0.624999038728592,0.110310421286031,0.30960086881196,0.141215526046987,0.208851146740748,0.0840143003064351,0.0973315614166644
"Washington",10,"1",65,40,"homeless >   0.500 & rawben_rel_max <=   0.991 & shelter_expenses_by_hh_size > 672.000 & unc_rawben_rel_max >   0.792",1,1,2,0.5,6,0.5,0.0813487009090436,0.118336371376871,0.122592412546544,0.182225337672936,0.0969206474536123,0.430936146005322,0.666666666666667,0.761814773153356,0.493144498430884,0.667509954141298,0.225424397947098,0.351072617148262,0.0748663101604278,0.202335425167597,0.0606000789577576,0.163857483402111
"Washington",10,"1",70,4,"cat_elig >   0.500 & medical_deductions > 226.000 & unc_rawben_rel_max >   0.316 & unc_rawben_rel_max <=   0.991",1,1,2,0.5,7,0.5,0.022503305912017,0.100210914046652,0.124987911606158,0.176280274252978,0.375578947368421,0.620787632276818,0.8,0.879291084854995,0.438398653395199,0.727245316505813,0.116885906040268,0.229874932963879,0.0116491228070176,0.175992086026623,0.105258426966292,0.2025439557216
"Washington",10,"1",85,93,"rawben_rel_max <   1.000 & total_deductions_by_hh_size >= 968.000 & unc_rawben_rel_max >=   0.304 & utilities < 511.000",5,2,7,0.714285714285714,8,0.714285714285714,0.00742457939748212,0.0866832109695642,0.103790956890849,0.162062261506695,0.119374523264683,0.429078299947237,0,0.550207039337474,0.330614033457795,0.606842996085544,0.0933043478260869,0.204747263886525,0.0369857017799825,0.204738806160274,0.042256961406937,0.109336174891353
"Washington",10,"1",97,90,"rawben_rel_max <   0.992 & total_deductions_by_hh_size >= 535.000 & unc_rawben_rel_max >=   0.964 & utilities < 645.000",4,0,6,0.666666666666667,9,0.666666666666667,0.0140324619285368,0.0789681898513062,0.0381319629618831,0.132126308882667,0.0786815523657629,0.393292309613781,0,0.496838227207742,0.120510774143366,0.488558333449034,0.0338960070503694,0.18101529505479,0.0108984582668793,0.155550453558604,0.0162147793726742,0.116320832792301
"Washington",10,"1",116,34,"elderly_disabled_i >=   1.000 & rawben_rel_max >=   0.992 & unc_rawben_rel_max >=   1.550 & utilities < 612.000",1,1,7,0.142857142857143,10,0.142857142857143,0.00858725954991366,0.163861952752648,0.0909635398476419,0.167318159883163,0.0726415094339622,0.514619668462024,0,0.651723086306801,0.0995444942711503,0.654530257858428,0.0895908416366335,0.262691037155403,0.067373330506678,0.248625478061837,0.0303037275655775,0.13003399058823
"Washington",10,"1",118,122,"shelter_expenses_by_hh_size > 1990.000 & total_deductions_by_hh_size >  828.000 & unc_rawben_rel_max <=    0.998",1,0,2,0.5,11,0.5,0.0149778763791034,0.10305900160163,0.04284546325027,0.194104113994871,0.207393483709273,0.435414306310629,0.25,0.885397911415196,0.237749255457212,0.686112037509344,0.0752695417789757,0.203617577030388,0.0546218487394958,0.169397336191682,0.023989218328841,0.118303538793121
"Washington",10,"2-3",1,154,"cat_elig >   0.5 & medical_deductions > 104.0 & total_deductions_by_hh_size > 546.0 & utilities <= 560.0",1,1,1,1,0,NA,NA,NA,NA,NA,NA,NA,NA,NA,NA,NA,NA,NA,NA,NA,NA,NA
"Washington",10,"2-3",3,156,"cat_elig >   0.50 & shelter_expenses_by_hh_size > 246.00 & unc_rawben_rel_max >   1.63 & utilities <= 748.00",1,1,1,1,1,1,0.245071398270318,0.245071398270318,0.203803346960225,0.203803346960225,0.507815478459779,0.507815478459779,0.666666666666667,0.666666666666667,0.754557819856098,0.754557819856098,0.320625238276782,0.320625238276782,0.247045367899352,0.247045367899352,0.1868089973313,0.1868089973313
"Washington",10,"2-3",18,218,"married <= 0.500 & rawben_rel_max > 0.997 & unc_rawben_rel_max > 1.510",1,0,1,1,2,1,0.026331793878029,0.106003523536792,0.0801964642341245,0.140336464522391,0.0764145954521417,0.223680520290009,0.833333333333333,0.887533875338753,0.183144174604699,0.401960585531956,0.140137493389741,0.215936131173937,0.0549973558963511,0.0995666749554242,0.00925436277102064,0.0699192691015617
"Washington",10,"2-3",32,271,"shelter_expenses_by_hh_size < 650 & total_deductions_by_hh_size >= 625",1,0,1,1,3,1,0.107007837446674,0.146417553266655,0.142077388431282,0.166670697889969,0.349439171699741,0.369528081188824,0.8,0.964125560538117,0.617044240428462,0.644405519045002,0.133735979292494,0.163048825443185,0.105569155446756,0.136237333475683,0.0776740237691002,0.113346260581519
"Washington",10,"2-3",35,146,"HH_size_n >=   3 & shelter_expenses_by_hh_size < 700 & total_deductions_by_hh_size >= 510",1,0,1,1,4,1,0.0462781564309666,0.0977271625997868,0.105402050500966,0.182167291782673,0.180263157894737,0.291146866537973,0.333333333333333,0.778474399164054,0.379565203516933,0.609970960273392,0.0963114754098361,0.147889517491092,0.0710526315789474,0.10116673710021,0.0375,0.0982161336045507
"Washington",10,"2-3",42,197,"elderly_disabled_i >= 1.000 & rawben_rel_max >= 0.993 & rawben_rel_max < 0.996",2,2,2,1,5,1,0.0817691477060294,0.144809904240595,0.211695302658919,0.231589881855995,0.494912790697674,0.646982642936346,0.8,0.952153110047847,0.799324874472716,0.85714106877258,0.146075581395349,0.333328537056812,0.114825581395349,0.247879622973734,0.111842105263158,0.175427865283795
"Washington",10,"2-3",44,135,"HH_size_n >   2.5 & medical_deductions > 131.0 & months_since_cert_n <=   7.5 & shelter_expenses_by_hh_size > 298.0",1,1,1,1,6,1,0.0406129371021415,0.136386139748547,0.200996454500965,0.237628343700958,NA,NA,0.833333333333333,0.927814769975787,0.667598501534233,0.789574292439912,NA,NA,NA,NA,NA,NA
"Washington",10,"2-3",48,262,"rawben_rel_max <=   0.93 & total_deductions_by_hh_size > 519.00 & utilities <= 560.00",6,2,8,0.75,7,0.75,0.0451470283291423,0.12408077763443,0.166010288392285,0.210881302679886,0.170461265523359,0.306188304017197,0.6,0.833135704874835,0.464028277469774,0.68713356085372,0.0680070963926671,0.150956595695251,0.00996737948532075,0.103437258682238,0.0318820224719101,0.0762801204960574
"Washington",10,"2-3",66,168,"children_i <   1 & total_deductions_by_hh_size >= 570 & utilities < 553",1,0,4,0.25,8,0.25,0.0351132123808584,0.0908793246308833,0.0871557139824009,0.212859095964346,0.186388508891929,0.31646486846509,0.5,0.741408703454464,0.338652072626962,0.631687146694734,0.150928792569659,0.209684268654522,0.0376196990424077,0.171413104738501,0.0308582449373192,0.096930261875843
"Washington",10,"2-3",74,203,"expedited_i <=   0.500 & percent_abawd >   0.583 & rawben_rel_max <=   0.711 & shelter_expenses_by_hh_size <= 278.000",1,0,1,1,9,1,0.0459728430533994,0.123794302745922,0.195813819608508,0.25134786255428,0.32199036918138,0.446892733928112,0.8,0.898676293622142,0.706509920984235,0.811154148187594,0.257142857142857,0.325874329368651,0.0647058823529412,0.198168979760104,0.0262295081967213,0.0843251437435435
"Washington",10,"2-3",87,251,"percent_abawd >= 1.000 & rawben_rel_max >= 0.360 & rawben_rel_max < 0.784",1,0,1,1,10,1,0.00215105660318112,0.117215528970073,0.154725820412046,0.230238566608337,0.164705882352941,0.318215309546113,0.5,0.8686230248307,0.265718310437415,0.763544292826529,0.136694677871148,0.20444161876052,0.0487745098039216,0.117460062556282,0.0189753320683112,0.0599559013308027
"Washington",10,"2-3",95,192,"elderly_disabled_i >=   1.000 & HH_size_n >=   3.000 & total_deductions_by_hh_size >= 290.000 & unc_rawben_rel_max <   0.976",1,0,1,1,11,1,0.0259405276823814,0.0850602912825783,0.158388504248781,0.235006420572183,0.143382352941176,0.263406790029585,0.6,0.861506692541175,0.454638153147217,0.726177456257184,0.118566176470588,0.159454439210836,0.0199142156862745,0.112457338076867,0.00937500000000003,0.0838003570418186
"Washington",10,"2-3",104,141,"HH_size_n >   2.500 & rawben_rel_max >   0.581 & total_deductions_by_hh_size > 338.000 & utilities >  29.500",1,0,2,0.5,12,0.5,0.0290394610293906,0.0893306271498011,0.103854147779198,0.213772415009368,0.114130434782609,0.259974516539253,0.6,0.813335101914489,0.236179352722946,0.618978405508025,0.0978260869565217,0.171937321897911,0.0288043478260869,0.0923677853076649,0.0031183178902352,0.0588640412473609
"Washington",10,"2-3",107,276,"shelter_expenses_by_hh_size > 770.000 & shelter_expenses_by_hh_size <= 782.000 & unc_rawben_rel_max <=   0.998",1,0,1,1,13,1,0.0156575004673082,0.0888120734765397,0.149546952365328,0.197406761126032,0.122347066167291,0.251728809306734,0.75,0.934790785143394,0.482467774302182,0.666070148945597,0.0966183574879227,0.183138556589959,0.0599250936329588,0.136269570232879,0.0131578947368421,0.0693778301059301
"Washington",10,"2-3",110,252,"rawben_rel_max <   0.577 & total_deductions_by_hh_size >= 451.000 & utilities < 488.000",2,0,9,0.222222222222222,14,0.222222222222222,0.0232267913796524,0.0812223478200153,0.0992806971455374,0.213558395341358,0.0936507936507937,0.25346858838198,0,0.687074372759857,0.240279092570091,0.649889640681522,0.0863563402889246,0.14098392186824,0.0289727126805779,0.100957886014737,0.0696428571428571,0.144134716590839
"Washington",10,"2-3",114,136,"HH_size_n >   2.5 & months_since_cert_n <=  10.5 & shelter_expenses_by_hh_size > 279.0 & total_deductions_by_hh_size > 402.0",4,1,6,0.666666666666667,15,0.666666666666667,0.0106997226876959,0.072783087639128,0.079459395686121,0.179163312607827,0.0454805491990847,0.213115603046685,0.4,0.793220860612165,0.0998777833712883,0.513011710404693,0.0843821510297483,0.132544434985562,0.0203947368421053,0.0905501068228711,0.0162538699690402,0.0610699559289209
"Washington",10,"4+",17,311,"HH_size_n >   4.500 & months_since_cert_n >   5.500 & total_deductions_by_hh_size > 231.000 & unc_rawben_rel_max <=   0.998",3,1,3,1,0,NA,NA,NA,NA,NA,NA,NA,NA,NA,NA,NA,NA,NA,NA,NA,NA,NA
"Washington",10,"4+",43,309,"HH_size_n >   4.500 & months_since_cert_n >   4.500 & rawben_rel_max <=   0.988 & total_deductions_by_hh_size > 206.000",5,1,8,0.625,1,0.625,0.00676766980600226,0.00676766980600226,0.0589858157373291,0.0589858157373291,0.0371314160902803,0.0371314160902803,0.4,0.4,0.0421030522036751,0.0421030522036751,0.0531488896978522,0.0531488896978522,0.0669821623589371,0.0669821623589371,0.0773571168547507,0.0773571168547507
"Washington",10,"4+",50,437,"months_since_cert_n >   5.500 & percent_abawd <=   0.268 & shelter_expenses_by_hh_size <= 500.000 & total_deductions_by_hh_size > 228.000",1,0,4,0.25,2,0.25,0.0119113102315916,0.0141206869723827,0.0759161188833774,0.0768168611971674,0.082089552238806,0.0913592710323164,0.666666666666667,0.666666666666667,0.156826524097892,0.160506997499272,0.0472636815920398,0.050614624472141,0.0646766169154228,0.0865436458642167,0.0502366217692028,0.0817436578735691
"Washington",10,"4+",51,340,"HH_size_n >=   5.00 & months_since_cert_n >=   2.00 & total_deductions_by_hh_size >= 245.00 & unc_rawben_rel_max <   1.01",1,0,5,0.2,3,0.2,0.00303914763427772,0.0100161351764839,0.055376164064322,0.0792216828748044,0.0769284419026364,0.106895060103015,0,0.482590233545648,0.0898053127916947,0.168452189306317,0.133351931929139,0.159500028636839,0.104171415545931,0.195727964013783,0.0224578044357651,0.0722095339849068
"Washington",10,"4+",53,413,"married >=   1.000 & months_since_cert_n >=   7.000 & shelter_expenses_by_hh_size >= 336.000 & unc_rawben_rel_max >=   0.282",2,0,2,1,4,1,0.00332736332946179,0.013643829231662,0.0831222696411758,0.101997226621629,0.122799464217375,0.163494728101488,0.857142857142857,0.857142857142857,0.248465561581399,0.288717495649058,0.130788365862993,0.167665103600945,0.115910830463069,0.185980853078335,0.0166510318949343,0.056572050286106
"Washington",10,"4+",64,310,"HH_size_n >   4.500 & months_since_cert_n >   5.500 & rawben_rel_max <=   0.997 & shelter_expenses_by_hh_size > 263.000",1,1,5,0.2,5,0.2,0.00285590156588986,0.00815191334075836,0.0683628632892494,0.0772945631853832,0.0814238952536825,0.118059062418793,0.4,0.679087301587302,0.117781604227488,0.186542647703503,0.0843389435799725,0.119407832395857,0.0241081824917963,0.0873680105188966,0.0104891628554384,0.06259025126529
"Washington",10,"4+",69,488,"months_since_cert_n >= 5.000 & rawben_rel_max >= 0.607 & rawben_rel_max < 0.625",1,0,1,1,6,1,0.0200378722773103,0.031643110598629,0.165583253296005,0.18961905832594,0.154255319148936,0.197339264334805,0.6,0.739270833333333,0.515285634081711,0.556234712474112,0.196414499605989,0.236936286295411,0.011608623548922,0.083408845933731,0.188992731048806,0.230894310843369
"Washington",10,"4+",78,366,"count_divisible_by_100 >   1.5 & utilities > 373.0 & utilities <= 494.0",1,0,2,0.5,7,0.5,0.00326694768204285,0.0331145391089,0.166289020841468,0.183640037588383,NA,NA,1,1,0.44818119638812,0.602319710661261,NA,NA,NA,NA,NA,NA
"Washington",10,"4+",79,353,"cat_elig >   0.500 & months_since_cert_n >   5.500 & rawben_rel_max <=   0.976 & shelter_expenses_by_hh_size > 350.000",1,0,5,0.2,8,0.2,0.00237430396494091,0.0118937729012909,0.0603067602363009,0.0925571100910753,0.0374174614820249,0.103034664864599,0.4,0.691540455723837,0.0915818989782129,0.193329954782633,0.0792369772560528,0.114017660204278,0.0439612283410534,0.0942591796436841,0.0144028595458369,0.0706137864711386
"Washington",10,"4+",83,517,"rawben_rel_max >=   0.832 & rawben_rel_max <   0.843 & utilities >= 410.000",1,0,1,1,9,1,0.00543699240927541,0.04012567909464,0.152612170267317,0.200358118603959,0.107407407407407,0.203071202870254,0.5,0.888510170423309,0.43047319641322,0.605015800458945,0.205128205128205,0.249825046679735,0.0512437810945274,0.126795394955564,0.0445482866043614,0.102570798465373
"Washington",10,"4+",88,369,"count_divisible_by_100 > 0.500 & HH_size_n > 5.500 & months_since_cert_n > 5.500 & rawben_rel_max <= 0.845",1,1,2,0.5,10,0.5,0.000312198317248494,0.0335790015592171,0.105425985130155,0.165805142668903,NA,NA,0.4,0.650707163207163,0.22231634695632,0.493155559733514,NA,NA,NA,NA,NA,NA
"Washington",10,"4+",93,465,"months_since_cert_n >=   2.000 & rawben_rel_max <   0.997 & shelter_expenses_by_hh_size < 428.000 & total_deductions_by_hh_size >= 243.000",1,0,4,0.25,11,0.25,0.000800518623889676,0.0106219070986832,0.0629037734486625,0.113643811462737,0.0608116758417616,0.146005304412548,0.4,0.618294817927171,0.101103947968346,0.278098361821159,0.067596978619895,0.150046514297243,0.0142554850206036,0.129630369427644,0.0409744486544253,0.0570950147693988
"Washington",10,"4+",94,362,"count_divisible_by_100 >   0.500 & HH_size_n >   4.500 & rawben_rel_max <=   0.948 & shelter_expenses_by_hh_size > 178.000",1,0,2,0.5,12,0.5,0.00787699532843987,0.0218892309409179,0.0901119127974281,0.122367905597463,0.117886178861789,0.14208254797913,0.4,0.755716755154957,0.200664520622729,0.371518122576442,0.110143725815368,0.161555882747887,0.039460020768432,0.221372667236124,0.0174501424501425,0.0568174565879686
"Washington",10,"4+",99,370,"count_divisible_by_100 > 0.500 & months_since_cert_n > 5.500 & rawben_rel_max <= 0.947",1,0,3,0.333333333333333,13,0.333333333333333,0.00174398843784682,0.016030403160156,0.0750456335953014,0.112330404842198,0.0943992773261066,0.183596615087458,0.25,0.671135120714953,0.147217359110961,0.350246508304447,0.141123650042471,0.18171590363235,0.032520325203252,0.0964328586955347,0.0140018066847335,0.0486392454128269
"Washington",10,"4+",102,306,"HH_size_n >   4.500 & married <=   0.500 & shelter_expenses_by_hh_size > 251.000 & unc_rawben_rel_max <=   0.976",4,1,9,0.444444444444444,14,0.444444444444444,0.00078285620234024,0.0110892717661614,0.0524795697804754,0.102766841495725,0.0669424743892829,0.125473813635641,0.666666666666667,0.863345633456335,0.116914610814067,0.283605760802293,0.0819237147595357,0.132892855622041,0.028243721098921,0.114330568049231,0.0162329615861214,0.0908153611555745
"Washington",10,"4+",105,382,"elderly_disabled_i <=   0.500 & months_since_cert_n >   5.500 & rawben_rel_max >   0.767 & shelter_expenses_by_hh_size > 166.000",3,0,5,0.6,15,0.6,0.00113104101248788,0.00922421072013384,0.144904422514586,0.175585388834812,0.082574568288854,0.175431291663837,0.6,0.796880232660615,0.272221844636633,0.405320599398141,0.0949683321604504,0.171311310354062,0.00840208423795043,0.0943710126733052,0.02220530003046,0.0542829038604737
"Washington",10,"4+",109,347,"HH_size_n >= 6.000 & months_since_cert_n >= 6.000 & rawben_rel_max >= 0.391 & rawben_rel_max < 0.920",1,0,5,0.2,16,0.2,0.000713567958493269,0.00835024855418883,0.0696595911528464,0.144742456092491,0.0523872679045093,0.125671210877569,0.25,0.670716269340354,0.191087914738618,0.334667880636888,0.0618862520458265,0.122384200418824,0.0121726677577741,0.0821593635919936,0.0352564102564103,0.113065247412125
"Washington",10,"4+",115,445,"months_since_cert_n >   5.500 & shelter_expenses_by_hh_size > 197.000 & unc_rawben_rel_max >   0.405 & unc_rawben_rel_max <=   0.998",1,0,9,0.111111111111111,17,0.111111111111111,0.0163012036990073,0.029352789141446,0.0830030292948204,0.111024535715626,0.0303709656951906,0.104758497012226,0.4,0.742587395853728,0.130853655422456,0.263902342784092,0.0651475760819697,0.110025490320793,0.0116881621372639,0.0804665540505108,0.0125463358996293,0.0505247621819558
"Washington",10,"4+",120,498,"rawben_rel_max <   0.965 & shelter_expenses_by_hh_size >= 466.000 & shelter_expenses_by_hh_size < 569.000 & total_deductions_by_hh_size < 255.000",1,0,1,1,18,1,0.00156770320664182,0.0335008530927655,0.0981457106079061,0.146947678924799,0.0752747252747253,0.14249005613665,0.666666666666667,0.81640601042625,0.311121859773621,0.426898151676497,0.120443349753695,0.184486953932755,0.0154228855721393,0.0750033129018022,0.0134920634920634,0.0583612761200065
"West Virginia",5,"1",5,30,"elderly_disabled_i >=   1.00 & rawben_rel_max >=   1.00 & unc_rawben_rel_max >=   1.52 & utilities < 313.00",1,1,1,1,0,NA,NA,NA,NA,NA,NA,NA,NA,NA,NA,NA,NA,NA,NA,NA,NA,NA
"West Virginia",5,"1",8,72,"months_since_cert_n >   5.50 & shelter_expenses_by_hh_size <= 652.00 & unc_rawben_rel_max >   1.87 & utilities <= 508.00",1,0,1,1,1,1,0.0317929324712511,0.0317929324712511,0.178321559266432,0.178321559266432,0.194101123595506,0.194101123595506,0.666666666666667,0.666666666666667,0.491016678206945,0.491016678206945,0.283988764044944,0.283988764044944,0.101966292134832,0.101966292134832,0.0432584269662921,0.0432584269662921
"West Virginia",5,"1",34,61,"medical_deductions >= 111.000 & medical_deductions < 130.000 & rawben_rel_max >=   0.274 & shelter_expenses_by_hh_size < 868.000",2,1,2,1,2,1,0.132993832487105,0.151926495671882,0.183946912965105,0.195960012955533,0.635,0.651167224480038,0.857142857142857,0.857142857142857,0.766000578791373,0.779086188995345,0.31685393258427,0.355549246951948,0.393033707865168,0.417982907004542,0.19,0.20570045421946
"West Virginia",5,"1",51,17,"elderly_disabled_i <  1.00000 & medical_deductions <  3.00000 & unc_rawben_rel_max >= -0.00400 & unc_rawben_rel_max <  0.00356",1,0,1,1,3,1,0.0337431062267418,0.111052512247005,0.232758716583278,0.257585180077914,0.215116279069767,0.417942238760176,0.857142857142857,0.857142857142857,0.79522116869339,0.812141337161869,0.390697674418605,0.546689258150187,0.188372093023256,0.228181980408777,0.0795348837209303,0.160460172495263
"West Virginia",5,"1",59,81,"months_since_cert_n >=   7.00000 & shelter_expenses_by_hh_size >= 405.00000 & unc_rawben_rel_max >=  -0.00400 & unc_rawben_rel_max <   0.00356",2,0,2,1,4,1,0.0122782289858352,0.0937881357050295,0.153859496191608,0.21990661001308,0.090941011235955,0.317452432520027,0.666666666666667,0.832544067350697,0.460182512674353,0.682505612366767,0.174418604651163,0.52534523980528,0.0417837078651685,0.168509656959059,0.00374999999999999,0.125761192464995
"West Virginia",5,"2-3",3,188,"elderly_disabled_i > 0.500 & married <= 0.500 & rawben_rel_max > 0.996 & unc_rawben_rel_max > 1.550",1,0,1,1,0,NA,NA,NA,NA,NA,NA,NA,NA,NA,NA,NA,NA,NA,NA,NA,NA,NA
"West Virginia",5,"2-3",27,262,"rawben_rel_max <=   0.93 & total_deductions_by_hh_size > 519.00 & utilities <= 560.00",2,0,2,1,1,1,0.203561708813942,0.203561708813942,0.242544305235971,0.242544305235971,0.468699839486356,0.468699839486356,1,1,0.868598990635516,0.868598990635516,0.181112894596041,0.181112894596041,0.0864098448368111,0.0864098448368111,0.148475120385233,0.148475120385233
"West Virginia",5,"2-3",39,203,"expedited_i <=   0.500 & percent_abawd >   0.583 & rawben_rel_max <=   0.711 & shelter_expenses_by_hh_size <= 278.000",1,0,1,1,2,1,0.0912283219445906,0.110683073016884,0.195813819608508,0.21700560394121,0.32199036918138,0.372064495273765,0.833333333333333,0.862847222222222,0.706509920984235,0.745069416741411,0.282504012841091,0.28813202247191,0.204761904761905,0.246149901908329,0.0714285714285715,0.0760516987693954
"West Virginia",5,"2-3",48,224,"medical_deductions > 131.000 & rawben_rel_max >   0.643 & unc_rawben_rel_max >   0.130",1,0,1,1,3,1,0.0994586713065267,0.138537552401456,0.167152741399897,0.221894335480538,0.352832155681687,0.422379030166829,0.6,0.940524781341108,0.711175690983245,0.744962459764424,0.238561334414456,0.270621801130876,0.0969563082965145,0.160291165024342,0.0185567010309279,0.0756173836406343
"West Virginia",5,"2-3",58,158,"cat_elig >   0.500 & medical_deductions > 131.000 & rawben_rel_max >   0.222 & rawben_rel_max <=   0.988",3,1,4,0.75,4,0.75,0.0268083239944306,0.0978100142112339,0.125973190059054,0.165573656449445,0.0272653282691264,0.30189403934568,0.6,0.767799070847851,0.184358988710825,0.541563332750276,0.0276722734671731,0.20705160208922,0.0559549647314162,0.115545118570498,0.0130222463374932,0.0622959246490162
"West Virginia",5,"4+",14,480,"months_since_cert_n >=   9.000 & rawben_rel_max <   0.822 & total_deductions_by_hh_size >= 109.000 & unc_rawben_rel_max >=   0.725",1,1,1,1,0,NA,NA,NA,NA,NA,NA,NA,NA,NA,NA,NA,NA,NA,NA,NA,NA,NA
"West Virginia",5,"4+",18,365,"count_divisible_by_100 >   1.5 & HH_size_n <=   4.5 & months_since_cert_n <=  10.5 & utilities <= 588.0",1,0,1,1,1,1,0.0246995621526165,0.0246995621526165,0.197112358544363,0.197112358544363,NA,NA,1,1,0.630049007611553,0.630049007611553,NA,NA,NA,NA,NA,NA
"West Virginia",5,"4+",24,487,"months_since_cert_n >= 10.000 & rawben_rel_max >=  0.683 & rawben_rel_max <  0.820 & total_deductions_by_hh_size >= 27.000",2,0,3,0.666666666666667,2,0.666666666666667,0.00541017299825706,0.0110704893248983,0.0630844120991764,0.0989338567030353,0.0566625155666252,0.0566625155666252,0.4,0.5375,0.0626666037741635,0.193361853802155,0.102739726027397,0.102739726027397,0.0178082191780822,0.0178082191780822,0.0155666251556662,0.0155666251556662
"West Virginia",5,"4+",28,413,"married >=   1.000 & months_since_cert_n >=   7.000 & shelter_expenses_by_hh_size >= 336.000 & unc_rawben_rel_max >=   0.282",1,0,1,1,3,1,0.00121228800983083,0.00513976913271437,0.158438652457966,0.182440753867564,0.0597997892518441,0.0678876207720507,0.666666666666667,0.805317710680487,0.255668306061315,0.333289676313408,0.178846153846154,0.184519379183425,0.0341148577449948,0.0449628222443195,0.0327976817702845,0.0389102384206571
"West Virginia",5,"4+",32,438,"months_since_cert_n >   5.500 & percent_abawd >   0.279 & total_deductions_by_hh_size <= 153.000 & utilities > 396.000",1,0,1,1,4,1,0.000364573345944749,0.0268029652762781,0.163839871497755,0.19529375118212,NA,NA,0.857142857142857,0.866724738675958,0.424995136888738,0.523281497898468,NA,NA,NA,NA,NA,NA
"West Virginia",5,"4+",35,310,"HH_size_n >   4.500 & months_since_cert_n >   5.500 & rawben_rel_max <=   0.997 & shelter_expenses_by_hh_size > 263.000",1,0,2,0.5,5,0.5,0.0117386466915231,0.0169503902152976,0.0860288319117204,0.142320364512039,0.0814238952536825,0.0850839052358074,0.666666666666667,0.698686371100164,0.17130270104783,0.330057648699143,0.107446808510638,0.128786844598561,0.124590834697218,0.129920314647371,0.0367504835589942,0.0568453087505156
"West Virginia",5,"4+",36,488,"months_since_cert_n >= 5.000 & rawben_rel_max >= 0.607 & rawben_rel_max < 0.625",3,1,3,1,6,1,0.00885957486373238,0.0238321289990937,0.177503136062372,0.195644292353766,0.152525252525253,0.170452816705299,0.25,0.600574030087094,0.445460991572699,0.545445387160003,0.196414499605989,0.210524821831523,0.0524034672970843,0.121889880783262,0.197990543735225,0.216293129679114
"West Virginia",5,"4+",38,346,"HH_size_n >=   7 & months_since_cert_n >=  11 & utilities < 612",1,1,1,1,7,1,0.000389472016495373,0.0291441177095711,0.129728013413666,0.210839761934856,NA,NA,0.6,0.749292709466812,0.360507144067318,0.61130676901866,NA,NA,NA,NA,NA,NA
"West Virginia",5,"4+",41,442,"months_since_cert_n >   5.500 & rawben_rel_max >   0.724 & rawben_rel_max <=   0.974 & shelter_expenses_by_hh_size > 162.000",1,0,2,0.5,8,0.5,0.00839325949221813,0.0217337521599502,0.078066925729871,0.134331444513536,0.0611188696295079,0.0823999466368163,0.25,0.517541353383459,0.164641307948043,0.282091091013015,0.099052299052299,0.12452116253624,0.046681179659903,0.0958187573434977,0.0191295191295191,0.0476251083939249
"West Virginia",5,"4+",44,485,"months_since_cert_n >=  6.000 & rawben_rel_max <  0.997 & total_deductions_by_hh_size >= 88.400 & unc_rawben_rel_max >=  0.709",1,0,4,0.25,9,0.25,0.00239897548642623,0.0163496947782861,0.0227991804049965,0.0984233040701331,0.0288343054300501,0.0547495083378441,0,0.596811454311454,0.0159396357145079,0.186230038770863,0.0225909800377885,0.0883781653413581,0.0189764232317424,0.0562280266827771,0.0108436704181385,0.0340443562305192
"West Virginia",5,"4+",45,322,"HH_size_n >   5.500 & months_since_cert_n >   4.500 & rawben_rel_max <=   0.825 & utilities <= 424.000",1,0,1,1,10,1,0.000184384541342973,0.0201347392460053,0.148193776639011,0.197171922522355,0.090622763063708,0.124295030091673,0.25,0.639666666666667,0.36187509020287,0.488515605320726,0.107765119785559,0.130595370787252,0.0176436278798484,0.0843545701701741,0.0658820572960295,0.0831968833626132
"West Virginia",5,"4+",54,370,"count_divisible_by_100 > 0.500 & months_since_cert_n > 5.500 & rawben_rel_max <= 0.947",2,0,2,1,11,1,0.00174398843784682,0.0167277907338258,0.0920601755317313,0.112555451268096,0.0943992773261066,0.162937126996055,0.5,0.622798874824191,0.30680421692043,0.330386984572273,0.133466775397237,0.167934327904528,0.0460704607046071,0.110684612879414,0.0269517763670787,0.0559491623623976
"West Virginia",5,"4+",62,478,"months_since_cert_n >=   8.000 & rawben_rel_max <   0.988 & total_deductions_by_hh_size >=  87.300 & utilities < 283.000",1,0,2,0.5,12,0.5,0.00282202164406227,0.0281211758155739,0.116804237653938,0.177948007357567,0.149116480346195,0.196769818379629,0.4,0.554694562830944,0.386560543571656,0.494558901914449,0.167430838184535,0.20018672550735,0.0345501955671447,0.128885426346947,0.0499967279628296,0.0679785976068403
"West Virginia",10,"1",5,30,"elderly_disabled_i >=   1.00 & rawben_rel_max >=   1.00 & unc_rawben_rel_max >=   1.52 & utilities < 313.00",1,1,1,1,0,NA,NA,NA,NA,NA,NA,NA,NA,NA,NA,NA,NA,NA,NA,NA,NA,NA
"West Virginia",10,"1",8,72,"months_since_cert_n >   5.50 & shelter_expenses_by_hh_size <= 652.00 & unc_rawben_rel_max >   1.87 & utilities <= 508.00",1,0,1,1,1,1,0.0317929324712511,0.0317929324712511,0.178321559266432,0.178321559266432,0.194101123595506,0.194101123595506,0.666666666666667,0.666666666666667,0.491016678206945,0.491016678206945,0.283988764044944,0.283988764044944,0.101966292134832,0.101966292134832,0.0432584269662921,0.0432584269662921
"West Virginia",10,"1",34,61,"medical_deductions >= 111.000 & medical_deductions < 130.000 & rawben_rel_max >=   0.274 & shelter_expenses_by_hh_size < 868.000",2,1,2,1,2,1,0.132993832487105,0.151926495671882,0.183946912965105,0.195960012955533,0.635,0.651167224480038,0.857142857142857,0.857142857142857,0.766000578791373,0.779086188995345,0.31685393258427,0.355549246951948,0.393033707865168,0.417982907004542,0.19,0.20570045421946
"West Virginia",10,"1",51,17,"elderly_disabled_i <  1.00000 & medical_deductions <  3.00000 & unc_rawben_rel_max >= -0.00400 & unc_rawben_rel_max <  0.00356",1,0,1,1,3,1,0.0337431062267418,0.111052512247005,0.232758716583278,0.257585180077914,0.215116279069767,0.417942238760176,0.857142857142857,0.857142857142857,0.79522116869339,0.812141337161869,0.390697674418605,0.546689258150187,0.188372093023256,0.228181980408777,0.0795348837209303,0.160460172495263
"West Virginia",10,"1",59,81,"months_since_cert_n >=   7.00000 & shelter_expenses_by_hh_size >= 405.00000 & unc_rawben_rel_max >=  -0.00400 & unc_rawben_rel_max <   0.00356",2,0,2,1,4,1,0.0122782289858352,0.0937881357050295,0.153859496191608,0.21990661001308,0.090941011235955,0.317452432520027,0.666666666666667,0.832544067350697,0.460182512674353,0.682505612366767,0.174418604651163,0.52534523980528,0.0417837078651685,0.168509656959059,0.00374999999999999,0.125761192464995
"West Virginia",10,"1",71,87,"rawben_rel_max <   0.988 & total_deductions_by_hh_size >= 495.000 & utilities < 281.000",5,1,5,1,5,1,0.0693242138845309,0.1295794370119,0.179241953180961,0.21066026235856,0.526744186046512,0.618386581136501,0.833333333333333,0.926447574334898,0.696246823680025,0.796804836473322,0.249767441860465,0.367266948086919,0.086046511627907,0.233147386189798,0.112150509537497,0.232982367684024
"West Virginia",10,"1",78,50,"medical_deductions >  116.000 & medical_deductions <=  124.000 & rawben_rel_max <=    0.998 & shelter_expenses_by_hh_size <= 1200.000",1,0,1,1,6,1,0.0121838995298007,0.080231511379907,0.0774057326936319,0.168970269341521,0.186086956521739,0.675066780971666,0.4,0.82672203765227,0.218439393487671,0.671746931126044,0.156521739130435,0.447680747036318,0.0373913043478261,0.16864389430852,0.0448369565217391,0.245423915487398
"West Virginia",10,"2-3",3,188,"elderly_disabled_i > 0.500 & married <= 0.500 & rawben_rel_max > 0.996 & unc_rawben_rel_max > 1.550",1,0,1,1,0,NA,NA,NA,NA,NA,NA,NA,NA,NA,NA,NA,NA,NA,NA,NA,NA,NA
"West Virginia",10,"2-3",27,262,"rawben_rel_max <=   0.93 & total_deductions_by_hh_size > 519.00 & utilities <= 560.00",2,0,2,1,1,1,0.203561708813942,0.203561708813942,0.242544305235971,0.242544305235971,0.468699839486356,0.468699839486356,1,1,0.868598990635516,0.868598990635516,0.181112894596041,0.181112894596041,0.0864098448368111,0.0864098448368111,0.148475120385233,0.148475120385233
"West Virginia",10,"2-3",37,269,"rawben_rel_max >=   0.466 & rawben_rel_max <   0.856 & shelter_expenses_by_hh_size < 350.000 & total_deductions_by_hh_size >=  91.100",20,4,21,0.952380952380952,2,0.952380952380952,0.135290225918175,0.153530056458126,0.233506861609024,0.252845183220801,0.142051159454937,0.208200935665525,0.6,0.645535714285714,0.684004349515562,0.726723413128795,0.147922998986829,0.183853176500499,0.0486045668720551,0.0515038445606586,0.042203147353362,0.0968605498491692
"West Virginia",10,"2-3",48,224,"medical_deductions > 131.000 & rawben_rel_max >   0.643 & unc_rawben_rel_max >   0.130",1,0,1,1,3,1,0.0994586713065267,0.207372920144116,0.167152741399897,0.263580188509763,0.352832155681687,0.456822479715944,0.6,0.849324063344921,0.711175690983245,0.791841910086966,0.238561334414456,0.30223845224709,0.0969563082965145,0.162956308056521,0.0153754258661121,0.0272456584168631
"West Virginia",10,"2-3",58,158,"cat_elig >   0.500 & medical_deductions > 131.000 & rawben_rel_max >   0.222 & rawben_rel_max <=   0.988",3,1,4,0.75,4,0.75,0.0268083239944306,0.175777870859189,0.125973190059054,0.226353308476944,0.0272653282691264,0.426093045623021,0.6,0.687616507936508,0.184358988710825,0.731271046192365,0.0276722734671731,0.293286285570315,0.0559549647314162,0.126829561655815,0.009289586627513,0.0225446284759555
"West Virginia",10,"4+",14,480,"months_since_cert_n >=   9.000 & rawben_rel_max <   0.822 & total_deductions_by_hh_size >= 109.000 & unc_rawben_rel_max >=   0.725",1,1,1,1,0,NA,NA,NA,NA,NA,NA,NA,NA,NA,NA,NA,NA,NA,NA,NA,NA,NA
"West Virginia",10,"4+",18,365,"count_divisible_by_100 >   1.5 & HH_size_n <=   4.5 & months_since_cert_n <=  10.5 & utilities <= 588.0",1,0,1,1,1,1,0.0246995621526165,0.0246995621526165,0.197112358544363,0.197112358544363,NA,NA,1,1,0.630049007611553,0.630049007611553,NA,NA,NA,NA,NA,NA
"West Virginia",10,"4+",24,487,"months_since_cert_n >= 10.000 & rawben_rel_max >=  0.683 & rawben_rel_max <  0.820 & total_deductions_by_hh_size >= 27.000",2,0,3,0.666666666666667,2,0.666666666666667,0.00541017299825706,0.0110704893248983,0.0630844120991764,0.0989338567030353,0.0566625155666252,0.0566625155666252,0.4,0.5375,0.0626666037741635,0.193361853802155,0.102739726027397,0.102739726027397,0.0178082191780822,0.0178082191780822,0.0155666251556662,0.0155666251556662
"West Virginia",10,"4+",28,413,"married >=   1.000 & months_since_cert_n >=   7.000 & shelter_expenses_by_hh_size >= 336.000 & unc_rawben_rel_max >=   0.282",1,0,1,1,3,1,0.00121228800983083,0.00513976913271437,0.158438652457966,0.182440753867564,0.0597997892518441,0.0678876207720507,0.666666666666667,0.805317710680487,0.255668306061315,0.333289676313408,0.178846153846154,0.184519379183425,0.0341148577449948,0.0449628222443195,0.0327976817702845,0.0389102384206571
"West Virginia",10,"4+",32,438,"months_since_cert_n >   5.500 & percent_abawd >   0.279 & total_deductions_by_hh_size <= 153.000 & utilities > 396.000",1,0,1,1,4,1,0.000364573345944749,0.0268029652762781,0.163839871497755,0.19529375118212,NA,NA,0.857142857142857,0.866724738675958,0.424995136888738,0.523281497898468,NA,NA,NA,NA,NA,NA
"West Virginia",10,"4+",35,310,"HH_size_n >   4.500 & months_since_cert_n >   5.500 & rawben_rel_max <=   0.997 & shelter_expenses_by_hh_size > 263.000",1,0,2,0.5,5,0.5,0.0117386466915231,0.0169503902152976,0.0860288319117204,0.142320364512039,0.0814238952536825,0.0850839052358074,0.666666666666667,0.698686371100164,0.17130270104783,0.330057648699143,0.107446808510638,0.128786844598561,0.124590834697218,0.129920314647371,0.0367504835589942,0.0568453087505156
"West Virginia",10,"4+",36,488,"months_since_cert_n >= 5.000 & rawben_rel_max >= 0.607 & rawben_rel_max < 0.625",3,1,3,1,6,1,0.00885957486373238,0.0238321289990937,0.177503136062372,0.195644292353766,0.152525252525253,0.170452816705299,0.25,0.600574030087094,0.445460991572699,0.545445387160003,0.196414499605989,0.210524821831523,0.0524034672970843,0.121889880783262,0.197990543735225,0.216293129679114
"West Virginia",10,"4+",38,346,"HH_size_n >=   7 & months_since_cert_n >=  11 & utilities < 612",1,1,1,1,7,1,0.000389472016495373,0.0291441177095711,0.129728013413666,0.210839761934856,NA,NA,0.6,0.749292709466812,0.360507144067318,0.61130676901866,NA,NA,NA,NA,NA,NA
"West Virginia",10,"4+",41,442,"months_since_cert_n >   5.500 & rawben_rel_max >   0.724 & rawben_rel_max <=   0.974 & shelter_expenses_by_hh_size > 162.000",1,0,2,0.5,8,0.5,0.00839325949221813,0.0217337521599502,0.078066925729871,0.134331444513536,0.0611188696295079,0.0823999466368163,0.25,0.517541353383459,0.164641307948043,0.282091091013015,0.099052299052299,0.12452116253624,0.046681179659903,0.0958187573434977,0.0191295191295191,0.0476251083939249
"West Virginia",10,"4+",44,485,"months_since_cert_n >=  6.000 & rawben_rel_max <  0.997 & total_deductions_by_hh_size >= 88.400 & unc_rawben_rel_max >=  0.709",1,0,4,0.25,9,0.25,0.00239897548642623,0.0163496947782861,0.0227991804049965,0.0984233040701331,0.0288343054300501,0.0547495083378441,0,0.596811454311454,0.0159396357145079,0.186230038770863,0.0225909800377885,0.0883781653413581,0.0189764232317424,0.0562280266827771,0.0108436704181385,0.0340443562305192
"West Virginia",10,"4+",45,322,"HH_size_n >   5.500 & months_since_cert_n >   4.500 & rawben_rel_max <=   0.825 & utilities <= 424.000",1,0,1,1,10,1,0.000184384541342973,0.0201347392460053,0.148193776639011,0.197171922522355,0.090622763063708,0.124295030091673,0.25,0.639666666666667,0.36187509020287,0.488515605320726,0.107765119785559,0.130595370787252,0.0176436278798484,0.0843545701701741,0.0658820572960295,0.0831968833626132
"West Virginia",10,"4+",54,370,"count_divisible_by_100 > 0.500 & months_since_cert_n > 5.500 & rawben_rel_max <= 0.947",2,0,2,1,11,1,0.00174398843784682,0.0167277907338258,0.0920601755317313,0.112555451268096,0.0943992773261066,0.162937126996055,0.5,0.622798874824191,0.30680421692043,0.330386984572273,0.133466775397237,0.167934327904528,0.0460704607046071,0.110684612879414,0.0269517763670787,0.0559491623623976
"West Virginia",10,"4+",62,478,"months_since_cert_n >=   8.000 & rawben_rel_max <   0.988 & total_deductions_by_hh_size >=  87.300 & utilities < 283.000",1,0,2,0.5,12,0.5,0.00282202164406227,0.0281211758155739,0.116804237653938,0.177948007357567,0.149116480346195,0.196769818379629,0.4,0.554694562830944,0.386560543571656,0.494558901914449,0.167430838184535,0.20018672550735,0.0345501955671447,0.128885426346947,0.0499967279628296,0.0679785976068403
"West Virginia",10,"4+",63,347,"HH_size_n >= 6.000 & months_since_cert_n >= 6.000 & rawben_rel_max >= 0.391 & rawben_rel_max < 0.920",1,0,1,1,13,1,0.000713567958493269,0.0127898266631841,0.0696595911528464,0.124554337755832,0.0423951048951049,0.0785120274526191,0.25,0.543022362733541,0.155222683978859,0.248133055360195,0.0618862520458265,0.0900951700623281,0.0121726677577741,0.0573923510577956,0.0168837068443368,0.0953660779804961
"West Virginia",10,"4+",65,411,"married > 0.500 & months_since_cert_n > 5.500 & rawben_rel_max <= 0.990 & unc_rawben_rel_max > 0.508",2,0,8,0.25,14,0.25,0.00110584686777515,0.0126842893703401,0.0506192639577146,0.0951373645759921,0.0442373326332371,0.074844167105317,0.4,0.584846238203358,0.0973280239538002,0.18453005542082,0.0626969020740352,0.0976607753932461,0.00974665266474142,0.0544632475329787,0.0291311708903281,0.0755588777731529
"West Virginia",10,"4+",67,445,"months_since_cert_n >   5.500 & shelter_expenses_by_hh_size > 197.000 & unc_rawben_rel_max >   0.405 & unc_rawben_rel_max <=   0.998",2,0,8,0.25,15,0.25,0.0145643773860646,0.0271231372216844,0.0470170160799171,0.0930672672330952,0.0303709656951906,0.0756167772715112,0.4,0.719428986522422,0.0933020582306797,0.207334784718903,0.0500522699668252,0.0827845494273157,0.00296335656332384,0.0460028806121998,0.00675013609145345,0.0564420480343137
"West Virginia",10,"4+",73,354,"cat_elig > 0.5 & HH_size_n > 5.5 & married <= 0.5 & rawben_rel_max <= 0.9",2,1,4,0.5,16,0.5,0.00453663613297546,0.0173782320732175,0.0973185080164671,0.152944760976755,0.068138852672751,0.0902086767155719,0.666666666666667,0.856110506808476,0.131089840400828,0.35976846549566,0.0955978480939434,0.116732478745454,0.096045197740113,0.192628343646798,0.02814831954648,0.0556464898951787
"Wisconsin",5,"1",11,85,"rawben_rel_max <    1.000 & shelter_expenses_by_hh_size >= 1180.000 & unc_rawben_rel_max >=    0.986 & utilities <  645.000",2,1,2,1,0,NA,NA,NA,NA,NA,NA,NA,NA,NA,NA,NA,NA,NA,NA,NA,NA,NA
"Wisconsin",5,"1",14,6,"cat_elig >   0.500 & medical_deductions > 602.000 & rawben_rel_max <=   0.991",3,0,3,1,1,1,0.00716230815033349,0.00716230815033349,0.186220452834398,0.186220452834398,0.596969696969697,0.596969696969697,0.833333333333333,0.833333333333333,0.619665081334108,0.619665081334108,0.148484848484848,0.148484848484848,0.093939393939394,0.093939393939394,0.251515151515151,0.251515151515151
"Wisconsin",5,"1",18,24,"elderly_disabled_i >   0.500 & rawben_rel_max >   0.881 & shelter_expenses_by_hh_size > 474.000 & utilities <=  28.500",2,0,2,1,2,1,0.0843493287322239,0.0875371239845061,0.190260169744229,0.201608672060251,0.430958230958231,0.49300350659574,0.666666666666667,0.776699029126214,0.714106530869278,0.737681184477093,0.167567567567568,0.169652441497102,0.128828828828829,0.191759102438714,0.036036036036036,0.105921455436019
"Wisconsin",5,"1",22,111,"rawben_rel_max >=   0.236 & rawben_rel_max <   1.000 & total_deductions_by_hh_size >= 511.000 & utilities < 249.000",10,1,10,1,3,1,0.0397796765901807,0.0652044846066576,0.144683354229917,0.16749255942898,0.171811622048589,0.262227904212159,0.666666666666667,0.690082644628099,0.469349444884069,0.522129858772777,0.0690833013107895,0.113842919870886,0.0227488151658767,0.105153202810952,0.0789462448230221,0.117236013542465
"Wisconsin",5,"1",28,96,"rawben_rel_max <=   0.991 & total_deductions_by_hh_size > 272.000 & unc_rawben_rel_max >   0.913 & utilities <= 346.000",1,0,2,0.5,4,0.5,0.012114071945024,0.0412447693336264,0.114013873098929,0.13157101282509,0.110013108803065,0.176104604750624,0.4,0.543626037570992,0.328007071360498,0.389159766458096,0.0866398313206824,0.0955857097896946,0.0119047619047619,0.0549554210426422,0.0285032435884508,0.0690165591913956
"Wisconsin",5,"1",32,8,"cat_elig >=    1.00 & shelter_expenses_by_hh_size < 1720.00 & unc_rawben_rel_max >=    2.49 & utilities <  875.00",3,0,3,1,5,1,0.0765771948438309,0.136062374815315,0.156856035447136,0.226851895465241,0.39963963963964,0.515453943567088,0.666666666666667,0.782016015648878,0.69802781625245,0.821916423901745,0.388828828828829,0.411201222834938,0.16036036036036,0.24475630868138,0.02990990990991,0.0661710999159628
"Wisconsin",5,"1",35,102,"rawben_rel_max <=   0.998 & total_deductions_by_hh_size > 602.000 & utilities <= 272.000",2,0,10,0.2,6,0.2,0.00631717375595323,0.044597592503448,0.0537240314832944,0.130476717979632,0.0462513561354422,0.185306909070256,0.25,0.459060022650057,0.0543800843706389,0.366709074595731,0.0489065265802547,0.126820697202569,0.041255067664021,0.0789208433337671,0.0246959401587393,0.0571436987225763
"Wisconsin",5,"1",38,5,"cat_elig >   0.500 & medical_deductions > 498.000 & months_since_cert_n <=  10.500 & unc_rawben_rel_max <=   0.998",2,0,5,0.4,7,0.4,0.00657001805692006,0.0471051445992953,0.0548222115477252,0.175718880584989,0.0666666666666667,0.513013371598722,0.6,0.974816687737042,0.0784831986162275,0.596850228377902,0.0333333333333333,0.207927903568618,0.0575757575757576,0.118684207458504,0.0666666666666667,0.240674596821822
"Wisconsin",5,"2-3",3,163,"cat_elig > 0.500 & children_i > 0.500 & rawben_rel_max > 0.996 & unc_rawben_rel_max > 1.690",1,1,1,1,0,NA,NA,NA,NA,NA,NA,NA,NA,NA,NA,NA,NA,NA,NA,NA,NA,NA
"Wisconsin",5,"2-3",6,154,"cat_elig >   0.5 & medical_deductions > 104.0 & total_deductions_by_hh_size > 546.0 & utilities <= 560.0",4,1,4,1,1,1,0.239447841229542,0.239447841229542,0.244602630262473,0.244602630262473,0.549501661129568,0.549501661129568,0.857142857142857,0.857142857142857,0.853320513570325,0.853320513570325,0.344186046511628,0.344186046511628,0.322923588039867,0.322923588039867,0.201328903654485,0.201328903654485
"Wisconsin",5,"2-3",21,233,"medical_deductions >= 172.00 & total_deductions_by_hh_size >= 451.00 & unc_rawben_rel_max <   1.77 & utilities < 600.00",1,0,3,0.333333333333333,2,0.333333333333333,0.033397440412237,0.153171013869703,0.0989542206399495,0.169249709470555,0.124651162790698,0.359475001025389,0.4,0.703703703703704,0.271656171273941,0.590455198955225,0.0706976744186047,0.218580862146754,0.16046511627907,0.254233214388253,0.0841860465116279,0.100867888929904
"Wisconsin",5,"4+",23,311,"HH_size_n >   4.500 & months_since_cert_n >   5.500 & total_deductions_by_hh_size > 231.000 & unc_rawben_rel_max <=   0.998",1,0,1,1,0,NA,NA,NA,NA,NA,NA,NA,NA,NA,NA,NA,NA,NA,NA,NA,NA,NA
"Wisconsin",5,"4+",24,443,"months_since_cert_n >   5.500 & rawben_rel_max >   0.794 & rawben_rel_max <=   0.975 & total_deductions_by_hh_size > 229.000",3,0,3,1,1,1,0.00921906558488422,0.00921906558488422,0.102662390475084,0.102662390475084,0.0979743695742042,0.0979743695742042,0.666666666666667,0.666666666666667,0.205447593922852,0.205447593922852,0.110169491525424,0.110169491525424,0.108722612649855,0.108722612649855,0.0603555188094254,0.0603555188094254
"Wisconsin",5,"4+",29,335,"HH_size_n >=   5 & married <   1 & shelter_expenses_by_hh_size < 293 & total_deductions_by_hh_size >= 212",2,1,3,0.666666666666667,2,0.666666666666667,0.00421385134963743,0.00955416373112524,0.136197052324536,0.145192535938706,0.163053297199639,0.164705612709979,0.666666666666667,0.746806039488966,0.35654771860074,0.363128210480714,0.228813559322034,0.232321293000721,0.143631436314363,0.18937448675851,0.0433604336043361,0.0529812258643463
"Wisconsin",5,"4+",36,439,"months_since_cert_n >   5.500 & rawben_rel_max <=   0.997 & shelter_expenses_by_hh_size <= 494.000 & total_deductions_by_hh_size > 227.000",5,1,9,0.555555555555556,3,0.555555555555556,0.0196049122724054,0.0262840238107868,0.071475752845509,0.111842742902918,0.0330422872795754,0.100366419777405,0.4,0.58735632183908,0.151828676919926,0.246685946533552,0.0693520571569352,0.124174687963871,0.0598356445814073,0.125756863009361,0.0225132682759801,0.0419452234278466
"Wisconsin",5,"4+",41,400,"expedited_i >   0.500 & months_since_cert_n >   5.500 & unc_rawben_rel_max <=   0.912 & utilities <= 356.000",1,0,1,1,4,1,0.0111398051051327,0.0329476278219999,0.176419785169443,0.203222904270407,NA,NA,0.666666666666667,0.841708322371306,0.515838055257494,0.619086047329614,NA,NA,NA,NA,NA,NA
"Wisconsin",5,"4+",43,479,"months_since_cert_n >=   9 & total_deductions_by_hh_size >= 150 & utilities < 270",1,1,1,1,5,1,0.0021842893285931,0.0332442926399575,0.128497637827414,0.172901918218205,NA,NA,0.6,0.627546296296296,0.300405363854847,0.444200509955608,NA,NA,NA,NA,NA,NA
"Wisconsin",5,"4+",45,449,"months_since_cert_n >  10.5 & shelter_expenses_by_hh_size > 251.0 & total_deductions_by_hh_size > 208.0 & total_deductions_by_hh_size <= 278.0",1,1,1,1,6,1,8.88573781021099e-05,0.0184636495863874,0.111055848960154,0.145902812939367,0.19462481962482,0.222637781393207,0.6,0.694955675845297,0.346956433284994,0.384622862336798,0.184233449477352,0.220962519826086,0.0268759018759019,0.0774032002420177,0.105820105820106,0.135008522476671
"Wisconsin",5,"4+",52,309,"HH_size_n >   4.500 & months_since_cert_n >   4.500 & rawben_rel_max <=   0.988 & total_deductions_by_hh_size > 206.000",3,0,5,0.6,7,0.6,0.00676766980600226,0.0152326603911988,0.0589858157373291,0.0969119365922,0.0371314160902803,0.095676807564791,0.4,0.486331439792412,0.0421030522036751,0.226304178824594,0.0496004824363033,0.0889121866802355,0.0330921151816674,0.0633920785080312,0.0525152017689331,0.0783788908889919
"Wisconsin",10,"1",11,85,"rawben_rel_max <    1.000 & shelter_expenses_by_hh_size >= 1180.000 & unc_rawben_rel_max >=    0.986 & utilities <  645.000",2,1,2,1,0,NA,NA,NA,NA,NA,NA,NA,NA,NA,NA,NA,NA,NA,NA,NA,NA,NA
"Wisconsin",10,"1",14,6,"cat_elig >   0.500 & medical_deductions > 602.000 & rawben_rel_max <=   0.991",3,0,3,1,1,1,0.00716230815033349,0.00716230815033349,0.186220452834398,0.186220452834398,0.596969696969697,0.596969696969697,0.833333333333333,0.833333333333333,0.619665081334108,0.619665081334108,0.148484848484848,0.148484848484848,0.093939393939394,0.093939393939394,0.251515151515151,0.251515151515151
"Wisconsin",10,"1",18,24,"elderly_disabled_i >   0.500 & rawben_rel_max >   0.881 & shelter_expenses_by_hh_size > 474.000 & utilities <=  28.500",2,0,2,1,2,1,0.0843493287322239,0.0875371239845061,0.190260169744229,0.201608672060251,0.430958230958231,0.49300350659574,0.666666666666667,0.776699029126214,0.714106530869278,0.737681184477093,0.167567567567568,0.169652441497102,0.128828828828829,0.191759102438714,0.036036036036036,0.105921455436019
"Wisconsin",10,"1",22,111,"rawben_rel_max >=   0.236 & rawben_rel_max <   1.000 & total_deductions_by_hh_size >= 511.000 & utilities < 249.000",10,1,10,1,3,1,0.0397796765901807,0.0652044846066576,0.144683354229917,0.16749255942898,0.171811622048589,0.262227904212159,0.666666666666667,0.690082644628099,0.469349444884069,0.522129858772777,0.0690833013107895,0.113842919870886,0.0227488151658767,0.105153202810952,0.0789462448230221,0.117236013542465
"Wisconsin",10,"1",28,96,"rawben_rel_max <=   0.991 & total_deductions_by_hh_size > 272.000 & unc_rawben_rel_max >   0.913 & utilities <= 346.000",1,0,2,0.5,4,0.5,0.012114071945024,0.0412447693336264,0.114013873098929,0.13157101282509,0.110013108803065,0.176104604750624,0.4,0.543626037570992,0.328007071360498,0.389159766458096,0.0866398313206824,0.0955857097896946,0.0119047619047619,0.0549554210426422,0.0285032435884508,0.0690165591913956
"Wisconsin",10,"1",32,8,"cat_elig >=    1.00 & shelter_expenses_by_hh_size < 1720.00 & unc_rawben_rel_max >=    2.49 & utilities <  875.00",3,0,3,1,5,1,0.0765771948438309,0.136062374815315,0.156856035447136,0.226851895465241,0.39963963963964,0.515453943567088,0.666666666666667,0.782016015648878,0.69802781625245,0.821916423901745,0.388828828828829,0.411201222834938,0.16036036036036,0.24475630868138,0.02990990990991,0.0661710999159628
"Wisconsin",10,"1",35,102,"rawben_rel_max <=   0.998 & total_deductions_by_hh_size > 602.000 & utilities <= 272.000",2,0,10,0.2,6,0.2,0.00631717375595323,0.044597592503448,0.0537240314832944,0.130476717979632,0.0462513561354422,0.185306909070256,0.25,0.459060022650057,0.0543800843706389,0.366709074595731,0.0489065265802547,0.126820697202569,0.041255067664021,0.0789208433337671,0.0246959401587393,0.0571436987225763
"Wisconsin",10,"1",38,5,"cat_elig >   0.500 & medical_deductions > 498.000 & months_since_cert_n <=  10.500 & unc_rawben_rel_max <=   0.998",2,0,5,0.4,7,0.4,0.00657001805692006,0.0471051445992953,0.0548222115477252,0.175718880584989,0.0666666666666667,0.513013371598722,0.6,0.974816687737042,0.0784831986162275,0.596850228377902,0.0333333333333333,0.207927903568618,0.0575757575757576,0.118684207458504,0.0666666666666667,0.240674596821822
"Wisconsin",10,"1",74,75,"months_since_cert_n >=   5.00 & unc_rawben_rel_max >=   1.82 & utilities < 366.00",2,0,3,0.666666666666667,8,0.666666666666667,0.0640331339852754,0.17004323892079,0.151830250583546,0.210498123297491,0.378181818181818,0.584338238606611,0.6,0.755669515669516,0.620668329390204,0.820745935253529,0.199191919191919,0.360911341411983,0.23030303030303,0.447354229806123,0.0228828570060797,0.0688153850041623
"Wisconsin",10,"1",75,77,"months_since_cert_n >=   6 & total_deductions_by_hh_size >= 501 & utilities < 249",1,0,8,0.125,9,0.125,0.022893706779683,0.0688097531757879,0.0965015413499389,0.148497842547383,0.108370323398859,0.234813938322215,0.5,0.646280991735537,0.302562060937752,0.463529144155089,0.0868738110336081,0.173926298458392,0.0779042200094831,0.169031797803421,0.00972811174856574,0.0486816952037109
"Wisconsin",10,"1",81,20,"elderly_disabled_i >   0.5 & shelter_expenses_by_hh_size <= 850.0 & unc_rawben_rel_max >   1.7",1,0,2,0.5,10,0.5,0.0349680322361489,0.17800118582364,0.125493000587185,0.21130267700927,0.161854304635762,0.546438303231916,0.6,0.910626262626263,0.51369633474567,0.785754436216696,0.181280353200883,0.258853149608125,0.102075055187638,0.270154320197216,0.0514348785871965,0.203715875338437
"Wisconsin",10,"1",88,4,"cat_elig >   0.500 & medical_deductions > 226.000 & unc_rawben_rel_max >   0.316 & unc_rawben_rel_max <=   0.991",4,1,7,0.571428571428571,11,0.571428571428571,0.00769757639478012,0.0869417330275532,0.106979186863353,0.167418207650221,0.096,0.532636930738894,0.4,0.90162081310382,0.12467635096832,0.644031710476498,0.0977440758293839,0.181570045531418,0.0175924170616114,0.146633276524706,0.0110198675496688,0.173656693346456
"Wisconsin",10,"1",102,10,"cat_elig >=   1 & rawben_rel_max <   1 & total_deductions_by_hh_size >= 450 & utilities < 277",3,0,17,0.176470588235294,12,0.176470588235294,0.00477097267616038,0.0730963858510336,0.0691690277798613,0.153174306826541,0.0440020953378732,0.291177264835425,0.25,0.635960477941176,0.0422024451108236,0.448319293680948,0.0393312379954601,0.149550184689641,0.0116989697922123,0.128644212446247,0.0511100832562442,0.129278369316209
"Wisconsin",10,"2-3",3,163,"cat_elig > 0.500 & children_i > 0.500 & rawben_rel_max > 0.996 & unc_rawben_rel_max > 1.690",1,1,1,1,0,NA,NA,NA,NA,NA,NA,NA,NA,NA,NA,NA,NA,NA,NA,NA,NA,NA
"Wisconsin",10,"2-3",6,154,"cat_elig >   0.5 & medical_deductions > 104.0 & total_deductions_by_hh_size > 546.0 & utilities <= 560.0",4,1,4,1,1,1,0.239447841229542,0.239447841229542,0.244602630262473,0.244602630262473,0.549501661129568,0.549501661129568,0.857142857142857,0.857142857142857,0.853320513570325,0.853320513570325,0.344186046511628,0.344186046511628,0.322923588039867,0.322923588039867,0.201328903654485,0.201328903654485
"Wisconsin",10,"2-3",21,233,"medical_deductions >= 172.00 & total_deductions_by_hh_size >= 451.00 & unc_rawben_rel_max <   1.77 & utilities < 600.00",1,0,3,0.333333333333333,2,0.333333333333333,0.033397440412237,0.153171013869703,0.0989542206399495,0.169249709470555,0.124651162790698,0.359475001025389,0.4,0.703703703703704,0.271656171273941,0.590455198955225,0.0706976744186047,0.218580862146754,0.16046511627907,0.254233214388253,0.0841860465116279,0.100867888929904
"Wisconsin",10,"2-3",47,138,"HH_size_n >   2.5 & total_deductions_by_hh_size > 437.0 & utilities <= 722.0",6,0,6,1,3,1,0.0950449872322452,0.146744278413933,0.198810697344542,0.235984619335113,0.297039897039897,0.460094326373396,0.6,0.726153846153846,0.612209289031771,0.771137375027866,0.125868725868726,0.296095261118517,0.134506599622879,0.193798288449451,0.0489060489060489,0.147782222805479
"Wisconsin",10,"2-3",60,262,"rawben_rel_max <=   0.93 & total_deductions_by_hh_size > 519.00 & utilities <= 560.00",9,2,14,0.642857142857143,4,0.642857142857143,0.06860917328297,0.106887618423061,0.169006584782982,0.194750054679559,0.173752404089483,0.261708123820525,0.5,0.597029702970297,0.545752879793787,0.599883186193242,0.12199036918138,0.175356836814743,0.0766778013969025,0.121572040804953,0.0156898471505213,0.0752781034762371
"Wisconsin",10,"2-3",61,243,"months_since_cert_n >=   2.00 & shelter_expenses_by_hh_size >= 640.00 & unc_rawben_rel_max >=   1.47 & utilities < 388.00",1,1,1,1,5,1,0.0572488716514102,0.102814648477224,0.149773339521617,0.246639126105485,NA,NA,0.833333333333333,0.839065255731922,0.557914948890269,0.792864101779283,NA,NA,NA,NA,NA,NA
"Wisconsin",10,"2-3",69,246,"months_since_cert_n >=   6.000 & rawben_rel_max <   0.876 & total_deductions_by_hh_size >= 353.000 & utilities < 462.000",2,1,2,1,6,1,0.0391542097426188,0.0840131230628516,0.116137674964252,0.181245592449845,0.140082250128516,0.252919373991131,0.25,0.499220103986135,0.375411982953368,0.582963809153375,0.0964493905670376,0.162089091482963,0.0948646125116713,0.211996898136255,0.121833002864067,0.162288764323138
"Wisconsin",10,"2-3",97,149,"HH_size_n >=   3.000 & rawben_rel_max >=   0.705 & total_deductions_by_hh_size >= 347.000 & utilities >= 361.000",2,0,5,0.4,7,0.4,0.0166954819691003,0.0902506509991446,0.0984580294365301,0.223953786499503,0.128436128436128,0.249066161910472,0.6,0.800451508036843,0.21936100348001,0.635699705571397,0.10995610995611,0.161798897455492,0.0233310233310233,0.118046807161515,0.0554334554334554,0.133013759704916
"Wisconsin",10,"4+",23,311,"HH_size_n >   4.500 & months_since_cert_n >   5.500 & total_deductions_by_hh_size > 231.000 & unc_rawben_rel_max <=   0.998",1,0,1,1,0,NA,NA,NA,NA,NA,NA,NA,NA,NA,NA,NA,NA,NA,NA,NA,NA,NA
"Wisconsin",10,"4+",24,443,"months_since_cert_n >   5.500 & rawben_rel_max >   0.794 & rawben_rel_max <=   0.975 & total_deductions_by_hh_size > 229.000",3,0,3,1,1,1,0.00921906558488422,0.00921906558488422,0.102662390475084,0.102662390475084,0.0979743695742042,0.0979743695742042,0.666666666666667,0.666666666666667,0.205447593922852,0.205447593922852,0.110169491525424,0.110169491525424,0.108722612649855,0.108722612649855,0.0603555188094254,0.0603555188094254
"Wisconsin",10,"4+",29,335,"HH_size_n >=   5 & married <   1 & shelter_expenses_by_hh_size < 293 & total_deductions_by_hh_size >= 212",2,1,3,0.666666666666667,2,0.666666666666667,0.00421385134963743,0.00955416373112524,0.136197052324536,0.145192535938706,0.163053297199639,0.164705612709979,0.666666666666667,0.746806039488966,0.35654771860074,0.363128210480714,0.228813559322034,0.232321293000721,0.143631436314363,0.18937448675851,0.0433604336043361,0.0529812258643463
"Wisconsin",10,"4+",36,439,"months_since_cert_n >   5.500 & rawben_rel_max <=   0.997 & shelter_expenses_by_hh_size <= 494.000 & total_deductions_by_hh_size > 227.000",5,1,9,0.555555555555556,3,0.555555555555556,0.0196049122724054,0.0262840238107868,0.071475752845509,0.111842742902918,0.0330422872795754,0.100366419777405,0.4,0.58735632183908,0.151828676919926,0.246685946533552,0.0693520571569352,0.124174687963871,0.0598356445814073,0.125756863009361,0.0225132682759801,0.0419452234278466
"Wisconsin",10,"4+",41,400,"expedited_i >   0.500 & months_since_cert_n >   5.500 & unc_rawben_rel_max <=   0.912 & utilities <= 356.000",1,0,1,1,4,1,0.0111398051051327,0.0329476278219999,0.176419785169443,0.203222904270407,NA,NA,0.666666666666667,0.841708322371306,0.515838055257494,0.619086047329614,NA,NA,NA,NA,NA,NA
"Wisconsin",10,"4+",43,479,"months_since_cert_n >=   9 & total_deductions_by_hh_size >= 150 & utilities < 270",1,1,1,1,5,1,0.0021842893285931,0.0332442926399575,0.128497637827414,0.172901918218205,NA,NA,0.6,0.627546296296296,0.300405363854847,0.444200509955608,NA,NA,NA,NA,NA,NA
"Wisconsin",10,"4+",45,449,"months_since_cert_n >  10.5 & shelter_expenses_by_hh_size > 251.0 & total_deductions_by_hh_size > 208.0 & total_deductions_by_hh_size <= 278.0",1,1,1,1,6,1,8.88573781021099e-05,0.0184636495863874,0.111055848960154,0.145902812939367,0.19462481962482,0.222637781393207,0.6,0.694955675845297,0.346956433284994,0.384622862336798,0.184233449477352,0.220962519826086,0.0268759018759019,0.0774032002420177,0.105820105820106,0.135008522476671
"Wisconsin",10,"4+",52,309,"HH_size_n >   4.500 & months_since_cert_n >   4.500 & rawben_rel_max <=   0.988 & total_deductions_by_hh_size > 206.000",3,0,5,0.6,7,0.6,0.00676766980600226,0.0152326603911988,0.0589858157373291,0.0969119365922,0.0371314160902803,0.095676807564791,0.4,0.486331439792412,0.0421030522036751,0.226304178824594,0.0496004824363033,0.0889121866802355,0.0330921151816674,0.0633920785080312,0.0525152017689331,0.0783788908889919
"Wisconsin",10,"4+",57,405,"expedited_i > 0.500 & months_since_cert_n > 4.500 & rawben_rel_max <= 0.921 & unc_rawben_rel_max > 0.766",1,0,1,1,8,1,0.00202131846719008,0.0270744369334973,0.110133089261542,0.188811847596341,0.143864013266998,0.176828560325665,0.666666666666667,0.734829931972789,0.164081373970119,0.538928748577265,0.17090395480226,0.198726111259294,0.101190476190476,0.159895409916096,0.0238095238095238,0.127086205559046
"Wisconsin",10,"4+",65,413,"married >=   1.000 & months_since_cert_n >=   7.000 & shelter_expenses_by_hh_size >= 336.000 & unc_rawben_rel_max >=   0.282",1,0,2,0.5,9,0.5,0.00332736332946179,0.0144315373642798,0.100735751886018,0.125330964945489,0.128302253302253,0.166280725453429,0.666666666666667,0.841346894744953,0.236947146756314,0.337727979201636,0.142773892773893,0.179682142094008,0.063034188034188,0.174143045724942,0.0166510318949343,0.0593297823675148
"Wisconsin",10,"4+",79,337,"HH_size_n >=   5 & shelter_expenses_by_hh_size < 449 & total_deductions_by_hh_size >= 268",1,0,2,0.5,10,0.5,0.00178232879241861,0.0128708237303635,0.0920803597326381,0.141092621797476,0.0648148148148148,0.182036069252291,0.25,0.708257713248639,0.140031556245128,0.35539140910172,0.125,0.180501963446678,0.0370370370370371,0.227438038088983,0.0344112769485903,0.0783032078348644
"Wisconsin",10,"4+",83,402,"expedited_i >   0.500 & rawben_rel_max <=   0.932 & shelter_expenses_by_hh_size <= 155.000 & unc_rawben_rel_max >   0.654",1,0,1,1,11,1,1.77317521080217e-05,0.0256713575257823,0.105793162080755,0.233349531800071,0.12,0.22742707210284,0.4,0.80992683022264,0.10548558950321,0.64147049606967,0.136666666666667,0.166884402152145,0.0345762711864407,0.109249802642665,0.02,0.129776543194994
"Wisconsin",10,"4+",84,310,"HH_size_n >   4.500 & months_since_cert_n >   5.500 & rawben_rel_max <=   0.997 & shelter_expenses_by_hh_size > 263.000",3,1,5,0.6,12,0.6,0.00285590156588986,0.0150130863198579,0.0578764426607306,0.11273926489607,0.0814238952536825,0.140890605520219,0.4,0.671996774075296,0.117781604227488,0.305802949757395,0.0718891038039974,0.134255114505473,0.00873860182370816,0.0899322401172724,0.017434988179669,0.067170307887196
"Wisconsin",10,"4+",86,363,"count_divisible_by_100 >   0.500 & expedited_i <=   0.500 & rawben_rel_max <=   0.533 & total_deductions_by_hh_size > 232.000",1,0,1,1,13,1,0.000138316697283859,0.0243059054652287,0.132551746828109,0.179207771585732,0.0924132364810331,0.15896752437528,0.666666666666667,0.805582517132857,0.338646429283889,0.45747415605832,0.150793650793651,0.220079193906637,0.0932539682539683,0.30286200098962,0.0598141695702671,0.117309979758154
"Wisconsin",10,"4+",87,488,"months_since_cert_n >= 5.000 & rawben_rel_max >= 0.607 & rawben_rel_max < 0.625",1,0,1,1,14,1,0.000813832034307852,0.0243266840889005,0.146636925742502,0.189665982123246,0.148148148148148,0.211121191631719,0.25,0.704139237981249,0.395226620984796,0.543775108899908,0.196414499605989,0.245160310694216,0.011608623548922,0.0866356785702371,0.12962962962963,0.222611812494088
"Wisconsin",10,"4+",89,522,"shelter_expenses_by_hh_size <= 341.000 & total_deductions_by_hh_size > 233.000 & unc_rawben_rel_max <=   0.976",1,1,3,0.333333333333333,15,0.333333333333333,0.000353248882541776,0.0127499255948049,0.0913948277052101,0.136222926247228,0.0801539491298528,0.198222585069421,0.5,0.807036613272311,0.155471042096774,0.367822182504235,0.0572289156626506,0.19036876826092,0.0409973226238286,0.178536869931298,0.001473981030505,0.062321867775008
"Wisconsin",10,"4+",94,353,"cat_elig >   0.500 & months_since_cert_n >   5.500 & rawben_rel_max <=   0.976 & shelter_expenses_by_hh_size > 350.000",2,0,13,0.153846153846154,16,0.153846153846154,0.00330023619975253,0.0167451230882134,0.0603067602363009,0.125287075195024,0.0374174614820249,0.138837749634641,0.4,0.726124923912535,0.0915818989782129,0.313470631883019,0.0792369772560528,0.148820053929817,0.0461822660098523,0.133618799845883,0.0144028595458369,0.0800739220607195
"Wisconsin",10,"4+",98,442,"months_since_cert_n >   5.500 & rawben_rel_max >   0.724 & rawben_rel_max <=   0.974 & shelter_expenses_by_hh_size > 162.000",3,1,9,0.333333333333333,17,0.333333333333333,0.00158808140829518,0.0151409785933049,0.0927057118346216,0.155724692112295,0.035165091199574,0.132919523083993,0.25,0.651521406283311,0.166687719868833,0.337113484152975,0.0639894820929304,0.137713423871061,0.0400725400725401,0.108911496448837,0.0203284179187794,0.059075194197787
"Wisconsin",10,"4+",103,517,"rawben_rel_max >=   0.832 & rawben_rel_max <   0.843 & utilities >= 410.000",2,0,2,1,18,1,0.00531216432984293,0.0379622711193514,0.0862038400932007,0.17847792911054,0.107407407407407,0.214986513310104,0.5,0.826771565673474,0.394611327376866,0.555620594518499,0.166666666666667,0.253633428507914,0.02,0.119254850823632,0.0333333333333333,0.0875260781365841
"Wisconsin",10,"4+",105,446,"months_since_cert_n >   6.500 & rawben_rel_max <=   0.998 & shelter_expenses_by_hh_size > 255.000 & unc_rawben_rel_max >   0.605",1,1,7,0.142857142857143,19,0.142857142857143,0.000180019515067464,0.0123153508398136,0.0675134737988169,0.116703028768499,0.0394934333958725,0.13292790433895,0.4,0.600708020050125,0.0758947929891595,0.256723221239567,0.0714756568415105,0.140337271260726,0.0178571428571428,0.0899358763432487,0.0090533883637332,0.0492283249293651
"Wyoming",5,"1",11,102,"rawben_rel_max <=   0.998 & total_deductions_by_hh_size > 602.000 & utilities <= 272.000",2,1,2,1,0,NA,NA,NA,NA,NA,NA,NA,NA,NA,NA,NA,NA,NA,NA,NA,NA,NA
"Wyoming",5,"1",15,106,"rawben_rel_max >   0.727 & rawben_rel_max <=   0.991 & shelter_expenses_by_hh_size > 413.000 & utilities <=  28.500",1,0,1,1,1,1,0.0307368069263481,0.0307368069263481,0.138430380907014,0.138430380907014,0.0937918340026774,0.0937918340026774,0.6,0.6,0.323118878937879,0.323118878937879,0.0696117804551539,0.0696117804551539,0.0395749665327979,0.0395749665327979,0.0500334672021419,0.0500334672021419
"Wyoming",5,"1",20,61,"medical_deductions >= 111.000 & medical_deductions < 130.000 & rawben_rel_max >=   0.274 & shelter_expenses_by_hh_size < 868.000",1,1,1,1,2,1,0.0481796565648686,0.0640885303432615,0.17587126798003,0.181205917874335,0.625060240963855,0.650556491197766,0.857142857142857,0.933026113671275,0.698976625199891,0.71174084564684,0.208915662650602,0.222056037771156,0.11566265060241,0.132411725756071,0.303855421686747,0.327311971901945
"Wyoming",5,"1",34,59,"medical_deductions > 96.200 & rawben_rel_max >  0.885 & rawben_rel_max <=  0.998 & unc_rawben_rel_max >  0.279",2,0,2,1,3,1,0.0243394474253588,0.0332306656794264,0.15996622969726,0.1630919475731,0.17404958677686,0.424091897943649,0.666666666666667,0.739657210401891,0.532812935824842,0.567811323452074,0.112231404958678,0.126187770639834,0.0673694779116466,0.0898566488174922,0.112727272727273,0.214497051370988
"Wyoming",5,"2-3",10,142,"HH_size_n >   2.500 & total_deductions_by_hh_size > 440.000 & unc_rawben_rel_max >   0.640 & unc_rawben_rel_max <=   0.996",1,0,1,1,0,NA,NA,NA,NA,NA,NA,NA,NA,NA,NA,NA,NA,NA,NA,NA,NA,NA
"Wyoming",5,"2-3",31,175,"count_divisible_by_100 <=   0.500 & medical_deductions > 144.000 & unc_rawben_rel_max >   0.131",2,0,3,0.666666666666667,1,0.666666666666667,0.171428510905382,0.171428510905382,0.272329919475492,0.272329919475492,0.451488298114065,0.451488298114065,0.833333333333333,0.833333333333333,0.820263272974417,0.820263272974417,0.298454896614406,0.298454896614406,0.0607816405362417,0.0607816405362418,0.119631901840491,0.119631901840491
"Wyoming",5,"4+",30,372,"count_divisible_by_100 >=   1.000 & married >=   1.000 & rawben_rel_max >=   0.511 & utilities >= 367.000",2,1,2,1,0,NA,NA,NA,NA,NA,NA,NA,NA,NA,NA,NA,NA,NA,NA,NA,NA,NA
"Wyoming",5,"4+",32,465,"months_since_cert_n >=   2.000 & rawben_rel_max <   0.997 & shelter_expenses_by_hh_size < 428.000 & total_deductions_by_hh_size >= 243.000",2,0,2,1,1,1,0.0343424585188651,0.0343424585188651,0.139799807639116,0.139799807639116,0.163826706760218,0.163826706760218,1,1,0.475556523619217,0.475556523619217,0.204588484241007,0.204588484241007,0.117030272281414,0.117030272281414,0.0570219400824145,0.0570219400824145
"Wyoming",10,"1",11,102,"rawben_rel_max <=   0.998 & total_deductions_by_hh_size > 602.000 & utilities <= 272.000",2,1,2,1,0,NA,NA,NA,NA,NA,NA,NA,NA,NA,NA,NA,NA,NA,NA,NA,NA,NA
"Wyoming",10,"1",15,106,"rawben_rel_max >   0.727 & rawben_rel_max <=   0.991 & shelter_expenses_by_hh_size > 413.000 & utilities <=  28.500",1,0,1,1,1,1,0.0307368069263481,0.0307368069263481,0.138430380907014,0.138430380907014,0.0937918340026774,0.0937918340026774,0.6,0.6,0.323118878937879,0.323118878937879,0.0696117804551539,0.0696117804551539,0.0395749665327979,0.0395749665327979,0.0500334672021419,0.0500334672021419
"Wyoming",10,"1",20,61,"medical_deductions >= 111.000 & medical_deductions < 130.000 & rawben_rel_max >=   0.274 & shelter_expenses_by_hh_size < 868.000",1,1,1,1,2,1,0.0481796565648686,0.0640885303432615,0.17587126798003,0.181205917874335,0.625060240963855,0.650556491197766,0.857142857142857,0.933026113671275,0.698976625199891,0.71174084564684,0.208915662650602,0.222056037771156,0.11566265060241,0.132411725756071,0.303855421686747,0.327311971901945
"Wyoming",10,"1",34,59,"medical_deductions > 96.200 & rawben_rel_max >  0.885 & rawben_rel_max <=  0.998 & unc_rawben_rel_max >  0.279",2,0,2,1,3,1,0.0243394474253588,0.0332306656794264,0.15996622969726,0.1630919475731,0.17404958677686,0.424091897943649,0.666666666666667,0.739657210401891,0.532812935824842,0.567811323452074,0.112231404958678,0.126187770639834,0.0673694779116466,0.0898566488174922,0.112727272727273,0.214497051370988
"Wyoming",10,"1",36,90,"rawben_rel_max <   0.992 & total_deductions_by_hh_size >= 535.000 & unc_rawben_rel_max >=   0.964 & utilities < 645.000",3,0,4,0.75,4,0.75,0.013420497210488,0.0282081905208304,0.13319476529999,0.191327055851446,0.275883838383838,0.393037005316118,0.25,0.580668306683067,0.432928783912057,0.564411710818215,0.0606060606060606,0.112565867548549,0.0383838383838384,0.0808931727506395,0.0246212121212121,0.152129773843458
"Wyoming",10,"2-3",10,142,"HH_size_n >   2.500 & total_deductions_by_hh_size > 440.000 & unc_rawben_rel_max >   0.640 & unc_rawben_rel_max <=   0.996",1,0,1,1,0,NA,NA,NA,NA,NA,NA,NA,NA,NA,NA,NA,NA,NA,NA,NA,NA,NA
"Wyoming",10,"2-3",31,175,"count_divisible_by_100 <=   0.500 & medical_deductions > 144.000 & unc_rawben_rel_max >   0.131",2,0,3,0.666666666666667,1,0.666666666666667,0.171428510905382,0.171428510905382,0.272329919475492,0.272329919475492,0.451488298114065,0.451488298114065,0.833333333333333,0.833333333333333,0.820263272974417,0.820263272974417,0.298454896614406,0.298454896614406,0.0607816405362417,0.0607816405362418,0.119631901840491,0.119631901840491
"Wyoming",10,"2-3",38,141,"HH_size_n >   2.500 & rawben_rel_max >   0.581 & total_deductions_by_hh_size > 338.000 & utilities >  29.500",3,0,4,0.75,2,0.75,0.0282460299721585,0.162203607782607,0.116709287223343,0.213153303736805,0.0611916264090177,0.38854726565894,0.666666666666667,0.931623931623932,0.174172450282024,0.68847912431299,0.134259259259259,0.277594221390345,0.0394524959742351,0.0663724634894725,0.0489797279274473,0.0538795467331966
"Wyoming",10,"2-3",50,270,"shelter_expenses_by_hh_size < 622 & total_deductions_by_hh_size >= 466 & utilities < 612",1,0,1,1,3,1,0.0185047685990344,0.084331795492303,0.141429768464597,0.162843498141466,0.0944938114884164,0.243692649502675,0.833333333333333,0.900529865125241,0.320690694150428,0.492507621751957,0.0896937480165027,0.163844138188291,0.0573230720406221,0.0616691209119323,0.0325763719924304,0.104478747506702
"Wyoming",10,"4+",30,372,"count_divisible_by_100 >=   1.000 & married >=   1.000 & rawben_rel_max >=   0.511 & utilities >= 367.000",2,1,2,1,0,NA,NA,NA,NA,NA,NA,NA,NA,NA,NA,NA,NA,NA,NA,NA,NA,NA
"Wyoming",10,"4+",32,465,"months_since_cert_n >=   2.000 & rawben_rel_max <   0.997 & shelter_expenses_by_hh_size < 428.000 & total_deductions_by_hh_size >= 243.000",2,0,2,1,1,1,0.0343424585188651,0.0343424585188651,0.139799807639116,0.139799807639116,0.163826706760218,0.163826706760218,1,1,0.475556523619217,0.475556523619217,0.204588484241007,0.204588484241007,0.117030272281414,0.117030272281414,0.0570219400824145,0.0570219400824145
"Wyoming",10,"4+",37,306,"HH_size_n >   4.500 & married <=   0.500 & shelter_expenses_by_hh_size > 251.000 & unc_rawben_rel_max <=   0.976",4,0,4,1,2,1,0.0116821536121453,0.014247142232373,0.0766307366616895,0.0843830675483422,0.178538812785388,0.181611344897642,1,1,0.330868995212487,0.36483374663002,0.130796549974632,0.146036910631557,0.0389910203527354,0.0610636414250832,0.0820050584780432,0.0912111661238517
"Wyoming",10,"4+",39,316,"HH_size_n >   4.500 & shelter_expenses_by_hh_size > 239.000 & unc_rawben_rel_max >   0.734 & unc_rawben_rel_max <=   0.997",2,1,2,1,3,1,0.00600994204379848,0.0117454018220271,0.0857381838193011,0.106923919012579,0.165736115192477,0.224308407000394,0.4,0.700843486410497,0.216910227097873,0.324917873418684,0.178045515394913,0.203970264298398,0.0355847180543737,0.0575338014515579,0.0288440005374659,0.06235575276348
