"unit","hh","rule","n_flagged_train","n","k","pile_n","pile_k","pile5_n","atmax_n","share_flags","share_errors","tagged","precision","precision_wo","lcb","lcb_wo","share_flags_pile5","share_flags_atmax"
"national","1","rawben_rel_max >= 0.897 & shelter_expenses_by_hh_size >= 866 & unc_rawben_rel_max < 1.01 & utilities_sua < 1",69,69,55,0,0,0,0,0,0,FALSE,0.797101449275362,0.797101449275362,0.664928903773807,0.664928903773807,0,0
"national","2-3","elderly_disabled_i >= 1 & months_since_cert_n <= 7.5 & rawben_rel_max > 0.999 & unc_rawben_rel_max <= 1",79,79,54,0,0,0,0,0,0,FALSE,0.683544303797468,0.683544303797468,0.553446262354651,0.553446262354651,0,0
"national","1","elderly_disabled_i >= 1 & rawben_rel_max >= 1 & shelter_expenses_by_hh_size < 848 & unc_rawben_rel_max < 1.02",376,376,229,35,13,41,240,0.0930851063829787,0.0567685589519651,FALSE,0.609042553191489,0.633431085043988,0.549358361561118,0.57109094617606,0.109042553191489,0.638297872340426
"national","2-3","earned_by_hh_size <= 9.25 & rawben_rel_max > 0.999 & unc_rawben_rel_max <= 1 & unearned_by_hh_size > 457",79,79,53,0,0,0,0,0,0,FALSE,0.670886075949367,0.670886075949367,0.540467616997404,0.540467616997404,0,0
"national","1","total_deductions_by_hh_size <= 548 & unc_rawben_rel_max > 1 & unc_rawben_rel_max <= 1.02 & unearned_by_hh_size > 308",98,98,64,0,0,5,86,0,0,FALSE,0.653061224489796,0.653061224489796,0.535883415103455,0.535883415103455,0.0510204081632653,0.877551020408163
"national","1","shelter_expenses_by_hh_size >= 682 & shelter_expenses_by_hh_size < 983 & unc_rawben_rel_max >= 1.01 & unc_rawben_rel_max < 1.02",147,147,92,0,0,3,124,0,0,FALSE,0.625850340136054,0.625850340136054,0.530101708078666,0.530101708078666,0.0204081632653061,0.843537414965986
"national","1","medical_deductions > 167 & rawben_rel_max > 0.998 & unc_rawben_rel_max <= 1.03",146,146,88,0,0,1,24,0,0,FALSE,0.602739726027397,0.602739726027397,0.506497287913132,0.506497287913132,0.00684931506849315,0.164383561643836
"national","1","gross_by_hh_size >= 965 & rawben_rel_max >= 0.484 & shelter_expenses_by_hh_size >= 1120 & utilities_sua < 1",110,110,67,0,0,0,7,0,0,FALSE,0.609090909090909,0.609090909090909,0.498203925385668,0.498203925385668,0,0.0636363636363636
"national","4+","HH_size_n >= 5 & married <= 0 & shelter_expenses_by_hh_size < 300 & total_deductions_by_hh_size >= 341",33,33,23,0,0,0,1,0,0,FALSE,0.696969696969697,0.696969696969697,0.494529500778228,0.494529500778228,0,0.0303030303030303
"national","2-3","rawben_rel_max > 0.996 & total_deductions_by_hh_size > 548 & unc_rawben_rel_max <= 1",74,74,46,0,0,0,2,0,0,FALSE,0.621621621621622,0.621621621621622,0.486475087798279,0.486475087798279,0,0.027027027027027
"national","1","months_since_cert_n >= 16 & rawben_rel_max >= 1 & unc_rawben_rel_max < 1.02 & unearned_by_hh_size < 980",164,164,89,6,3,11,98,0.0365853658536585,0.0337078651685393,FALSE,0.542682926829268,0.544303797468354,0.452282396479389,0.452204183379261,0.0670731707317073,0.597560975609756
"national","1","bbce_state_i >= 1 & medical_deductions > 667 & shelter_expenses_by_hh_size <= 1750 & unc_rawben_rel_max <= 1.03",62,62,37,0,0,0,0,0,0,FALSE,0.596774193548387,0.596774193548387,0.449818796738832,0.449818796738832,0,0
"national","1","medical_deductions >= 196 & months_since_cert_n < 29 & rawben_rel_max >= 0.979 & unc_rawben_rel_max < 1.05",132,132,72,0,0,1,14,0,0,FALSE,0.545454545454545,0.545454545454545,0.444846123226833,0.444846123226833,0.00757575757575758,0.106060606060606
"national","2-3","medical_deductions >= 234 & rawben_rel_max >= 0.171 & shelter_expenses_by_hh_size < 846 & total_deductions_by_hh_size >= 642",48,48,29,0,0,0,2,0,0,FALSE,0.604166666666667,0.604166666666667,0.437613869278695,0.437613869278695,0,0.0416666666666667
"national","4+","rawben_rel_max <= 0.621 & shelter_expenses_by_hh_size <= 516 & total_deductions_by_hh_size > 529",30,30,19,0,0,0,0,0,0,FALSE,0.633333333333333,0.633333333333333,0.423499561854325,0.423499561854325,0,0
"national","4+","count_divisible_by_100 < 1 & earned_by_hh_size >= 142 & unc_rawben_rel_max >= 1.08 & unc_rawben_rel_max < 1.1",124,124,65,74,43,79,100,0.596774193548387,0.661538461538462,TRUE,0.524193548387097,0.44,0.421062831309513,0.29063956895756,0.637096774193548,0.806451612903226
"national","1","earned_by_hh_size > 368 & gross_by_hh_size <= 702 & total_deductions_by_hh_size > 1080 & unc_rawben_rel_max <= 1.55",268,268,130,185,107,185,227,0.690298507462687,0.823076923076923,TRUE,0.485074626865672,0.27710843373494,0.415065564671162,0.17919289631356,0.690298507462687,0.847014925373134
"national","1","total_deductions_by_hh_size >= 806 & unc_rawben_rel_max >= 0.473 & unearned_by_hh_size >= 1130 & utilities_sua < 1",107,107,56,0,0,0,3,0,0,FALSE,0.523364485981308,0.523364485981308,0.412661574163996,0.412661574163996,0,0.0280373831775701
"national","4+","earned_by_hh_size > 123 & rawben_rel_max > 0.961 & total_deductions_by_hh_size > 277 & total_deductions_by_hh_size <= 282",86,86,46,57,34,57,67,0.662790697674419,0.739130434782609,TRUE,0.534883720930233,0.413793103448276,0.411456287420944,0.23158626576371,0.662790697674419,0.779069767441861
"national","1","expedited_i <= 0 & gross_by_hh_size > 1170 & unc_rawben_rel_max > 0.998 & unc_rawben_rel_max <= 1.03",335,335,157,0,0,0,88,0,0,FALSE,0.46865671641791,0.46865671641791,0.406242357352646,0.406242357352646,0,0.262686567164179
"national","1","months_since_cert_n > 10.5 & rawben_rel_max > 0.747 & total_deductions_by_hh_size > 580 & utilities_sua <= 0.5",131,131,66,1,0,2,23,0.00763358778625954,0,FALSE,0.50381679389313,0.507692307692308,0.404091856584696,0.407452969449351,0.0152671755725191,0.175572519083969
"national","2-3","earned_by_hh_size > 358 & total_deductions_by_hh_size > 547 & total_deductions_by_hh_size <= 553 & unc_rawben_rel_max > 1",149,149,73,104,62,104,116,0.697986577181208,0.849315068493151,TRUE,0.48993288590604,0.244444444444444,0.39671130615209,0.128434673616269,0.697986577181208,0.778523489932886
"national","1","gross_by_hh_size >= 264 & unc_rawben_rel_max >= 0.986 & unc_rawben_rel_max < 1.03 & utilities_sua < 2",448,448,201,5,3,8,141,0.0111607142857143,0.0149253731343284,FALSE,0.448660714285714,0.446952595936795,0.394940760420419,0.392977419720234,0.0178571428571429,0.314732142857143
"national","2-3","gross_by_hh_size > 198 & HH_size_n > 2.5 & total_deductions_by_hh_size > 691 & unearned_by_hh_size > 66.8",59,59,32,0,0,0,5,0,0,FALSE,0.542372881355932,0.542372881355932,0.394379864212616,0.394379864212616,0,0.0847457627118644
"national","2-3","children_i <= 0 & earned_by_hh_size > 126 & expedited_i >= 1 & rawben_rel_max <= 0.959",57,57,31,0,0,0,2,0,0,FALSE,0.543859649122807,0.543859649122807,0.393360839582666,0.393360839582666,0,0.0350877192982456
"national","1","earned_by_hh_size >= 552 & months_since_cert_n >= 6 & unc_rawben_rel_max >= 1.32",250,250,115,87,60,93,161,0.348,0.521739130434783,TRUE,0.46,0.337423312883436,0.388304234452074,0.257737088879446,0.372,0.644
"national","2-3","rawben_rel_max > 0.155 & unearned_by_hh_size > 1310",84,84,43,0,0,0,0,0,0,FALSE,0.511904761904762,0.511904761904762,0.388222567411911,0.388222567411911,0,0
"national","1","elderly_disabled_i <= 0 & rawben_rel_max >= 1 & unc_rawben_rel_max < 1.02 & unearned_by_hh_size >= 622",74,74,38,37,22,37,60,0.5,0.578947368421053,TRUE,0.513513513513513,0.432432432432432,0.382127984169206,0.263895663617476,0.5,0.810810810810811
"national","1","earned_by_hh_size > 677 & earned_by_hh_size <= 702 & elderly_disabled_i <= 0 & gross_by_hh_size > 484",259,259,117,186,107,186,197,0.718146718146718,0.914529914529915,TRUE,0.451737451737452,0.136986301369863,0.381529955705774,0.0683079241313156,0.718146718146718,0.760617760617761
"national","4+","shelter_expenses_by_hh_size >= 274 & unc_rawben_rel_max >= 1.06 & unc_rawben_rel_max < 1.09 & unearned_by_hh_size < 26.3",116,116,56,66,39,67,78,0.568965517241379,0.696428571428571,TRUE,0.482758620689655,0.34,0.378038420297243,0.206778421266396,0.577586206896552,0.672413793103448
"national","2-3","total_deductions_by_hh_size > 547 & total_deductions_by_hh_size <= 553 & unc_rawben_rel_max > 1",172,172,79,104,62,104,121,0.604651162790698,0.784810126582278,TRUE,0.459302325581395,0.25,0.373509011697029,0.149437118407086,0.604651162790698,0.703488372093023
"national","1","earned_by_hh_size >= 448 & months_since_cert_n >= 6 & unc_rawben_rel_max >= 1.32",309,309,135,87,60,93,186,0.281553398058252,0.444444444444444,TRUE,0.436893203883495,0.337837837837838,0.372905523545988,0.268641231677445,0.300970873786408,0.601941747572815
"national","2-3","earned_by_hh_size > 75.1 & expedited_i >= 1 & medical_deductions <= 80.5 & unearned_by_hh_size > 386",38,38,21,0,0,0,3,0,0,FALSE,0.552631578947368,0.552631578947368,0.370414431490341,0.370414431490341,0,0.0789473684210526
"national","2-3","bbce_state_i >= 1 & earned_by_hh_size >= 254 & gross_by_hh_size < 261 & months_since_cert_n < 13",67,67,34,39,29,39,43,0.582089552238806,0.852941176470588,TRUE,0.507462686567164,0.178571428571429,0.37024716358221,0.0679491626865055,0.582089552238806,0.641791044776119
"national","2-3","married >= 1 & percent_abawd <= 0.167 & rawben_rel_max > 0.998 & unc_rawben_rel_max <= 1",47,47,25,0,0,0,0,0,0,FALSE,0.531914893617021,0.531914893617021,0.36826750154931,0.36826750154931,0,0
"national","2-3","medical_deductions >= 336 & rawben_rel_max >= 0.61 & unearned_by_hh_size >= 441",47,47,25,0,0,0,1,0,0,FALSE,0.531914893617021,0.531914893617021,0.36826750154931,0.36826750154931,0,0.0212765957446809
"national","1","gross_by_hh_size > 492 & percent_abawd <= 0.5 & rawben_rel_max > 0.993 & utilities_sua <= 0.5",239,239,105,5,2,6,75,0.0209205020920502,0.019047619047619,FALSE,0.439330543933054,0.44017094017094,0.366820048974743,0.366887040878284,0.0251046025104603,0.313807531380753
"national","1","children_i >= 1 & count_divisible_by_100 <= 0.5 & elderly_disabled_i >= 1 & percent_abawd <= 0.5",34,34,19,1,0,1,0,0.0294117647058824,0,FALSE,0.558823529411765,0.575757575757576,0.366600412686493,0.379293320103591,0.0294117647058824,0
"national","4+","elderly_disabled_i >= 1 & months_since_cert_n > 6.5 & unc_rawben_rel_max <= 1 & unearned_by_hh_size <= 124",45,45,24,0,0,0,0,0,0,FALSE,0.533333333333333,0.533333333333333,0.366278730775499,0.366278730775499,0,0
"national","2-3","medical_deductions > 160 & total_deductions_by_hh_size > 650 & unc_rawben_rel_max > 0.16",163,163,74,0,0,0,7,0,0,FALSE,0.45398773006135,0.45398773006135,0.366215895669186,0.366215895669186,0,0.0429447852760736
"national","1","gross_by_hh_size > 324 & months_since_cert_n <= 3.5 & rawben_rel_max > 0.997 & unc_rawben_rel_max <= 1.01",288,288,123,12,8,12,51,0.0416666666666667,0.0650406504065041,FALSE,0.427083333333333,0.416666666666667,0.361244603815156,0.349891528426842,0.0416666666666667,0.177083333333333
"national","2-3","shelter_expenses_by_hh_size <= 487 & total_deductions_by_hh_size > 691 & unc_rawben_rel_max <= 1",64,64,32,0,0,0,1,0,0,FALSE,0.5,0.5,0.360405653778697,0.360405653778697,0,0.015625
"national","2-3","gross_by_hh_size >= 1130 & shelter_expenses_by_hh_size < 884 & total_deductions_by_hh_size >= 717 & unearned_by_hh_size >= 147",49,49,25,0,0,0,0,0,0,FALSE,0.510204081632653,0.510204081632653,0.351552576219357,0.351552576219357,0,0
"national","2-3","gross_by_hh_size >= 1090 & rawben_rel_max >= 0.636 & unc_rawben_rel_max < 1.2",97,97,45,0,0,0,1,0,0,FALSE,0.463917525773196,0.463917525773196,0.351184268486858,0.351184268486858,0,0.0103092783505155
"national","4+","bbce_state_i >= 1 & HH_size_n > 5.5 & total_deductions_by_hh_size > 242 & unearned_by_hh_size > 0.25",162,162,71,0,0,0,5,0,0,FALSE,0.438271604938272,0.438271604938272,0.3510465350113,0.3510465350113,0,0.0308641975308642
"national","1","earned_by_hh_size > 392 & earned_by_hh_size <= 702 & elderly_disabled_i <= 0 & total_deductions_by_hh_size > 1070",313,313,129,185,107,185,232,0.591054313099042,0.829457364341085,TRUE,0.412140575079872,0.171875,0.349454414030804,0.1080504033948,0.591054313099042,0.741214057507987
"national","2-3","months_since_cert_n > 8.5 & percent_abawd <= 0.167 & rawben_rel_max <= 0.365 & total_deductions_by_hh_size > 602",95,95,44,0,0,0,6,0,0,FALSE,0.463157894736842,0.463157894736842,0.349379332727086,0.349379332727086,0,0.0631578947368421
"national","2-3","earned_by_hh_size >= 248 & earned_by_hh_size < 256 & gross_by_hh_size < 261",105,105,48,55,38,55,67,0.523809523809524,0.791666666666667,TRUE,0.457142857142857,0.2,0.348948781245028,0.100915789274824,0.523809523809524,0.638095238095238
"national","2-3","earned_by_hh_size < 126 & gross_by_hh_size >= 221 & total_deductions_by_hh_size >= 717 & unc_rawben_rel_max < 1.04",251,251,105,0,0,0,2,0,0,FALSE,0.418326693227092,0.418326693227092,0.348375465002764,0.348375465002764,0,0.00796812749003984
"national","4+","earned_by_hh_size > 42.2 & HH_size_n > 5.5 & married <= 0 & unearned_by_hh_size > 234",74,74,35,0,0,0,1,0,0,FALSE,0.472972972972973,0.472972972972973,0.344482866922199,0.344482866922199,0,0.0135135135135135
"national","2-3","gross_by_hh_size >= 360 & total_deductions_by_hh_size < 691 & unc_rawben_rel_max >= 1.16 & unc_rawben_rel_max < 1.22",187,187,79,69,40,69,129,0.368983957219251,0.506329113924051,TRUE,0.422459893048128,0.330508474576271,0.341783084638793,0.2391677463132,0.368983957219251,0.689839572192513
"national","1","rawben_rel_max >= 1 & shelter_expenses_by_hh_size >= 1370 & unc_rawben_rel_max < 1.02 & unearned_by_hh_size >= 1080",278,278,112,0,0,0,46,0,0,FALSE,0.402877697841727,0.402877697841727,0.336939097137526,0.336939097137526,0,0.165467625899281
"national","1","unc_rawben_rel_max > 0.998 & unc_rawben_rel_max <= 1.01 & unearned_by_hh_size > 304",1113,1113,421,23,14,28,165,0.0206648697214735,0.0332541567695962,FALSE,0.378256963162624,0.373394495412844,0.345111392993718,0.340020047135815,0.0251572327044025,0.148247978436658
"national","4+","earned_by_hh_size >= 280 & earned_by_hh_size < 474 & months_since_cert_n >= 9 & rawben_rel_max >= 0.641",264,264,109,0,0,0,6,0,0,FALSE,0.412878787878788,0.412878787878788,0.344834958251457,0.344834958251457,0,0.0227272727272727
"national","4+","earned_by_hh_size >= 24.9 & months_since_cert_n >= 12 & rawben_rel_max >= 0.569 & total_deductions_by_hh_size < 217",76,76,35,0,0,2,8,0,0,FALSE,0.460526315789474,0.460526315789474,0.334628956140941,0.334628956140941,0.0263157894736842,0.105263157894737
"national","2-3","shelter_expenses_by_hh_size > 277 & total_deductions_by_hh_size > 850 & unc_rawben_rel_max <= 1",272,272,109,0,0,0,3,0,0,FALSE,0.400735294117647,0.400735294117647,0.334207546718669,0.334207546718669,0,0.0110294117647059
"national","4+","earned_by_hh_size >= 87.4 & earned_by_hh_size < 176 & gross_by_hh_size < 496 & rawben_rel_max < 0.876",186,186,77,0,0,0,0,0,0,FALSE,0.413978494623656,0.413978494623656,0.333566145946645,0.333566145946645,0,0
"national","2-3","medical_deductions >= 158 & months_since_cert_n < 14 & rawben_rel_max >= 0.68 & shelter_expenses_by_hh_size < 675",84,84,38,0,0,0,2,0,0,FALSE,0.452380952380952,0.452380952380952,0.332792993454042,0.332792993454042,0,0.0238095238095238
"national","2-3","children_i <= 0 & gross_by_hh_size >= 2140 & rawben_rel_max < 0.381 & unc_rawben_rel_max < 1.17",59,59,28,0,0,0,2,0,0,FALSE,0.474576271186441,0.474576271186441,0.331972227691996,0.331972227691996,0,0.0338983050847458
"national","4+","HH_size_n >= 5 & months_since_cert_n >= 6 & percent_abawd >= 0.3 & total_deductions_by_hh_size >= 138",42,42,21,0,0,0,1,0,0,FALSE,0.5,0.5,0.331094623915598,0.331094623915598,0,0.0238095238095238
"national","2-3","gross_by_hh_size >= 373 & total_deductions_by_hh_size >= 538 & unc_rawben_rel_max >= 1.16 & unc_rawben_rel_max < 1.22",201,201,82,69,40,69,130,0.343283582089552,0.48780487804878,TRUE,0.407960199004975,0.318181818181818,0.330769953295192,0.232642437195441,0.343283582089552,0.646766169154229
"national","2-3","earned_by_hh_size >= 81.7 & gross_by_hh_size < 261 & unc_rawben_rel_max >= 1.06 & unc_rawben_rel_max < 1.12",245,245,98,76,54,76,151,0.310204081632653,0.551020408163265,TRUE,0.4,0.260355029585799,0.330118748411383,0.190143117293076,0.310204081632653,0.616326530612245
"national","2-3","medical_deductions >= 172 & months_since_cert_n >= 5 & rawben_rel_max >= 0.139 & shelter_expenses_by_hh_size >= 591",143,143,60,0,0,0,2,0,0,FALSE,0.41958041958042,0.41958041958042,0.32824363013296,0.32824363013296,0,0.013986013986014
"national","1","unc_rawben_rel_max > 0.673 & unearned_by_hh_size > 727 & utilities_sua <= 0.5",411,411,157,2,0,8,26,0.0048661800486618,0,FALSE,0.381995133819951,0.383863080684597,0.328124446904146,0.32979105947014,0.0194647201946472,0.0632603406326034
"national","2-3","earned_by_hh_size > 123 & months_since_cert_n <= 4.5 & total_deductions_by_hh_size > 807 & unearned_by_hh_size > 135",40,40,20,0,0,0,6,0,0,FALSE,0.5,0.5,0.327415160113352,0.327415160113352,0,0.15
"national","4+","count_divisible_by_100 > 0.5 & months_since_cert_n > 6.5 & rawben_rel_max <= 0.905 & shelter_expenses_by_hh_size > 217",136,136,57,0,0,0,0,0,0,FALSE,0.419117647058824,0.419117647058824,0.325650567304444,0.325650567304444,0,0
"national","1","medical_deductions >= 176 & rawben_rel_max >= 0.952 & shelter_expenses_by_hh_size >= 667 & unc_rawben_rel_max < 1.16",241,241,95,0,0,0,22,0,0,FALSE,0.394190871369295,0.394190871369295,0.324066306950112,0.324066306950112,0,0.0912863070539419
"national","2-3","earned_by_hh_size >= 248 & gross_by_hh_size < 280 & HH_size_n >= 3 & rawben_rel_max >= 0.212",181,181,73,76,54,76,86,0.419889502762431,0.73972602739726,TRUE,0.403314917127072,0.180952380952381,0.322500279337122,0.109944014885631,0.419889502762431,0.475138121546961
"national","4+","HH_size_n > 5.5 & months_since_cert_n > 5.5 & unc_rawben_rel_max > 0.684 & unc_rawben_rel_max <= 0.961",336,336,128,0,0,0,4,0,0,FALSE,0.380952380952381,0.380952380952381,0.321677781816734,0.321677781816734,0,0.0119047619047619
"national","2-3","earned_by_hh_size >= 317 & married <= 0 & total_deductions_by_hh_size >= 550 & unc_rawben_rel_max >= 1.14",226,226,89,94,58,94,144,0.415929203539823,0.651685393258427,TRUE,0.393805309734513,0.234848484848485,0.321539175155044,0.160529049990097,0.415929203539823,0.63716814159292
"national","4+","count_divisible_by_100 >= 1 & months_since_cert_n >= 6 & total_deductions_by_hh_size >= 308 & utilities_sua >= 2",69,69,31,0,0,0,2,0,0,FALSE,0.449275362318841,0.449275362318841,0.318785604719107,0.318785604719107,0,0.0289855072463768
"national","2-3","months_since_cert_n < 21 & rawben_rel_max >= 0.163 & unc_rawben_rel_max < 1.23 & unearned_by_hh_size >= 1100",249,249,96,0,0,0,0,0,0,FALSE,0.385542168674699,0.385542168674699,0.31695639963414,0.31695639963414,0,0
"national","2-3","medical_deductions >= 205 & rawben_rel_max >= 0.325",202,202,79,0,0,0,5,0,0,FALSE,0.391089108910891,0.391089108910891,0.315063776076552,0.315063776076552,0,0.0247524752475248
"national","2-3","earned_by_hh_size > 13.2 & months_since_cert_n > 5.5 & shelter_expenses_by_hh_size > 302 & shelter_expenses_by_hh_size <= 317",49,49,23,0,0,0,1,0,0,FALSE,0.469387755102041,0.469387755102041,0.31503158556966,0.31503158556966,0,0.0204081632653061
"national","4+","earned_by_hh_size <= 166 & elderly_disabled_i >= 1 & rawben_rel_max > 0.994 & unc_rawben_rel_max <= 1",44,44,21,0,0,0,0,0,0,FALSE,0.477272727272727,0.477272727272727,0.31446193142784,0.31446193142784,0,0
"national","4+","earned_by_hh_size > 59.7 & total_deductions_by_hh_size <= 84.5 & unearned_by_hh_size > 73.8",97,97,41,0,0,0,1,0,0,FALSE,0.422680412371134,0.422680412371134,0.313150856719652,0.313150856719652,0,0.0103092783505155
"national","2-3","earned_by_hh_size <= 126 & total_deductions_by_hh_size > 641 & unc_rawben_rel_max <= 1",401,401,147,0,0,0,1,0,0,FALSE,0.366583541147132,0.366583541147132,0.312733349004338,0.312733349004338,0,0.00249376558603491
"national","4+","bbce_state_i >= 1 & earned_by_hh_size > 42.2 & earned_by_hh_size <= 346 & HH_size_n > 5.5",666,666,236,0,0,5,46,0,0,FALSE,0.354354354354354,0.354354354354354,0.312574939421166,0.312574939421166,0.00750750750750751,0.0690690690690691
"national","4+","bbce_state_i >= 1 & earned_by_hh_size > 85.9 & expedited_i <= 0 & total_deductions_by_hh_size > 583",73,73,32,0,0,0,6,0,0,FALSE,0.438356164383562,0.438356164383562,0.312203312310714,0.312203312310714,0,0.0821917808219178
"national","4+","gross_by_hh_size < 913 & months_since_cert_n >= 9 & total_deductions_by_hh_size >= 325 & total_deductions_by_hh_size < 379",136,136,55,0,0,0,1,0,0,FALSE,0.404411764705882,0.404411764705882,0.312003049476561,0.312003049476561,0,0.00735294117647059
"national","1","expedited_i <= 0 & rawben_rel_max > 0.998 & unc_rawben_rel_max <= 1.02 & utilities_sua <= 1.5",494,494,178,102,26,104,215,0.206477732793522,0.146067415730337,FALSE,0.360323886639676,0.387755102040816,0.311844344046853,0.332412515433322,0.210526315789474,0.435222672064777
"national","2-3","rawben_rel_max < 0.738 & unc_rawben_rel_max >= 0.193 & unearned_by_hh_size >= 986 & utilities_sua < 2",32,32,16,0,0,0,0,0,0,FALSE,0.5,0.5,0.309855285122083,0.309855285122083,0,0
"national","2-3","gross_by_hh_size >= 236 & gross_by_hh_size < 261 & shelter_expenses_by_hh_size >= 383 & unearned_by_hh_size < 245",180,180,70,104,64,104,113,0.577777777777778,0.914285714285714,TRUE,0.388888888888889,0.0789473684210526,0.308792824543844,0.0319934020340444,0.577777777777778,0.627777777777778
"national","2-3","bbce_state_i >= 1 & gross_by_hh_size > 198 & medical_deductions > 172 & rawben_rel_max > 0.15",379,379,137,0,0,0,6,0,0,FALSE,0.361477572559367,0.361477572559367,0.306398280711796,0.306398280711796,0,0.0158311345646438
"national","4+","gross_by_hh_size > 107 & HH_size_n > 5.5 & months_since_cert_n > 11.5",77,77,33,0,0,0,4,0,0,FALSE,0.428571428571429,0.428571428571429,0.306376299853025,0.306376299853025,0,0.051948051948052
"national","1","earned_by_hh_size > 338 & months_since_cert_n > 5.5 & unc_rawben_rel_max > 1.26",434,434,155,87,60,93,217,0.200460829493088,0.387096774193548,TRUE,0.357142857142857,0.273775216138329,0.305704404170412,0.221891024678477,0.214285714285714,0.5
"national","2-3","earned_by_hh_size <= 10.8 & elderly_disabled_i >= 1 & shelter_expenses_by_hh_size > 1020 & unc_rawben_rel_max <= 1",212,212,80,0,0,0,1,0,0,FALSE,0.377358490566038,0.377358490566038,0.303884012430914,0.303884012430914,0,0.00471698113207547
"national","2-3","earned_by_hh_size <= 1270 & shelter_expenses_by_hh_size > 1220 & total_deductions_by_hh_size > 488 & unearned_by_hh_size > 467",126,126,50,0,0,0,8,0,0,FALSE,0.396825396825397,0.396825396825397,0.301712738315744,0.301712738315744,0,0.0634920634920635
"national","1","earned_by_hh_size >= 679 & unc_rawben_rel_max >= 1.25",446,446,157,185,107,185,247,0.414798206278027,0.681528662420382,TRUE,0.352017937219731,0.191570881226054,0.301475174036137,0.141404238242512,0.414798206278027,0.553811659192825
"national","2-3","earned_by_hh_size >= 365 & earned_by_hh_size < 401 & unc_rawben_rel_max >= 1",202,202,76,104,62,104,118,0.514851485148515,0.815789473684211,TRUE,0.376237623762376,0.142857142857143,0.301158219673564,0.0793505522638474,0.514851485148515,0.584158415841584
"national","1","earned_by_hh_size >= 469 & gross_by_hh_size < 1280 & shelter_expenses_by_hh_size < 894 & unc_rawben_rel_max >= 1.36",132,132,52,0,0,7,84,0,0,FALSE,0.393939393939394,0.393939393939394,0.30106985930842,0.30106985930842,0.053030303030303,0.636363636363636
"national","4+","gross_by_hh_size > 76.2 & HH_size_n > 5.5 & married <= 0 & total_deductions_by_hh_size > 278",98,98,40,0,0,0,5,0,0,FALSE,0.408163265306122,0.408163265306122,0.300444832457559,0.300444832457559,0,0.0510204081632653
"national","2-3","earned_by_hh_size <= 382 & elderly_disabled_i <= 0 & rawben_rel_max > 0.989 & total_deductions_by_hh_size > 547",215,215,80,104,62,104,124,0.483720930232558,0.775,TRUE,0.372093023255814,0.162162162162162,0.299437752955522,0.0968634175406965,0.483720930232558,0.576744186046512
"national","4+","count_divisible_by_100 > 1.5 & married >= 1 & rawben_rel_max > 0.634",33,33,16,0,0,0,2,0,0,FALSE,0.484848484848485,0.484848484848485,0.29940347614674,0.29940347614674,0,0.0606060606060606
"national","4+","earned_by_hh_size >= 270 & gross_by_hh_size < 438 & unearned_by_hh_size >= 0.2",267,267,97,0,0,0,2,0,0,FALSE,0.363295880149813,0.363295880149813,0.298177278612811,0.298177278612811,0,0.00749063670411985
"national","4+","rawben_rel_max < 0.882 & unc_rawben_rel_max >= 0.871 & utilities_sua >= 1",145,145,56,0,0,0,0,0,0,FALSE,0.386206896551724,0.386206896551724,0.297868928194588,0.297868928194588,0,0
"national","2-3","earned_by_hh_size >= 21.7 & earned_by_hh_size < 264 & gross_by_hh_size >= 250 & unc_rawben_rel_max >= 1.06",296,296,106,77,54,77,160,0.260135135135135,0.509433962264151,TRUE,0.358108108108108,0.237442922374429,0.296370022534826,0.17740036719739,0.260135135135135,0.540540540540541
"national","1","medical_deductions > 160 & unc_rawben_rel_max > 0.32 & unc_rawben_rel_max <= 1.03 & utilities_sua <= 1.5",257,257,93,0,0,2,6,0,0,FALSE,0.361867704280156,0.361867704280156,0.295656838868577,0.295656838868577,0.00778210116731518,0.0233463035019455
"national","4+","months_since_cert_n >= 8 & rawben_rel_max >= 0.905 & rawben_rel_max < 0.927",63,63,27,0,0,0,1,0,0,FALSE,0.428571428571429,0.428571428571429,0.294937090743232,0.294937090743232,0,0.0158730158730159
"national","4+","HH_size_n <= 4.5 & total_deductions_by_hh_size > 268 & total_deductions_by_hh_size <= 282 & unc_rawben_rel_max > 0.976",150,150,57,57,34,57,78,0.38,0.596491228070175,TRUE,0.38,0.247311827956989,0.293516849219434,0.159091926616208,0.38,0.52
"national","1","earned_by_hh_size > 484 & unc_rawben_rel_max > 1.33",673,673,225,185,107,192,369,0.274888558692422,0.475555555555556,TRUE,0.334323922734027,0.241803278688525,0.293495701893187,0.19970904380253,0.285289747399703,0.548291233283804
"national","2-3","earned_by_hh_size > 11.4 & total_deductions_by_hh_size > 804 & unc_rawben_rel_max <= 1",244,244,88,0,0,0,5,0,0,FALSE,0.360655737704918,0.360655737704918,0.292889943252112,0.292889943252112,0,0.0204918032786885
"national","4+","gross_by_hh_size > 201 & shelter_expenses_by_hh_size <= 102 & unearned_by_hh_size > 27.3 & unearned_by_hh_size <= 212",284,284,101,0,0,0,0,0,0,FALSE,0.355633802816901,0.355633802816901,0.292825333320142,0.292825333320142,0,0
"national","4+","earned_by_hh_size < 541 & gross_by_hh_size >= 459 & shelter_expenses_by_hh_size >= 216 & utilities_sua < 2",118,118,46,0,0,0,0,0,0,FALSE,0.389830508474576,0.389830508474576,0.292429356352395,0.292429356352395,0,0
"national","4+","earned_by_hh_size >= 45 & earned_by_hh_size < 467 & total_deductions_by_hh_size >= 63 & total_deductions_by_hh_size < 82.4",178,178,66,0,0,17,29,0,0,FALSE,0.370786516853933,0.370786516853933,0.291552456644147,0.291552456644147,0.0955056179775281,0.162921348314607
"national","1","earned_by_hh_size > 426 & months_since_cert_n > 5.5 & rawben_rel_max > 0.285 & utilities_sua <= 0.5",151,151,57,3,2,3,26,0.0198675496688742,0.0350877192982456,FALSE,0.377483443708609,0.371621621621622,0.291464359350372,0.285286873428052,0.0198675496688742,0.172185430463576
"national","1","earned_by_hh_size >= 448 & shelter_expenses_by_hh_size < 667 & unc_rawben_rel_max >= 1.3",42,42,19,0,0,0,28,0,0,FALSE,0.452380952380952,0.452380952380952,0.289589641784695,0.289589641784695,0,0.666666666666667
"national","1","shelter_expenses_by_hh_size >= 1920 & total_deductions_by_hh_size < 1250 & unc_rawben_rel_max < 1.01 & unearned_by_hh_size < 1380",67,67,28,8,7,8,11,0.119402985074627,0.25,TRUE,0.417910447761194,0.355932203389831,0.289087026212429,0.228741304136163,0.119402985074627,0.164179104477612
"national","2-3","gross_by_hh_size > 222 & total_deductions_by_hh_size <= 370 & unc_rawben_rel_max > 1.07",302,302,105,87,61,87,156,0.288079470198675,0.580952380952381,TRUE,0.347682119205298,0.204651162790698,0.287127200003645,0.148277397375685,0.288079470198675,0.516556291390728
"national","4+","earned_by_hh_size >= 5.5 & rawben_rel_max >= 0.353 & unearned_by_hh_size >= 146 & unearned_by_hh_size < 174",255,255,90,0,0,0,6,0,0,FALSE,0.352941176470588,0.352941176470588,0.287047065020296,0.287047065020296,0,0.0235294117647059
"national","2-3","earned_by_hh_size >= 471 & months_since_cert_n >= 8 & percent_abawd >= 0.333 & rawben_rel_max >= 0.5",82,82,33,0,0,0,4,0,0,FALSE,0.402439024390244,0.402439024390244,0.286325480825013,0.286325480825013,0,0.0487804878048781
"national","2-3","gross_by_hh_size >= 322 & gross_by_hh_size < 384 & HH_size_n < 3 & total_deductions_by_hh_size >= 502",253,253,89,104,62,104,143,0.411067193675889,0.696629213483146,TRUE,0.351778656126482,0.181208053691275,0.285716546159925,0.119415930034057,0.411067193675889,0.565217391304348
"national","2-3","bbce_state_i >= 1 & earned_by_hh_size > 205 & expedited_i >= 1 & rawben_rel_max <= 0.906",317,317,109,0,0,0,6,0,0,FALSE,0.34384858044164,0.34384858044164,0.284882575712591,0.284882575712591,0,0.0189274447949527
"national","4+","count_divisible_by_100 > 0.5 & married >= 1 & shelter_expenses_by_hh_size > 245 & total_deductions_by_hh_size <= 273",106,106,41,2,1,4,6,0.0188679245283019,0.024390243902439,FALSE,0.386792452830189,0.384615384615385,0.284827030025835,0.281985671096004,0.0377358490566038,0.0566037735849057
"national","2-3","rawben_rel_max >= 0.926 & shelter_expenses_by_hh_size < 714 & unearned_by_hh_size >= 529",71,71,29,0,0,0,2,0,0,FALSE,0.408450704225352,0.408450704225352,0.283974976931487,0.283974976931487,0,0.028169014084507
"national","4+","bbce_state_i >= 1 & earned_by_hh_size >= 5.5 & months_since_cert_n >= 11 & rawben_rel_max >= 0.712",239,239,84,5,2,9,29,0.0209205020920502,0.0238095238095238,FALSE,0.351464435146443,0.35042735042735,0.283643790275029,0.282006040808714,0.0376569037656904,0.121338912133891
"national","1","gross_by_hh_size >= 1790 & rawben_rel_max >= 0.972",107,107,41,0,0,0,11,0,0,FALSE,0.383177570093458,0.383177570093458,0.281995724126414,0.281995724126414,0,0.102803738317757
"national","2-3","percent_abawd < 0.333 & unc_rawben_rel_max >= 0.193 & unearned_by_hh_size >= 1050",346,346,117,0,0,0,0,0,0,FALSE,0.338150289017341,0.338150289017341,0.281889386341265,0.281889386341265,0,0
"national","4+","gross_by_hh_size >= 698 & rawben_rel_max < 0.39 & unc_rawben_rel_max >= 0.372 & unearned_by_hh_size < 123",117,117,44,0,0,0,0,0,0,FALSE,0.376068376068376,0.376068376068376,0.279562372380057,0.279562372380057,0,0
"national","1","gross_by_hh_size <= 834 & months_since_cert_n > 7.5 & total_deductions_by_hh_size > 559 & unc_rawben_rel_max <= 1.03",355,355,120,0,0,0,103,0,0,FALSE,0.338028169014085,0.338028169014085,0.282451428355315,0.282451428355315,0,0.290140845070423
"national","2-3","earned_by_hh_size >= 706 & earned_by_hh_size < 969 & months_since_cert_n >= 2 & shelter_expenses_by_hh_size >= 894",105,105,40,0,0,0,5,0,0,FALSE,0.380952380952381,0.380952380952381,0.279129252070624,0.279129252070624,0,0.0476190476190476
"national","4+","gross_by_hh_size >= 290 & gross_by_hh_size < 392 & shelter_expenses_by_hh_size >= 329 & shelter_expenses_by_hh_size < 360",93,93,36,0,0,0,2,0,0,FALSE,0.387096774193548,0.387096774193548,0.27892762152167,0.27892762152167,0,0.021505376344086
"national","4+","shelter_expenses_by_hh_size >= 99.4 & total_deductions_by_hh_size < 308 & unc_rawben_rel_max >= 1.06 & unc_rawben_rel_max < 1.09",353,353,118,90,49,108,185,0.254957507082153,0.415254237288136,TRUE,0.334277620396601,0.262357414448669,0.278766427560088,0.204507285478651,0.305949008498584,0.524079320113314
"national","4+","months_since_cert_n > 10.5 & unc_rawben_rel_max > 0.727 & unc_rawben_rel_max <= 0.976 & utilities_sua > 0.5",272,272,93,0,0,0,1,0,0,FALSE,0.341911764705882,0.341911764705882,0.278679068413719,0.278679068413719,0,0.00367647058823529
"national","2-3","earned_by_hh_size > 13 & earned_by_hh_size <= 82.2 & medical_deductions <= 24.5 & unc_rawben_rel_max <= 1",164,164,59,0,0,0,1,0,0,FALSE,0.359756097560976,0.359756097560976,0.278351759299705,0.278351759299705,0,0.00609756097560976
"national","2-3","earned_by_hh_size >= 451 & gross_by_hh_size < 608 & percent_abawd >= 0.333 & shelter_expenses_by_hh_size < 369",55,55,23,0,0,0,2,0,0,FALSE,0.418181818181818,0.418181818181818,0.277712596634063,0.277712596634063,0,0.0363636363636364
"national","2-3","earned_by_hh_size > 54.8 & months_since_cert_n > 8.5 & shelter_expenses_by_hh_size > 769",257,257,88,13,8,13,33,0.0505836575875486,0.0909090909090909,FALSE,0.342412451361868,0.327868852459016,0.277449014799501,0.262361975989484,0.0505836575875486,0.1284046692607
"national","2-3","HH_size_n > 2.5 & rawben_rel_max <= 0.957 & total_deductions_by_hh_size > 605 & unearned_by_hh_size <= 266",149,149,54,0,0,0,0,0,0,FALSE,0.36241610738255,0.36241610738255,0.277128178596587,0.277128178596587,0,0
"national","4+","married <= 0 & total_deductions_by_hh_size > 334 & unearned_by_hh_size > 154 & utilities_sua > 0.5",227,227,78,0,0,0,13,0,0,FALSE,0.343612334801762,0.343612334801762,0.274701768527599,0.274701768527599,0,0.0572687224669604
"national","4+","bbce_state_i >= 1 & expedited_i >= 1 & rawben_rel_max <= 0.967 & utilities_sua > 0.5",306,306,102,0,0,0,2,0,0,FALSE,0.333333333333333,0.333333333333333,0.274026381349867,0.274026381349867,0,0.0065359477124183
"national","2-3","bbce_state_i >= 1 & earned_by_hh_size > 55 & earned_by_hh_size <= 60.2 & HH_size_n > 2.5",33,33,15,12,4,21,21,0.363636363636364,0.266666666666667,TRUE,0.454545454545455,0.523809523809524,0.273962129871639,0.292831607388937,0.636363636363636,0.636363636363636
"national","4+","earned_by_hh_size > 95.1 & months_since_cert_n > 5.5 & shelter_expenses_by_hh_size > 417",490,490,157,6,3,6,17,0.0122448979591837,0.0191082802547771,FALSE,0.320408163265306,0.318181818181818,0.273565603896384,0.271178835990144,0.0122448979591837,0.0346938775510204
"national","1","gross_by_hh_size < 1040 & rawben_rel_max < 0.244 & total_deductions_by_hh_size >= 213 & total_deductions_by_hh_size < 220",53,53,22,0,0,0,0,0,0,FALSE,0.415094339622642,0.415094339622642,0.27279062677187,0.27279062677187,0,0
"national","2-3","earned_by_hh_size > 79.8 & gross_by_hh_size > 249 & HH_size_n > 2.5 & shelter_expenses_by_hh_size > 741",331,331,109,11,9,11,23,0.0332326283987915,0.0825688073394495,FALSE,0.329305135951662,0.3125,0.272388419849476,0.255769960346971,0.0332326283987915,0.0694864048338369
"national","4+","rawben_rel_max < 0.9 & total_deductions_by_hh_size >= 56 & unearned_by_hh_size >= 25.2 & unearned_by_hh_size < 30.6",56,56,23,0,0,0,0,0,0,FALSE,0.410714285714286,0.410714285714286,0.272345423355212,0.272345423355212,0,0
"national","2-3","earned_by_hh_size > 7.83 & gross_by_hh_size > 222 & HH_size_n > 2.5 & total_deductions_by_hh_size <= 129",117,117,43,0,0,0,0,0,0,FALSE,0.367521367521368,0.367521367521368,0.271848037021606,0.271848037021606,0,0
"national","1","bbce_state_i >= 1 & gross_by_hh_size <= 1330 & medical_deductions > 176 & unc_rawben_rel_max <= 1.07",403,403,130,0,0,1,13,0,0,FALSE,0.32258064516129,0.32258064516129,0.271076285720777,0.271076285720777,0.00248138957816377,0.032258064516129
"national","2-3","total_deductions_by_hh_size >= 550 & total_deductions_by_hh_size < 634 & unc_rawben_rel_max >= 1.16",191,191,66,69,40,69,102,0.361256544502618,0.606060606060606,TRUE,0.345549738219895,0.213114754098361,0.270763405431637,0.140036187189979,0.361256544502618,0.534031413612565
"national","2-3","HH_size_n <= 2.5 & married >= 1 & rawben_rel_max <= 0.97 & total_deductions_by_hh_size > 634",397,397,128,0,0,0,5,0,0,FALSE,0.322418136020151,0.322418136020151,0.270557281661837,0.270557281661837,0,0.0125944584382872
"national","2-3","count_divisible_by_100 >= 1 & earned_by_hh_size < 1480 & shelter_expenses_by_hh_size >= 730 & unc_rawben_rel_max < 0.647",124,124,45,0,0,0,0,0,0,FALSE,0.362903225806452,0.362903225806452,0.270152093571831,0.270152093571831,0,0
"national","1","earned_by_hh_size > 584 & months_since_cert_n > 4.5 & total_deductions_by_hh_size > 1040 & unc_rawben_rel_max > 1.08",381,381,123,108,70,108,182,0.283464566929134,0.569105691056911,TRUE,0.322834645669291,0.194139194139194,0.269934446661254,0.14462513632443,0.283464566929134,0.477690288713911
"national","2-3","gross_by_hh_size >= 632 & HH_size_n >= 3 & rawben_rel_max >= 0.624 & total_deductions_by_hh_size >= 444",406,406,130,0,0,0,4,0,0,FALSE,0.320197044334975,0.320197044334975,0.269007045852129,0.269007045852129,0,0.00985221674876847
"national","2-3","rawben_rel_max > 0.0441 & shelter_expenses_by_hh_size > 653 & unc_rawben_rel_max <= 1.34 & utilities_sua <= 1.5",252,252,84,11,10,11,17,0.0436507936507936,0.119047619047619,FALSE,0.333333333333333,0.307053941908714,0.268404187571372,0.242809358307682,0.0436507936507936,0.0674603174603175
"national","4+","months_since_cert_n >= 8 & rawben_rel_max >= 0.461 & shelter_expenses_by_hh_size >= 171 & total_deductions_by_hh_size < 168",180,180,62,0,0,0,1,0,0,FALSE,0.344444444444444,0.344444444444444,0.267684575890224,0.267684575890224,0,0.00555555555555556
"national","4+","HH_size_n > 7.5 & total_deductions_by_hh_size <= 228 & utilities_sua <= 1.5",72,72,28,0,0,0,3,0,0,FALSE,0.388888888888889,0.388888888888889,0.26754147145644,0.26754147145644,0,0.0416666666666667
"national","1","children_i >= 1 & count_divisible_by_100 <= 1.5 & total_deductions_by_hh_size <= 366 & utilities_sua > 0.5",31,31,14,0,0,0,1,0,0,FALSE,0.451612903225806,0.451612903225806,0.266834620602285,0.266834620602285,0,0.032258064516129
"national","2-3","months_since_cert_n >= 7 & rawben_rel_max < 0.765 & shelter_expenses_by_hh_size < 846 & total_deductions_by_hh_size >= 642",132,132,47,0,0,0,1,0,0,FALSE,0.356060606060606,0.356060606060606,0.266545745725919,0.266545745725919,0,0.00757575757575758
"national","2-3","earned_by_hh_size >= 32.3 & percent_abawd >= 0.333 & total_deductions_by_hh_size >= 194 & unearned_by_hh_size >= 238",165,165,57,0,0,0,5,0,0,FALSE,0.345454545454545,0.345454545454545,0.265491141269868,0.265491141269868,0,0.0303030303030303
"national","2-3","count_divisible_by_100 > 0.5 & earned_by_hh_size > 108 & unc_rawben_rel_max > 0.444 & unearned_by_hh_size > 138",205,205,69,0,0,0,14,0,0,FALSE,0.336585365853659,0.336585365853659,0.264897498799839,0.264897498799839,0,0.0682926829268293
"national","2-3","gross_by_hh_size >= 673 & percent_abawd >= 0.333 & shelter_expenses_by_hh_size < 846 & unc_rawben_rel_max >= 0.356",313,313,101,0,0,0,4,0,0,FALSE,0.322683706070288,0.322683706070288,0.264682427329409,0.264682427329409,0,0.012779552715655
"national","4+","bbce_state_i >= 1 & shelter_expenses_by_hh_size >= 421 & total_deductions_by_hh_size >= 330 & total_deductions_by_hh_size < 344",133,133,47,0,0,0,0,0,0,FALSE,0.353383458646617,0.353383458646617,0.264432141558282,0.264432141558282,0,0
"national","1","bbce_state_i >= 1 & gross_by_hh_size > 304 & rawben_rel_max <= 0.0822 & unc_rawben_rel_max > 0.0787",545,545,168,0,0,0,0,0,0,FALSE,0.308256880733945,0.308256880733945,0.264320794777334,0.264320794777334,0,0
"national","2-3","earned_by_hh_size > 84.6 & shelter_expenses_by_hh_size <= 112 & total_deductions_by_hh_size > 105 & total_deductions_by_hh_size <= 120",37,37,16,0,0,0,0,0,0,FALSE,0.432432432432432,0.432432432432432,0.263895663617476,0.263895663617476,0,0
"national","2-3","earned_by_hh_size < 259 & total_deductions_by_hh_size >= 369 & unc_rawben_rel_max >= 1.09 & unc_rawben_rel_max < 1.11",153,153,53,61,39,61,83,0.398692810457516,0.735849056603774,TRUE,0.34640522875817,0.152173913043478,0.263559146181784,0.0846653798717808,0.398692810457516,0.542483660130719
"national","2-3","gross_by_hh_size < 1370 & medical_deductions >= 200 & medical_deductions < 333 & months_since_cert_n >= 9",70,70,27,0,0,0,1,0,0,FALSE,0.385714285714286,0.385714285714286,0.263275633425801,0.263275633425801,0,0.0142857142857143
"national","4+","HH_size_n >= 5 & months_since_cert_n >= 4 & rawben_rel_max >= 0.353 & rawben_rel_max < 0.371",67,67,26,0,0,0,0,0,0,FALSE,0.388059701492537,0.388059701492537,0.262958398527903,0.262958398527903,0,0
"national","2-3","earned_by_hh_size >= 361 & earned_by_hh_size < 387 & total_deductions_by_hh_size < 190",61,61,24,1,1,1,0,0.0163934426229508,0.0416666666666667,FALSE,0.39344262295082,0.383333333333333,0.262419601033208,0.252820632420921,0.0163934426229508,0
"national","4+","gross_by_hh_size >= 573 & months_since_cert_n >= 11 & rawben_rel_max >= 0.393 & shelter_expenses_by_hh_size >= 79.6",144,144,50,0,0,0,0,0,0,FALSE,0.347222222222222,0.347222222222222,0.261990331562334,0.261990331562334,0,0
"national","2-3","bbce_state_i >= 1 & shelter_expenses_by_hh_size >= 482 & unc_rawben_rel_max < 1.2 & utilities_sua < 2",617,617,187,24,18,24,45,0.0388978930307942,0.0962566844919786,FALSE,0.303079416531605,0.284991568296796,0.261907914278782,0.243969300120034,0.0388978930307942,0.0729335494327391
"national","4+","count_divisible_by_100 < 1 & earned_by_hh_size >= 270 & rawben_rel_max >= 0.911 & total_deductions_by_hh_size < 283",86,86,32,0,0,0,3,0,0,FALSE,0.372093023255814,0.372093023255814,0.2618258677149,0.2618258677149,0,0.0348837209302326
"national","1","medical_deductions >= 209 & rawben_rel_max >= 0.947 & shelter_expenses_by_hh_size < 1120",118,118,42,0,0,1,7,0,0,FALSE,0.355932203389831,0.355932203389831,0.261799548690065,0.261799548690065,0.00847457627118644,0.0593220338983051
"national","2-3","gross_by_hh_size >= 763 & percent_abawd >= 0.333 & rawben_rel_max >= 0.212 & unearned_by_hh_size >= 8.5",164,164,56,0,0,0,1,0,0,FALSE,0.341463414634146,0.341463414634146,0.261632698609314,0.261632698609314,0,0.00609756097560976
"national","2-3","earned_by_hh_size > 35.2 & months_since_cert_n > 8.5 & total_deductions_by_hh_size > 450 & unc_rawben_rel_max <= 1.2",635,635,191,26,15,26,55,0.0409448818897638,0.0785340314136126,FALSE,0.300787401574803,0.288998357963875,0.260285101605941,0.24827913531548,0.0409448818897638,0.0866141732283465
"national","4+","months_since_cert_n < 4 & shelter_expenses_by_hh_size >= 288 & unc_rawben_rel_max >= 1.08 & unc_rawben_rel_max < 1.15",109,109,39,32,22,34,49,0.293577981651376,0.564102564102564,TRUE,0.357798165137615,0.220779220779221,0.260066557230547,0.13126652761165,0.311926605504587,0.44954128440367
"national","4+","HH_size_n > 6.5 & married <= 0 & months_since_cert_n <= 5.5 & rawben_rel_max <= 0.975",322,322,102,0,0,0,3,0,0,FALSE,0.316770186335404,0.316770186335404,0.259918891953119,0.259918891953119,0,0.0093167701863354
"national","2-3","unc_rawben_rel_max >= 0.514 & unearned_by_hh_size >= 883",292,292,93,0,0,0,1,0,0,FALSE,0.318493150684932,0.318493150684932,0.258871095633122,0.258871095633122,0,0.00342465753424658
"national","4+","earned_by_hh_size >= 5.5 & months_since_cert_n >= 6 & total_deductions_by_hh_size >= 325 & total_deductions_by_hh_size < 338",87,87,32,0,0,0,2,0,0,FALSE,0.367816091954023,0.367816091954023,0.258621221230663,0.258621221230663,0,0.0229885057471264
"national","4+","rawben_rel_max >= 0.345 & rawben_rel_max < 0.386 & shelter_expenses_by_hh_size >= 405",100,100,36,0,0,0,0,0,0,FALSE,0.36,0.36,0.258203434244221,0.258203434244221,0,0
"national","4+","earned_by_hh_size <= 59.6 & rawben_rel_max <= 0.365 & unc_rawben_rel_max > 0.344 & unc_rawben_rel_max <= 1.02",32,32,14,0,0,0,0,0,0,FALSE,0.4375,0.4375,0.25766898430634,0.25766898430634,0,0
"national","2-3","earned_by_hh_size >= 915 & earned_by_hh_size < 956 & rawben_rel_max >= 0.256 & total_deductions_by_hh_size < 330",59,59,23,0,0,0,1,0,0,FALSE,0.389830508474576,0.389830508474576,0.257432002009884,0.257432002009884,0,0.0169491525423729
"national","2-3","gross_by_hh_size <= 258 & HH_size_n > 2.5 & rawben_rel_max > 0.957 & total_deductions_by_hh_size > 358",177,177,59,55,38,55,77,0.310734463276836,0.644067796610169,TRUE,0.333333333333333,0.172131147540984,0.256940734486102,0.107028539835757,0.310734463276836,0.435028248587571
"national","2-3","earned_by_hh_size > 145 & months_since_cert_n <= 16.5 & percent_abawd > 0.167 & percent_abawd <= 0.417",263,263,84,3,3,3,10,0.0114068441064639,0.0357142857142857,FALSE,0.319391634980989,0.311538461538462,0.256737785544757,0.249146579960505,0.0114068441064639,0.0380228136882129
"national","2-3","gross_by_hh_size < 470 & rawben_rel_max < 0.791 & shelter_expenses_by_hh_size < 1140 & unearned_by_hh_size < 264",274,274,87,0,0,0,0,0,0,FALSE,0.317518248175182,0.317518248175182,0.256178743169991,0.256178743169991,0,0
"national","4+","earned_by_hh_size > 42.2 & shelter_expenses_by_hh_size > 92.5 & shelter_expenses_by_hh_size <= 95.2",44,44,18,0,0,0,0,0,0,FALSE,0.409090909090909,0.409090909090909,0.25604702425129,0.25604702425129,0,0
"national","2-3","bbce_state_i >= 1 & earned_by_hh_size > 4.75 & gross_by_hh_size > 198 & months_since_cert_n > 8.5",1535,1535,432,42,23,42,116,0.0273615635179153,0.0532407407407407,FALSE,0.2814332247557,0.273945077026122,0.255538874299802,0.247950340465616,0.0273615635179153,0.0755700325732899
"national","1","gross_by_hh_size > 1130 & rawben_rel_max > 0.312 & utilities_sua <= 1.5",771,771,225,0,0,0,10,0,0,FALSE,0.291828793774319,0.291828793774319,0.255302950210674,0.255302950210674,0,0.012970168612192
"national","2-3","bbce_state_i >= 1 & children_i <= 0 & expedited_i >= 1 & gross_by_hh_size > 366",199,199,65,4,3,4,16,0.0201005025125628,0.0461538461538462,FALSE,0.326633165829146,0.317948717948718,0.254785725379795,0.246192424663065,0.0201005025125628,0.0804020100502513
"national","4+","earned_by_hh_size > 0.171 & elderly_disabled_i >= 1 & married <= 0",634,634,186,0,0,0,12,0,0,FALSE,0.293375394321767,0.293375394321767,0.253205366839437,0.253205366839437,0,0.0189274447949527
"national","4+","gross_by_hh_size < 712 & rawben_rel_max >= 0.683 & rawben_rel_max < 0.719 & total_deductions_by_hh_size < 126",159,159,53,0,0,0,0,0,0,FALSE,0.333333333333333,0.333333333333333,0.253127818937689,0.253127818937689,0,0
"national","4+","rawben_rel_max >= 0.436 & unearned_by_hh_size >= 208 & unearned_by_hh_size < 212",60,60,23,0,0,0,0,0,0,FALSE,0.383333333333333,0.383333333333333,0.252820632420921,0.252820632420921,0,0
"national","2-3","count_divisible_by_100 > 0.5 & percent_abawd <= 1.42 & shelter_expenses_by_hh_size > 1050",76,76,28,1,1,1,7,0.0131578947368421,0.0357142857142857,FALSE,0.368421052631579,0.36,0.252505354950234,0.244556455741052,0.0131578947368421,0.0921052631578947
"national","1","elderly_disabled_i <= 0 & months_since_cert_n > 5.5 & rawben_rel_max > 0.274 & unc_rawben_rel_max <= 0.818",513,513,152,0,0,3,13,0,0,FALSE,0.296296296296296,0.296296296296296,0.251726012443524,0.251726012443524,0.00584795321637427,0.0253411306042885
"national","2-3","earned_by_hh_size < 81.7 & married >= 1 & rawben_rel_max >= 0.155 & unearned_by_hh_size >= 965",433,433,130,0,0,0,0,0,0,FALSE,0.300230946882217,0.300230946882217,0.251718221394891,0.251718221394891,0,0
"national","4+","earned_by_hh_size < 692 & gross_by_hh_size >= 708 & gross_by_hh_size < 727",116,116,40,0,0,0,0,0,0,FALSE,0.344827586206897,0.344827586206897,0.25116745654251,0.25116745654251,0,0
"national","4+","rawben_rel_max >= 0.605 & rawben_rel_max < 0.619 & total_deductions_by_hh_size >= 64.5",213,213,68,0,0,0,0,0,0,FALSE,0.31924882629108,0.31924882629108,0.250217473604893,0.250217473604893,0,0
"national","4+","gross_by_hh_size >= 68.2 & HH_size_n >= 6 & shelter_expenses_by_hh_size < 180 & utilities_sua < 2",320,320,98,0,0,0,6,0,0,FALSE,0.30625,0.30625,0.249950240604103,0.249950240604103,0,0.01875
"national","4+","elderly_disabled_i <= 0 & months_since_cert_n >= 9 & rawben_rel_max >= 0.616 & shelter_expenses_by_hh_size >= 366",217,217,69,6,2,7,10,0.0276497695852535,0.0289855072463768,FALSE,0.317972350230415,0.317535545023697,0.24963345284332,0.248351015733289,0.032258064516129,0.0460829493087558
"national","2-3","count_divisible_by_100 > 1.5 & rawben_rel_max <= 0.495",30,30,13,0,0,0,0,0,0,FALSE,0.433333333333333,0.433333333333333,0.249555901376185,0.249555901376185,0,0
"national","1","medical_deductions >= 199 & months_since_cert_n >= 18 & total_deductions_by_hh_size >= 1120 & unc_rawben_rel_max < 1.01",100,100,35,0,0,0,0,0,0,FALSE,0.35,0.35,0.249366467529326,0.249366467529326,0,0
"national","4+","bbce_state_i >= 1 & shelter_expenses_by_hh_size >= 346 & shelter_expenses_by_hh_size < 360 & unc_rawben_rel_max < 1.06",310,310,95,0,0,0,2,0,0,FALSE,0.306451612903226,0.306451612903226,0.249300645496599,0.249300645496599,0,0.00645161290322581
"national","2-3","expedited_i >= 1 & rawben_rel_max <= 0.97 & shelter_expenses_by_hh_size > 809",148,148,49,0,0,0,5,0,0,FALSE,0.331081081081081,0.331081081081081,0.248461323277885,0.248461323277885,0,0.0337837837837838
"national","4+","elderly_disabled_i >= 1 & HH_size_n <= 5.5 & total_deductions_by_hh_size <= 249 & unearned_by_hh_size <= 156",94,94,33,0,0,0,9,0,0,FALSE,0.351063829787234,0.351063829787234,0.247525396428774,0.247525396428774,0,0.0957446808510638
"national","2-3","HH_size_n > 2.5 & months_since_cert_n <= 0.5 & unc_rawben_rel_max <= 0.971 & utilities_sua <= 0.5",101,101,35,0,0,0,0,0,0,FALSE,0.346534653465347,0.346534653465347,0.246753353285517,0.246753353285517,0,0
"national","2-3","expedited_i >= 1 & gross_by_hh_size > 183 & married >= 1 & unc_rawben_rel_max <= 0.677",81,81,29,0,0,0,2,0,0,FALSE,0.358024691358025,0.358024691358025,0.246623360019398,0.246623360019398,0,0.0246913580246914
"national","2-3","bbce_state_i >= 1 & gross_by_hh_size >= 360 & gross_by_hh_size < 402",722,722,205,119,74,119,171,0.164819944598338,0.360975609756098,TRUE,0.28393351800554,0.217247097844113,0.246620318488737,0.180793596721279,0.164819944598338,0.236842105263158
"national","4+","gross_by_hh_size >= 434 & HH_size_n >= 6 & unc_rawben_rel_max < 0.761 & unearned_by_hh_size >= 198",256,256,79,0,0,0,0,0,0,FALSE,0.30859375,0.30859375,0.245985132786639,0.245985132786639,0,0
"national","1","bbce_state_i >= 1 & homeless >= 1 & rawben_rel_max >= 0.408 & unearned_by_hh_size >= 962",160,160,52,1,0,2,0,0.00625,0,FALSE,0.325,0.327044025157233,0.245823234234563,0.247443037487254,0.0125,0
"national","1","gross_by_hh_size < 586 & percent_abawd < 1 & unc_rawben_rel_max < 1.02 & unearned_by_hh_size >= 439",304,304,92,0,0,5,66,0,0,FALSE,0.302631578947368,0.302631578947368,0.24523695801786,0.24523695801786,0.0164473684210526,0.217105263157895
"national","4+","bbce_state_i >= 1 & gross_by_hh_size > 48.2 & utilities_sua > 0.5 & utilities_sua <= 1.5",931,931,257,3,3,3,28,0.00322234156820623,0.0116731517509728,FALSE,0.276047261009667,0.273706896551724,0.243336554535982,0.241048493341495,0.00322234156820623,0.0300751879699248
"national","4+","gross_by_hh_size >= 114 & months_since_cert_n < 2 & unc_rawben_rel_max >= 1.08",99,99,34,15,12,17,41,0.151515151515152,0.352941176470588,TRUE,0.343434343434343,0.261904761904762,0.243149792947359,0.167202356838843,0.171717171717172,0.414141414141414
"national","4+","count_divisible_by_100 > 0.5 & gross_by_hh_size <= 662 & married >= 1 & months_since_cert_n > 8.5",59,59,22,0,0,0,1,0,0,FALSE,0.372881355932203,0.372881355932203,0.243003045838065,0.243003045838065,0,0.0169491525423729
"national","2-3","count_divisible_by_100 > 1.5 & earned_by_hh_size <= 123 & gross_by_hh_size > 165",40,40,16,0,0,0,6,0,0,FALSE,0.4,0.4,0.242397089822366,0.242397089822366,0,0.15
"national","4+","rawben_rel_max <= 0.567 & shelter_expenses_by_hh_size > 334 & shelter_expenses_by_hh_size <= 350 & unc_rawben_rel_max <= 0.975",184,184,58,0,0,0,0,0,0,FALSE,0.315217391304348,0.315217391304348,0.241796646469594,0.241796646469594,0,0
"national","4+","HH_size_n <= 5.5 & rawben_rel_max <= 0.932 & unc_rawben_rel_max > 0.869 & unearned_by_hh_size > 21.3",470,470,135,0,0,0,2,0,0,FALSE,0.287234042553192,0.287234042553192,0.241325834857166,0.241325834857166,0,0.00425531914893617
"national","2-3","earned_by_hh_size >= 790 & gross_by_hh_size < 798",53,53,20,0,0,0,0,0,0,FALSE,0.377358490566038,0.377358490566038,0.240758002023421,0.240758002023421,0,0
"national","4+","shelter_expenses_by_hh_size >= 165 & total_deductions_by_hh_size >= 290 & unearned_by_hh_size >= 193 & unearned_by_hh_size < 244",121,121,40,0,0,0,15,0,0,FALSE,0.330578512396694,0.330578512396694,0.240239085318188,0.240239085318188,0,0.12396694214876
"national","4+","months_since_cert_n >= 4 & months_since_cert_n < 23 & shelter_expenses_by_hh_size >= 348 & unearned_by_hh_size >= 492",157,157,50,0,0,0,0,0,0,FALSE,0.318471337579618,0.318471337579618,0.239272167769849,0.239272167769849,0,0
"national","2-3","expedited_i >= 1 & months_since_cert_n > 6.5 & total_deductions_by_hh_size > 496 & utilities_sua > 0.5",125,125,41,9,4,9,26,0.072,0.0975609756097561,FALSE,0.328,0.318965517241379,0.239243963194246,0.228315424667427,0.072,0.208
"national","4+","gross_by_hh_size >= 704 & gross_by_hh_size < 722 & rawben_rel_max < 0.511 & unc_rawben_rel_max < 1.24",212,212,65,0,0,0,0,0,0,FALSE,0.306603773584906,0.306603773584906,0.238521454558304,0.238521454558304,0,0
"national","2-3","earned_by_hh_size <= 129 & elderly_disabled_i >= 1 & gross_by_hh_size > 952 & rawben_rel_max > 0.168",739,739,203,0,0,0,1,0,0,FALSE,0.274695534506089,0.274695534506089,0.238244749278329,0.238244749278329,0,0.0013531799729364
"national","2-3","children_i <= 0 & homeless <= 0 & rawben_rel_max <= 0.985 & unc_rawben_rel_max <= -0.615",94,94,32,0,0,0,1,0,0,FALSE,0.340425531914894,0.340425531914894,0.238225071128919,0.238225071128919,0,0.0106382978723404
"national","4+","rawben_rel_max >= 0.13 & shelter_expenses_by_hh_size >= 304 & total_deductions_by_hh_size < 265 & unc_rawben_rel_max < 0.272",165,165,52,0,0,0,0,0,0,FALSE,0.315151515151515,0.315151515151515,0.238033679711643,0.238033679711643,0,0
"national","1","earned_by_hh_size > 374 & expedited_i >= 1 & gross_by_hh_size <= 1720 & shelter_expenses_by_hh_size <= 112",74,74,26,0,0,0,8,0,0,FALSE,0.351351351351351,0.351351351351351,0.236459716281958,0.236459716281958,0,0.108108108108108
"national","2-3","count_divisible_by_100 < 2 & shelter_expenses_by_hh_size >= 865 & total_deductions_by_hh_size >= 594 & total_deductions_by_hh_size < 660",259,259,77,0,0,0,7,0,0,FALSE,0.297297297297297,0.297297297297297,0.235932464639058,0.235932464639058,0,0.027027027027027
"national","1","children_i <= 0 & gross_by_hh_size > 480 & gross_by_hh_size <= 702 & unearned_by_hh_size <= 314",790,790,214,177,105,184,314,0.224050632911392,0.490654205607477,TRUE,0.270886075949367,0.177814029363785,0.235758732939438,0.144758376461879,0.232911392405063,0.39746835443038
"national","2-3","earned_by_hh_size < 424 & shelter_expenses_by_hh_size >= 469 & unc_rawben_rel_max < 1.32 & utilities_sua < 2",431,431,122,24,18,24,41,0.0556844547563805,0.147540983606557,FALSE,0.283062645011601,0.255528255528256,0.235521565972924,0.208676456068685,0.0556844547563805,0.0951276102088167
"national","1","gross_by_hh_size >= 681 & months_since_cert_n >= 4 & percent_abawd >= 1 & shelter_expenses_by_hh_size >= 1180",267,267,79,31,18,31,54,0.116104868913858,0.227848101265823,FALSE,0.295880149812734,0.258474576271186,0.235481596344152,0.198124693275989,0.116104868913858,0.202247191011236
"national","1","expedited_i >= 1 & unc_rawben_rel_max > 1 & unc_rawben_rel_max <= 1.03",260,260,77,15,9,19,134,0.0576923076923077,0.116883116883117,FALSE,0.296153846153846,0.277551020408163,0.234991744532808,0.216361820411068,0.0730769230769231,0.515384615384615
"national","2-3","HH_size_n >= 3 & total_deductions_by_hh_size >= 444 & unearned_by_hh_size >= 291 & unearned_by_hh_size < 712",201,201,61,0,0,0,20,0,0,FALSE,0.303482587064677,0.303482587064677,0.234020590120592,0.234020590120592,0,0.0995024875621891
"national","2-3","earned_by_hh_size >= 715 & rawben_rel_max >= 0.497 & shelter_expenses_by_hh_size < 237",35,35,14,0,0,0,1,0,0,FALSE,0.4,0.4,0.23363484441584,0.23363484441584,0,0.0285714285714286
"national","2-3","rawben_rel_max < 0.899 & total_deductions_by_hh_size >= 606 & total_deductions_by_hh_size < 614",68,68,24,0,0,0,1,0,0,FALSE,0.352941176470588,0.352941176470588,0.233593207747619,0.233593207747619,0,0.0147058823529412
"national","2-3","earned_by_hh_size < 43.3 & total_deductions_by_hh_size >= 538 & unc_rawben_rel_max >= 1 & unc_rawben_rel_max < 1.07",128,128,41,0,0,0,3,0,0,FALSE,0.3203125,0.3203125,0.233354399230128,0.233354399230128,0,0.0234375
"national","2-3","rawben_rel_max >= 0.621 & shelter_expenses_by_hh_size < 490 & unearned_by_hh_size >= 426 & unearned_by_hh_size < 441",89,89,30,0,0,0,0,0,0,FALSE,0.337078651685393,0.337078651685393,0.232869546318694,0.232869546318694,0,0
"national","1","medical_deductions >= 158 & months_since_cert_n < 3 & rawben_rel_max >= 0.392 & unearned_by_hh_size >= 1610",65,65,23,0,0,0,0,0,0,FALSE,0.353846153846154,0.353846153846154,0.232055518891449,0.232055518891449,0,0
"national","1","months_since_cert_n > 12.5 & shelter_expenses_by_hh_size > 16 & unc_rawben_rel_max > 0.488 & utilities_sua <= 1.5",631,631,171,5,0,6,42,0.00792393026941363,0,FALSE,0.270998415213946,0.273162939297125,0.23191741495717,0.233814695417873,0.00950871632329636,0.0665610142630745
"national","2-3","rawben_rel_max >= 0.845 & rawben_rel_max < 0.878 & shelter_expenses_by_hh_size < 440 & unearned_by_hh_size >= 340",93,93,31,0,0,0,0,0,0,FALSE,0.333333333333333,0.333333333333333,0.231586206042145,0.231586206042145,0,0
"national","2-3","gross_by_hh_size >= 826 & months_since_cert_n >= 16 & rawben_rel_max >= 0.61",62,62,22,0,0,0,1,0,0,FALSE,0.354838709677419,0.354838709677419,0.230440441733044,0.230440441733044,0,0.0161290322580645
"national","1","earned_by_hh_size >= 850 & rawben_rel_max >= 0.464 & total_deductions_by_hh_size < 579",90,90,30,0,0,1,3,0,0,FALSE,0.333333333333333,0.333333333333333,0.230132043651833,0.230132043651833,0.0111111111111111,0.0333333333333333
"national","2-3","months_since_cert_n >= 5 & months_since_cert_n < 10 & rawben_rel_max < 0.55 & unc_rawben_rel_max >= 0.535",90,90,30,0,0,0,2,0,0,FALSE,0.333333333333333,0.333333333333333,0.230132043651833,0.230132043651833,0,0.0222222222222222
"national","2-3","bbce_state_i >= 1 & rawben_rel_max > 0.852 & rawben_rel_max <= 0.94 & shelter_expenses_by_hh_size > 661",316,316,90,0,0,0,1,0,0,FALSE,0.284810126582278,0.284810126582278,0.229764899946341,0.229764899946341,0,0.00316455696202532
"national","2-3","elderly_disabled_i >= 1 & gross_by_hh_size >= 221 & total_deductions_by_hh_size < 204 & unearned_by_hh_size < 266",52,52,19,0,0,0,0,0,0,FALSE,0.365384615384615,0.365384615384615,0.229703137175663,0.229703137175663,0,0
"national","2-3","HH_size_n >= 3 & rawben_rel_max >= 0.561 & unearned_by_hh_size >= 565",194,194,58,0,0,0,1,0,0,FALSE,0.298969072164948,0.298969072164948,0.228818281824139,0.228818281824139,0,0.00515463917525773
"national","2-3","rawben_rel_max < 0.596 & unc_rawben_rel_max >= 0.54 & unc_rawben_rel_max < 0.551 & unearned_by_hh_size < 0.5",87,87,29,0,0,0,1,0,0,FALSE,0.333333333333333,0.333333333333333,0.228611818962778,0.228611818962778,0,0.0114942528735632
"national","1","bbce_state_i >= 1 & shelter_expenses_by_hh_size > 1670 & unc_rawben_rel_max > 0.264 & unc_rawben_rel_max <= 1.03",1166,1166,299,20,15,20,67,0.0171526586620926,0.0501672240802676,FALSE,0.256432246998285,0.2478184991274,0.227860118984222,0.219384436737923,0.0171526586620926,0.0574614065180103
"national","4+","earned_by_hh_size > 87.3 & HH_size_n > 5.5 & months_since_cert_n > 2.5 & rawben_rel_max <= 0.461",420,420,115,0,0,0,0,0,0,FALSE,0.273809523809524,0.273809523809524,0.226317006921433,0.226317006921433,0,0
"national","1","earned_by_hh_size >= 158 & gross_by_hh_size < 737 & months_since_cert_n >= 6 & unc_rawben_rel_max >= 1.03",607,607,161,143,74,149,262,0.235584843492586,0.459627329192547,TRUE,0.265238879736409,0.1875,0.225767545521859,0.149044207109796,0.245469522240527,0.43163097199341
"national","1","earned_by_hh_size >= 1 & months_since_cert_n >= 16 & rawben_rel_max >= 0.505 & shelter_expenses_by_hh_size >= 468",151,151,46,10,9,10,41,0.0662251655629139,0.195652173913043,FALSE,0.304635761589404,0.26241134751773,0.225527151774624,0.186165256408228,0.0662251655629139,0.271523178807947
"national","1","gross_by_hh_size >= 1190 & gross_by_hh_size < 1270 & shelter_expenses_by_hh_size < 781 & total_deductions_by_hh_size >= 774",33,33,13,0,0,0,2,0,0,FALSE,0.393939393939394,0.393939393939394,0.22488819799654,0.22488819799654,0,0.0606060606060606
"national","4+","months_since_cert_n >= 5 & rawben_rel_max >= 0.262 & unc_rawben_rel_max < 0.272",33,33,13,0,0,0,0,0,0,FALSE,0.393939393939394,0.393939393939394,0.22488819799654,0.22488819799654,0,0
"national","2-3","earned_by_hh_size >= 120 & earned_by_hh_size < 164 & gross_by_hh_size >= 152 & total_deductions_by_hh_size < 519",225,225,65,0,0,0,47,0,0,FALSE,0.288888888888889,0.288888888888889,0.224216013536588,0.224216013536588,0,0.208888888888889
"national","4+","gross_by_hh_size >= 389 & gross_by_hh_size < 434 & shelter_expenses_by_hh_size < 263 & unc_rawben_rel_max < 0.761",389,389,106,0,0,0,0,0,0,FALSE,0.272493573264781,0.272493573264781,0.223373727488848,0.223373727488848,0,0
"national","2-3","count_divisible_by_100 > 0.5 & medical_deductions <= 386 & unearned_by_hh_size > 341 & unearned_by_hh_size <= 434",164,164,49,11,8,11,18,0.0670731707317073,0.163265306122449,FALSE,0.298780487804878,0.26797385620915,0.223156538796124,0.193663992855947,0.0670731707317073,0.109756097560976
"national","1","homeless >= 1 & rawben_rel_max >= 0.592 & unearned_by_hh_size >= 539",238,238,68,1,0,5,14,0.00420168067226891,0,FALSE,0.285714285714286,0.286919831223629,0.222958291924246,0.223933733726314,0.0210084033613445,0.0588235294117647
"national","2-3","gross_by_hh_size >= 679 & rawben_rel_max >= 0.525 & rawben_rel_max < 0.576 & shelter_expenses_by_hh_size < 440",138,138,42,0,0,0,1,0,0,FALSE,0.304347826086957,0.304347826086957,0.222052838841881,0.222052838841881,0,0.0072463768115942
"national","1","earned_by_hh_size >= 735 & gross_by_hh_size < 1160 & shelter_expenses_by_hh_size >= 54 & total_deductions_by_hh_size >= 1180",108,108,34,0,0,0,37,0,0,FALSE,0.314814814814815,0.314814814814815,0.221823820880775,0.221823820880775,0,0.342592592592593
"national","4+","earned_by_hh_size >= 709 & months_since_cert_n < 1 & rawben_rel_max >= 0.371 & rawben_rel_max < 0.616",75,75,25,0,0,0,0,0,0,FALSE,0.333333333333333,0.333333333333333,0.221756287163207,0.221756287163207,0,0
"national","4+","earned_by_hh_size < 862 & gross_by_hh_size >= 753 & HH_size_n >= 6",208,208,60,0,0,0,0,0,0,FALSE,0.288461538461538,0.288461538461538,0.221490427676351,0.221490427676351,0,0
"national","1","medical_deductions > 196 & rawben_rel_max > 0.998 & unc_rawben_rel_max <= 1.02",95,95,62,0,0,1,7,0,0,FALSE,0.652631578947368,0.652631578947368,0.533579693063861,0.533579693063861,0.0105263157894737,0.0736842105263158
"national","2-3","rawben_rel_max > 0.999 & total_deductions_by_hh_size > 504 & unc_rawben_rel_max > 0.155 & unc_rawben_rel_max <= 1",86,86,56,0,0,0,1,0,0,FALSE,0.651162790697674,0.651162790697674,0.525921925765553,0.525921925765553,0,0.0116279069767442
"national","1","gross_by_hh_size > 677 & gross_by_hh_size <= 704 & shelter_expenses_by_hh_size > 1770 & total_deductions_by_hh_size > 209",50,50,31,47,30,47,49,0.94,0.967741935483871,TRUE,0.62,0.333333333333333,0.45616038771009,0.0475485424026578,0.94,0.98
"national","1","earned_by_hh_size >= 679 & earned_by_hh_size < 694 & shelter_expenses_by_hh_size >= 1090",141,141,78,126,76,126,129,0.893617021276596,0.974358974358974,TRUE,0.553191489361702,0.133333333333333,0.45563552403171,0.0303334984973465,0.893617021276596,0.914893617021277
"national","1","earned_by_hh_size >= 678 & gross_by_hh_size < 1030 & months_since_cert_n >= 5 & unc_rawben_rel_max >= 1.34",112,112,60,64,41,64,91,0.571428571428571,0.683333333333333,TRUE,0.535714285714286,0.395833333333333,0.42699870749059,0.25038398115754,0.571428571428571,0.8125
"national","1","shelter_expenses_by_hh_size >= 692 & total_deductions_by_hh_size < 738 & unc_rawben_rel_max >= 1.01",59,59,34,0,0,0,37,0,0,FALSE,0.576271186440678,0.576271186440678,0.426506051168682,0.426506051168682,0,0.627118644067797
"national","1","earned_by_hh_size >= 635 & months_since_cert_n >= 6 & unc_rawben_rel_max >= 1.34",144,144,75,53,37,53,102,0.368055555555556,0.493333333333333,TRUE,0.520833333333333,0.417582417582418,0.425012805605852,0.305290785970083,0.368055555555556,0.708333333333333
"national","1","months_since_cert_n < 16 & rawben_rel_max >= 1 & total_deductions_by_hh_size >= 1320 & unc_rawben_rel_max < 1.02",129,129,67,0,0,0,5,0,0,FALSE,0.51937984496124,0.51937984496124,0.418357667446909,0.418357667446909,0,0.0387596899224806
"national","4+","earned_by_hh_size >= 70.8 & unc_rawben_rel_max >= 1.08 & unc_rawben_rel_max < 1.09",137,137,70,79,45,84,110,0.576642335766423,0.642857142857143,TRUE,0.510948905109489,0.431034482758621,0.413099323340066,0.292145635894669,0.613138686131387,0.802919708029197
"national","2-3","gross_by_hh_size >= 822 & rawben_rel_max >= 0.639 & unearned_by_hh_size >= 168 & unearned_by_hh_size < 602",51,51,29,0,0,0,3,0,0,FALSE,0.568627450980392,0.568627450980392,0.408523554873535,0.408523554873535,0,0.0588235294117647
"national","1","shelter_expenses_by_hh_size > 546 & total_deductions_by_hh_size > 789 & unearned_by_hh_size > 898 & utilities_sua <= 0.5",234,234,113,0,0,0,8,0,0,FALSE,0.482905982905983,0.482905982905983,0.408171495978954,0.408171495978954,0,0.0341880341880342
"national","4+","HH_size_n >= 5 & rawben_rel_max < 0.801 & shelter_expenses_by_hh_size < 498 & total_deductions_by_hh_size >= 401",58,58,32,0,0,0,0,0,0,FALSE,0.551724137931034,0.551724137931034,0.401978062952916,0.401978062952916,0,0
"national","4+","HH_size_n >= 5 & shelter_expenses_by_hh_size < 300 & total_deductions_by_hh_size >= 341",58,58,32,0,0,0,2,0,0,FALSE,0.551724137931034,0.551724137931034,0.401978062952916,0.401978062952916,0,0.0344827586206897
"national","1","medical_deductions >= 263 & rawben_rel_max >= 0.956 & unc_rawben_rel_max < 1.06",108,108,55,0,0,1,7,0,0,FALSE,0.509259259259259,0.509259259259259,0.399627613912023,0.399627613912023,0.00925925925925926,0.0648148148148148
"national","1","earned_by_hh_size < 1 & rawben_rel_max >= 1 & shelter_expenses_by_hh_size >= 1560 & unc_rawben_rel_max < 1.03",215,215,102,24,17,24,75,0.111627906976744,0.166666666666667,FALSE,0.474418604651163,0.445026178010471,0.396810177089852,0.364045059610695,0.111627906976744,0.348837209302326
"national","1","earned_by_hh_size > 376 & percent_abawd <= 0.5 & unc_rawben_rel_max > 1.27 & utilities_sua <= 0.5",45,45,25,5,2,5,33,0.111111111111111,0.08,FALSE,0.555555555555556,0.575,0.38669580207799,0.395198316654038,0.111111111111111,0.733333333333333
"national","1","gross_by_hh_size >= 586 & gross_by_hh_size < 1880 & shelter_expenses_by_hh_size >= 1920 & total_deductions_by_hh_size < 1100",98,98,49,48,34,48,55,0.489795918367347,0.693877551020408,TRUE,0.5,0.3,0.385633753946633,0.175008828722577,0.489795918367347,0.561224489795918
"national","2-3","earned_by_hh_size < 1220 & medical_deductions >= 202 & rawben_rel_max >= 0.693",78,78,40,0,0,0,5,0,0,FALSE,0.512820512820513,0.512820512820513,0.384686589873907,0.384686589873907,0,0.0641025641025641
"national","4+","shelter_expenses_by_hh_size >= 388 & unc_rawben_rel_max >= 1.08 & unc_rawben_rel_max < 1.1",41,41,23,30,19,30,33,0.731707317073171,0.826086956521739,TRUE,0.560975609756098,0.363636363636364,0.384277174652328,0.128749824195662,0.731707317073171,0.804878048780488
"national","1","shelter_expenses_by_hh_size > 550 & total_deductions_by_hh_size > 988 & unc_rawben_rel_max <= 1.46 & utilities_sua <= 0.5",182,182,84,10,5,10,30,0.0549450549450549,0.0595238095238095,FALSE,0.461538461538462,0.459302325581395,0.377939391457161,0.373509011697029,0.0549450549450549,0.164835164835165
"national","1","shelter_expenses_by_hh_size >= 1100 & unearned_by_hh_size >= 851 & utilities_sua < 1",161,161,75,0,0,0,4,0,0,FALSE,0.46583850931677,0.46583850931677,0.37699800463909,0.37699800463909,0,0.0248447204968944
"national","2-3","HH_size_n >= 3 & total_deductions_by_hh_size >= 784 & unc_rawben_rel_max >= 0.264 & unearned_by_hh_size >= 0.5",38,38,21,0,0,0,3,0,0,FALSE,0.552631578947368,0.552631578947368,0.370414431490341,0.370414431490341,0,0.0789473684210526
"national","2-3","gross_by_hh_size >= 1190 & percent_abawd < 1 & shelter_expenses_by_hh_size < 758 & unc_rawben_rel_max >= 0.484",43,43,23,0,0,0,0,0,0,FALSE,0.534883720930233,0.534883720930233,0.364195136608637,0.364195136608637,0,0
"national","1","elderly_disabled_i >= 1 & total_deductions_by_hh_size > 755 & unc_rawben_rel_max <= 1.03 & utilities_sua <= 0.5",334,334,142,0,0,2,19,0,0,FALSE,0.425149700598802,0.425149700598802,0.363915485350147,0.363915485350147,0.00598802395209581,0.0568862275449102
"national","4+","gross_by_hh_size > 110 & percent_abawd <= 0.464 & rawben_rel_max <= 0.621 & total_deductions_by_hh_size > 529",48,48,25,0,0,0,0,0,0,FALSE,0.520833333333333,0.520833333333333,0.359711598346672,0.359711598346672,0,0
"national","4+","earned_by_hh_size > 94.8 & gross_by_hh_size <= 463 & total_deductions_by_hh_size > 307 & unearned_by_hh_size > 20.6",60,60,30,0,0,0,14,0,0,FALSE,0.5,0.5,0.356200715909328,0.356200715909328,0,0.233333333333333
"national","4+","HH_size_n > 4.5 & total_deductions_by_hh_size > 492",40,40,21,0,0,0,1,0,0,FALSE,0.525,0.525,0.349626740548194,0.349626740548194,0,0.025
"national","4+","gross_by_hh_size > 183 & HH_size_n > 5.5 & months_since_cert_n > 5.5 & shelter_expenses_by_hh_size > 405",47,47,24,0,0,0,1,0,0,FALSE,0.51063829787234,0.51063829787234,0.348926142783826,0.348926142783826,0,0.0212765957446809
"national","1","gross_by_hh_size >= 1060 & rawben_rel_max >= 0.312 & shelter_expenses_by_hh_size >= 919 & utilities_sua < 1",180,180,77,0,0,0,6,0,0,FALSE,0.427777777777778,0.427777777777778,0.345343858329092,0.345343858329092,0,0.0333333333333333
"national","2-3","shelter_expenses_by_hh_size > 660 & total_deductions_by_hh_size > 816 & unc_rawben_rel_max <= 1",277,277,113,0,0,0,4,0,0,FALSE,0.407942238267148,0.407942238267148,0.341660750932194,0.341660750932194,0,0.0144404332129964
"national","1","elderly_disabled_i >= 1 & rawben_rel_max >= 0.936 & shelter_expenses_by_hh_size < 975 & unc_rawben_rel_max < 1.01",545,545,210,35,13,43,147,0.0642201834862385,0.0619047619047619,FALSE,0.385321100917431,0.386274509803922,0.338184655969686,0.337569202391363,0.0788990825688073,0.269724770642202
"national","1","earned_by_hh_size >= 448 & months_since_cert_n >= 15 & unc_rawben_rel_max >= 1.28",49,49,24,11,9,11,29,0.224489795918367,0.375,TRUE,0.489795918367347,0.394736842105263,0.333173694994788,0.234798235550521,0.224489795918367,0.591836734693878
"national","1","earned_by_hh_size >= 376 & earned_by_hh_size < 704 & gross_by_hh_size >= 693 & unc_rawben_rel_max >= 1.09",203,203,83,112,64,112,149,0.551724137931034,0.771084337349398,TRUE,0.408866995073892,0.208791208791209,0.331986775735983,0.127473036601773,0.551724137931034,0.733990147783251
"national","2-3","earned_by_hh_size <= 1870 & gross_by_hh_size > 1780 & HH_size_n <= 2.5 & total_deductions_by_hh_size > 548",43,43,21,0,0,0,3,0,0,FALSE,0.488372093023256,0.488372093023256,0.322560015272808,0.322560015272808,0,0.0697674418604651
"national","1","elderly_disabled_i <= 0 & gross_by_hh_size > 308 & unc_rawben_rel_max > 0.0787 & unc_rawben_rel_max <= 0.0822",114,114,49,0,0,0,0,0,0,FALSE,0.429824561403509,0.429824561403509,0.327580856905751,0.327580856905751,0,0
"national","4+","earned_by_hh_size > 43 & HH_size_n > 5.5 & months_since_cert_n > 4.5 & total_deductions_by_hh_size > 334",33,33,17,0,0,0,1,0,0,FALSE,0.515151515151515,0.515151515151515,0.325438175819297,0.325438175819297,0,0.0303030303030303
"national","1","bbce_state_i >= 1 & shelter_expenses_by_hh_size > 972 & unc_rawben_rel_max > 0.321 & utilities_sua <= 0.5",300,300,115,10,5,10,27,0.0333333333333333,0.0434782608695652,FALSE,0.383333333333333,0.379310344827586,0.320655570486927,0.315818886673324,0.0333333333333333,0.09
"national","2-3","shelter_expenses_by_hh_size < 485 & total_deductions_by_hh_size >= 606 & unc_rawben_rel_max < 1.03",117,117,49,0,0,0,1,0,0,FALSE,0.418803418803419,0.418803418803419,0.318608900933563,0.318608900933563,0,0.00854700854700855
"national","2-3","bbce_state_i >= 1 & unc_rawben_rel_max > 0.999 & unc_rawben_rel_max <= 1",238,238,90,0,0,0,1,0,0,FALSE,0.378151260504202,0.378151260504202,0.308512688834606,0.308512688834606,0,0.00420168067226891
"national","2-3","earned_by_hh_size < 724 & gross_by_hh_size >= 581 & total_deductions_by_hh_size >= 784",316,316,116,0,0,0,41,0,0,FALSE,0.367088607594937,0.367088607594937,0.306748931807488,0.306748931807488,0,0.129746835443038
"national","1","gross_by_hh_size > 958 & homeless >= 1 & shelter_expenses_by_hh_size > 1100",61,61,27,0,0,0,0,0,0,FALSE,0.442622950819672,0.442622950819672,0.305450523437763,0.305450523437763,0,0
"national","2-3","earned_by_hh_size >= 250 & earned_by_hh_size < 264 & percent_abawd < 0.333",191,191,73,72,50,72,84,0.37696335078534,0.684931506849315,TRUE,0.382198952879581,0.19327731092437,0.304730051267215,0.123198129471569,0.37696335078534,0.43979057591623
"national","2-3","earned_by_hh_size > 128 & earned_by_hh_size <= 387 & unc_rawben_rel_max > 1.1 & unc_rawben_rel_max <= 1.2",663,663,227,181,116,181,358,0.273001508295626,0.511013215859031,TRUE,0.342383107088989,0.230290456431535,0.300949381457445,0.188826165327431,0.273001508295626,0.539969834087481
"national","4+","gross_by_hh_size <= 151 & married >= 1 & shelter_expenses_by_hh_size > 217 & unc_rawben_rel_max <= 1.1",38,38,18,8,4,13,24,0.210526315789474,0.222222222222222,FALSE,0.473684210526316,0.466666666666667,0.30066237974957,0.276687189745099,0.342105263157895,0.631578947368421
"national","4+","earned_by_hh_size > 68.2 & total_deductions_by_hh_size > 517 & unearned_by_hh_size > 11.9",62,62,27,0,0,0,5,0,0,FALSE,0.435483870967742,0.435483870967742,0.300100570915833,0.300100570915833,0,0.0806451612903226
"national","4+","earned_by_hh_size > 8.08 & earned_by_hh_size <= 170 & gross_by_hh_size > 143 & months_since_cert_n > 5.5",240,240,88,6,4,7,34,0.025,0.0454545454545455,FALSE,0.366666666666667,0.358974358974359,0.297994837928281,0.289978885125461,0.0291666666666667,0.141666666666667
"national","1","children_i >= 1 & months_since_cert_n < 4 & shelter_expenses_by_hh_size < 915 & unc_rawben_rel_max < 0.701",68,68,29,0,0,0,0,0,0,FALSE,0.426470588235294,0.426470588235294,0.29751815469601,0.29751815469601,0,0
"national","4+","shelter_expenses_by_hh_size >= 348 & shelter_expenses_by_hh_size < 424 & total_deductions_by_hh_size >= 447",68,68,29,0,0,0,0,0,0,FALSE,0.426470588235294,0.426470588235294,0.29751815469601,0.29751815469601,0,0
"national","2-3","gross_by_hh_size <= 550 & married >= 1 & total_deductions_by_hh_size > 366 & total_deductions_by_hh_size <= 370",36,36,17,16,12,16,20,0.444444444444444,0.705882352941177,TRUE,0.472222222222222,0.25,0.29536594298974,0.0964557645636021,0.444444444444444,0.555555555555556
"national","4+","HH_size_n >= 7 & rawben_rel_max < 0.782 & shelter_expenses_by_hh_size < 111 & utilities_sua < 2",52,52,23,0,0,0,0,0,0,FALSE,0.442307692307692,0.442307692307692,0.295181127656504,0.295181127656504,0,0
"national","2-3","earned_by_hh_size > 81.8 & months_since_cert_n > 14.5 & rawben_rel_max <= 0.397 & utilities_sua > 0.5",56,56,24,0,0,0,3,0,0,FALSE,0.428571428571429,0.428571428571429,0.28784312201277,0.28784312201277,0,0.0535714285714286
"national","4+","HH_size_n > 5.5 & months_since_cert_n > 3.5 & shelter_expenses_by_hh_size > 313 & unearned_by_hh_size > 20.6",123,123,47,0,0,0,4,0,0,FALSE,0.382113821138211,0.382113821138211,0.287219142543186,0.287219142543186,0,0.032520325203252
"national","1","medical_deductions < 3 & rawben_rel_max < 0.08 & shelter_expenses_by_hh_size < 977 & unc_rawben_rel_max >= 0.076",106,106,41,0,0,0,0,0,0,FALSE,0.386792452830189,0.386792452830189,0.284827030025835,0.284827030025835,0,0
"national","4+","gross_by_hh_size <= 387 & percent_abawd > 0.05 & rawben_rel_max <= 0.982 & shelter_expenses_by_hh_size > 25.2",170,170,62,0,0,0,2,0,0,FALSE,0.364705882352941,0.364705882352941,0.284240037354031,0.284240037354031,0,0.0117647058823529
"national","4+","gross_by_hh_size >= 194 & gross_by_hh_size < 230 & unc_rawben_rel_max >= 1.08",83,83,33,40,24,40,50,0.481927710843373,0.727272727272727,TRUE,0.397590361445783,0.209302325581395,0.282629227440538,0.101965521447639,0.481927710843373,0.602409638554217
"national","1","gross_by_hh_size >= 669 & rawben_rel_max >= 0.467 & shelter_expenses_by_hh_size >= 945 & utilities_sua < 2",902,902,286,28,18,32,61,0.0310421286031042,0.0629370629370629,FALSE,0.317073170731707,0.306636155606407,0.282215844446983,0.271639724290113,0.0354767184035477,0.0676274944567627
"national","2-3","gross_by_hh_size >= 311 & months_since_cert_n < 1 & total_deductions_by_hh_size >= 206 & utilities_sua < 1",104,104,40,3,2,3,4,0.0288461538461538,0.05,FALSE,0.384615384615385,0.376237623762376,0.281985671096004,0.273114851486367,0.0288461538461538,0.0384615384615385
"national","1","total_deductions_by_hh_size > 1100 & unc_rawben_rel_max <= 1.03 & utilities_sua <= 1.5",283,283,97,0,0,1,12,0,0,FALSE,0.342756183745583,0.342756183745583,0.280632006664476,0.280632006664476,0.00353356890459364,0.0424028268551237
"national","4+","gross_by_hh_size < 669 & rawben_rel_max < 0.942 & shelter_expenses_by_hh_size >= 219 & utilities_sua < 2",262,262,90,0,0,0,1,0,0,FALSE,0.343511450381679,0.343511450381679,0.279056573034076,0.279056573034076,0,0.00381679389312977
"national","4+","gross_by_hh_size >= 92 & percent_abawd >= 0.4 & rawben_rel_max < 0.896 & total_deductions_by_hh_size >= 188",102,102,39,0,0,0,1,0,0,FALSE,0.382352941176471,0.382352941176471,0.279052024234916,0.279052024234916,0,0.00980392156862745
"national","4+","count_divisible_by_100 > 0.5 & earned_by_hh_size <= 451 & HH_size_n > 5.5 & rawben_rel_max <= 0.947",143,143,52,0,0,0,1,0,0,FALSE,0.363636363636364,0.363636363636364,0.276626245806865,0.276626245806865,0,0.00699300699300699
"national","2-3","earned_by_hh_size < 910 & months_since_cert_n >= 1 & total_deductions_by_hh_size >= 650 & unc_rawben_rel_max < 1.14",625,625,198,0,0,0,10,0,0,FALSE,0.3168,0.3168,0.27524484055318,0.27524484055318,0,0.016
"national","4+","shelter_expenses_by_hh_size >= 455 & shelter_expenses_by_hh_size < 492 & total_deductions_by_hh_size >= 408",47,47,20,0,0,0,2,0,0,FALSE,0.425531914893617,0.425531914893617,0.274178449544488,0.274178449544488,0,0.0425531914893617
"national","2-3","earned_by_hh_size > 4.75 & months_since_cert_n > 23.5 & rawben_rel_max <= 0.978",33,33,15,0,0,0,0,0,0,FALSE,0.454545454545455,0.454545454545455,0.273962129871639,0.273962129871639,0,0
"national","4+","months_since_cert_n >= 11 & rawben_rel_max >= 0.501 & shelter_expenses_by_hh_size >= 324",205,205,71,5,1,7,10,0.024390243902439,0.0140845070422535,FALSE,0.346341463414634,0.35,0.273893866274939,0.276441454095804,0.0341463414634146,0.0487804878048781
"national","4+","HH_size_n >= 5 & unc_rawben_rel_max >= 1.08 & unc_rawben_rel_max < 1.1 & unearned_by_hh_size < 84.8",107,107,40,22,11,32,58,0.205607476635514,0.275,TRUE,0.373831775700935,0.341176470588235,0.273587910351784,0.234314104271238,0.299065420560748,0.542056074766355
"national","1","shelter_expenses_by_hh_size > 546 & unearned_by_hh_size > 600 & unearned_by_hh_size <= 898 & utilities_sua <= 0.5",161,161,57,0,0,2,24,0,0,FALSE,0.354037267080745,0.354037267080745,0.27242436529784,0.27242436529784,0.0124223602484472,0.149068322981366
"national","4+","rawben_rel_max < 0.927 & total_deductions_by_hh_size < 82.4 & unearned_by_hh_size < 117",56,56,23,0,0,0,3,0,0,FALSE,0.410714285714286,0.410714285714286,0.272345423355212,0.272345423355212,0,0.0535714285714286
"national","4+","percent_abawd >= 0.182 & rawben_rel_max < 0.966 & shelter_expenses_by_hh_size >= 248 & total_deductions_by_hh_size < 272",117,117,43,0,0,0,1,0,0,FALSE,0.367521367521368,0.367521367521368,0.271848037021606,0.271848037021606,0,0.00854700854700855
"national","2-3","bbce_state_i >= 1 & children_i <= 0 & expedited_i >= 1 & rawben_rel_max < 0.902",130,130,47,0,0,0,2,0,0,FALSE,0.361538461538462,0.361538461538462,0.270876663246036,0.270876663246036,0,0.0153846153846154
"national","4+","months_since_cert_n >= 4 & months_since_cert_n < 7 & unearned_by_hh_size >= 78.4 & unearned_by_hh_size < 84.8",39,39,17,0,0,0,6,0,0,FALSE,0.435897435897436,0.435897435897436,0.270453709020398,0.270453709020398,0,0.153846153846154
"national","4+","elderly_disabled_i <= 0 & HH_size_n >= 7 & months_since_cert_n >= 9 & unc_rawben_rel_max < 1.1",121,121,44,0,0,0,1,0,0,FALSE,0.363636363636364,0.363636363636364,0.269782913769612,0.269782913769612,0,0.00826446280991736
"national","4+","gross_by_hh_size >= 146 & shelter_expenses_by_hh_size < 82.4 & utilities_sua >= 2",341,341,111,0,0,0,1,0,0,FALSE,0.325513196480938,0.325513196480938,0.269617093238357,0.269617093238357,0,0.00293255131964809
"national","2-3","children_i <= 0 & earned_by_hh_size > 126 & expedited_i >= 1",106,106,39,5,3,5,13,0.0471698113207547,0.0769230769230769,FALSE,0.367924528301887,0.356435643564356,0.267874908777177,0.255493361075149,0.0471698113207547,0.122641509433962
"national","1","months_since_cert_n <= 5.5 & rawben_rel_max > 0.333 & shelter_expenses_by_hh_size > 2000 & unc_rawben_rel_max <= 1.08",167,167,58,8,7,8,21,0.0479041916167665,0.120689655172414,FALSE,0.347305389221557,0.320754716981132,0.267619950091073,0.241774947474008,0.0479041916167665,0.125748502994012
"national","4+","HH_size_n > 7.5 & percent_abawd <= 0.279 & shelter_expenses_by_hh_size <= 10.6 & unc_rawben_rel_max <= 1.02",31,31,14,0,0,0,2,0,0,FALSE,0.451612903225806,0.451612903225806,0.266834620602285,0.266834620602285,0,0.0645161290322581
"national","4+","earned_by_hh_size <= 251 & HH_size_n > 5.5 & rawben_rel_max <= 0.975 & unearned_by_hh_size <= 21.6",124,124,44,0,0,0,4,0,0,FALSE,0.354838709677419,0.354838709677419,0.262888779464161,0.262888779464161,0,0.032258064516129
"national","1","rawben_rel_max >= 0.331 & unearned_by_hh_size >= 1160 & utilities_sua < 2",482,482,149,0,0,0,7,0,0,FALSE,0.309128630705394,0.309128630705394,0.262512267056673,0.262512267056673,0,0.0145228215767635
"national","2-3","children_i >= 1 & gross_by_hh_size > 681 & percent_abawd > 0.167 & percent_abawd <= 0.417",118,118,42,0,0,0,0,0,0,FALSE,0.355932203389831,0.355932203389831,0.261799548690065,0.261799548690065,0,0
"national","4+","earned_by_hh_size >= 45 & earned_by_hh_size < 116 & shelter_expenses_by_hh_size < 250 & total_deductions_by_hh_size < 140",198,198,66,0,0,17,38,0,0,FALSE,0.333333333333333,0.333333333333333,0.260757967282323,0.260757967282323,0.0858585858585859,0.191919191919192
"national","4+","shelter_expenses_by_hh_size >= 486 & total_deductions_by_hh_size >= 249 & total_deductions_by_hh_size < 292 & unc_rawben_rel_max >= 0.171",106,106,38,13,10,13,18,0.122641509433962,0.263157894736842,TRUE,0.358490566037736,0.301075268817204,0.259460611844513,0.203899066733392,0.122641509433962,0.169811320754717
"national","2-3","rawben_rel_max >= 0.0446 & shelter_expenses_by_hh_size >= 846 & unearned_by_hh_size >= 1100",233,233,76,0,0,0,0,0,0,FALSE,0.32618025751073,0.32618025751073,0.2593914145654,0.2593914145654,0,0
"national","1","medical_deductions >= 125 & rawben_rel_max >= 0.888 & total_deductions_by_hh_size >= 731 & unc_rawben_rel_max < 1.11",606,606,182,0,0,4,47,0,0,FALSE,0.3003300330033,0.3003300330033,0.258939648178695,0.258939648178695,0.0066006600660066,0.0775577557755776
"national","1","earned_by_hh_size >= 426 & homeless <= 0 & total_deductions_by_hh_size < 900 & unc_rawben_rel_max >= 1.3",56,56,22,0,0,0,36,0,0,FALSE,0.392857142857143,0.392857142857143,0.257028219005927,0.257028219005927,0,0.642857142857143
"national","4+","children_i <= 0 & married >= 1 & months_since_cert_n > 3.5 & unc_rawben_rel_max <= 1.1",35,35,15,0,0,0,4,0,0,FALSE,0.428571428571429,0.428571428571429,0.256808072975818,0.256808072975818,0,0.114285714285714
"national","4+","earned_by_hh_size >= 193 & rawben_rel_max >= 0.902 & shelter_expenses_by_hh_size >= 576",38,38,16,4,4,4,11,0.105263157894737,0.25,TRUE,0.421052631578947,0.352941176470588,0.256312926823665,0.194919253644596,0.105263157894737,0.289473684210526
"national","4+","earned_by_hh_size >= 761 & HH_size_n >= 6 & shelter_expenses_by_hh_size >= 295",101,101,36,0,0,0,0,0,0,FALSE,0.356435643564356,0.356435643564356,0.255493361075149,0.255493361075149,0,0
"national","1","elderly_disabled_i >= 1 & rawben_rel_max >= 0.916 & total_deductions_by_hh_size >= 213 & utilities_sua < 2",965,965,278,14,2,18,165,0.0145077720207254,0.00719424460431655,FALSE,0.288082901554404,0.290220820189274,0.255429062437738,0.257250821699228,0.0186528497409326,0.170984455958549
"national","1","earned_by_hh_size > 365 & elderly_disabled_i <= 0 & rawben_rel_max <= 0.668 & unearned_by_hh_size > 382",69,69,26,0,0,0,4,0,0,FALSE,0.376811594202899,0.376811594202899,0.25479509775994,0.25479509775994,0,0.0579710144927536
"national","4+","rawben_rel_max >= 0.595 & rawben_rel_max < 0.619 & shelter_expenses_by_hh_size >= 330",108,108,38,0,0,0,0,0,0,FALSE,0.351851851851852,0.351851851851852,0.254376239219365,0.254376239219365,0,0
"national","4+","gross_by_hh_size < 937 & shelter_expenses_by_hh_size >= 244 & unearned_by_hh_size >= 317 & unearned_by_hh_size < 334",76,76,28,0,0,0,0,0,0,FALSE,0.368421052631579,0.368421052631579,0.252505354950234,0.252505354950234,0,0
"national","1","medical_deductions > 160 & rawben_rel_max > 0.273 & shelter_expenses_by_hh_size <= 866 & utilities_sua > 0.5",429,429,129,0,0,1,7,0,0,FALSE,0.300699300699301,0.300699300699301,0.25194629017395,0.25194629017395,0.00233100233100233,0.0163170163170163
"national","4+","count_divisible_by_100 < 1 & shelter_expenses_by_hh_size < 498 & total_deductions_by_hh_size >= 396 & unc_rawben_rel_max < 0.516",73,73,27,0,0,0,0,0,0,FALSE,0.36986301369863,0.36986301369863,0.251712664091617,0.251712664091617,0,0
"national","4+","rawben_rel_max < 0.799 & shelter_expenses_by_hh_size >= 87.5 & shelter_expenses_by_hh_size < 193 & unc_rawben_rel_max >= 0.761",202,202,65,0,0,0,0,0,0,FALSE,0.321782178217822,0.321782178217822,0.250837731520566,0.250837731520566,0,0
"national","4+","months_since_cert_n >= 13 & months_since_cert_n < 19 & shelter_expenses_by_hh_size < 221 & unearned_by_hh_size < 212",93,93,33,2,0,3,10,0.021505376344086,0,FALSE,0.354838709677419,0.362637362637363,0.250349590099069,0.256197290877027,0.032258064516129,0.10752688172043
"national","2-3","rawben_rel_max > 0.971 & unc_rawben_rel_max <= 1.14 & unearned_by_hh_size > 301 & utilities_sua <= 1.5",67,67,25,10,7,10,15,0.149253731343284,0.28,TRUE,0.373134328358209,0.315789473684211,0.250074556165989,0.193970351110794,0.149253731343284,0.223880597014925
"national","4+","bbce_state_i >= 1 & earned_by_hh_size >= 587 & earned_by_hh_size < 600 & expedited_i <= 0",121,121,41,0,0,0,0,0,0,FALSE,0.338842975206612,0.338842975206612,0.247578064914156,0.247578064914156,0,0
"national","4+","elderly_disabled_i >= 1 & medical_deductions <= 162 & unc_rawben_rel_max <= 1.02 & unearned_by_hh_size <= 61.6",71,71,26,0,0,0,0,0,0,FALSE,0.366197183098592,0.366197183098592,0.247127360021044,0.247127360021044,0,0
"national","2-3","earned_by_hh_size < 1290 & gross_by_hh_size >= 1200 & rawben_rel_max >= 0.212 & rawben_rel_max < 0.298",91,91,32,0,0,0,0,0,0,FALSE,0.351648351648352,0.351648351648352,0.246555750033092,0.246555750033092,0,0
"national","1","elderly_disabled_i <= 0 & rawben_rel_max >= 0.336 & shelter_expenses_by_hh_size < 730 & unearned_by_hh_size >= 665",115,115,39,0,0,0,4,0,0,FALSE,0.339130434782609,0.339130434782609,0.245748223341716,0.245748223341716,0,0.0347826086956522
"national","2-3","count_divisible_by_100 >= 1 & rawben_rel_max >= 0.386 & rawben_rel_max < 0.544",203,203,64,0,0,0,0,0,0,FALSE,0.315270935960591,0.315270935960591,0.245052723481601,0.245052723481601,0,0
"national","4+","earned_by_hh_size >= 40.4 & earned_by_hh_size < 176 & total_deductions_by_hh_size < 215 & unearned_by_hh_size < 604",761,761,214,0,0,22,117,0,0,FALSE,0.281208935611038,0.281208935611038,0.244947701299552,0.244947701299552,0.0289093298291721,0.153745072273325
"national","1","gross_by_hh_size >= 669 & homeless >= 1 & rawben_rel_max >= 0.502 & unc_rawben_rel_max < 1.3",287,287,87,1,0,6,13,0.00348432055749129,0,FALSE,0.303135888501742,0.304195804195804,0.244154167020423,0.245038766502227,0.0209059233449477,0.0452961672473868
"national","4+","earned_by_hh_size > 10.5 & earned_by_hh_size <= 87.3 & HH_size_n <= 7.5 & rawben_rel_max <= 0.976",165,165,53,0,0,0,0,0,0,FALSE,0.321212121212121,0.321212121212121,0.243494683769412,0.243494683769412,0,0
"national","2-3","medical_deductions >= 172 & medical_deductions < 182",59,59,22,0,0,0,0,0,0,FALSE,0.372881355932203,0.372881355932203,0.243003045838065,0.243003045838065,0,0
"national","4+","HH_size_n >= 5 & total_deductions_by_hh_size >= 96 & total_deductions_by_hh_size < 106",194,194,61,0,0,0,4,0,0,FALSE,0.314432989690722,0.314432989690722,0.24282616964623,0.24282616964623,0,0.0206185567010309
"national","4+","gross_by_hh_size < 672 & rawben_rel_max >= 0.589 & rawben_rel_max < 0.679 & total_deductions_by_hh_size >= 344",79,79,28,0,0,0,0,0,0,FALSE,0.354430379746835,0.354430379746835,0.242300396526038,0.242300396526038,0,0
"national","4+","months_since_cert_n >= 6 & shelter_expenses_by_hh_size >= 523 & total_deductions_by_hh_size < 379 & unearned_by_hh_size < 615",135,135,44,4,3,4,8,0.0296296296296296,0.0681818181818182,FALSE,0.325925925925926,0.312977099236641,0.240381605898041,0.227749218668908,0.0296296296296296,0.0592592592592593
"national","4+","gross_by_hh_size > 140 & shelter_expenses_by_hh_size > 295 & shelter_expenses_by_hh_size <= 300",160,160,51,2,1,3,6,0.0125,0.0196078431372549,FALSE,0.31875,0.316455696202532,0.240193545402238,0.237687506729402,0.01875,0.0375
"national","4+","gross_by_hh_size < 542 & rawben_rel_max < 0.871 & shelter_expenses_by_hh_size >= 476 & unearned_by_hh_size < 145",97,97,33,0,0,0,2,0,0,FALSE,0.34020618556701,0.34020618556701,0.23942496930117,0.23942496930117,0,0.0206185567010309
"national","4+","gross_by_hh_size < 588 & shelter_expenses_by_hh_size >= 586 & shelter_expenses_by_hh_size < 695 & unearned_by_hh_size < 191",97,97,33,9,6,9,13,0.0927835051546392,0.181818181818182,FALSE,0.34020618556701,0.306818181818182,0.23942496930117,0.206456481684228,0.0927835051546392,0.134020618556701
"national","2-3","earned_by_hh_size > 1030 & medical_deductions <= 186 & percent_abawd > 0.167 & total_deductions_by_hh_size > 547",108,108,36,0,0,0,1,0,0,FALSE,0.333333333333333,0.333333333333333,0.238015623582501,0.238015623582501,0,0.00925925925925926
"national","2-3","children_i >= 1 & gross_by_hh_size > 222 & gross_by_hh_size <= 262 & HH_size_n > 2.5",495,495,139,110,70,110,150,0.222222222222222,0.503597122302158,TRUE,0.280808080808081,0.179220779220779,0.23639022331066,0.138297939208655,0.222222222222222,0.303030303030303
"national","4+","unearned_by_hh_size > 159 & unearned_by_hh_size <= 161",41,41,16,0,0,0,2,0,0,FALSE,0.390243902439024,0.390243902439024,0.23599639047882,0.23599639047882,0,0.0487804878048781
"national","4+","earned_by_hh_size < 528 & months_since_cert_n >= 3 & rawben_rel_max >= 0.679 & rawben_rel_max < 0.69",88,88,30,0,0,0,0,0,0,FALSE,0.340909090909091,0.340909090909091,0.23567338145969,0.23567338145969,0,0
"national","2-3","shelter_expenses_by_hh_size >= 469 & total_deductions_by_hh_size >= 363 & total_deductions_by_hh_size < 389 & unearned_by_hh_size < 499",253,253,75,47,32,47,54,0.185770750988142,0.426666666666667,TRUE,0.296442687747036,0.20873786407767,0.23448648538974,0.150751680129604,0.185770750988142,0.213438735177866
"national","2-3","medical_deductions >= 192 & shelter_expenses_by_hh_size >= 598",292,292,85,0,0,0,5,0,0,FALSE,0.291095890410959,0.291095890410959,0.233509000179896,0.233509000179896,0,0.0171232876712329
"national","1","months_since_cert_n >= 25 & rawben_rel_max >= 0.752 & unc_rawben_rel_max < 1.01 & unearned_by_hh_size < 761",48,48,18,5,3,7,14,0.104166666666667,0.166666666666667,FALSE,0.375,0.348837209302326,0.233060308380399,0.205508024074299,0.145833333333333,0.291666666666667
"national","4+","expedited_i >= 1 & shelter_expenses_by_hh_size > 118 & total_deductions_by_hh_size <= 168 & unearned_by_hh_size <= 196",48,48,18,0,0,0,4,0,0,FALSE,0.375,0.375,0.233060308380399,0.233060308380399,0,0.0833333333333333
"national","4+","gross_by_hh_size < 467 & total_deductions_by_hh_size >= 94 & unearned_by_hh_size >= 453",32,32,13,0,0,0,0,0,0,FALSE,0.40625,0.40625,0.232544249554299,0.232544249554299,0,0
"national","2-3","gross_by_hh_size >= 39 & months_since_cert_n >= 12 & total_deductions_by_hh_size >= 124 & unc_rawben_rel_max >= 1.1",140,140,44,10,7,10,49,0.0714285714285714,0.159090909090909,FALSE,0.314285714285714,0.284615384615385,0.231383397073806,0.202616316893567,0.0714285714285714,0.35
"national","2-3","percent_abawd >= 0.333 & rawben_rel_max < 0.0436",62,62,22,0,0,0,0,0,0,FALSE,0.354838709677419,0.354838709677419,0.230440441733044,0.230440441733044,0,0
"national","1","earned_by_hh_size > 410 & earned_by_hh_size <= 702 & months_since_cert_n <= 5.5 & total_deductions_by_hh_size > 1080",216,216,64,97,46,97,119,0.449074074074074,0.71875,TRUE,0.296296296296296,0.151260504201681,0.229721820274978,0.0901836131306897,0.449074074074074,0.550925925925926
"national","2-3","months_since_cert_n < 2 & rawben_rel_max >= 0.842 & rawben_rel_max < 0.902",289,289,83,0,0,0,0,0,0,FALSE,0.28719723183391,0.28719723183391,0.22964834116956,0.22964834116956,0,0
"national","4+","bbce_state_i >= 1 & shelter_expenses_by_hh_size > 290 & unearned_by_hh_size > 28.1 & utilities_sua <= 1.5",123,123,39,0,0,0,2,0,0,FALSE,0.317073170731707,0.317073170731707,0.22895381856999,0.22895381856999,0,0.016260162601626
"national","2-3","medical_deductions < 202 & shelter_expenses_by_hh_size >= 746 & unc_rawben_rel_max < -0.277 & unearned_by_hh_size < 1580",87,87,29,0,0,0,6,0,0,FALSE,0.333333333333333,0.333333333333333,0.228611818962778,0.228611818962778,0,0.0689655172413793
"national","1","earned_by_hh_size >= 1560 & expedited_i <= 0 & gross_by_hh_size < 1660 & rawben_rel_max >= 0.467",84,84,28,0,0,0,0,0,0,FALSE,0.333333333333333,0.333333333333333,0.227020310788949,0.227020310788949,0,0
"national","1","earned_by_hh_size >= 103 & months_since_cert_n >= 25 & shelter_expenses_by_hh_size >= 848",36,36,14,5,5,5,13,0.138888888888889,0.357142857142857,TRUE,0.388888888888889,0.290322580645161,0.226599490162712,0.143754656853997,0.138888888888889,0.361111111111111
"national","1","rawben_rel_max >= 0.932 & total_deductions_by_hh_size >= 604 & unc_rawben_rel_max < 1.02 & utilities_sua < 1",147,147,96,0,0,1,39,0,0,FALSE,0.653061224489796,0.653061224489796,0.557781262845498,0.557781262845498,0.00680272108843537,0.26530612244898
"national","1","elderly_disabled_i >= 1 & rawben_rel_max >= 0.916 & unc_rawben_rel_max < 1.01 & utilities_sua < 1",241,241,126,35,13,35,80,0.145228215767635,0.103174603174603,FALSE,0.522821576763486,0.548543689320388,0.44830760027411,0.467683069863808,0.145228215767635,0.33195020746888
"national","2-3","gross_by_hh_size > 365 & gross_by_hh_size <= 382 & total_deductions_by_hh_size > 549 & unc_rawben_rel_max > 1",132,132,67,104,62,104,111,0.787878787878788,0.925373134328358,TRUE,0.507575757575758,0.178571428571429,0.408075067665795,0.0679491626865055,0.787878787878788,0.840909090909091
"national","1","elderly_disabled_i >= 1 & months_since_cert_n > 15.5 & shelter_expenses_by_hh_size > 972 & utilities_sua <= 0.5",59,59,32,0,0,0,4,0,0,FALSE,0.542372881355932,0.542372881355932,0.394379864212616,0.394379864212616,0,0.0677966101694915
"national","2-3","earned_by_hh_size >= 248 & earned_by_hh_size < 259 & months_since_cert_n < 10 & unearned_by_hh_size < 3.5",128,128,60,63,47,63,75,0.4921875,0.783333333333333,TRUE,0.46875,0.2,0.369516457406136,0.109801304173115,0.4921875,0.5859375
"national","1","unc_rawben_rel_max >= 0.473 & unearned_by_hh_size >= 1130 & utilities_sua < 1",131,131,60,0,0,0,3,0,0,FALSE,0.458015267175573,0.458015267175573,0.360441813625347,0.360441813625347,0,0.0229007633587786
"national","4+","earned_by_hh_size >= 97.5 & total_deductions_by_hh_size < 351 & unc_rawben_rel_max >= 1.06 & unc_rawben_rel_max < 1.09",207,207,90,79,45,84,133,0.381642512077295,0.5,TRUE,0.434782608695652,0.3515625,0.357310048608122,0.26124368530696,0.405797101449275,0.642512077294686
"national","2-3","earned_by_hh_size >= 250 & earned_by_hh_size < 259",172,172,76,77,54,77,89,0.447674418604651,0.710526315789474,TRUE,0.441860465116279,0.231578947368421,0.356892357424917,0.147059944982066,0.447674418604651,0.517441860465116
"national","2-3","gross_by_hh_size >= 360 & total_deductions_by_hh_size < 642 & unc_rawben_rel_max >= 1.16",166,166,73,69,40,69,116,0.41566265060241,0.547945205479452,TRUE,0.439759036144578,0.34020618556701,0.35345669408167,0.23942496930117,0.41566265060241,0.698795180722892
"national","1","months_since_cert_n > 12.5 & total_deductions_by_hh_size > 332 & unc_rawben_rel_max > 0.761 & utilities_sua <= 0.5",141,141,63,0,0,0,26,0,0,FALSE,0.446808510638298,0.446808510638298,0.353183698860641,0.353183698860641,0,0.184397163120567
"national","1","elderly_disabled_i <= 0 & rawben_rel_max > 0.991 & unc_rawben_rel_max <= 1.03 & unearned_by_hh_size > 675",75,75,36,37,22,37,55,0.493333333333333,0.611111111111111,TRUE,0.48,0.368421052631579,0.351747268554146,0.21373808684838,0.493333333333333,0.733333333333333
"national","1","expedited_i >= 1 & rawben_rel_max > 0.998 & unc_rawben_rel_max <= 1.02 & unearned_by_hh_size > 307",216,216,92,15,9,19,120,0.0694444444444444,0.0978260869565217,FALSE,0.425925925925926,0.412935323383085,0.350417919161867,0.335471943051172,0.087962962962963,0.555555555555556
"national","1","shelter_expenses_by_hh_size >= 692 & total_deductions_by_hh_size < 768 & unc_rawben_rel_max >= 1.01",106,106,48,0,0,0,55,0,0,FALSE,0.452830188679245,0.452830188679245,0.345404699407514,0.345404699407514,0,0.518867924528302
"national","4+","HH_size_n >= 5 & shelter_expenses_by_hh_size < 463 & total_deductions_by_hh_size >= 335 & unc_rawben_rel_max < 1",188,188,79,0,0,0,2,0,0,FALSE,0.420212765957447,0.420212765957447,0.339860348953307,0.339860348953307,0,0.0106382978723404
"national","4+","gross_by_hh_size >= 140 & HH_size_n >= 6 & HH_size_n < 7 & total_deductions_by_hh_size >= 315",84,84,38,0,0,0,3,0,0,FALSE,0.452380952380952,0.452380952380952,0.332792993454042,0.332792993454042,0,0.0357142857142857
"national","1","months_since_cert_n >= 4 & shelter_expenses_by_hh_size >= 915 & unc_rawben_rel_max >= 0.622 & utilities_sua < 1",192,192,79,6,2,7,19,0.03125,0.0253164556962025,FALSE,0.411458333333333,0.413978494623656,0.332382800721303,0.333566145946645,0.0364583333333333,0.0989583333333333
"national","4+","gross_by_hh_size >= 286 & medical_deductions < 1 & months_since_cert_n >= 9 & rawben_rel_max >= 0.757",337,337,132,0,0,0,6,0,0,FALSE,0.391691394658754,0.391691394658754,0.332020995929033,0.332020995929033,0,0.0178041543026706
"national","1","elderly_disabled_i <= 0 & months_since_cert_n > 11.5 & total_deductions_by_hh_size > 1070",59,59,28,16,12,16,23,0.271186440677966,0.428571428571429,TRUE,0.474576271186441,0.372093023255814,0.331972227691996,0.224166761490865,0.271186440677966,0.389830508474576
"national","2-3","earned_by_hh_size <= 11.4 & rawben_rel_max > 0.999 & unc_rawben_rel_max <= 1",195,195,80,0,0,0,1,0,0,FALSE,0.41025641025641,0.41025641025641,0.331824651695673,0.331824651695673,0,0.00512820512820513
"national","1","earned_by_hh_size >= 391 & months_since_cert_n >= 6 & unc_rawben_rel_max >= 1.3",374,374,145,87,60,93,200,0.232620320855615,0.413793103448276,TRUE,0.387700534759358,0.29616724738676,0.331098305455737,0.237720642387947,0.248663101604278,0.53475935828877
"national","4+","HH_size_n >= 5 & months_since_cert_n < 7 & shelter_expenses_by_hh_size < 348 & total_deductions_by_hh_size >= 286",185,185,76,0,0,0,9,0,0,FALSE,0.410810810810811,0.410810810810811,0.330376078103503,0.330376078103503,0,0.0486486486486487
"national","4+","earned_by_hh_size >= 270 & gross_by_hh_size < 438 & HH_size_n >= 5 & unearned_by_hh_size >= 0.2",169,169,70,0,0,0,1,0,0,FALSE,0.414201183431953,0.414201183431953,0.330065068911507,0.330065068911507,0,0.00591715976331361
"national","4+","HH_size_n > 5.5 & months_since_cert_n <= 5.5 & total_deductions_by_hh_size > 239 & unearned_by_hh_size > 17.8",125,125,53,0,0,0,4,0,0,FALSE,0.424,0.424,0.326445685483268,0.326445685483268,0,0.032
"national","4+","earned_by_hh_size > 42.6 & earned_by_hh_size <= 404 & gross_by_hh_size > 404 & gross_by_hh_size <= 440",151,151,62,0,0,0,4,0,0,FALSE,0.410596026490066,0.410596026490066,0.322142633041573,0.322142633041573,0,0.0264900662251656
"national","2-3","gross_by_hh_size > 250 & HH_size_n > 2.5 & total_deductions_by_hh_size > 756",96,96,41,0,0,0,9,0,0,FALSE,0.427083333333333,0.427083333333333,0.316653427758165,0.316653427758165,0,0.09375
"national","4+","earned_by_hh_size > 42.6 & earned_by_hh_size <= 367 & HH_size_n > 5.5 & unc_rawben_rel_max <= 0.977",734,734,261,0,0,0,9,0,0,FALSE,0.35558583106267,0.35558583106267,0.315681913028963,0.315681913028963,0,0.0122615803814714
"national","4+","earned_by_hh_size > 42.2 & married >= 1 & months_since_cert_n > 5.5 & rawben_rel_max > 0.593",613,613,220,13,9,16,38,0.0212071778140294,0.0409090909090909,FALSE,0.358890701468189,0.351666666666667,0.315242122127057,0.307834037244051,0.0261011419249592,0.0619902120717781
"national","4+","months_since_cert_n > 5.5 & total_deductions_by_hh_size > 249 & unc_rawben_rel_max > 0.785 & unc_rawben_rel_max <= 0.975",321,321,120,0,0,0,2,0,0,FALSE,0.373831775700935,0.373831775700935,0.313598920204314,0.313598920204314,0,0.00623052959501558
"national","2-3","HH_size_n > 2.5 & shelter_expenses_by_hh_size <= 1390 & total_deductions_by_hh_size > 598 & unc_rawben_rel_max <= 1",213,213,82,0,0,0,0,0,0,FALSE,0.384976525821596,0.384976525821596,0.311189141032161,0.311189141032161,0,0
"national","1","rawben_rel_max >= 0.744 & total_deductions_by_hh_size >= 756 & unc_rawben_rel_max < 1.09 & utilities_sua < 2",716,716,251,5,3,11,46,0.00698324022346369,0.0119521912350598,FALSE,0.350558659217877,0.348804500703235,0.310343397129789,0.308513876475703,0.0153631284916201,0.0642458100558659
"national","2-3","gross_by_hh_size >= 333 & total_deductions_by_hh_size < 784 & unc_rawben_rel_max >= 1.16 & unc_rawben_rel_max < 1.24",281,281,105,69,40,69,160,0.245551601423488,0.380952380952381,TRUE,0.373665480427046,0.306603773584906,0.309518547193963,0.238521454558304,0.245551601423488,0.569395017793594
"national","4+","HH_size_n >= 6 & rawben_rel_max >= 0.503 & rawben_rel_max < 0.746 & unc_rawben_rel_max >= 0.733",45,45,21,0,0,0,0,0,0,FALSE,0.466666666666667,0.466666666666667,0.306767055021135,0.306767055021135,0,0
"national","1","earned_by_hh_size > 158 & earned_by_hh_size <= 3680 & gross_by_hh_size <= 702 & total_deductions_by_hh_size > 1090",190,190,73,112,64,112,130,0.589473684210526,0.876712328767123,TRUE,0.384210526315789,0.115384615384615,0.306417819662166,0.055225969058532,0.589473684210526,0.684210526315789
"national","4+","gross_by_hh_size >= 588 & HH_size_n >= 5 & shelter_expenses_by_hh_size < 410 & total_deductions_by_hh_size >= 317",147,147,57,0,0,0,0,0,0,FALSE,0.387755102040816,0.387755102040816,0.299852888392368,0.299852888392368,0,0
"national","2-3","earned_by_hh_size <= 79.8 & medical_deductions > 174 & rawben_rel_max > 0.141 & unc_rawben_rel_max <= 1",384,384,136,0,0,0,0,0,0,FALSE,0.354166666666667,0.354166666666667,0.299783542999946,0.299783542999946,0,0
"national","2-3","earned_by_hh_size > 235 & earned_by_hh_size <= 258 & months_since_cert_n > 5.5 & total_deductions_by_hh_size > 106",77,77,32,18,11,18,26,0.233766233766234,0.34375,TRUE,0.415584415584416,0.355932203389831,0.294732062775537,0.228741304136163,0.233766233766234,0.337662337662338
"national","4+","rawben_rel_max <= 0.99 & total_deductions_by_hh_size > 213 & unearned_by_hh_size > 20.5 & unearned_by_hh_size <= 59.3",228,228,83,0,0,0,0,0,0,FALSE,0.364035087719298,0.364035087719298,0.293863781316589,0.293863781316589,0,0
"national","4+","earned_by_hh_size > 581 & gross_by_hh_size <= 628 & months_since_cert_n > 6.5",109,109,43,0,0,0,0,0,0,FALSE,0.394495412844037,0.394495412844037,0.293086207479576,0.293086207479576,0,0
"national","2-3","earned_by_hh_size > 328 & expedited_i <= 0 & gross_by_hh_size <= 382 & HH_size_n <= 2.5",211,211,77,79,47,79,100,0.374407582938389,0.61038961038961,TRUE,0.364928909952607,0.227272727272727,0.29211306053485,0.154165679418369,0.374407582938389,0.4739336492891
"national","2-3","earned_by_hh_size > 368 & gross_by_hh_size <= 420 & unc_rawben_rel_max > 1",208,208,76,104,62,104,119,0.5,0.815789473684211,TRUE,0.365384615384615,0.134615384615385,0.292050169424222,0.0746640828199896,0.5,0.572115384615385
"national","4+","HH_size_n >= 8 & rawben_rel_max >= 0.679 & total_deductions_by_hh_size < 100 & unc_rawben_rel_max < 0.935",72,72,30,0,0,0,1,0,0,FALSE,0.416666666666667,0.416666666666667,0.29202520607053,0.29202520607053,0,0.0138888888888889
"national","1","elderly_disabled_i <= 0 & rawben_rel_max <= 0.312 & unc_rawben_rel_max > 0.0769 & unearned_by_hh_size > 268",143,143,54,0,0,1,2,0,0,FALSE,0.377622377622378,0.377622377622378,0.289414009591734,0.289414009591734,0.00699300699300699,0.013986013986014
"national","4+","expedited_i <= 0 & months_since_cert_n > 3.5 & total_deductions_by_hh_size > 307 & unearned_by_hh_size > 10.3",389,389,133,0,0,0,18,0,0,FALSE,0.341902313624679,0.341902313624679,0.288472581092523,0.288472581092523,0,0.0462724935732648
"national","4+","earned_by_hh_size >= 45 & shelter_expenses_by_hh_size >= 330 & unearned_by_hh_size >= 158",559,559,186,0,0,0,13,0,0,FALSE,0.332737030411449,0.332737030411449,0.288179550841775,0.288179550841775,0,0.0232558139534884
"national","2-3","children_i <= 0 & expedited_i >= 1 & gross_by_hh_size >= 518",156,156,58,0,0,0,8,0,0,FALSE,0.371794871794872,0.371794871794872,0.28750756481646,0.28750756481646,0,0.0512820512820513
"national","4+","earned_by_hh_size >= 232 & HH_size_n >= 5 & rawben_rel_max >= 0.734 & shelter_expenses_by_hh_size >= 129",798,798,259,0,0,0,11,0,0,FALSE,0.324561403508772,0.324561403508772,0.287302457460295,0.287302457460295,0,0.0137844611528822
"national","4+","count_divisible_by_100 <= 1.5 & elderly_disabled_i >= 1 & gross_by_hh_size > 189 & unearned_by_hh_size <= 122",138,138,52,0,0,0,5,0,0,FALSE,0.376811594202899,0.376811594202899,0.287222265699343,0.287222265699343,0,0.036231884057971
"national","4+","earned_by_hh_size >= 5.5 & rawben_rel_max >= 0.353 & unearned_by_hh_size >= 146",1212,1212,383,0,0,0,19,0,0,FALSE,0.316006600660066,0.316006600660066,0.285820381301966,0.285820381301966,0,0.0156765676567657
"national","4+","count_divisible_by_100 >= 1 & gross_by_hh_size >= 564 & months_since_cert_n >= 7",91,91,36,0,0,0,1,0,0,FALSE,0.395604395604396,0.395604395604396,0.28547988292814,0.28547988292814,0,0.010989010989011
"national","1","gross_by_hh_size < 1790 & months_since_cert_n >= 19 & total_deductions_by_hh_size >= 574 & utilities_sua < 1",106,106,41,0,0,1,8,0,0,FALSE,0.386792452830189,0.386792452830189,0.284827030025835,0.284827030025835,0.00943396226415094,0.0754716981132075
"national","4+","months_since_cert_n > 5.5 & shelter_expenses_by_hh_size > 132 & unc_rawben_rel_max <= 1 & utilities_sua <= 1.5",233,233,82,0,0,0,0,0,0,FALSE,0.351931330472103,0.351931330472103,0.283270350868105,0.283270350868105,0,0
"national","4+","count_divisible_by_100 < 1 & expedited_i >= 1 & gross_by_hh_size >= 514 & gross_by_hh_size < 588",43,43,19,0,0,0,0,0,0,FALSE,0.441860465116279,0.441860465116279,0.282213076130065,0.282213076130065,0,0
"national","4+","gross_by_hh_size >= 372 & HH_size_n >= 6 & unc_rawben_rel_max >= 0.471 & unearned_by_hh_size >= 160",204,204,72,0,0,0,1,0,0,FALSE,0.352941176470588,0.352941176470588,0.279833818732261,0.279833818732261,0,0.00490196078431373
"national","2-3","earned_by_hh_size > 120 & earned_by_hh_size <= 258 & gross_by_hh_size > 244 & unc_rawben_rel_max <= 1.21",645,645,207,55,38,55,156,0.0852713178294574,0.183574879227053,FALSE,0.32093023255814,0.286440677966102,0.27981639217467,0.245241846344013,0.0852713178294574,0.241860465116279
"national","1","earned_by_hh_size <= 144 & months_since_cert_n <= 5.5 & rawben_rel_max > 0.998 & unc_rawben_rel_max <= 1.01",536,536,174,126,31,126,194,0.235074626865672,0.17816091954023,FALSE,0.324626865671642,0.348780487804878,0.279539585707082,0.2963253378629,0.235074626865672,0.361940298507463
"national","4+","expedited_i >= 1 & rawben_rel_max <= 0.961 & total_deductions_by_hh_size > 64.2 & unc_rawben_rel_max > 0.486",330,330,111,0,0,0,2,0,0,FALSE,0.336363636363636,0.336363636363636,0.278939608219187,0.278939608219187,0,0.00606060606060606
"national","4+","gross_by_hh_size >= 508 & gross_by_hh_size < 753 & total_deductions_by_hh_size >= 401",167,167,60,0,0,0,4,0,0,FALSE,0.359281437125749,0.359281437125749,0.278590364267914,0.278590364267914,0,0.0239520958083832
"national","4+","HH_size_n >= 6 & percent_abawd >= 0.25 & rawben_rel_max >= 0.226",58,58,24,0,0,0,1,0,0,FALSE,0.413793103448276,0.413793103448276,0.277098228294733,0.277098228294733,0,0.0172413793103448
"national","2-3","earned_by_hh_size > 120 & gross_by_hh_size > 368 & total_deductions_by_hh_size <= 553 & unc_rawben_rel_max > 1",276,276,93,104,62,104,157,0.376811594202899,0.666666666666667,TRUE,0.33695652173913,0.180232558139535,0.274477531470053,0.12215481320846,0.376811594202899,0.568840579710145
"national","4+","earned_by_hh_size >= 399 & rawben_rel_max >= 0.592 & shelter_expenses_by_hh_size < 102 & utilities_sua >= 2",33,33,15,0,0,0,0,0,0,FALSE,0.454545454545455,0.454545454545455,0.273962129871639,0.273962129871639,0,0
"national","2-3","gross_by_hh_size >= 250 & gross_by_hh_size < 271 & HH_size_n >= 3 & rawben_rel_max >= 0.897",241,241,82,76,54,76,101,0.315352697095436,0.658536585365854,TRUE,0.340248962655602,0.16969696969697,0.273463835394877,0.112483275715296,0.315352697095436,0.419087136929461
"national","2-3","months_since_cert_n >= 9 & shelter_expenses_by_hh_size >= 820 & total_deductions_by_hh_size >= 569 & unearned_by_hh_size >= 774",193,193,67,0,0,0,4,0,0,FALSE,0.347150259067358,0.347150259067358,0.272595022766773,0.272595022766773,0,0.0207253886010363
"national","2-3","gross_by_hh_size >= 246 & gross_by_hh_size < 396 & unc_rawben_rel_max >= 1.08 & unc_rawben_rel_max < 1.17",710,710,221,220,139,220,335,0.309859154929577,0.6289592760181,TRUE,0.311267605633803,0.16734693877551,0.272404913405917,0.131801684874963,0.309859154929577,0.471830985915493
"national","2-3","earned_by_hh_size < 5 & gross_by_hh_size >= 199 & medical_deductions >= 152 & rawben_rel_max >= 0.386",365,365,119,0,0,0,5,0,0,FALSE,0.326027397260274,0.326027397260274,0.271859364776862,0.271859364776862,0,0.0136986301369863
"national","2-3","HH_size_n > 2.5 & months_since_cert_n <= 0.5 & total_deductions_by_hh_size > 117 & utilities_sua <= 0.5",74,74,29,0,0,0,3,0,0,FALSE,0.391891891891892,0.391891891891892,0.271622532253906,0.271622532253906,0,0.0405405405405405
"national","2-3","earned_by_hh_size >= 37.3 & HH_size_n >= 3 & rawben_rel_max >= 0.459 & unearned_by_hh_size >= 36.7",1063,1063,322,0,0,0,81,0,0,FALSE,0.302916274694262,0.302916274694262,0.27119930034476,0.27119930034476,0,0.0761994355597366
"national","2-3","gross_by_hh_size > 1040 & HH_size_n <= 2.5 & rawben_rel_max > 0.168 & unearned_by_hh_size > 45.6",642,642,200,0,0,0,3,0,0,FALSE,0.311526479750779,0.311526479750779,0.270736109871419,0.270736109871419,0,0.00467289719626168
"national","2-3","medical_deductions >= 140 & rawben_rel_max >= 0.687 & unearned_by_hh_size >= 318",214,214,73,0,0,0,8,0,0,FALSE,0.341121495327103,0.341121495327103,0.270490653046453,0.270490653046453,0,0.0373831775700935
"national","2-3","earned_by_hh_size > 32.8 & earned_by_hh_size <= 122 & rawben_rel_max <= 0.975 & unc_rawben_rel_max > 0.302",188,188,65,0,0,0,0,0,0,FALSE,0.345744680851064,0.345744680851064,0.270396180742381,0.270396180742381,0,0
"national","4+","earned_by_hh_size > 87.4 & rawben_rel_max > 0.978 & unc_rawben_rel_max > 1.08",354,354,115,79,45,89,176,0.22316384180791,0.391304347826087,TRUE,0.324858757062147,0.254545454545455,0.26997560719444,0.198589184283896,0.251412429378531,0.497175141242938
"national","4+","gross_by_hh_size >= 404 & HH_size_n < 6 & rawben_rel_max >= 0.785 & unearned_by_hh_size < 1",348,348,113,0,0,0,3,0,0,FALSE,0.324712643678161,0.324712643678161,0.269395896985233,0.269395896985233,0,0.00862068965517241
"national","2-3","earned_by_hh_size > 235 & expedited_i >= 1 & months_since_cert_n > 5.5 & percent_abawd <= 1.25",210,210,71,17,10,17,35,0.080952380952381,0.140845070422535,FALSE,0.338095238095238,0.316062176165803,0.267080379083017,0.244138736824894,0.080952380952381,0.166666666666667
"national","4+","gross_by_hh_size > 207 & total_deductions_by_hh_size > 242 & total_deductions_by_hh_size <= 243 & unc_rawben_rel_max <= 1.13",31,31,14,0,0,0,0,0,0,FALSE,0.451612903225806,0.451612903225806,0.266834620602285,0.266834620602285,0,0
"national","2-3","earned_by_hh_size > 127 & months_since_cert_n > 5.5 & unearned_by_hh_size > 40.4 & unearned_by_hh_size <= 96",149,149,52,1,0,1,13,0.00671140939597315,0,FALSE,0.348993288590604,0.351351351351351,0.264905373565193,0.26678895618815,0.00671140939597315,0.087248322147651
"national","4+","percent_abawd > 0.279 & rawben_rel_max <= 0.973 & total_deductions_by_hh_size <= 261",149,149,52,0,0,0,0,0,0,FALSE,0.348993288590604,0.348993288590604,0.264905373565193,0.264905373565193,0,0
"national","4+","earned_by_hh_size >= 280 & gross_by_hh_size < 342 & total_deductions_by_hh_size < 126",98,98,36,0,0,0,1,0,0,FALSE,0.36734693877551,0.36734693877551,0.26380112006448,0.26380112006448,0,0.0102040816326531
"national","2-3","earned_by_hh_size > 48.2 & HH_size_n > 2.5 & percent_abawd > 0.167 & unc_rawben_rel_max <= 0.791",287,287,93,0,0,0,0,0,0,FALSE,0.32404181184669,0.32404181184669,0.263553202519204,0.263553202519204,0,0
"national","1","medical_deductions >= 196 & months_since_cert_n >= 15 & total_deductions_by_hh_size < 1300 & unearned_by_hh_size < 1320",70,70,27,0,0,0,5,0,0,FALSE,0.385714285714286,0.385714285714286,0.263275633425801,0.263275633425801,0,0.0714285714285714
"national","4+","months_since_cert_n > 10.5 & unc_rawben_rel_max <= 0.976 & utilities_sua > 0.5",735,735,221,0,0,0,1,0,0,FALSE,0.300680272108844,0.300680272108844,0.262911684184788,0.262911684184788,0,0.00136054421768707
"national","2-3","earned_by_hh_size >= 250 & gross_by_hh_size < 624 & months_since_cert_n >= 4 & total_deductions_by_hh_size < 160",92,92,34,0,0,0,0,0,0,FALSE,0.369565217391304,0.369565217391304,0.262823619764787,0.262823619764787,0,0
"national","4+","HH_size_n >= 8 & HH_size_n < 9 & months_since_cert_n < 4 & shelter_expenses_by_hh_size < 207",92,92,34,0,0,0,5,0,0,FALSE,0.369565217391304,0.369565217391304,0.262823619764787,0.262823619764787,0,0.0543478260869565
"national","1","medical_deductions >= 194 & months_since_cert_n >= 17 & total_deductions_by_hh_size < 1230 & unc_rawben_rel_max >= 0.333",89,89,33,0,0,0,3,0,0,FALSE,0.370786516853933,0.370786516853933,0.262326893810823,0.262326893810823,0,0.0337078651685393
"national","4+","count_divisible_by_100 > 0.5 & earned_by_hh_size > 267 & HH_size_n > 4.5 & utilities_sua > 0.5",292,292,94,0,0,0,1,0,0,FALSE,0.321917808219178,0.321917808219178,0.262058925702254,0.262058925702254,0,0.00342465753424658
"national","4+","gross_by_hh_size >= 294 & months_since_cert_n >= 9 & shelter_expenses_by_hh_size >= 200 & unearned_by_hh_size < 160",716,716,215,0,0,0,5,0,0,FALSE,0.300279329608939,0.300279329608939,0.262053188916056,0.262053188916056,0,0.00698324022346369
"national","1","earned_by_hh_size > 259 & earned_by_hh_size <= 706 & shelter_expenses_by_hh_size > 836 & unc_rawben_rel_max <= 1.45",729,729,218,185,107,193,292,0.253772290809328,0.490825688073394,TRUE,0.299039780521262,0.204044117647059,0.261196057343975,0.166860951798325,0.264746227709191,0.400548696844993
"national","4+","months_since_cert_n >= 10 & percent_abawd < 0.167 & rawben_rel_max < 0.787 & unc_rawben_rel_max >= 0.684",198,198,66,0,0,0,1,0,0,FALSE,0.333333333333333,0.333333333333333,0.260757967282323,0.260757967282323,0,0.00505050505050505
"national","4+","gross_by_hh_size < 913 & total_deductions_by_hh_size >= 96 & unearned_by_hh_size >= 324 & unearned_by_hh_size < 342",103,103,37,0,0,0,1,0,0,FALSE,0.359223300970874,0.359223300970874,0.258839731715627,0.258839731715627,0,0.00970873786407767
"national","1","earned_by_hh_size <= 506 & elderly_disabled_i >= 1 & percent_abawd > 0.5 & rawben_rel_max > 0.767",59,59,23,1,0,2,11,0.0169491525423729,0,FALSE,0.389830508474576,0.396551724137931,0.257432002009884,0.26221642390965,0.0338983050847458,0.186440677966102
"national","4+","rawben_rel_max <= 0.99 & unearned_by_hh_size > 20.5 & unearned_by_hh_size <= 59.3",467,467,142,0,0,0,0,0,0,FALSE,0.30406852248394,0.30406852248394,0.257032539924629,0.257032539924629,0,0
"national","2-3","rawben_rel_max >= 0.0871 & rawben_rel_max < 0.564 & shelter_expenses_by_hh_size >= 192 & shelter_expenses_by_hh_size < 194",35,35,15,1,1,1,1,0.0285714285714286,0.0666666666666667,FALSE,0.428571428571429,0.411764705882353,0.256808072975818,0.241126139017706,0.0285714285714286,0.0285714285714286
"national","1","medical_deductions > 446 & months_since_cert_n > 5.5 & total_deductions_by_hh_size > 209 & utilities_sua <= 1.5",53,53,21,0,0,1,1,0,0,FALSE,0.39622641509434,0.39622641509434,0.256669902757045,0.256669902757045,0.0188679245283019,0.0188679245283019
"national","2-3","earned_by_hh_size > 124 & expedited_i >= 1 & rawben_rel_max <= 0.93",418,418,128,0,0,0,6,0,0,FALSE,0.30622009569378,0.30622009569378,0.25653510587207,0.25653510587207,0,0.0143540669856459
"national","4+","earned_by_hh_size < 541 & shelter_expenses_by_hh_size >= 216 & utilities_sua < 2",355,355,110,6,4,6,16,0.0169014084507042,0.0363636363636364,FALSE,0.309859154929577,0.303724928366762,0.255983472020368,0.249824067924289,0.0169014084507042,0.0450704225352113
"national","1","earned_by_hh_size >= 605 & gross_by_hh_size >= 214 & gross_by_hh_size < 681 & unc_rawben_rel_max >= 1.09",220,220,71,73,43,73,120,0.331818181818182,0.605633802816901,TRUE,0.322727272727273,0.19047619047619,0.254426621896909,0.126668271065576,0.331818181818182,0.545454545454545
"national","4+","rawben_rel_max < 0.818 & unc_rawben_rel_max >= 0.812 & unc_rawben_rel_max < 1.09 & unearned_by_hh_size < 350",95,95,34,0,0,0,0,0,0,FALSE,0.357894736842105,0.357894736842105,0.254012513729834,0.254012513729834,0,0
"national","4+","months_since_cert_n >= 9 & shelter_expenses_by_hh_size < 82.4 & total_deductions_by_hh_size < 325 & utilities_sua >= 2",79,79,29,0,0,0,3,0,0,FALSE,0.367088607594937,0.367088607594937,0.253279909794385,0.253279909794385,0,0.0379746835443038
"national","4+","earned_by_hh_size > 147 & gross_by_hh_size <= 353 & homeless <= 0 & shelter_expenses_by_hh_size <= 36.4",142,142,48,0,0,0,2,0,0,FALSE,0.338028169014085,0.338028169014085,0.253154364254153,0.253154364254153,0,0.0140845070422535
"national","4+","months_since_cert_n >= 2 & rawben_rel_max < 0.749 & total_deductions_by_hh_size >= 285 & total_deductions_by_hh_size < 296",139,139,47,0,0,0,0,0,0,FALSE,0.338129496402878,0.338129496402878,0.252426371234915,0.252426371234915,0,0
"national","4+","gross_by_hh_size >= 110 & shelter_expenses_by_hh_size >= 201 & unc_rawben_rel_max < 1.06 & utilities_sua < 2",560,560,165,0,0,0,6,0,0,FALSE,0.294642857142857,0.294642857142857,0.251970195284799,0.251970195284799,0,0.0107142857142857
"national","2-3","earned_by_hh_size > 34.8 & percent_abawd > 0.417 & rawben_rel_max <= 0.907 & utilities_sua <= 0.5",73,73,27,0,0,0,2,0,0,FALSE,0.36986301369863,0.36986301369863,0.251712664091617,0.251712664091617,0,0.0273972602739726
"national","2-3","months_since_cert_n >= 4 & shelter_expenses_by_hh_size >= 529 & total_deductions_by_hh_size >= 588 & unc_rawben_rel_max < 0.965",1171,1171,329,0,0,0,14,0,0,FALSE,0.280956447480786,0.280956447480786,0.251466306987767,0.251466306987767,0,0.0119555935098207
"national","2-3","medical_deductions >= 125 & rawben_rel_max >= 0.163 & total_deductions_by_hh_size >= 197 & unearned_by_hh_size >= 682",543,543,160,0,0,0,4,0,0,FALSE,0.294659300184162,0.294659300184162,0.251358725341709,0.251358725341709,0,0.00736648250460405
"national","2-3","gross_by_hh_size > 136 & HH_size_n > 2.5 & months_since_cert_n > 5.5 & shelter_expenses_by_hh_size > 583",412,412,124,14,6,14,27,0.0339805825242718,0.0483870967741935,FALSE,0.300970873786408,0.296482412060302,0.251266776706481,0.246251523460537,0.0339805825242718,0.0655339805825243
"national","4+","earned_by_hh_size < 186 & gross_by_hh_size >= 308 & shelter_expenses_by_hh_size < 96 & unearned_by_hh_size < 317",33,33,14,0,0,0,0,0,0,FALSE,0.424242424242424,0.424242424242424,0.249119821740809,0.249119821740809,0,0
"national","2-3","count_divisible_by_100 > 0.5 & earned_by_hh_size > 8 & medical_deductions <= 153 & unearned_by_hh_size > 295",183,183,59,0,0,0,12,0,0,FALSE,0.322404371584699,0.322404371584699,0.248136808545592,0.248136808545592,0,0.0655737704918033
"national","2-3","earned_by_hh_size > 194 & HH_size_n > 2.5 & months_since_cert_n > 5.5 & shelter_expenses_by_hh_size > 277",1040,1040,289,25,16,25,44,0.0240384615384615,0.055363321799308,FALSE,0.277884615384615,0.268965517241379,0.246787962010061,0.237879367380009,0.0240384615384615,0.0423076923076923
"national","4+","HH_size_n > 5.5 & married <= 0 & rawben_rel_max <= 0.458 & unc_rawben_rel_max <= 1",249,249,77,0,0,0,0,0,0,FALSE,0.309236947791165,0.309236947791165,0.245772855373854,0.245772855373854,0,0
"national","4+","gross_by_hh_size >= 708 & rawben_rel_max >= 0.345 & shelter_expenses_by_hh_size >= 230",1044,1044,288,0,0,0,0,0,0,FALSE,0.275862068965517,0.275862068965517,0.244905051303294,0.244905051303294,0,0
"national","4+","HH_size_n > 5.5 & shelter_expenses_by_hh_size > 163 & unc_rawben_rel_max <= 1.1 & utilities_sua > 0.5",1814,1814,489,0,0,5,39,0,0,FALSE,0.269570011025358,0.269570011025358,0.246048084571908,0.246048084571908,0.00275633958103638,0.0214994487320838
"national","2-3","married <= 0 & months_since_cert_n >= 27 & shelter_expenses_by_hh_size >= 463",62,62,23,0,0,0,1,0,0,FALSE,0.370967741935484,0.370967741935484,0.244080444190876,0.244080444190876,0,0.0161290322580645
"national","1","gross_by_hh_size < 1690 & rawben_rel_max < 0.0819 & unc_rawben_rel_max >= 0.076",481,481,139,0,0,0,0,0,0,FALSE,0.288981288981289,0.288981288981289,0.243464693787279,0.243464693787279,0,0
"national","4+","count_divisible_by_100 > 0.5 & homeless <= 0 & months_since_cert_n > 6.5 & unearned_by_hh_size <= 39.7",130,130,43,3,1,3,7,0.0230769230769231,0.0232558139534884,FALSE,0.330769230769231,0.330708661417323,0.243243322073235,0.2422749361034,0.0230769230769231,0.0538461538461538
"national","2-3","gross_by_hh_size >= 360 & gross_by_hh_size < 384",574,574,163,130,79,130,165,0.226480836236934,0.484662576687117,TRUE,0.28397212543554,0.189189189189189,0.242369433580255,0.149795282759615,0.226480836236934,0.287456445993031
"national","2-3","earned_by_hh_size >= 369 & gross_by_hh_size < 412 & shelter_expenses_by_hh_size >= 192",304,304,91,104,62,104,116,0.342105263157895,0.681318681318681,TRUE,0.299342105263158,0.145,0.242190127253775,0.0964470163357786,0.342105263157895,0.381578947368421
"national","2-3","gross_by_hh_size > 1060 & HH_size_n <= 2.5 & unc_rawben_rel_max > 0.155 & unc_rawben_rel_max <= 1",1212,1212,326,0,0,0,6,0,0,FALSE,0.268976897689769,0.268976897689769,0.240425090646233,0.240425090646233,0,0.00495049504950495
"national","1","earned_by_hh_size > 22.5 & rawben_rel_max > 0.324 & unearned_by_hh_size > 282 & utilities_sua <= 1.5",114,114,38,0,0,0,12,0,0,FALSE,0.333333333333333,0.333333333333333,0.24025900659367,0.24025900659367,0,0.105263157894737
"national","2-3","gross_by_hh_size < 1170 & shelter_expenses_by_hh_size >= 510 & utilities_sua < 2",531,531,150,24,18,24,38,0.0451977401129944,0.12,FALSE,0.282485875706215,0.260355029585799,0.239412355822558,0.217722802159542,0.0451977401129944,0.0715630885122411
"national","2-3","HH_size_n >= 3 & total_deductions_by_hh_size >= 444 & unearned_by_hh_size >= 291",241,241,73,0,0,0,20,0,0,FALSE,0.302904564315353,0.302904564315353,0.239005311737869,0.239005311737869,0,0.0829875518672199
"national","2-3","children_i <= 0 & earned_by_hh_size >= 250 & gross_by_hh_size >= 624 & rawben_rel_max >= 0.404",457,457,130,0,0,0,11,0,0,FALSE,0.284463894967177,0.284463894967177,0.238119969729836,0.238119969729836,0,0.0240700218818381
"national","4+","HH_size_n < 6 & shelter_expenses_by_hh_size < 11.4 & total_deductions_by_hh_size >= 100 & total_deductions_by_hh_size < 140",115,115,38,0,0,0,1,0,0,FALSE,0.330434782608696,0.330434782608696,0.238057942727785,0.238057942727785,0,0.00869565217391304
"national","2-3","gross_by_hh_size >= 1070 & rawben_rel_max >= 0.132",1579,1579,415,0,0,0,8,0,0,FALSE,0.26282457251425,0.26282457251425,0.237900325230952,0.237900325230952,0,0.00506649778340722
"national","4+","count_divisible_by_100 > 0.5 & married >= 1 & total_deductions_by_hh_size > 62.3",397,397,114,2,1,4,13,0.00503778337531486,0.0087719298245614,FALSE,0.287153652392947,0.286075949367089,0.237477065518556,0.236355010304405,0.0100755667506297,0.0327455919395466
"national","1","expedited_i >= 1 & total_deductions_by_hh_size > 329 & unc_rawben_rel_max <= 1.05 & utilities_sua <= 0.5",228,228,69,1,0,1,37,0.0043859649122807,0,FALSE,0.302631578947368,0.303964757709251,0.237114982496035,0.238200702577818,0.0043859649122807,0.162280701754386
"national","2-3","gross_by_hh_size >= 552 & medical_deductions >= 7 & rawben_rel_max >= 0.318",558,558,155,0,0,0,5,0,0,FALSE,0.277777777777778,0.277777777777778,0.235968264731913,0.235968264731913,0,0.00896057347670251
"national","4+","gross_by_hh_size >= 282 & shelter_expenses_by_hh_size >= 400 & unearned_by_hh_size < 578",2001,2001,516,0,0,0,24,0,0,FALSE,0.257871064467766,0.257871064467766,0.235798114320159,0.235798114320159,0,0.0119940029985007
"national","2-3","gross_by_hh_size > 209 & HH_size_n > 2.5 & shelter_expenses_by_hh_size > 281 & utilities_sua <= 0.5",152,152,48,6,6,6,11,0.0394736842105263,0.125,FALSE,0.315789473684211,0.287671232876712,0.235712508226185,0.209352792199606,0.0394736842105263,0.0723684210526316
"national","4+","gross_by_hh_size > 278 & shelter_expenses_by_hh_size > 295 & shelter_expenses_by_hh_size <= 306 & unearned_by_hh_size > 150",95,95,32,0,0,0,1,0,0,FALSE,0.336842105263158,0.336842105263158,0.235572654852497,0.235572654852497,0,0.0105263157894737
"national","4+","rawben_rel_max >= 0.607 & unc_rawben_rel_max < 0.614",120,120,39,0,0,0,0,0,0,FALSE,0.325,0.325,0.234974158146968,0.234974158146968,0,0
"national","2-3","percent_abawd > 0.167 & percent_abawd <= 0.417 & unc_rawben_rel_max <= 1.04 & utilities_sua > 0.5",368,368,105,0,0,0,3,0,0,FALSE,0.285326086956522,0.285326086956522,0.233992316701542,0.233992316701542,0,0.00815217391304348
"national","4+","earned_by_hh_size > 428 & elderly_disabled_i <= 0 & unearned_by_hh_size > 163",235,235,70,0,0,0,0,0,0,FALSE,0.297872340425532,0.297872340425532,0.233665369575054,0.233665369575054,0,0
"national","2-3","months_since_cert_n > 6.5 & total_deductions_by_hh_size > 407 & unc_rawben_rel_max <= 0.937 & unearned_by_hh_size <= 630",1066,1066,281,0,0,0,9,0,0,FALSE,0.263602251407129,0.263602251407129,0.233464710907794,0.233464710907794,0,0.00844277673545966
"national","4+","earned_by_hh_size < 720 & gross_by_hh_size >= 708 & gross_by_hh_size < 854 & unearned_by_hh_size < 76.8",172,172,53,0,0,0,0,0,0,FALSE,0.308139534883721,0.308139534883721,0.233147243905956,0.233147243905956,0,0
"national","4+","rawben_rel_max < 0.845 & unc_rawben_rel_max >= 0.833 & unearned_by_hh_size < 413",202,202,61,0,0,0,1,0,0,FALSE,0.301980198019802,0.301980198019802,0.232814721240292,0.232814721240292,0,0.00495049504950495
"national","1","earned_by_hh_size > 132 & months_since_cert_n > 27.5 & unearned_by_hh_size <= 1550",32,32,13,4,4,4,11,0.125,0.307692307692308,TRUE,0.40625,0.321428571428571,0.232544249554299,0.160197921194242,0.125,0.34375
"national","4+","months_since_cert_n > 5.5 & rawben_rel_max <= 0.973 & total_deductions_by_hh_size > 242 & unc_rawben_rel_max <= 0.606",568,568,155,0,0,0,0,0,0,FALSE,0.272887323943662,0.272887323943662,0.231708892774522,0.231708892774522,0,0
"national","2-3","earned_by_hh_size >= 724 & months_since_cert_n >= 6 & unc_rawben_rel_max >= 0.0252 & unearned_by_hh_size < 1030",1148,1148,299,0,0,0,7,0,0,FALSE,0.260452961672474,0.260452961672474,0.231497240162207,0.231497240162207,0,0.00609756097560976
"national","4+","elderly_disabled_i >= 1 & months_since_cert_n >= 6 & rawben_rel_max >= 0.616 & unearned_by_hh_size < 242",261,261,76,0,0,0,14,0,0,FALSE,0.291187739463602,0.291187739463602,0.230547542802644,0.230547542802644,0,0.053639846743295
"national","2-3","shelter_expenses_by_hh_size > 277 & unc_rawben_rel_max > 0.163 & unc_rawben_rel_max <= 1.22 & utilities_sua <= 1.5",1369,1369,351,34,28,34,85,0.0248356464572681,0.0797720797720798,FALSE,0.256391526661797,0.241947565543071,0.229938431550996,0.215760929210896,0.0248356464572681,0.0620891161431702
"national","1","rawben_rel_max < 0.0893 & shelter_expenses_by_hh_size < 31 & unc_rawben_rel_max >= 0.08",52,52,19,0,0,0,1,0,0,FALSE,0.365384615384615,0.365384615384615,0.229703137175663,0.229703137175663,0,0.0192307692307692
"national","2-3","earned_by_hh_size > 482 & elderly_disabled_i >= 1 & unc_rawben_rel_max > 0.282",264,264,76,0,0,0,6,0,0,FALSE,0.287878787878788,0.287878787878788,0.227834374844303,0.227834374844303,0,0.0227272727272727
"national","2-3","gross_by_hh_size >= 656 & married <= 0 & rawben_rel_max >= 0.42 & shelter_expenses_by_hh_size < 422",817,817,214,1,1,1,6,0.00122399020807834,0.00467289719626168,FALSE,0.261933904528764,0.261029411764706,0.227803398708359,0.226924548519767,0.00122399020807834,0.00734394124847001
"national","4+","elderly_disabled_i <= 0 & months_since_cert_n >= 3 & shelter_expenses_by_hh_size < 371 & unearned_by_hh_size >= 307",261,261,75,0,0,0,0,0,0,FALSE,0.28735632183908,0.28735632183908,0.227041992665975,0.227041992665975,0,0
"national","2-3","rawben_rel_max < 0.725 & unc_rawben_rel_max >= 0.695 & unearned_by_hh_size < 0.5",234,234,68,0,0,0,2,0,0,FALSE,0.290598290598291,0.290598290598291,0.226912130024638,0.226912130024638,0,0.00854700854700855
"national","2-3","gross_by_hh_size > 198 & rawben_rel_max > 0.979 & unc_rawben_rel_max <= 1.17 & utilities_sua <= 1.5",348,348,97,34,28,34,89,0.0977011494252874,0.288659793814433,TRUE,0.278735632183908,0.219745222929936,0.226542522214784,0.17039297493541,0.0977011494252874,0.255747126436782
"national","4+","gross_by_hh_size >= 727 & rawben_rel_max >= 0.353 & unc_rawben_rel_max >= 0.256 & unearned_by_hh_size < 196",802,802,209,0,0,0,0,0,0,FALSE,0.260598503740648,0.260598503740648,0.226234284745838,0.226234284745838,0,0
"national","1","gross_by_hh_size < 1280 & medical_deductions >= 3 & shelter_expenses_by_hh_size < 997 & total_deductions_by_hh_size >= 812",381,381,105,0,0,4,10,0,0,FALSE,0.275590551181102,0.275590551181102,0.225769275541299,0.225769275541299,0.010498687664042,0.026246719160105
"national","1","gross_by_hh_size >= 991 & months_since_cert_n < 30 & rawben_rel_max >= 0.524 & utilities_sua < 2",1224,1224,310,2,0,5,12,0.00163398692810458,0,FALSE,0.253267973856209,0.253682487725041,0.225484140862571,0.225859535678012,0.00408496732026144,0.00980392156862745
"national","1","expedited_i >= 1 & gross_by_hh_size > 370 & unc_rawben_rel_max <= 1.02 & unearned_by_hh_size <= 916",654,654,172,15,9,20,120,0.0229357798165138,0.0523255813953488,FALSE,0.262996941896024,0.25508607198748,0.225015325553002,0.217147854181169,0.0305810397553517,0.18348623853211
"national","2-3","shelter_expenses_by_hh_size < 490 & unearned_by_hh_size >= 426 & unearned_by_hh_size < 441",114,114,36,0,0,0,0,0,0,FALSE,0.315789473684211,0.315789473684211,0.224841911825118,0.224841911825118,0,0
"national","1","earned_by_hh_size > 27.5 & months_since_cert_n > 8.5 & rawben_rel_max > 0.273 & rawben_rel_max <= 0.997",472,472,127,0,0,2,18,0,0,FALSE,0.269067796610169,0.269067796610169,0.224402448664415,0.224402448664415,0.00423728813559322,0.038135593220339
"national","2-3","medical_deductions >= 155 & months_since_cert_n >= 5 & unearned_by_hh_size < 1240",320,320,89,0,0,0,4,0,0,FALSE,0.278125,0.278125,0.223920567566999,0.223920567566999,0,0.0125
"national","2-3","gross_by_hh_size >= 55 & gross_by_hh_size < 364 & unc_rawben_rel_max >= 1.09 & unc_rawben_rel_max < 1.11",337,337,93,79,51,79,144,0.234421364985163,0.548387096774194,TRUE,0.275964391691395,0.162790697674419,0.223204983121482,0.116356884590756,0.234421364985163,0.427299703264095
"national","2-3","earned_by_hh_size >= 719 & rawben_rel_max >= 0.603 & rawben_rel_max < 0.839",744,744,192,0,0,0,2,0,0,FALSE,0.258064516129032,0.258064516129032,0.222591186477691,0.222591186477691,0,0.00268817204301075
"national","4+","married >= 1 & shelter_expenses_by_hh_size >= 278 & shelter_expenses_by_hh_size < 388 & unearned_by_hh_size >= 145",274,274,77,0,0,1,3,0,0,FALSE,0.281021897810219,0.281021897810219,0.222570027901792,0.222570027901792,0.00364963503649635,0.0109489051094891
"national","4+","gross_by_hh_size >= 389 & gross_by_hh_size < 418 & shelter_expenses_by_hh_size < 120 & total_deductions_by_hh_size < 231",104,104,33,0,0,0,0,0,0,FALSE,0.317307692307692,0.317307692307692,0.222449838172289,0.222449838172289,0,0
"national","4+","unc_rawben_rel_max < 1.06 & unearned_by_hh_size >= 18.5 & unearned_by_hh_size < 44.8",490,490,130,38,8,38,62,0.0775510204081633,0.0615384615384615,FALSE,0.26530612244898,0.269911504424779,0.221660531110583,0.224277699874939,0.0775510204081633,0.126530612244898
"national","2-3","gross_by_hh_size >= 338 & months_since_cert_n >= 7 & utilities_sua >= 1 & utilities_sua < 2",482,482,128,3,3,3,13,0.00622406639004149,0.0234375,FALSE,0.265560165975104,0.260960334029228,0.221560933943963,0.217142046474859,0.00622406639004149,0.0269709543568465
"national","2-3","rawben_rel_max < 0.703 & shelter_expenses_by_hh_size < 205 & unc_rawben_rel_max >= 0.657 & unc_rawben_rel_max < 0.907",208,208,60,0,0,0,1,0,0,FALSE,0.288461538461538,0.288461538461538,0.221490427676351,0.221490427676351,0,0.00480769230769231
"national","4+","percent_abawd >= 0.167 & shelter_expenses_by_hh_size >= 229 & total_deductions_by_hh_size >= 160 & total_deductions_by_hh_size < 239",86,86,28,1,0,1,2,0.0116279069767442,0,FALSE,0.325581395348837,0.329411764705882,0.22143770675526,0.22419405478244,0.0116279069767442,0.0232558139534884
"national","1","earned_by_hh_size > 365 & total_deductions_by_hh_size > 211 & unc_rawben_rel_max > 1.34 & unearned_by_hh_size <= 658",752,752,193,112,64,119,311,0.148936170212766,0.33160621761658,TRUE,0.256648936170213,0.2015625,0.221430643024775,0.167249434407899,0.158244680851064,0.413563829787234
"national","4+","gross_by_hh_size < 312 & total_deductions_by_hh_size >= 133 & unc_rawben_rel_max >= 1.06 & unc_rawben_rel_max < 1.07",112,112,35,11,4,24,52,0.0982142857142857,0.114285714285714,FALSE,0.3125,0.306930693069307,0.221266751699774,0.212286428151058,0.214285714285714,0.464285714285714
"national","4+","months_since_cert_n >= 4 & months_since_cert_n < 7 & unearned_by_hh_size >= 500",150,150,45,0,0,0,0,0,0,FALSE,0.3,0.3,0.221176921678657,0.221176921678657,0,0
"national","2-3","gross_by_hh_size >= 452 & percent_abawd >= 0.667 & rawben_rel_max >= 0.381 & rawben_rel_max < 0.653",47,47,17,0,0,0,0,0,0,FALSE,0.361702127659574,0.361702127659574,0.220940636817755,0.220940636817755,0,0
"national","4+","shelter_expenses_by_hh_size >= 248 & total_deductions_by_hh_size < 151 & unearned_by_hh_size >= 8.6 & unearned_by_hh_size < 492",124,124,38,0,0,0,2,0,0,FALSE,0.306451612903226,0.306451612903226,0.219932917638321,0.219932917638321,0,0.0161290322580645
"national","4+","rawben_rel_max >= 0.262 & unc_rawben_rel_max < 0.272",72,72,24,0,0,0,0,0,0,FALSE,0.333333333333333,0.333333333333333,0.219813915929454,0.219813915929454,0,0
"national","1","shelter_expenses_by_hh_size < 894 & unc_rawben_rel_max >= 0.473 & unearned_by_hh_size >= 1130 & utilities_sua >= 1",210,210,60,0,0,3,3,0,0,FALSE,0.285714285714286,0.285714285714286,0.219300005188409,0.219300005188409,0.0142857142857143,0.0142857142857143
"national","2-3","count_divisible_by_100 <= 0.5 & earned_by_hh_size > 108 & elderly_disabled_i <= 0 & unearned_by_hh_size > 138",921,921,230,1,1,1,45,0.001085776330076,0.00434782608695652,FALSE,0.249728555917481,0.248913043478261,0.218078955909901,0.217287755590209,0.001085776330076,0.0488599348534202
"national","2-3","rawben_rel_max >= 0.636 & rawben_rel_max < 0.706 & shelter_expenses_by_hh_size >= 566",473,473,124,0,0,0,2,0,0,FALSE,0.26215644820296,0.26215644820296,0.217998424192992,0.217998424192992,0,0.00422832980972516
"national","2-3","homeless <= 0 & percent_abawd > 0.167 & shelter_expenses_by_hh_size > 302 & unc_rawben_rel_max <= 0.88",847,847,212,0,0,0,4,0,0,FALSE,0.250295159386068,0.250295159386068,0.217332733827935,0.217332733827935,0,0.00472255017709563
"national","2-3","gross_by_hh_size >= 950 & rawben_rel_max < 0.996 & total_deductions_by_hh_size >= 447",2453,2453,580,0,0,0,19,0,0,FALSE,0.236445169180595,0.236445169180595,0.217083963361456,0.217083963361456,0,0.00774561761108846
"national","4+","earned_by_hh_size >= 45 & total_deductions_by_hh_size >= 226 & total_deductions_by_hh_size < 233",318,318,86,22,11,27,38,0.0691823899371069,0.127906976744186,FALSE,0.270440251572327,0.253378378378378,0.216701138483896,0.199364519422683,0.0849056603773585,0.119496855345912
"national","2-3","children_i <= 0 & earned_by_hh_size > 84.6 & months_since_cert_n <= 7.5 & utilities_sua <= 0.5",122,122,37,7,3,7,8,0.0573770491803279,0.0810810810810811,FALSE,0.30327868852459,0.295652173913043,0.216540972685664,0.207668942997045,0.0573770491803279,0.0655737704918033
"national","1","medical_deductions >= 119 & rawben_rel_max >= 0.263 & shelter_expenses_by_hh_size >= 347 & shelter_expenses_by_hh_size < 935",906,906,225,3,0,10,11,0.0033112582781457,0,FALSE,0.248344370860927,0.249169435215947,0.216516607808743,0.217249855694014,0.011037527593819,0.0121412803532009
"national","4+","earned_by_hh_size >= 587 & earned_by_hh_size < 633 & unc_rawben_rel_max < 1.06",583,583,149,0,0,0,0,0,0,FALSE,0.25557461406518,0.25557461406518,0.215936406094357,0.215936406094357,0,0
"national","4+","earned_by_hh_size < 1100 & rawben_rel_max < 0.816 & shelter_expenses_by_hh_size >= 87.5 & unc_rawben_rel_max >= 0.8",222,222,62,0,0,0,1,0,0,FALSE,0.279279279279279,0.279279279279279,0.215131226861084,0.215131226861084,0,0.0045045045045045
"national","4+","gross_by_hh_size >= 634 & rawben_rel_max >= 0.461 & unc_rawben_rel_max < 0.482",163,163,47,0,0,0,0,0,0,FALSE,0.288343558282209,0.288343558282209,0.213666452155401,0.213666452155401,0,0
"national","4+","earned_by_hh_size > 361 & rawben_rel_max > 0.814 & shelter_expenses_by_hh_size <= 277",78,78,25,0,0,0,1,0,0,FALSE,0.320512820512821,0.320512820512821,0.212732285967756,0.212732285967756,0,0.0128205128205128
"national","2-3","months_since_cert_n < 6 & rawben_rel_max >= 0.684 & rawben_rel_max < 0.715 & total_deductions_by_hh_size >= 268",270,270,73,0,0,0,1,0,0,FALSE,0.27037037037037,0.27037037037037,0.212466501808721,0.212466501808721,0,0.0037037037037037
"national","2-3","earned_by_hh_size >= 724 & earned_by_hh_size < 810 & married >= 1",144,144,42,0,0,0,2,0,0,FALSE,0.291666666666667,0.291666666666667,0.212389080071286,0.212389080071286,0,0.0138888888888889
"national","1","rawben_rel_max >= 0.619 & shelter_expenses_by_hh_size >= 1490 & unc_rawben_rel_max < 1.03",1414,1414,335,25,17,27,104,0.0176803394625177,0.0507462686567164,FALSE,0.236916548797737,0.228941684665227,0.211649567803938,0.20380125150615,0.0190947666195191,0.0735502121640736
"national","2-3","gross_by_hh_size > 242 & rawben_rel_max > 0.971 & shelter_expenses_by_hh_size > 346 & total_deductions_by_hh_size <= 371",434,434,111,92,59,92,150,0.211981566820276,0.531531531531532,TRUE,0.255760368663594,0.152046783625731,0.210262879966061,0.112330298083256,0.211981566820276,0.345622119815668
"national","4+","earned_by_hh_size >= 59.6 & rawben_rel_max >= 0.776 & total_deductions_by_hh_size < 160 & unearned_by_hh_size < 109",482,482,122,0,0,0,30,0,0,FALSE,0.253112033195021,0.253112033195021,0.209962055609642,0.209962055609642,0,0.0622406639004149
"national","2-3","earned_by_hh_size <= 4.75 & total_deductions_by_hh_size > 430 & unc_rawben_rel_max <= 1",1725,1725,401,0,0,0,1,0,0,FALSE,0.232463768115942,0.232463768115942,0.209666395416883,0.209666395416883,0,0.000579710144927536
"national","1","gross_by_hh_size < 1020 & rawben_rel_max < 0.244 & shelter_expenses_by_hh_size >= 394 & shelter_expenses_by_hh_size < 411",87,87,27,0,0,1,0,0,0,FALSE,0.310344827586207,0.310344827586207,0.208958431282579,0.208958431282579,0.0114942528735632,0
"national","2-3","elderly_disabled_i <= 0 & shelter_expenses_by_hh_size > 586 & unc_rawben_rel_max <= 0.861",2324,2324,530,0,0,0,20,0,0,FALSE,0.228055077452668,0.228055077452668,0.208455967288427,0.208455967288427,0,0.00860585197934595
"national","2-3","earned_by_hh_size >= 500 & earned_by_hh_size < 517 & shelter_expenses_by_hh_size < 490 & total_deductions_by_hh_size >= 290",57,57,19,0,0,0,1,0,0,FALSE,0.333333333333333,0.333333333333333,0.208235997033016,0.208235997033016,0,0.0175438596491228
"national","4+","earned_by_hh_size <= 334 & rawben_rel_max <= 0.976 & shelter_expenses_by_hh_size <= 32 & unearned_by_hh_size <= 112",288,288,76,0,0,0,6,0,0,FALSE,0.263888888888889,0.263888888888889,0.208235820871504,0.208235820871504,0,0.0208333333333333
"national","4+","gross_by_hh_size >= 748 & total_deductions_by_hh_size >= 220",1575,1575,365,0,0,0,0,0,0,FALSE,0.231746031746032,0.231746031746032,0.207959427213679,0.207959427213679,0,0
"national","2-3","shelter_expenses_by_hh_size > 159 & shelter_expenses_by_hh_size <= 750 & total_deductions_by_hh_size <= 224 & unearned_by_hh_size <= 43.8",184,184,51,0,0,0,0,0,0,FALSE,0.277173913043478,0.277173913043478,0.20762276843061,0.20762276843061,0,0
"national","2-3","HH_size_n > 2.5 & married <= 0 & months_since_cert_n > 5.5 & rawben_rel_max <= 0.971",1884,1884,432,0,0,0,0,0,0,FALSE,0.229299363057325,0.229299363057325,0.207565904372226,0.207565904372226,0,0
"national","2-3","total_deductions_by_hh_size >= 454 & unc_rawben_rel_max < 1.08 & unearned_by_hh_size >= 300",2198,2198,499,0,0,0,22,0,0,FALSE,0.227024567788899,0.227024567788899,0.20692621699289,0.20692621699289,0,0.0100090991810737
"national","2-3","earned_by_hh_size < 1210 & homeless <= 0 & unc_rawben_rel_max >= 0.779 & unearned_by_hh_size >= 560",661,661,161,0,0,0,21,0,0,FALSE,0.24357034795764,0.24357034795764,0.206920743556203,0.206920743556203,0,0.0317700453857791
"national","2-3","earned_by_hh_size >= 471 & earned_by_hh_size < 490 & total_deductions_by_hh_size < 416",144,144,41,0,0,0,1,0,0,FALSE,0.284722222222222,0.284722222222222,0.206289373321923,0.206289373321923,0,0.00694444444444444
"national","1","gross_by_hh_size < 1380 & rawben_rel_max < 0.0996 & shelter_expenses_by_hh_size >= 446 & unc_rawben_rel_max >= 0.076",227,227,61,0,0,0,0,0,0,FALSE,0.268722466960352,0.268722466960352,0.206256858586144,0.206256858586144,0,0
"national","2-3","earned_by_hh_size >= 915 & earned_by_hh_size < 956 & total_deductions_by_hh_size < 330",96,96,29,0,0,0,1,0,0,FALSE,0.302083333333333,0.302083333333333,0.206062261826153,0.206062261826153,0,0.0104166666666667
"national","2-3","children_i <= 0 & expedited_i >= 1 & married <= 0 & months_since_cert_n >= 5",100,100,30,6,3,6,11,0.06,0.1,FALSE,0.3,0.287234042553192,0.205939675835509,0.19262369496297,0.06,0.11
"national","2-3","rawben_rel_max < 0.596 & unc_rawben_rel_max >= 0.54 & unc_rawben_rel_max < 0.551",232,232,62,0,0,0,2,0,0,FALSE,0.267241379310345,0.267241379310345,0.205532962987375,0.205532962987375,0,0.00862068965517241
"national","1","elderly_disabled_i <= 0 & rawben_rel_max > 0.318 & rawben_rel_max <= 0.594 & unearned_by_hh_size > 198",157,157,44,0,0,1,1,0,0,FALSE,0.280254777070064,0.280254777070064,0.205276184884538,0.205276184884538,0.00636942675159236,0.00636942675159236
"national","1","expedited_i >= 1 & gross_by_hh_size > 612 & percent_abawd > 0.5 & unearned_by_hh_size <= 848",208,208,56,19,12,19,44,0.0913461538461538,0.214285714285714,FALSE,0.269230769230769,0.232804232804233,0.204214861934077,0.169347476656044,0.0913461538461538,0.211538461538462
"national","2-3","elderly_disabled_i <= 0 & rawben_rel_max > 0.161 & rawben_rel_max <= 0.901 & unearned_by_hh_size > 54.8",3034,3034,668,1,1,1,6,0.0003295978905735,0.00149700598802395,FALSE,0.220171390903098,0.219914276294098,0.203180243514002,0.202928186401439,0.0003295978905735,0.001977587343441
"national","1","total_deductions_by_hh_size >= 818 & total_deductions_by_hh_size < 932 & utilities_sua < 2",516,516,126,0,0,1,40,0,0,FALSE,0.244186046511628,0.244186046511628,0.202998947819565,0.202998947819565,0.00193798449612403,0.0775193798449612
"national","2-3","expedited_i >= 1 & gross_by_hh_size <= 1990 & months_since_cert_n <= 0.5 & unc_rawben_rel_max <= 1",70,70,22,0,0,0,1,0,0,FALSE,0.314285714285714,0.314285714285714,0.202552872928322,0.202552872928322,0,0.0142857142857143
"national","2-3","count_divisible_by_100 >= 1 & gross_by_hh_size < 562 & rawben_rel_max < 0.636",40,40,14,0,0,0,0,0,0,FALSE,0.35,0.35,0.202268739280259,0.202268739280259,0,0
"national","2-3","earned_by_hh_size >= 638 & married >= 1 & shelter_expenses_by_hh_size >= 334",736,736,174,0,0,0,9,0,0,FALSE,0.236413043478261,0.236413043478261,0.201990697553059,0.201990697553059,0,0.0122282608695652
"national","4+","count_divisible_by_100 < 1 & shelter_expenses_by_hh_size >= 143 & shelter_expenses_by_hh_size < 145",55,55,18,0,0,0,2,0,0,FALSE,0.327272727272727,0.327272727272727,0.201472554898503,0.201472554898503,0,0.0363636363636364
"national","4+","rawben_rel_max < 0.871 & total_deductions_by_hh_size < 263 & unc_rawben_rel_max >= 0.705 & unearned_by_hh_size >= 317",280,280,72,0,0,0,0,0,0,FALSE,0.257142857142857,0.257142857142857,0.201395829292,0.201395829292,0,0
"national","4+","expedited_i >= 1 & shelter_expenses_by_hh_size < 451 & total_deductions_by_hh_size < 146 & unearned_by_hh_size >= 81.5",131,131,37,0,0,0,0,0,0,FALSE,0.282442748091603,0.282442748091603,0.201001129851854,0.201001129851854,0,0
"national","1","earned_by_hh_size < 1920 & elderly_disabled_i <= 0 & shelter_expenses_by_hh_size < 1840 & total_deductions_by_hh_size >= 1240",272,272,70,0,0,0,20,0,0,FALSE,0.257352941176471,0.257352941176471,0.200849496993975,0.200849496993975,0,0.0735294117647059
"national","2-3","earned_by_hh_size >= 766 & gross_by_hh_size >= 743 & gross_by_hh_size < 886 & HH_size_n < 3",414,414,102,0,0,0,6,0,0,FALSE,0.246376811594203,0.246376811594203,0.200598879793219,0.200598879793219,0,0.0144927536231884
"national","4+","earned_by_hh_size < 275 & gross_by_hh_size < 1010 & rawben_rel_max >= 0.725 & rawben_rel_max < 0.739",95,95,28,0,0,0,0,0,0,FALSE,0.294736842105263,0.294736842105263,0.199389295355032,0.199389295355032,0,0
"national","1","months_since_cert_n > 18.5 & unc_rawben_rel_max <= 1.02 & unearned_by_hh_size > 308 & unearned_by_hh_size <= 916",503,503,121,0,0,8,63,0,0,FALSE,0.240556660039761,0.240556660039761,0.199139274892972,0.199139274892972,0.0159045725646123,0.125248508946322
"national","4+","rawben_rel_max > 0.986 & shelter_expenses_by_hh_size > 274 & unc_rawben_rel_max <= 1.09",514,514,123,77,43,90,133,0.149805447470817,0.349593495934959,TRUE,0.239299610894942,0.183066361556064,0.198386131347879,0.144001280771598,0.175097276264591,0.25875486381323
"national","4+","earned_by_hh_size < 346 & rawben_rel_max < 0.712 & shelter_expenses_by_hh_size < 219 & utilities_sua < 2",268,268,68,0,0,0,0,0,0,FALSE,0.253731343283582,0.253731343283582,0.197198808238656,0.197198808238656,0,0
"national","2-3","bbce_state_i >= 1 & gross_by_hh_size > 580 & unc_rawben_rel_max > 0.999 & unc_rawben_rel_max <= 1",48,48,39,0,0,0,0,0,0,FALSE,0.8125,0.8125,0.652649887035645,0.652649887035645,0,0
"national","1","rawben_rel_max >= 0.972 & total_deductions_by_hh_size >= 1830 & unc_rawben_rel_max < 1.04",53,53,35,0,0,0,11,0,0,FALSE,0.660377358490566,0.660377358490566,0.500627148282687,0.500627148282687,0,0.207547169811321
"national","1","elderly_disabled_i >= 1 & rawben_rel_max > 0.804 & shelter_expenses_by_hh_size > 940 & utilities_sua <= 0.5",123,123,74,0,0,0,14,0,0,FALSE,0.601626016260163,0.601626016260163,0.496764033936871,0.496764033936871,0,0.113821138211382
"national","1","rawben_rel_max >= 1 & shelter_expenses_by_hh_size < 848 & unc_rawben_rel_max < 1.02 & unearned_by_hh_size >= 231",428,428,236,0,0,6,257,0,0,FALSE,0.551401869158878,0.551401869158878,0.495188744964088,0.495188744964088,0.014018691588785,0.600467289719626
"national","1","elderly_disabled_i >= 1 & shelter_expenses_by_hh_size > 2650 & unc_rawben_rel_max <= 1.08",39,39,26,0,0,0,5,0,0,FALSE,0.666666666666667,0.666666666666667,0.480578170791425,0.480578170791425,0,0.128205128205128
"national","2-3","earned_by_hh_size <= 1140 & shelter_expenses_by_hh_size > 1420 & unc_rawben_rel_max <= 1",38,38,25,0,0,0,1,0,0,FALSE,0.657894736842105,0.657894736842105,0.469580701177852,0.469580701177852,0,0.0263157894736842
"national","2-3","medical_deductions >= 366 & rawben_rel_max >= 0.718",31,31,21,0,0,0,1,0,0,FALSE,0.67741935483871,0.67741935483871,0.468941757246671,0.468941757246671,0,0.032258064516129
"national","1","medical_deductions >= 263 & rawben_rel_max >= 0.956 & shelter_expenses_by_hh_size < 1470 & unc_rawben_rel_max < 1.06",79,79,45,0,0,1,5,0,0,FALSE,0.569620253164557,0.569620253164557,0.439726714652127,0.439726714652127,0.0126582278481013,0.0632911392405063
"national","1","gross_by_hh_size > 294 & unc_rawben_rel_max > 1 & unc_rawben_rel_max <= 1.03 & unearned_by_hh_size <= 916",576,576,271,37,22,47,387,0.0642361111111111,0.0811808118081181,FALSE,0.470486111111111,0.461966604823748,0.422611724803485,0.412643130132005,0.0815972222222222,0.671875
"national","1","medical_deductions > 148 & rawben_rel_max > 0.967 & unc_rawben_rel_max <= 1.03",244,244,120,0,0,1,35,0,0,FALSE,0.491803278688525,0.491803278688525,0.418349279623058,0.418349279623058,0.00409836065573771,0.14344262295082
"national","1","earned_by_hh_size > 484 & unc_rawben_rel_max > 1.33 & utilities_sua <= 0.5",41,41,24,10,5,10,32,0.24390243902439,0.208333333333333,FALSE,0.585365853658537,0.612903225806452,0.406911358571248,0.407618537979449,0.24390243902439,0.780487804878049
"national","1","earned_by_hh_size > 410 & earned_by_hh_size <= 702 & months_since_cert_n > 5.5 & total_deductions_by_hh_size > 1080",189,189,92,87,60,88,121,0.46031746031746,0.652173913043478,TRUE,0.486772486772487,0.313725490196078,0.403758596876733,0.218548009875051,0.465608465608466,0.64021164021164
"national","1","homeless >= 1 & shelter_expenses_by_hh_size >= 1100 & unc_rawben_rel_max >= 0.488 & unc_rawben_rel_max < 1.09",52,52,29,0,0,0,1,0,0,FALSE,0.557692307692308,0.557692307692308,0.399692034379892,0.399692034379892,0,0.0192307692307692
"national","1","shelter_expenses_by_hh_size > 2580 & unc_rawben_rel_max <= 1.04",82,82,43,3,3,3,12,0.0365853658536585,0.0697674418604651,FALSE,0.524390243902439,0.506329113924051,0.398625797968314,0.379347996934581,0.0365853658536585,0.146341463414634
"national","2-3","count_divisible_by_100 < 2 & medical_deductions >= 323 & rawben_rel_max >= 0.656 & total_deductions_by_hh_size >= 454",45,45,25,0,0,0,1,0,0,FALSE,0.555555555555556,0.555555555555556,0.38669580207799,0.38669580207799,0,0.0222222222222222
"national","1","earned_by_hh_size >= 568 & shelter_expenses_by_hh_size < 1040 & unc_rawben_rel_max >= 1.4 & unearned_by_hh_size < 254",80,80,41,0,0,7,61,0,0,FALSE,0.5125,0.5125,0.385903311035764,0.385903311035764,0.0875,0.7625
"national","2-3","gross_by_hh_size >= 1200 & months_since_cert_n >= 9 & total_deductions_by_hh_size >= 896",33,33,19,0,0,0,2,0,0,FALSE,0.575757575757576,0.575757575757576,0.379293320103591,0.379293320103591,0,0.0606060606060606
"national","2-3","rawben_rel_max > 0.155 & rawben_rel_max <= 0.984 & unearned_by_hh_size > 1350",59,59,31,0,0,0,0,0,0,FALSE,0.525423728813559,0.525423728813559,0.378548646647257,0.378548646647257,0,0
"national","2-3","medical_deductions <= 794 & percent_abawd > 0.167 & total_deductions_by_hh_size > 783 & unc_rawben_rel_max <= 1.02",31,31,18,0,0,0,0,0,0,FALSE,0.580645161290323,0.580645161290323,0.378070197572271,0.378070197572271,0,0
"national","2-3","unc_rawben_rel_max > 0.999 & unc_rawben_rel_max <= 1 & unearned_by_hh_size > 110",193,193,87,0,0,0,1,0,0,FALSE,0.450777202072539,0.450777202072539,0.369944206095691,0.369944206095691,0,0.00518134715025907
"national","2-3","earned_by_hh_size > 186 & expedited_i >= 1 & unearned_by_hh_size > 271",56,56,29,0,0,0,2,0,0,FALSE,0.517857142857143,0.517857142857143,0.367961612913646,0.367961612913646,0,0.0357142857142857
"national","2-3","married <= 0 & months_since_cert_n > 5.5 & total_deductions_by_hh_size > 848 & unc_rawben_rel_max <= 1",54,54,28,0,0,0,1,0,0,FALSE,0.518518518518518,0.518518518518518,0.366040203785997,0.366040203785997,0,0.0185185185185185
"national","4+","count_divisible_by_100 > 1.5 & months_since_cert_n > 5.5 & total_deductions_by_hh_size <= 249 & unc_rawben_rel_max <= 0.975",32,32,18,0,0,0,0,0,0,FALSE,0.5625,0.5625,0.364591478008337,0.364591478008337,0,0
"national","2-3","total_deductions_by_hh_size > 598 & unc_rawben_rel_max > 0.571 & unearned_by_hh_size > 1000",108,108,51,0,0,0,1,0,0,FALSE,0.472222222222222,0.472222222222222,0.364500216431942,0.364500216431942,0,0.00925925925925926
"national","1","earned_by_hh_size > 424 & elderly_disabled_i <= 0 & months_since_cert_n > 6.5 & unc_rawben_rel_max > 1.34",162,162,73,41,30,46,96,0.253086419753086,0.410958904109589,TRUE,0.450617283950617,0.355371900826446,0.362753147057665,0.262350476126472,0.283950617283951,0.592592592592593
"national","4+","count_divisible_by_100 > 1.5 & months_since_cert_n > 5.5 & rawben_rel_max <= 0.975 & utilities_sua > 0.5",41,41,22,0,0,0,0,0,0,FALSE,0.536585365853659,0.536585365853659,0.36200925717726,0.36200925717726,0,0
"national","4+","HH_size_n < 5 & rawben_rel_max >= 0.785 & rawben_rel_max < 0.789",39,39,21,0,0,0,0,0,0,FALSE,0.538461538461538,0.538461538461538,0.359712882609676,0.359712882609676,0,0
"national","4+","HH_size_n > 5.5 & rawben_rel_max <= 0.976 & shelter_expenses_by_hh_size <= 454 & total_deductions_by_hh_size > 340",37,37,20,0,0,0,1,0,0,FALSE,0.540540540540541,0.540540540540541,0.357296991528079,0.357296991528079,0,0.027027027027027
"national","4+","earned_by_hh_size > 81.2 & earned_by_hh_size <= 425 & HH_size_n > 4.5 & months_since_cert_n > 14.5",35,35,19,0,0,0,4,0,0,FALSE,0.542857142857143,0.542857142857143,0.354751698733972,0.354751698733972,0,0.114285714285714
"national","2-3","gross_by_hh_size > 814 & rawben_rel_max > 0.971 & unc_rawben_rel_max <= 1.23 & unearned_by_hh_size > 333",45,45,23,0,0,0,3,0,0,FALSE,0.511111111111111,0.511111111111111,0.346152352393036,0.346152352393036,0,0.0666666666666667
"national","1","bbce_state_i >= 1 & earned_by_hh_size >= 682 & total_deductions_by_hh_size < 2030 & unc_rawben_rel_max >= 1.44",74,74,35,0,0,0,40,0,0,FALSE,0.472972972972973,0.472972972972973,0.344482866922199,0.344482866922199,0,0.540540540540541
"national","2-3","children_i <= 0 & earned_by_hh_size > 123 & gross_by_hh_size > 2130 & total_deductions_by_hh_size > 500",41,41,21,0,0,0,2,0,0,FALSE,0.51219512195122,0.51219512195122,0.340102964413309,0.340102964413309,0,0.0487804878048781
"national","2-3","count_divisible_by_100 > 0.5 & rawben_rel_max <= 0.998 & shelter_expenses_by_hh_size > 1030 & unc_rawben_rel_max <= 0.685",41,41,21,0,0,0,1,0,0,FALSE,0.51219512195122,0.51219512195122,0.340102964413309,0.340102964413309,0,0.024390243902439
"national","2-3","total_deductions_by_hh_size > 1120 & unc_rawben_rel_max <= 1.41",80,80,37,0,0,0,6,0,0,FALSE,0.4625,0.4625,0.339365647081773,0.339365647081773,0,0.075
"national","2-3","earned_by_hh_size <= 118 & rawben_rel_max > 0.97 & total_deductions_by_hh_size > 486 & unc_rawben_rel_max <= 1",125,125,54,0,0,0,1,0,0,FALSE,0.432,0.432,0.333886608845845,0.333886608845845,0,0.008
"national","4+","HH_size_n < 7 & months_since_cert_n >= 6 & shelter_expenses_by_hh_size < 459 & total_deductions_by_hh_size >= 505",30,30,16,0,0,0,1,0,0,FALSE,0.533333333333333,0.533333333333333,0.333167969505189,0.333167969505189,0,0.0333333333333333
"national","4+","HH_size_n >= 5 & rawben_rel_max < 0.801 & total_deductions_by_hh_size >= 401",84,84,38,0,0,0,0,0,0,FALSE,0.452380952380952,0.452380952380952,0.332792993454042,0.332792993454042,0,0
"national","4+","HH_size_n > 5.5 & months_since_cert_n > 10.5 & rawben_rel_max <= 0.976 & unc_rawben_rel_max > 0.587",105,105,46,0,0,0,1,0,0,FALSE,0.438095238095238,0.438095238095238,0.331256886186747,0.331256886186747,0,0.00952380952380952
"national","2-3","earned_by_hh_size > 124 & married >= 1 & months_since_cert_n > 9.5 & total_deductions_by_hh_size > 597",42,42,21,0,0,0,6,0,0,FALSE,0.5,0.5,0.331094623915598,0.331094623915598,0,0.142857142857143
"national","4+","earned_by_hh_size > 7.48 & elderly_disabled_i >= 1 & months_since_cert_n > 6.5 & rawben_rel_max > 0.587",108,108,47,0,0,0,4,0,0,FALSE,0.435185185185185,0.435185185185185,0.329946741646144,0.329946741646144,0,0.037037037037037
"national","1","total_deductions_by_hh_size > 755 & unc_rawben_rel_max <= 1.03 & utilities_sua <= 0.5",477,477,181,0,0,2,28,0,0,FALSE,0.379454926624738,0.379454926624738,0.329400303629343,0.329400303629343,0.00419287211740042,0.0587002096436059
"national","4+","earned_by_hh_size >= 275 & earned_by_hh_size < 426 & months_since_cert_n >= 11 & total_deductions_by_hh_size < 263",70,70,32,0,0,0,1,0,0,FALSE,0.457142857142857,0.457142857142857,0.326749219114389,0.326749219114389,0,0.0142857142857143
"national","2-3","elderly_disabled_i >= 1 & HH_size_n > 2.5 & shelter_expenses_by_hh_size > 646 & unc_rawben_rel_max <= 1",141,141,59,0,0,0,0,0,0,FALSE,0.418439716312057,0.418439716312057,0.326577465234703,0.326577465234703,0,0
"national","4+","earned_by_hh_size >= 47.4 & gross_by_hh_size >= 712 & gross_by_hh_size < 740 & total_deductions_by_hh_size >= 333",73,73,33,0,0,0,0,0,0,FALSE,0.452054794520548,0.452054794520548,0.324587512057279,0.324587512057279,0,0
"national","4+","months_since_cert_n >= 4 & months_since_cert_n < 7 & shelter_expenses_by_hh_size >= 463 & unearned_by_hh_size >= 500",38,38,19,0,0,0,0,0,0,FALSE,0.5,0.5,0.323484258585304,0.323484258585304,0,0
"national","2-3","children_i <= 0 & expedited_i >= 1 & gross_by_hh_size >= 499 & unearned_by_hh_size < 666",97,97,42,0,0,0,8,0,0,FALSE,0.43298969072165,0.43298969072165,0.322588311282212,0.322588311282212,0,0.0824742268041237
"national","1","earned_by_hh_size > 426 & unc_rawben_rel_max > 1.21 & utilities_sua <= 1.5",132,132,55,23,15,23,79,0.174242424242424,0.272727272727273,TRUE,0.416666666666667,0.36697247706422,0.322067072803301,0.268263914707395,0.174242424242424,0.598484848484849
"national","2-3","earned_by_hh_size >= 1020 & rawben_rel_max >= 0.31 & unearned_by_hh_size >= 48.7",46,46,22,0,0,0,0,0,0,FALSE,0.478260869565217,0.478260869565217,0.318484414019711,0.318484414019711,0,0
"national","1","earned_by_hh_size >= 391 & months_since_cert_n >= 6 & shelter_expenses_by_hh_size < 1620 & unc_rawben_rel_max >= 1.3",307,307,116,59,41,65,161,0.192182410423453,0.353448275862069,TRUE,0.37785016286645,0.30241935483871,0.316125531616017,0.239393324486214,0.211726384364821,0.52442996742671
"national","4+","shelter_expenses_by_hh_size >= 274 & unc_rawben_rel_max >= 1.06 & unc_rawben_rel_max < 1.09",199,199,78,77,43,90,115,0.386934673366834,0.551282051282051,TRUE,0.391959798994975,0.286885245901639,0.315345103903758,0.202291084529047,0.452261306532663,0.577889447236181
"national","1","expedited_i <= 0 & shelter_expenses_by_hh_size > 1100 & utilities_sua <= 0.5",201,201,78,5,4,5,12,0.0248756218905473,0.0512820512820513,FALSE,0.388059701492537,0.377551020408163,0.31204455410451,0.30131949619091,0.0248756218905473,0.0597014925373134
"national","2-3","children_i >= 1 & total_deductions_by_hh_size > 428 & unc_rawben_rel_max > 0.995 & unc_rawben_rel_max <= 1",79,79,34,0,0,0,1,0,0,FALSE,0.430379746835443,0.430379746835443,0.309410827520091,0.309410827520091,0,0.0126582278481013
"national","4+","shelter_expenses_by_hh_size >= 431 & unc_rawben_rel_max < 1 & unearned_by_hh_size >= 146 & unearned_by_hh_size < 242",138,138,55,0,0,0,1,0,0,FALSE,0.398550724637681,0.398550724637681,0.307205300300974,0.307205300300974,0,0.0072463768115942
"national","2-3","gross_by_hh_size >= 1370 & months_since_cert_n < 7 & rawben_rel_max >= 0.281 & shelter_expenses_by_hh_size >= 926",45,45,21,0,0,0,0,0,0,FALSE,0.466666666666667,0.466666666666667,0.306767055021135,0.306767055021135,0,0
"national","1","earned_by_hh_size >= 663 & months_since_cert_n >= 13 & rawben_rel_max >= 0.426",88,88,37,13,11,13,24,0.147727272727273,0.297297297297297,TRUE,0.420454545454545,0.346666666666667,0.30617268725549,0.233106996855944,0.147727272727273,0.272727272727273
"national","2-3","rawben_rel_max > 0.976 & unc_rawben_rel_max <= 1 & unearned_by_hh_size > 352",199,199,76,0,0,0,1,0,0,FALSE,0.381909547738693,0.381909547738693,0.305930141014683,0.305930141014683,0,0.0050251256281407
"national","4+","earned_by_hh_size >= 929 & married <= 0 & rawben_rel_max >= 0.13 & shelter_expenses_by_hh_size < 470",61,61,27,0,0,0,0,0,0,FALSE,0.442622950819672,0.442622950819672,0.305450523437763,0.305450523437763,0,0
"national","1","total_deductions_by_hh_size <= 548 & unc_rawben_rel_max > 1 & unearned_by_hh_size > 308",168,168,65,0,0,5,87,0,0,FALSE,0.386904761904762,0.386904761904762,0.304333222097833,0.304333222097833,0.0297619047619048,0.517857142857143
"national","4+","gross_by_hh_size > 145 & HH_size_n > 5.5 & percent_abawd > 0.216 & rawben_rel_max <= 0.976",54,54,24,0,0,0,0,0,0,FALSE,0.444444444444444,0.444444444444444,0.299466655324793,0.299466655324793,0,0
"national","2-3","percent_abawd > 0.167 & rawben_rel_max <= 0.996 & total_deductions_by_hh_size > 480 & utilities_sua <= 1.5",33,33,16,0,0,0,1,0,0,FALSE,0.484848484848485,0.484848484848485,0.29940347614674,0.29940347614674,0,0.0303030303030303
"national","1","gross_by_hh_size >= 1880 & medical_deductions < 216 & shelter_expenses_by_hh_size >= 1920 & total_deductions_by_hh_size >= 1570",170,170,64,0,0,0,13,0,0,FALSE,0.376470588235294,0.376470588235294,0.295105870696431,0.295105870696431,0,0.0764705882352941
"national","2-3","gross_by_hh_size > 220 & shelter_expenses_by_hh_size > 745 & total_deductions_by_hh_size <= 476 & unearned_by_hh_size <= 262",120,120,47,17,11,17,22,0.141666666666667,0.234042553191489,FALSE,0.391666666666667,0.349514563106796,0.294847907610974,0.250241491523647,0.141666666666667,0.183333333333333
"national","2-3","gross_by_hh_size >= 956 & percent_abawd >= 0.333 & total_deductions_by_hh_size >= 745",44,44,20,0,0,0,1,0,0,FALSE,0.454545454545455,0.454545454545455,0.294680897963161,0.294680897963161,0,0.0227272727272727
"national","2-3","children_i <= 0 & earned_by_hh_size <= 71.8 & unc_rawben_rel_max > 0.16 & unearned_by_hh_size > 1060",295,295,105,0,0,0,0,0,0,FALSE,0.355932203389831,0.355932203389831,0.294220211733661,0.294220211733661,0,0
"national","2-3","earned_by_hh_size > 54.8 & months_since_cert_n > 8.5 & rawben_rel_max <= 0.0485 & shelter_expenses_by_hh_size > 769",31,31,15,0,0,0,3,0,0,FALSE,0.483870967741935,0.483870967741935,0.293614841996523,0.293614841996523,0,0.0967741935483871
"national","2-3","earned_by_hh_size > 135 & expedited_i <= 0 & HH_size_n > 2.5 & total_deductions_by_hh_size > 632",169,169,63,0,0,0,9,0,0,FALSE,0.372781065088757,0.372781065088757,0.291471252582125,0.291471252582125,0,0.0532544378698225
"national","4+","elderly_disabled_i <= 0 & gross_by_hh_size >= 326 & HH_size_n >= 7 & married <= 0",191,191,70,0,0,0,2,0,0,FALSE,0.366492146596859,0.366492146596859,0.290113582223128,0.290113582223128,0,0.0104712041884817
"national","2-3","earned_by_hh_size > 1520 & married >= 1 & total_deductions_by_hh_size > 502 & unc_rawben_rel_max <= 1",42,42,19,0,0,0,3,0,0,FALSE,0.452380952380952,0.452380952380952,0.289589641784695,0.289589641784695,0,0.0714285714285714
"national","2-3","gross_by_hh_size >= 1370 & percent_abawd < 0.333 & rawben_rel_max >= 0.212 & rawben_rel_max < 0.791",164,164,61,0,0,0,1,0,0,FALSE,0.371951219512195,0.371951219512195,0.289570525008247,0.289570525008247,0,0.00609756097560976
"national","4+","earned_by_hh_size > 42.6 & gross_by_hh_size > 151 & married <= 0 & total_deductions_by_hh_size <= 122",477,477,161,0,0,0,3,0,0,FALSE,0.337526205450734,0.337526205450734,0.289238081545766,0.289238081545766,0,0.00628930817610063
"national","1","children_i >= 1 & months_since_cert_n < 4 & rawben_rel_max < 0.574",67,67,28,0,0,0,0,0,0,FALSE,0.417910447761194,0.417910447761194,0.289087026212429,0.289087026212429,0,0
"national","1","homeless <= 0 & total_deductions_by_hh_size > 1080 & total_deductions_by_hh_size <= 1090 & unearned_by_hh_size <= 206",159,159,59,73,43,73,97,0.459119496855346,0.728813559322034,TRUE,0.371069182389937,0.186046511627907,0.287574987309805,0.108149775804571,0.459119496855346,0.610062893081761
"national","1","earned_by_hh_size >= 764 & unc_rawben_rel_max >= 1.44",82,82,33,0,0,0,36,0,0,FALSE,0.402439024390244,0.402439024390244,0.286325480825013,0.286325480825013,0,0.439024390243902
"national","2-3","earned_by_hh_size >= 298 & earned_by_hh_size < 378 & shelter_expenses_by_hh_size >= 725 & unc_rawben_rel_max >= 0.686",91,91,36,30,20,30,40,0.32967032967033,0.555555555555556,TRUE,0.395604395604396,0.262295081967213,0.28547988292814,0.154622238811152,0.32967032967033,0.43956043956044
"national","2-3","earned_by_hh_size > 32.2 & gross_by_hh_size > 190 & shelter_expenses_by_hh_size > 747 & unearned_by_hh_size > 459",238,238,84,0,0,0,11,0,0,FALSE,0.352941176470588,0.352941176470588,0.284888447105049,0.284888447105049,0,0.046218487394958
"national","1","children_i >= 1 & earned_by_hh_size <= 1160 & rawben_rel_max <= 0.537",51,51,22,1,0,1,0,0.0196078431372549,0,FALSE,0.431372549019608,0.44,0.284432688875999,0.29063956895756,0.0196078431372549,0
"national","4+","bbce_state_i >= 1 & earned_by_hh_size > 42.5 & rawben_rel_max > 0.313 & total_deductions_by_hh_size <= 126",681,681,221,0,0,14,35,0,0,FALSE,0.324522760646109,0.324522760646109,0.284316144362654,0.284316144362654,0.0205580029368576,0.0513950073421439
"national","1","months_since_cert_n <= 8.5 & percent_abawd > 0.5 & shelter_expenses_by_hh_size > 1780 & unearned_by_hh_size > 272",32,32,15,5,5,5,11,0.15625,0.333333333333333,TRUE,0.46875,0.37037037037037,0.283442595422121,0.193525566385865,0.15625,0.34375
"national","2-3","rawben_rel_max >= 0.163 & unearned_by_hh_size >= 892 & utilities_sua < 2",83,83,33,0,0,0,0,0,0,FALSE,0.397590361445783,0.397590361445783,0.282629227440538,0.282629227440538,0,0
"national","2-3","earned_by_hh_size >= 872 & rawben_rel_max >= 0.391 & shelter_expenses_by_hh_size < 956 & unearned_by_hh_size >= 12.7",86,86,34,0,0,0,1,0,0,FALSE,0.395348837209302,0.395348837209302,0.282434258149992,0.282434258149992,0,0.0116279069767442
"national","1","bbce_state_i >= 1 & earned_by_hh_size > 404 & expedited_i >= 1 & months_since_cert_n > 6.5",219,219,77,20,14,23,62,0.091324200913242,0.181818181818182,FALSE,0.351598173515982,0.316582914572864,0.280952904350047,0.245608285146838,0.105022831050228,0.28310502283105
"national","1","unc_rawben_rel_max >= 0.555 & unc_rawben_rel_max < 1.3 & unearned_by_hh_size >= 1040 & utilities_sua < 2",445,445,147,0,0,1,8,0,0,FALSE,0.330337078651685,0.330337078651685,0.280786716386267,0.280786716386267,0.00224719101123596,0.0179775280898876
"national","4+","months_since_cert_n > 5.5 & shelter_expenses_by_hh_size <= 302 & total_deductions_by_hh_size > 251 & unc_rawben_rel_max <= 1.12",239,239,83,7,5,7,19,0.0292887029288703,0.0602409638554217,FALSE,0.347280334728033,0.336206896551724,0.279744419205358,0.268527120980126,0.0292887029288703,0.0794979079497908
"national","4+","months_since_cert_n >= 9 & percent_abawd < 0.182 & rawben_rel_max >= 0.902 & rawben_rel_max < 0.953",120,120,45,0,0,0,1,0,0,FALSE,0.375,0.375,0.279694211459208,0.279694211459208,0,0.00833333333333333
"national","2-3","earned_by_hh_size > 4.75 & rawben_rel_max > 0.402 & unc_rawben_rel_max <= 1 & unearned_by_hh_size > 236",841,841,265,1,1,1,4,0.00118906064209275,0.00377358490566038,FALSE,0.315101070154578,0.314285714285714,0.279122821085838,0.27831793533406,0.00118906064209275,0.00475624256837099
"national","1","earned_by_hh_size >= 98 & shelter_expenses_by_hh_size >= 1770 & total_deductions_by_hh_size < 1100 & unc_rawben_rel_max >= 1.02",87,87,34,47,30,47,53,0.540229885057471,0.882352941176471,TRUE,0.390804597701149,0.1,0.278963275310077,0.0336657715422246,0.540229885057471,0.609195402298851
"national","1","homeless >= 1 & shelter_expenses_by_hh_size > 498 & unc_rawben_rel_max <= 1.08 & utilities_sua <= 0.5",41,41,18,0,0,0,0,0,0,FALSE,0.439024390243902,0.439024390243902,0.276542413497277,0.276542413497277,0,0
"national","2-3","bbce_state_i >= 1 & medical_deductions > 124 & rawben_rel_max > 0.156 & unc_rawben_rel_max <= 1",622,622,196,0,0,0,0,0,0,FALSE,0.315112540192926,0.315112540192926,0.273537785399207,0.273537785399207,0,0
"national","4+","earned_by_hh_size >= 11.6 & HH_size_n >= 6 & unearned_by_hh_size >= 23 & unearned_by_hh_size < 118",343,343,113,0,0,0,9,0,0,FALSE,0.329446064139942,0.329446064139942,0.273464921708626,0.273464921708626,0,0.0262390670553936
"national","4+","expedited_i >= 1 & shelter_expenses_by_hh_size >= 30.6 & shelter_expenses_by_hh_size < 156 & unc_rawben_rel_max < 1",92,92,35,0,0,0,0,0,0,FALSE,0.380434782608696,0.380434782608696,0.2724659121342,0.2724659121342,0,0
"national","2-3","medical_deductions > 39 & months_since_cert_n <= 5.5 & rawben_rel_max > 0.967",56,56,23,0,0,0,6,0,0,FALSE,0.410714285714286,0.410714285714286,0.272345423355212,0.272345423355212,0,0.107142857142857
"national","1","medical_deductions > 148 & rawben_rel_max > 0.998 & total_deductions_by_hh_size > 237 & utilities_sua <= 1.5",68,68,27,0,0,1,8,0,0,FALSE,0.397058823529412,0.397058823529412,0.271599017239319,0.271599017239319,0.0147058823529412,0.117647058823529
"national","4+","HH_size_n > 4.5 & rawben_rel_max > 0.731 & rawben_rel_max <= 0.976 & total_deductions_by_hh_size > 62.3",1796,1796,531,0,0,0,14,0,0,FALSE,0.2956570155902,0.2956570155902,0.271254589391216,0.271254589391216,0,0.00779510022271715
"national","2-3","gross_by_hh_size < 377 & shelter_expenses_by_hh_size >= 797 & unc_rawben_rel_max < 1.17",125,125,45,50,34,50,60,0.4,0.755555555555556,TRUE,0.36,0.146666666666667,0.267868130605047,0.0756452594099987,0.4,0.48
"national","1","months_since_cert_n < 8 & total_deductions_by_hh_size >= 1480 & unearned_by_hh_size >= 1790",141,141,50,0,0,0,5,0,0,FALSE,0.354609929078014,0.354609929078014,0.267863256009843,0.267863256009843,0,0.0354609929078014
"national","2-3","earned_by_hh_size > 72.4 & HH_size_n > 2.5 & unc_rawben_rel_max > 1 & unearned_by_hh_size > 53.8",122,122,44,0,0,0,67,0,0,FALSE,0.360655737704918,0.360655737704918,0.267444766200509,0.267444766200509,0,0.549180327868853
"national","2-3","earned_by_hh_size >= 322 & percent_abawd >= 0.333 & total_deductions_by_hh_size >= 519 & unearned_by_hh_size >= 36.7",63,63,25,0,0,0,2,0,0,FALSE,0.396825396825397,0.396825396825397,0.267158540388352,0.267158540388352,0,0.0317460317460317
"national","1","earned_by_hh_size > 374 & elderly_disabled_i <= 0 & shelter_expenses_by_hh_size > 2160 & unc_rawben_rel_max > 1.08",31,31,14,19,13,19,20,0.612903225806452,0.928571428571429,TRUE,0.451612903225806,0.0833333333333333,0.266834620602285,0.0115595919710715,0.612903225806452,0.645161290322581
"national","4+","months_since_cert_n > 6.5 & rawben_rel_max <= 0.976 & total_deductions_by_hh_size > 152 & utilities_sua <= 1.5",194,194,66,0,0,0,1,0,0,FALSE,0.34020618556701,0.34020618556701,0.266382373651887,0.266382373651887,0,0.00515463917525773
"national","1","medical_deductions >= 468 & months_since_cert_n >= 3 & rawben_rel_max >= 0.626 & total_deductions_by_hh_size < 1710",73,73,28,0,0,1,2,0,0,FALSE,0.383561643835616,0.383561643835616,0.263615552925791,0.263615552925791,0.0136986301369863,0.0273972602739726
"national","2-3","earned_by_hh_size > 82.5 & elderly_disabled_i <= 0 & unc_rawben_rel_max > 1.1 & unc_rawben_rel_max <= 1.2",762,762,229,181,116,181,357,0.23753280839895,0.506550218340611,TRUE,0.300524934383202,0.194492254733219,0.263408972583202,0.159188058923535,0.23753280839895,0.468503937007874
"national","4+","HH_size_n > 4.5 & months_since_cert_n <= 5.5 & shelter_expenses_by_hh_size <= 361 & total_deductions_by_hh_size > 250",502,502,155,0,0,0,9,0,0,FALSE,0.308764940239044,0.308764940239044,0.263056194458009,0.263056194458009,0,0.0179282868525896
"national","2-3","months_since_cert_n >= 9 & shelter_expenses_by_hh_size >= 783 & total_deductions_by_hh_size >= 576 & total_deductions_by_hh_size < 606",46,46,19,0,0,0,1,0,0,FALSE,0.41304347826087,0.41304347826087,0.262202951801676,0.262202951801676,0,0.0217391304347826
"national","1","earned_by_hh_size >= 598 & percent_abawd < 1 & shelter_expenses_by_hh_size < 1720 & unc_rawben_rel_max >= 1.36",174,174,59,25,16,25,90,0.14367816091954,0.271186440677966,TRUE,0.339080459770115,0.288590604026846,0.261582475520837,0.21086021074295,0.14367816091954,0.517241379310345
"national","1","rawben_rel_max >= 0.272 & rawben_rel_max < 0.48 & total_deductions_by_hh_size >= 1390 & unc_rawben_rel_max < 1.04",103,103,37,0,0,0,0,0,0,FALSE,0.359223300970874,0.359223300970874,0.258839731715627,0.258839731715627,0,0
"national","4+","percent_abawd >= 0.273 & total_deductions_by_hh_size >= 174 & total_deductions_by_hh_size < 257",87,87,32,1,0,1,1,0.0114942528735632,0,FALSE,0.367816091954023,0.372093023255814,0.258621221230663,0.2618258677149,0.0114942528735632,0.0114942528735632
"national","1","months_since_cert_n < 5 & shelter_expenses_by_hh_size >= 2020 & total_deductions_by_hh_size >= 1390 & unc_rawben_rel_max < 1.01",100,100,36,0,0,0,4,0,0,FALSE,0.36,0.36,0.258203434244221,0.258203434244221,0,0.04
"national","1","elderly_disabled_i >= 1 & medical_deductions > 189 & rawben_rel_max > 0.997 & unc_rawben_rel_max <= 1.03",119,119,75,0,0,1,16,0,0,FALSE,0.630252100840336,0.630252100840336,0.523760511865197,0.523760511865197,0.00840336134453781,0.134453781512605
"national","1","medical_deductions > 666 & rawben_rel_max > 0.887 & unc_rawben_rel_max <= 1.08",38,38,25,0,0,0,1,0,0,FALSE,0.657894736842105,0.657894736842105,0.469580701177852,0.469580701177852,0,0.0263157894736842
"national","1","shelter_expenses_by_hh_size >= 2590 & total_deductions_by_hh_size >= 1420 & unc_rawben_rel_max < 1.1",55,55,34,0,0,0,8,0,0,FALSE,0.618181818181818,0.618181818181818,0.461820773672048,0.461820773672048,0,0.145454545454545
"national","2-3","percent_abawd <= 0.583 & rawben_rel_max > 0.978 & shelter_expenses_by_hh_size <= 682 & unearned_by_hh_size > 528",30,30,20,0,0,0,1,0,0,FALSE,0.666666666666667,0.666666666666667,0.455187411848142,0.455187411848142,0,0.0333333333333333
"national","1","medical_deductions > 160 & unc_rawben_rel_max > 0.477 & unearned_by_hh_size > 1460 & utilities_sua <= 1.5",38,38,23,0,0,0,1,0,0,FALSE,0.605263157894737,0.605263157894737,0.419086398104475,0.419086398104475,0,0.0263157894736842
"national","1","gross_by_hh_size < 917 & rawben_rel_max >= 1 & unc_rawben_rel_max < 1.02 & unearned_by_hh_size >= 207",713,713,321,142,45,152,502,0.199158485273492,0.14018691588785,FALSE,0.450210378681627,0.483362521891419,0.407408997855771,0.435104172461512,0.213183730715288,0.704067321178121
"national","1","gross_by_hh_size >= 586 & gross_by_hh_size < 898 & percent_abawd >= 1 & shelter_expenses_by_hh_size >= 1800",35,35,21,23,17,23,27,0.657142857142857,0.80952380952381,TRUE,0.6,0.333333333333333,0.406858110695932,0.117285095031157,0.657142857142857,0.771428571428571
"national","4+","earned_by_hh_size >= 186 & gross_by_hh_size < 243 & shelter_expenses_by_hh_size >= 354 & unc_rawben_rel_max >= 1.08",39,39,23,33,20,33,35,0.846153846153846,0.869565217391304,TRUE,0.58974358974359,0.5,0.406779833714296,0.155704267320833,0.846153846153846,0.897435897435897
"national","4+","earned_by_hh_size <= 199 & total_deductions_by_hh_size > 274 & unc_rawben_rel_max <= 1.11 & unearned_by_hh_size <= 27.1",87,87,46,57,34,57,67,0.655172413793103,0.739130434782609,TRUE,0.528735632183908,0.4,0.406259843756062,0.223178243372627,0.655172413793103,0.770114942528736
"national","1","bbce_state_i >= 1 & earned_by_hh_size > 448 & gross_by_hh_size > 678 & unc_rawben_rel_max > 1.33",350,350,158,174,106,174,243,0.497142857142857,0.670886075949367,TRUE,0.451428571428571,0.295454545454545,0.390765276559957,0.22252763227618,0.497142857142857,0.694285714285714
"national","2-3","shelter_expenses_by_hh_size <= 517 & total_deductions_by_hh_size > 696 & unc_rawben_rel_max > 0.0295 & unearned_by_hh_size > 62.2",31,31,18,0,0,0,3,0,0,FALSE,0.580645161290323,0.580645161290323,0.378070197572271,0.378070197572271,0,0.0967741935483871
"national","2-3","elderly_disabled_i >= 1 & gross_by_hh_size > 1350 & rawben_rel_max > 0.155 & shelter_expenses_by_hh_size > 643",89,89,43,0,0,0,0,0,0,FALSE,0.48314606741573,0.48314606741573,0.364482652221543,0.364482652221543,0,0
"national","2-3","earned_by_hh_size < 370 & gross_by_hh_size >= 360 & gross_by_hh_size < 384 & shelter_expenses_by_hh_size >= 679",70,70,34,39,28,39,42,0.557142857142857,0.823529411764706,TRUE,0.485714285714286,0.193548387096774,0.352864097450426,0.080129017051632,0.557142857142857,0.6
"national","4+","HH_size_n > 4.5 & rawben_rel_max <= 0.946 & total_deductions_by_hh_size > 341 & total_deductions_by_hh_size <= 349",31,31,17,0,0,0,0,0,0,FALSE,0.548387096774194,0.548387096774194,0.349228942469001,0.349228942469001,0,0
"national","2-3","bbce_state_i >= 1 & gross_by_hh_size >= 351 & total_deductions_by_hh_size < 552 & unc_rawben_rel_max >= 1.11",162,162,70,62,41,62,102,0.382716049382716,0.585714285714286,TRUE,0.432098765432099,0.29,0.345213534968737,0.197414153478446,0.382716049382716,0.62962962962963
"national","1","gross_by_hh_size > 1350 & unc_rawben_rel_max > 0.998 & unc_rawben_rel_max <= 1.08",263,263,106,0,0,0,51,0,0,FALSE,0.403041825095057,0.403041825095057,0.335329026030466,0.335329026030466,0,0.193916349809886
"national","2-3","months_since_cert_n < 1 & total_deductions_by_hh_size >= 762 & unearned_by_hh_size >= 0.5",37,37,19,0,0,0,3,0,0,FALSE,0.513513513513513,0.513513513513513,0.333261842625012,0.333261842625012,0,0.0810810810810811
"national","4+","earned_by_hh_size >= 846 & gross_by_hh_size >= 949 & rawben_rel_max >= 0.357 & unearned_by_hh_size < 241",37,37,19,0,0,0,0,0,0,FALSE,0.513513513513513,0.513513513513513,0.333261842625012,0.333261842625012,0,0
"national","2-3","medical_deductions > 170 & medical_deductions <= 181 & unc_rawben_rel_max > 0.15 & unearned_by_hh_size > 127",42,42,21,0,0,0,0,0,0,FALSE,0.5,0.5,0.331094623915598,0.331094623915598,0,0
"national","2-3","married >= 1 & percent_abawd <= 0.583 & total_deductions_by_hh_size > 690 & unc_rawben_rel_max <= 1",291,291,115,0,0,0,3,0,0,FALSE,0.395189003436426,0.395189003436426,0.331023999453657,0.331023999453657,0,0.0103092783505155
"national","4+","earned_by_hh_size > 947 & rawben_rel_max > 0.356 & rawben_rel_max <= 0.977",35,35,18,0,0,0,0,0,0,FALSE,0.514285714285714,0.514285714285714,0.329487191368976,0.329487191368976,0,0
"national","2-3","rawben_rel_max > 0.984 & total_deductions_by_hh_size > 548 & unc_rawben_rel_max <= 1",117,117,50,0,0,0,2,0,0,FALSE,0.427350427350427,0.427350427350427,0.326510877247083,0.326510877247083,0,0.0170940170940171
"national","4+","gross_by_hh_size > 117 & percent_abawd <= 0.125 & rawben_rel_max <= 0.893 & total_deductions_by_hh_size > 529",94,94,41,0,0,0,0,0,0,FALSE,0.436170212765957,0.436170212765957,0.323901854179785,0.323901854179785,0,0
"national","1","elderly_disabled_i >= 1 & months_since_cert_n >= 4 & rawben_rel_max >= 0.993 & unc_rawben_rel_max < 1.02",1353,1353,474,29,11,65,417,0.0214338507021434,0.0232067510548523,FALSE,0.350332594235033,0.349697885196375,0.320814918410791,0.319881661905976,0.0480413895048041,0.30820399113082
"national","2-3","count_divisible_by_100 > 0.5 & earned_by_hh_size <= 1540 & rawben_rel_max <= 0.98 & total_deductions_by_hh_size > 785",41,41,20,0,0,0,0,0,0,FALSE,0.48780487804878,0.48780487804878,0.318556012182299,0.318556012182299,0,0
"national","4+","earned_by_hh_size > 87.9 & homeless <= 0 & total_deductions_by_hh_size > 67.4 & total_deductions_by_hh_size <= 82.1",101,101,43,0,0,0,5,0,0,FALSE,0.425742574257426,0.425742574257426,0.317961902949745,0.317961902949745,0,0.0495049504950495
"national","2-3","gross_by_hh_size >= 1100 & months_since_cert_n >= 1 & percent_abawd < 0.5 & rawben_rel_max >= 0.529",167,167,67,0,0,0,2,0,0,FALSE,0.401197604790419,0.401197604790419,0.317416854232146,0.317416854232146,0,0.0119760479041916
"national","2-3","earned_by_hh_size >= 342 & earned_by_hh_size < 646 & total_deductions_by_hh_size >= 524 & unc_rawben_rel_max >= 1.16",213,213,83,69,40,69,130,0.323943661971831,0.481927710843373,TRUE,0.389671361502347,0.298611111111111,0.315601110217991,0.218512069954889,0.323943661971831,0.610328638497653
"national","2-3","bbce_state_i >= 1 & earned_by_hh_size <= 1010 & shelter_expenses_by_hh_size > 1230 & total_deductions_by_hh_size > 538",161,161,64,5,4,5,16,0.031055900621118,0.0625,FALSE,0.397515527950311,0.384615384615385,0.312543748447527,0.299329149701909,0.031055900621118,0.0993788819875776
"national","1","gross_by_hh_size > 485 & rawben_rel_max > 0.997 & shelter_expenses_by_hh_size <= 840 & unearned_by_hh_size > 206",554,554,198,0,0,1,197,0,0,FALSE,0.357400722021661,0.357400722021661,0.311630236883421,0.311630236883421,0.00180505415162455,0.355595667870036
"national","4+","earned_by_hh_size > 79.2 & months_since_cert_n > 7.5 & rawben_rel_max > 0.585",1021,1021,349,18,7,19,63,0.0176297747306562,0.0200573065902579,FALSE,0.341821743388834,0.340977068793619,0.308208775269396,0.307097834958022,0.0186092066601371,0.0617042115572968
"national","4+","earned_by_hh_size > 83.4 & gross_by_hh_size <= 455 & total_deductions_by_hh_size > 348",77,77,33,0,0,0,23,0,0,FALSE,0.428571428571429,0.428571428571429,0.306376299853025,0.306376299853025,0,0.298701298701299
"national","2-3","gross_by_hh_size >= 1420 & months_since_cert_n < 7 & total_deductions_by_hh_size >= 848 & utilities_sua >= 2",72,72,31,0,0,0,1,0,0,FALSE,0.430555555555556,0.430555555555556,0.30441581917663,0.30441581917663,0,0.0138888888888889
"national","1","gross_by_hh_size > 705 & unc_rawben_rel_max > 0.647 & unearned_by_hh_size > 192 & utilities_sua <= 0.5",496,496,174,4,0,11,29,0.00806451612903226,0,FALSE,0.350806451612903,0.353658536585366,0.302818416557442,0.305362219840218,0.0221774193548387,0.0584677419354839
"national","4+","HH_size_n <= 5.5 & total_deductions_by_hh_size > 607 & utilities_sua > 0.5",67,67,29,0,0,0,5,0,0,FALSE,0.432835820895522,0.432835820895522,0.302327838514747,0.302327838514747,0,0.0746268656716418
"national","1","shelter_expenses_by_hh_size > 1460 & unc_rawben_rel_max <= 1.04 & utilities_sua <= 0.5",54,54,24,0,0,0,4,0,0,FALSE,0.444444444444444,0.444444444444444,0.299466655324793,0.299466655324793,0,0.0740740740740741
"national","2-3","gross_by_hh_size >= 91.5 & rawben_rel_max < 0.699 & shelter_expenses_by_hh_size < 700 & total_deductions_by_hh_size >= 670",119,119,47,0,0,0,1,0,0,FALSE,0.394957983193277,0.394957983193277,0.29748247582723,0.29748247582723,0,0.00840336134453781
"national","2-3","shelter_expenses_by_hh_size > 1220 & total_deductions_by_hh_size > 481 & unearned_by_hh_size > 62.2",157,157,60,0,0,0,11,0,0,FALSE,0.382165605095541,0.382165605095541,0.297316138656551,0.297316138656551,0,0.0700636942675159
"national","4+","unc_rawben_rel_max >= 1.08 & unc_rawben_rel_max < 1.1 & unearned_by_hh_size < 84.8",254,254,92,79,45,89,141,0.311023622047244,0.489130434782609,TRUE,0.362204724409449,0.268571428571429,0.295607239674377,0.198445611602924,0.350393700787402,0.55511811023622
"national","2-3","HH_size_n > 2.5 & percent_abawd > 0.167 & shelter_expenses_by_hh_size <= 1700 & total_deductions_by_hh_size > 541",36,36,17,0,0,0,3,0,0,FALSE,0.472222222222222,0.472222222222222,0.29536594298974,0.29536594298974,0,0.0833333333333333
"national","4+","count_divisible_by_100 <= 0.5 & rawben_rel_max > 0.975 & total_deductions_by_hh_size > 273 & total_deductions_by_hh_size <= 281",77,77,32,28,19,28,42,0.363636363636364,0.59375,TRUE,0.415584415584416,0.26530612244898,0.294732062775537,0.147482256040922,0.363636363636364,0.545454545454545
"national","1","children_i <= 0 & earned_by_hh_size >= 432 & shelter_expenses_by_hh_size < 940 & unc_rawben_rel_max >= 1.38",129,129,50,0,0,7,79,0,0,FALSE,0.387596899224806,0.387596899224806,0.294269940427715,0.294269940427715,0.0542635658914729,0.612403100775194
"national","2-3","gross_by_hh_size >= 456 & months_since_cert_n >= 11 & unc_rawben_rel_max >= 1.2",31,31,15,0,0,0,18,0,0,FALSE,0.483870967741935,0.483870967741935,0.293614841996523,0.293614841996523,0,0.580645161290323
"national","4+","HH_size_n > 5.5 & rawben_rel_max <= 0.975 & unearned_by_hh_size > 21.6 & unearned_by_hh_size <= 45.8",83,83,34,0,0,0,0,0,0,FALSE,0.409638554216867,0.409638554216867,0.293391044162185,0.293391044162185,0,0
"national","2-3","earned_by_hh_size > 128 & earned_by_hh_size <= 414 & total_deductions_by_hh_size > 547 & unc_rawben_rel_max > 1",254,254,91,104,62,104,142,0.409448818897638,0.681318681318681,TRUE,0.358267716535433,0.193333333333333,0.291914277153414,0.129556375441978,0.409448818897638,0.559055118110236
"national","2-3","earned_by_hh_size <= 1140 & HH_size_n <= 2.5 & shelter_expenses_by_hh_size > 1410",81,81,33,1,1,1,6,0.0123456790123457,0.0303030303030303,FALSE,0.407407407407407,0.4,0.290120694940645,0.282872644744537,0.0123456790123457,0.0740740740740741
"national","1","gross_by_hh_size >= 2440 & shelter_expenses_by_hh_size >= 2090 & total_deductions_by_hh_size >= 1240",70,70,29,0,0,0,7,0,0,FALSE,0.414285714285714,0.414285714285714,0.288348720544695,0.288348720544695,0,0.1
"national","1","expedited_i <= 0 & gross_by_hh_size > 295 & percent_abawd > 0.5 & shelter_expenses_by_hh_size > 1880",76,76,31,18,15,18,26,0.236842105263158,0.483870967741935,TRUE,0.407894736842105,0.275862068965517,0.287177615285556,0.163039778820958,0.236842105263158,0.342105263157895
"national","4+","HH_size_n >= 6 & rawben_rel_max < 0.676 & shelter_expenses_by_hh_size < 334 & total_deductions_by_hh_size >= 252",83,83,33,0,0,0,0,0,0,FALSE,0.397590361445783,0.397590361445783,0.282629227440538,0.282629227440538,0,0
"national","1","earned_by_hh_size > 488 & earned_by_hh_size <= 702 & medical_deductions <= 413 & months_since_cert_n > 5.5",411,411,137,87,60,94,167,0.211678832116788,0.437956204379562,TRUE,0.333333333333333,0.237654320987654,0.281721956725185,0.187243811764024,0.228710462287105,0.40632603406326
"national","2-3","bbce_state_i >= 1 & rawben_rel_max > 0.624 & total_deductions_by_hh_size > 542 & utilities_sua <= 1.5",164,164,59,11,8,11,23,0.0670731707317073,0.135593220338983,FALSE,0.359756097560976,0.333333333333333,0.278351759299705,0.251721050381715,0.0670731707317073,0.140243902439024
"national","4+","months_since_cert_n >= 3 & total_deductions_by_hh_size >= 460 & unearned_by_hh_size < 88.8",136,136,50,0,0,0,5,0,0,FALSE,0.367647058823529,0.367647058823529,0.278263486828356,0.278263486828356,0,0.0367647058823529
"national","1","elderly_disabled_i <= 0 & gross_by_hh_size <= 1150 & rawben_rel_max <= 0.998 & unc_rawben_rel_max <= 0.306",58,58,24,0,0,1,0,0,0,FALSE,0.413793103448276,0.413793103448276,0.277098228294733,0.277098228294733,0.0172413793103448,0
"national","4+","earned_by_hh_size >= 59.6 & gross_by_hh_size < 342 & total_deductions_by_hh_size < 126",471,471,153,0,0,0,15,0,0,FALSE,0.32484076433121,0.32484076433121,0.276883758991482,0.276883758991482,0,0.0318471337579618
"national","2-3","earned_by_hh_size > 41 & elderly_disabled_i >= 1 & rawben_rel_max > 0.539 & total_deductions_by_hh_size <= 254",64,64,26,1,1,1,4,0.015625,0.0384615384615385,FALSE,0.40625,0.396825396825397,0.276244302430131,0.267158540388352,0.015625,0.0625
"national","4+","married <= 0 & total_deductions_by_hh_size > 335 & total_deductions_by_hh_size <= 340",67,67,27,0,0,0,1,0,0,FALSE,0.402985074626866,0.402985074626866,0.275963277466014,0.275963277466014,0,0.0149253731343284
"national","4+","bbce_state_i >= 1 & gross_by_hh_size > 71.8 & HH_size_n > 5.5 & months_since_cert_n > 4.5",1039,1039,319,0,0,3,31,0,0,FALSE,0.307025986525505,0.307025986525505,0.274811955996062,0.274811955996062,0.00288739172281039,0.0298363811357074
"national","4+","bbce_state_i >= 1 & elderly_disabled_i >= 1 & gross_by_hh_size > 502 & rawben_rel_max > 0.514",228,228,78,0,0,0,4,0,0,FALSE,0.342105263157895,0.342105263157895,0.273444110840798,0.273444110840798,0,0.0175438596491228
"national","1","gross_by_hh_size < 1280 & months_since_cert_n >= 17 & total_deductions_by_hh_size >= 598 & utilities_sua < 2",212,212,73,0,0,1,23,0,0,FALSE,0.344339622641509,0.344339622641509,0.273157868804167,0.273157868804167,0.00471698113207547,0.108490566037736
"national","4+","gross_by_hh_size >= 627 & shelter_expenses_by_hh_size < 586 & total_deductions_by_hh_size >= 390 & utilities_sua >= 2",417,417,135,0,0,0,0,0,0,FALSE,0.323741007194245,0.323741007194245,0.272996562494537,0.272996562494537,0,0
"national","4+","expedited_i >= 1 & rawben_rel_max > 0.464 & rawben_rel_max <= 0.951 & shelter_expenses_by_hh_size <= 602",367,367,120,0,0,0,2,0,0,FALSE,0.326975476839237,0.326975476839237,0.272891186268913,0.272891186268913,0,0.00544959128065395
"national","2-3","count_divisible_by_100 >= 1 & earned_by_hh_size >= 1010 & shelter_expenses_by_hh_size >= 741",56,56,23,0,0,0,1,0,0,FALSE,0.410714285714286,0.410714285714286,0.272345423355212,0.272345423355212,0,0.0178571428571429
"national","2-3","gross_by_hh_size > 237 & shelter_expenses_by_hh_size > 1140 & unearned_by_hh_size > 244",252,252,85,6,3,6,18,0.0238095238095238,0.0352941176470588,FALSE,0.337301587301587,0.333333333333333,0.27209282110954,0.267673858454547,0.0238095238095238,0.0714285714285714
"national","2-3","rawben_rel_max > 0.639 & shelter_expenses_by_hh_size > 769 & total_deductions_by_hh_size > 113 & utilities_sua <= 1.5",83,83,32,7,6,7,10,0.0843373493975904,0.1875,FALSE,0.385542168674699,0.342105263157895,0.271939034436403,0.22984865039043,0.0843373493975904,0.120481927710843
"national","4+","months_since_cert_n >= 6 & rawben_rel_max >= 0.454 & shelter_expenses_by_hh_size >= 145 & unc_rawben_rel_max < 1.1",2282,2282,665,29,15,36,93,0.0127081507449606,0.0225563909774436,FALSE,0.291411042944785,0.288504216600089,0.269799123867434,0.26682973843024,0.0157756354075372,0.0407537248028046
"national","4+","gross_by_hh_size >= 1030 & rawben_rel_max >= 0.257 & total_deductions_by_hh_size >= 436",42,42,18,0,0,0,0,0,0,FALSE,0.428571428571429,0.428571428571429,0.269351009309133,0.269351009309133,0,0
"national","4+","rawben_rel_max <= 0.665 & shelter_expenses_by_hh_size > 314 & unearned_by_hh_size > 153 & utilities_sua <= 1.5",42,42,18,0,0,0,0,0,0,FALSE,0.428571428571429,0.428571428571429,0.269351009309133,0.269351009309133,0,0
"national","2-3","earned_by_hh_size > 30.9 & gross_by_hh_size <= 775 & percent_abawd > 0.167 & unc_rawben_rel_max <= 0.795",215,215,73,0,0,0,5,0,0,FALSE,0.33953488372093,0.33953488372093,0.269176582450744,0.269176582450744,0,0.0232558139534884
"national","2-3","earned_by_hh_size >= 81.7 & earned_by_hh_size < 221 & gross_by_hh_size >= 265 & unc_rawben_rel_max >= 1.03",128,128,46,0,0,0,79,0,0,FALSE,0.359375,0.359375,0.268284394293377,0.268284394293377,0,0.6171875
"national","4+","gross_by_hh_size >= 651 & gross_by_hh_size < 758 & total_deductions_by_hh_size >= 374",183,183,63,0,0,0,0,0,0,FALSE,0.344262295081967,0.344262295081967,0.268097035827185,0.268097035827185,0,0
"national","4+","gross_by_hh_size >= 554 & gross_by_hh_size < 596 & shelter_expenses_by_hh_size >= 509",48,48,20,0,0,0,2,0,0,FALSE,0.416666666666667,0.416666666666667,0.267971343294346,0.267971343294346,0,0.0416666666666667
"national","2-3","medical_deductions > 160 & months_since_cert_n > 15.5 & unearned_by_hh_size > 138 & unearned_by_hh_size <= 1140",51,51,21,0,0,0,2,0,0,FALSE,0.411764705882353,0.411764705882353,0.267576498904808,0.267576498904808,0,0.0392156862745098
"national","2-3","gross_by_hh_size > 232 & shelter_expenses_by_hh_size > 746 & utilities_sua > 0.5 & utilities_sua <= 1.5",119,119,43,5,5,5,9,0.0420168067226891,0.116279069767442,FALSE,0.361344537815126,0.333333333333333,0.267014239133263,0.24025900659367,0.0420168067226891,0.0756302521008403
"national","2-3","gross_by_hh_size > 25.2 & HH_size_n > 2.5 & percent_abawd > 0.167 & total_deductions_by_hh_size > 446",107,107,39,0,0,0,3,0,0,FALSE,0.364485981308411,0.364485981308411,0.26522016739639,0.26522016739639,0,0.0280373831775701
"national","2-3","earned_by_hh_size < 1480 & gross_by_hh_size >= 1200 & total_deductions_by_hh_size >= 600",579,579,178,0,0,0,7,0,0,FALSE,0.307426597582038,0.307426597582038,0.264776517941088,0.264776517941088,0,0.0120898100172712
"national","4+","gross_by_hh_size >= 178 & HH_size_n >= 5 & unearned_by_hh_size >= 160 & unearned_by_hh_size < 195",324,324,104,0,0,0,3,0,0,FALSE,0.320987654320988,0.320987654320988,0.264024871940498,0.264024871940498,0,0.00925925925925926
"national","4+","gross_by_hh_size >= 152 & shelter_expenses_by_hh_size >= 70.8 & shelter_expenses_by_hh_size < 79.6",186,186,63,0,0,0,1,0,0,FALSE,0.338709677419355,0.338709677419355,0.263570374658166,0.263570374658166,0,0.00537634408602151
"national","4+","HH_size_n > 5.5 & months_since_cert_n > 5.5 & percent_abawd <= 0.05 & total_deductions_by_hh_size > 62.3",852,852,254,0,0,3,28,0,0,FALSE,0.2981220657277,0.2981220657277,0.263037086606976,0.263037086606976,0.00352112676056338,0.0328638497652582
"national","4+","gross_by_hh_size >= 588 & rawben_rel_max >= 0.592 & total_deductions_by_hh_size < 322",92,92,34,0,0,0,0,0,0,FALSE,0.369565217391304,0.369565217391304,0.262823619764787,0.262823619764787,0,0
"national","4+","gross_by_hh_size >= 989 & rawben_rel_max >= 0.298 & total_deductions_by_hh_size >= 322",52,52,21,0,0,0,0,0,0,FALSE,0.403846153846154,0.403846153846154,0.262008536169519,0.262008536169519,0,0
"national","1","children_i >= 1 & months_since_cert_n < 4 & percent_abawd < 1 & unc_rawben_rel_max < 0.701",80,80,30,0,0,0,0,0,0,FALSE,0.375,0.375,0.260815341805408,0.260815341805408,0,0
"national","2-3","gross_by_hh_size > 1780 & shelter_expenses_by_hh_size > 641",132,132,46,0,0,0,10,0,0,FALSE,0.348484848484849,0.348484848484849,0.259714032655504,0.259714032655504,0,0.0757575757575758
"national","4+","HH_size_n > 5.5 & married <= 0 & unearned_by_hh_size > 161",492,492,150,0,0,0,4,0,0,FALSE,0.304878048780488,0.304878048780488,0.258941912828891,0.258941912828891,0,0.00813008130081301
"national","1","gross_by_hh_size > 1480 & medical_deductions > 146 & rawben_rel_max > 0.998 & total_deductions_by_hh_size > 642",166,166,56,0,0,0,19,0,0,FALSE,0.337349397590361,0.337349397590361,0.258327562761898,0.258327562761898,0,0.114457831325301
"national","2-3","count_divisible_by_100 > 1.5 & gross_by_hh_size > 586 & unearned_by_hh_size > 16.8",32,32,14,0,0,0,1,0,0,FALSE,0.4375,0.4375,0.25766898430634,0.25766898430634,0,0.03125
"national","4+","earned_by_hh_size >= 159 & shelter_expenses_by_hh_size < 354 & unc_rawben_rel_max >= 1.07",94,94,34,24,14,24,47,0.25531914893617,0.411764705882353,TRUE,0.361702127659574,0.285714285714286,0.256882675685618,0.179112304898655,0.25531914893617,0.5
"national","2-3","rawben_rel_max >= 0.205 & unc_rawben_rel_max >= 0.264 & unearned_by_hh_size >= 1020",375,375,116,0,0,0,1,0,0,FALSE,0.309333333333333,0.309333333333333,0.256855585014634,0.256855585014634,0,0.00266666666666667
"national","2-3","earned_by_hh_size > 129 & gross_by_hh_size <= 400 & HH_size_n > 2.5 & unearned_by_hh_size > 44.9",147,147,50,0,0,0,37,0,0,FALSE,0.340136054421769,0.340136054421769,0.256370864846049,0.256370864846049,0,0.251700680272109
"national","4+","HH_size_n > 4.5 & rawben_rel_max > 0.997 & total_deductions_by_hh_size > 228 & total_deductions_by_hh_size <= 232",44,44,18,22,11,27,34,0.5,0.611111111111111,TRUE,0.409090909090909,0.318181818181818,0.25604702425129,0.144049715905299,0.613636363636364,0.772727272727273
"national","2-3","shelter_expenses_by_hh_size < 741 & total_deductions_by_hh_size >= 550 & total_deductions_by_hh_size < 634 & unc_rawben_rel_max >= 1.16",154,154,52,45,28,45,76,0.292207792207792,0.538461538461538,TRUE,0.337662337662338,0.220183486238532,0.255874973699375,0.142340694400726,0.292207792207792,0.493506493506494
"national","1","medical_deductions < 468 & months_since_cert_n >= 3 & percent_abawd >= 1 & total_deductions_by_hh_size >= 1250",128,128,44,0,0,0,16,0,0,FALSE,0.34375,0.34375,0.254229906671648,0.254229906671648,0,0.125
"national","2-3","bbce_state_i >= 1 & gross_by_hh_size >= 1190 & medical_deductions < 314 & rawben_rel_max >= 0.417",180,180,59,0,0,0,0,0,0,FALSE,0.327777777777778,0.327777777777778,0.252461662433507,0.252461662433507,0,0
"national","2-3","earned_by_hh_size > 4.75 & months_since_cert_n > 5.5 & rawben_rel_max > 0.162 & unc_rawben_rel_max <= 1",2495,2495,675,1,1,1,13,0.000400801603206413,0.00148148148148148,FALSE,0.270541082164329,0.270248596631917,0.250367292186289,0.250078518667309,0.000400801603206413,0.00521042084168337
"national","2-3","HH_size_n >= 3 & rawben_rel_max >= 0.663 & unearned_by_hh_size >= 565",93,93,33,0,0,0,1,0,0,FALSE,0.354838709677419,0.354838709677419,0.250349590099069,0.250349590099069,0,0.010752688172043
"national","2-3","percent_abawd >= 1 & rawben_rel_max < 0.854 & unearned_by_hh_size >= 137",42,42,17,0,0,0,1,0,0,FALSE,0.404761904761905,0.404761904761905,0.249461283952086,0.249461283952086,0,0.0238095238095238
"national","2-3","children_i <= 0 & earned_by_hh_size >= 1520 & months_since_cert_n < 30 & unc_rawben_rel_max < -0.0112",77,77,28,0,0,0,4,0,0,FALSE,0.363636363636364,0.363636363636364,0.249008786785522,0.249008786785522,0,0.051948051948052
"national","4+","bbce_state_i >= 1 & earned_by_hh_size > 46.3 & HH_size_n > 5.5 & utilities_sua <= 0.5",97,97,34,0,0,0,5,0,0,FALSE,0.350515463917526,0.350515463917526,0.248461679008531,0.248461679008531,0,0.0515463917525773
"national","4+","gross_by_hh_size >= 534 & rawben_rel_max >= 0.633 & rawben_rel_max < 0.69 & total_deductions_by_hh_size >= 308",211,211,67,0,0,0,0,0,0,FALSE,0.317535545023697,0.317535545023697,0.248351015733289,0.248351015733289,0,0
"national","2-3","married >= 1 & shelter_expenses_by_hh_size < 797 & total_deductions_by_hh_size >= 704",74,74,27,0,0,0,4,0,0,FALSE,0.364864864864865,0.364864864864865,0.248082558954763,0.248082558954763,0,0.0540540540540541
"national","4+","gross_by_hh_size >= 814 & shelter_expenses_by_hh_size >= 340 & shelter_expenses_by_hh_size < 364 & unc_rawben_rel_max < 0.272",58,58,22,0,0,0,0,0,0,FALSE,0.379310344827586,0.379310344827586,0.24750332901477,0.24750332901477,0,0
"national","2-3","rawben_rel_max < 0.0446 & unc_rawben_rel_max >= 0.043",71,71,26,0,0,0,0,0,0,FALSE,0.366197183098592,0.366197183098592,0.247127360021044,0.247127360021044,0,0
"national","2-3","months_since_cert_n < 3 & shelter_expenses_by_hh_size >= 1180 & unearned_by_hh_size >= 194",55,55,21,0,0,0,3,0,0,FALSE,0.381818181818182,0.381818181818182,0.246625597275238,0.246625597275238,0,0.0545454545454545
"national","2-3","shelter_expenses_by_hh_size >= 417 & total_deductions_by_hh_size >= 348 & unc_rawben_rel_max < 1.24 & utilities_sua < 2",670,670,191,27,21,27,52,0.0402985074626866,0.109947643979058,FALSE,0.285074626865672,0.264385692068429,0.246354555680042,0.22602004235615,0.0402985074626866,0.0776119402985075
"national","4+","HH_size_n >= 5 & shelter_expenses_by_hh_size >= 127 & total_deductions_by_hh_size >= 229 & total_deductions_by_hh_size < 232",98,98,34,22,11,27,31,0.224489795918367,0.323529411764706,TRUE,0.346938775510204,0.302631578947368,0.245776849678564,0.196594856830716,0.275510204081633,0.316326530612245
"national","4+","earned_by_hh_size >= 958 & gross_by_hh_size < 1010 & married <= 0 & percent_abawd < 0.222",49,49,19,0,0,0,0,0,0,FALSE,0.387755102040816,0.387755102040816,0.244869072774205,0.244869072774205,0,0
"national","2-3","earned_by_hh_size >= 5 & rawben_rel_max < 0.636 & unc_rawben_rel_max >= 0.54 & unc_rawben_rel_max < 0.546",85,85,30,0,0,0,1,0,0,FALSE,0.352941176470588,0.352941176470588,0.244508100128552,0.244508100128552,0,0.0117647058823529
"national","2-3","expedited_i >= 1 & gross_by_hh_size > 223 & shelter_expenses_by_hh_size > 166 & utilities_sua <= 1.5",154,154,50,8,8,8,24,0.051948051948052,0.16,FALSE,0.324675324675325,0.287671232876712,0.244156164810532,0.209352792199606,0.051948051948052,0.155844155844156
"national","2-3","gross_by_hh_size <= 914 & medical_deductions > 164 & months_since_cert_n <= 17.5",193,193,61,0,0,0,6,0,0,FALSE,0.316062176165803,0.316062176165803,0.244138736824894,0.244138736824894,0,0.0310880829015544
"national","2-3","rawben_rel_max >= 0.455 & rawben_rel_max < 0.808 & total_deductions_by_hh_size >= 621",803,803,224,0,0,0,3,0,0,FALSE,0.278953922789539,0.278953922789539,0.243713979973466,0.243713979973466,0,0.0037359900373599
"national","2-3","married >= 1 & medical_deductions > 174 & medical_deductions <= 252 & unearned_by_hh_size > 200",151,151,49,0,0,0,0,0,0,FALSE,0.324503311258278,0.324503311258278,0.24328649179766,0.24328649179766,0,0
"national","1","earned_by_hh_size > 372 & gross_by_hh_size <= 706 & months_since_cert_n > 4.5",572,572,163,109,70,116,220,0.190559440559441,0.429447852760736,TRUE,0.284965034965035,0.200863930885529,0.243238949682398,0.161122243353694,0.202797202797203,0.384615384615385
"national","4+","months_since_cert_n > 3.5 & rawben_rel_max > 0.905 & unc_rawben_rel_max <= 0.933 & unearned_by_hh_size > 61.6",144,144,47,0,0,0,1,0,0,FALSE,0.326388888888889,0.326388888888889,0.243228231031693,0.243228231031693,0,0.00694444444444444
"national","1","medical_deductions >= 174 & medical_deductions < 187 & unearned_by_hh_size >= 917 & unearned_by_hh_size < 1030",43,43,17,0,0,0,0,0,0,FALSE,0.395348837209302,0.395348837209302,0.243177113366149,0.243177113366149,0,0
"national","1","months_since_cert_n > 3.5 & rawben_rel_max <= 0.0822 & unc_rawben_rel_max > 0.0787 & unearned_by_hh_size > 206",400,400,117,0,0,0,0,0,0,FALSE,0.2925,0.2925,0.242644311547431,0.242644311547431,0,0
"national","2-3","rawben_rel_max >= 0.57 & rawben_rel_max < 0.596 & shelter_expenses_by_hh_size >= 109 & unearned_by_hh_size >= 843",40,40,16,0,0,0,0,0,0,FALSE,0.4,0.4,0.242397089822366,0.242397089822366,0,0
"national","4+","total_deductions_by_hh_size >= 338 & total_deductions_by_hh_size < 341 & unc_rawben_rel_max < 1.18",56,56,21,0,0,0,1,0,0,FALSE,0.375,0.375,0.24189514109507,0.24189514109507,0,0.0178571428571429
"national","4+","gross_by_hh_size < 736 & unc_rawben_rel_max < 0.272 & unearned_by_hh_size < 647",34,34,14,0,0,0,0,0,0,FALSE,0.411764705882353,0.411764705882353,0.241126139017706,0.241126139017706,0,0
"national","4+","elderly_disabled_i >= 1 & shelter_expenses_by_hh_size > 295 & total_deductions_by_hh_size <= 279",512,512,144,0,0,0,0,0,0,FALSE,0.28125,0.28125,0.237504887511644,0.237504887511644,0,0
"national","2-3","months_since_cert_n < 1 & rawben_rel_max >= 0.926 & shelter_expenses_by_hh_size >= 904",57,57,21,6,4,6,14,0.105263157894737,0.19047619047619,FALSE,0.368421052631579,0.333333333333333,0.237344230888001,0.202455311196111,0.105263157894737,0.245614035087719
"national","4+","shelter_expenses_by_hh_size >= 283 & shelter_expenses_by_hh_size < 288 & total_deductions_by_hh_size >= 260",44,44,17,2,2,2,3,0.0454545454545455,0.117647058823529,FALSE,0.386363636363636,0.357142857142857,0.237204772393928,0.210761750524051,0.0454545454545455,0.0681818181818182
"national","2-3","children_i <= 0 & rawben_rel_max < 0.86 & total_deductions_by_hh_size < 360 & unearned_by_hh_size < 54.5",217,217,66,0,0,0,2,0,0,FALSE,0.304147465437788,0.304147465437788,0.237001878851106,0.237001878851106,0,0.00921658986175115
"national","4+","earned_by_hh_size < 412 & HH_size_n >= 6 & months_since_cert_n >= 5 & unearned_by_hh_size >= 10.4",526,526,147,0,0,0,21,0,0,FALSE,0.279467680608365,0.279467680608365,0.236379278211164,0.236379278211164,0,0.0399239543726236
"national","2-3","gross_by_hh_size >= 1530 & months_since_cert_n >= 3 & shelter_expenses_by_hh_size >= 940 & total_deductions_by_hh_size >= 717",81,81,28,0,0,0,5,0,0,FALSE,0.345679012345679,0.345679012345679,0.235946384005309,0.235946384005309,0,0.0617283950617284
"national","2-3","HH_size_n >= 3 & months_since_cert_n >= 4 & rawben_rel_max >= 0.493 & shelter_expenses_by_hh_size >= 660",327,327,95,10,6,10,26,0.0305810397553517,0.0631578947368421,FALSE,0.290519877675841,0.280757097791798,0.235908828298623,0.226108553435377,0.0305810397553517,0.0795107033639144
"national","2-3","bbce_state_i >= 1 & HH_size_n > 2.5 & shelter_expenses_by_hh_size > 321 & utilities_sua <= 0.5",109,109,36,5,5,5,9,0.0458715596330275,0.138888888888889,FALSE,0.330275229357798,0.298076923076923,0.235713236532197,0.205856916059028,0.0458715596330275,0.0825688073394495
"national","1","gross_by_hh_size >= 1770 & gross_by_hh_size < 1930 & shelter_expenses_by_hh_size >= 2020",88,88,30,0,0,0,6,0,0,FALSE,0.340909090909091,0.340909090909091,0.23567338145969,0.23567338145969,0,0.0681818181818182
"national","2-3","count_divisible_by_100 <= 0.5 & expedited_i >= 1 & rawben_rel_max > 0.878 & rawben_rel_max <= 0.906",61,61,22,0,0,0,0,0,0,FALSE,0.360655737704918,0.360655737704918,0.234479972135485,0.234479972135485,0,0
"national","4+","months_since_cert_n < 1 & unc_rawben_rel_max >= 1.08 & unc_rawben_rel_max < 1.13",61,61,22,9,8,10,21,0.147540983606557,0.363636363636364,TRUE,0.360655737704918,0.269230769230769,0.234479972135485,0.153086861616512,0.163934426229508,0.344262295081967
"national","2-3","gross_by_hh_size >= 1070 & rawben_rel_max >= 0.132 & shelter_expenses_by_hh_size < 730 & unearned_by_hh_size >= 0.5",231,231,69,0,0,0,0,0,0,FALSE,0.298701298701299,0.298701298701299,0.233916623885174,0.233916623885174,0,0
"national","2-3","gross_by_hh_size >= 632 & HH_size_n >= 3 & total_deductions_by_hh_size >= 444",1058,1058,279,0,0,0,4,0,0,FALSE,0.263705103969754,0.263705103969754,0.233454305336254,0.233454305336254,0,0.00378071833648393
"national","2-3","percent_abawd > 0.167 & rawben_rel_max <= 0.578 & unearned_by_hh_size > 140 & unearned_by_hh_size <= 469",75,75,26,0,0,0,1,0,0,FALSE,0.346666666666667,0.346666666666667,0.233106996855944,0.233106996855944,0,0.0133333333333333
"national","1","gross_by_hh_size > 916 & homeless >= 1 & rawben_rel_max > 0.394 & unc_rawben_rel_max <= 1.03",247,247,73,2,0,7,4,0.00809716599190283,0,FALSE,0.295546558704453,0.297959183673469,0.232982420183286,0.234955913830798,0.0283400809716599,0.0161943319838057
"national","1","rawben_rel_max > 0.991 & total_deductions_by_hh_size > 1810 & unc_rawben_rel_max <= 1.04",56,56,36,0,0,0,12,0,0,FALSE,0.642857142857143,0.642857142857143,0.487493356310207,0.487493356310207,0,0.214285714285714
"national","1","elderly_disabled_i >= 1 & rawben_rel_max >= 1 & total_deductions_by_hh_size < 938 & unc_rawben_rel_max < 1.02",542,542,286,36,14,50,336,0.0664206642066421,0.048951048951049,FALSE,0.527675276752767,0.537549407114625,0.477769548656943,0.485868404780341,0.0922509225092251,0.619926199261993
"national","1","months_since_cert_n < 7 & rawben_rel_max >= 1 & unc_rawben_rel_max < 1.02 & unearned_by_hh_size >= 1430",40,40,25,0,0,0,0,0,0,FALSE,0.625,0.625,0.442340356810044,0.442340356810044,0,0
"national","1","earned_by_hh_size >= 679 & earned_by_hh_size < 694 & shelter_expenses_by_hh_size >= 1090 & shelter_expenses_by_hh_size < 1840",111,111,60,98,59,98,101,0.882882882882883,0.983333333333333,TRUE,0.540540540540541,0.0769230769230769,0.431203377184718,0.0106630775731054,0.882882882882883,0.90990990990991
"national","1","bbce_state_i >= 1 & rawben_rel_max >= 0.966 & unc_rawben_rel_max < 1.04 & unearned_by_hh_size >= 1530",125,125,66,0,0,0,27,0,0,FALSE,0.528,0.528,0.425150282988209,0.425150282988209,0,0.216
"national","1","rawben_rel_max > 0.922 & total_deductions_by_hh_size > 329 & unc_rawben_rel_max <= 1.05 & utilities_sua <= 0.5",296,296,143,0,0,1,85,0,0,FALSE,0.483108108108108,0.483108108108108,0.416460301272045,0.416460301272045,0.00337837837837838,0.287162162162162
"national","1","bbce_state_i >= 1 & earned_by_hh_size >= 678 & unc_rawben_rel_max >= 1.32",340,340,154,174,106,174,235,0.511764705882353,0.688311688311688,TRUE,0.452941176470588,0.289156626506024,0.391375068514384,0.21499093102776,0.511764705882353,0.691176470588235
"national","1","gross_by_hh_size >= 1030 & rawben_rel_max >= 0.46 & unc_rawben_rel_max >= 0.701 & utilities_sua < 1",135,135,66,0,0,0,4,0,0,FALSE,0.488888888888889,0.488888888888889,0.391192592238598,0.391192592238598,0,0.0296296296296296
"national","1","shelter_expenses_by_hh_size < 983 & unc_rawben_rel_max >= 1.01 & unc_rawben_rel_max < 1.02",281,281,127,0,0,4,171,0,0,FALSE,0.451957295373665,0.451957295373665,0.384456403854839,0.384456403854839,0.0142348754448399,0.608540925266904
"national","2-3","bbce_state_i >= 1 & medical_deductions <= 172 & total_deductions_by_hh_size > 600 & unearned_by_hh_size > 1350",31,31,18,0,0,0,1,0,0,FALSE,0.580645161290323,0.580645161290323,0.378070197572271,0.378070197572271,0,0.032258064516129
"national","1","gross_by_hh_size > 424 & rawben_rel_max > 0.997 & shelter_expenses_by_hh_size <= 1180 & unc_rawben_rel_max <= 1.02",918,918,380,5,3,35,383,0.00544662309368192,0.00789473684210526,FALSE,0.413943355119826,0.412924424972618,0.376743213201424,0.37564418180118,0.0381263616557734,0.417211328976035
"national","1","earned_by_hh_size >= 605 & shelter_expenses_by_hh_size < 1040 & unc_rawben_rel_max >= 1.41",40,40,22,0,0,0,29,0,0,FALSE,0.55,0.55,0.372219849606255,0.372219849606255,0,0.725
"national","2-3","count_divisible_by_100 <= 0.5 & shelter_expenses_by_hh_size > 653 & total_deductions_by_hh_size > 1070 & unc_rawben_rel_max <= 1",51,51,27,0,0,0,1,0,0,FALSE,0.529411764705882,0.529411764705882,0.371987077510405,0.371987077510405,0,0.0196078431372549
"national","2-3","gross_by_hh_size >= 250 & total_deductions_by_hh_size >= 745 & unearned_by_hh_size >= 1140",112,112,53,0,0,0,1,0,0,FALSE,0.473214285714286,0.473214285714286,0.367264225626768,0.367264225626768,0,0.00892857142857143
"national","2-3","gross_by_hh_size > 1350 & shelter_expenses_by_hh_size > 1040 & total_deductions_by_hh_size > 913",54,54,28,0,0,0,2,0,0,FALSE,0.518518518518518,0.518518518518518,0.366040203785997,0.366040203785997,0,0.037037037037037
"national","2-3","shelter_expenses_by_hh_size > 1390 & total_deductions_by_hh_size > 598 & unc_rawben_rel_max <= 1",61,61,31,0,0,0,3,0,0,FALSE,0.508196721311475,0.508196721311475,0.36483405167187,0.36483405167187,0,0.0491803278688525
"national","1","elderly_disabled_i >= 1 & months_since_cert_n < 30 & rawben_rel_max >= 1 & unc_rawben_rel_max < 1.02",1548,1548,587,37,14,78,500,0.0239018087855297,0.0238500851788756,FALSE,0.379198966408269,0.379219060225017,0.350982975772756,0.350665630944966,0.0503875968992248,0.322997416020672
"national","2-3","rawben_rel_max > 0.999 & total_deductions_by_hh_size > 546 & total_deductions_by_hh_size <= 554",189,189,81,104,62,104,123,0.55026455026455,0.765432098765432,TRUE,0.428571428571429,0.223529411764706,0.347980430517396,0.136826386021162,0.55026455026455,0.650793650793651
"national","2-3","elderly_disabled_i >= 1 & gross_by_hh_size > 1960 & shelter_expenses_by_hh_size > 726 & unc_rawben_rel_max <= 1",34,34,18,0,0,0,1,0,0,FALSE,0.529411764705882,0.529411764705882,0.340393663970107,0.340393663970107,0,0.0294117647058824
"national","2-3","earned_by_hh_size <= 104 & gross_by_hh_size > 194 & unc_rawben_rel_max > 0.145 & unearned_by_hh_size > 1220",144,144,62,0,0,0,0,0,0,FALSE,0.430555555555556,0.430555555555556,0.338813036346236,0.338813036346236,0,0
"national","1","medical_deductions >= 158 & rawben_rel_max >= 0.972 & unc_rawben_rel_max < 1.11",313,313,123,0,0,1,35,0,0,FALSE,0.39297124600639,0.39297124600639,0.331098793580925,0.331098793580925,0.00319488817891374,0.111821086261981
"national","1","shelter_expenses_by_hh_size >= 1100 & total_deductions_by_hh_size < 1140 & unearned_by_hh_size >= 851 & utilities_sua < 1",121,121,52,0,0,0,1,0,0,FALSE,0.429752066115702,0.429752066115702,0.330300499667888,0.330300499667888,0,0.00826446280991736
"national","4+","shelter_expenses_by_hh_size < 300 & total_deductions_by_hh_size >= 348",130,130,55,0,0,0,7,0,0,FALSE,0.423076923076923,0.423076923076923,0.327349040372844,0.327349040372844,0,0.0538461538461538
"national","2-3","earned_by_hh_size >= 248 & earned_by_hh_size < 259 & months_since_cert_n >= 4 & shelter_expenses_by_hh_size < 488",66,66,30,22,19,22,30,0.333333333333333,0.633333333333333,TRUE,0.454545454545455,0.25,0.320890219115792,0.131497471551928,0.333333333333333,0.454545454545455
"national","4+","shelter_expenses_by_hh_size >= 269 & shelter_expenses_by_hh_size < 309 & total_deductions_by_hh_size >= 341",61,61,28,0,0,0,2,0,0,FALSE,0.459016393442623,0.459016393442623,0.320083744960879,0.320083744960879,0,0.0327868852459016
"national","1","earned_by_hh_size <= 924 & gross_by_hh_size > 958 & homeless >= 1 & shelter_expenses_by_hh_size > 1100",56,56,26,0,0,0,0,0,0,FALSE,0.464285714285714,0.464285714285714,0.319369160751785,0.319369160751785,0,0
"national","4+","earned_by_hh_size > 42.2 & gross_by_hh_size <= 435 & shelter_expenses_by_hh_size <= 187 & unearned_by_hh_size > 80.3",247,247,95,0,0,0,3,0,0,FALSE,0.384615384615385,0.384615384615385,0.315818962632942,0.315818962632942,0,0.0121457489878543
"national","2-3","children_i <= 0 & elderly_disabled_i <= 0 & expedited_i >= 1 & rawben_rel_max <= 0.973",67,67,30,0,0,0,1,0,0,FALSE,0.447761194029851,0.447761194029851,0.315684243842688,0.315684243842688,0,0.0149253731343284
"national","4+","earned_by_hh_size > 37.1 & months_since_cert_n > 5.5 & unc_rawben_rel_max > 0.39 & unearned_by_hh_size > 306",60,60,27,0,0,0,0,0,0,FALSE,0.45,0.45,0.310997408259222,0.310997408259222,0,0
"national","4+","gross_by_hh_size >= 382 & gross_by_hh_size < 446 & rawben_rel_max >= 0.9",53,53,24,0,0,0,7,0,0,FALSE,0.452830188679245,0.452830188679245,0.305642880143884,0.305642880143884,0,0.132075471698113
"national","4+","gross_by_hh_size < 564 & months_since_cert_n >= 3 & unc_rawben_rel_max >= 0.784 & unc_rawben_rel_max < 0.79",80,80,34,0,0,0,1,0,0,FALSE,0.425,0.425,0.305242222158835,0.305242222158835,0,0.0125
"national","1","shelter_expenses_by_hh_size >= 2300 & total_deductions_by_hh_size >= 1450 & unc_rawben_rel_max < 1.01",108,108,44,0,0,0,6,0,0,FALSE,0.407407407407407,0.407407407407407,0.304414837338622,0.304414837338622,0,0.0555555555555556
"national","1","total_deductions_by_hh_size > 724 & unc_rawben_rel_max <= 1.09 & utilities_sua <= 0.5",585,585,203,0,0,3,34,0,0,FALSE,0.347008547008547,0.347008547008547,0.302821290463566,0.302821290463566,0.00512820512820513,0.0581196581196581
"national","2-3","bbce_state_i >= 1 & rawben_rel_max <= 0.984 & shelter_expenses_by_hh_size > 988 & unearned_by_hh_size > 1520",38,38,18,0,0,0,1,0,0,FALSE,0.473684210526316,0.473684210526316,0.30066237974957,0.30066237974957,0,0.0263157894736842
"national","1","earned_by_hh_size > 365 & months_since_cert_n > 5.5 & percent_abawd > 0.5 & unc_rawben_rel_max > 1.09",138,138,54,36,25,37,70,0.260869565217391,0.462962962962963,TRUE,0.391304347826087,0.284313725490196,0.300523169755474,0.193357809833437,0.268115942028986,0.507246376811594
"national","1","earned_by_hh_size >= 132 & gross_by_hh_size >= 535 & months_since_cert_n >= 12 & unc_rawben_rel_max >= 1.02",93,93,38,16,12,17,50,0.172043010752688,0.315789473684211,TRUE,0.408602150537634,0.337662337662338,0.298257148856079,0.226680718324082,0.182795698924731,0.537634408602151
"national","1","gross_by_hh_size >= 1790 & rawben_rel_max >= 0.972 & unearned_by_hh_size >= 1850",68,68,29,0,0,0,10,0,0,FALSE,0.426470588235294,0.426470588235294,0.29751815469601,0.29751815469601,0,0.147058823529412
"national","2-3","rawben_rel_max >= 0.0436 & shelter_expenses_by_hh_size >= 1100 & unearned_by_hh_size >= 1410",41,41,19,0,0,0,0,0,0,FALSE,0.463414634146341,0.463414634146341,0.29736840048423,0.29736840048423,0,0
"national","4+","earned_by_hh_size >= 929 & rawben_rel_max >= 0.353 & total_deductions_by_hh_size >= 408",52,52,23,0,0,0,0,0,0,FALSE,0.442307692307692,0.442307692307692,0.295181127656504,0.295181127656504,0,0
"national","4+","HH_size_n > 5.5 & percent_abawd > 0.155 & rawben_rel_max <= 0.959 & unc_rawben_rel_max > 0.586",55,55,24,0,0,0,0,0,0,FALSE,0.436363636363636,0.436363636363636,0.29353835513564,0.29353835513564,0,0
"national","4+","earned_by_hh_size <= 391 & elderly_disabled_i <= 0 & HH_size_n > 5.5 & rawben_rel_max <= 0.976",854,854,280,0,0,0,9,0,0,FALSE,0.327868852459016,0.327868852459016,0.291690125030975,0.291690125030975,0,0.0105386416861827
"national","2-3","gross_by_hh_size >= 1400 & months_since_cert_n < 4 & shelter_expenses_by_hh_size >= 777 & total_deductions_by_hh_size >= 784",53,53,23,0,0,0,1,0,0,FALSE,0.433962264150943,0.433962264150943,0.289116026049924,0.289116026049924,0,0.0188679245283019
"national","4+","earned_by_hh_size > 42.6 & gross_by_hh_size <= 364 & HH_size_n > 5.5 & shelter_expenses_by_hh_size <= 184",418,418,142,0,0,0,29,0,0,FALSE,0.339712918660287,0.339712918660287,0.288185200212257,0.288185200212257,0,0.069377990430622
"national","4+","HH_size_n >= 5 & months_since_cert_n >= 4 & months_since_cert_n < 7 & total_deductions_by_hh_size >= 285",253,253,89,0,0,0,7,0,0,FALSE,0.351778656126482,0.351778656126482,0.285716546159925,0.285716546159925,0,0.0276679841897233
"national","2-3","earned_by_hh_size > 104 & gross_by_hh_size <= 671 & months_since_cert_n > 19.5",32,32,15,2,2,2,4,0.0625,0.133333333333333,FALSE,0.46875,0.433333333333333,0.283442595422121,0.249555901376185,0.0625,0.125
"national","2-3","earned_by_hh_size < 1200 & total_deductions_by_hh_size >= 1110",86,86,34,0,0,0,8,0,0,FALSE,0.395348837209302,0.395348837209302,0.282434258149992,0.282434258149992,0,0.0930232558139535
"national","2-3","earned_by_hh_size >= 72.7 & gross_by_hh_size < 384 & months_since_cert_n < 4 & total_deductions_by_hh_size >= 538",89,89,35,41,27,41,49,0.460674157303371,0.771428571428571,TRUE,0.393258426966292,0.166666666666667,0.28228143355471,0.0771071073526818,0.460674157303371,0.550561797752809
"national","1","earned_by_hh_size > 365 & expedited_i <= 0 & percent_abawd > 0.5 & unc_rawben_rel_max > 1.32",169,169,61,54,30,54,92,0.319526627218935,0.491803278688525,TRUE,0.36094674556213,0.269565217391304,0.280561348479198,0.185291910809811,0.319526627218935,0.544378698224852
"national","1","rawben_rel_max >= 0.113 & total_deductions_by_hh_size >= 491 & unearned_by_hh_size >= 2480",35,35,16,0,0,0,0,0,0,FALSE,0.457142857142857,0.457142857142857,0.280513156042504,0.280513156042504,0,0
"national","2-3","gross_by_hh_size < 382 & shelter_expenses_by_hh_size >= 797 & unc_rawben_rel_max < 1.17",152,152,55,70,42,70,82,0.460526315789474,0.763636363636364,TRUE,0.361842105263158,0.158536585365854,0.277376697312524,0.0863780457863691,0.460526315789474,0.539473684210526
"national","1","gross_by_hh_size > 406 & unc_rawben_rel_max > 1 & unc_rawben_rel_max <= 1.08 & unearned_by_hh_size <= 916",860,860,269,37,22,47,378,0.0430232558139535,0.0817843866171004,FALSE,0.312790697674419,0.300121506682868,0.277284279814464,0.264365956375166,0.0546511627906977,0.43953488372093
"national","1","medical_deductions < 332 & months_since_cert_n < 13 & unc_rawben_rel_max >= 0.412 & unearned_by_hh_size >= 1790",162,162,58,0,0,0,6,0,0,FALSE,0.358024691358025,0.358024691358025,0.276305406281611,0.276305406281611,0,0.037037037037037
"national","2-3","earned_by_hh_size >= 11 & rawben_rel_max >= 0.826 & shelter_expenses_by_hh_size >= 764 & total_deductions_by_hh_size < 465",53,53,22,8,7,8,13,0.150943396226415,0.318181818181818,TRUE,0.415094339622642,0.333333333333333,0.27279062677187,0.19575399244653,0.150943396226415,0.245283018867925
"national","1","expedited_i >= 1 & rawben_rel_max > 0.799 & total_deductions_by_hh_size <= 666 & unearned_by_hh_size > 485",56,56,23,0,0,0,27,0,0,FALSE,0.410714285714286,0.410714285714286,0.272345423355212,0.272345423355212,0,0.482142857142857
"national","2-3","earned_by_hh_size > 5.75 & expedited_i >= 1 & rawben_rel_max <= 0.971 & shelter_expenses_by_hh_size > 751",111,111,41,0,0,0,5,0,0,FALSE,0.369369369369369,0.369369369369369,0.271215984476549,0.271215984476549,0,0.045045045045045
"national","4+","earned_by_hh_size <= 367 & gross_by_hh_size > 92.6 & months_since_cert_n > 5.5 & unearned_by_hh_size <= 58.6",567,567,178,27,14,31,70,0.0476190476190476,0.0786516853932584,FALSE,0.313932980599647,0.303703703703704,0.270538555839924,0.259809028321486,0.054673721340388,0.123456790123457
"national","2-3","gross_by_hh_size >= 608 & unc_rawben_rel_max >= 1.23 & unearned_by_hh_size >= 71.7",48,48,20,0,0,0,20,0,0,FALSE,0.416666666666667,0.416666666666667,0.267971343294346,0.267971343294346,0,0.416666666666667
"national","2-3","earned_by_hh_size > 127 & expedited_i >= 1 & gross_by_hh_size > 732 & unearned_by_hh_size > 56.8",69,69,27,0,0,0,2,0,0,FALSE,0.391304347826087,0.391304347826087,0.267371948628245,0.267371948628245,0,0.0289855072463768
"national","4+","shelter_expenses_by_hh_size < 296 & total_deductions_by_hh_size >= 304",233,233,78,0,0,0,11,0,0,FALSE,0.334763948497854,0.334763948497854,0.267325512677666,0.267325512677666,0,0.0472103004291846
"national","4+","earned_by_hh_size > 9.17 & HH_size_n > 4.5 & percent_abawd > 0.236 & total_deductions_by_hh_size <= 430",111,111,40,1,0,1,3,0.00900900900900901,0,FALSE,0.36036036036036,0.363636363636364,0.263144617983926,0.265679430333844,0.00900900900900901,0.027027027027027
"national","1","months_since_cert_n > 12.5 & rawben_rel_max > 0.995 & unc_rawben_rel_max > 1.01 & unc_rawben_rel_max <= 1.03",247,247,81,1,1,5,147,0.00404858299595142,0.0123456790123457,FALSE,0.327935222672065,0.32520325203252,0.262792960746795,0.260142115739577,0.0202429149797571,0.595141700404858
"national","1","elderly_disabled_i <= 0 & shelter_expenses_by_hh_size > 2040 & unc_rawben_rel_max > 0.0787 & unearned_by_hh_size > 268",61,61,24,12,10,12,17,0.19672131147541,0.416666666666667,TRUE,0.39344262295082,0.285714285714286,0.262419601033208,0.162984153716322,0.19672131147541,0.278688524590164
"national","4+","elderly_disabled_i >= 1 & shelter_expenses_by_hh_size >= 509 & total_deductions_by_hh_size < 369 & unearned_by_hh_size >= 250",46,46,19,0,0,0,0,0,0,FALSE,0.41304347826087,0.41304347826087,0.262202951801676,0.262202951801676,0,0
"national","2-3","gross_by_hh_size > 1050 & months_since_cert_n > 5.5 & rawben_rel_max > 0.15 & rawben_rel_max <= 0.97",596,596,181,0,0,0,4,0,0,FALSE,0.303691275167785,0.303691275167785,0.261805976084352,0.261805976084352,0,0.00671140939597315
"national","1","medical_deductions > 160 & rawben_rel_max > 0.313 & shelter_expenses_by_hh_size <= 1030 & total_deductions_by_hh_size > 577",635,635,192,0,0,2,11,0,0,FALSE,0.302362204724409,0.302362204724409,0.261784596596102,0.261784596596102,0.0031496062992126,0.0173228346456693
"national","2-3","expedited_i >= 1 & unc_rawben_rel_max <= 0.788 & unearned_by_hh_size <= 468 & utilities_sua <= 0.5",96,96,35,0,0,0,0,0,0,FALSE,0.364583333333333,0.364583333333333,0.260401107154357,0.260401107154357,0,0
"national","4+","gross_by_hh_size >= 308 & months_since_cert_n >= 4 & shelter_expenses_by_hh_size >= 96 & unc_rawben_rel_max >= 0.964",65,65,25,0,0,0,10,0,0,FALSE,0.384615384615385,0.384615384615385,0.25833182626587,0.25833182626587,0,0.153846153846154
"national","2-3","earned_by_hh_size >= 1560 & percent_abawd >= 0.5",32,32,14,0,0,0,0,0,0,FALSE,0.4375,0.4375,0.25766898430634,0.25766898430634,0,0
"national","4+","months_since_cert_n >= 13 & rawben_rel_max >= 0.361 & unc_rawben_rel_max < 1 & unearned_by_hh_size < 418",245,245,79,0,0,0,2,0,0,FALSE,0.322448979591837,0.322448979591837,0.257473579933961,0.257473579933961,0,0.00816326530612245
"national","4+","count_divisible_by_100 >= 1 & HH_size_n >= 5 & shelter_expenses_by_hh_size >= 378 & total_deductions_by_hh_size < 330",59,59,23,1,1,1,1,0.0169491525423729,0.0434782608695652,FALSE,0.389830508474576,0.379310344827586,0.257432002009884,0.24750332901477,0.0169491525423729,0.0169491525423729
"national","4+","gross_by_hh_size >= 476 & rawben_rel_max >= 0.781 & shelter_expenses_by_hh_size < 417 & unearned_by_hh_size < 5.2",81,81,30,0,0,0,0,0,0,FALSE,0.37037037037037,0.37037037037037,0.257380799177467,0.257380799177467,0,0
"national","2-3","earned_by_hh_size >= 706 & months_since_cert_n >= 4 & shelter_expenses_by_hh_size < 679 & total_deductions_by_hh_size >= 762",53,53,21,0,0,0,1,0,0,FALSE,0.39622641509434,0.39622641509434,0.256669902757045,0.256669902757045,0,0.0188679245283019
"national","4+","expedited_i <= 0 & months_since_cert_n >= 11 & rawben_rel_max >= 0.712 & shelter_expenses_by_hh_size >= 318",127,127,44,4,1,6,9,0.031496062992126,0.0227272727272727,FALSE,0.346456692913386,0.349593495934959,0.2563403711397,0.257847864342697,0.047244094488189,0.0708661417322835
"national","1","earned_by_hh_size < 605 & shelter_expenses_by_hh_size >= 692 & total_deductions_by_hh_size >= 768 & utilities_sua < 1",458,458,137,0,0,0,29,0,0,FALSE,0.299126637554585,0.299126637554585,0.251942586119715,0.251942586119715,0,0.0633187772925764
"national","4+","earned_by_hh_size >= 270 & earned_by_hh_size < 332 & months_since_cert_n < 13 & shelter_expenses_by_hh_size < 230",376,376,114,0,0,0,2,0,0,FALSE,0.303191489361702,0.303191489361702,0.251169046667361,0.251169046667361,0,0.00531914893617021
"national","2-3","medical_deductions < 161 & shelter_expenses_by_hh_size < 414 & unearned_by_hh_size >= 432 & unearned_by_hh_size < 441",48,48,19,0,0,0,0,0,0,FALSE,0.395833333333333,0.395833333333333,0.25038398115754,0.25038398115754,0,0
"national","4+","gross_by_hh_size >= 727 & rawben_rel_max >= 0.353 & unc_rawben_rel_max >= 0.256 & unearned_by_hh_size >= 196",90,90,32,0,0,0,0,0,0,FALSE,0.355555555555556,0.355555555555556,0.249464568282194,0.249464568282194,0,0
"national","1","bbce_state_i >= 1 & medical_deductions >= 136 & rawben_rel_max >= 0.324 & unc_rawben_rel_max < 1.02",1785,1785,485,0,0,5,23,0,0,FALSE,0.271708683473389,0.271708683473389,0.247935491523806,0.247935491523806,0.00280112044817927,0.0128851540616246
"national","1","rawben_rel_max >= 0.495 & shelter_expenses_by_hh_size >= 1840 & unc_rawben_rel_max < 1.03",543,543,158,16,13,16,45,0.0294659300184162,0.0822784810126582,FALSE,0.29097605893186,0.275142314990512,0.247876572516526,0.232350778967908,0.0294659300184162,0.0828729281767956
"national","4+","bbce_state_i >= 1 & earned_by_hh_size >= 190 & earned_by_hh_size < 235 & months_since_cert_n < 6",276,276,85,33,23,33,40,0.119565217391304,0.270588235294118,TRUE,0.307971014492754,0.255144032921811,0.247545184622655,0.195920292257767,0.119565217391304,0.144927536231884
"national","4+","gross_by_hh_size >= 110 & gross_by_hh_size < 199 & unc_rawben_rel_max >= 1.06 & unc_rawben_rel_max < 1.11",358,358,107,64,34,87,182,0.17877094972067,0.317757009345794,TRUE,0.298882681564246,0.248299319727891,0.245942296072611,0.194595019622641,0.243016759776536,0.508379888268156
"national","2-3","expedited_i >= 1 & rawben_rel_max >= 0.272 & rawben_rel_max < 0.44",106,106,36,0,0,0,1,0,0,FALSE,0.339622641509434,0.339622641509434,0.24275885939176,0.24275885939176,0,0.00943396226415094
"national","2-3","bbce_state_i >= 1 & months_since_cert_n < 1 & total_deductions_by_hh_size >= 194 & utilities_sua < 2",289,289,87,7,5,7,17,0.0242214532871972,0.0574712643678161,FALSE,0.301038062283737,0.290780141843972,0.242404058319762,0.232287977264403,0.0242214532871972,0.0588235294117647
"national","2-3","count_divisible_by_100 > 0.5 & count_divisible_by_100 <= 1.5 & earned_by_hh_size <= 194 & total_deductions_by_hh_size > 718",40,40,16,0,0,0,4,0,0,FALSE,0.4,0.4,0.242397089822366,0.242397089822366,0,0.1
"national","4+","gross_by_hh_size > 148 & shelter_expenses_by_hh_size <= 83.4 & total_deductions_by_hh_size > 56.4",817,817,226,0,0,0,6,0,0,FALSE,0.276621787025704,0.276621787025704,0.241779536192548,0.241779536192548,0,0.00734394124847001
"national","4+","shelter_expenses_by_hh_size >= 340 & shelter_expenses_by_hh_size < 394 & unearned_by_hh_size >= 305",207,207,64,0,0,0,0,0,0,FALSE,0.309178743961353,0.309178743961353,0.240121080455566,0.240121080455566,0,0
"national","1","homeless >= 1 & months_since_cert_n >= 3 & shelter_expenses_by_hh_size >= 667 & unearned_by_hh_size >= 892",182,182,57,0,0,2,3,0,0,FALSE,0.313186813186813,0.313186813186813,0.239594099936753,0.239594099936753,0.010989010989011,0.0164835164835165
"national","4+","bbce_state_i >= 1 & rawben_rel_max >= 0.734 & rawben_rel_max < 0.749 & unc_rawben_rel_max < 0.741",80,80,28,0,0,0,0,0,0,FALSE,0.35,0.35,0.239080885975763,0.239080885975763,0,0
"national","2-3","earned_by_hh_size < 153 & months_since_cert_n < 2 & rawben_rel_max < 0.864 & shelter_expenses_by_hh_size >= 894",60,60,22,0,0,0,0,0,0,FALSE,0.366666666666667,0.366666666666667,0.238664819314666,0.238664819314666,0,0
"national","1","bbce_state_i >= 1 & rawben_rel_max > 0.964 & total_deductions_by_hh_size <= 582 & unearned_by_hh_size > 295",222,222,67,0,0,5,88,0,0,FALSE,0.301801801801802,0.301801801801802,0.235556724828075,0.235556724828075,0.0225225225225225,0.396396396396396
"national","4+","gross_by_hh_size > 151 & shelter_expenses_by_hh_size <= 95.2 & utilities_sua > 0.5",828,828,223,0,0,0,2,0,0,FALSE,0.269323671497585,0.269323671497585,0.235047703809018,0.235047703809018,0,0.00241545893719807
"national","1","gross_by_hh_size >= 21 & months_since_cert_n >= 20 & unc_rawben_rel_max >= 1.34 & unearned_by_hh_size < 193",35,35,14,6,6,6,15,0.171428571428571,0.428571428571429,TRUE,0.4,0.275862068965517,0.23363484441584,0.13040919928313,0.171428571428571,0.428571428571429
"national","2-3","earned_by_hh_size > 9.08 & months_since_cert_n > 5.5 & shelter_expenses_by_hh_size > 277 & total_deductions_by_hh_size <= 307",274,274,80,0,0,0,3,0,0,FALSE,0.291970802919708,0.291970802919708,0.232602854817042,0.232602854817042,0,0.0109489051094891
"national","1","rawben_rel_max >= 0.316 & shelter_expenses_by_hh_size >= 1070 & unearned_by_hh_size >= 851 & utilities_sua < 1",134,134,78,0,0,0,5,0,0,FALSE,0.582089552238806,0.582089552238806,0.481689048897951,0.481689048897951,0,0.0373134328358209
"national","1","gross_by_hh_size >= 934 & medical_deductions < 158 & rawben_rel_max >= 0.819 & utilities_sua < 1",117,117,65,0,0,0,6,0,0,FALSE,0.555555555555556,0.555555555555556,0.448605674214438,0.448605674214438,0,0.0512820512820513
"national","1","elderly_disabled_i >= 1 & total_deductions_by_hh_size < 977 & unc_rawben_rel_max >= 1.01 & unc_rawben_rel_max < 1.02",277,277,141,1,1,16,222,0.0036101083032491,0.00709219858156028,FALSE,0.509025270758123,0.507246376811594,0.439658110537253,0.437786031913527,0.0577617328519856,0.8014440433213
"national","1","earned_by_hh_size > 678 & elderly_disabled_i <= 0 & unc_rawben_rel_max > 1.34",172,172,85,112,64,112,141,0.651162790697674,0.752941176470588,TRUE,0.494186046511628,0.35,0.407053775304932,0.224671232648379,0.651162790697674,0.819767441860465
"national","1","rawben_rel_max >= 0.861 & shelter_expenses_by_hh_size < 935 & unc_rawben_rel_max >= 0.04 & unearned_by_hh_size >= 1220",37,37,21,0,0,0,3,0,0,FALSE,0.567567567567568,0.567567567567568,0.381791618833613,0.381791618833613,0,0.0810810810810811
"national","1","bbce_state_i >= 1 & earned_by_hh_size <= 702 & elderly_disabled_i <= 0 & total_deductions_by_hh_size > 1080",275,275,123,174,106,174,204,0.632727272727273,0.861788617886179,TRUE,0.447272727272727,0.168316831683168,0.379218137004936,0.0991471144762433,0.632727272727273,0.741818181818182
"national","4+","rawben_rel_max > 0.961 & total_deductions_by_hh_size > 277 & total_deductions_by_hh_size <= 282",97,97,46,57,34,57,69,0.587628865979381,0.739130434782609,TRUE,0.474226804123711,0.3,0.360809827303345,0.16386706273402,0.587628865979381,0.711340206185567
"national","4+","rawben_rel_max < 0.712 & shelter_expenses_by_hh_size >= 275 & shelter_expenses_by_hh_size < 306 & total_deductions_by_hh_size >= 310",37,37,20,0,0,0,0,0,0,FALSE,0.540540540540541,0.540540540540541,0.357296991528079,0.357296991528079,0,0
"national","2-3","months_since_cert_n < 14 & rawben_rel_max >= 0.107 & total_deductions_by_hh_size >= 660 & unearned_by_hh_size >= 908",195,195,84,0,0,0,0,0,0,FALSE,0.430769230769231,0.430769230769231,0.351255728907547,0.351255728907547,0,0
"national","1","rawben_rel_max >= 1 & shelter_expenses_by_hh_size < 1180 & unc_rawben_rel_max < 1.02 & unearned_by_hh_size >= 193",1149,1149,441,162,34,192,595,0.140992167101828,0.0770975056689342,FALSE,0.383812010443864,0.412360688956434,0.351059654552887,0.376489201480267,0.16710182767624,0.517841601392515
"national","4+","gross_by_hh_size >= 937 & HH_size_n < 6 & rawben_rel_max >= 0.427",36,36,19,0,0,0,0,0,0,FALSE,0.527777777777778,0.527777777777778,0.343663133764319,0.343663133764319,0,0
"national","4+","earned_by_hh_size >= 193 & earned_by_hh_size < 200 & gross_by_hh_size >= 101 & HH_size_n < 5",66,66,31,40,24,40,42,0.606060606060606,0.774193548387097,TRUE,0.46969696969697,0.269230769230769,0.334600989009198,0.120648887120753,0.606060606060606,0.636363636363636
"national","2-3","gross_by_hh_size >= 1530 & unc_rawben_rel_max >= 0.122",80,80,36,0,0,0,0,0,0,FALSE,0.45,0.45,0.327916244125318,0.327916244125318,0,0
"national","2-3","gross_by_hh_size > 1310 & rawben_rel_max <= 0.971 & total_deductions_by_hh_size > 572 & unearned_by_hh_size > 452",164,164,67,0,0,0,2,0,0,FALSE,0.408536585365854,0.408536585365854,0.323563559001957,0.323563559001957,0,0.0121951219512195
"national","2-3","HH_size_n > 2.5 & total_deductions_by_hh_size > 636 & unc_rawben_rel_max <= 1",156,156,64,0,0,0,0,0,0,FALSE,0.41025641025641,0.41025641025641,0.323160194147795,0.323160194147795,0,0
"national","2-3","shelter_expenses_by_hh_size > 743 & total_deductions_by_hh_size > 802 & unc_rawben_rel_max <= 1",279,279,108,0,0,0,4,0,0,FALSE,0.387096774193548,0.387096774193548,0.322029752881662,0.322029752881662,0,0.014336917562724
"national","2-3","rawben_rel_max <= 0.693 & total_deductions_by_hh_size > 689 & unearned_by_hh_size > 59.8",261,261,101,0,0,0,3,0,0,FALSE,0.386973180076628,0.386973180076628,0.319821814649971,0.319821814649971,0,0.0114942528735632
"national","4+","earned_by_hh_size > 142 & gross_by_hh_size <= 440 & months_since_cert_n > 6.5",658,658,238,20,9,21,51,0.0303951367781155,0.0378151260504202,FALSE,0.361702127659574,0.358934169278997,0.319423708012557,0.316117356807659,0.0319148936170213,0.0775075987841945
"national","1","rawben_rel_max >= 0.316 & shelter_expenses_by_hh_size >= 1070 & utilities_sua < 1",240,240,93,9,5,9,20,0.0375,0.0537634408602151,FALSE,0.3875,0.380952380952381,0.31760202628308,0.310162410687409,0.0375,0.0833333333333333
"national","1","expedited_i >= 1 & unc_rawben_rel_max > 1 & unc_rawben_rel_max <= 1.01",73,73,32,9,6,10,54,0.123287671232877,0.1875,FALSE,0.438356164383562,0.40625,0.312203312310714,0.276244302430131,0.136986301369863,0.73972602739726
"national","4+","homeless <= 0 & months_since_cert_n > 5.5 & total_deductions_by_hh_size > 466",87,87,37,0,0,0,6,0,0,FALSE,0.425287356321839,0.425287356321839,0.309958143670875,0.309958143670875,0,0.0689655172413793
"national","1","bbce_state_i >= 1 & total_deductions_by_hh_size > 956 & utilities_sua <= 0.5",283,283,105,10,5,11,40,0.0353356890459364,0.0476190476190476,FALSE,0.371024734982332,0.366300366300366,0.307235832016576,0.301685684381163,0.03886925795053,0.141342756183746
"national","1","gross_by_hh_size < 1190 & shelter_expenses_by_hh_size >= 1870 & unc_rawben_rel_max < 1.4",127,127,51,51,35,51,59,0.401574803149606,0.686274509803922,TRUE,0.401574803149606,0.210526315789474,0.306423232114919,0.122920250576059,0.401574803149606,0.464566929133858
"national","2-3","gross_by_hh_size > 1350 & shelter_expenses_by_hh_size > 1040 & total_deductions_by_hh_size > 541",176,176,67,0,0,0,9,0,0,FALSE,0.380681818181818,0.380681818181818,0.300312181109359,0.300312181109359,0,0.0511363636363636
"national","4+","bbce_state_i >= 1 & earned_by_hh_size > 42.6 & total_deductions_by_hh_size > 305 & unearned_by_hh_size > 18.9",513,513,177,0,0,0,20,0,0,FALSE,0.345029239766082,0.345029239766082,0.29805592957784,0.29805592957784,0,0.0389863547758285
"national","2-3","months_since_cert_n < 8 & shelter_expenses_by_hh_size >= 1050 & unc_rawben_rel_max < 1 & unearned_by_hh_size >= 54.5",192,192,71,0,0,0,4,0,0,FALSE,0.369791666666667,0.369791666666667,0.293362400060341,0.293362400060341,0,0.0208333333333333
"national","1","elderly_disabled_i >= 1 & expedited_i >= 1 & rawben_rel_max > 0.998 & unc_rawben_rel_max <= 1.03",217,217,79,9,2,13,97,0.0414746543778802,0.0253164556962025,FALSE,0.36405529953917,0.370192307692308,0.292243747209876,0.296531608995419,0.0599078341013825,0.447004608294931
"national","2-3","gross_by_hh_size <= 382 & total_deductions_by_hh_size > 547 & unc_rawben_rel_max > 1 & unearned_by_hh_size <= 63.5",227,227,82,104,62,104,122,0.458149779735683,0.75609756097561,TRUE,0.361233480176211,0.16260162601626,0.291102264336318,0.0997524131410353,0.458149779735683,0.537444933920705
"national","4+","earned_by_hh_size >= 709 & earned_by_hh_size < 761 & rawben_rel_max >= 0.467 & unc_rawben_rel_max >= 0.454",171,171,63,0,0,0,0,0,0,FALSE,0.368421052631579,0.368421052631579,0.287883989849652,0.287883989849652,0,0
"national","4+","earned_by_hh_size >= 917 & months_since_cert_n >= 5 & total_deductions_by_hh_size >= 358 & unc_rawben_rel_max >= 0.309",48,48,21,0,0,0,0,0,0,FALSE,0.4375,0.4375,0.285816709393754,0.285816709393754,0,0
"national","2-3","gross_by_hh_size > 198 & medical_deductions > 136 & shelter_expenses_by_hh_size > 939 & unearned_by_hh_size > 208",143,143,53,0,0,0,2,0,0,FALSE,0.370629370629371,0.370629370629371,0.28301018404612,0.28301018404612,0,0.013986013986014
"national","1","months_since_cert_n > 10.5 & total_deductions_by_hh_size > 580 & utilities_sua <= 0.5",284,284,98,1,0,3,25,0.00352112676056338,0,FALSE,0.345070422535211,0.346289752650177,0.282903616353117,0.283944072361124,0.0105633802816901,0.0880281690140845
"national","4+","bbce_state_i >= 1 & earned_by_hh_size <= 378 & percent_abawd > 0.0885 & unc_rawben_rel_max <= 0.975",243,243,85,0,0,0,2,0,0,FALSE,0.349794238683128,0.349794238683128,0.282608471073413,0.282608471073413,0,0.00823045267489712
"national","2-3","earned_by_hh_size >= 32.3 & gross_by_hh_size >= 83.5 & percent_abawd >= 0.333 & total_deductions_by_hh_size >= 728",63,63,26,0,0,0,2,0,0,FALSE,0.412698412698413,0.412698412698413,0.280979698350455,0.280979698350455,0,0.0317460317460317
"national","2-3","gross_by_hh_size > 1980 & unc_rawben_rel_max <= 1 & unearned_by_hh_size > 494",63,63,26,0,0,0,1,0,0,FALSE,0.412698412698413,0.412698412698413,0.280979698350455,0.280979698350455,0,0.0158730158730159
"national","2-3","months_since_cert_n < 5 & shelter_expenses_by_hh_size >= 666 & shelter_expenses_by_hh_size < 675 & unearned_by_hh_size >= 36.7",46,46,20,0,0,0,4,0,0,FALSE,0.434782608695652,0.434782608695652,0.280683767268984,0.280683767268984,0,0.0869565217391304
"national","1","elderly_disabled_i >= 1 & rawben_rel_max >= 0.712 & unc_rawben_rel_max < 1.03 & utilities_sua < 2",1307,1307,403,38,13,48,153,0.0290742157612854,0.032258064516129,FALSE,0.308339709257842,0.307328605200946,0.279468509019102,0.278073269742284,0.03672532517215,0.117061973986228
"national","2-3","expedited_i >= 1 & percent_abawd > 0.167 & rawben_rel_max <= 0.901 & unearned_by_hh_size <= 505",49,49,21,0,0,0,1,0,0,FALSE,0.428571428571429,0.428571428571429,0.279463065218726,0.279463065218726,0,0.0204081632653061
"national","2-3","earned_by_hh_size > 128 & unc_rawben_rel_max > 1.1 & unc_rawben_rel_max <= 1.2",753,753,238,181,116,181,371,0.240371845949535,0.487394957983193,TRUE,0.316069057104914,0.213286713286713,0.278089810426665,0.176230968976019,0.240371845949535,0.49269588313413
"national","4+","gross_by_hh_size >= 342 & gross_by_hh_size < 446 & rawben_rel_max >= 0.536 & shelter_expenses_by_hh_size >= 576",55,55,23,0,0,0,6,0,0,FALSE,0.418181818181818,0.418181818181818,0.277712596634063,0.277712596634063,0,0.109090909090909
"national","4+","earned_by_hh_size > 85.2 & percent_abawd <= 0.367 & shelter_expenses_by_hh_size > 290 & unearned_by_hh_size > 160",652,652,207,0,0,0,10,0,0,FALSE,0.317484662576687,0.317484662576687,0.276731170628908,0.276731170628908,0,0.0153374233128834
"national","1","bbce_state_i >= 1 & gross_by_hh_size > 288 & shelter_expenses_by_hh_size > 1930 & total_deductions_by_hh_size <= 1100",137,137,50,47,34,47,54,0.343065693430657,0.68,TRUE,0.364963503649635,0.177777777777778,0.276118889078956,0.103191325362756,0.343065693430657,0.394160583941606
"national","2-3","HH_size_n > 2.5 & married <= 0 & unc_rawben_rel_max > 0.999 & unc_rawben_rel_max <= 1",92,92,35,0,0,0,0,0,0,FALSE,0.380434782608696,0.380434782608696,0.2724659121342,0.2724659121342,0,0
"national","1","earned_by_hh_size > 252 & months_since_cert_n > 5.5 & unc_rawben_rel_max > 1.34",341,341,112,53,37,59,149,0.155425219941349,0.330357142857143,TRUE,0.328445747800586,0.260416666666667,0.272370924253418,0.205077238963608,0.173020527859238,0.436950146627566
"national","4+","HH_size_n >= 5 & months_since_cert_n >= 6 & shelter_expenses_by_hh_size >= 348 & total_deductions_by_hh_size >= 282",218,218,74,0,0,0,4,0,0,FALSE,0.339449541284404,0.339449541284404,0.269546718983778,0.269546718983778,0,0.018348623853211
"national","1","months_since_cert_n < 12 & rawben_rel_max >= 0.308 & shelter_expenses_by_hh_size >= 1520 & unearned_by_hh_size >= 1830",196,196,67,0,0,0,7,0,0,FALSE,0.341836734693878,0.341836734693878,0.268229205081527,0.268229205081527,0,0.0357142857142857
"national","4+","earned_by_hh_size <= 671 & total_deductions_by_hh_size > 334 & unc_rawben_rel_max <= 1.1 & utilities_sua > 0.5",706,706,215,0,0,0,9,0,0,FALSE,0.304532577903683,0.304532577903683,0.2658582825972,0.2658582825972,0,0.0127478753541076
"national","4+","earned_by_hh_size > 42.1 & elderly_disabled_i >= 1 & unc_rawben_rel_max > 0.335 & unearned_by_hh_size > 324",110,110,40,0,0,0,2,0,0,FALSE,0.363636363636364,0.363636363636364,0.265679430333844,0.265679430333844,0,0.0181818181818182
"national","4+","gross_by_hh_size >= 282 & percent_abawd >= 0.222 & percent_abawd < 0.429 & unearned_by_hh_size < 342",242,242,80,0,0,0,3,0,0,FALSE,0.330578512396694,0.330578512396694,0.264620222947294,0.264620222947294,0,0.012396694214876
"national","4+","earned_by_hh_size >= 214 & rawben_rel_max >= 0.633 & shelter_expenses_by_hh_size >= 172 & utilities_sua < 2",162,162,55,0,0,0,3,0,0,FALSE,0.339506172839506,0.339506172839506,0.259406192256608,0.259406192256608,0,0.0185185185185185
"national","2-3","gross_by_hh_size > 274 & total_deductions_by_hh_size > 428 & unearned_by_hh_size > 52.6 & utilities_sua <= 0.5",71,71,27,5,4,5,11,0.0704225352112676,0.148148148148148,FALSE,0.380281690140845,0.348484848484849,0.259304034916794,0.228308117769125,0.0704225352112676,0.154929577464789
"national","2-3","rawben_rel_max >= 0.663 & rawben_rel_max < 0.703 & total_deductions_by_hh_size >= 569 & unc_rawben_rel_max < 0.87",123,123,43,0,0,0,2,0,0,FALSE,0.349593495934959,0.349593495934959,0.257847864342697,0.257847864342697,0,0.016260162601626
"national","4+","elderly_disabled_i >= 1 & expedited_i <= 0 & total_deductions_by_hh_size > 174 & unc_rawben_rel_max <= 1",893,893,259,0,0,0,0,0,0,FALSE,0.29003359462486,0.29003359462486,0.25606132639796,0.25606132639796,0,0
"national","1","children_i >= 1 & percent_abawd <= 1.5 & total_deductions_by_hh_size <= 627 & utilities_sua > 1.5",44,44,18,0,0,0,1,0,0,FALSE,0.409090909090909,0.409090909090909,0.25604702425129,0.25604702425129,0,0.0227272727272727
"national","2-3","earned_by_hh_size >= 1630 & months_since_cert_n < 4 & total_deductions_by_hh_size >= 502 & total_deductions_by_hh_size < 848",44,44,18,0,0,0,3,0,0,FALSE,0.409090909090909,0.409090909090909,0.25604702425129,0.25604702425129,0,0.0681818181818182
"national","4+","HH_size_n > 5.5 & months_since_cert_n > 5.5 & unearned_by_hh_size <= 314",947,947,273,0,0,3,32,0,0,FALSE,0.288278775079197,0.288278775079197,0.255320660957213,0.255320660957213,0.00316789862724393,0.0337909186906019
"national","4+","gross_by_hh_size >= 146 & months_since_cert_n < 8 & rawben_rel_max >= 0.865 & total_deductions_by_hh_size < 108",145,145,49,0,0,0,2,0,0,FALSE,0.337931034482759,0.337931034482759,0.253862335483374,0.253862335483374,0,0.0137931034482759
"national","4+","children_i >= 1 & earned_by_hh_size >= 329 & earned_by_hh_size < 360 & total_deductions_by_hh_size < 369",349,349,107,0,0,0,3,0,0,FALSE,0.306590257879656,0.306590257879656,0.252498344507282,0.252498344507282,0,0.00859598853868195
"national","2-3","earned_by_hh_size > 122 & months_since_cert_n > 5.5 & unearned_by_hh_size > 51.1 & utilities_sua > 0.5",883,883,250,2,1,2,46,0.00226500566251416,0.004,FALSE,0.28312570781427,0.282633371169126,0.249264454844074,0.248756794980591,0.00226500566251416,0.0520951302378256
"national","1","bbce_state_i >= 1 & earned_by_hh_size > 256 & months_since_cert_n > 5.5 & percent_abawd > 0.5",471,471,139,33,25,34,89,0.0700636942675159,0.179856115107914,FALSE,0.295116772823779,0.26027397260274,0.248783537727997,0.214642526576529,0.0721868365180467,0.18895966029724
"national","4+","rawben_rel_max >= 0.13 & rawben_rel_max < 0.419 & shelter_expenses_by_hh_size >= 325 & shelter_expenses_by_hh_size < 481",523,523,153,0,0,0,0,0,0,FALSE,0.292543021032505,0.292543021032505,0.248585179351713,0.248585179351713,0,0
"national","2-3","earned_by_hh_size < 259 & gross_by_hh_size < 338 & total_deductions_by_hh_size >= 332 & unc_rawben_rel_max < 1.15",450,450,133,77,54,77,195,0.171111111111111,0.406015037593985,TRUE,0.295555555555556,0.211796246648794,0.248191331954199,0.16688861194528,0.171111111111111,0.433333333333333
"national","2-3","earned_by_hh_size > 146 & HH_size_n > 2.5 & months_since_cert_n > 5.5 & rawben_rel_max > 0.408",1181,1181,327,25,16,25,68,0.0211685012701101,0.0489296636085627,FALSE,0.27688399661304,0.269031141868512,0.24766775590793,0.239821086141119,0.0211685012701101,0.0575783234546994
"national","4+","months_since_cert_n >= 7 & rawben_rel_max >= 0.61 & shelter_expenses_by_hh_size >= 172",1557,1557,420,22,10,26,86,0.0141297366730893,0.0238095238095238,FALSE,0.269749518304432,0.267100977198697,0.244417347556987,0.241685091517144,0.0166987797045601,0.0552344251766217
"national","1","bbce_state_i >= 1 & gross_by_hh_size < 1280 & rawben_rel_max < 0.0819 & unc_rawben_rel_max >= 0.076",168,168,54,0,0,0,0,0,0,FALSE,0.321428571428571,0.321428571428571,0.24431985780945,0.24431985780945,0,0
"national","2-3","elderly_disabled_i >= 1 & HH_size_n <= 2.5 & unc_rawben_rel_max > 0.999 & unc_rawben_rel_max <= 1",82,82,51,0,0,0,0,0,0,FALSE,0.621951219512195,0.621951219512195,0.493530107327434,0.493530107327434,0,0
"national","2-3","children_i <= 0 & unc_rawben_rel_max > 0.999 & unc_rawben_rel_max <= 1 & unearned_by_hh_size > 110",62,62,41,0,0,0,0,0,0,FALSE,0.661290322580645,0.661290322580645,0.513644178275965,0.513644178275965,0,0
"national","2-3","shelter_expenses_by_hh_size > 471 & unc_rawben_rel_max > 0.999 & unc_rawben_rel_max <= 1",109,109,58,0,0,0,1,0,0,FALSE,0.532110091743119,0.532110091743119,0.422076026293612,0.422076026293612,0,0.00917431192660551
"national","4+","gross_by_hh_size > 107 & HH_size_n > 5.5 & months_since_cert_n > 11.5 & unc_rawben_rel_max > 0.702",34,34,19,0,0,0,4,0,0,FALSE,0.558823529411765,0.558823529411765,0.366600412686493,0.366600412686493,0,0.117647058823529
"national","1","earned_by_hh_size > 639 & gross_by_hh_size <= 702 & total_deductions_by_hh_size > 1070 & unearned_by_hh_size <= 206",263,263,128,185,107,185,222,0.703422053231939,0.8359375,TRUE,0.486692015209125,0.269230769230769,0.415997686070691,0.170244672556476,0.703422053231939,0.844106463878327
"national","1","medical_deductions < 125 & shelter_expenses_by_hh_size < 1040 & unc_rawben_rel_max >= 1.01 & unc_rawben_rel_max < 1.02",297,297,138,0,0,2,187,0,0,FALSE,0.464646464646465,0.464646464646465,0.398565628534358,0.398565628534358,0.00673400673400673,0.62962962962963
"national","2-3","medical_deductions > 158 & rawben_rel_max > 0.171 & total_deductions_by_hh_size > 639 & unc_rawben_rel_max <= 1",140,140,68,0,0,0,0,0,0,FALSE,0.485714285714286,0.485714285714286,0.389838178567367,0.389838178567367,0,0
"national","2-3","earned_by_hh_size >= 763 & total_deductions_by_hh_size >= 812 & unearned_by_hh_size >= 8.5",44,44,24,0,0,0,2,0,0,FALSE,0.545454545454545,0.545454545454545,0.375635717968619,0.375635717968619,0,0.0454545454545455
"national","4+","bbce_state_i >= 1 & earned_by_hh_size >= 97.5 & unc_rawben_rel_max >= 1.06 & unc_rawben_rel_max < 1.11",245,245,105,69,42,79,148,0.281632653061224,0.4,TRUE,0.428571428571429,0.357954545454545,0.357357830401844,0.279292950408674,0.322448979591837,0.604081632653061
"national","4+","months_since_cert_n >= 9 & shelter_expenses_by_hh_size >= 55.4 & total_deductions_by_hh_size >= 249 & utilities_sua < 2",39,39,20,0,0,0,1,0,0,FALSE,0.512820512820513,0.512820512820513,0.336791946620261,0.336791946620261,0,0.0256410256410256
"national","1","children_i >= 1 & elderly_disabled_i >= 1 & utilities_sua > 1.5",30,30,16,0,0,0,0,0,0,FALSE,0.533333333333333,0.533333333333333,0.333167969505189,0.333167969505189,0,0
"national","4+","elderly_disabled_i <= 0 & shelter_expenses_by_hh_size <= 424 & total_deductions_by_hh_size > 529 & unc_rawben_rel_max <= 0.957",42,42,21,0,0,0,0,0,0,FALSE,0.5,0.5,0.331094623915598,0.331094623915598,0,0
"national","4+","earned_by_hh_size > 59.7 & shelter_expenses_by_hh_size <= 567 & total_deductions_by_hh_size > 529 & unearned_by_hh_size <= 227",101,101,44,0,0,0,3,0,0,FALSE,0.435643564356436,0.435643564356436,0.327063036683471,0.327063036683471,0,0.0297029702970297
"national","4+","HH_size_n >= 5 & months_since_cert_n >= 2 & rawben_rel_max < 0.882 & total_deductions_by_hh_size >= 333",250,250,99,0,0,0,0,0,0,FALSE,0.396,0.396,0.326989144947115,0.326989144947115,0,0
"national","4+","gross_by_hh_size > 93.5 & HH_size_n > 5.5 & total_deductions_by_hh_size > 307 & utilities_sua > 0.5",133,133,54,0,0,0,5,0,0,FALSE,0.406015037593985,0.406015037593985,0.312527111262503,0.312527111262503,0,0.037593984962406
"national","2-3","medical_deductions >= 155 & medical_deductions < 366 & rawben_rel_max >= 0.148 & unearned_by_hh_size >= 1240",40,40,20,0,0,0,0,0,0,FALSE,0.5,0.5,0.327415160113352,0.327415160113352,0,0
"national","1","earned_by_hh_size <= 702 & gross_by_hh_size > 488 & rawben_rel_max > 0.997 & utilities_sua <= 1.5",623,623,221,28,18,30,172,0.0449438202247191,0.081447963800905,FALSE,0.354735152487962,0.341176470588235,0.311575733903005,0.297579980753139,0.0481540930979133,0.276083467094703
"national","4+","earned_by_hh_size > 826 & total_deductions_by_hh_size > 529",58,58,26,0,0,0,0,0,0,FALSE,0.448275862068966,0.448275862068966,0.307356175484708,0.307356175484708,0,0
"national","1","gross_by_hh_size > 1120 & unc_rawben_rel_max > 0.384 & utilities_sua <= 0.5",245,245,92,0,0,0,5,0,0,FALSE,0.375510204081633,0.375510204081633,0.306969218542262,0.306969218542262,0,0.0204081632653061
"national","1","months_since_cert_n > 12.5 & rawben_rel_max > 0.995 & unc_rawben_rel_max <= 1.03",629,629,219,11,4,18,192,0.0174880763116057,0.0182648401826484,FALSE,0.348171701112878,0.34789644012945,0.305454006576541,0.304825148442442,0.0286168521462639,0.305246422893482
"national","4+","HH_size_n > 5.5 & rawben_rel_max > 0.889 & rawben_rel_max <= 0.894",30,30,15,0,0,0,2,0,0,FALSE,0.5,0.5,0.304559277785661,0.304559277785661,0,0.0666666666666667
"national","4+","earned_by_hh_size > 42.2 & earned_by_hh_size <= 360 & rawben_rel_max <= 0.903 & unearned_by_hh_size <= 213",1130,1130,380,0,0,0,8,0,0,FALSE,0.336283185840708,0.336283185840708,0.304441984806613,0.304441984806613,0,0.00707964601769911
"national","2-3","count_divisible_by_100 > 0.5 & rawben_rel_max <= 0.998 & shelter_expenses_by_hh_size > 1030",59,59,26,0,0,0,1,0,0,FALSE,0.440677966101695,0.440677966101695,0.301686860571523,0.301686860571523,0,0.0169491525423729
"national","4+","earned_by_hh_size > 42.6 & rawben_rel_max > 0.837 & unc_rawben_rel_max > 0.341 & unearned_by_hh_size > 88.5",254,254,92,0,0,0,36,0,0,FALSE,0.362204724409449,0.362204724409449,0.295607239674377,0.295607239674377,0,0.141732283464567
"national","2-3","HH_size_n <= 2.5 & married <= 0 & rawben_rel_max <= 0.97 & total_deductions_by_hh_size > 822",171,171,64,0,0,0,3,0,0,FALSE,0.374269005847953,0.374269005847953,0.293288540313366,0.293288540313366,0,0.0175438596491228
"national","2-3","gross_by_hh_size > 793 & HH_size_n > 2.5 & total_deductions_by_hh_size > 598",176,176,65,0,0,0,0,0,0,FALSE,0.369318181818182,0.369318181818182,0.289778582191454,0.289778582191454,0,0
"national","1","earned_by_hh_size > 484 & shelter_expenses_by_hh_size > 1690 & unc_rawben_rel_max > 1.33 & utilities_sua > 0.5",114,114,44,51,30,51,68,0.447368421052632,0.681818181818182,TRUE,0.385964912280702,0.222222222222222,0.287379154882029,0.125229386831933,0.447368421052632,0.596491228070175
"national","2-3","months_since_cert_n >= 5 & total_deductions_by_hh_size >= 896 & unc_rawben_rel_max < 1.44 & unearned_by_hh_size < 1070",112,112,43,0,0,0,12,0,0,FALSE,0.383928571428571,0.383928571428571,0.28474097710396,0.28474097710396,0,0.107142857142857
"national","2-3","gross_by_hh_size <= 353 & shelter_expenses_by_hh_size > 643 & total_deductions_by_hh_size > 328 & unc_rawben_rel_max <= 1.11",32,32,15,13,9,13,20,0.40625,0.6,TRUE,0.46875,0.315789473684211,0.283442595422121,0.134006512044473,0.40625,0.625
"national","2-3","gross_by_hh_size > 1310 & rawben_rel_max > 0.155 & total_deductions_by_hh_size > 268 & unc_rawben_rel_max <= 1",345,345,117,0,0,0,3,0,0,FALSE,0.339130434782609,0.339130434782609,0.282736736404056,0.282736736404056,0,0.00869565217391304
"national","4+","gross_by_hh_size >= 401 & shelter_expenses_by_hh_size >= 136 & shelter_expenses_by_hh_size < 243 & total_deductions_by_hh_size >= 268",107,107,41,0,0,0,1,0,0,FALSE,0.383177570093458,0.383177570093458,0.281995724126414,0.281995724126414,0,0.00934579439252336
"national","4+","HH_size_n >= 6 & rawben_rel_max >= 0.176 & rawben_rel_max < 0.226",49,49,21,0,0,0,0,0,0,FALSE,0.428571428571429,0.428571428571429,0.279463065218726,0.279463065218726,0,0
"national","4+","earned_by_hh_size >= 326 & HH_size_n >= 5 & shelter_expenses_by_hh_size >= 410 & total_deductions_by_hh_size < 274",52,52,22,0,0,0,0,0,0,FALSE,0.423076923076923,0.423076923076923,0.278488563417031,0.278488563417031,0,0
"national","1","shelter_expenses_by_hh_size > 2620 & total_deductions_by_hh_size > 1080 & total_deductions_by_hh_size <= 2870 & utilities_sua > 0.5",103,103,39,7,5,7,15,0.0679611650485437,0.128205128205128,FALSE,0.378640776699029,0.354166666666667,0.276170505984912,0.251206223280505,0.0679611650485437,0.145631067961165
"national","1","gross_by_hh_size >= 2440 & total_deductions_by_hh_size >= 1520 & unc_rawben_rel_max < 1.02",92,92,35,0,0,0,8,0,0,FALSE,0.380434782608696,0.380434782608696,0.2724659121342,0.2724659121342,0,0.0869565217391304
"national","1","bbce_state_i >= 1 & rawben_rel_max >= 0.54 & shelter_expenses_by_hh_size < 740 & unearned_by_hh_size >= 1140",56,56,23,0,0,0,0,0,0,FALSE,0.410714285714286,0.410714285714286,0.272345423355212,0.272345423355212,0,0
"national","2-3","earned_by_hh_size >= 11 & months_since_cert_n >= 7 & rawben_rel_max >= 0.212 & unearned_by_hh_size >= 133",548,548,173,1,1,1,32,0.00182481751824818,0.00578034682080925,FALSE,0.315693430656934,0.314442413162706,0.271503736006157,0.270275325570105,0.00182481751824818,0.0583941605839416
"national","4+","HH_size_n >= 6 & months_since_cert_n >= 11 & total_deductions_by_hh_size < 308 & unearned_by_hh_size < 180",151,151,53,0,0,0,8,0,0,FALSE,0.350993377483444,0.350993377483444,0.267231139710164,0.267231139710164,0,0.0529801324503311
"national","4+","earned_by_hh_size > 80.2 & HH_size_n > 5.5 & months_since_cert_n > 3.5 & utilities_sua > 0.5",1165,1165,346,0,0,3,20,0,0,FALSE,0.296995708154506,0.296995708154506,0.266853264330297,0.266853264330297,0.00257510729613734,0.0171673819742489
"national","1","gross_by_hh_size >= 586 & gross_by_hh_size < 898 & shelter_expenses_by_hh_size >= 1800",111,111,40,48,30,48,58,0.432432432432432,0.75,TRUE,0.36036036036036,0.158730158730159,0.263144617983926,0.0794693633586338,0.432432432432432,0.522522522522523
"national","1","earned_by_hh_size <= 154 & gross_by_hh_size > 648 & rawben_rel_max > 0.993 & utilities_sua <= 0.5",121,121,65,0,0,1,31,0,0,FALSE,0.537190082644628,0.537190082644628,0.432432621979502,0.432432621979502,0.00826446280991736,0.256198347107438
"national","1","rawben_rel_max <= 0.993 & shelter_expenses_by_hh_size > 1100 & unc_rawben_rel_max > 0.294 & utilities_sua <= 0.5",91,91,50,0,0,0,2,0,0,FALSE,0.549450549450549,0.549450549450549,0.428778205114098,0.428778205114098,0,0.021978021978022
"national","1","elderly_disabled_i >= 1 & total_deductions_by_hh_size < 762 & unc_rawben_rel_max >= 1.01 & unearned_by_hh_size >= 622",104,104,56,0,0,0,63,0,0,FALSE,0.538461538461538,0.538461538461538,0.425686623501015,0.425686623501015,0,0.605769230769231
"national","1","earned_by_hh_size >= 669 & expedited_i <= 0 & gross_by_hh_size < 704 & unc_rawben_rel_max >= 1.11",186,186,92,139,84,139,154,0.747311827956989,0.91304347826087,TRUE,0.494623655913978,0.170212765957447,0.410718851249535,0.0788008245442755,0.747311827956989,0.827956989247312
"national","2-3","rawben_rel_max > 0.998 & shelter_expenses_by_hh_size > 838 & unc_rawben_rel_max <= 1",31,31,19,0,0,0,0,0,0,FALSE,0.612903225806452,0.612903225806452,0.407618537979449,0.407618537979449,0,0
"national","1","rawben_rel_max > 0.992 & shelter_expenses_by_hh_size > 1820 & unc_rawben_rel_max <= 1.03",145,145,70,17,13,17,49,0.117241379310345,0.185714285714286,FALSE,0.482758620689655,0.4453125,0.388604207427468,0.347420085947546,0.117241379310345,0.337931034482759
"national","1","bbce_state_i >= 1 & gross_by_hh_size < 917 & shelter_expenses_by_hh_size >= 1920 & unc_rawben_rel_max < 1.38",78,78,40,47,34,47,53,0.602564102564103,0.85,TRUE,0.512820512820513,0.193548387096774,0.384686589873907,0.080129017051632,0.602564102564103,0.67948717948718
"national","2-3","rawben_rel_max >= 0.0436 & shelter_expenses_by_hh_size >= 1100 & unearned_by_hh_size >= 1300",65,65,32,0,0,0,0,0,0,FALSE,0.492307692307692,0.492307692307692,0.354314397726217,0.354314397726217,0,0
"national","1","months_since_cert_n >= 10 & shelter_expenses_by_hh_size >= 1020 & shelter_expenses_by_hh_size < 1210 & utilities_sua < 1",53,53,26,0,0,0,1,0,0,FALSE,0.490566037735849,0.490566037735849,0.33929232394724,0.33929232394724,0,0.0188679245283019
"national","2-3","percent_abawd <= 0.167 & rawben_rel_max > 0.146 & total_deductions_by_hh_size > 598 & unearned_by_hh_size > 1100",167,167,70,0,0,0,0,0,0,FALSE,0.419161676646707,0.419161676646707,0.334254531968275,0.334254531968275,0,0
"national","4+","earned_by_hh_size >= 228 & gross_by_hh_size >= 152 & months_since_cert_n >= 9 & rawben_rel_max >= 0.566",575,575,216,0,0,0,6,0,0,FALSE,0.375652173913043,0.375652173913043,0.330039721705969,0.330039721705969,0,0.0104347826086957
"national","4+","HH_size_n > 5.5 & total_deductions_by_hh_size > 334 & utilities_sua > 0.5",72,72,33,0,0,0,4,0,0,FALSE,0.458333333333333,0.458333333333333,0.329488580913274,0.329488580913274,0,0.0555555555555556
"national","4+","months_since_cert_n >= 4 & shelter_expenses_by_hh_size < 371 & total_deductions_by_hh_size >= 447",50,50,24,0,0,0,1,0,0,FALSE,0.48,0.48,0.32582839261278,0.32582839261278,0,0.02
"national","2-3","gross_by_hh_size >= 1670 & percent_abawd >= 0.333 & rawben_rel_max < 0.386 & unearned_by_hh_size < 955",31,31,16,0,0,0,0,0,0,FALSE,0.516129032258065,0.516129032258065,0.321079615952095,0.321079615952095,0,0
"national","1","medical_deductions >= 199 & rawben_rel_max >= 0.956 & shelter_expenses_by_hh_size >= 325 & unc_rawben_rel_max < 1.03",124,124,75,0,0,0,10,0,0,FALSE,0.604838709677419,0.604838709677419,0.500398259679626,0.500398259679626,0,0.0806451612903226
"national","1","gross_by_hh_size > 300 & rawben_rel_max > 0.998 & unc_rawben_rel_max <= 1.03 & utilities_sua <= 0.5",202,202,110,0,0,1,84,0,0,FALSE,0.544554455445545,0.544554455445545,0.462951010024571,0.462951010024571,0.00495049504950495,0.415841584158416
"national","1","earned_by_hh_size > 424 & earned_by_hh_size <= 702 & total_deductions_by_hh_size > 1080 & unearned_by_hh_size <= 1.5",288,288,130,185,107,185,226,0.642361111111111,0.823076923076923,TRUE,0.451388888888889,0.223300970873786,0.384705274271959,0.143055620431422,0.642361111111111,0.784722222222222
"national","1","gross_by_hh_size < 3050 & unc_rawben_rel_max >= 0.986 & unc_rawben_rel_max < 1.03 & unearned_by_hh_size >= 1170",404,404,174,0,0,0,93,0,0,FALSE,0.430693069306931,0.430693069306931,0.374678613489627,0.374678613489627,0,0.23019801980198
"national","1","gross_by_hh_size >= 1140 & rawben_rel_max >= 1 & total_deductions_by_hh_size >= 938 & unc_rawben_rel_max < 1.02",345,345,148,0,0,0,45,0,0,FALSE,0.428985507246377,0.428985507246377,0.368573452554351,0.368573452554351,0,0.130434782608696
"national","4+","earned_by_hh_size > 10.8 & gross_by_hh_size > 180 & unc_rawben_rel_max > 1.08 & unearned_by_hh_size <= 20.8",111,111,51,57,34,57,78,0.513513513513513,0.666666666666667,TRUE,0.459459459459459,0.314814814814815,0.353890614864663,0.190512402508799,0.513513513513513,0.702702702702703
"national","1","elderly_disabled_i <= 0 & gross_by_hh_size <= 702 & months_since_cert_n > 5.5 & total_deductions_by_hh_size > 1040",181,181,78,87,60,87,114,0.480662983425414,0.769230769230769,TRUE,0.430939226519337,0.191489361702128,0.348554839884462,0.114963754888583,0.480662983425414,0.629834254143646
"national","2-3","earned_by_hh_size <= 879 & medical_deductions <= 798 & total_deductions_by_hh_size > 718 & unc_rawben_rel_max <= 1",313,313,127,0,0,0,1,0,0,FALSE,0.405750798722045,0.405750798722045,0.343324808560066,0.343324808560066,0,0.00319488817891374
"national","4+","shelter_expenses_by_hh_size >= 274 & shelter_expenses_by_hh_size < 300 & total_deductions_by_hh_size >= 348",34,34,18,0,0,0,1,0,0,FALSE,0.529411764705882,0.529411764705882,0.340393663970107,0.340393663970107,0,0.0294117647058824
"national","4+","earned_by_hh_size >= 87.4 & HH_size_n >= 5 & shelter_expenses_by_hh_size < 352 & total_deductions_by_hh_size >= 278",311,311,121,0,0,0,11,0,0,FALSE,0.389067524115756,0.389067524115756,0.327184181781969,0.327184181781969,0,0.0353697749196141
"national","4+","gross_by_hh_size <= 751 & HH_size_n > 4.5 & total_deductions_by_hh_size > 328 & unc_rawben_rel_max <= 1.01",198,198,80,0,0,0,2,0,0,FALSE,0.404040404040404,0.404040404040404,0.326523644508607,0.326523644508607,0,0.0101010101010101
"national","1","homeless >= 1 & rawben_rel_max > 0.375 & shelter_expenses_by_hh_size > 1100 & shelter_expenses_by_hh_size <= 1340",45,45,22,0,0,0,1,0,0,FALSE,0.488888888888889,0.488888888888889,0.326315127141581,0.326315127141581,0,0.0222222222222222
"national","4+","rawben_rel_max < 0.76 & shelter_expenses_by_hh_size < 517 & total_deductions_by_hh_size >= 401",207,207,83,0,0,0,0,0,0,FALSE,0.400966183574879,0.400966183574879,0.325230936918489,0.325230936918489,0,0
"national","2-3","medical_deductions > 421 & rawben_rel_max > 0.161 & unc_rawben_rel_max <= 1.01",82,82,36,0,0,0,0,0,0,FALSE,0.439024390243902,0.439024390243902,0.319275556544532,0.319275556544532,0,0
"national","1","elderly_disabled_i >= 1 & percent_abawd <= 0.5 & shelter_expenses_by_hh_size > 968 & utilities_sua <= 0.5",298,298,113,0,0,0,11,0,0,FALSE,0.379194630872483,0.379194630872483,0.316523661685492,0.316523661685492,0,0.0369127516778524
"national","4+","rawben_rel_max < 0.81 & shelter_expenses_by_hh_size < 498 & total_deductions_by_hh_size >= 416 & unearned_by_hh_size < 437",179,179,71,0,0,0,0,0,0,FALSE,0.396648044692737,0.396648044692737,0.315832862193218,0.315832862193218,0,0
"national","4+","married <= 0 & shelter_expenses_by_hh_size < 311 & total_deductions_by_hh_size >= 333",146,146,59,0,0,0,9,0,0,FALSE,0.404109589041096,0.404109589041096,0.314711867911121,0.314711867911121,0,0.0616438356164384
"national","2-3","earned_by_hh_size > 672 & rawben_rel_max <= 0.984 & total_deductions_by_hh_size > 573 & unearned_by_hh_size > 456",57,57,26,0,0,0,1,0,0,FALSE,0.456140350877193,0.456140350877193,0.313245827753525,0.313245827753525,0,0.0175438596491228
"national","2-3","earned_by_hh_size < 1080 & gross_by_hh_size >= 660 & rawben_rel_max < 0.649 & total_deductions_by_hh_size >= 691",173,173,68,0,0,0,1,0,0,FALSE,0.393063583815029,0.393063583815029,0.311189051181749,0.311189051181749,0,0.00578034682080925
"national","1","earned_by_hh_size > 640 & gross_by_hh_size > 158 & gross_by_hh_size <= 702 & unc_rawben_rel_max > 0.313",362,362,133,186,107,186,223,0.513812154696133,0.804511278195489,TRUE,0.367403314917127,0.147727272727273,0.310821507743016,0.0960620206889039,0.513812154696133,0.616022099447514
"national","4+","earned_by_hh_size > 59.8 & gross_by_hh_size > 144 & rawben_rel_max > 0.606 & total_deductions_by_hh_size <= 117",398,398,145,0,0,0,4,0,0,FALSE,0.364321608040201,0.364321608040201,0.310380465401771,0.310380465401771,0,0.0100502512562814
"national","1","earned_by_hh_size > 384 & unc_rawben_rel_max > 1.21 & utilities_sua <= 1.5",151,151,59,23,15,23,88,0.152317880794702,0.254237288135593,TRUE,0.390728476821192,0.34375,0.303685082923062,0.254229906671648,0.152317880794702,0.582781456953642
"national","1","gross_by_hh_size >= 917 & rawben_rel_max >= 1 & unc_rawben_rel_max < 1.01",848,848,288,0,0,0,12,0,0,FALSE,0.339622641509434,0.339622641509434,0.302918386335231,0.302918386335231,0,0.0141509433962264
"national","4+","earned_by_hh_size > 0.171 & elderly_disabled_i >= 1 & married <= 0 & unc_rawben_rel_max > 0.458",370,370,132,0,0,0,12,0,0,FALSE,0.356756756756757,0.356756756756757,0.301275809310021,0.301275809310021,0,0.0324324324324324
"national","4+","bbce_state_i >= 1 & earned_by_hh_size > 42.6 & months_since_cert_n > 5.5 & rawben_rel_max > 0.599",1344,1344,444,24,13,33,96,0.0178571428571429,0.0292792792792793,FALSE,0.330357142857143,0.326515151515152,0.301247721015907,0.297254368410863,0.0245535714285714,0.0714285714285714
"national","4+","bbce_state_i >= 1 & earned_by_hh_size > 41.8 & rawben_rel_max > 0.397 & unearned_by_hh_size > 16.3",1877,1877,602,0,0,0,63,0,0,FALSE,0.320724560468833,0.320724560468833,0.296211385438399,0.296211385438399,0,0.0335641981885988
"national","2-3","bbce_state_i >= 1 & medical_deductions > 162 & unc_rawben_rel_max > 0.131",437,437,150,0,0,0,8,0,0,FALSE,0.34324942791762,0.34324942791762,0.292626172601974,0.292626172601974,0,0.0183066361556064
"national","4+","gross_by_hh_size >= 557 & HH_size_n >= 6 & total_deductions_by_hh_size >= 239",299,299,105,0,0,0,0,0,0,FALSE,0.351170568561873,0.351170568561873,0.290124538056549,0.290124538056549,0,0
"national","4+","gross_by_hh_size >= 425 & months_since_cert_n >= 4 & shelter_expenses_by_hh_size >= 463 & total_deductions_by_hh_size < 384",314,314,109,0,0,0,2,0,0,FALSE,0.347133757961783,0.347133757961783,0.287711201881171,0.287711201881171,0,0.00636942675159236
"national","2-3","bbce_state_i >= 1 & shelter_expenses_by_hh_size > 1070 & total_deductions_by_hh_size > 505 & unc_rawben_rel_max <= 1",401,401,135,0,0,0,10,0,0,FALSE,0.336658354114713,0.336658354114713,0.284265097721215,0.284265097721215,0,0.0249376558603491
"national","1","medical_deductions >= 301 & rawben_rel_max >= 0.665 & shelter_expenses_by_hh_size < 735",77,77,31,0,0,1,2,0,0,FALSE,0.402597402597403,0.402597402597403,0.283171934555292,0.283171934555292,0.012987012987013,0.025974025974026
"national","2-3","bbce_state_i >= 1 & medical_deductions > 152 & total_deductions_by_hh_size > 105 & unc_rawben_rel_max > 0.159",507,507,166,0,0,0,8,0,0,FALSE,0.32741617357002,0.32741617357002,0.280984326827494,0.280984326827494,0,0.0157790927021696
"national","2-3","earned_by_hh_size >= 5 & rawben_rel_max < 0.0763 & total_deductions_by_hh_size >= 447 & unearned_by_hh_size >= 495",63,63,26,0,0,0,2,0,0,FALSE,0.412698412698413,0.412698412698413,0.280979698350455,0.280979698350455,0,0.0317460317460317
"national","4+","months_since_cert_n > 5.5 & rawben_rel_max <= 0.961 & unc_rawben_rel_max > 0.346 & unearned_by_hh_size <= 196",2013,2013,612,0,0,0,9,0,0,FALSE,0.304023845007452,0.304023845007452,0.280728062899374,0.280728062899374,0,0.00447093889716841
"national","2-3","earned_by_hh_size > 116 & gross_by_hh_size > 931 & rawben_rel_max > 0.361 & unearned_by_hh_size > 51.5",277,277,95,0,0,0,3,0,0,FALSE,0.342960288808664,0.342960288808664,0.280196634786655,0.280196634786655,0,0.0108303249097473
"national","1","medical_deductions > 136 & rawben_rel_max > 0.623 & unearned_by_hh_size > 192 & utilities_sua <= 0.5",114,114,43,1,0,2,13,0.0087719298245614,0,FALSE,0.37719298245614,0.380530973451327,0.279438652170367,0.282064698031389,0.0175438596491228,0.114035087719298
"national","4+","earned_by_hh_size >= 716 & gross_by_hh_size >= 548 & rawben_rel_max >= 0.566 & total_deductions_by_hh_size >= 248",99,99,38,0,0,0,0,0,0,FALSE,0.383838383838384,0.383838383838384,0.278991009870311,0.278991009870311,0,0
"national","2-3","gross_by_hh_size >= 195 & total_deductions_by_hh_size >= 634 & unc_rawben_rel_max < 1.31 & unearned_by_hh_size >= 19.3",958,958,297,0,0,0,69,0,0,FALSE,0.310020876826722,0.310020876826722,0.276412217681612,0.276412217681612,0,0.0720250521920668
"national","4+","gross_by_hh_size >= 312 & months_since_cert_n >= 3 & rawben_rel_max >= 0.942 & unc_rawben_rel_max < 1.07",91,91,35,0,0,0,7,0,0,FALSE,0.384615384615385,0.384615384615385,0.275660351721574,0.275660351721574,0,0.0769230769230769
"national","4+","gross_by_hh_size > 108 & HH_size_n > 5.5 & total_deductions_by_hh_size > 62.2 & unearned_by_hh_size > 157",625,625,198,0,0,0,4,0,0,FALSE,0.3168,0.3168,0.27524484055318,0.27524484055318,0,0.0064
"national","1","medical_deductions >= 3 & rawben_rel_max >= 0.331 & unearned_by_hh_size >= 1160 & utilities_sua < 2",148,148,53,0,0,0,2,0,0,FALSE,0.358108108108108,0.358108108108108,0.272936323808355,0.272936323808355,0,0.0135135135135135
"national","2-3","earned_by_hh_size >= 11 & earned_by_hh_size < 786 & months_since_cert_n >= 10 & unearned_by_hh_size >= 78.3",321,321,106,1,0,1,21,0.00311526479750779,0,FALSE,0.330218068535826,0.33125,0.272419533349836,0.27330266866301,0.00311526479750779,0.0654205607476635
"national","4+","gross_by_hh_size >= 567 & gross_by_hh_size < 603 & unc_rawben_rel_max >= 0.611 & unearned_by_hh_size < 58.8",155,155,55,0,0,0,0,0,0,FALSE,0.354838709677419,0.354838709677419,0.27172784752588,0.27172784752588,0,0
"national","1","gross_by_hh_size < 845 & shelter_expenses_by_hh_size >= 1340 & unc_rawben_rel_max < 1.36",168,168,59,77,47,77,93,0.458333333333333,0.796610169491525,TRUE,0.351190476190476,0.131868131868132,0.271390997428319,0.069755817481074,0.458333333333333,0.553571428571429
"national","2-3","gross_by_hh_size >= 1070 & rawben_rel_max >= 0.132 & unearned_by_hh_size >= 0.5",732,732,226,0,0,0,3,0,0,FALSE,0.308743169398907,0.308743169398907,0.270550841676308,0.270550841676308,0,0.00409836065573771
"national","2-3","bbce_state_i >= 1 & shelter_expenses_by_hh_size > 325 & total_deductions_by_hh_size > 709 & unc_rawben_rel_max <= 1.2",947,947,288,0,0,0,23,0,0,FALSE,0.304118268215417,0.304118268215417,0.270540527495731,0.270540527495731,0,0.0242872228088701
"national","4+","earned_by_hh_size >= 544 & expedited_i <= 0 & HH_size_n >= 5 & total_deductions_by_hh_size >= 351",205,205,70,0,0,0,0,0,0,FALSE,0.341463414634146,0.341463414634146,0.269391343164455,0.269391343164455,0,0
"national","4+","earned_by_hh_size >= 36 & months_since_cert_n < 8 & unc_rawben_rel_max >= 0.494 & unearned_by_hh_size >= 249",203,203,74,0,0,0,3,0,0,FALSE,0.364532019704433,0.364532019704433,0.290422065116798,0.290422065116798,0,0.0147783251231527
"national","4+","earned_by_hh_size >= 266 & earned_by_hh_size < 355 & months_since_cert_n >= 5 & unc_rawben_rel_max >= 0.516",392,392,131,0,0,0,4,0,0,FALSE,0.334183673469388,0.334183673469388,0.28135712941538,0.28135712941538,0,0.0102040816326531
"national","4+","gross_by_hh_size >= 150 & HH_size_n >= 6 & married <= 0 & rawben_rel_max < 0.578",443,443,143,0,0,0,0,0,0,FALSE,0.322799097065463,0.322799097065463,0.273535953764197,0.273535953764197,0,0
"national","4+","earned_by_hh_size > 87.4 & married >= 1 & months_since_cert_n > 4.5 & rawben_rel_max > 0.485",1013,1013,310,15,10,18,43,0.0148075024679171,0.032258064516129,FALSE,0.306021717670286,0.30060120240481,0.27344739348081,0.267990330476228,0.0177690029615005,0.0424481737413623
"national","4+","earned_by_hh_size >= 458 & total_deductions_by_hh_size >= 338 & unearned_by_hh_size >= 58.8",216,216,74,0,0,0,0,0,0,FALSE,0.342592592592593,0.342592592592593,0.272154108685045,0.272154108685045,0,0
"national","4+","earned_by_hh_size >= 294 & earned_by_hh_size < 353 & gross_by_hh_size >= 110 & rawben_rel_max >= 0.475",655,655,203,0,0,0,12,0,0,FALSE,0.309923664122137,0.309923664122137,0.269593846357712,0.269593846357712,0,0.0183206106870229
"national","4+","earned_by_hh_size >= 386 & HH_size_n >= 6 & total_deductions_by_hh_size >= 288",164,164,57,0,0,0,0,0,0,FALSE,0.347560975609756,0.347560975609756,0.267190956120909,0.267190956120909,0,0
"national","2-3","earned_by_hh_size < 72.7 & total_deductions_by_hh_size >= 569 & unc_rawben_rel_max < 1.03",643,643,195,0,0,0,3,0,0,FALSE,0.303265940902022,0.303265940902022,0.262886921077884,0.262886921077884,0,0.0046656298600311
"national","2-3","gross_by_hh_size >= 842 & shelter_expenses_by_hh_size >= 460 & unc_rawben_rel_max >= 0.731",302,302,97,0,0,0,7,0,0,FALSE,0.321192052980132,0.321192052980132,0.2623140879197,0.2623140879197,0,0.0231788079470199
"national","2-3","expedited_i <= 0 & gross_by_hh_size > 214 & unc_rawben_rel_max > 0.404 & unearned_by_hh_size > 997",229,229,75,0,0,0,1,0,0,FALSE,0.327510917030568,0.327510917030568,0.260083041350997,0.260083041350997,0,0.00436681222707424
"national","1","gross_by_hh_size >= 1140 & rawben_rel_max >= 0.331 & unc_rawben_rel_max < 1.1 & utilities_sua < 2",679,679,203,0,0,0,9,0,0,FALSE,0.298969072164948,0.298969072164948,0.259823582616812,0.259823582616812,0,0.0132547864506627
"national","4+","gross_by_hh_size > 212 & shelter_expenses_by_hh_size > 216 & total_deductions_by_hh_size <= 267 & utilities_sua <= 1.5",302,302,96,0,0,0,1,0,0,FALSE,0.317880794701987,0.317880794701987,0.259227904092164,0.259227904092164,0,0.0033112582781457
"national","2-3","earned_by_hh_size > 123 & shelter_expenses_by_hh_size > 932 & unearned_by_hh_size > 138",186,186,62,0,0,0,20,0,0,FALSE,0.333333333333333,0.333333333333333,0.258650403648046,0.258650403648046,0,0.10752688172043
"national","1","rawben_rel_max >= 0.272 & total_deductions_by_hh_size >= 1390 & unc_rawben_rel_max < 1.04",867,867,254,0,0,0,50,0,0,FALSE,0.292964244521338,0.292964244521338,0.258384423003634,0.258384423003634,0,0.0576701268742791
"national","1","earned_by_hh_size >= 132 & unc_rawben_rel_max >= 1.3 & unc_rawben_rel_max < 1.44",690,690,205,185,107,192,360,0.268115942028986,0.521951219512195,TRUE,0.297101449275362,0.194059405940594,0.258341411281123,0.156457039434516,0.278260869565217,0.521739130434783
"national","4+","bbce_state_i >= 1 & HH_size_n > 4.5 & married >= 1 & months_since_cert_n > 5.5",903,903,263,2,2,4,24,0.00221483942414175,0.00760456273764259,FALSE,0.29125138427464,0.289678135405105,0.257409628568858,0.255865509040651,0.0044296788482835,0.026578073089701
"national","4+","shelter_expenses_by_hh_size >= 136 & shelter_expenses_by_hh_size < 243 & total_deductions_by_hh_size >= 268",160,160,54,0,0,0,15,0,0,FALSE,0.3375,0.3375,0.257131924842554,0.257131924842554,0,0.09375
"national","4+","rawben_rel_max < 0.39 & unc_rawben_rel_max >= 0.372 & unearned_by_hh_size < 123",167,167,56,0,0,0,0,0,0,FALSE,0.335329341317365,0.335329341317365,0.256706279434617,0.256706279434617,0,0
"national","4+","earned_by_hh_size >= 587 & rawben_rel_max >= 0.176 & unearned_by_hh_size >= 121",191,191,63,0,0,0,0,0,0,FALSE,0.329842931937173,0.329842931937173,0.256357980976891,0.256357980976891,0,0
"national","1","bbce_state_i >= 1 & rawben_rel_max < 0.0819 & shelter_expenses_by_hh_size < 1230 & unc_rawben_rel_max >= 0.076",448,448,136,0,0,0,0,0,0,FALSE,0.303571428571429,0.303571428571429,0.255634151707312,0.255634151707312,0,0
"national","4+","expedited_i >= 1 & gross_by_hh_size < 582 & rawben_rel_max < 0.987",388,388,119,0,0,0,2,0,0,FALSE,0.306701030927835,0.306701030927835,0.255218002536649,0.255218002536649,0,0.00515463917525773
"national","4+","earned_by_hh_size < 395 & gross_by_hh_size >= 376 & months_since_cert_n >= 4 & shelter_expenses_by_hh_size >= 128",1045,1045,299,0,0,0,6,0,0,FALSE,0.286124401913876,0.286124401913876,0.254771918300384,0.254771918300384,0,0.00574162679425837
"national","2-3","earned_by_hh_size > 306 & earned_by_hh_size <= 382 & HH_size_n <= 2.5 & medical_deductions <= 67",457,457,138,105,63,105,155,0.229759299781182,0.456521739130435,TRUE,0.301969365426696,0.213068181818182,0.254571426563317,0.16684518760875,0.229759299781182,0.339168490153173
"national","1","earned_by_hh_size < 1260 & gross_by_hh_size >= 1450 & rawben_rel_max >= 0.776 & shelter_expenses_by_hh_size < 1540",112,112,39,0,0,0,5,0,0,FALSE,0.348214285714286,0.348214285714286,0.252703424956456,0.252703424956456,0,0.0446428571428571
"national","4+","earned_by_hh_size < 627 & shelter_expenses_by_hh_size >= 502 & total_deductions_by_hh_size >= 301 & total_deductions_by_hh_size < 379",194,194,63,0,0,0,2,0,0,FALSE,0.324742268041237,0.324742268041237,0.252217842447917,0.252217842447917,0,0.0103092783505155
"national","2-3","rawben_rel_max >= 0.878 & rawben_rel_max < 0.905 & shelter_expenses_by_hh_size >= 700 & unc_rawben_rel_max >= 0.85",90,90,32,0,0,0,0,0,0,FALSE,0.355555555555556,0.355555555555556,0.249464568282194,0.249464568282194,0,0
"national","4+","months_since_cert_n >= 3 & shelter_expenses_by_hh_size >= 68.4 & unearned_by_hh_size >= 189 & utilities_sua < 2",242,242,76,0,0,0,1,0,0,FALSE,0.31404958677686,0.31404958677686,0.249360425393286,0.249360425393286,0,0.00413223140495868
"national","4+","count_divisible_by_100 > 1.5 & HH_size_n <= 4.5 & shelter_expenses_by_hh_size <= 312",36,36,15,0,0,0,5,0,0,FALSE,0.416666666666667,0.416666666666667,0.249021626896194,0.249021626896194,0,0.138888888888889
"national","1","earned_by_hh_size > 259 & gross_by_hh_size > 702 & total_deductions_by_hh_size > 1070 & unc_rawben_rel_max > 1.36",134,134,45,0,0,0,54,0,0,FALSE,0.335820895522388,0.335820895522388,0.248936832298122,0.248936832298122,0,0.402985074626866
"national","1","earned_by_hh_size >= 132 & months_since_cert_n >= 5 & unc_rawben_rel_max >= 1.32",564,564,164,108,70,115,233,0.191489361702128,0.426829268292683,TRUE,0.290780141843972,0.206140350877193,0.248457479969094,0.165646127372532,0.203900709219858,0.413120567375887
"national","4+","earned_by_hh_size >= 467 & rawben_rel_max >= 0.776 & shelter_expenses_by_hh_size >= 344 & unearned_by_hh_size < 0.2",115,115,39,0,0,0,0,0,0,FALSE,0.339130434782609,0.339130434782609,0.245748223341716,0.245748223341716,0,0
"national","4+","bbce_state_i >= 1 & earned_by_hh_size > 144 & expedited_i >= 1",289,289,88,11,5,11,17,0.0380622837370242,0.0568181818181818,FALSE,0.304498269896194,0.298561151079137,0.24560335347571,0.239061185362104,0.0380622837370242,0.0588235294117647
"national","4+","rawben_rel_max >= 0.447 & rawben_rel_max < 0.696 & total_deductions_by_hh_size >= 401",203,203,64,0,0,0,0,0,0,FALSE,0.315270935960591,0.315270935960591,0.245052723481601,0.245052723481601,0,0
"national","2-3","gross_by_hh_size >= 637 & rawben_rel_max >= 0.474 & unearned_by_hh_size >= 12.7 & unearned_by_hh_size < 682",1025,1025,283,0,0,0,20,0,0,FALSE,0.27609756097561,0.27609756097561,0.244857012653238,0.244857012653238,0,0.0195121951219512
"national","2-3","bbce_state_i >= 1 & expedited_i >= 1 & HH_size_n <= 2.5 & unc_rawben_rel_max <= 0.804",280,280,85,0,0,0,6,0,0,FALSE,0.303571428571429,0.303571428571429,0.24387972357449,0.24387972357449,0,0.0214285714285714
"national","1","married <= 0 & rawben_rel_max > 0.997 & unc_rawben_rel_max <= 1.02 & utilities_sua <= 0.5",504,504,145,156,31,157,258,0.30952380952381,0.213793103448276,TRUE,0.287698412698413,0.327586206896552,0.243246065467012,0.272095774689022,0.311507936507937,0.511904761904762
"national","2-3","children_i <= 0 & count_divisible_by_100 > 0.5 & unc_rawben_rel_max > 0.402 & unc_rawben_rel_max <= 0.901",127,127,42,0,0,0,0,0,0,FALSE,0.330708661417323,0.330708661417323,0.2422749361034,0.2422749361034,0,0
"national","4+","earned_by_hh_size >= 392 & gross_by_hh_size >= 557 & gross_by_hh_size < 582 & months_since_cert_n >= 4",173,173,55,0,0,0,1,0,0,FALSE,0.317919075144509,0.317919075144509,0.24216126746571,0.24216126746571,0,0.00578034682080925
"national","2-3","count_divisible_by_100 > 0.5 & earned_by_hh_size <= 1790 & shelter_expenses_by_hh_size > 1010 & utilities_sua > 0.5",96,96,33,1,1,1,10,0.0104166666666667,0.0303030303030303,FALSE,0.34375,0.336842105263158,0.24206516758005,0.235572654852497,0.0104166666666667,0.104166666666667
"national","1","gross_by_hh_size > 694 & homeless >= 1 & shelter_expenses_by_hh_size > 659 & unc_rawben_rel_max <= 1.11",257,257,78,1,0,6,12,0.00389105058365759,0,FALSE,0.303501945525292,0.3046875,0.241411437274891,0.242390091346009,0.0233463035019455,0.0466926070038911
"national","1","gross_by_hh_size > 1520 & percent_abawd > 0.5 & rawben_rel_max > 0.312 & rawben_rel_max <= 0.997",132,132,43,0,0,0,3,0,0,FALSE,0.325757575757576,0.325757575757576,0.239371231536275,0.239371231536275,0,0.0227272727272727
"national","4+","earned_by_hh_size >= 76.7 & rawben_rel_max >= 0.734 & unc_rawben_rel_max < 0.765",368,368,107,0,0,0,0,0,0,FALSE,0.290760869565217,0.290760869565217,0.239047074159802,0.239047074159802,0,0
"national","1","elderly_disabled_i <= 0 & gross_by_hh_size > 158 & shelter_expenses_by_hh_size > 1770 & unc_rawben_rel_max <= 1.37",370,370,107,65,43,65,87,0.175675675675676,0.401869158878505,TRUE,0.289189189189189,0.20983606557377,0.237714303488112,0.160898432186353,0.175675675675676,0.235135135135135
"national","4+","earned_by_hh_size < 362 & gross_by_hh_size >= 487 & shelter_expenses_by_hh_size >= 332 & unearned_by_hh_size < 630",301,301,88,0,0,0,2,0,0,FALSE,0.292358803986711,0.292358803986711,0.235474265083641,0.235474265083641,0,0.00664451827242525
"national","2-3","gross_by_hh_size >= 594 & shelter_expenses_by_hh_size < 538 & total_deductions_by_hh_size >= 490",416,416,118,0,0,0,5,0,0,FALSE,0.283653846153846,0.283653846153846,0.235280399706477,0.235280399706477,0,0.0120192307692308
"national","4+","earned_by_hh_size >= 372 & percent_abawd < 0.0769 & rawben_rel_max >= 0.661 & unc_rawben_rel_max < 0.692",264,264,78,0,0,0,0,0,0,FALSE,0.295454545454545,0.295454545454545,0.234776804500726,0.234776804500726,0,0
"national","1","gross_by_hh_size >= 1350 & rawben_rel_max >= 0.616 & shelter_expenses_by_hh_size < 1300 & unearned_by_hh_size >= 1410",131,131,42,0,0,0,4,0,0,FALSE,0.320610687022901,0.320610687022901,0.234506853824087,0.234506853824087,0,0.0305343511450382
"national","2-3","gross_by_hh_size >= 369 & percent_abawd >= 0.667 & unearned_by_hh_size >= 0.5 & unearned_by_hh_size < 965",61,61,22,0,0,0,2,0,0,FALSE,0.360655737704918,0.360655737704918,0.234479972135485,0.234479972135485,0,0.0327868852459016
"national","1","earned_by_hh_size >= 1500 & gross_by_hh_size >= 1550 & rawben_rel_max >= 0.46 & total_deductions_by_hh_size < 1280",106,106,35,0,0,0,2,0,0,FALSE,0.330188679245283,0.330188679245283,0.234472928846558,0.234472928846558,0,0.0188679245283019
"national","4+","children_i >= 1 & percent_abawd >= 0.125 & unc_rawben_rel_max < 1.06",652,652,178,1,0,1,6,0.00153374233128834,0,FALSE,0.273006134969325,0.273425499231951,0.234416028178936,0.234784713968995,0.00153374233128834,0.00920245398773006
"national","2-3","children_i <= 0 & earned_by_hh_size > 368 & percent_abawd > 0.167",435,435,122,14,9,14,19,0.032183908045977,0.0737704918032787,FALSE,0.280459770114943,0.268408551068884,0.233293556820153,0.221345869467999,0.032183908045977,0.0436781609195402
"national","2-3","gross_by_hh_size >= 534 & months_since_cert_n >= 7 & rawben_rel_max >= 0.5 & unearned_by_hh_size < 654",1289,1289,334,0,0,0,28,0,0,FALSE,0.25911559348332,0.25911559348332,0.231777852111692,0.231777852111692,0,0.021722265321955
"national","4+","gross_by_hh_size < 191 & unc_rawben_rel_max >= 1.07 & unc_rawben_rel_max < 1.11 & unearned_by_hh_size < 30.6",256,256,75,39,21,49,119,0.15234375,0.28,TRUE,0.29296875,0.248847926267281,0.231638091191716,0.187249602902339,0.19140625,0.46484375
"national","4+","earned_by_hh_size >= 610 & earned_by_hh_size < 633 & shelter_expenses_by_hh_size >= 262",162,162,50,0,0,0,0,0,0,FALSE,0.308641975308642,0.308641975308642,0.231554256817473,0.231554256817473,0,0
"national","2-3","gross_by_hh_size >= 1020 & medical_deductions < 170 & unc_rawben_rel_max >= 0.466",450,450,125,0,0,0,3,0,0,FALSE,0.277777777777778,0.277777777777778,0.231527045599673,0.231527045599673,0,0.00666666666666667
"national","4+","earned_by_hh_size > 36.1 & unc_rawben_rel_max <= 1.02 & unearned_by_hh_size > 83 & utilities_sua <= 0.5",140,140,44,0,0,0,0,0,0,FALSE,0.314285714285714,0.314285714285714,0.231383397073806,0.231383397073806,0,0
"national","2-3","gross_by_hh_size >= 552 & rawben_rel_max >= 0.845 & rawben_rel_max < 0.909",396,396,111,0,0,0,0,0,0,FALSE,0.28030303030303,0.28030303030303,0.231036151474122,0.231036151474122,0,0
"national","2-3","count_divisible_by_100 >= 1 & rawben_rel_max >= 0.148 & rawben_rel_max < 0.566 & unc_rawben_rel_max < 1.13",478,478,131,0,0,0,0,0,0,FALSE,0.274058577405858,0.274058577405858,0.229332377011329,0.229332377011329,0,0
"national","2-3","bbce_state_i >= 1 & HH_size_n > 2.5 & shelter_expenses_by_hh_size > 613 & unearned_by_hh_size > 66.8",558,558,151,12,6,12,34,0.021505376344086,0.0397350993377483,FALSE,0.270609318996416,0.265567765567766,0.229220376136506,0.224061769122111,0.021505376344086,0.0609318996415771
"national","4+","gross_by_hh_size >= 305 & months_since_cert_n < 17 & rawben_rel_max >= 0.755 & total_deductions_by_hh_size < 157",87,87,29,0,0,0,1,0,0,FALSE,0.333333333333333,0.333333333333333,0.228611818962778,0.228611818962778,0,0.0114942528735632
"national","4+","months_since_cert_n < 10 & total_deductions_by_hh_size >= 200 & total_deductions_by_hh_size < 215 & unearned_by_hh_size >= 206",164,164,50,0,0,0,0,0,0,FALSE,0.304878048780488,0.304878048780488,0.228605321847304,0.228605321847304,0,0
"national","4+","HH_size_n > 4.5 & medical_deductions <= 302 & shelter_expenses_by_hh_size > 181 & utilities_sua <= 1.5",292,292,83,2,1,2,6,0.00684931506849315,0.0120481927710843,FALSE,0.284246575342466,0.282758620689655,0.227208876684633,0.22566262629215,0.00684931506849315,0.0205479452054795
"national","4+","months_since_cert_n < 4 & total_deductions_by_hh_size >= 102 & unearned_by_hh_size >= 40 & unearned_by_hh_size < 49.2",84,84,28,0,0,0,6,0,0,FALSE,0.333333333333333,0.333333333333333,0.227020310788949,0.227020310788949,0,0.0714285714285714
"national","2-3","bbce_state_i >= 1 & expedited_i >= 1 & medical_deductions <= 160 & total_deductions_by_hh_size > 546",270,270,77,21,14,21,45,0.0777777777777778,0.181818181818182,FALSE,0.285185185185185,0.253012048192771,0.225982597586397,0.194650114934252,0.0777777777777778,0.166666666666667
"national","4+","earned_by_hh_size >= 45 & gross_by_hh_size >= 178 & gross_by_hh_size < 234 & unearned_by_hh_size >= 27.5",99,99,32,0,0,0,18,0,0,FALSE,0.323232323232323,0.323232323232323,0.225531622211028,0.225531622211028,0,0.181818181818182
"national","2-3","earned_by_hh_size >= 724 & earned_by_hh_size < 810 & married >= 1 & total_deductions_by_hh_size >= 283",110,110,35,0,0,0,2,0,0,FALSE,0.318181818181818,0.318181818181818,0.225499477127161,0.225499477127161,0,0.0181818181818182
"national","4+","count_divisible_by_100 >= 1 & married >= 1 & total_deductions_by_hh_size < 104",53,53,19,1,0,1,6,0.0188679245283019,0,FALSE,0.358490566037736,0.365384615384615,0.225060090450306,0.229703137175663,0.0188679245283019,0.113207547169811
"national","1","gross_by_hh_size >= 1350 & rawben_rel_max >= 0.316 & shelter_expenses_by_hh_size < 848",140,140,43,0,0,0,1,0,0,FALSE,0.307142857142857,0.307142857142857,0.225047209738444,0.225047209738444,0,0.00714285714285714
"national","2-3","earned_by_hh_size >= 68 & gross_by_hh_size < 456 & unearned_by_hh_size >= 39.5 & utilities_sua < 1",67,67,23,0,0,0,6,0,0,FALSE,0.343283582089552,0.343283582089552,0.22468064296214,0.22468064296214,0,0.0895522388059701
"national","4+","earned_by_hh_size > 44.8 & earned_by_hh_size <= 509 & rawben_rel_max <= 0.809 & utilities_sua <= 0.5",273,273,77,0,0,0,1,0,0,FALSE,0.282051282051282,0.282051282051282,0.223413441179585,0.223413441179585,0,0.00366300366300366
"national","2-3","earned_by_hh_size >= 126 & earned_by_hh_size < 243 & months_since_cert_n < 3 & total_deductions_by_hh_size < 295",149,149,45,0,0,0,22,0,0,FALSE,0.302013422818792,0.302013422818792,0.222728461693298,0.222728461693298,0,0.147651006711409
"national","2-3","earned_by_hh_size >= 729 & rawben_rel_max >= 0.417 & shelter_expenses_by_hh_size < 381",274,274,77,0,0,0,1,0,0,FALSE,0.281021897810219,0.281021897810219,0.222570027901792,0.222570027901792,0,0.00364963503649635
"national","4+","elderly_disabled_i <= 0 & months_since_cert_n >= 4 & rawben_rel_max < 0.501 & unc_rawben_rel_max >= 0.459",274,274,77,0,0,0,0,0,0,FALSE,0.281021897810219,0.281021897810219,0.222570027901792,0.222570027901792,0,0
"national","4+","elderly_disabled_i >= 1 & rawben_rel_max < 0.824 & unearned_by_hh_size >= 108 & unearned_by_hh_size < 175",176,176,52,0,0,0,0,0,0,FALSE,0.295454545454545,0.295454545454545,0.22252763227618,0.22252763227618,0,0
"national","2-3","months_since_cert_n > 5.5 & shelter_expenses_by_hh_size > 670 & unc_rawben_rel_max <= 1",1525,1525,377,0,0,0,11,0,0,FALSE,0.247213114754098,0.247213114754098,0.222441778928528,0.222441778928528,0,0.00721311475409836
"national","2-3","children_i >= 1 & months_since_cert_n > 5.5 & rawben_rel_max <= 0.984 & unearned_by_hh_size <= 456",2844,2844,683,1,1,1,13,0.000351617440225035,0.00146412884333821,FALSE,0.240154711673699,0.239887442842068,0.222027523703144,0.221764739559215,0.000351617440225035,0.00457102672292546
"national","4+","HH_size_n < 6 & months_since_cert_n >= 5 & rawben_rel_max >= 0.262 & unc_rawben_rel_max < 0.501",910,910,231,0,0,0,0,0,0,FALSE,0.253846153846154,0.253846153846154,0.221811260653118,0.221811260653118,0,0
"national","1","earned_by_hh_size >= 158 & earned_by_hh_size < 735 & months_since_cert_n >= 7 & unc_rawben_rel_max >= 1.03",554,554,145,121,60,126,241,0.21841155234657,0.413793103448276,TRUE,0.26173285198556,0.196304849884527,0.220746335711741,0.155769198906222,0.227436823104693,0.435018050541516
"national","2-3","gross_by_hh_size >= 495 & months_since_cert_n < 1 & shelter_expenses_by_hh_size < 342 & total_deductions_by_hh_size >= 330",54,54,19,0,0,0,1,0,0,FALSE,0.351851851851852,0.351851851851852,0.220602404801753,0.220602404801753,0,0.0185185185185185
"national","2-3","gross_by_hh_size < 518 & rawben_rel_max >= 0.69 & rawben_rel_max < 0.703",124,124,38,0,0,0,0,0,0,FALSE,0.306451612903226,0.306451612903226,0.219932917638321,0.219932917638321,0,0
"national","4+","shelter_expenses_by_hh_size < 77.6 & unearned_by_hh_size >= 73.2 & utilities_sua >= 2",202,202,58,0,0,0,3,0,0,FALSE,0.287128712871287,0.287128712871287,0.219400871931168,0.219400871931168,0,0.0148514851485149
"national","2-3","HH_size_n <= 2.5 & months_since_cert_n <= 8.5 & unearned_by_hh_size > 82.8 & unearned_by_hh_size <= 83.6",65,65,22,59,21,59,59,0.907692307692308,0.954545454545455,TRUE,0.338461538461538,0.166666666666667,0.21912125012389,0.0233293332479615,0.907692307692308,0.907692307692308
"national","2-3","earned_by_hh_size <= 108 & rawben_rel_max <= 0.882 & total_deductions_by_hh_size > 481",846,846,212,0,0,0,1,0,0,FALSE,0.250591016548463,0.250591016548463,0.217594763688022,0.217594763688022,0,0.00118203309692671
"national","2-3","shelter_expenses_by_hh_size >= 671 & shelter_expenses_by_hh_size < 675",95,95,30,1,1,1,7,0.0105263157894737,0.0333333333333333,FALSE,0.315789473684211,0.308510638297872,0.217361250950391,0.210678247297493,0.0105263157894737,0.0736842105263158
"national","1","medical_deductions >= 125 & rawben_rel_max >= 0.278 & shelter_expenses_by_hh_size < 1370 & unc_rawben_rel_max < 1.02",1804,1804,432,3,0,13,25,0.0016629711751663,0,FALSE,0.239467849223947,0.239866740699611,0.216898013710436,0.217264336521829,0.00720620842572062,0.0138580931263858
"national","1","earned_by_hh_size > 380 & months_since_cert_n > 4.5 & rawben_rel_max > 0.992 & utilities_sua <= 0.5",55,55,19,6,2,6,24,0.109090909090909,0.105263157894737,FALSE,0.345454545454545,0.346938775510204,0.216319108447406,0.211291533175782,0.109090909090909,0.436363636363636
"national","4+","earned_by_hh_size < 682 & unc_rawben_rel_max < 0.471 & unearned_by_hh_size < 182 & utilities_sua < 2",130,130,39,0,0,0,0,0,0,FALSE,0.3,0.3,0.216043450210826,0.216043450210826,0,0
"national","2-3","gross_by_hh_size >= 306 & months_since_cert_n >= 10 & months_since_cert_n < 29 & unearned_by_hh_size < 488",1334,1334,322,24,14,24,73,0.0179910044977511,0.0434782608695652,FALSE,0.241379310344828,0.235114503816794,0.215207260229354,0.208985413156763,0.0179910044977511,0.0547226386806597
"national","1","earned_by_hh_size >= 328 & shelter_expenses_by_hh_size < 586 & unc_rawben_rel_max >= 1.25",119,119,36,0,0,0,69,0,0,FALSE,0.302521008403361,0.302521008403361,0.214933616684526,0.214933616684526,0,0.579831932773109
"national","1","earned_by_hh_size > 164 & elderly_disabled_i <= 0 & unearned_by_hh_size > 226",198,198,56,0,0,0,33,0,0,FALSE,0.282828282828283,0.282828282828283,0.214927049778615,0.214927049778615,0,0.166666666666667
"national","4+","gross_by_hh_size >= 250 & percent_abawd < 0.429 & shelter_expenses_by_hh_size >= 140 & shelter_expenses_by_hh_size < 147",123,123,37,0,0,0,0,0,0,FALSE,0.300813008130081,0.300813008130081,0.214696155270114,0.214696155270114,0,0
"national","4+","months_since_cert_n < 1 & shelter_expenses_by_hh_size >= 158 & total_deductions_by_hh_size >= 116 & total_deductions_by_hh_size < 150",59,59,20,0,0,0,0,0,0,FALSE,0.338983050847458,0.338983050847458,0.214651375390964,0.214651375390964,0,0
"national","4+","earned_by_hh_size < 291 & total_deductions_by_hh_size >= 206 & total_deductions_by_hh_size < 209",63,63,21,0,0,0,3,0,0,FALSE,0.333333333333333,0.333333333333333,0.213291382652198,0.213291382652198,0,0.0476190476190476
"national","4+","rawben_rel_max >= 0.489 & unc_rawben_rel_max >= 0.508 & unc_rawben_rel_max < 0.524",261,261,71,0,0,0,0,0,0,FALSE,0.272030651340996,0.272030651340996,0.213075377964694,0.213075377964694,0,0
"national","4+","gross_by_hh_size >= 286 & gross_by_hh_size < 487 & total_deductions_by_hh_size >= 91.5 & unc_rawben_rel_max >= 0.988",97,97,30,0,0,0,17,0,0,FALSE,0.309278350515464,0.309278350515464,0.21264315099933,0.21264315099933,0,0.175257731958763
"national","1","elderly_disabled_i <= 0 & shelter_expenses_by_hh_size < 518 & total_deductions_by_hh_size < 1240 & unearned_by_hh_size >= 539",266,266,72,0,0,2,3,0,0,FALSE,0.270676691729323,0.270676691729323,0.212350693371007,0.212350693371007,0.0075187969924812,0.0112781954887218
"national","1","earned_by_hh_size < 1160 & elderly_disabled_i <= 0 & months_since_cert_n >= 4 & unc_rawben_rel_max < 0.893",809,809,198,1,0,4,15,0.00123609394313968,0,FALSE,0.244746600741656,0.245049504950495,0.211358979167939,0.211625803696586,0.00494437577255871,0.0185414091470952
"national","2-3","children_i <= 0 & earned_by_hh_size >= 559 & earned_by_hh_size < 630 & shelter_expenses_by_hh_size >= 546",49,49,17,0,0,0,2,0,0,FALSE,0.346938775510204,0.346938775510204,0.211291533175782,0.211291533175782,0,0.0408163265306122
"national","4+","count_divisible_by_100 >= 1 & months_since_cert_n >= 1 & shelter_expenses_by_hh_size >= 77 & total_deductions_by_hh_size < 130",173,173,49,0,0,0,4,0,0,FALSE,0.283236994219653,0.283236994219653,0.211072874929207,0.211072874929207,0,0.023121387283237
"national","4+","bbce_state_i >= 1 & expedited_i <= 0 & rawben_rel_max > 0.97 & rawben_rel_max <= 0.975",60,60,20,0,0,0,1,0,0,FALSE,0.333333333333333,0.333333333333333,0.210844495529155,0.210844495529155,0,0.0166666666666667
"national","1","elderly_disabled_i <= 0 & married <= 0 & months_since_cert_n > 4.5 & rawben_rel_max <= 0.819",1163,1163,277,1,0,4,38,0.000859845227858985,0,FALSE,0.238177128116939,0.238382099827883,0.210378094081566,0.210562184845962,0.00343938091143594,0.0326741186586414
"national","4+","gross_by_hh_size >= 600 & months_since_cert_n < 14 & unearned_by_hh_size >= 578 & unearned_by_hh_size < 630",79,79,25,0,0,0,0,0,0,FALSE,0.316455696202532,0.316455696202532,0.209886196279284,0.209886196279284,0,0
"national","2-3","earned_by_hh_size > 85.2 & elderly_disabled_i >= 1 & rawben_rel_max > 0.984",130,130,38,1,1,1,45,0.00769230769230769,0.0263157894736842,FALSE,0.292307692307692,0.286821705426357,0.209314982196429,0.204257775596378,0.00769230769230769,0.346153846153846
"national","1","bbce_state_i >= 1 & earned_by_hh_size > 480 & expedited_i >= 1",586,586,145,45,23,50,120,0.0767918088737201,0.158620689655172,FALSE,0.247440273037543,0.22550831792976,0.208412628027318,0.186552163643074,0.0853242320819113,0.204778156996587
"national","1","bbce_state_i >= 1 & children_i <= 0 & earned_by_hh_size > 374 & expedited_i >= 1",639,639,157,44,23,49,136,0.0688575899843505,0.146496815286624,FALSE,0.245696400625978,0.225210084033613,0.208327900264816,0.187956381364638,0.0766823161189358,0.21283255086072
"national","4+","earned_by_hh_size <= 42.6 & gross_by_hh_size > 152 & shelter_expenses_by_hh_size > 61.1 & shelter_expenses_by_hh_size <= 95.9",246,246,66,0,0,0,0,0,0,FALSE,0.268292682926829,0.268292682926829,0.208091273973914,0.208091273973914,0,0
"national","4+","gross_by_hh_size >= 528 & gross_by_hh_size < 542 & rawben_rel_max < 0.683 & total_deductions_by_hh_size < 220",139,139,40,0,0,0,0,0,0,FALSE,0.287769784172662,0.287769784172662,0.207732804828273,0.207732804828273,0,0
"national","2-3","total_deductions_by_hh_size >= 225 & unc_rawben_rel_max < 1.36 & unearned_by_hh_size >= 64.3 & utilities_sua < 1",367,367,94,5,4,5,28,0.0136239782016349,0.0425531914893617,FALSE,0.256130790190736,0.248618784530387,0.206943318786259,0.199741741554948,0.0136239782016349,0.0762942779291553
"national","2-3","total_deductions_by_hh_size >= 1110 & unearned_by_hh_size >= 936",30,30,19,0,0,0,1,0,0,FALSE,0.633333333333333,0.633333333333333,0.423499561854325,0.423499561854325,0,0.0333333333333333
"national","2-3","medical_deductions >= 329 & unc_rawben_rel_max >= 0.746",38,38,23,0,0,0,1,0,0,FALSE,0.605263157894737,0.605263157894737,0.419086398104475,0.419086398104475,0,0.0263157894736842
"national","1","earned_by_hh_size >= 560 & expedited_i >= 1 & rawben_rel_max >= 0.324 & unc_rawben_rel_max >= 1.41",46,46,24,0,0,4,26,0,0,FALSE,0.521739130434783,0.521739130434783,0.357387142338073,0.357387142338073,0.0869565217391304,0.565217391304348
"national","1","earned_by_hh_size >= 701 & gross_by_hh_size < 1210 & unc_rawben_rel_max >= 1.34",151,151,67,52,28,52,97,0.344370860927152,0.417910447761194,TRUE,0.443708609271523,0.393939393939394,0.353234125844105,0.288072340252683,0.344370860927152,0.642384105960265
"national","2-3","married >= 1 & rawben_rel_max > 0.996 & unc_rawben_rel_max <= 1",62,62,30,0,0,0,0,0,0,FALSE,0.483870967741935,0.483870967741935,0.343583239805001,0.343583239805001,0,0
"national","1","children_i <= 0 & earned_by_hh_size > 285 & gross_by_hh_size <= 702 & total_deductions_by_hh_size > 1090",169,169,72,108,63,108,126,0.63905325443787,0.875,TRUE,0.42603550295858,0.147540983606557,0.341205523982174,0.0710367343900311,0.63905325443787,0.745562130177515
"national","4+","rawben_rel_max >= 0.116 & total_deductions_by_hh_size >= 150 & unc_rawben_rel_max >= 1.08 & unc_rawben_rel_max < 1.09",175,175,74,79,45,84,117,0.451428571428571,0.608108108108108,TRUE,0.422857142857143,0.302083333333333,0.339589766581478,0.206062261826153,0.48,0.668571428571429
"national","1","earned_by_hh_size >= 843 & shelter_expenses_by_hh_size < 1800 & unc_rawben_rel_max >= 1.44",42,42,21,0,0,0,22,0,0,FALSE,0.5,0.5,0.331094623915598,0.331094623915598,0,0.523809523809524
"national","4+","months_since_cert_n > 10.5 & shelter_expenses_by_hh_size > 295 & total_deductions_by_hh_size > 324",106,106,46,0,0,0,2,0,0,FALSE,0.433962264150943,0.433962264150943,0.327903712314121,0.327903712314121,0,0.0188679245283019
"national","2-3","medical_deductions <= 472 & rawben_rel_max > 0.988 & total_deductions_by_hh_size > 541 & unc_rawben_rel_max <= 1",99,99,43,0,0,0,2,0,0,FALSE,0.434343434343434,0.434343434343434,0.324862610205928,0.324862610205928,0,0.0202020202020202
"national","2-3","medical_deductions < 175 & total_deductions_by_hh_size >= 691 & unearned_by_hh_size >= 955",119,119,50,0,0,0,2,0,0,FALSE,0.420168067226891,0.420168067226891,0.320650697049336,0.320650697049336,0,0.0168067226890756
"national","2-3","children_i <= 0 & earned_by_hh_size >= 995 & total_deductions_by_hh_size >= 670 & unearned_by_hh_size >= 3.5",34,34,17,0,0,0,3,0,0,FALSE,0.5,0.5,0.314742850860419,0.314742850860419,0,0.0882352941176471
"national","2-3","months_since_cert_n < 7 & shelter_expenses_by_hh_size >= 1080 & unc_rawben_rel_max < 1.1 & unearned_by_hh_size >= 818",94,94,40,0,0,0,1,0,0,FALSE,0.425531914893617,0.425531914893617,0.314170072835526,0.314170072835526,0,0.0106382978723404
"national","2-3","earned_by_hh_size <= 108 & rawben_rel_max <= 0.882 & total_deductions_by_hh_size > 481 & utilities_sua <= 1.5",39,39,18,0,0,0,0,0,0,FALSE,0.461538461538462,0.461538461538462,0.292160949358912,0.292160949358912,0,0
"national","2-3","months_since_cert_n < 3 & shelter_expenses_by_hh_size >= 1020 & unearned_by_hh_size >= 318",116,116,45,1,1,1,7,0.00862068965517241,0.0222222222222222,FALSE,0.387931034482759,0.382608695652174,0.289940827749613,0.284725049832057,0.00862068965517241,0.0603448275862069
"national","2-3","rawben_rel_max > 0.996 & shelter_expenses_by_hh_size <= 926 & unc_rawben_rel_max <= 1 & unearned_by_hh_size > 493",56,56,36,0,0,0,0,0,0,FALSE,0.642857142857143,0.642857142857143,0.487493356310207,0.487493356310207,0,0
"national","1","total_deductions_by_hh_size < 938 & unc_rawben_rel_max >= 0.986 & unc_rawben_rel_max < 1.03 & unearned_by_hh_size >= 393",635,635,285,5,1,21,322,0.0078740157480315,0.00350877192982456,FALSE,0.448818897637795,0.450793650793651,0.403533757283371,0.405297332703084,0.0330708661417323,0.507086614173228
"national","4+","bbce_state_i >= 1 & HH_size_n >= 5 & shelter_expenses_by_hh_size < 346 & total_deductions_by_hh_size >= 338",73,73,36,0,0,0,5,0,0,FALSE,0.493150684931507,0.493150684931507,0.362295903750815,0.362295903750815,0,0.0684931506849315
"national","1","earned_by_hh_size >= 527 & gross_by_hh_size >= 693 & unc_rawben_rel_max >= 1.34",263,263,112,112,64,112,174,0.425855513307985,0.571428571428571,TRUE,0.425855513307985,0.317880794701987,0.357131731432252,0.237347259289925,0.425855513307985,0.661596958174905
"national","1","earned_by_hh_size > 350 & unc_rawben_rel_max > 1.29 & utilities_sua <= 0.5",71,71,32,10,5,10,45,0.140845070422535,0.15625,FALSE,0.450704225352113,0.442622950819672,0.321750231531668,0.305450523437763,0.140845070422535,0.633802816901408
"national","1","elderly_disabled_i <= 0 & gross_by_hh_size > 480 & total_deductions_by_hh_size > 1070 & unc_rawben_rel_max > 1.34",269,269,103,112,64,112,175,0.41635687732342,0.621359223300971,TRUE,0.382899628252788,0.248407643312102,0.316915062146544,0.177481087495759,0.41635687732342,0.650557620817844
"national","4+","expedited_i <= 0 & HH_size_n > 5.5 & total_deductions_by_hh_size > 305",136,136,55,0,0,0,5,0,0,FALSE,0.404411764705882,0.404411764705882,0.312003049476561,0.312003049476561,0,0.0367647058823529
"national","2-3","gross_by_hh_size > 1060 & rawben_rel_max > 0.572 & unc_rawben_rel_max > 0.131",188,188,73,0,0,0,2,0,0,FALSE,0.388297872340426,0.388297872340426,0.30985048748163,0.30985048748163,0,0.0106382978723404
"national","2-3","shelter_expenses_by_hh_size < 427 & total_deductions_by_hh_size >= 691 & unc_rawben_rel_max < 1.28",55,55,25,0,0,0,5,0,0,FALSE,0.454545454545455,0.454545454545455,0.309548374132073,0.309548374132073,0,0.0909090909090909
"national","1","earned_by_hh_size > 410 & earned_by_hh_size <= 702 & months_since_cert_n > 4.5 & total_deductions_by_hh_size > 1080",230,230,106,108,70,109,145,0.469565217391304,0.660377358490566,TRUE,0.460869565217391,0.295081967213115,0.386196390348228,0.209398780717182,0.473913043478261,0.630434782608696
"national","4+","count_divisible_by_100 > 1.5 & elderly_disabled_i <= 0 & months_since_cert_n > 5.5 & utilities_sua > 0.5",45,45,21,1,0,1,4,0.0222222222222222,0,FALSE,0.466666666666667,0.477272727272727,0.306767055021135,0.31446193142784,0.0222222222222222,0.0888888888888889
"national","2-3","count_divisible_by_100 < 1 & gross_by_hh_size >= 360 & unc_rawben_rel_max >= 1.16 & unc_rawben_rel_max < 1.38",339,339,122,66,39,66,178,0.194690265486726,0.319672131147541,TRUE,0.359882005899705,0.304029304029304,0.301886451310652,0.243600616533109,0.194690265486726,0.525073746312684
"national","2-3","elderly_disabled_i >= 1 & gross_by_hh_size > 198 & rawben_rel_max > 0.155 & unearned_by_hh_size > 1110",265,265,96,0,0,0,0,0,0,FALSE,0.362264150943396,0.362264150943396,0.296976260539969,0.296976260539969,0,0
"national","4+","earned_by_hh_size >= 59.6 & earned_by_hh_size < 752 & gross_by_hh_size < 354 & rawben_rel_max < 0.728",86,86,35,0,0,0,0,0,0,FALSE,0.406976744186047,0.406976744186047,0.292837865874024,0.292837865874024,0,0
"national","1","count_divisible_by_100 <= 0.5 & earned_by_hh_size > 252 & months_since_cert_n > 5.5 & unc_rawben_rel_max > 1.34",316,316,111,53,37,59,146,0.167721518987342,0.333333333333333,TRUE,0.35126582278481,0.281368821292776,0.291784580932615,0.221782575633014,0.186708860759494,0.462025316455696
"national","4+","gross_by_hh_size >= 194 & gross_by_hh_size < 230 & months_since_cert_n < 4 & unc_rawben_rel_max >= 1.08",34,34,16,17,12,17,23,0.5,0.75,TRUE,0.470588235294118,0.235294117647059,0.28964547839536,0.0812023406056847,0.5,0.676470588235294
"national","1","gross_by_hh_size > 492 & percent_abawd > 0.5 & unc_rawben_rel_max > 1.34",166,166,60,47,25,48,97,0.283132530120482,0.416666666666667,TRUE,0.36144578313253,0.294117647058824,0.280355432210328,0.207631516966586,0.289156626506024,0.58433734939759
"national","2-3","gross_by_hh_size >= 552 & medical_deductions >= 7 & rawben_rel_max >= 0.318 & unc_rawben_rel_max >= 0.641",205,205,72,0,0,0,5,0,0,FALSE,0.351219512195122,0.351219512195122,0.278404983168284,0.278404983168284,0,0.024390243902439
"national","2-3","gross_by_hh_size >= 49 & total_deductions_by_hh_size >= 848",461,461,150,0,0,0,44,0,0,FALSE,0.325379609544469,0.325379609544469,0.276904152152886,0.276904152152886,0,0.0954446854663774
"national","1","months_since_cert_n < 11 & rawben_rel_max >= 1 & unc_rawben_rel_max < 1.01",986,986,303,166,42,168,287,0.168356997971602,0.138613861386139,FALSE,0.307302231237323,0.318292682926829,0.274254598296398,0.28175225572927,0.170385395537525,0.291075050709939
"national","4+","gross_by_hh_size >= 704 & gross_by_hh_size < 748 & rawben_rel_max >= 0.461 & shelter_expenses_by_hh_size >= 230",205,205,71,0,0,0,0,0,0,FALSE,0.346341463414634,0.346341463414634,0.273893866274939,0.273893866274939,0,0
"national","2-3","expedited_i <= 0 & shelter_expenses_by_hh_size > 1340 & total_deductions_by_hh_size > 147",132,132,48,2,2,2,10,0.0151515151515152,0.0416666666666667,FALSE,0.363636363636364,0.353846153846154,0.273402239704892,0.263929206718177,0.0151515151515152,0.0757575757575758
"national","2-3","rawben_rel_max > 0.15 & rawben_rel_max <= 0.988 & shelter_expenses_by_hh_size > 839 & utilities_sua <= 1.5",62,62,25,0,0,0,1,0,0,FALSE,0.403225806451613,0.403225806451613,0.271804394305589,0.271804394305589,0,0.0161290322580645
"national","2-3","earned_by_hh_size >= 5 & total_deductions_by_hh_size >= 447 & unearned_by_hh_size >= 495",266,266,89,0,0,0,13,0,0,FALSE,0.334586466165414,0.334586466165414,0.271183493857605,0.271183493857605,0,0.0488721804511278
"national","4+","shelter_expenses_by_hh_size >= 275 & shelter_expenses_by_hh_size < 306 & total_deductions_by_hh_size >= 310",69,69,27,0,0,0,3,0,0,FALSE,0.391304347826087,0.391304347826087,0.267371948628245,0.267371948628245,0,0.0434782608695652
"national","2-3","earned_by_hh_size > 51.2 & earned_by_hh_size <= 123 & HH_size_n > 2.5 & unearned_by_hh_size > 63.6",151,151,53,0,0,0,24,0,0,FALSE,0.350993377483444,0.350993377483444,0.267231139710164,0.267231139710164,0,0.158940397350993
"national","4+","earned_by_hh_size >= 587 & earned_by_hh_size < 608 & months_since_cert_n >= 8",57,57,23,0,0,0,0,0,0,FALSE,0.403508771929825,0.403508771929825,0.267183946534826,0.267183946534826,0,0
"national","4+","earned_by_hh_size >= 138 & gross_by_hh_size < 265 & rawben_rel_max >= 0.987 & unearned_by_hh_size >= 11.6",31,31,14,0,0,0,18,0,0,FALSE,0.451612903225806,0.451612903225806,0.266834620602285,0.266834620602285,0,0.580645161290323
"national","4+","months_since_cert_n < 5 & shelter_expenses_by_hh_size < 391 & total_deductions_by_hh_size >= 358",152,152,53,0,0,0,5,0,0,FALSE,0.348684210526316,0.348684210526316,0.265382365328843,0.265382365328843,0,0.0328947368421053
"national","2-3","shelter_expenses_by_hh_size < 522 & total_deductions_by_hh_size >= 660 & utilities_sua >= 2",123,123,44,0,0,0,6,0,0,FALSE,0.357723577235772,0.357723577235772,0.265147071077147,0.265147071077147,0,0.0487804878048781
"national","4+","count_divisible_by_100 > 0.5 & earned_by_hh_size > 110 & earned_by_hh_size <= 443 & shelter_expenses_by_hh_size > 406",61,61,24,1,1,1,7,0.0163934426229508,0.0416666666666667,FALSE,0.39344262295082,0.383333333333333,0.262419601033208,0.252820632420921,0.0163934426229508,0.114754098360656
"national","4+","count_divisible_by_100 > 0.5 & married >= 1 & shelter_expenses_by_hh_size > 245",217,217,72,2,1,4,8,0.00921658986175115,0.0138888888888889,FALSE,0.331797235023041,0.330232558139535,0.262336650862979,0.260599253478721,0.0184331797235023,0.0368663594470046
"national","2-3","count_divisible_by_100 > 0.5 & HH_size_n > 2.5 & shelter_expenses_by_hh_size > 660 & unc_rawben_rel_max <= 1",84,84,31,0,0,0,0,0,0,FALSE,0.369047619047619,0.369047619047619,0.258006138666373,0.258006138666373,0,0
"national","2-3","children_i <= 0 & medical_deductions <= 794 & shelter_expenses_by_hh_size > 991",427,427,130,5,4,5,27,0.0117096018735363,0.0307692307692308,FALSE,0.304449648711944,0.298578199052133,0.255364734759995,0.249576774888153,0.0117096018735363,0.063231850117096
"national","2-3","earned_by_hh_size > 9.33 & elderly_disabled_i >= 1 & rawben_rel_max <= 0.971 & total_deductions_by_hh_size > 476",350,350,108,0,0,0,3,0,0,FALSE,0.308571428571429,0.308571428571429,0.254421337753374,0.254421337753374,0,0.00857142857142857
"national","1","children_i >= 1 & gross_by_hh_size > 358 & rawben_rel_max <= 0.647 & shelter_expenses_by_hh_size <= 597",63,63,24,0,0,0,0,0,0,FALSE,0.380952380952381,0.380952380952381,0.253475994955997,0.253475994955997,0,0
"national","4+","earned_by_hh_size >= 456 & gross_by_hh_size >= 687 & shelter_expenses_by_hh_size >= 431 & total_deductions_by_hh_size < 369",232,232,74,0,0,0,0,0,0,FALSE,0.318965517241379,0.318965517241379,0.252611744433043,0.252611744433043,0,0
"national","4+","bbce_state_i >= 1 & gross_by_hh_size >= 708 & gross_by_hh_size < 736 & shelter_expenses_by_hh_size >= 11.4",331,331,102,0,0,0,0,0,0,FALSE,0.308157099697885,0.308157099697885,0.252606037289429,0.252606037289429,0,0
"national","4+","gross_by_hh_size >= 727 & total_deductions_by_hh_size >= 248 & total_deductions_by_hh_size < 396 & utilities_sua < 2",76,76,28,0,0,0,0,0,0,FALSE,0.368421052631579,0.368421052631579,0.252505354950234,0.252505354950234,0,0
"national","2-3","gross_by_hh_size >= 552 & unearned_by_hh_size >= 518 & unearned_by_hh_size < 548 & utilities_sua >= 2",54,54,21,0,0,0,3,0,0,FALSE,0.388888888888889,0.388888888888889,0.251546557647521,0.251546557647521,0,0.0555555555555556
"national","2-3","shelter_expenses_by_hh_size > 921 & total_deductions_by_hh_size > 113 & unearned_by_hh_size > 346",733,733,211,13,10,13,40,0.0177353342428377,0.0473933649289099,FALSE,0.287858117326057,0.279166666666667,0.250625807172274,0.242038032253395,0.0177353342428377,0.0545702592087312
"national","4+","gross_by_hh_size < 440 & rawben_rel_max < 0.619 & shelter_expenses_by_hh_size < 94.5",64,64,24,0,0,0,0,0,0,FALSE,0.375,0.375,0.249230922796312,0.249230922796312,0,0
"national","1","shelter_expenses_by_hh_size > 6.5 & total_deductions_by_hh_size > 965 & unc_rawben_rel_max > 0.991 & unc_rawben_rel_max <= 1.03",1372,1372,377,3,0,31,238,0.0021865889212828,0,FALSE,0.274781341107872,0.275383491599708,0.247674663560225,0.248226867555645,0.0225947521865889,0.173469387755102
"national","2-3","married <= 0 & total_deductions_by_hh_size > 816 & unearned_by_hh_size <= 657",288,288,88,0,0,0,28,0,0,FALSE,0.305555555555556,0.305555555555556,0.246487062950724,0.246487062950724,0,0.0972222222222222
"national","2-3","earned_by_hh_size > 32 & HH_size_n > 2.5 & percent_abawd <= 0.167 & shelter_expenses_by_hh_size > 659",574,574,165,17,13,17,34,0.029616724738676,0.0787878787878788,FALSE,0.287456445993031,0.272890484739677,0.245663167155145,0.231331129727776,0.029616724738676,0.0592334494773519
"national","4+","count_divisible_by_100 > 0.5 & HH_size_n <= 4.5 & months_since_cert_n > 5.5 & shelter_expenses_by_hh_size > 358",65,65,24,2,0,2,3,0.0307692307692308,0,FALSE,0.369230769230769,0.380952380952381,0.245126858163214,0.253475994955997,0.0307692307692308,0.0461538461538462
"national","1","earned_by_hh_size >= 109 & gross_by_hh_size >= 438 & months_since_cert_n >= 12 & unearned_by_hh_size < 935",265,265,81,16,12,17,64,0.060377358490566,0.148148148148148,FALSE,0.305660377358491,0.27710843373494,0.244269365807347,0.216408013331888,0.0641509433962264,0.241509433962264
"national","4+","count_divisible_by_100 >= 1 & earned_by_hh_size < 433 & gross_by_hh_size >= 336 & unc_rawben_rel_max < 1.26",331,331,99,0,0,0,2,0,0,FALSE,0.299093655589124,0.299093655589124,0.244170647194849,0.244170647194849,0,0.00604229607250755
"national","2-3","percent_abawd > 0.167 & total_deductions_by_hh_size > 480 & utilities_sua <= 1.5",43,43,17,0,0,0,3,0,0,FALSE,0.395348837209302,0.395348837209302,0.243177113366149,0.243177113366149,0,0.0697674418604651
"national","2-3","rawben_rel_max < 0.905 & shelter_expenses_by_hh_size >= 700 & unc_rawben_rel_max >= 0.85",183,183,58,0,0,0,0,0,0,FALSE,0.316939890710383,0.316939890710383,0.243176284442852,0.243176284442852,0,0
"national","4+","count_divisible_by_100 > 0.5 & homeless <= 0 & married >= 1 & unc_rawben_rel_max <= 1",355,355,105,0,0,0,0,0,0,FALSE,0.295774647887324,0.295774647887324,0.242838927709887,0.242838927709887,0,0
"national","4+","months_since_cert_n >= 3 & shelter_expenses_by_hh_size >= 459 & total_deductions_by_hh_size >= 283 & utilities_sua >= 2",717,717,197,0,0,0,12,0,0,FALSE,0.274755927475593,0.274755927475593,0.237775240603235,0.237775240603235,0,0.0167364016736402
"national","2-3","gross_by_hh_size < 1010 & total_deductions_by_hh_size >= 569 & unc_rawben_rel_max < 1 & utilities_sua < 2",64,64,23,0,0,0,1,0,0,FALSE,0.359375,0.359375,0.235928946320397,0.235928946320397,0,0.015625
"national","4+","earned_by_hh_size >= 587 & earned_by_hh_size < 593 & months_since_cert_n < 12",71,71,25,0,0,0,0,0,0,FALSE,0.352112676056338,0.352112676056338,0.235059484912337,0.235059484912337,0,0
"national","2-3","percent_abawd > 0.167 & total_deductions_by_hh_size > 598 & unc_rawben_rel_max <= 1.08",221,221,66,0,0,0,3,0,0,FALSE,0.298642533936652,0.298642533936652,0.232543853385849,0.232543853385849,0,0.0135746606334842
"national","2-3","count_divisible_by_100 > 0.5 & earned_by_hh_size > 361 & earned_by_hh_size <= 481",137,137,43,5,2,5,10,0.0364963503649635,0.0465116279069767,FALSE,0.313868613138686,0.310606060606061,0.230212222801916,0.225940470444997,0.0364963503649635,0.072992700729927
"national","1","gross_by_hh_size > 938 & rawben_rel_max > 0.867 & utilities_sua <= 0.5",130,130,72,0,0,1,10,0,0,FALSE,0.553846153846154,0.553846153846154,0.452309351895886,0.452309351895886,0.00769230769230769,0.0769230769230769
"national","1","earned_by_hh_size >= 635 & medical_deductions < 125 & months_since_cert_n >= 4 & unc_rawben_rel_max >= 1.32",267,267,127,120,75,120,189,0.449438202247191,0.590551181102362,TRUE,0.47565543071161,0.353741496598639,0.405756733364783,0.268699685219298,0.449438202247191,0.707865168539326
"national","1","elderly_disabled_i >= 1 & rawben_rel_max >= 0.936 & shelter_expenses_by_hh_size < 983 & unc_rawben_rel_max < 1.02",745,745,325,35,13,47,294,0.0469798657718121,0.04,FALSE,0.436241610738255,0.43943661971831,0.3945902254947,0.396731088780637,0.0630872483221477,0.394630872483221
"national","2-3","HH_size_n >= 3 & total_deductions_by_hh_size >= 670 & unearned_by_hh_size >= 31.5",74,74,36,0,0,0,5,0,0,FALSE,0.486486486486487,0.486486486486487,0.356942326836898,0.356942326836898,0,0.0675675675675676
"national","2-3","medical_deductions > 167 & total_deductions_by_hh_size > 639 & unearned_by_hh_size <= 1110 & utilities_sua > 0.5",79,79,38,0,0,0,7,0,0,FALSE,0.481012658227848,0.481012658227848,0.355730158850364,0.355730158850364,0,0.0886075949367089
"national","2-3","shelter_expenses_by_hh_size <= 1390 & total_deductions_by_hh_size > 207 & unc_rawben_rel_max > 0.999 & unc_rawben_rel_max <= 1",212,212,90,0,0,0,2,0,0,FALSE,0.424528301886792,0.424528301886792,0.348412468496853,0.348412468496853,0,0.00943396226415094
"national","1","earned_by_hh_size <= 702 & elderly_disabled_i <= 0 & total_deductions_by_hh_size > 1080 & total_deductions_by_hh_size <= 1090",128,128,57,73,43,73,98,0.5703125,0.754385964912281,TRUE,0.4453125,0.254545454545455,0.347420085947546,0.144326661939385,0.5703125,0.765625
"national","1","total_deductions_by_hh_size > 1080 & total_deductions_by_hh_size <= 1090 & unc_rawben_rel_max <= 1.36 & unearned_by_hh_size <= 206",115,115,51,73,43,73,81,0.634782608695652,0.843137254901961,TRUE,0.443478260869565,0.19047619047619,0.340680779408745,0.0885252915745007,0.634782608695652,0.704347826086957
"national","2-3","count_divisible_by_100 < 2 & medical_deductions >= 436 & rawben_rel_max >= 0.493",41,41,21,0,0,0,1,0,0,FALSE,0.51219512195122,0.51219512195122,0.340102964413309,0.340102964413309,0,0.024390243902439
"national","1","rawben_rel_max >= 1 & shelter_expenses_by_hh_size >= 1370 & unc_rawben_rel_max < 1.02",350,350,138,26,17,27,85,0.0742857142857143,0.123188405797101,FALSE,0.394285714285714,0.373456790123457,0.335578096009766,0.313508152653907,0.0771428571428571,0.242857142857143
"national","1","shelter_expenses_by_hh_size > 550 & total_deductions_by_hh_size > 988 & utilities_sua <= 0.5",218,218,88,10,5,10,34,0.0458715596330275,0.0568181818181818,FALSE,0.403669724770642,0.399038461538462,0.329615916353005,0.323585052399407,0.0458715596330275,0.155963302752294
"national","1","elderly_disabled_i >= 1 & gross_by_hh_size > 480 & rawben_rel_max > 0.998 & utilities_sua <= 1.5",455,455,172,0,0,2,90,0,0,FALSE,0.378021978021978,0.378021978021978,0.326872424700722,0.326872424700722,0.0043956043956044,0.197802197802198
"national","1","gross_by_hh_size >= 586 & medical_deductions >= 639 & percent_abawd < 1 & unc_rawben_rel_max < 1.02",95,95,41,0,0,0,0,0,0,FALSE,0.431578947368421,0.431578947368421,0.320236152375012,0.320236152375012,0,0
"national","2-3","earned_by_hh_size < 1210 & total_deductions_by_hh_size >= 848 & unc_rawben_rel_max < 1.38",291,291,110,0,0,0,38,0,0,FALSE,0.378006872852234,0.378006872852234,0.314686022661493,0.314686022661493,0,0.130584192439863
"national","1","rawben_rel_max > 0.992 & shelter_expenses_by_hh_size > 1460 & unc_rawben_rel_max <= 1.04 & utilities_sua > 0.5",407,407,147,25,17,25,118,0.0614250614250614,0.115646258503401,FALSE,0.361179361179361,0.340314136125654,0.307953497741438,0.286506926280866,0.0614250614250614,0.28992628992629
"national","4+","earned_by_hh_size > 7.48 & expedited_i <= 0 & gross_by_hh_size > 140 & unc_rawben_rel_max > 1.08",224,224,85,66,39,71,128,0.294642857142857,0.458823529411765,TRUE,0.379464285714286,0.291139240506329,0.307732854787159,0.215104536252054,0.316964285714286,0.571428571428571
"national","4+","earned_by_hh_size > 42.6 & HH_size_n > 4.5 & unc_rawben_rel_max > 0.377 & unearned_by_hh_size > 20.6",1260,1260,420,0,0,0,28,0,0,FALSE,0.333333333333333,0.333333333333333,0.303213769566336,0.303213769566336,0,0.0222222222222222
"national","2-3","children_i <= 0 & gross_by_hh_size > 1780 & shelter_expenses_by_hh_size > 641",59,59,26,0,0,0,3,0,0,FALSE,0.440677966101695,0.440677966101695,0.301686860571523,0.301686860571523,0,0.0508474576271186
"national","2-3","gross_by_hh_size > 521 & shelter_expenses_by_hh_size > 1210 & unearned_by_hh_size > 168",165,165,63,0,0,0,9,0,0,FALSE,0.381818181818182,0.381818181818182,0.298922827479679,0.298922827479679,0,0.0545454545454545
"national","4+","gross_by_hh_size <= 144 & married >= 1 & shelter_expenses_by_hh_size > 187 & unc_rawben_rel_max <= 1.09",31,31,15,0,0,2,16,0,0,FALSE,0.483870967741935,0.483870967741935,0.293614841996523,0.293614841996523,0.0645161290322581,0.516129032258065
"national","2-3","medical_deductions >= 172 & rawben_rel_max >= 0.219 & unearned_by_hh_size >= 1000",156,156,59,0,0,0,0,0,0,FALSE,0.378205128205128,0.378205128205128,0.29341041243135,0.29341041243135,0,0
"national","4+","earned_by_hh_size >= 116 & earned_by_hh_size < 270 & shelter_expenses_by_hh_size >= 298 & total_deductions_by_hh_size < 283",299,299,106,58,34,61,78,0.193979933110368,0.320754716981132,TRUE,0.354515050167224,0.298755186721992,0.29327482359461,0.235207655708606,0.204013377926421,0.260869565217391
"national","2-3","gross_by_hh_size >= 1350 & rawben_rel_max >= 0.205 & total_deductions_by_hh_size >= 621",220,220,80,0,0,0,2,0,0,FALSE,0.363636363636364,0.363636363636364,0.292311279324979,0.292311279324979,0,0.00909090909090909
"national","4+","count_divisible_by_100 >= 1 & shelter_expenses_by_hh_size < 532 & total_deductions_by_hh_size >= 301 & unc_rawben_rel_max < 0.524",61,61,26,0,0,0,0,0,0,FALSE,0.426229508196721,0.426229508196721,0.290960850804859,0.290960850804859,0,0
"national","2-3","earned_by_hh_size >= 254 & earned_by_hh_size < 259 & total_deductions_by_hh_size >= 369",42,42,19,22,16,22,26,0.523809523809524,0.842105263157895,TRUE,0.452380952380952,0.15,0.289589641784695,0.0436887579370659,0.523809523809524,0.619047619047619
"national","4+","months_since_cert_n > 8.5 & rawben_rel_max <= 0.976 & unc_rawben_rel_max > 0.574",1092,1092,348,0,0,0,5,0,0,FALSE,0.318681318681319,0.318681318681319,0.286845627520596,0.286845627520596,0,0.00457875457875458
"national","1","gross_by_hh_size >= 438 & rawben_rel_max >= 0.488 & total_deductions_by_hh_size >= 799 & utilities_sua < 2",1132,1132,357,28,18,33,115,0.0247349823321555,0.0504201680672269,FALSE,0.315371024734982,0.307065217391304,0.284190042404292,0.275779816465026,0.0291519434628975,0.101590106007067
"national","4+","HH_size_n >= 6 & shelter_expenses_by_hh_size >= 269 & total_deductions_by_hh_size >= 189 & unearned_by_hh_size >= 0.2",265,265,92,0,0,0,4,0,0,FALSE,0.347169811320755,0.347169811320755,0.282818802386596,0.282818802386596,0,0.0150943396226415
"national","1","earned_by_hh_size >= 362 & unc_rawben_rel_max >= 1.28 & unc_rawben_rel_max < 1.44",666,666,215,185,107,192,380,0.277777777777778,0.497674418604651,TRUE,0.322822822822823,0.224532224532225,0.282255285987755,0.183481891316139,0.288288288288288,0.570570570570571
"national","1","rawben_rel_max >= 0.797 & shelter_expenses_by_hh_size >= 1840 & unc_rawben_rel_max < 1.03",312,312,106,16,13,16,45,0.0512820512820513,0.122641509433962,FALSE,0.33974358974359,0.314189189189189,0.280580319289692,0.255243966536778,0.0512820512820513,0.144230769230769
"national","2-3","earned_by_hh_size >= 1080 & months_since_cert_n >= 4 & rawben_rel_max < 0.596 & unc_rawben_rel_max >= 0.461",66,66,27,0,0,0,1,0,0,FALSE,0.409090909090909,0.409090909090909,0.280471603516596,0.280471603516596,0,0.0151515151515152
"national","2-3","bbce_state_i >= 1 & count_divisible_by_100 > 0.5 & rawben_rel_max <= 0.997 & total_deductions_by_hh_size > 725",67,67,27,0,0,0,0,0,0,FALSE,0.402985074626866,0.402985074626866,0.275963277466014,0.275963277466014,0,0
"national","1","rawben_rel_max >= 0.712 & shelter_expenses_by_hh_size >= 317 & unc_rawben_rel_max < 1.19 & utilities_sua < 1",617,617,196,1,0,7,65,0.00162074554294976,0,FALSE,0.317666126418152,0.318181818181818,0.275815581696977,0.276275714535773,0.0113452188006483,0.105348460291734
"national","4+","gross_by_hh_size >= 140 & months_since_cert_n >= 6 & rawben_rel_max >= 0.375 & shelter_expenses_by_hh_size >= 396",585,585,186,7,4,8,19,0.011965811965812,0.021505376344086,FALSE,0.317948717948718,0.314878892733564,0.275007835250109,0.271834826482993,0.0136752136752137,0.0324786324786325
"national","4+","bbce_state_i >= 1 & earned_by_hh_size > 0.155 & rawben_rel_max > 0.638 & unc_rawben_rel_max <= 1",3018,3018,886,0,0,0,25,0,0,FALSE,0.293571901921802,0.293571901921802,0.274673492982138,0.274673492982138,0,0.00828363154406892
"national","1","rawben_rel_max > 0.997 & total_deductions_by_hh_size > 921 & unc_rawben_rel_max <= 1.02",1251,1251,379,38,22,72,261,0.0303756994404476,0.0580474934036939,FALSE,0.302957633892886,0.294311624072547,0.273638831363926,0.264842754346387,0.0575539568345324,0.20863309352518
"national","2-3","total_deductions_by_hh_size > 635 & unc_rawben_rel_max <= 1 & utilities_sua > 0.5",1575,1575,463,0,0,0,17,0,0,FALSE,0.293968253968254,0.293968253968254,0.26800872256859,0.26800872256859,0,0.0107936507936508
"national","4+","homeless <= 0 & months_since_cert_n > 5.5 & rawben_rel_max <= 0.975 & shelter_expenses_by_hh_size > 217",2080,2080,603,0,0,0,4,0,0,FALSE,0.289903846153846,0.289903846153846,0.267332503780123,0.267332503780123,0,0.00192307692307692
"national","4+","rawben_rel_max <= 0.975 & shelter_expenses_by_hh_size > 216 & utilities_sua <= 1.5",468,468,147,0,0,0,1,0,0,FALSE,0.314102564102564,0.314102564102564,0.266561660649774,0.266561660649774,0,0.00213675213675214
"national","1","months_since_cert_n >= 3 & months_since_cert_n < 11 & rawben_rel_max >= 1 & unc_rawben_rel_max < 1.01",662,662,202,91,26,93,178,0.137462235649547,0.128712871287129,FALSE,0.305135951661631,0.308231173380035,0.265227363245552,0.265258384869179,0.140483383685801,0.268882175226586
"national","1","medical_deductions >= 597 & total_deductions_by_hh_size < 1710 & unc_rawben_rel_max >= 0.08",67,67,26,0,0,0,0,0,0,FALSE,0.388059701492537,0.388059701492537,0.262958398527903,0.262958398527903,0,0
"national","1","bbce_state_i >= 1 & rawben_rel_max >= 1 & unearned_by_hh_size >= 1600",168,168,57,0,0,0,25,0,0,FALSE,0.339285714285714,0.339285714285714,0.260519734901646,0.260519734901646,0,0.148809523809524
"national","4+","earned_by_hh_size >= 841 & rawben_rel_max >= 0.274 & shelter_expenses_by_hh_size < 486",165,165,56,0,0,0,0,0,0,FALSE,0.339393939393939,0.339393939393939,0.259969568337689,0.259969568337689,0,0
"national","2-3","earned_by_hh_size < 72.7 & total_deductions_by_hh_size >= 395 & unearned_by_hh_size >= 306 & utilities_sua < 2",190,190,63,10,7,10,18,0.0526315789473684,0.111111111111111,FALSE,0.331578947368421,0.311111111111111,0.257768548913681,0.237349499383212,0.0526315789473684,0.0947368421052632
"national","1","earned_by_hh_size >= 158 & months_since_cert_n >= 5 & unc_rawben_rel_max >= 1.32",545,545,164,108,70,115,233,0.198165137614679,0.426829268292683,TRUE,0.300917431192661,0.215102974828375,0.257359154838627,0.173014853458884,0.211009174311927,0.427522935779817
"national","2-3","gross_by_hh_size >= 412 & total_deductions_by_hh_size < 184 & unearned_by_hh_size >= 119 & unearned_by_hh_size < 219",44,44,18,0,0,0,0,0,0,FALSE,0.409090909090909,0.409090909090909,0.25604702425129,0.25604702425129,0,0
"national","2-3","gross_by_hh_size >= 1220 & rawben_rel_max >= 0.171",587,587,174,0,0,0,4,0,0,FALSE,0.296422487223169,0.296422487223169,0.254599570931599,0.254599570931599,0,0.00681431005110733
"national","4+","earned_by_hh_size >= 36 & months_since_cert_n >= 4 & unearned_by_hh_size >= 10.4 & unearned_by_hh_size < 58.8",355,355,109,0,0,0,13,0,0,FALSE,0.307042253521127,0.307042253521127,0.253349665996455,0.253349665996455,0,0.0366197183098592
"national","4+","count_divisible_by_100 > 0.5 & earned_by_hh_size > 110 & shelter_expenses_by_hh_size > 406",180,180,59,1,1,1,7,0.00555555555555556,0.0169491525423729,FALSE,0.327777777777778,0.324022346368715,0.252461662433507,0.248856721020379,0.00555555555555556,0.0388888888888889
"national","2-3","bbce_state_i >= 1 & earned_by_hh_size > 249 & months_since_cert_n > 5.5 & shelter_expenses_by_hh_size > 393",1700,1700,468,65,38,65,125,0.0382352941176471,0.0811965811965812,FALSE,0.275294117647059,0.262996941896024,0.250838967058064,0.238482662289899,0.0382352941176471,0.0735294117647059
"national","2-3","count_divisible_by_100 > 0.5 & gross_by_hh_size > 852 & shelter_expenses_by_hh_size > 587",243,243,76,0,0,0,3,0,0,FALSE,0.312757201646091,0.312757201646091,0.248293751055269,0.248293751055269,0,0.0123456790123457
"national","4+","earned_by_hh_size >= 841 & gross_by_hh_size < 989 & HH_size_n >= 5 & shelter_expenses_by_hh_size >= 262",145,145,48,0,0,0,0,0,0,FALSE,0.331034482758621,0.331034482758621,0.247655244547131,0.247655244547131,0,0
"national","4+","count_divisible_by_100 > 1.5 & married >= 1 & medical_deductions <= 74 & utilities_sua > 1.5",58,58,22,0,0,0,1,0,0,FALSE,0.379310344827586,0.379310344827586,0.24750332901477,0.24750332901477,0,0.0172413793103448
"national","4+","elderly_disabled_i <= 0 & total_deductions_by_hh_size > 64.6 & unc_rawben_rel_max <= 0.935 & unearned_by_hh_size > 163",1198,1198,331,0,0,0,1,0,0,FALSE,0.276293823038397,0.276293823038397,0.247300074916373,0.247300074916373,0,0.000834724540901503
"national","1","gross_by_hh_size < 754 & total_deductions_by_hh_size >= 450 & unc_rawben_rel_max < 1.02 & utilities_sua >= 2",426,426,126,0,0,8,120,0,0,FALSE,0.295774647887324,0.295774647887324,0.247162288743058,0.247162288743058,0.0187793427230047,0.28169014084507
"national","2-3","gross_by_hh_size >= 369 & shelter_expenses_by_hh_size >= 624 & unc_rawben_rel_max >= 1.16 & unearned_by_hh_size < 521",243,243,75,44,25,44,115,0.181069958847737,0.333333333333333,TRUE,0.308641975308642,0.251256281407035,0.24451072839686,0.186969461873465,0.181069958847737,0.473251028806584
"national","4+","earned_by_hh_size > 79.2 & gross_by_hh_size <= 139 & HH_size_n > 5.5 & rawben_rel_max > 0.935",79,79,28,0,0,5,31,0,0,FALSE,0.354430379746835,0.354430379746835,0.242300396526038,0.242300396526038,0.0632911392405063,0.392405063291139
"national","2-3","count_divisible_by_100 > 0.5 & medical_deductions <= 138 & rawben_rel_max <= 0.823 & shelter_expenses_by_hh_size > 720",174,174,55,0,0,0,1,0,0,FALSE,0.316091954022989,0.316091954022989,0.240707083094783,0.240707083094783,0,0.00574712643678161
"national","4+","bbce_state_i >= 1 & gross_by_hh_size < 786 & unearned_by_hh_size >= 155 & unearned_by_hh_size < 174",331,331,97,0,0,5,17,0,0,FALSE,0.293051359516616,0.293051359516616,0.238561776937603,0.238561776937603,0.0151057401812689,0.0513595166163142
"national","2-3","bbce_state_i >= 1 & rawben_rel_max > 0.984 & unearned_by_hh_size > 545",194,194,60,0,0,0,23,0,0,FALSE,0.309278350515464,0.309278350515464,0.238146117753017,0.238146117753017,0,0.118556701030928
"national","2-3","months_since_cert_n > 5.5 & rawben_rel_max <= 0.969 & total_deductions_by_hh_size > 404 & unc_rawben_rel_max > 0.15",2033,2033,523,0,0,0,5,0,0,FALSE,0.257255287752091,0.257255287752091,0.235370489174223,0.235370489174223,0,0.00245941957697983
"national","2-3","bbce_state_i >= 1 & total_deductions_by_hh_size > 490 & utilities_sua > 0.5 & utilities_sua <= 1.5",275,275,81,9,7,9,24,0.0327272727272727,0.0864197530864197,FALSE,0.294545454545455,0.278195488721804,0.235068105694995,0.219195012690097,0.0327272727272727,0.0872727272727273
"national","4+","gross_by_hh_size >= 282 & gross_by_hh_size < 382 & shelter_expenses_by_hh_size >= 400 & unearned_by_hh_size < 578",190,190,58,0,0,0,13,0,0,FALSE,0.305263157894737,0.305263157894737,0.233838067089264,0.233838067089264,0,0.068421052631579
"national","1","count_divisible_by_100 <= 0.5 & earned_by_hh_size > 492 & months_since_cert_n > 4.5 & total_deductions_by_hh_size > 1080",819,819,219,104,66,107,180,0.126984126984127,0.301369863013699,TRUE,0.267399267399267,0.213986013986014,0.233038084217212,0.180528296299719,0.130647130647131,0.21978021978022
"national","1","medical_deductions > 413 & shelter_expenses_by_hh_size <= 886 & total_deductions_by_hh_size > 986",82,82,28,0,0,0,1,0,0,FALSE,0.341463414634146,0.341463414634146,0.232893542364144,0.232893542364144,0,0.0121951219512195
"national","1","shelter_expenses_by_hh_size >= 655 & total_deductions_by_hh_size >= 848 & utilities_sua < 1",517,517,142,10,5,10,50,0.0193423597678917,0.0352112676056338,FALSE,0.274661508704062,0.270216962524655,0.231512570675514,0.226948300325674,0.0193423597678917,0.0967117988394584
"national","1","shelter_expenses_by_hh_size > 1840 & unc_rawben_rel_max <= 1.03 & unearned_by_hh_size > 282",725,725,194,16,13,16,49,0.0220689655172414,0.0670103092783505,FALSE,0.267586206896552,0.255289139633286,0.231167862377049,0.219152880591469,0.0220689655172414,0.0675862068965517
"national","4+","gross_by_hh_size > 275 & gross_by_hh_size <= 309 & unc_rawben_rel_max <= 0.976 & utilities_sua <= 0.5",62,62,22,0,0,0,0,0,0,FALSE,0.354838709677419,0.354838709677419,0.230440441733044,0.230440441733044,0,0
"national","4+","gross_by_hh_size >= 47 & shelter_expenses_by_hh_size < 79.6 & unc_rawben_rel_max < 1.02 & utilities_sua >= 2",354,354,100,0,0,0,1,0,0,FALSE,0.282485875706215,0.282485875706215,0.230426456955204,0.230426456955204,0,0.00282485875706215
"national","2-3","earned_by_hh_size < 264 & rawben_rel_max >= 0.205 & shelter_expenses_by_hh_size >= 584 & unc_rawben_rel_max < 0.264",115,115,37,0,0,0,0,0,0,FALSE,0.321739130434783,0.321739130434783,0.230404120946707,0.230404120946707,0,0
"national","2-3","medical_deductions >= 176 & medical_deductions < 285 & unearned_by_hh_size >= 661",223,223,66,0,0,0,1,0,0,FALSE,0.295964125560538,0.295964125560538,0.230377376357381,0.230377376357381,0,0.00448430493273543
"national","1","earned_by_hh_size < 1760 & medical_deductions >= 535 & months_since_cert_n >= 1 & unc_rawben_rel_max < 1.22",160,160,49,0,0,1,3,0,0,FALSE,0.30625,0.30625,0.228984707220181,0.228984707220181,0.00625,0.01875
"national","1","gross_by_hh_size >= 1750 & rawben_rel_max >= 0.364 & unc_rawben_rel_max >= 0.076",725,725,192,0,0,0,16,0,0,FALSE,0.264827586206897,0.264827586206897,0.228554206335241,0.228554206335241,0,0.0220689655172414
"national","2-3","earned_by_hh_size <= 2.67 & gross_by_hh_size > 220 & rawben_rel_max <= 0.0484 & unc_rawben_rel_max > 0.0409",56,56,20,0,0,0,0,0,0,FALSE,0.357142857142857,0.357142857142857,0.226950641928008,0.226950641928008,0,0
"national","2-3","rawben_rel_max >= 0.59 & unearned_by_hh_size >= 774",427,427,117,0,0,0,4,0,0,FALSE,0.274004683840749,0.274004683840749,0.22686292453337,0.22686292453337,0,0.00936768149882904
"national","1","children_i <= 0 & earned_by_hh_size > 374 & elderly_disabled_i <= 0 & months_since_cert_n > 6.5",1000,1000,257,69,49,74,179,0.069,0.190661478599222,FALSE,0.257,0.223415682062299,0.226225723789063,0.193312166441176,0.074,0.179
"national","4+","earned_by_hh_size >= 898 & rawben_rel_max >= 0.154 & shelter_expenses_by_hh_size < 447",136,136,42,0,0,0,0,0,0,FALSE,0.308823529411765,0.308823529411765,0.225473433357457,0.225473433357457,0,0
"national","4+","shelter_expenses_by_hh_size > 433 & shelter_expenses_by_hh_size <= 444 & unearned_by_hh_size <= 153",103,103,33,2,1,2,5,0.0194174757281553,0.0303030303030303,FALSE,0.320388349514563,0.316831683168317,0.224725172325683,0.220827069146798,0.0194174757281553,0.0485436893203883
"national","4+","rawben_rel_max < 0.619 & shelter_expenses_by_hh_size >= 439 & shelter_expenses_by_hh_size < 463",144,144,44,0,0,0,0,0,0,FALSE,0.305555555555556,0.305555555555556,0.224657890230182,0.224657890230182,0,0
"national","4+","shelter_expenses_by_hh_size > 187 & shelter_expenses_by_hh_size <= 195 & unearned_by_hh_size > 6.88",175,175,52,0,0,0,7,0,0,FALSE,0.297142857142857,0.297142857142857,0.22385296040178,0.22385296040178,0,0.04
"national","4+","HH_size_n < 6 & shelter_expenses_by_hh_size >= 182 & total_deductions_by_hh_size < 354 & utilities_sua < 2",572,572,151,6,4,6,18,0.0104895104895105,0.0264900662251656,FALSE,0.263986013986014,0.259717314487633,0.223472303173884,0.219265471596466,0.0104895104895105,0.0314685314685315
"national","1","earned_by_hh_size > 964 & rawben_rel_max > 0.395 & utilities_sua <= 0.5",111,111,35,0,0,0,5,0,0,FALSE,0.315315315315315,0.315315315315315,0.223362961685532,0.223362961685532,0,0.045045045045045
"national","1","medical_deductions > 160 & total_deductions_by_hh_size > 611 & utilities_sua > 0.5 & utilities_sua <= 1.5",153,153,46,0,0,0,0,0,0,FALSE,0.300653594771242,0.300653594771242,0.222447176686072,0.222447176686072,0,0
"national","4+","earned_by_hh_size > 52.6 & earned_by_hh_size <= 740 & shelter_expenses_by_hh_size > 296 & shelter_expenses_by_hh_size <= 300",75,75,25,1,0,1,4,0.0133333333333333,0,FALSE,0.333333333333333,0.337837837837838,0.221756287163207,0.224937962617699,0.0133333333333333,0.0533333333333333
"national","4+","gross_by_hh_size >= 560 & total_deductions_by_hh_size < 261 & unc_rawben_rel_max >= 0.566",86,86,28,0,0,0,0,0,0,FALSE,0.325581395348837,0.325581395348837,0.22143770675526,0.22143770675526,0,0
"national","2-3","earned_by_hh_size >= 490 & expedited_i >= 1 & shelter_expenses_by_hh_size >= 24",328,328,90,0,0,0,12,0,0,FALSE,0.274390243902439,0.274390243902439,0.221093187887762,0.221093187887762,0,0.0365853658536585
"national","4+","HH_size_n >= 5 & percent_abawd < 0.375 & shelter_expenses_by_hh_size >= 431 & unc_rawben_rel_max >= 0.155",483,483,128,4,2,4,10,0.0082815734989648,0.015625,FALSE,0.265010351966874,0.263048016701461,0.221090139464078,0.219088524090301,0.0082815734989648,0.020703933747412
"national","4+","earned_by_hh_size >= 854 & unearned_by_hh_size >= 29.2",90,90,29,0,0,0,0,0,0,FALSE,0.322222222222222,0.322222222222222,0.220563298894993,0.220563298894993,0,0
"national","2-3","months_since_cert_n < 21 & unc_rawben_rel_max >= 0.0252 & unearned_by_hh_size >= 1030",609,609,158,0,0,0,1,0,0,FALSE,0.25944170771757,0.25944170771757,0.220373452896708,0.220373452896708,0,0.00164203612479475
"national","1","elderly_disabled_i <= 0 & total_deductions_by_hh_size >= 1090 & total_deductions_by_hh_size < 1120 & unearned_by_hh_size < 316",274,274,76,112,64,112,122,0.408759124087591,0.842105263157895,TRUE,0.277372262773723,0.0740740740740741,0.219235615791349,0.0387875957554292,0.408759124087591,0.445255474452555
"national","2-3","count_divisible_by_100 < 2 & earned_by_hh_size >= 711 & gross_by_hh_size < 870 & HH_size_n < 3",546,546,142,0,0,0,6,0,0,FALSE,0.26007326007326,0.26007326007326,0.218911157125322,0.218911157125322,0,0.010989010989011
"national","1","gross_by_hh_size >= 965 & gross_by_hh_size < 1030 & medical_deductions >= 175 & rawben_rel_max >= 0.912",51,51,18,0,0,0,2,0,0,FALSE,0.352941176470588,0.352941176470588,0.218377690311054,0.218377690311054,0,0.0392156862745098
"national","4+","earned_by_hh_size >= 801 & HH_size_n >= 5 & shelter_expenses_by_hh_size >= 348",192,192,55,0,0,0,0,0,0,FALSE,0.286458333333333,0.286458333333333,0.217236831548785,0.217236831548785,0,0
"national","4+","gross_by_hh_size >= 401 & gross_by_hh_size < 407",114,114,35,0,0,0,1,0,0,FALSE,0.307017543859649,0.307017543859649,0.217190745909995,0.217190745909995,0,0.0087719298245614
"national","1","count_divisible_by_100 <= 0.5 & earned_by_hh_size > 252 & earned_by_hh_size <= 1880 & months_since_cert_n > 7.5",1142,1142,280,54,37,60,178,0.0472854640980736,0.132142857142857,FALSE,0.245183887915937,0.223345588235294,0.216820538656362,0.195385694343219,0.0525394045534151,0.155866900175131
"national","4+","earned_by_hh_size >= 624 & married >= 1 & shelter_expenses_by_hh_size < 311 & unearned_by_hh_size >= 18.5",73,73,24,0,0,0,0,0,0,FALSE,0.328767123287671,0.328767123287671,0.216620944358295,0.216620944358295,0,0
"national","1","gross_by_hh_size < 665 & shelter_expenses_by_hh_size >= 546 & total_deductions_by_hh_size < 661",161,161,47,0,0,2,42,0,0,FALSE,0.291925465838509,0.291925465838509,0.216434085104958,0.216434085104958,0.0124223602484472,0.260869565217391
"national","4+","gross_by_hh_size >= 647 & gross_by_hh_size < 677 & shelter_expenses_by_hh_size >= 334",173,173,50,0,0,0,0,0,0,FALSE,0.289017341040462,0.289017341040462,0.216217585192965,0.216217585192965,0,0
"national","1","gross_by_hh_size < 998 & unc_rawben_rel_max < 1.05 & unearned_by_hh_size < 644 & utilities_sua >= 2",406,406,107,0,0,7,79,0,0,FALSE,0.263546798029557,0.263546798029557,0.216039496426504,0.216039496426504,0.0172413793103448,0.194581280788177
"national","1","bbce_state_i >= 1 & expedited_i >= 1 & rawben_rel_max >= 0.452 & unc_rawben_rel_max < 0.488",31,31,12,0,0,0,1,0,0,FALSE,0.387096774193548,0.387096774193548,0.215365120290443,0.215365120290443,0,0.032258064516129
"national","2-3","married >= 1 & unc_rawben_rel_max < 0.215 & unearned_by_hh_size >= 379 & unearned_by_hh_size < 510",31,31,12,0,0,0,2,0,0,FALSE,0.387096774193548,0.387096774193548,0.215365120290443,0.215365120290443,0,0.0645161290322581
"national","1","medical_deductions > 162 & months_since_cert_n <= 5.5 & unc_rawben_rel_max > 0.331 & unearned_by_hh_size > 1450",230,230,64,0,0,0,3,0,0,FALSE,0.278260869565217,0.278260869565217,0.215228019901568,0.215228019901568,0,0.0130434782608696
"national","2-3","medical_deductions >= 199 & medical_deductions < 323 & total_deductions_by_hh_size >= 230 & unc_rawben_rel_max < 1.33",191,191,54,0,0,0,3,0,0,FALSE,0.282722513089005,0.282722513089005,0.213728627095688,0.213728627095688,0,0.0157068062827225
"national","2-3","total_deductions_by_hh_size > 691 & unc_rawben_rel_max > 0.999 & unc_rawben_rel_max <= 1 & utilities_sua > 0.5",40,40,32,0,0,0,0,0,0,FALSE,0.8,0.8,0.621638038591727,0.621638038591727,0,0
"national","2-3","elderly_disabled_i >= 1 & rawben_rel_max > 0.999 & unc_rawben_rel_max <= 1 & utilities_sua > 0.5",104,104,64,0,0,0,0,0,0,FALSE,0.615384615384615,0.615384615384615,0.501343494487291,0.501343494487291,0,0
"national","1","rawben_rel_max > 0.997 & unc_rawben_rel_max <= 1.02 & unearned_by_hh_size > 486 & unearned_by_hh_size <= 914",477,477,248,37,22,40,321,0.0775681341719078,0.0887096774193548,FALSE,0.519916142557652,0.513636363636364,0.466783664883441,0.458384885092163,0.0838574423480084,0.672955974842767
"national","1","medical_deductions > 662 & months_since_cert_n <= 21.5 & unc_rawben_rel_max <= 1.04 & unearned_by_hh_size <= 1940",38,38,24,0,0,0,0,0,0,FALSE,0.631578947368421,0.631578947368421,0.444098290040822,0.444098290040822,0,0
"national","4+","gross_by_hh_size <= 206 & HH_size_n <= 4.5 & total_deductions_by_hh_size > 268 & unc_rawben_rel_max <= 1.09",83,83,43,57,34,57,68,0.686746987951807,0.790697674418605,TRUE,0.518072289156627,0.346153846153846,0.393354007046301,0.17343780081848,0.686746987951807,0.819277108433735
"national","1","earned_by_hh_size >= 635 & gross_by_hh_size < 1230 & unc_rawben_rel_max >= 1.32",400,400,173,185,107,185,277,0.4625,0.61849710982659,TRUE,0.4325,0.306976744186047,0.376161790567018,0.239295868642351,0.4625,0.6925
"national","1","earned_by_hh_size >= 652 & earned_by_hh_size < 704 & unc_rawben_rel_max >= 1.11",288,288,123,185,107,185,216,0.642361111111111,0.869918699186992,TRUE,0.427083333333333,0.155339805825243,0.361244603815156,0.089812203410323,0.642361111111111,0.75
"national","2-3","medical_deductions >= 148 & rawben_rel_max >= 0.205 & total_deductions_by_hh_size >= 680",168,168,72,0,0,0,7,0,0,FALSE,0.428571428571429,0.428571428571429,0.343360788985366,0.343360788985366,0,0.0416666666666667
"national","4+","earned_by_hh_size > 87.4 & rawben_rel_max > 0.982 & unc_rawben_rel_max > 1.06 & unc_rawben_rel_max <= 1.1",272,272,111,79,45,89,166,0.290441176470588,0.405405405405405,TRUE,0.408088235294118,0.341968911917098,0.341221052891012,0.267826794733892,0.327205882352941,0.610294117647059
"national","1","earned_by_hh_size <= 485 & rawben_rel_max <= 0.993 & total_deductions_by_hh_size > 797 & utilities_sua <= 0.5",196,196,79,0,0,0,0,0,0,FALSE,0.403061224489796,0.403061224489796,0.32522983224519,0.32522983224519,0,0
"national","4+","rawben_rel_max < 0.76 & shelter_expenses_by_hh_size >= 360 & shelter_expenses_by_hh_size < 517 & total_deductions_by_hh_size >= 401",145,145,60,0,0,0,0,0,0,FALSE,0.413793103448276,0.413793103448276,0.323433667121666,0.323433667121666,0,0
"national","2-3","gross_by_hh_size >= 351 & total_deductions_by_hh_size < 552 & unc_rawben_rel_max >= 1.11",184,184,74,67,41,67,114,0.364130434782609,0.554054054054054,TRUE,0.402173913043478,0.282051282051282,0.322050150284962,0.196590557164839,0.364130434782609,0.619565217391304
"national","2-3","earned_by_hh_size <= 4.75 & HH_size_n <= 2.5 & total_deductions_by_hh_size > 683 & unc_rawben_rel_max <= 1",291,291,112,0,0,0,1,0,0,FALSE,0.384879725085911,0.384879725085911,0.321211046678679,0.321211046678679,0,0.00343642611683849
"national","1","earned_by_hh_size > 285 & gross_by_hh_size <= 702 & total_deductions_by_hh_size > 1090",182,182,73,112,64,112,130,0.615384615384615,0.876712328767123,TRUE,0.401098901098901,0.128571428571429,0.320629790441792,0.0616863497192492,0.615384615384615,0.714285714285714
"national","2-3","children_i <= 0 & expedited_i >= 1 & gross_by_hh_size >= 518 & total_deductions_by_hh_size >= 276",118,118,49,0,0,0,8,0,0,FALSE,0.415254237288136,0.415254237288136,0.315727565843378,0.315727565843378,0,0.0677966101694915
"national","4+","HH_size_n >= 6 & rawben_rel_max >= 0.416 & total_deductions_by_hh_size >= 245 & unearned_by_hh_size >= 68.8",94,94,40,0,0,0,5,0,0,FALSE,0.425531914893617,0.425531914893617,0.314170072835526,0.314170072835526,0,0.0531914893617021
"national","4+","gross_by_hh_size >= 319 & months_since_cert_n >= 8 & rawben_rel_max >= 0.679 & total_deductions_by_hh_size >= 245",344,344,126,0,0,0,7,0,0,FALSE,0.366279069767442,0.366279069767442,0.308362791254797,0.308362791254797,0,0.0203488372093023
"national","4+","HH_size_n > 4.5 & medical_deductions <= 254 & months_since_cert_n > 22.5",40,40,19,0,0,0,4,0,0,FALSE,0.475,0.475,0.305583845939934,0.305583845939934,0,0.1
"national","4+","earned_by_hh_size > 42.6 & earned_by_hh_size <= 182 & unc_rawben_rel_max > 0.353 & unearned_by_hh_size > 119",392,392,141,0,0,0,17,0,0,FALSE,0.35969387755102,0.35969387755102,0.305576248952709,0.305576248952709,0,0.0433673469387755
"national","2-3","expedited_i <= 0 & unc_rawben_rel_max > 0.192 & unearned_by_hh_size > 1080",283,283,103,0,0,0,0,0,0,FALSE,0.363957597173145,0.363957597173145,0.300562131741788,0.300562131741788,0,0
"national","2-3","shelter_expenses_by_hh_size > 1230 & total_deductions_by_hh_size > 538",230,230,83,5,4,5,19,0.0217391304347826,0.0481927710843374,FALSE,0.360869565217391,0.351111111111111,0.291190973227299,0.281381772451397,0.0217391304347826,0.0826086956521739
"national","4+","count_divisible_by_100 > 0.5 & months_since_cert_n > 5.5 & unc_rawben_rel_max <= 0.852 & unearned_by_hh_size <= 20.6",82,82,33,0,0,0,0,0,0,FALSE,0.402439024390244,0.402439024390244,0.286325480825013,0.286325480825013,0,0
"national","2-3","earned_by_hh_size >= 11 & expedited_i >= 1 & gross_by_hh_size >= 221 & months_since_cert_n >= 9",109,109,42,9,4,9,23,0.0825688073394495,0.0952380952380952,FALSE,0.385321100917431,0.38,0.284774267273421,0.276021402904982,0.0825688073394495,0.211009174311927
"national","2-3","earned_by_hh_size <= 914 & rawben_rel_max <= 0.999 & total_deductions_by_hh_size > 636 & unc_rawben_rel_max <= 1",661,661,213,0,0,0,2,0,0,FALSE,0.322239031770045,0.322239031770045,0.281549312046124,0.281549312046124,0,0.00302571860816944
"national","4+","HH_size_n > 5.5 & months_since_cert_n > 5.5 & shelter_expenses_by_hh_size > 333 & unearned_by_hh_size <= 314",111,111,42,0,0,0,2,0,0,FALSE,0.378378378378378,0.378378378378378,0.279324267434593,0.279324267434593,0,0.018018018018018
"national","2-3","earned_by_hh_size > 8.5 & earned_by_hh_size <= 89.6 & rawben_rel_max <= 0.976",196,196,69,0,0,0,0,0,0,FALSE,0.352040816326531,0.352040816326531,0.277636544082313,0.277636544082313,0,0
"national","4+","HH_size_n > 5.5 & months_since_cert_n > 11.5",88,88,34,0,0,0,4,0,0,FALSE,0.386363636363636,0.386363636363636,0.275577318317781,0.275577318317781,0,0.0454545454545455
"national","1","rawben_rel_max >= 1 & shelter_expenses_by_hh_size >= 976 & unc_rawben_rel_max < 1.02 & unearned_by_hh_size >= 83",1199,1199,366,39,23,72,280,0.0325271059216013,0.0628415300546448,FALSE,0.305254378648874,0.295689655172414,0.275251787135032,0.265530122473551,0.0600500417014178,0.233527939949958
"national","2-3","gross_by_hh_size > 183 & married >= 1 & unc_rawben_rel_max > 0.136 & unearned_by_hh_size > 1060",261,261,88,0,0,0,0,0,0,FALSE,0.337164750957854,0.337164750957854,0.273021816893246,0.273021816893246,0,0
"national","2-3","earned_by_hh_size <= 128 & gross_by_hh_size > 350 & rawben_rel_max > 0.971 & unc_rawben_rel_max <= 1",216,216,74,0,0,0,1,0,0,FALSE,0.342592592592593,0.342592592592593,0.272154108685045,0.272154108685045,0,0.00462962962962963
"national","4+","gross_by_hh_size < 704 & total_deductions_by_hh_size >= 276 & total_deductions_by_hh_size < 282",223,223,76,57,34,57,69,0.255605381165919,0.447368421052632,TRUE,0.340807174887892,0.253012048192771,0.271532679875493,0.183179566446152,0.255605381165919,0.309417040358744
"national","2-3","shelter_expenses_by_hh_size > 926 & unc_rawben_rel_max <= 1 & unearned_by_hh_size > 493",533,533,168,0,0,0,3,0,0,FALSE,0.315196998123827,0.315196998123827,0.270444787215134,0.270444787215134,0,0.00562851782363977
"national","2-3","earned_by_hh_size > 0.417 & months_since_cert_n > 5.5 & total_deductions_by_hh_size > 588 & unearned_by_hh_size > 39.2",198,198,68,0,0,0,14,0,0,FALSE,0.343434343434343,0.343434343434343,0.270043408060606,0.270043408060606,0,0.0707070707070707
"national","4+","HH_size_n < 5 & unc_rawben_rel_max >= 1.08 & unc_rawben_rel_max < 1.1 & unearned_by_hh_size < 84.8",147,147,52,57,34,57,83,0.387755102040816,0.653846153846154,TRUE,0.353741496598639,0.2,0.268699685219298,0.120252863170757,0.387755102040816,0.564625850340136
"national","4+","earned_by_hh_size < 392 & gross_by_hh_size >= 250 & months_since_cert_n >= 4 & shelter_expenses_by_hh_size >= 439",249,249,83,0,0,0,10,0,0,FALSE,0.333333333333333,0.333333333333333,0.268042138855587,0.268042138855587,0,0.0401606425702811
"national","2-3","earned_by_hh_size < 1210 & HH_size_n >= 3 & months_since_cert_n < 8 & total_deductions_by_hh_size >= 550",292,292,95,0,0,0,16,0,0,FALSE,0.325342465753425,0.325342465753425,0.265250547893092,0.265250547893092,0,0.0547945205479452
"national","2-3","count_divisible_by_100 > 0.5 & medical_deductions > 138 & rawben_rel_max > 0.153",46,46,19,0,0,0,1,0,0,FALSE,0.41304347826087,0.41304347826087,0.262202951801676,0.262202951801676,0,0.0217391304347826
"national","1","earned_by_hh_size >= 679 & gross_by_hh_size < 1030 & months_since_cert_n >= 7",323,323,102,69,49,69,92,0.213622291021672,0.480392156862745,TRUE,0.315789473684211,0.208661417322835,0.25908543223397,0.155740045252864,0.213622291021672,0.284829721362229
"national","2-3","earned_by_hh_size >= 5 & gross_by_hh_size >= 205 & total_deductions_by_hh_size < 498 & unc_rawben_rel_max >= 1.09",371,371,115,77,54,77,182,0.207547169811321,0.469565217391304,TRUE,0.309973045822102,0.207482993197279,0.257190658511634,0.15800357082176,0.207547169811321,0.490566037735849
"national","4+","HH_size_n > 5.5 & percent_abawd > 0.155",130,130,45,0,0,1,3,0,0,FALSE,0.346153846153846,0.346153846153846,0.257007573684732,0.257007573684732,0.00769230769230769,0.0230769230769231
"national","4+","unc_rawben_rel_max >= 1 & unc_rawben_rel_max < 1.01 & unearned_by_hh_size >= 175",53,53,21,0,0,0,0,0,0,FALSE,0.39622641509434,0.39622641509434,0.256669902757045,0.256669902757045,0,0
"national","1","gross_by_hh_size > 158 & rawben_rel_max <= 0.0822 & total_deductions_by_hh_size > 209 & unc_rawben_rel_max > 0.0787",547,547,161,0,0,0,0,0,0,FALSE,0.294332723948812,0.294332723948812,0.251199821789463,0.251199821789463,0,0
"national","4+","earned_by_hh_size >= 587 & shelter_expenses_by_hh_size >= 417 & shelter_expenses_by_hh_size < 481",355,355,108,0,0,0,0,0,0,FALSE,0.304225352112676,0.304225352112676,0.250718289750824,0.250718289750824,0,0
"national","1","count_divisible_by_100 <= 0.5 & rawben_rel_max <= 0.997 & shelter_expenses_by_hh_size > 972 & utilities_sua <= 0.5",255,255,80,0,0,0,3,0,0,FALSE,0.313725490196078,0.313725490196078,0.250602382509616,0.250602382509616,0,0.0117647058823529
"national","1","earned_by_hh_size > 480 & medical_deductions > 161 & rawben_rel_max > 0.274",30,30,13,0,0,0,2,0,0,FALSE,0.433333333333333,0.433333333333333,0.249555901376185,0.249555901376185,0,0.0666666666666667
"national","2-3","months_since_cert_n < 24 & shelter_expenses_by_hh_size >= 914 & total_deductions_by_hh_size >= 588",983,983,276,0,0,0,52,0,0,FALSE,0.280773143438454,0.280773143438454,0.248704529867582,0.248704529867582,0,0.0528992878942014
"national","4+","gross_by_hh_size >= 608 & rawben_rel_max >= 0.312 & total_deductions_by_hh_size >= 216 & unearned_by_hh_size >= 210",204,204,65,0,0,0,0,0,0,FALSE,0.318627450980392,0.318627450980392,0.248273315297006,0.248273315297006,0,0
"national","2-3","medical_deductions >= 144 & months_since_cert_n >= 16 & rawben_rel_max >= 0.0446 & unc_rawben_rel_max < 1.28",104,104,36,0,0,0,1,0,0,FALSE,0.346153846153846,0.346153846153846,0.24769622166784,0.24769622166784,0,0.00961538461538462
"national","4+","earned_by_hh_size >= 678 & HH_size_n >= 5 & married <= 0 & total_deductions_by_hh_size >= 208",283,283,86,0,0,0,0,0,0,FALSE,0.303886925795053,0.303886925795053,0.244464316153022,0.244464316153022,0,0
"national","2-3","gross_by_hh_size >= 864 & medical_deductions < 7 & rawben_rel_max >= 0.424 & unearned_by_hh_size >= 8.5",632,632,179,0,0,0,6,0,0,FALSE,0.283227848101266,0.283227848101266,0.243516459515954,0.243516459515954,0,0.00949367088607595
"national","1","earned_by_hh_size >= 635 & months_since_cert_n >= 6 & unc_rawben_rel_max >= 1.02",347,347,103,87,60,87,139,0.250720461095101,0.58252427184466,TRUE,0.296829971181556,0.165384615384615,0.24325629763564,0.118724201480044,0.250720461095101,0.400576368876081
"national","4+","gross_by_hh_size >= 421 & shelter_expenses_by_hh_size >= 408 & total_deductions_by_hh_size >= 325 & total_deductions_by_hh_size < 384",664,664,187,0,0,0,0,0,0,FALSE,0.281626506024096,0.281626506024096,0.242916260706447,0.242916260706447,0,0
"national","4+","months_since_cert_n >= 13 & unearned_by_hh_size < 212",274,274,83,3,0,6,21,0.0109489051094891,0,FALSE,0.302919708029197,0.306273062730627,0.242678941215678,0.245465209267899,0.0218978102189781,0.0766423357664234
"national","2-3","elderly_disabled_i <= 0 & gross_by_hh_size > 215 & HH_size_n > 2.5 & percent_abawd > 0.167",414,414,120,6,4,6,17,0.0144927536231884,0.0333333333333333,FALSE,0.289855072463768,0.284313725490196,0.240965342902216,0.235455736870497,0.0144927536231884,0.0410628019323672
"national","2-3","earned_by_hh_size < 1200 & months_since_cert_n < 1 & total_deductions_by_hh_size >= 194 & utilities_sua < 1",146,146,47,3,2,3,10,0.0205479452054795,0.0425531914893617,FALSE,0.321917808219178,0.314685314685315,0.239734910967613,0.232517160044935,0.0205479452054795,0.0684931506849315
"national","2-3","children_i <= 0 & expedited_i >= 1 & months_since_cert_n <= 6.5 & unc_rawben_rel_max <= 0.905",97,97,33,0,0,0,1,0,0,FALSE,0.34020618556701,0.34020618556701,0.23942496930117,0.23942496930117,0,0.0103092783505155
"national","1","medical_deductions >= 136 & shelter_expenses_by_hh_size >= 707 & total_deductions_by_hh_size < 953 & unearned_by_hh_size < 1020",74,74,26,0,0,1,1,0,0,FALSE,0.351351351351351,0.351351351351351,0.236459716281958,0.236459716281958,0.0135135135135135,0.0135135135135135
"national","1","medical_deductions > 148 & rawben_rel_max > 0.313 & unc_rawben_rel_max <= 1.03",1798,1798,466,0,0,5,35,0,0,FALSE,0.259176863181313,0.259176863181313,0.235888103120018,0.235888103120018,0.00278086763070078,0.0194660734149055
"national","2-3","elderly_disabled_i <= 0 & HH_size_n > 2.5 & percent_abawd > 0.167 & unc_rawben_rel_max <= 1",390,390,111,0,0,0,0,0,0,FALSE,0.284615384615385,0.284615384615385,0.234698352966933,0.234698352966933,0,0
"national","2-3","children_i <= 0 & earned_by_hh_size > 343 & percent_abawd > 0.167",448,448,126,14,9,14,20,0.03125,0.0714285714285714,FALSE,0.28125,0.269585253456221,0.234677588364138,0.223101794603117,0.03125,0.0446428571428571
"national","2-3","rawben_rel_max >= 0.272 & unc_rawben_rel_max >= -0.494 & unearned_by_hh_size >= 955",544,544,150,0,0,0,1,0,0,FALSE,0.275735294117647,0.275735294117647,0.23354259363566,0.23354259363566,0,0.00183823529411765
"national","2-3","rawben_rel_max >= 0.205 & shelter_expenses_by_hh_size >= 584 & unc_rawben_rel_max < 0.264",234,234,69,0,0,0,1,0,0,FALSE,0.294871794871795,0.294871794871795,0.230803706953684,0.230803706953684,0,0.00427350427350427
"national","2-3","months_since_cert_n < 8 & rawben_rel_max >= 0.163 & unearned_by_hh_size >= 892 & utilities_sua < 2",52,52,19,0,0,0,0,0,0,FALSE,0.365384615384615,0.365384615384615,0.229703137175663,0.229703137175663,0,0
"national","2-3","percent_abawd >= 0.333 & percent_abawd < 0.5 & shelter_expenses_by_hh_size >= 222 & unc_rawben_rel_max >= -0.205",372,372,104,4,3,4,17,0.010752688172043,0.0288461538461538,FALSE,0.279569892473118,0.27445652173913,0.228903625553284,0.223911366720315,0.010752688172043,0.0456989247311828
"national","4+","earned_by_hh_size < 528 & rawben_rel_max >= 0.679 & rawben_rel_max < 0.69",138,138,43,0,0,0,0,0,0,FALSE,0.311594202898551,0.311594202898551,0.228464286362538,0.228464286362538,0,0
"national","2-3","shelter_expenses_by_hh_size >= 1240",291,291,83,9,5,9,23,0.0309278350515464,0.0602409638554217,FALSE,0.285223367697594,0.276595744680851,0.228016234544085,0.219285020625559,0.0309278350515464,0.0790378006872852
"national","4+","months_since_cert_n >= 4 & rawben_rel_max < 0.616 & unc_rawben_rel_max >= 0.587",233,233,68,0,0,0,0,0,0,FALSE,0.291845493562232,0.291845493562232,0.227922675088164,0.227922675088164,0,0
"national","4+","earned_by_hh_size < 682 & shelter_expenses_by_hh_size >= 192 & unearned_by_hh_size >= 182 & utilities_sua < 2",177,177,53,0,0,0,1,0,0,FALSE,0.299435028248588,0.299435028248588,0.226280923345124,0.226280923345124,0,0.00564971751412429
"national","2-3","earned_by_hh_size >= 81.7 & married >= 1 & rawben_rel_max >= 0.785 & rawben_rel_max < 0.824",74,74,25,0,0,0,0,0,0,FALSE,0.337837837837838,0.337837837837838,0.224937962617699,0.224937962617699,0,0
"national","4+","HH_size_n >= 9 & months_since_cert_n >= 8 & rawben_rel_max >= 0.461 & shelter_expenses_by_hh_size < 171",30,30,12,0,0,0,0,0,0,FALSE,0.4,0.4,0.223178243372627,0.223178243372627,0,0
"national","2-3","months_since_cert_n < 7 & rawben_rel_max < 0.725 & unc_rawben_rel_max >= 0.695 & unearned_by_hh_size < 0.5",176,176,52,0,0,0,2,0,0,FALSE,0.295454545454545,0.295454545454545,0.22252763227618,0.22252763227618,0,0.0113636363636364
"national","2-3","months_since_cert_n >= 4 & rawben_rel_max >= 0.44 & unc_rawben_rel_max >= 0.54 & unc_rawben_rel_max < 0.546",82,82,27,0,0,0,1,0,0,FALSE,0.329268292682927,0.329268292682927,0.222442121791019,0.222442121791019,0,0.0121951219512195
"national","4+","gross_by_hh_size >= 560 & gross_by_hh_size < 661 & months_since_cert_n >= 4 & unearned_by_hh_size >= 425",134,134,41,0,0,0,0,0,0,FALSE,0.305970149253731,0.305970149253731,0.22240820293814,0.22240820293814,0,0
"national","1","rawben_rel_max >= 0.268 & unearned_by_hh_size >= 1810",509,509,135,0,0,0,10,0,0,FALSE,0.265225933202358,0.265225933202358,0.222354813085008,0.222354813085008,0,0.0196463654223969
"national","4+","rawben_rel_max >= 0.566 & total_deductions_by_hh_size >= 100 & total_deductions_by_hh_size < 106 & unearned_by_hh_size < 251",119,119,37,0,0,0,3,0,0,FALSE,0.310924369747899,0.310924369747899,0.222271620011163,0.222271620011163,0,0.0252100840336134
"national","4+","earned_by_hh_size >= 399 & earned_by_hh_size < 703 & utilities_sua >= 1 & utilities_sua < 2",331,331,91,0,0,0,0,0,0,FALSE,0.274924471299094,0.274924471299094,0.221808171057367,0.221808171057367,0,0
"national","1","shelter_expenses_by_hh_size > 1780 & unc_rawben_rel_max <= 1.04 & unearned_by_hh_size > 380",928,928,235,18,13,18,67,0.0193965517241379,0.0553191489361702,FALSE,0.25323275862069,0.243956043956044,0.221524730062551,0.212418150941387,0.0193965517241379,0.072198275862069
"national","4+","gross_by_hh_size >= 401 & gross_by_hh_size < 407 & months_since_cert_n >= 2",86,86,28,0,0,0,1,0,0,FALSE,0.325581395348837,0.325581395348837,0.22143770675526,0.22143770675526,0,0.0116279069767442
"national","4+","earned_by_hh_size >= 610 & earned_by_hh_size < 633 & shelter_expenses_by_hh_size >= 262 & shelter_expenses_by_hh_size < 332",61,61,21,0,0,0,0,0,0,FALSE,0.344262295081967,0.344262295081967,0.220744465328137,0.220744465328137,0,0
"national","4+","months_since_cert_n >= 4 & months_since_cert_n < 7 & unearned_by_hh_size >= 484",175,175,51,0,0,0,0,0,0,FALSE,0.291428571428571,0.291428571428571,0.218742025393562,0.218742025393562,0,0
"national","1","earned_by_hh_size > 365 & earned_by_hh_size <= 703 & elderly_disabled_i <= 0 & total_deductions_by_hh_size > 1080",261,261,123,185,107,185,218,0.708812260536398,0.869918699186992,TRUE,0.471264367816092,0.210526315789474,0.400710132958132,0.122920250576059,0.708812260536398,0.835249042145594
"national","1","bbce_state_i >= 1 & medical_deductions > 666 & shelter_expenses_by_hh_size <= 1600 & total_deductions_by_hh_size > 238",84,84,40,0,0,0,1,0,0,FALSE,0.476190476190476,0.476190476190476,0.354767701249629,0.354767701249629,0,0.0119047619047619
"national","1","percent_abawd > 0.5 & total_deductions_by_hh_size > 1090 & unc_rawben_rel_max > 1.34",85,85,39,47,25,47,62,0.552941176470588,0.641025641025641,TRUE,0.458823529411765,0.368421052631579,0.33936565936645,0.21373808684838,0.552941176470588,0.729411764705882
"national","1","elderly_disabled_i >= 1 & total_deductions_by_hh_size > 724 & unc_rawben_rel_max <= 1.09 & utilities_sua <= 0.5",406,406,157,0,0,3,23,0,0,FALSE,0.386699507389163,0.386699507389163,0.332323145264277,0.332323145264277,0.00738916256157635,0.0566502463054187
"national","4+","earned_by_hh_size > 144 & HH_size_n <= 5.5 & unc_rawben_rel_max > 1.08 & unearned_by_hh_size <= 4.37",185,185,76,79,45,84,120,0.427027027027027,0.592105263157895,TRUE,0.410810810810811,0.292452830188679,0.330376078103503,0.201783581133972,0.454054054054054,0.648648648648649
"national","4+","shelter_expenses_by_hh_size <= 563 & total_deductions_by_hh_size > 529 & unc_rawben_rel_max <= 1",90,90,40,0,0,0,0,0,0,FALSE,0.444444444444444,0.444444444444444,0.329225605104969,0.329225605104969,0,0
"national","2-3","gross_by_hh_size >= 351 & gross_by_hh_size < 382 & rawben_rel_max >= 0.86 & shelter_expenses_by_hh_size >= 730",114,114,49,71,43,71,76,0.62280701754386,0.877551020408163,TRUE,0.429824561403509,0.13953488372093,0.327580856905751,0.0571774444364635,0.62280701754386,0.666666666666667
"national","1","children_i <= 0 & earned_by_hh_size >= 509 & unc_rawben_rel_max >= 1.32",587,587,215,176,105,183,339,0.299829642248722,0.488372093023256,TRUE,0.366269165247019,0.267639902676399,0.321432621868059,0.220104064181076,0.31175468483816,0.577512776831346
"national","4+","elderly_disabled_i <= 0 & HH_size_n >= 6 & months_since_cert_n >= 7 & unearned_by_hh_size >= 97.6",123,123,51,0,0,0,2,0,0,FALSE,0.414634146341463,0.414634146341463,0.317042481009014,0.317042481009014,0,0.016260162601626
"national","4+","gross_by_hh_size >= 171 & HH_size_n < 5 & unc_rawben_rel_max >= 1.08 & unc_rawben_rel_max < 1.16",136,136,55,57,34,57,86,0.419117647058824,0.618181818181818,TRUE,0.404411764705882,0.265822784810127,0.312003049476561,0.167986757835119,0.419117647058824,0.632352941176471
"national","4+","months_since_cert_n > 5.5 & percent_abawd > 0.191 & rawben_rel_max > 0.537 & rawben_rel_max <= 0.976",141,141,56,0,0,0,1,0,0,FALSE,0.397163120567376,0.397163120567376,0.306825784330385,0.306825784330385,0,0.00709219858156028
"national","4+","bbce_state_i >= 1 & earned_by_hh_size > 87.3 & elderly_disabled_i >= 1 & rawben_rel_max > 0.461",446,446,157,0,0,0,14,0,0,FALSE,0.352017937219731,0.352017937219731,0.301475174036137,0.301475174036137,0,0.031390134529148
"national","2-3","total_deductions_by_hh_size > 612 & unc_rawben_rel_max <= 1 & unearned_by_hh_size > 49.2",799,799,271,0,0,0,5,0,0,FALSE,0.339173967459324,0.339173967459324,0.301414305718796,0.301414305718796,0,0.00625782227784731
"national","1","rawben_rel_max >= 1 & total_deductions_by_hh_size >= 957 & unc_rawben_rel_max < 1.01 & unearned_by_hh_size >= 277",737,737,251,0,0,0,11,0,0,FALSE,0.340569877883311,0.340569877883311,0.301259754717918,0.301259754717918,0,0.0149253731343284
"national","2-3","children_i <= 0 & gross_by_hh_size >= 1820 & unc_rawben_rel_max < 1.17 & unearned_by_hh_size < 917",63,63,27,0,0,0,3,0,0,FALSE,0.428571428571429,0.428571428571429,0.294937090743232,0.294937090743232,0,0.0476190476190476
"national","4+","bbce_state_i >= 1 & earned_by_hh_size > 42.6 & HH_size_n > 5.5 & married <= 0",738,738,246,0,0,3,22,0,0,FALSE,0.333333333333333,0.333333333333333,0.294312884451956,0.294312884451956,0.0040650406504065,0.029810298102981
"national","4+","months_since_cert_n >= 13 & rawben_rel_max < 0.987 & unearned_by_hh_size < 204",177,177,65,0,0,0,2,0,0,FALSE,0.367231638418079,0.367231638418079,0.288057199294043,0.288057199294043,0,0.0112994350282486
"national","1","earned_by_hh_size >= 1 & gross_by_hh_size >= 586 & unc_rawben_rel_max >= 1.28 & unearned_by_hh_size < 570",593,593,196,185,107,185,316,0.311973018549747,0.545918367346939,TRUE,0.330522765598651,0.218137254901961,0.287300856797495,0.174437909032133,0.311973018549747,0.532883642495784
"national","2-3","medical_deductions >= 135 & months_since_cert_n >= 21 & rawben_rel_max >= 0.298",54,54,23,0,0,0,1,0,0,FALSE,0.425925925925926,0.425925925925926,0.283298192066257,0.283298192066257,0,0.0185185185185185
"national","4+","earned_by_hh_size > 42.1 & earned_by_hh_size <= 138 & rawben_rel_max <= 0.678 & total_deductions_by_hh_size <= 242",77,77,31,0,0,0,0,0,0,FALSE,0.402597402597403,0.402597402597403,0.283171934555292,0.283171934555292,0,0
"national","2-3","medical_deductions >= 125 & months_since_cert_n >= 8 & total_deductions_by_hh_size >= 558",146,146,54,0,0,0,4,0,0,FALSE,0.36986301369863,0.36986301369863,0.28313694636611,0.28313694636611,0,0.0273972602739726
"national","4+","bbce_state_i >= 1 & gross_by_hh_size >= 191 & HH_size_n >= 6 & unearned_by_hh_size >= 21.4",963,963,304,0,0,0,4,0,0,FALSE,0.315680166147456,0.315680166147456,0.281954385513936,0.281954385513936,0,0.00415368639667705
"national","4+","earned_by_hh_size >= 277 & earned_by_hh_size < 319 & months_since_cert_n < 9 & shelter_expenses_by_hh_size < 43",35,35,16,0,0,0,0,0,0,FALSE,0.457142857142857,0.457142857142857,0.280513156042504,0.280513156042504,0,0
"national","4+","gross_by_hh_size >= 431 & months_since_cert_n >= 11 & shelter_expenses_by_hh_size >= 329",182,182,65,0,0,0,3,0,0,FALSE,0.357142857142857,0.357142857142857,0.279750029985643,0.279750029985643,0,0.0164835164835165
"national","4+","months_since_cert_n >= 7 & rawben_rel_max >= 0.805 & rawben_rel_max < 0.824 & shelter_expenses_by_hh_size >= 136",67,67,27,0,0,0,0,0,0,FALSE,0.402985074626866,0.402985074626866,0.275963277466014,0.275963277466014,0,0
"national","2-3","shelter_expenses_by_hh_size > 487 & total_deductions_by_hh_size > 691 & unc_rawben_rel_max <= 1",953,953,293,0,0,0,12,0,0,FALSE,0.307450157397691,0.307450157397691,0.273850634027422,0.273850634027422,0,0.012591815320042
"national","4+","months_since_cert_n > 5.5 & unc_rawben_rel_max <= 0.975 & unearned_by_hh_size <= 212 & utilities_sua > 0.5",2258,2258,667,0,0,0,4,0,0,FALSE,0.295394154118689,0.295394154118689,0.273572871046516,0.273572871046516,0,0.00177147918511957
"national","2-3","earned_by_hh_size >= 110 & months_since_cert_n >= 18 & shelter_expenses_by_hh_size < 1020",101,101,38,3,3,3,9,0.0297029702970297,0.0789473684210526,FALSE,0.376237623762376,0.357142857142857,0.273114851486367,0.254763513235228,0.0297029702970297,0.0891089108910891
"national","4+","gross_by_hh_size >= 819 & shelter_expenses_by_hh_size < 424 & total_deductions_by_hh_size >= 49.8 & unc_rawben_rel_max >= 0.392",62,62,25,0,0,0,0,0,0,FALSE,0.403225806451613,0.403225806451613,0.271804394305589,0.271804394305589,0,0
"national","1","earned_by_hh_size >= 578 & gross_by_hh_size < 704 & months_since_cert_n < 14 & unc_rawben_rel_max >= 1.02",447,447,143,173,97,180,255,0.387024608501119,0.678321678321678,TRUE,0.319910514541387,0.167883211678832,0.271010430121355,0.121908290985489,0.402684563758389,0.570469798657718
"national","4+","count_divisible_by_100 > 1.5 & expedited_i <= 0 & months_since_cert_n > 5.5 & unearned_by_hh_size <= 143",39,39,17,1,0,1,4,0.0256410256410256,0,FALSE,0.435897435897436,0.447368421052632,0.270453709020398,0.278270350213364,0.0256410256410256,0.102564102564103
"national","4+","gross_by_hh_size >= 588 & rawben_rel_max >= 0.648 & rawben_rel_max < 0.752",188,188,65,0,0,0,0,0,0,FALSE,0.345744680851064,0.345744680851064,0.270396180742381,0.270396180742381,0,0
"national","4+","months_since_cert_n >= 11 & shelter_expenses_by_hh_size >= 336 & shelter_expenses_by_hh_size < 476",173,173,60,4,1,5,5,0.023121387283237,0.0166666666666667,FALSE,0.346820809248555,0.349112426035503,0.268452306198172,0.269705183726858,0.0289017341040462,0.0289017341040462
"national","4+","gross_by_hh_size <= 493 & total_deductions_by_hh_size > 164 & unc_rawben_rel_max <= 0.927 & utilities_sua <= 0.5",48,48,20,0,0,0,1,0,0,FALSE,0.416666666666667,0.416666666666667,0.267971343294346,0.267971343294346,0,0.0208333333333333
"national","4+","earned_by_hh_size > 41.7 & months_since_cert_n > 5.5 & shelter_expenses_by_hh_size > 160 & unc_rawben_rel_max <= 1.13",2215,2215,646,27,14,31,77,0.0121896162528217,0.021671826625387,FALSE,0.291647855530474,0.288848263254113,0.269713699674053,0.266853569372251,0.0139954853273138,0.0347629796839729
"national","4+","earned_by_hh_size >= 379 & elderly_disabled_i >= 1 & married <= 0 & rawben_rel_max >= 0.454",72,72,28,0,0,0,2,0,0,FALSE,0.388888888888889,0.388888888888889,0.26754147145644,0.26754147145644,0,0.0277777777777778
"national","4+","bbce_state_i >= 1 & expedited_i >= 1 & shelter_expenses_by_hh_size > 131 & unc_rawben_rel_max <= 0.988",287,287,94,0,0,0,2,0,0,FALSE,0.327526132404181,0.327526132404181,0.266800354571265,0.266800354571265,0,0.00696864111498258
"national","1","earned_by_hh_size >= 328 & unc_rawben_rel_max >= 1.25 & unc_rawben_rel_max < 1.44",756,756,227,185,107,192,403,0.244708994708995,0.47136563876652,TRUE,0.30026455026455,0.21015761821366,0.263019317881189,0.173312708891597,0.253968253968254,0.533068783068783
"national","1","elderly_disabled_i >= 1 & gross_by_hh_size > 870 & rawben_rel_max > 0.991 & unc_rawben_rel_max <= 1.03",1561,1561,445,5,1,44,293,0.00320307495195388,0.00224719101123596,FALSE,0.285073670723895,0.285347043701799,0.259273863381737,0.259498544326881,0.0281870595771941,0.187700192184497
"national","4+","elderly_disabled_i >= 1 & gross_by_hh_size > 99.9 & unearned_by_hh_size <= 125",180,180,60,0,0,0,8,0,0,FALSE,0.333333333333333,0.333333333333333,0.257523865426153,0.257523865426153,0,0.0444444444444444
"national","2-3","HH_size_n > 2.5 & medical_deductions <= 172 & total_deductions_by_hh_size > 488 & unearned_by_hh_size > 61.6",280,280,89,0,0,0,19,0,0,FALSE,0.317857142857143,0.317857142857143,0.257106548802124,0.257106548802124,0,0.0678571428571429
"national","2-3","earned_by_hh_size > 95.8 & medical_deductions <= 160 & total_deductions_by_hh_size > 479 & unearned_by_hh_size > 138",668,668,198,0,0,0,59,0,0,FALSE,0.296407185628743,0.296407185628743,0.257077086550695,0.257077086550695,0,0.0883233532934132
"national","4+","children_i >= 1 & gross_by_hh_size >= 290 & months_since_cert_n >= 3 & shelter_expenses_by_hh_size >= 435",992,992,284,0,0,0,13,0,0,FALSE,0.286290322580645,0.286290322580645,0.254137604248055,0.254137604248055,0,0.0131048387096774
"national","4+","bbce_state_i >= 1 & earned_by_hh_size >= 917 & rawben_rel_max >= 0.353 & unearned_by_hh_size < 368",63,63,24,0,0,0,0,0,0,FALSE,0.380952380952381,0.380952380952381,0.253475994955997,0.253475994955997,0,0
"national","2-3","percent_abawd <= 0.167 & rawben_rel_max > 0.998 & unc_rawben_rel_max <= 1",284,284,89,0,0,0,2,0,0,FALSE,0.313380281690141,0.313380281690141,0.253350109202488,0.253350109202488,0,0.00704225352112676
"national","4+","elderly_disabled_i <= 0 & HH_size_n >= 7 & total_deductions_by_hh_size >= 128 & unearned_by_hh_size >= 3.17",197,197,64,0,0,0,6,0,0,FALSE,0.3248730964467,0.3248730964467,0.252843908946513,0.252843908946513,0,0.0304568527918782
"national","2-3","bbce_state_i >= 1 & medical_deductions >= 162 & months_since_cert_n >= 4 & unc_rawben_rel_max >= -0.105",363,363,111,0,0,0,5,0,0,FALSE,0.305785123966942,0.305785123966942,0.252730429887093,0.252730429887093,0,0.0137741046831956
"national","4+","earned_by_hh_size > 66.8 & months_since_cert_n <= 5.5 & total_deductions_by_hh_size <= 120 & utilities_sua <= 0.5",161,161,53,0,0,0,2,0,0,FALSE,0.329192546583851,0.329192546583851,0.249832756482351,0.249832756482351,0,0.0124223602484472
"national","4+","earned_by_hh_size >= 584 & earned_by_hh_size < 600 & total_deductions_by_hh_size >= 194",124,124,42,0,0,0,0,0,0,FALSE,0.338709677419355,0.338709677419355,0.248449345732459,0.248449345732459,0,0
"national","2-3","bbce_state_i >= 1 & expedited_i >= 1 & unc_rawben_rel_max <= 0.906",659,659,186,0,0,0,6,0,0,FALSE,0.282245827010622,0.282245827010622,0.243364678792024,0.243364678792024,0,0.00910470409711684
"national","2-3","earned_by_hh_size > 54.8 & HH_size_n > 2.5 & unearned_by_hh_size > 38.8",1582,1582,424,0,0,0,77,0,0,FALSE,0.268015170670038,0.268015170670038,0.242935691158927,0.242935691158927,0,0.0486725663716814
"national","4+","earned_by_hh_size >= 579 & months_since_cert_n < 6 & total_deductions_by_hh_size >= 165 & unearned_by_hh_size >= 149",150,150,48,0,0,0,0,0,0,FALSE,0.32,0.32,0.239004955552257,0.239004955552257,0,0
"national","4+","earned_by_hh_size < 404 & months_since_cert_n >= 13 & total_deductions_by_hh_size >= 94 & total_deductions_by_hh_size < 174",87,87,30,0,0,0,4,0,0,FALSE,0.344827586206897,0.344827586206897,0.238546008035243,0.238546008035243,0,0.0459770114942529
"national","2-3","count_divisible_by_100 > 0.5 & earned_by_hh_size > 194 & medical_deductions <= 148 & total_deductions_by_hh_size <= 308",242,242,73,0,0,0,2,0,0,FALSE,0.301652892561983,0.301652892561983,0.237979884153416,0.237979884153416,0,0.00826446280991736
"national","4+","rawben_rel_max <= 0.573 & shelter_expenses_by_hh_size > 187 & shelter_expenses_by_hh_size <= 195 & unearned_by_hh_size > 6.88",67,67,24,0,0,0,0,0,0,FALSE,0.358208955223881,0.358208955223881,0.237314308500161,0.237314308500161,0,0
"national","2-3","count_divisible_by_100 > 1.5 & earned_by_hh_size <= 18.2",44,44,17,1,1,1,6,0.0227272727272727,0.0588235294117647,FALSE,0.386363636363636,0.372093023255814,0.237204772393928,0.224166761490865,0.0227272727272727,0.136363636363636
"national","2-3","earned_by_hh_size >= 21.7 & rawben_rel_max >= 0.636 & rawben_rel_max < 0.699 & total_deductions_by_hh_size < 186",95,95,32,0,0,0,1,0,0,FALSE,0.336842105263158,0.336842105263158,0.235572654852497,0.235572654852497,0,0.0105263157894737
"national","4+","earned_by_hh_size < 761 & gross_by_hh_size >= 701 & HH_size_n < 6 & rawben_rel_max >= 0.303",768,768,208,0,0,0,0,0,0,FALSE,0.270833333333333,0.270833333333333,0.235233877868247,0.235233877868247,0,0
"national","2-3","shelter_expenses_by_hh_size > 838 & unc_rawben_rel_max <= 1",1655,1655,428,0,0,0,22,0,0,FALSE,0.258610271903323,0.258610271903323,0.234389728908863,0.234389728908863,0,0.0132930513595166
"national","4+","earned_by_hh_size > 404 & gross_by_hh_size <= 440",311,311,90,0,0,0,1,0,0,FALSE,0.289389067524116,0.289389067524116,0.233582848576695,0.233582848576695,0,0.00321543408360129
"national","1","gross_by_hh_size > 346 & months_since_cert_n > 5.5 & percent_abawd > 0.5 & total_deductions_by_hh_size > 211",663,663,180,41,28,44,104,0.0618401206636501,0.155555555555556,FALSE,0.271493212669683,0.244372990353698,0.23328861132412,0.206612673805265,0.0663650075414781,0.156862745098039
"national","1","expedited_i >= 1 & gross_by_hh_size >= 1750 & unc_rawben_rel_max >= 0.076",75,75,26,0,0,0,4,0,0,FALSE,0.346666666666667,0.346666666666667,0.233106996855944,0.233106996855944,0,0.0533333333333333
"national","2-3","earned_by_hh_size >= 1140 & percent_abawd >= 0.333 & percent_abawd < 0.667 & rawben_rel_max < 0.163",55,55,20,0,0,0,0,0,0,FALSE,0.363636363636364,0.363636363636364,0.231372248810669,0.231372248810669,0,0
"national","4+","earned_by_hh_size < 627 & elderly_disabled_i >= 1 & months_since_cert_n >= 7 & total_deductions_by_hh_size >= 192",276,276,80,0,0,0,10,0,0,FALSE,0.289855072463768,0.289855072463768,0.230857945672688,0.230857945672688,0,0.036231884057971
"national","1","earned_by_hh_size > 454 & elderly_disabled_i >= 1 & months_since_cert_n > 15 & unearned_by_hh_size <= 919",62,62,22,0,0,0,13,0,0,FALSE,0.354838709677419,0.354838709677419,0.230440441733044,0.230440441733044,0,0.209677419354839
"national","4+","earned_by_hh_size < 888 & months_since_cert_n >= 8 & unearned_by_hh_size >= 528 & unearned_by_hh_size < 615",62,62,22,0,0,0,0,0,0,FALSE,0.354838709677419,0.354838709677419,0.230440441733044,0.230440441733044,0,0
"national","2-3","children_i <= 0 & earned_by_hh_size <= 1770 & gross_by_hh_size > 368 & total_deductions_by_hh_size > 546",1297,1297,331,25,14,25,90,0.0192752505782575,0.0422960725075529,FALSE,0.25520431765613,0.249213836477987,0.228103329978641,0.222105302973405,0.0192752505782575,0.0693909020817271
"national","1","homeless >= 1 & total_deductions_by_hh_size > 413 & unearned_by_hh_size > 490",315,315,89,1,0,6,15,0.00317460317460317,0,FALSE,0.282539682539683,0.28343949044586,0.227591191904512,0.228339848395143,0.019047619047619,0.0476190476190476
"national","4+","HH_size_n > 5.5 & shelter_expenses_by_hh_size <= 83.7 & unearned_by_hh_size > 158",146,146,45,0,0,0,0,0,0,FALSE,0.308219178082192,0.308219178082192,0.227517096120091,0.227517096120091,0,0
"national","2-3","unc_rawben_rel_max >= 0.043 & unearned_by_hh_size >= 1040",597,597,159,0,0,0,0,0,0,FALSE,0.266331658291457,0.266331658291457,0.226486318832453,0.226486318832453,0,0
"national","1","gross_by_hh_size < 1660 & medical_deductions >= 426 & unc_rawben_rel_max < 1.9 & unearned_by_hh_size >= 1180",95,95,31,0,0,0,1,0,0,FALSE,0.326315789473684,0.326315789473684,0.226437760298018,0.226437760298018,0,0.0105263157894737
"national","4+","count_divisible_by_100 >= 1 & earned_by_hh_size >= 355 & unc_rawben_rel_max >= 0.516",240,240,69,0,0,0,1,0,0,FALSE,0.2875,0.2875,0.224820807260987,0.224820807260987,0,0.00416666666666667
"national","4+","months_since_cert_n >= 3 & months_since_cert_n < 7 & unc_rawben_rel_max >= 0.436 & unearned_by_hh_size >= 368",334,334,92,0,0,0,0,0,0,FALSE,0.275449101796407,0.275449101796407,0.222512013239601,0.222512013239601,0,0
"national","2-3","months_since_cert_n >= 13 & unc_rawben_rel_max >= 1.14 & unc_rawben_rel_max < 1.34",82,82,27,6,4,6,29,0.0731707317073171,0.148148148148148,FALSE,0.329268292682927,0.302631578947368,0.222442121791019,0.196594856830716,0.0731707317073171,0.353658536585366
"national","4+","HH_size_n < 6 & shelter_expenses_by_hh_size >= 277 & shelter_expenses_by_hh_size < 288 & total_deductions_by_hh_size >= 227",174,174,51,4,3,5,6,0.0229885057471264,0.0588235294117647,FALSE,0.293103448275862,0.282352941176471,0.220051738441341,0.209725632043162,0.028735632183908,0.0344827586206897
"national","2-3","rawben_rel_max >= 0.684 & rawben_rel_max < 0.715 & total_deductions_by_hh_size >= 268",425,425,113,0,0,0,1,0,0,FALSE,0.265882352941176,0.265882352941176,0.219204723878475,0.219204723878475,0,0.00235294117647059
"national","2-3","gross_by_hh_size >= 452 & months_since_cert_n >= 19 & percent_abawd < 0.667 & unc_rawben_rel_max >= 1",44,44,16,0,0,0,10,0,0,FALSE,0.363636363636364,0.363636363636364,0.218689406808767,0.218689406808767,0,0.227272727272727
"national","2-3","earned_by_hh_size >= 702 & HH_size_n >= 3 & rawben_rel_max >= 0.57 & unearned_by_hh_size < 44",361,361,97,0,0,0,1,0,0,FALSE,0.268698060941828,0.268698060941828,0.218140230735855,0.218140230735855,0,0.00277008310249307
"national","4+","total_deductions_by_hh_size >= 87.2 & unc_rawben_rel_max >= 1.06 & unc_rawben_rel_max < 1.07",129,129,39,11,4,24,56,0.0852713178294574,0.102564102564103,FALSE,0.302325581395349,0.296610169491525,0.217797518998037,0.209475151336048,0.186046511627907,0.434108527131783
"national","2-3","gross_by_hh_size > 216 & gross_by_hh_size <= 262 & months_since_cert_n > 5.5 & unearned_by_hh_size <= 200",95,95,30,25,16,25,40,0.263157894736842,0.533333333333333,TRUE,0.315789473684211,0.2,0.217361250950391,0.112242155317434,0.263157894736842,0.421052631578947
"national","2-3","HH_size_n > 2.5 & unearned_by_hh_size > 63.8 & unearned_by_hh_size <= 70.2",55,55,19,0,0,0,11,0,0,FALSE,0.345454545454545,0.345454545454545,0.216319108447406,0.216319108447406,0,0.2
"national","4+","gross_by_hh_size >= 428 & gross_by_hh_size < 467 & total_deductions_by_hh_size >= 198",328,328,88,0,0,0,3,0,0,FALSE,0.268292682926829,0.268292682926829,0.215486694631202,0.215486694631202,0,0.00914634146341463
"national","4+","count_divisible_by_100 <= 0.5 & rawben_rel_max > 0.999 & total_deductions_by_hh_size > 278 & unearned_by_hh_size <= 20.6",210,210,59,53,33,53,69,0.252380952380952,0.559322033898305,TRUE,0.280952380952381,0.165605095541401,0.215010432992005,0.107989975289618,0.252380952380952,0.328571428571429
"national","2-3","earned_by_hh_size > 213 & expedited_i >= 1 & gross_by_hh_size <= 451",239,239,66,39,26,39,69,0.163179916317992,0.393939393939394,TRUE,0.276150627615063,0.2,0.214402250856777,0.142505511811482,0.163179916317992,0.288702928870293
"national","4+","HH_size_n >= 8 & rawben_rel_max < 0.746 & shelter_expenses_by_hh_size < 145 & unearned_by_hh_size < 75.2",63,63,21,0,0,0,0,0,0,FALSE,0.333333333333333,0.333333333333333,0.213291382652198,0.213291382652198,0,0
"national","4+","months_since_cert_n >= 4 & months_since_cert_n < 7 & rawben_rel_max >= 0.262 & unearned_by_hh_size >= 500",120,120,36,0,0,0,0,0,0,FALSE,0.3,0.3,0.213056301576648,0.213056301576648,0,0
"national","2-3","gross_by_hh_size > 1790 & unc_rawben_rel_max <= -0.626",124,124,37,0,0,0,5,0,0,FALSE,0.298387096774194,0.298387096774194,0.212882642614351,0.212882642614351,0,0.0403225806451613
"national","2-3","married >= 1 & rawben_rel_max > 0.975 & unc_rawben_rel_max <= 1",124,124,37,0,0,0,0,0,0,FALSE,0.298387096774194,0.298387096774194,0.212882642614351,0.212882642614351,0,0
"national","4+","gross_by_hh_size >= 862 & months_since_cert_n >= 2 & rawben_rel_max >= 0.176 & unearned_by_hh_size < 51.5",316,316,84,0,0,0,0,0,0,FALSE,0.265822784810127,0.265822784810127,0.212313214697364,0.212313214697364,0,0
"national","1","total_deductions_by_hh_size > 363 & unc_rawben_rel_max > 0.998 & unc_rawben_rel_max <= 1.03 & utilities_sua <= 0.5",176,176,102,0,0,1,74,0,0,FALSE,0.579545454545455,0.579545454545455,0.491892556344856,0.491892556344856,0.00568181818181818,0.420454545454545
"national","2-3","children_i <= 0 & percent_abawd <= 0.833 & rawben_rel_max > 0.997 & unc_rawben_rel_max <= 1",72,72,41,0,0,0,0,0,0,FALSE,0.569444444444444,0.569444444444444,0.43359763477951,0.43359763477951,0,0
"national","4+","HH_size_n > 4.5 & months_since_cert_n > 1.5 & total_deductions_by_hh_size > 492",31,31,17,0,0,0,1,0,0,FALSE,0.548387096774194,0.548387096774194,0.349228942469001,0.349228942469001,0,0.032258064516129
"national","1","earned_by_hh_size >= 701 & gross_by_hh_size < 1210 & total_deductions_by_hh_size >= 1100 & unc_rawben_rel_max >= 1.34",91,91,39,0,0,0,45,0,0,FALSE,0.428571428571429,0.428571428571429,0.315280789838452,0.315280789838452,0,0.494505494505495
"national","2-3","elderly_disabled_i >= 1 & HH_size_n > 2.5 & total_deductions_by_hh_size > 488 & unc_rawben_rel_max <= 1",113,113,47,0,0,0,0,0,0,FALSE,0.415929203539823,0.415929203539823,0.31434491163627,0.31434491163627,0,0
"national","4+","count_divisible_by_100 >= 1 & gross_by_hh_size >= 505 & months_since_cert_n >= 6 & shelter_expenses_by_hh_size >= 346",68,68,30,0,0,0,1,0,0,FALSE,0.441176470588235,0.441176470588235,0.310646705114507,0.310646705114507,0,0.0147058823529412
"national","4+","shelter_expenses_by_hh_size >= 103 & unc_rawben_rel_max >= 1.08 & unc_rawben_rel_max < 1.1",254,254,96,79,45,89,151,0.311023622047244,0.46875,TRUE,0.377952755905512,0.291428571428571,0.31042798798071,0.218742025393562,0.350393700787402,0.594488188976378
"national","2-3","medical_deductions >= 164 & rawben_rel_max >= 0.703 & unc_rawben_rel_max >= 0.657 & unc_rawben_rel_max < 0.907",64,64,28,0,0,0,0,0,0,FALSE,0.4375,0.4375,0.303786521390041,0.303786521390041,0,0
"national","4+","gross_by_hh_size <= 467 & months_since_cert_n > 8.5 & shelter_expenses_by_hh_size > 211 & unc_rawben_rel_max <= 0.976",332,332,119,0,0,0,1,0,0,FALSE,0.358433734939759,0.358433734939759,0.299937940732561,0.299937940732561,0,0.00301204819277108
"national","4+","months_since_cert_n >= 3 & months_since_cert_n < 10 & shelter_expenses_by_hh_size < 378 & total_deductions_by_hh_size >= 338",184,184,69,0,0,0,7,0,0,FALSE,0.375,0.375,0.296671833321825,0.296671833321825,0,0.0380434782608696
"national","2-3","gross_by_hh_size < 1120 & medical_deductions >= 196 & months_since_cert_n >= 2 & shelter_expenses_by_hh_size >= 292",132,132,51,0,0,0,3,0,0,FALSE,0.386363636363636,0.386363636363636,0.294117266468087,0.294117266468087,0,0.0227272727272727
"national","4+","HH_size_n > 4.5 & married >= 1 & percent_abawd > 0.225 & unc_rawben_rel_max <= 1",80,80,32,0,0,0,0,0,0,FALSE,0.4,0.4,0.282872644744537,0.282872644744537,0,0
"national","4+","months_since_cert_n < 6 & unc_rawben_rel_max >= 1.08 & unc_rawben_rel_max < 1.1 & unearned_by_hh_size < 10.4",147,147,54,52,31,58,88,0.353741496598639,0.574074074074074,TRUE,0.36734693877551,0.242105263157895,0.281105081982025,0.155602551636472,0.394557823129252,0.598639455782313
"national","4+","earned_by_hh_size > 41.4 & expedited_i >= 1 & rawben_rel_max <= 0.976 & unc_rawben_rel_max > 0.475",252,252,86,0,0,0,2,0,0,FALSE,0.341269841269841,0.341269841269841,0.275786722107709,0.275786722107709,0,0.00793650793650794
"national","2-3","earned_by_hh_size > 7 & months_since_cert_n > 8.5 & shelter_expenses_by_hh_size > 770",262,262,89,13,8,13,33,0.049618320610687,0.0898876404494382,FALSE,0.33969465648855,0.325301204819277,0.27549446030558,0.260596608005267,0.049618320610687,0.125954198473282
"national","2-3","shelter_expenses_by_hh_size >= 584 & shelter_expenses_by_hh_size < 709 & total_deductions_by_hh_size >= 691 & unc_rawben_rel_max < 1",92,92,35,0,0,0,0,0,0,FALSE,0.380434782608696,0.380434782608696,0.2724659121342,0.2724659121342,0,0
"national","2-3","shelter_expenses_by_hh_size > 997 & total_deductions_by_hh_size > 598 & utilities_sua > 0.5",672,672,207,0,0,0,40,0,0,FALSE,0.308035714285714,0.308035714285714,0.26828068858548,0.26828068858548,0,0.0595238095238095
"national","4+","months_since_cert_n >= 2 & shelter_expenses_by_hh_size >= 378 & unearned_by_hh_size >= 160 & unearned_by_hh_size < 206",103,103,38,5,2,11,13,0.0485436893203883,0.0526315789473684,FALSE,0.368932038834951,0.36734693877551,0.267482977463314,0.26380112006448,0.106796116504854,0.12621359223301
"national","4+","earned_by_hh_size >= 490 & months_since_cert_n >= 13 & shelter_expenses_by_hh_size >= 221 & unearned_by_hh_size < 212",61,61,24,0,0,0,0,0,0,FALSE,0.39344262295082,0.39344262295082,0.262419601033208,0.262419601033208,0,0
"national","4+","count_divisible_by_100 > 0.5 & gross_by_hh_size > 68 & HH_size_n > 4.5 & married >= 1",266,266,86,1,1,2,5,0.0037593984962406,0.0116279069767442,FALSE,0.323308270676692,0.320754716981132,0.2606975851903,0.25822025584035,0.0075187969924812,0.018796992481203
"national","1","earned_by_hh_size > 164 & elderly_disabled_i <= 0 & shelter_expenses_by_hh_size > 1350 & unearned_by_hh_size > 226",56,56,22,0,0,0,15,0,0,FALSE,0.392857142857143,0.392857142857143,0.257028219005927,0.257028219005927,0,0.267857142857143
"national","2-3","percent_abawd >= 0.667 & rawben_rel_max < 0.711 & unearned_by_hh_size >= 0.5",35,35,15,0,0,0,1,0,0,FALSE,0.428571428571429,0.428571428571429,0.256808072975818,0.256808072975818,0,0.0285714285714286
"national","4+","expedited_i <= 0 & gross_by_hh_size >= 265 & rawben_rel_max >= 0.739 & shelter_expenses_by_hh_size < 7.25",35,35,15,0,0,0,1,0,0,FALSE,0.428571428571429,0.428571428571429,0.256808072975818,0.256808072975818,0,0.0285714285714286
"national","4+","earned_by_hh_size >= 941 & rawben_rel_max >= 0.345",50,50,20,0,0,0,0,0,0,FALSE,0.4,0.4,0.256372347077948,0.256372347077948,0,0
"national","2-3","shelter_expenses_by_hh_size >= 1050 & unearned_by_hh_size >= 54.5",463,463,139,6,3,6,34,0.0129589632829374,0.0215827338129496,FALSE,0.300215982721382,0.297592997811816,0.2532094134323,0.250450486547262,0.0129589632829374,0.0734341252699784
"national","1","elderly_disabled_i >= 1 & unc_rawben_rel_max > 0.312 & unearned_by_hh_size > 1120 & utilities_sua <= 1.5",591,591,173,0,0,0,7,0,0,FALSE,0.292724196277496,0.292724196277496,0.251226505519097,0.251226505519097,0,0.011844331641286
"national","4+","count_divisible_by_100 > 0.5 & earned_by_hh_size > 42.6 & months_since_cert_n > 6.5 & unc_rawben_rel_max <= 0.669",100,100,35,0,0,0,0,0,0,FALSE,0.35,0.35,0.249366467529326,0.249366467529326,0,0
"national","2-3","earned_by_hh_size <= 194 & medical_deductions > 154 & months_since_cert_n > 26.5 & shelter_expenses_by_hh_size > 277",36,36,15,0,0,0,1,0,0,FALSE,0.416666666666667,0.416666666666667,0.249021626896194,0.249021626896194,0,0.0277777777777778
"national","4+","months_since_cert_n < 11 & shelter_expenses_by_hh_size < 244 & total_deductions_by_hh_size >= 270",179,179,57,0,0,0,10,0,0,FALSE,0.318435754189944,0.318435754189944,0.243788873129156,0.243788873129156,0,0.0558659217877095
"national","2-3","children_i <= 0 & months_since_cert_n < 6 & total_deductions_by_hh_size >= 691",290,290,86,0,0,0,18,0,0,FALSE,0.296551724137931,0.296551724137931,0.23835492541108,0.23835492541108,0,0.0620689655172414
"national","4+","expedited_i >= 1 & married <= 0 & shelter_expenses_by_hh_size <= 182 & unc_rawben_rel_max <= 0.975",133,133,43,0,0,0,0,0,0,FALSE,0.323308270676692,0.323308270676692,0.237481288742287,0.237481288742287,0,0
"national","2-3","elderly_disabled_i >= 1 & gross_by_hh_size > 1070 & months_since_cert_n <= 5.5 & unc_rawben_rel_max > 0.134",239,239,72,0,0,0,1,0,0,FALSE,0.301255230125523,0.301255230125523,0.237251413813144,0.237251413813144,0,0.00418410041841004
"national","4+","months_since_cert_n >= 4 & rawben_rel_max >= 0.353 & rawben_rel_max < 0.371",120,120,39,0,0,0,0,0,0,FALSE,0.325,0.325,0.234974158146968,0.234974158146968,0,0
"national","1","earned_by_hh_size >= 132 & months_since_cert_n >= 22 & unc_rawben_rel_max >= 1.03",48,48,18,7,5,7,22,0.145833333333333,0.277777777777778,TRUE,0.375,0.317073170731707,0.233060308380399,0.178093072142381,0.145833333333333,0.458333333333333
"national","2-3","children_i <= 0 & earned_by_hh_size > 336 & rawben_rel_max <= 0.0433 & shelter_expenses_by_hh_size > 393",48,48,18,0,0,0,1,0,0,FALSE,0.375,0.375,0.233060308380399,0.233060308380399,0,0.0208333333333333
"national","2-3","children_i >= 1 & months_since_cert_n > 10.5 & percent_abawd > 0.167 & utilities_sua > 1.5",72,72,25,1,0,1,7,0.0138888888888889,0,FALSE,0.347222222222222,0.352112676056338,0.231585239963398,0.235059484912337,0.0138888888888889,0.0972222222222222
"national","4+","elderly_disabled_i <= 0 & married >= 1 & rawben_rel_max <= 0.994 & total_deductions_by_hh_size > 300",834,834,221,0,0,0,1,0,0,FALSE,0.264988009592326,0.264988009592326,0.231039417755551,0.231039417755551,0,0.00119904076738609
"national","1","gross_by_hh_size > 330 & months_since_cert_n > 5.5 & percent_abawd > 0.5 & rawben_rel_max > 0.997",227,227,67,40,28,41,86,0.176211453744493,0.417910447761194,TRUE,0.295154185022026,0.20855614973262,0.230168518644451,0.148133315147601,0.180616740088106,0.378854625550661
"national","2-3","earned_by_hh_size > 127 & expedited_i <= 0 & shelter_expenses_by_hh_size > 726 & total_deductions_by_hh_size <= 543",335,335,95,9,8,9,27,0.026865671641791,0.0842105263157895,FALSE,0.283582089552239,0.266871165644172,0.230093804170582,0.214033479622981,0.026865671641791,0.0805970149253731
"national","2-3","gross_by_hh_size > 364 & HH_size_n > 2.5 & months_since_cert_n <= 10.5 & percent_abawd > 0.167",430,430,119,0,0,0,3,0,0,FALSE,0.276744186046512,0.276744186046512,0.229570483572812,0.229570483572812,0,0.00697674418604651
"national","4+","children_i >= 1 & elderly_disabled_i >= 1 & rawben_rel_max > 0.975 & unc_rawben_rel_max <= 1",94,94,31,0,0,0,0,0,0,FALSE,0.329787234042553,0.329787234042553,0.228982877993909,0.228982877993909,0,0
"national","2-3","count_divisible_by_100 > 0.5 & shelter_expenses_by_hh_size > 653 & unc_rawben_rel_max <= 1",346,346,97,0,0,0,1,0,0,FALSE,0.280346820809249,0.280346820809249,0.227893137370051,0.227893137370051,0,0.00289017341040462
"national","4+","months_since_cert_n >= 6 & percent_abawd >= 0.3",120,120,38,1,0,1,2,0.00833333333333333,0,FALSE,0.316666666666667,0.319327731092437,0.227634027965015,0.22964475404223,0.00833333333333333,0.0166666666666667
"national","4+","gross_by_hh_size < 808 & months_since_cert_n >= 3 & rawben_rel_max < 0.587 & utilities_sua < 2",394,394,109,0,0,0,0,0,0,FALSE,0.276649746192893,0.276649746192893,0.227523101913339,0.227523101913339,0,0
"national","4+","married >= 1 & unearned_by_hh_size >= 26.3 & unearned_by_hh_size < 164",612,612,163,4,0,4,36,0.0065359477124183,0,FALSE,0.266339869281046,0.268092105263158,0.226956977577136,0.228486216054337,0.0065359477124183,0.0588235294117647
"national","4+","gross_by_hh_size >= 704 & gross_by_hh_size < 740 & months_since_cert_n < 9",435,435,119,0,0,0,0,0,0,FALSE,0.273563218390805,0.273563218390805,0.226857362653327,0.226857362653327,0,0
"national","1","medical_deductions >= 137 & total_deductions_by_hh_size >= 555 & unc_rawben_rel_max < 1.02 & utilities_sua < 1",174,174,52,1,0,3,4,0.00574712643678161,0,FALSE,0.298850574712644,0.300578034682081,0.225194233636081,0.226551742821555,0.0172413793103448,0.0229885057471264
"national","2-3","shelter_expenses_by_hh_size >= 432 & total_deductions_by_hh_size >= 434 & unearned_by_hh_size >= 548 & unearned_by_hh_size < 560",33,33,13,0,0,0,3,0,0,FALSE,0.393939393939394,0.393939393939394,0.22488819799654,0.22488819799654,0,0.0909090909090909
"national","1","earned_by_hh_size < 1 & rawben_rel_max >= 0.608 & total_deductions_by_hh_size >= 1340 & unc_rawben_rel_max < 1.01",622,622,163,0,0,0,0,0,0,FALSE,0.262057877813505,0.262057877813505,0.223222139106152,0.223222139106152,0,0
"national","1","bbce_state_i >= 1 & homeless >= 1 & total_deductions_by_hh_size > 416 & unc_rawben_rel_max <= 1.09",412,412,111,1,0,6,25,0.00242718446601942,0,FALSE,0.269417475728155,0.27007299270073,0.221808031851158,0.222363084718065,0.0145631067961165,0.0606796116504854
"national","1","shelter_expenses_by_hh_size > 2620 & unc_rawben_rel_max <= 1.08",74,74,39,3,3,3,10,0.0405405405405405,0.0769230769230769,FALSE,0.527027027027027,0.507042253521127,0.394854181586815,0.373509269835877,0.0405405405405405,0.135135135135135
"national","4+","earned_by_hh_size >= 164 & shelter_expenses_by_hh_size >= 154 & unc_rawben_rel_max >= 1.08",141,141,63,57,34,57,91,0.404255319148936,0.53968253968254,TRUE,0.446808510638298,0.345238095238095,0.353183698860641,0.237273985152928,0.404255319148936,0.645390070921986
"national","1","expedited_i <= 0 & total_deductions_by_hh_size > 989 & utilities_sua <= 0.5",208,208,84,6,4,6,25,0.0288461538461538,0.0476190476190476,FALSE,0.403846153846154,0.396039603960396,0.328120929963367,0.319715591733271,0.0288461538461538,0.120192307692308
"national","2-3","months_since_cert_n >= 9 & total_deductions_by_hh_size >= 896 & unc_rawben_rel_max < 1.3",61,61,28,0,0,0,7,0,0,FALSE,0.459016393442623,0.459016393442623,0.320083744960879,0.320083744960879,0,0.114754098360656
"national","1","months_since_cert_n >= 11 & months_since_cert_n < 27 & rawben_rel_max >= 1 & unc_rawben_rel_max < 1.01",359,359,134,9,0,11,53,0.0250696378830084,0,FALSE,0.373259052924791,0.382857142857143,0.316177013614054,0.3246408347474,0.0306406685236769,0.147632311977716
"national","4+","gross_by_hh_size <= 538 & months_since_cert_n > 5.5 & percent_abawd > 0.183 & rawben_rel_max <= 0.976",117,117,48,0,0,0,1,0,0,FALSE,0.41025641025641,0.41025641025641,0.310737431154432,0.310737431154432,0,0.00854700854700855
"national","4+","earned_by_hh_size >= 70.8 & unc_rawben_rel_max >= 1.08 & unc_rawben_rel_max < 1.13",279,279,102,79,45,89,159,0.283154121863799,0.441176470588235,TRUE,0.365591397849462,0.285,0.301675864410565,0.217183115545757,0.318996415770609,0.56989247311828
"national","2-3","children_i <= 0 & earned_by_hh_size > 118 & shelter_expenses_by_hh_size > 898 & unc_rawben_rel_max <= 0.132",44,44,20,0,0,0,3,0,0,FALSE,0.454545454545455,0.454545454545455,0.294680897963161,0.294680897963161,0,0.0681818181818182
"national","4+","elderly_disabled_i <= 0 & expedited_i >= 1 & months_since_cert_n > 9.5 & rawben_rel_max <= 0.988",50,50,22,0,0,0,0,0,0,FALSE,0.44,0.44,0.29063956895756,0.29063956895756,0,0
"national","2-3","gross_by_hh_size >= 1530 & shelter_expenses_by_hh_size >= 1140 & unc_rawben_rel_max < 1.18",70,70,29,0,0,0,4,0,0,FALSE,0.414285714285714,0.414285714285714,0.288348720544695,0.288348720544695,0,0.0571428571428571
"national","2-3","earned_by_hh_size > 3.75 & rawben_rel_max <= 0.971 & shelter_expenses_by_hh_size > 1340",56,56,24,0,0,0,3,0,0,FALSE,0.428571428571429,0.428571428571429,0.28784312201277,0.28784312201277,0,0.0535714285714286
"national","4+","earned_by_hh_size >= 107 & months_since_cert_n < 23 & unc_rawben_rel_max >= 1.08 & unearned_by_hh_size < 212",302,302,105,79,45,89,163,0.26158940397351,0.428571428571429,TRUE,0.347682119205298,0.269058295964126,0.287127200003645,0.20605750249156,0.294701986754967,0.539735099337748
"national","2-3","gross_by_hh_size >= 1130 & shelter_expenses_by_hh_size < 884 & total_deductions_by_hh_size >= 717",191,191,69,0,0,0,2,0,0,FALSE,0.361256544502618,0.361256544502618,0.285261026573086,0.285261026573086,0,0.0104712041884817
"national","4+","gross_by_hh_size >= 171 & HH_size_n < 5 & unc_rawben_rel_max >= 1.08",176,176,64,57,34,57,95,0.323863636363636,0.53125,TRUE,0.363636363636364,0.252100840336134,0.284529714058248,0.171691470810355,0.323863636363636,0.539772727272727
"national","4+","earned_by_hh_size > 59.8 & rawben_rel_max > 0.606 & total_deductions_by_hh_size <= 117",468,468,155,0,0,0,11,0,0,FALSE,0.331196581196581,0.331196581196581,0.282775420613864,0.282775420613864,0,0.0235042735042735
"national","4+","rawben_rel_max <= 0.975 & shelter_expenses_by_hh_size > 216 & unearned_by_hh_size > 451 & utilities_sua <= 1.5",38,38,17,0,0,0,0,0,0,FALSE,0.447368421052632,0.447368421052632,0.278270350213364,0.278270350213364,0,0
"national","2-3","HH_size_n > 2.5 & months_since_cert_n <= 5.5 & rawben_rel_max <= 0.923 & total_deductions_by_hh_size > 594",133,133,49,0,0,0,0,0,0,FALSE,0.368421052631579,0.368421052631579,0.278055758773392,0.278055758773392,0,0
"national","4+","months_since_cert_n >= 8 & shelter_expenses_by_hh_size < 394 & total_deductions_by_hh_size >= 319",121,121,45,0,0,0,2,0,0,FALSE,0.371900826446281,0.371900826446281,0.277245574405439,0.277245574405439,0,0.0165289256198347
"national","2-3","married >= 1 & rawben_rel_max <= 0.26 & shelter_expenses_by_hh_size > 942 & total_deductions_by_hh_size > 366",82,82,32,0,0,0,4,0,0,FALSE,0.390243902439024,0.390243902439024,0.275487558582832,0.275487558582832,0,0.0487804878048781
"national","1","earned_by_hh_size < 1 & rawben_rel_max >= 0.972 & unc_rawben_rel_max < 1.02",2546,2546,751,202,54,261,729,0.0793401413982718,0.0719041278295606,FALSE,0.294972505891595,0.297354948805461,0.274403054704913,0.275881730955888,0.102513747054203,0.286331500392773
"national","4+","gross_by_hh_size >= 600 & months_since_cert_n < 5 & total_deductions_by_hh_size >= 288 & unearned_by_hh_size >= 234",80,80,31,0,0,0,0,0,0,FALSE,0.3875,0.3875,0.271804366889253,0.271804366889253,0,0
"national","2-3","medical_deductions <= 226 & percent_abawd > 0.167 & total_deductions_by_hh_size > 751 & utilities_sua > 0.5",68,68,27,0,0,0,3,0,0,FALSE,0.397058823529412,0.397058823529412,0.271599017239319,0.271599017239319,0,0.0441176470588235
"national","4+","gross_by_hh_size >= 312 & rawben_rel_max >= 0.99 & shelter_expenses_by_hh_size < 644 & unc_rawben_rel_max >= 0.82",68,68,27,0,0,0,16,0,0,FALSE,0.397058823529412,0.397058823529412,0.271599017239319,0.271599017239319,0,0.235294117647059
"national","4+","gross_by_hh_size >= 862 & months_since_cert_n >= 4 & unc_rawben_rel_max >= 0.264 & unearned_by_hh_size < 108",146,146,52,0,0,0,0,0,0,FALSE,0.356164383561644,0.356164383561644,0.270638156196346,0.270638156196346,0,0
"national","2-3","earned_by_hh_size > 250 & shelter_expenses_by_hh_size > 643 & total_deductions_by_hh_size > 105 & total_deductions_by_hh_size <= 370",42,42,18,17,13,17,17,0.404761904761905,0.722222222222222,TRUE,0.428571428571429,0.2,0.269351009309133,0.0764147241631629,0.404761904761905,0.404761904761905
"national","2-3","medical_deductions >= 426 & shelter_expenses_by_hh_size >= 714 & unc_rawben_rel_max < 0.85",34,34,15,0,0,0,0,0,0,FALSE,0.441176470588235,0.441176470588235,0.265104041536998,0.265104041536998,0,0
"national","1","gross_by_hh_size >= 2440 & months_since_cert_n >= 6 & shelter_expenses_by_hh_size >= 2180",37,37,16,0,0,0,3,0,0,FALSE,0.432432432432432,0.432432432432432,0.263895663617476,0.263895663617476,0,0.0810810810810811
"national","1","percent_abawd >= 1 & shelter_expenses_by_hh_size >= 1330 & unearned_by_hh_size >= 660",70,70,27,10,7,10,15,0.142857142857143,0.259259259259259,TRUE,0.385714285714286,0.333333333333333,0.263275633425801,0.210844495529155,0.142857142857143,0.214285714285714
"national","2-3","shelter_expenses_by_hh_size < 498 & total_deductions_by_hh_size >= 594 & unc_rawben_rel_max < 1",124,124,44,0,0,0,1,0,0,FALSE,0.354838709677419,0.354838709677419,0.262888779464161,0.262888779464161,0,0.00806451612903226
"national","1","rawben_rel_max < 0.74 & shelter_expenses_by_hh_size >= 1960 & total_deductions_by_hh_size >= 1710 & unc_rawben_rel_max >= 0.0819",61,61,24,0,0,0,0,0,0,FALSE,0.39344262295082,0.39344262295082,0.262419601033208,0.262419601033208,0,0
"national","1","gross_by_hh_size >= 2130 & months_since_cert_n < 31 & rawben_rel_max >= 0.256 & rawben_rel_max < 0.567",77,77,29,0,0,0,0,0,0,FALSE,0.376623376623377,0.376623376623377,0.260308834007604,0.260308834007604,0,0
"national","1","elderly_disabled_i >= 1 & shelter_expenses_by_hh_size > 2650 & unearned_by_hh_size > 756",71,71,27,0,0,0,5,0,0,FALSE,0.380281690140845,0.380281690140845,0.259304034916794,0.259304034916794,0,0.0704225352112676
"national","1","rawben_rel_max > 0.998 & shelter_expenses_by_hh_size <= 846 & unc_rawben_rel_max <= 1.03 & utilities_sua > 1.5",255,255,134,0,0,5,142,0,0,FALSE,0.525490196078431,0.525490196078431,0.45298302094232,0.45298302094232,0.0196078431372549,0.556862745098039
"national","1","earned_by_hh_size > 436 & expedited_i <= 0 & gross_by_hh_size > 626 & unc_rawben_rel_max > 1.33",329,329,135,139,84,139,214,0.422492401215805,0.622222222222222,TRUE,0.410334346504559,0.268421052631579,0.349201707622665,0.200819276158753,0.422492401215805,0.650455927051672
"national","1","months_since_cert_n >= 1 & unc_rawben_rel_max >= 1.01 & unc_rawben_rel_max < 1.02 & unearned_by_hh_size >= 439",544,544,211,15,9,51,389,0.0275735294117647,0.042654028436019,FALSE,0.387867647058824,0.381852551984877,0.340605994684808,0.334150085314958,0.09375,0.715073529411765
"national","2-3","gross_by_hh_size >= 1420 & shelter_expenses_by_hh_size >= 1310",58,58,27,0,0,0,4,0,0,FALSE,0.46551724137931,0.46551724137931,0.322727967213399,0.322727967213399,0,0.0689655172413793
"national","1","rawben_rel_max > 0.312 & rawben_rel_max <= 0.998 & total_deductions_by_hh_size > 1100 & utilities_sua <= 0.5",54,54,24,0,0,0,2,0,0,FALSE,0.444444444444444,0.444444444444444,0.299466655324793,0.299466655324793,0,0.037037037037037
"national","2-3","earned_by_hh_size >= 126 & gross_by_hh_size < 190 & unc_rawben_rel_max >= 1.08 & unc_rawben_rel_max < 1.11",46,46,21,0,0,0,31,0,0,FALSE,0.456521739130435,0.456521739130435,0.299445449948421,0.299445449948421,0,0.673913043478261
"national","4+","months_since_cert_n >= 12 & total_deductions_by_hh_size >= 308",65,65,28,0,0,0,4,0,0,FALSE,0.430769230769231,0.430769230769231,0.298721340089419,0.298721340089419,0,0.0615384615384615
"national","4+","gross_by_hh_size >= 128 & HH_size_n >= 6 & months_since_cert_n < 11 & total_deductions_by_hh_size >= 299",148,148,56,0,0,0,5,0,0,FALSE,0.378378378378378,0.378378378378378,0.291489635256424,0.291489635256424,0,0.0337837837837838
"national","1","elderly_disabled_i >= 1 & homeless >= 1 & rawben_rel_max > 0.997 & unearned_by_hh_size > 283",76,76,31,0,0,2,15,0,0,FALSE,0.407894736842105,0.407894736842105,0.287177615285556,0.287177615285556,0.0263157894736842,0.197368421052632
"national","2-3","medical_deductions <= 315 & months_since_cert_n > 8.5 & total_deductions_by_hh_size > 492 & unearned_by_hh_size > 1040",100,100,39,0,0,0,1,0,0,FALSE,0.39,0.39,0.285000900617698,0.285000900617698,0,0.01
"national","1","rawben_rel_max >= 0.993 & total_deductions_by_hh_size >= 1180 & unc_rawben_rel_max < 1.03",444,444,183,0,0,1,110,0,0,FALSE,0.412162162162162,0.412162162162162,0.359202133951152,0.359202133951152,0.00225225225225225,0.247747747747748
"national","2-3","gross_by_hh_size >= 1310 & medical_deductions < 142 & rawben_rel_max >= 0.298 & shelter_expenses_by_hh_size >= 1050",45,45,23,0,0,0,0,0,0,FALSE,0.511111111111111,0.511111111111111,0.346152352393036,0.346152352393036,0,0
"national","4+","earned_by_hh_size >= 142 & earned_by_hh_size < 399 & gross_by_hh_size < 205 & unc_rawben_rel_max >= 1.08",174,174,74,79,45,84,115,0.454022988505747,0.608108108108108,TRUE,0.425287356321839,0.305263157894737,0.341658379986343,0.208344566105374,0.482758620689655,0.660919540229885
"national","2-3","gross_by_hh_size > 1970 & shelter_expenses_by_hh_size > 780 & unc_rawben_rel_max > -2.63 & unc_rawben_rel_max <= 1",58,58,28,0,0,0,6,0,0,FALSE,0.482758620689655,0.482758620689655,0.338259690337686,0.338259690337686,0,0.103448275862069
"national","2-3","homeless <= 0 & percent_abawd > 0.167 & rawben_rel_max <= 0.97 & total_deductions_by_hh_size > 750",44,44,21,0,0,0,1,0,0,FALSE,0.477272727272727,0.477272727272727,0.31446193142784,0.31446193142784,0,0.0227272727272727
"national","2-3","HH_size_n <= 2.5 & medical_deductions > 166 & rawben_rel_max > 0.977 & unearned_by_hh_size > 538",32,32,16,0,0,0,5,0,0,FALSE,0.5,0.5,0.309855285122083,0.309855285122083,0,0.15625
"national","1","bbce_state_i >= 1 & medical_deductions > 666 & total_deductions_by_hh_size > 1080 & utilities_sua > 0.5",76,76,32,0,0,0,1,0,0,FALSE,0.421052631578947,0.421052631578947,0.2989118250622,0.2989118250622,0,0.0131578947368421
"national","2-3","medical_deductions > 194 & months_since_cert_n > 3.5 & total_deductions_by_hh_size > 598 & total_deductions_by_hh_size <= 848",70,70,29,0,0,0,1,0,0,FALSE,0.414285714285714,0.414285714285714,0.288348720544695,0.288348720544695,0,0.0142857142857143
"national","4+","bbce_state_i >= 1 & expedited_i >= 1 & months_since_cert_n > 5.5 & rawben_rel_max <= 0.967",150,150,55,0,0,0,0,0,0,FALSE,0.366666666666667,0.366666666666667,0.281275803994424,0.281275803994424,0,0
"national","4+","gross_by_hh_size >= 401 & months_since_cert_n >= 11 & shelter_expenses_by_hh_size >= 443",84,84,33,0,0,0,3,0,0,FALSE,0.392857142857143,0.392857142857143,0.279028071251286,0.279028071251286,0,0.0357142857142857
"national","4+","gross_by_hh_size >= 862 & rawben_rel_max < 0.619 & shelter_expenses_by_hh_size >= 439 & shelter_expenses_by_hh_size < 463",53,53,22,0,0,0,0,0,0,FALSE,0.415094339622642,0.415094339622642,0.27279062677187,0.27279062677187,0,0
"national","4+","months_since_cert_n < 14 & shelter_expenses_by_hh_size >= 424 & shelter_expenses_by_hh_size < 466 & utilities_sua < 2",42,42,18,1,1,1,2,0.0238095238095238,0.0555555555555556,FALSE,0.428571428571429,0.414634146341463,0.269351009309133,0.256082692954176,0.0238095238095238,0.0476190476190476
"national","1","earned_by_hh_size >= 578 & gross_by_hh_size < 1010 & months_since_cert_n < 28 & unc_rawben_rel_max >= 1.44",82,82,31,0,0,0,44,0,0,FALSE,0.378048780487805,0.378048780487805,0.264724057109723,0.264724057109723,0,0.536585365853659
"national","4+","percent_abawd >= 0.429 & shelter_expenses_by_hh_size >= 226 & total_deductions_by_hh_size < 257",37,37,16,0,0,0,0,0,0,FALSE,0.432432432432432,0.432432432432432,0.263895663617476,0.263895663617476,0,0
"national","4+","expedited_i >= 1 & gross_by_hh_size > 190 & shelter_expenses_by_hh_size <= 148",111,111,40,0,0,0,0,0,0,FALSE,0.36036036036036,0.36036036036036,0.263144617983926,0.263144617983926,0,0
"national","1","bbce_state_i >= 1 & shelter_expenses_by_hh_size < 813 & total_deductions_by_hh_size >= 1300 & unearned_by_hh_size < 1900",46,46,19,0,0,0,4,0,0,FALSE,0.41304347826087,0.41304347826087,0.262202951801676,0.262202951801676,0,0.0869565217391304
"national","1","gross_by_hh_size < 787 & months_since_cert_n >= 8 & total_deductions_by_hh_size >= 1050 & unc_rawben_rel_max < 1.41",162,162,55,56,39,56,77,0.345679012345679,0.709090909090909,TRUE,0.339506172839506,0.150943396226415,0.259406192256608,0.0872035698412747,0.345679012345679,0.475308641975309
"national","1","bbce_state_i >= 1 & earned_by_hh_size <= 375 & shelter_expenses_by_hh_size > 972 & utilities_sua <= 0.5",323,323,101,0,0,0,9,0,0,FALSE,0.312693498452012,0.312693498452012,0.256196648155048,0.256196648155048,0,0.0278637770897833
"national","4+","earned_by_hh_size >= 888 & earned_by_hh_size < 907 & total_deductions_by_hh_size >= 248",41,41,17,0,0,0,0,0,0,FALSE,0.414634146341463,0.414634146341463,0.256082692954176,0.256082692954176,0,0
"national","4+","children_i >= 1 & count_divisible_by_100 > 0.5 & gross_by_hh_size > 140 & total_deductions_by_hh_size > 308",238,238,76,0,0,0,10,0,0,FALSE,0.319327731092437,0.319327731092437,0.25372077029697,0.25372077029697,0,0.0420168067226891
"national","2-3","children_i <= 0 & earned_by_hh_size > 328 & expedited_i >= 1 & unearned_by_hh_size <= 63.6",63,63,24,5,3,5,9,0.0793650793650794,0.125,FALSE,0.380952380952381,0.362068965517241,0.253475994955997,0.23296274189048,0.0793650793650794,0.142857142857143
"national","1","medical_deductions >= 410 & total_deductions_by_hh_size >= 1210 & unc_rawben_rel_max < 1.07",198,198,64,0,0,0,4,0,0,FALSE,0.323232323232323,0.323232323232323,0.251510996256837,0.251510996256837,0,0.0202020202020202
"national","1","rawben_rel_max >= 0.46 & rawben_rel_max < 0.756 & shelter_expenses_by_hh_size >= 2180 & unearned_by_hh_size >= 1720",51,51,20,0,0,0,0,0,0,FALSE,0.392156862745098,0.392156862745098,0.25094511844763,0.25094511844763,0,0
"national","4+","earned_by_hh_size >= 846 & rawben_rel_max >= 0.436 & total_deductions_by_hh_size >= 365",74,74,27,0,0,0,0,0,0,FALSE,0.364864864864865,0.364864864864865,0.248082558954763,0.248082558954763,0,0
"national","4+","total_deductions_by_hh_size >= 276 & total_deductions_by_hh_size < 282",262,262,81,57,34,57,69,0.217557251908397,0.419753086419753,TRUE,0.309160305343511,0.229268292682927,0.247172418804112,0.168464903111922,0.217557251908397,0.263358778625954
"national","4+","earned_by_hh_size > 42.6 & medical_deductions <= 96.5 & total_deductions_by_hh_size > 529",139,139,56,0,0,0,9,0,0,FALSE,0.402877697841727,0.402877697841727,0.311511082239034,0.311511082239034,0,0.0647482014388489
"national","2-3","shelter_expenses_by_hh_size >= 1180 & total_deductions_by_hh_size >= 104 & unearned_by_hh_size >= 687",143,143,57,0,0,0,7,0,0,FALSE,0.398601398601399,0.398601398601399,0.308742741864457,0.308742741864457,0,0.048951048951049
"national","2-3","earned_by_hh_size >= 37.3 & total_deductions_by_hh_size >= 762 & unearned_by_hh_size >= 137",116,116,47,0,0,0,16,0,0,FALSE,0.405172413793103,0.405172413793103,0.305679139491254,0.305679139491254,0,0.137931034482759
"national","2-3","unc_rawben_rel_max >= 0.215 & unearned_by_hh_size >= 1140",185,185,71,0,0,0,0,0,0,FALSE,0.383783783783784,0.383783783783784,0.305045770700586,0.305045770700586,0,0
"national","1","unc_rawben_rel_max > 0.0787 & unearned_by_hh_size > 2470 & utilities_sua > 0.5",36,36,17,0,0,0,0,0,0,FALSE,0.472222222222222,0.472222222222222,0.29536594298974,0.29536594298974,0,0
"national","4+","months_since_cert_n >= 12 & rawben_rel_max >= 0.166 & rawben_rel_max < 0.963 & unearned_by_hh_size < 203",206,206,75,0,0,0,2,0,0,FALSE,0.364077669902913,0.364077669902913,0.290503256851453,0.290503256851453,0,0.00970873786407767
"national","2-3","earned_by_hh_size > 5.75 & gross_by_hh_size > 731 & rawben_rel_max > 0.786 & unearned_by_hh_size > 169",70,70,29,0,0,0,7,0,0,FALSE,0.414285714285714,0.414285714285714,0.288348720544695,0.288348720544695,0,0.1
"national","4+","HH_size_n > 5.5 & percent_abawd > 0.155 & rawben_rel_max <= 0.946 & shelter_expenses_by_hh_size > 273",37,37,17,0,0,0,0,0,0,FALSE,0.459459459459459,0.459459459459459,0.286559418398397,0.286559418398397,0,0
"national","2-3","gross_by_hh_size >= 221 & rawben_rel_max >= 0.116 & total_deductions_by_hh_size < 395 & unc_rawben_rel_max >= 1.09",271,271,94,76,54,76,141,0.280442804428044,0.574468085106383,TRUE,0.346863468634686,0.205128205128205,0.283202691469621,0.146267294303905,0.280442804428044,0.520295202952029
"national","4+","rawben_rel_max > 0.784 & shelter_expenses_by_hh_size > 187 & total_deductions_by_hh_size > 319 & unc_rawben_rel_max <= 0.802",57,57,24,0,0,0,0,0,0,FALSE,0.421052631578947,0.421052631578947,0.282367282267986,0.282367282267986,0,0
"national","4+","HH_size_n > 4.5 & months_since_cert_n > 8.5 & shelter_expenses_by_hh_size > 430",92,92,36,0,0,0,2,0,0,FALSE,0.391304347826087,0.391304347826087,0.282165375917637,0.282165375917637,0,0.0217391304347826
"national","4+","expedited_i <= 0 & married >= 1 & months_since_cert_n > 5.5 & percent_abawd > 0.191",104,104,40,1,0,1,2,0.00961538461538462,0,FALSE,0.384615384615385,0.388349514563107,0.281985671096004,0.284901663284855,0.00961538461538462,0.0192307692307692
"national","4+","count_divisible_by_100 > 0.5 & HH_size_n > 4.5 & shelter_expenses_by_hh_size > 224 & unc_rawben_rel_max <= 0.944",241,241,84,0,0,0,0,0,0,FALSE,0.348547717842324,0.348547717842324,0.281186990889939,0.281186990889939,0,0
"national","1","elderly_disabled_i >= 1 & shelter_expenses_by_hh_size > 940 & utilities_sua <= 0.5",354,354,119,0,0,1,14,0,0,FALSE,0.336158192090395,0.336158192090395,0.280613386878965,0.280613386878965,0.00282485875706215,0.0395480225988701
"national","4+","shelter_expenses_by_hh_size < 517 & total_deductions_by_hh_size >= 390 & unearned_by_hh_size < 157",356,356,118,0,0,0,11,0,0,FALSE,0.331460674157303,0.331460674157303,0.276332904129021,0.276332904129021,0,0.0308988764044944
"national","1","gross_by_hh_size >= 1830 & medical_deductions < 468 & months_since_cert_n < 9 & shelter_expenses_by_hh_size >= 2180",124,124,45,0,0,0,12,0,0,FALSE,0.362903225806452,0.362903225806452,0.270152093571831,0.270152093571831,0,0.0967741935483871
"national","1","months_since_cert_n < 3 & total_deductions_by_hh_size >= 1630 & unearned_by_hh_size >= 1750",45,45,19,0,0,0,2,0,0,FALSE,0.422222222222222,0.422222222222222,0.268546110484137,0.268546110484137,0,0.0444444444444444
"national","2-3","medical_deductions >= 172 & months_since_cert_n < 4 & rawben_rel_max >= 0.404 & shelter_expenses_by_hh_size < 679",48,48,20,0,0,0,0,0,0,FALSE,0.416666666666667,0.416666666666667,0.267971343294346,0.267971343294346,0,0
"national","4+","earned_by_hh_size > 149 & percent_abawd > 0.118 & total_deductions_by_hh_size <= 471 & unearned_by_hh_size > 96.7",97,97,36,0,0,0,0,0,0,FALSE,0.371134020618557,0.371134020618557,0.266692687836155,0.266692687836155,0,0
"national","4+","earned_by_hh_size > 88.2 & months_since_cert_n > 7.5 & unearned_by_hh_size <= 4.41 & utilities_sua <= 1.5",165,165,57,1,0,1,7,0.00606060606060606,0,FALSE,0.345454545454545,0.347560975609756,0.265491141269868,0.267190956120909,0.00606060606060606,0.0424242424242424
"national","1","medical_deductions > 160 & rawben_rel_max > 0.274 & shelter_expenses_by_hh_size <= 1050 & total_deductions_by_hh_size > 1420",40,40,17,0,0,0,1,0,0,FALSE,0.425,0.425,0.263069632829258,0.263069632829258,0,0.025
"national","4+","earned_by_hh_size > 63.4 & gross_by_hh_size <= 643 & months_since_cert_n <= 5.5 & total_deductions_by_hh_size <= 120",495,495,153,0,0,0,4,0,0,FALSE,0.309090909090909,0.309090909090909,0.263059896472964,0.263059896472964,0,0.00808080808080808
"national","2-3","earned_by_hh_size < 5 & gross_by_hh_size >= 199 & total_deductions_by_hh_size >= 848",191,191,64,0,0,0,12,0,0,FALSE,0.335078534031414,0.335078534031414,0.261149362726637,0.261149362726637,0,0.06282722513089
"national","4+","months_since_cert_n >= 4 & total_deductions_by_hh_size >= 447 & unearned_by_hh_size < 350",175,175,59,0,0,0,9,0,0,FALSE,0.337142857142857,0.337142857142857,0.260016607085387,0.260016607085387,0,0.0514285714285714
"national","2-3","gross_by_hh_size >= 1200 & rawben_rel_max >= 0.293",412,412,127,0,0,0,3,0,0,FALSE,0.308252427184466,0.308252427184466,0.258106967946294,0.258106967946294,0,0.00728155339805825
"national","4+","earned_by_hh_size >= 467 & HH_size_n >= 7 & married <= 0 & unc_rawben_rel_max < 0.972",91,91,33,0,0,0,0,0,0,FALSE,0.362637362637363,0.362637362637363,0.256197290877027,0.256197290877027,0,0
"national","1","months_since_cert_n < 35 & percent_abawd >= 1 & shelter_expenses_by_hh_size < 1450 & total_deductions_by_hh_size >= 1250",79,79,29,0,0,0,13,0,0,FALSE,0.367088607594937,0.367088607594937,0.253279909794385,0.253279909794385,0,0.164556962025316
"national","4+","gross_by_hh_size >= 294 & gross_by_hh_size < 315 & unc_rawben_rel_max < 0.959",288,288,90,0,0,0,7,0,0,FALSE,0.3125,0.3125,0.252921513345083,0.252921513345083,0,0.0243055555555556
"national","2-3","earned_by_hh_size <= 4.75 & HH_size_n > 2.5 & total_deductions_by_hh_size > 430 & unc_rawben_rel_max <= 1",76,76,28,0,0,0,0,0,0,FALSE,0.368421052631579,0.368421052631579,0.252505354950234,0.252505354950234,0,0
"national","4+","count_divisible_by_100 < 1 & rawben_rel_max >= 0.511 & total_deductions_by_hh_size >= 301 & unc_rawben_rel_max < 0.524",54,54,21,0,0,0,0,0,0,FALSE,0.388888888888889,0.388888888888889,0.251546557647521,0.251546557647521,0,0
"national","2-3","earned_by_hh_size > 55.7 & gross_by_hh_size > 249 & months_since_cert_n > 8.5 & utilities_sua > 0.5",1451,1451,402,42,23,42,110,0.0289455547898001,0.0572139303482587,FALSE,0.277050310130944,0.268985095812633,0.250588664808888,0.242429357088558,0.0289455547898001,0.0758097863542385
"national","2-3","unc_rawben_rel_max >= 1 & unearned_by_hh_size >= 607",137,137,46,0,0,0,18,0,0,FALSE,0.335766423357664,0.335766423357664,0.249745772324205,0.249745772324205,0,0.131386861313869
"national","4+","earned_by_hh_size >= 862 & months_since_cert_n >= 2 & shelter_expenses_by_hh_size < 470 & total_deductions_by_hh_size >= 312",108,108,37,0,0,0,0,0,0,FALSE,0.342592592592593,0.342592592592593,0.246175237223369,0.246175237223369,0,0
"national","4+","count_divisible_by_100 > 0.5 & HH_size_n > 4.5 & unc_rawben_rel_max <= 0.944",502,502,146,0,0,0,1,0,0,FALSE,0.290836653386454,0.290836653386454,0.2461187267277,0.2461187267277,0,0.00199203187250996
"national","4+","earned_by_hh_size > 166 & shelter_expenses_by_hh_size > 59.2 & unc_rawben_rel_max > 1.12",40,40,16,0,0,0,20,0,0,FALSE,0.4,0.4,0.242397089822366,0.242397089822366,0,0.5
"national","2-3","HH_size_n <= 2.5 & unc_rawben_rel_max > 0.16 & unc_rawben_rel_max <= 1 & unearned_by_hh_size > 1230",132,132,60,0,0,0,0,0,0,FALSE,0.454545454545455,0.454545454545455,0.357516409981807,0.357516409981807,0,0
"national","1","earned_by_hh_size < 98 & rawben_rel_max >= 1 & shelter_expenses_by_hh_size < 1010 & unc_rawben_rel_max < 1.03",866,866,329,157,31,166,499,0.181293302540416,0.0942249240121581,FALSE,0.379907621247113,0.420310296191819,0.342401765298515,0.377954062979204,0.191685912240185,0.57621247113164
"national","2-3","elderly_disabled_i >= 1 & medical_deductions <= 216 & shelter_expenses_by_hh_size > 1450",37,37,19,0,0,0,4,0,0,FALSE,0.513513513513513,0.513513513513513,0.333261842625012,0.333261842625012,0,0.108108108108108
"national","2-3","medical_deductions > 467 & unc_rawben_rel_max > 0.328",54,54,26,0,0,0,1,0,0,FALSE,0.481481481481481,0.481481481481481,0.332375993910925,0.332375993910925,0,0.0185185185185185
"national","4+","earned_by_hh_size <= 199 & total_deductions_by_hh_size > 278 & unearned_by_hh_size <= 0.292",88,88,39,57,34,57,63,0.647727272727273,0.871794871794872,TRUE,0.443181818181818,0.161290322580645,0.326874530664308,0.0611740041596875,0.647727272727273,0.715909090909091
"national","2-3","gross_by_hh_size > 1240 & medical_deductions > 160 & rawben_rel_max > 0.157",86,86,38,0,0,0,0,0,0,FALSE,0.441860465116279,0.441860465116279,0.324436083390017,0.324436083390017,0,0
"national","4+","HH_size_n >= 6 & total_deductions_by_hh_size >= 365 & utilities_sua >= 2",41,41,20,0,0,0,3,0,0,FALSE,0.48780487804878,0.48780487804878,0.318556012182299,0.318556012182299,0,0.0731707317073171
"national","2-3","gross_by_hh_size >= 1270 & shelter_expenses_by_hh_size >= 1240 & unc_rawben_rel_max < 1.23",99,99,41,0,0,0,5,0,0,FALSE,0.414141414141414,0.414141414141414,0.306375517004281,0.306375517004281,0,0.0505050505050505
"national","4+","earned_by_hh_size > 90.4 & earned_by_hh_size <= 426 & total_deductions_by_hh_size > 334 & utilities_sua > 0.5",145,145,57,0,0,0,27,0,0,FALSE,0.393103448275862,0.393103448275862,0.304232354884651,0.304232354884651,0,0.186206896551724
"national","4+","months_since_cert_n >= 13 & total_deductions_by_hh_size >= 310",48,48,22,0,0,0,2,0,0,FALSE,0.458333333333333,0.458333333333333,0.303915797388308,0.303915797388308,0,0.0416666666666667
"national","2-3","bbce_state_i >= 1 & rawben_rel_max <= 0.98 & shelter_expenses_by_hh_size > 1270 & total_deductions_by_hh_size > 598",123,123,49,0,0,0,6,0,0,FALSE,0.398373983739837,0.398373983739837,0.302075565235192,0.302075565235192,0,0.0487804878048781
"national","2-3","medical_deductions > 798 & unc_rawben_rel_max <= 1",33,33,16,0,0,0,0,0,0,FALSE,0.484848484848485,0.484848484848485,0.29940347614674,0.29940347614674,0,0
"national","4+","gross_by_hh_size >= 128 & total_deductions_by_hh_size < 299 & unc_rawben_rel_max >= 1.08 & unearned_by_hh_size < 0.2",189,189,71,79,45,84,119,0.417989417989418,0.633802816901408,TRUE,0.375661375661376,0.236363636363636,0.298257387520725,0.155910144951677,0.444444444444444,0.62962962962963
"national","4+","months_since_cert_n > 5.5 & rawben_rel_max <= 0.973 & total_deductions_by_hh_size > 242 & unc_rawben_rel_max > 0.606",657,657,223,0,0,0,3,0,0,FALSE,0.339421613394216,0.339421613394216,0.297919524477875,0.297919524477875,0,0.0045662100456621
"national","4+","gross_by_hh_size > 960 & HH_size_n > 5.5 & homeless <= 0",31,31,15,0,0,0,0,0,0,FALSE,0.483870967741935,0.483870967741935,0.293614841996523,0.293614841996523,0,0
"national","4+","expedited_i >= 1 & HH_size_n > 5.5 & months_since_cert_n > 5.5 & rawben_rel_max <= 0.961",39,39,18,0,0,0,0,0,0,FALSE,0.461538461538462,0.461538461538462,0.292160949358912,0.292160949358912,0,0
"national","2-3","earned_by_hh_size >= 715 & shelter_expenses_by_hh_size >= 956 & unearned_by_hh_size >= 436 & unearned_by_hh_size < 1580",34,34,16,0,0,0,2,0,0,FALSE,0.470588235294118,0.470588235294118,0.28964547839536,0.28964547839536,0,0.0588235294117647
"national","4+","earned_by_hh_size >= 878 & rawben_rel_max >= 0.45",40,40,18,0,0,0,0,0,0,FALSE,0.45,0.45,0.284134060389735,0.284134060389735,0,0
"national","4+","expedited_i >= 1 & months_since_cert_n > 7.5 & rawben_rel_max <= 0.967",120,120,45,0,0,0,0,0,0,FALSE,0.375,0.375,0.279694211459208,0.279694211459208,0,0
"national","2-3","gross_by_hh_size >= 1490 & months_since_cert_n >= 10 & total_deductions_by_hh_size >= 450",67,67,27,0,0,0,4,0,0,FALSE,0.402985074626866,0.402985074626866,0.275963277466014,0.275963277466014,0,0.0597014925373134
"national","4+","earned_by_hh_size > 7.48 & earned_by_hh_size <= 176 & elderly_disabled_i >= 1 & months_since_cert_n <= 6.5",173,173,61,0,0,0,9,0,0,FALSE,0.352601156069364,0.352601156069364,0.273750211534072,0.273750211534072,0,0.0520231213872832
"national","1","earned_by_hh_size < 1 & rawben_rel_max >= 0.993 & shelter_expenses_by_hh_size < 844 & unc_rawben_rel_max < 1.05",874,874,267,157,31,163,414,0.179633867276888,0.116104868913858,FALSE,0.305491990846682,0.329149232914923,0.270540111356849,0.289743047958778,0.18649885583524,0.473684210526316
"national","4+","earned_by_hh_size >= 18.2 & earned_by_hh_size < 429 & gross_by_hh_size >= 140 & shelter_expenses_by_hh_size < 103",656,656,202,0,0,0,7,0,0,FALSE,0.307926829268293,0.307926829268293,0.267716733764729,0.267716733764729,0,0.0106707317073171
"national","4+","earned_by_hh_size >= 238 & gross_by_hh_size >= 937 & rawben_rel_max >= 0.345",76,76,29,0,0,0,0,0,0,FALSE,0.381578947368421,0.381578947368421,0.263972939191815,0.263972939191815,0,0
"national","2-3","shelter_expenses_by_hh_size > 641 & unc_rawben_rel_max <= 1.32 & utilities_sua > 0.5 & utilities_sua <= 1.5",233,233,77,9,7,9,16,0.0386266094420601,0.0909090909090909,FALSE,0.330472103004292,0.3125,0.263355220836793,0.245603582791619,0.0386266094420601,0.0686695278969957
"national","4+","gross_by_hh_size >= 312 & rawben_rel_max >= 0.791 & shelter_expenses_by_hh_size < 644 & unc_rawben_rel_max < 0.82",285,285,91,0,0,0,2,0,0,FALSE,0.319298245614035,0.319298245614035,0.258942980186873,0.258942980186873,0,0.00701754385964912
"national","2-3","expedited_i >= 1 & gross_by_hh_size >= 514 & total_deductions_by_hh_size >= 717",59,59,23,0,0,0,11,0,0,FALSE,0.389830508474576,0.389830508474576,0.257432002009884,0.257432002009884,0,0.186440677966102
"national","1","medical_deductions > 666 & rawben_rel_max > 0.292 & shelter_expenses_by_hh_size > 230 & unc_rawben_rel_max <= 1.03",64,64,36,0,0,0,0,0,0,FALSE,0.5625,0.5625,0.419043230641564,0.419043230641564,0,0
"national","2-3","medical_deductions >= 242 & rawben_rel_max >= 0.607",85,85,41,0,0,0,5,0,0,FALSE,0.482352941176471,0.482352941176471,0.361168115864958,0.361168115864958,0,0.0588235294117647
"national","2-3","medical_deductions > 110 & total_deductions_by_hh_size > 636 & unc_rawben_rel_max <= 1",209,209,89,0,0,0,0,0,0,FALSE,0.425837320574163,0.425837320574163,0.349140005050139,0.349140005050139,0,0
"national","1","earned_by_hh_size >= 678 & gross_by_hh_size < 704 & homeless <= 0 & months_since_cert_n < 8",184,184,73,128,66,128,135,0.695652173913043,0.904109589041096,TRUE,0.396739130434783,0.125,0.316953667117141,0.054464134100607,0.695652173913043,0.733695652173913
"national","4+","rawben_rel_max < 0.882 & unc_rawben_rel_max >= 0.875 & unearned_by_hh_size < 200",87,87,35,0,0,0,0,0,0,FALSE,0.402298850574713,0.402298850574713,0.28923155845277,0.28923155845277,0,0
"national","4+","gross_by_hh_size < 727 & HH_size_n >= 6 & total_deductions_by_hh_size >= 226 & unearned_by_hh_size >= 18.5",160,160,56,0,0,0,6,0,0,FALSE,0.35,0.35,0.26850489306027,0.26850489306027,0,0.0375
"national","4+","expedited_i <= 0 & gross_by_hh_size < 344 & HH_size_n >= 8 & unc_rawben_rel_max < 0.79",57,57,23,0,0,0,0,0,0,FALSE,0.403508771929825,0.403508771929825,0.267183946534826,0.267183946534826,0,0
"national","4+","expedited_i >= 1 & rawben_rel_max <= 0.982 & total_deductions_by_hh_size > 62.3 & total_deductions_by_hh_size <= 277",308,308,100,0,0,0,2,0,0,FALSE,0.324675324675325,0.324675324675325,0.266104974477577,0.266104974477577,0,0.00649350649350649
"national","4+","months_since_cert_n >= 5 & shelter_expenses_by_hh_size >= 342 & unc_rawben_rel_max < 1.12",1464,1464,423,19,11,22,39,0.0129781420765027,0.0260047281323877,FALSE,0.288934426229508,0.285121107266436,0.262196783018947,0.25833728492397,0.0150273224043716,0.0266393442622951
"national","4+","gross_by_hh_size >= 708 & rawben_rel_max >= 0.481 & rawben_rel_max < 0.746",399,399,123,0,0,0,0,0,0,FALSE,0.308270676691729,0.308270676691729,0.257362853346849,0.257362853346849,0,0
"national","4+","expedited_i >= 1 & gross_by_hh_size < 608 & unc_rawben_rel_max < 0.79",164,164,55,0,0,0,0,0,0,FALSE,0.335365853658537,0.335365853658537,0.256089441936799,0.256089441936799,0,0
"national","1","earned_by_hh_size >= 152 & unc_rawben_rel_max >= 1.32 & unc_rawben_rel_max < 1.47",686,686,202,185,107,192,351,0.269679300291545,0.52970297029703,TRUE,0.294460641399417,0.189620758483034,0.255717334300345,0.15228348717423,0.279883381924198,0.511661807580175
"national","4+","shelter_expenses_by_hh_size >= 318 & unc_rawben_rel_max >= 0.272 & unearned_by_hh_size >= 155 & unearned_by_hh_size < 200",221,221,71,10,3,19,25,0.0452488687782805,0.0422535211267606,FALSE,0.321266968325792,0.322274881516588,0.253227175629344,0.25269029145058,0.085972850678733,0.113122171945701
"national","2-3","earned_by_hh_size >= 638 & married >= 1 & percent_abawd >= 0.333 & shelter_expenses_by_hh_size >= 334",112,112,39,0,0,0,1,0,0,FALSE,0.348214285714286,0.348214285714286,0.252703424956456,0.252703424956456,0,0.00892857142857143
"national","4+","count_divisible_by_100 <= 0.5 & HH_size_n > 7.5 & shelter_expenses_by_hh_size <= 132 & utilities_sua <= 1.5",54,54,21,0,0,0,2,0,0,FALSE,0.388888888888889,0.388888888888889,0.251546557647521,0.251546557647521,0,0.037037037037037
"national","4+","medical_deductions <= 116 & months_since_cert_n <= 1.5 & percent_abawd > 0.464",33,33,14,0,0,0,0,0,0,FALSE,0.424242424242424,0.424242424242424,0.249119821740809,0.249119821740809,0,0
"national","2-3","earned_by_hh_size >= 32.3 & rawben_rel_max >= 0.639 & total_deductions_by_hh_size >= 490 & unearned_by_hh_size >= 108",381,381,114,0,0,0,65,0,0,FALSE,0.299212598425197,0.299212598425197,0.247767340965693,0.247767340965693,0,0.170603674540682
"national","4+","HH_size_n > 5.5 & married >= 1 & months_since_cert_n > 4.5 & rawben_rel_max <= 0.976",633,633,180,0,0,0,4,0,0,FALSE,0.28436018957346,0.28436018957346,0.244619423795392,0.244619423795392,0,0.00631911532385466
"national","4+","gross_by_hh_size > 162 & percent_abawd > 0.118 & utilities_sua > 1.5",567,567,162,4,1,4,12,0.00705467372134039,0.00617283950617284,FALSE,0.285714285714286,0.285968028419183,0.243773425983004,0.243872639253184,0.00705467372134039,0.0211640211640212
"national","4+","HH_size_n > 5.5 & utilities_sua > 0.5 & utilities_sua <= 1.5",220,220,68,0,0,0,2,0,0,FALSE,0.309090909090909,0.309090909090909,0.241932639038104,0.241932639038104,0,0.00909090909090909
"national","2-3","gross_by_hh_size < 285 & shelter_expenses_by_hh_size >= 457 & unc_rawben_rel_max < 1.11",167,167,53,59,32,59,90,0.353293413173653,0.60377358490566,TRUE,0.317365269461078,0.194444444444444,0.240445292728426,0.121357841943106,0.353293413173653,0.538922155688623
"national","2-3","earned_by_hh_size >= 677 & rawben_rel_max >= 0.696 & rawben_rel_max < 0.804 & shelter_expenses_by_hh_size >= 460",300,300,89,0,0,0,1,0,0,FALSE,0.296666666666667,0.296666666666667,0.239364962719698,0.239364962719698,0,0.00333333333333333
"national","2-3","earned_by_hh_size >= 284 & months_since_cert_n < 18 & unc_rawben_rel_max >= 1.16",354,354,102,66,38,66,174,0.186440677966102,0.372549019607843,TRUE,0.288135593220339,0.222222222222222,0.235667072775108,0.170658514062918,0.186440677966102,0.491525423728814
"national","4+","gross_by_hh_size <= 1220 & married >= 1 & total_deductions_by_hh_size > 265 & unearned_by_hh_size <= 502",1439,1439,374,21,14,21,39,0.014593467685893,0.0374331550802139,FALSE,0.259902710215427,0.253878702397743,0.233945011899737,0.227965303503464,0.014593467685893,0.0271021542738013
"national","4+","married >= 1 & months_since_cert_n >= 2 & shelter_expenses_by_hh_size >= 302 & shelter_expenses_by_hh_size < 731",1504,1504,390,19,9,22,37,0.0126329787234043,0.0230769230769231,FALSE,0.259308510638298,0.256565656565657,0.233918912284257,0.23112107933367,0.0146276595744681,0.0246010638297872
"national","2-3","shelter_expenses_by_hh_size >= 846 & unearned_by_hh_size >= 521 & unearned_by_hh_size < 712",161,161,50,0,0,0,20,0,0,FALSE,0.31055900621118,0.31055900621118,0.233057568201285,0.233057568201285,0,0.124223602484472
"national","1","children_i >= 1 & expedited_i <= 0 & rawben_rel_max <= 0.647 & utilities_sua <= 1.5",58,58,21,1,0,1,0,0.0172413793103448,0,FALSE,0.362068965517241,0.368421052631579,0.23296274189048,0.237344230888001,0.0172413793103448,0
"national","4+","months_since_cert_n >= 1 & shelter_expenses_by_hh_size >= 70.8 & shelter_expenses_by_hh_size < 97 & total_deductions_by_hh_size < 136",539,539,148,0,0,0,18,0,0,FALSE,0.274582560296846,0.274582560296846,0.232274869779275,0.232274869779275,0,0.0333951762523191
"national","1","gross_by_hh_size <= 884 & unc_rawben_rel_max > 1 & unc_rawben_rel_max <= 1.02 & utilities_sua <= 0.5",203,203,61,0,0,0,88,0,0,FALSE,0.300492610837438,0.300492610837438,0.23162126430122,0.23162126430122,0,0.433497536945813
"national","1","gross_by_hh_size >= 1470 & gross_by_hh_size < 2020 & rawben_rel_max >= 0.0819 & utilities_sua < 1",111,111,36,0,0,0,3,0,0,FALSE,0.324324324324324,0.324324324324324,0.231240274371355,0.231240274371355,0,0.027027027027027
"national","4+","HH_size_n >= 6 & months_since_cert_n >= 5 & unearned_by_hh_size < 10.4",734,734,196,0,0,3,20,0,0,FALSE,0.267029972752044,0.267029972752044,0.230852850411901,0.230852850411901,0.00408719346049046,0.0272479564032698
"national","2-3","HH_size_n > 2.5 & medical_deductions <= 174 & percent_abawd > 0.167 & unearned_by_hh_size > 603",59,59,21,0,0,0,1,0,0,FALSE,0.355932203389831,0.355932203389831,0.228741304136163,0.228741304136163,0,0.0169491525423729
"national","2-3","gross_by_hh_size > 921 & married >= 1 & medical_deductions <= 754 & unc_rawben_rel_max > 0.16",868,868,227,0,0,0,3,0,0,FALSE,0.261520737327189,0.261520737327189,0.228378660236253,0.228378660236253,0,0.00345622119815668
"national","4+","months_since_cert_n < 3 & total_deductions_by_hh_size >= 245 & unearned_by_hh_size >= 172 & unearned_by_hh_size < 378",183,183,55,0,0,0,11,0,0,FALSE,0.300546448087432,0.300546448087432,0.228368095028111,0.228368095028111,0,0.0601092896174863
"national","2-3","earned_by_hh_size > 250 & shelter_expenses_by_hh_size > 653",2401,2401,595,78,49,78,155,0.0324864639733444,0.0823529411764706,FALSE,0.247813411078717,0.235040895393887,0.227901027073608,0.21520775812419,0.0324864639733444,0.0645564348188255
"national","2-3","elderly_disabled_i <= 0 & months_since_cert_n > 5.5 & rawben_rel_max <= 0.984 & unc_rawben_rel_max > 0.116",2835,2835,698,1,1,1,11,0.000352733686067019,0.00143266475644699,FALSE,0.24620811287478,0.245942131263232,0.227883654791122,0.227621865808733,0.000352733686067019,0.00388007054673721
"national","4+","rawben_rel_max >= 0.495 & rawben_rel_max < 0.497 & shelter_expenses_by_hh_size < 791",36,36,14,0,0,0,0,0,0,FALSE,0.388888888888889,0.388888888888889,0.226599490162712,0.226599490162712,0,0
"national","4+","gross_by_hh_size >= 651 & rawben_rel_max >= 0.483 & total_deductions_by_hh_size < 416 & unearned_by_hh_size < 0.2",427,427,116,0,0,0,0,0,0,FALSE,0.271662763466042,0.271662763466042,0.224682022479706,0.224682022479706,0,0
"national","2-3","gross_by_hh_size >= 668 & HH_size_n >= 3 & unc_rawben_rel_max >= 0.491 & unc_rawben_rel_max < 0.508",89,89,29,0,0,0,0,0,0,FALSE,0.325842696629214,0.325842696629214,0.22318205629757,0.22318205629757,0,0
"national","1","expedited_i >= 1 & gross_by_hh_size > 503 & rawben_rel_max > 0.997 & utilities_sua <= 1.5",145,145,44,8,5,8,46,0.0551724137931034,0.113636363636364,FALSE,0.303448275862069,0.284671532846715,0.223037429440918,0.204516758702058,0.0551724137931034,0.317241379310345
"national","1","percent_abawd > 0.5 & total_deductions_by_hh_size > 1020 & unc_rawben_rel_max > 1.22",266,266,75,73,42,74,114,0.274436090225564,0.56,TRUE,0.281954887218045,0.170984455958549,0.222625296847525,0.117141179213281,0.278195488721804,0.428571428571429
"national","1","gross_by_hh_size >= 820 & medical_deductions >= 125 & rawben_rel_max >= 0.272 & shelter_expenses_by_hh_size < 1030",1172,1172,293,3,0,13,13,0.00255972696245734,0,FALSE,0.25,0.250641573994867,0.221773704701677,0.222352741651265,0.0110921501706485,0.0110921501706485
"national","2-3","gross_by_hh_size > 669 & medical_deductions <= 148 & percent_abawd > 0.167 & unearned_by_hh_size > 67.8",315,315,87,0,0,0,4,0,0,FALSE,0.276190476190476,0.276190476190476,0.221747246067039,0.221747246067039,0,0.0126984126984127
"national","1","elderly_disabled_i <= 0 & expedited_i >= 1 & total_deductions_by_hh_size <= 638 & unearned_by_hh_size > 498",54,54,19,0,0,0,6,0,0,FALSE,0.351851851851852,0.351851851851852,0.220602404801753,0.220602404801753,0,0.111111111111111
"national","2-3","months_since_cert_n > 5.5 & shelter_expenses_by_hh_size > 320 & utilities_sua <= 1.5",480,480,125,8,7,8,24,0.0166666666666667,0.056,FALSE,0.260416666666667,0.25,0.216677894590709,0.206650025278377,0.0166666666666667,0.05
"national","1","earned_by_hh_size >= 678 & earned_by_hh_size < 909 & shelter_expenses_by_hh_size >= 1380 & unc_rawben_rel_max >= 1.3",151,151,70,103,60,103,120,0.682119205298013,0.857142857142857,TRUE,0.463576158940397,0.208333333333333,0.372082267961754,0.105289353521064,0.682119205298013,0.794701986754967
"national","4+","gross_by_hh_size < 265 & total_deductions_by_hh_size >= 280 & total_deductions_by_hh_size < 282 & unearned_by_hh_size < 11.6",49,49,26,40,24,40,40,0.816326530612245,0.923076923076923,TRUE,0.530612244897959,0.222222222222222,0.370168229243366,0.0512521794508708,0.816326530612245,0.816326530612245
"national","4+","rawben_rel_max < 0.638 & shelter_expenses_by_hh_size < 568 & total_deductions_by_hh_size >= 505 & unearned_by_hh_size < 669",54,54,26,0,0,0,0,0,0,FALSE,0.481481481481481,0.481481481481481,0.332375993910925,0.332375993910925,0,0
"national","2-3","months_since_cert_n >= 9 & months_since_cert_n < 15 & rawben_rel_max < 0.6 & shelter_expenses_by_hh_size >= 1020",57,57,27,0,0,0,2,0,0,FALSE,0.473684210526316,0.473684210526316,0.328936972986294,0.328936972986294,0,0.0350877192982456
"national","2-3","gross_by_hh_size >= 1200 & months_since_cert_n >= 9 & rawben_rel_max >= 0.198 & unearned_by_hh_size >= 826",56,56,26,0,0,0,0,0,0,FALSE,0.464285714285714,0.464285714285714,0.319369160751785,0.319369160751785,0,0
"national","1","earned_by_hh_size < 1 & unc_rawben_rel_max >= 1.01 & unc_rawben_rel_max < 1.02",603,603,218,16,9,52,399,0.0265339966832504,0.0412844036697248,FALSE,0.361525704809287,0.356047700170358,0.317434664686525,0.311584186146962,0.0862354892205638,0.661691542288557
"national","4+","earned_by_hh_size > 867 & total_deductions_by_hh_size > 523",52,52,24,0,0,0,0,0,0,FALSE,0.461538461538462,0.461538461538462,0.312083205241517,0.312083205241517,0,0
"national","2-3","medical_deductions <= 582 & months_since_cert_n <= 5.5 & total_deductions_by_hh_size > 783 & unc_rawben_rel_max <= 1",249,249,94,0,0,0,2,0,0,FALSE,0.377510040160643,0.377510040160643,0.309374515427136,0.309374515427136,0,0.00803212851405622
"national","2-3","gross_by_hh_size < 983 & medical_deductions >= 200 & months_since_cert_n < 9 & unearned_by_hh_size < 779",39,39,18,0,0,0,3,0,0,FALSE,0.461538461538462,0.461538461538462,0.292160949358912,0.292160949358912,0,0.0769230769230769
"national","4+","HH_size_n > 5.5 & percent_abawd > 0.155 & rawben_rel_max <= 0.959",108,108,42,0,0,0,0,0,0,FALSE,0.388888888888889,0.388888888888889,0.287580491514766,0.287580491514766,0,0
"national","2-3","medical_deductions >= 162 & rawben_rel_max >= 0.902",74,74,30,0,0,0,8,0,0,FALSE,0.405405405405405,0.405405405405405,0.283535888460179,0.283535888460179,0,0.108108108108108
"national","4+","rawben_rel_max >= 0.501 & rawben_rel_max < 0.805 & shelter_expenses_by_hh_size < 405 & total_deductions_by_hh_size >= 460",49,49,21,0,0,0,0,0,0,FALSE,0.428571428571429,0.428571428571429,0.279463065218726,0.279463065218726,0,0
"national","1","gross_by_hh_size < 1700 & medical_deductions >= 535 & unc_rawben_rel_max < 1.4 & unearned_by_hh_size < 1730",52,52,22,0,0,1,2,0,0,FALSE,0.423076923076923,0.423076923076923,0.278488563417031,0.278488563417031,0.0192307692307692,0.0384615384615385
"national","4+","earned_by_hh_size > 45.9 & months_since_cert_n > 2.5 & total_deductions_by_hh_size <= 120 & utilities_sua <= 0.5",169,169,60,0,0,8,16,0,0,FALSE,0.355029585798817,0.355029585798817,0.275126478139793,0.275126478139793,0.0473372781065089,0.0946745562130177
"national","2-3","elderly_disabled_i >= 1 & gross_by_hh_size > 190 & total_deductions_by_hh_size > 968",138,138,50,0,0,0,15,0,0,FALSE,0.36231884057971,0.36231884057971,0.274007318533528,0.274007318533528,0,0.108695652173913
"national","2-3","earned_by_hh_size > 124 & months_since_cert_n > 9.5 & total_deductions_by_hh_size > 597",221,221,75,0,0,0,20,0,0,FALSE,0.339366515837104,0.339366515837104,0.269910256332642,0.269910256332642,0,0.0904977375565611
"national","1","shelter_expenses_by_hh_size < 954 & total_deductions_by_hh_size >= 1150 & unearned_by_hh_size >= 1060",78,78,30,0,0,0,3,0,0,FALSE,0.384615384615385,0.384615384615385,0.267969438848317,0.267969438848317,0,0.0384615384615385
"national","1","married <= 0 & medical_deductions > 162 & total_deductions_by_hh_size > 782 & utilities_sua <= 1.5",197,197,67,0,0,1,4,0,0,FALSE,0.34010152284264,0.34010152284264,0.266805007090339,0.266805007090339,0.0050761421319797,0.0203045685279188
"national","4+","percent_abawd >= 0.0769 & total_deductions_by_hh_size < 285 & unc_rawben_rel_max >= 0.563 & unc_rawben_rel_max < 1",284,284,93,0,0,0,2,0,0,FALSE,0.327464788732394,0.327464788732394,0.266445004064892,0.266445004064892,0,0.00704225352112676
"national","2-3","earned_by_hh_size <= 9.08 & medical_deductions > 134 & shelter_expenses_by_hh_size > 277 & unc_rawben_rel_max > 0.16",606,606,182,0,0,0,8,0,0,FALSE,0.3003300330033,0.3003300330033,0.258939648178695,0.258939648178695,0,0.0132013201320132
"national","4+","expedited_i >= 1 & rawben_rel_max >= 0.882 & shelter_expenses_by_hh_size >= 243 & unc_rawben_rel_max < 0.945",35,35,15,0,0,0,2,0,0,FALSE,0.428571428571429,0.428571428571429,0.256808072975818,0.256808072975818,0,0.0571428571428571
"national","2-3","months_since_cert_n > 5.5 & shelter_expenses_by_hh_size > 921 & unc_rawben_rel_max <= 1",451,451,137,0,0,0,6,0,0,FALSE,0.303769401330377,0.303769401330377,0.2559711677703,0.2559711677703,0,0.0133037694013304
"national","2-3","earned_by_hh_size > 0.25 & elderly_disabled_i >= 1 & total_deductions_by_hh_size > 472",482,482,145,0,0,0,43,0,0,FALSE,0.300829875518672,0.300829875518672,0.254671528837483,0.254671528837483,0,0.0892116182572614
"national","1","earned_by_hh_size >= 469 & gross_by_hh_size < 1280 & unc_rawben_rel_max >= 1.36",483,483,145,60,36,67,229,0.124223602484472,0.248275862068966,FALSE,0.300207039337474,0.257683215130024,0.254128887021471,0.211498877633953,0.13871635610766,0.474120082815735
"national","4+","elderly_disabled_i <= 0 & HH_size_n >= 7 & unearned_by_hh_size >= 3.17",357,357,108,0,0,0,10,0,0,FALSE,0.302521008403361,0.302521008403361,0.249267177796213,0.249267177796213,0,0.0280112044817927
"national","2-3","elderly_disabled_i >= 1 & total_deductions_by_hh_size >= 717 & total_deductions_by_hh_size < 762",152,152,50,0,0,0,14,0,0,FALSE,0.328947368421053,0.328947368421053,0.247525040893312,0.247525040893312,0,0.0921052631578947
"national","4+","HH_size_n >= 6 & months_since_cert_n >= 1 & months_since_cert_n < 4 & total_deductions_by_hh_size >= 261",128,128,43,0,0,0,1,0,0,FALSE,0.3359375,0.3359375,0.247243466713219,0.247243466713219,0,0.0078125
"national","4+","gross_by_hh_size >= 704 & gross_by_hh_size < 722 & unc_rawben_rel_max < 1.24",284,284,87,0,0,0,0,0,0,FALSE,0.306338028169014,0.306338028169014,0.24682740681529,0.24682740681529,0,0
"national","4+","HH_size_n >= 7 & rawben_rel_max >= 0.605 & rawben_rel_max < 0.876 & total_deductions_by_hh_size >= 136",216,216,67,0,0,0,1,0,0,FALSE,0.310185185185185,0.310185185185185,0.242366592766912,0.242366592766912,0,0.00462962962962963
"national","4+","earned_by_hh_size >= 775 & rawben_rel_max >= 0.13 & unearned_by_hh_size >= 3.17",163,163,52,0,0,0,0,0,0,FALSE,0.319018404907975,0.319018404907975,0.241089214950535,0.241089214950535,0,0
"national","2-3","married >= 1 & shelter_expenses_by_hh_size > 942 & total_deductions_by_hh_size > 366",436,436,125,2,2,2,21,0.00458715596330275,0.016,FALSE,0.286697247706422,0.283410138248848,0.239178096774422,0.236000377216206,0.00458715596330275,0.0481651376146789
"national","4+","children_i >= 1 & total_deductions_by_hh_size >= 223 & utilities_sua < 2",487,487,138,6,4,6,19,0.0123203285420945,0.0289855072463768,FALSE,0.283367556468172,0.278586278586279,0.238452235964503,0.233704617386141,0.0123203285420945,0.0390143737166324
"national","1","gross_by_hh_size >= 317 & medical_deductions >= 144 & rawben_rel_max >= 0.46 & shelter_expenses_by_hh_size < 781",440,440,125,3,0,5,15,0.00681818181818182,0,FALSE,0.284090909090909,0.28604118993135,0.236940829267474,0.238614817571028,0.0113636363636364,0.0340909090909091
"national","4+","gross_by_hh_size >= 421 & shelter_expenses_by_hh_size >= 408 & total_deductions_by_hh_size < 384",1125,1125,299,0,0,0,2,0,0,FALSE,0.265777777777778,0.265777777777778,0.236317436727413,0.236317436727413,0,0.00177777777777778
"national","4+","expedited_i <= 0 & percent_abawd > 0.183 & shelter_expenses_by_hh_size > 340",207,207,63,2,1,2,5,0.00966183574879227,0.0158730158730159,FALSE,0.304347826086957,0.302439024390244,0.235727356176797,0.233691644244225,0.00966183574879227,0.0241545893719807
"national","4+","HH_size_n >= 7 & months_since_cert_n < 9 & unearned_by_hh_size >= 169 & unearned_by_hh_size < 259",106,106,35,0,0,0,1,0,0,FALSE,0.330188679245283,0.330188679245283,0.234472928846558,0.234472928846558,0,0.00943396226415094
"national","2-3","total_deductions_by_hh_size > 542 & utilities_sua <= 1.5",291,291,85,11,8,11,27,0.0378006872852234,0.0941176470588235,FALSE,0.292096219931271,0.275,0.234339308204085,0.217640695922019,0.0378006872852234,0.0927835051546392
"national","4+","gross_by_hh_size < 534 & shelter_expenses_by_hh_size >= 79.6 & unc_rawben_rel_max < 1.1 & utilities_sua < 2",704,704,191,6,4,6,26,0.00852272727272727,0.0209424083769634,FALSE,0.271306818181818,0.267908309455587,0.234182114588569,0.230812263992263,0.00852272727272727,0.0369318181818182
"national","4+","shelter_expenses_by_hh_size >= 443 & unearned_by_hh_size >= 83.5 & unearned_by_hh_size < 200",205,205,62,6,2,11,13,0.0292682926829268,0.032258064516129,FALSE,0.302439024390244,0.301507537688442,0.233691644244225,0.231916514257211,0.0536585365853659,0.0634146341463415
"national","2-3","HH_size_n >= 3 & percent_abawd < 0.333 & total_deductions_by_hh_size >= 465 & unearned_by_hh_size >= 0.5",357,357,102,0,0,0,19,0,0,FALSE,0.285714285714286,0.285714285714286,0.233624162694932,0.233624162694932,0,0.0532212885154062
"national","2-3","rawben_rel_max < 0.772 & shelter_expenses_by_hh_size >= 777 & total_deductions_by_hh_size >= 532",1148,1148,299,0,0,0,18,0,0,FALSE,0.260452961672474,0.260452961672474,0.231497240162207,0.231497240162207,0,0.0156794425087108
"national","2-3","earned_by_hh_size >= 58.5 & months_since_cert_n >= 20 & unearned_by_hh_size < 812",86,86,29,2,2,2,7,0.0232558139534884,0.0689655172413793,FALSE,0.337209302325581,0.321428571428571,0.231427620776335,0.216843940329583,0.0232558139534884,0.0813953488372093
"national","1","months_since_cert_n >= 5 & total_deductions_by_hh_size >= 762 & unearned_by_hh_size < 1410 & utilities_sua < 2",865,865,229,13,7,16,72,0.015028901734104,0.0305676855895196,FALSE,0.264739884393064,0.26056338028169,0.231387614227873,0.22717387360645,0.0184971098265896,0.0832369942196532
"national","1","shelter_expenses_by_hh_size >= 1680 & total_deductions_by_hh_size >= 1420 & unc_rawben_rel_max < 1.08 & unearned_by_hh_size >= 1420",554,554,150,0,0,0,37,0,0,FALSE,0.270758122743682,0.270758122743682,0.229220050770219,0.229220050770219,0,0.0667870036101083
"national","1","total_deductions_by_hh_size > 1100 & unc_rawben_rel_max > 1.01 & unc_rawben_rel_max <= 1.03",264,264,76,0,0,5,147,0,0,FALSE,0.287878787878788,0.287878787878788,0.227834374844303,0.227834374844303,0.0189393939393939,0.556818181818182
"national","1","earned_by_hh_size > 703 & shelter_expenses_by_hh_size <= 1090 & total_deductions_by_hh_size > 1250",56,56,20,0,0,0,11,0,0,FALSE,0.357142857142857,0.357142857142857,0.226950641928008,0.226950641928008,0,0.196428571428571
"national","1","rawben_rel_max >= 0.308 & shelter_expenses_by_hh_size >= 1520 & unearned_by_hh_size >= 1830",328,328,92,0,0,0,9,0,0,FALSE,0.280487804878049,0.280487804878049,0.226712713040152,0.226712713040152,0,0.0274390243902439
"national","4+","rawben_rel_max > 0.364 & rawben_rel_max <= 0.379 & unearned_by_hh_size <= 383",175,175,52,0,0,0,0,0,0,FALSE,0.297142857142857,0.297142857142857,0.22385296040178,0.22385296040178,0,0
"national","1","gross_by_hh_size < 1160 & medical_deductions >= 176 & shelter_expenses_by_hh_size >= 446 & unearned_by_hh_size >= 935",210,210,61,0,0,1,5,0,0,FALSE,0.29047619047619,0.29047619047619,0.223598997980148,0.223598997980148,0.00476190476190476,0.0238095238095238
"national","2-3","months_since_cert_n >= 12 & unc_rawben_rel_max >= 1.11 & unearned_by_hh_size >= 71.7",89,89,29,0,0,0,24,0,0,FALSE,0.325842696629214,0.325842696629214,0.22318205629757,0.22318205629757,0,0.269662921348315
"national","2-3","months_since_cert_n >= 1 & shelter_expenses_by_hh_size >= 770 & shelter_expenses_by_hh_size < 797 & unearned_by_hh_size >= 472",161,161,48,0,0,0,3,0,0,FALSE,0.298136645962733,0.298136645962733,0.221957930384024,0.221957930384024,0,0.0186335403726708
"national","4+","shelter_expenses_by_hh_size >= 338 & shelter_expenses_by_hh_size < 352 & total_deductions_by_hh_size < 304",327,327,90,4,3,5,7,0.0122324159021407,0.0333333333333333,FALSE,0.275229357798165,0.269349845201238,0.221790681129578,0.216083358619762,0.0152905198776758,0.0214067278287462
"national","2-3","children_i <= 0 & earned_by_hh_size > 792 & married <= 0 & months_since_cert_n <= 5.5",204,204,59,0,0,0,2,0,0,FALSE,0.28921568627451,0.28921568627451,0.221581264000131,0.221581264000131,0,0.00980392156862745
"national","4+","gross_by_hh_size >= 588 & rawben_rel_max < 0.298 & unc_rawben_rel_max >= 0.264 & unc_rawben_rel_max < 0.272",61,61,21,0,0,0,0,0,0,FALSE,0.344262295081967,0.344262295081967,0.220744465328137,0.220744465328137,0,0
"national","2-3","earned_by_hh_size > 124 & HH_size_n <= 2.5 & total_deductions_by_hh_size > 105 & unearned_by_hh_size > 194",1042,1042,261,1,1,1,45,0.000959692898272553,0.00383141762452107,FALSE,0.250479846449136,0.249759846301633,0.220601283115941,0.219901014086448,0.000959692898272553,0.0431861804222649
"national","4+","gross_by_hh_size >= 727 & gross_by_hh_size < 782 & total_deductions_by_hh_size >= 226 & total_deductions_by_hh_size < 379",252,252,70,0,0,0,0,0,0,FALSE,0.277777777777778,0.277777777777778,0.21734539302049,0.21734539302049,0,0
"national","1","rawben_rel_max >= 1 & shelter_expenses_by_hh_size < 1010 & unc_rawben_rel_max < 1.02 & unearned_by_hh_size >= 207",690,690,320,105,23,114,441,0.152173913043478,0.071875,FALSE,0.463768115942029,0.507692307692308,0.420062949203202,0.459764117776482,0.165217391304348,0.639130434782609
"national","1","earned_by_hh_size >= 678 & earned_by_hh_size < 682 & rawben_rel_max >= 0.78 & unc_rawben_rel_max >= 0.701",83,83,45,73,43,73,76,0.879518072289157,0.955555555555556,TRUE,0.542168674698795,0.2,0.41631359476535,0.0459669022096285,0.879518072289157,0.91566265060241
"national","1","months_since_cert_n < 28 & rawben_rel_max >= 0.993 & total_deductions_by_hh_size >= 1180 & unc_rawben_rel_max < 1.03",414,414,174,0,0,1,101,0,0,FALSE,0.420289855072464,0.420289855072464,0.365246472277544,0.365246472277544,0.00241545893719807,0.243961352657005
"national","1","bbce_state_i >= 1 & earned_by_hh_size > 259 & gross_by_hh_size <= 702 & total_deductions_by_hh_size > 1070",330,330,134,174,106,174,224,0.527272727272727,0.791044776119403,TRUE,0.406060606060606,0.179487179487179,0.345185711853861,0.119154512316431,0.527272727272727,0.678787878787879
"national","1","earned_by_hh_size > 376 & unc_rawben_rel_max > 1.27 & utilities_sua <= 0.5",69,69,33,10,5,10,46,0.144927536231884,0.151515151515152,FALSE,0.478260869565217,0.474576271186441,0.345136938580573,0.331972227691996,0.144927536231884,0.666666666666667
"national","2-3","gross_by_hh_size >= 1350 & shelter_expenses_by_hh_size >= 1310 & total_deductions_by_hh_size >= 476",62,62,30,0,0,0,4,0,0,FALSE,0.483870967741935,0.483870967741935,0.343583239805001,0.343583239805001,0,0.0645161290322581
"national","1","earned_by_hh_size > 410 & earned_by_hh_size <= 702 & total_deductions_by_hh_size > 1080",406,406,157,185,107,186,241,0.455665024630542,0.681528662420382,TRUE,0.386699507389163,0.226244343891403,0.332323145264277,0.167778621696563,0.458128078817734,0.5935960591133
"national","1","months_since_cert_n >= 18 & rawben_rel_max >= 1 & unc_rawben_rel_max < 1.02 & unearned_by_hh_size >= 207",349,349,135,4,2,10,117,0.0114613180515759,0.0148148148148148,FALSE,0.386819484240688,0.385507246376812,0.328349001525844,0.326771370314553,0.0286532951289398,0.335243553008596
"national","1","bbce_state_i >= 1 & medical_deductions > 666 & rawben_rel_max > 0.292",94,94,41,0,0,0,1,0,0,FALSE,0.436170212765957,0.436170212765957,0.323901854179785,0.323901854179785,0,0.0106382978723404
"national","4+","months_since_cert_n > 10.5 & shelter_expenses_by_hh_size > 318 & total_deductions_by_hh_size > 324",102,102,44,0,0,0,2,0,0,FALSE,0.431372549019608,0.431372549019608,0.323621112385048,0.323621112385048,0,0.0196078431372549
"national","4+","HH_size_n >= 5 & months_since_cert_n >= 1 & shelter_expenses_by_hh_size < 486 & total_deductions_by_hh_size >= 325",289,289,111,0,0,0,12,0,0,FALSE,0.384083044982699,0.384083044982699,0.32024519620108,0.32024519620108,0,0.041522491349481
"national","1","earned_by_hh_size > 365 & earned_by_hh_size <= 703 & total_deductions_by_hh_size > 1080",430,430,160,185,107,186,245,0.430232558139535,0.66875,TRUE,0.372093023255814,0.216326530612245,0.319778151495599,0.161624931485829,0.432558139534884,0.569767441860465
"national","4+","earned_by_hh_size >= 87.4 & earned_by_hh_size < 176 & rawben_rel_max < 0.876",253,253,96,0,0,0,0,0,0,FALSE,0.379446640316206,0.379446640316206,0.311711929246181,0.311711929246181,0,0
"national","2-3","children_i <= 0 & gross_by_hh_size > 1900",90,90,37,0,0,0,3,0,0,FALSE,0.411111111111111,0.411111111111111,0.298875381117925,0.298875381117925,0,0.0333333333333333
"national","1","rawben_rel_max > 0.316 & unc_rawben_rel_max > 0.902 & unearned_by_hh_size > 328 & utilities_sua <= 1.5",808,808,268,5,3,10,137,0.00618811881188119,0.0111940298507463,FALSE,0.331683168316832,0.330012453300125,0.294388456403038,0.292665919051025,0.0123762376237624,0.169554455445545
"national","4+","bbce_state_i >= 1 & earned_by_hh_size > 3 & HH_size_n > 5.5 & unearned_by_hh_size > 39.9",636,636,213,0,0,0,10,0,0,FALSE,0.334905660377358,0.334905660377358,0.292930301786205,0.292930301786205,0,0.0157232704402516
"national","2-3","medical_deductions >= 176 & medical_deductions < 285 & shelter_expenses_by_hh_size >= 584 & unearned_by_hh_size >= 661",115,115,45,0,0,0,1,0,0,FALSE,0.391304347826087,0.391304347826087,0.292621880441822,0.292621880441822,0,0.00869565217391304
"national","4+","earned_by_hh_size >= 376 & earned_by_hh_size < 596 & months_since_cert_n >= 10 & shelter_expenses_by_hh_size >= 324",74,74,30,0,0,0,3,0,0,FALSE,0.405405405405405,0.405405405405405,0.283535888460179,0.283535888460179,0,0.0405405405405405
"national","2-3","HH_size_n > 2.5 & total_deductions_by_hh_size > 501 & unc_rawben_rel_max > -0.199 & unearned_by_hh_size > 527",63,63,26,0,0,0,1,0,0,FALSE,0.412698412698413,0.412698412698413,0.280979698350455,0.280979698350455,0,0.0158730158730159
"national","4+","shelter_expenses_by_hh_size < 481 & total_deductions_by_hh_size >= 354",662,662,212,0,0,0,24,0,0,FALSE,0.3202416918429,0.3202416918429,0.279665859140543,0.279665859140543,0,0.0362537764350453
"national","1","elderly_disabled_i <= 0 & gross_by_hh_size > 480 & rawben_rel_max > 0.856 & unc_rawben_rel_max > 1.33",599,599,190,185,107,192,319,0.308848080133556,0.563157894736842,TRUE,0.317195325542571,0.20048309178744,0.27477059164664,0.158711049060816,0.320534223706177,0.532554257095159
"national","1","earned_by_hh_size < 49 & rawben_rel_max >= 0.956 & total_deductions_by_hh_size >= 334 & unc_rawben_rel_max < 1.02",2559,2559,747,46,23,110,547,0.0179757717858538,0.0307898259705489,FALSE,0.291910902696366,0.288101870274572,0.271462681415586,0.267561380362761,0.0429855412270418,0.213755373192653
"national","4+","HH_size_n > 4.5 & married >= 1 & months_since_cert_n > 5.5 & shelter_expenses_by_hh_size > 295",310,310,102,1,1,2,7,0.0032258064516129,0.00980392156862745,FALSE,0.329032258064516,0.326860841423948,0.270357268791965,0.268236903713706,0.00645161290322581,0.0225806451612903
"national","4+","married >= 1 & months_since_cert_n >= 11 & shelter_expenses_by_hh_size < 352 & unearned_by_hh_size < 212",191,191,65,1,1,3,11,0.00523560209424084,0.0153846153846154,FALSE,0.340314136125654,0.336842105263158,0.265951209211952,0.262587219804706,0.0157068062827225,0.0575916230366492
"national","2-3","married >= 1 & shelter_expenses_by_hh_size > 926 & unc_rawben_rel_max <= 1",353,353,113,0,0,0,5,0,0,FALSE,0.320113314447592,0.320113314447592,0.265446640756243,0.265446640756243,0,0.0141643059490085
"national","2-3","gross_by_hh_size >= 360 & HH_size_n < 3 & total_deductions_by_hh_size < 896 & unc_rawben_rel_max >= 1.16",310,310,100,69,40,69,157,0.22258064516129,0.4,TRUE,0.32258064516129,0.24896265560166,0.264324628307027,0.190164425649129,0.22258064516129,0.506451612903226
"national","1","bbce_state_i >= 1 & earned_by_hh_size <= 702 & elderly_disabled_i <= 0 & total_deductions_by_hh_size > 1040",464,464,144,174,106,174,243,0.375,0.736111111111111,TRUE,0.310344827586207,0.131034482758621,0.262815227486749,0.0916288355495036,0.375,0.523706896551724
"national","4+","months_since_cert_n >= 3 & total_deductions_by_hh_size >= 338 & total_deductions_by_hh_size < 351",163,163,55,0,0,0,1,0,0,FALSE,0.337423312883436,0.337423312883436,0.257737088879446,0.257737088879446,0,0.00613496932515337
"national","2-3","earned_by_hh_size >= 706 & earned_by_hh_size < 969 & shelter_expenses_by_hh_size >= 894",133,133,46,0,0,0,7,0,0,FALSE,0.345864661654135,0.345864661654135,0.257656842453898,0.257656842453898,0,0.0526315789473684
"national","2-3","gross_by_hh_size < 1420 & months_since_cert_n < 19 & rawben_rel_max < 0.331 & total_deductions_by_hh_size >= 680",81,81,30,0,0,0,2,0,0,FALSE,0.37037037037037,0.37037037037037,0.257380799177467,0.257380799177467,0,0.0246913580246914
"national","4+","elderly_disabled_i >= 1 & HH_size_n > 5.5 & total_deductions_by_hh_size > 62.3 & unc_rawben_rel_max <= 0.835",387,387,119,0,0,0,0,0,0,FALSE,0.30749354005168,0.30749354005168,0.255898919642697,0.255898919642697,0,0
"national","4+","earned_by_hh_size >= 587 & months_since_cert_n >= 2 & rawben_rel_max >= 0.176 & unearned_by_hh_size >= 121",145,145,49,0,0,0,0,0,0,FALSE,0.337931034482759,0.337931034482759,0.253862335483374,0.253862335483374,0,0
"national","4+","rawben_rel_max < 0.882 & unc_rawben_rel_max >= 0.879",51,51,20,0,0,0,0,0,0,FALSE,0.392156862745098,0.392156862745098,0.25094511844763,0.25094511844763,0,0
"national","4+","shelter_expenses_by_hh_size >= 558 & unc_rawben_rel_max >= 0.864 & unc_rawben_rel_max < 1",67,67,25,0,0,0,1,0,0,FALSE,0.373134328358209,0.373134328358209,0.250074556165989,0.250074556165989,0,0.0149253731343284
"national","2-3","earned_by_hh_size >= 110 & rawben_rel_max < 0.0871 & shelter_expenses_by_hh_size >= 764 & unc_rawben_rel_max < 0.043",124,124,42,0,0,0,8,0,0,FALSE,0.338709677419355,0.338709677419355,0.248449345732459,0.248449345732459,0,0.0645161290322581
"national","4+","gross_by_hh_size > 200 & months_since_cert_n > 2.5 & percent_abawd > 0.155 & shelter_expenses_by_hh_size <= 96.5",61,61,23,0,0,0,0,0,0,FALSE,0.377049180327869,0.377049180327869,0.24837299748304,0.24837299748304,0,0
"national","2-3","earned_by_hh_size >= 1280 & months_since_cert_n >= 9 & shelter_expenses_by_hh_size >= 494",84,84,30,0,0,0,5,0,0,FALSE,0.357142857142857,0.357142857142857,0.247603137058355,0.247603137058355,0,0.0595238095238095
"national","1","gross_by_hh_size >= 2440 & shelter_expenses_by_hh_size >= 1960 & total_deductions_by_hh_size >= 637",94,94,33,0,0,0,8,0,0,FALSE,0.351063829787234,0.351063829787234,0.247525396428774,0.247525396428774,0,0.0851063829787234
"national","2-3","medical_deductions >= 148 & months_since_cert_n < 6 & rawben_rel_max >= 0.467 & unearned_by_hh_size >= 928",52,52,20,0,0,0,0,0,0,FALSE,0.384615384615385,0.384615384615385,0.245745041816482,0.245745041816482,0,0
"national","1","rawben_rel_max >= 0.665 & shelter_expenses_by_hh_size < 394 & unearned_by_hh_size >= 851",49,49,19,0,0,1,4,0,0,FALSE,0.387755102040816,0.387755102040816,0.244869072774205,0.244869072774205,0.0204081632653061,0.0816326530612245
"national","4+","gross_by_hh_size >= 786 & months_since_cert_n >= 6 & rawben_rel_max >= 0.269 & unc_rawben_rel_max < 1.09",243,243,75,0,0,0,0,0,0,FALSE,0.308641975308642,0.308641975308642,0.24451072839686,0.24451072839686,0,0
"national","4+","earned_by_hh_size >= 92 & total_deductions_by_hh_size < 231 & unc_rawben_rel_max >= 1.07",119,119,40,12,7,22,65,0.100840336134454,0.175,FALSE,0.336134453781513,0.308411214953271,0.244493614143177,0.21589345680123,0.184873949579832,0.546218487394958
"national","2-3","gross_by_hh_size >= 842 & shelter_expenses_by_hh_size >= 460 & total_deductions_by_hh_size < 1110 & unc_rawben_rel_max >= 0.731",251,251,77,0,0,0,2,0,0,FALSE,0.306772908366534,0.306772908366534,0.243739403218414,0.243739403218414,0,0.00796812749003984
"national","1","earned_by_hh_size >= 669 & gross_by_hh_size < 704 & unc_rawben_rel_max >= 1.11",247,247,116,185,107,185,204,0.748987854251012,0.922413793103448,TRUE,0.469635627530364,0.145161290322581,0.397216133932281,0.0698600117051467,0.748987854251012,0.825910931174089
"national","1","gross_by_hh_size < 693 & shelter_expenses_by_hh_size >= 1600 & unc_rawben_rel_max < 1.34",34,34,20,24,17,24,25,0.705882352941177,0.85,TRUE,0.588235294117647,0.3,0.393370695741947,0.0897567636670626,0.705882352941177,0.735294117647059
"national","1","earned_by_hh_size >= 652 & total_deductions_by_hh_size >= 365 & total_deductions_by_hh_size < 1150 & unc_rawben_rel_max >= 1.32",270,270,119,185,107,185,209,0.685185185185185,0.899159663865546,TRUE,0.440740740740741,0.141176470588235,0.372309765681541,0.0748049175684172,0.685185185185185,0.774074074074074
"national","2-3","gross_by_hh_size >= 199 & rawben_rel_max >= 0.124 & total_deductions_by_hh_size >= 634 & unearned_by_hh_size >= 1100",167,167,71,0,0,0,0,0,0,FALSE,0.425149700598802,0.425149700598802,0.339892771912786,0.339892771912786,0,0
"national","4+","gross_by_hh_size > 143 & unc_rawben_rel_max > 1.08 & unearned_by_hh_size <= 26.2",199,199,82,79,45,84,125,0.396984924623116,0.548780487804878,TRUE,0.412060301507538,0.308333333333333,0.334277536982811,0.220327838673888,0.422110552763819,0.628140703517588
"national","2-3","rawben_rel_max >= 0.107 & unearned_by_hh_size >= 1270",120,120,51,0,0,0,0,0,0,FALSE,0.425,0.425,0.325507965819722,0.325507965819722,0,0
"national","4+","earned_by_hh_size > 59.6 & gross_by_hh_size <= 468 & unc_rawben_rel_max > 1.07 & unc_rawben_rel_max <= 1.1",246,246,97,79,45,89,158,0.321138211382114,0.463917525773196,TRUE,0.394308943089431,0.311377245508982,0.324856734028229,0.235054970399081,0.361788617886179,0.642276422764228
"national","1","expedited_i <= 0 & gross_by_hh_size > 352 & rawben_rel_max > 0.997 & utilities_sua <= 0.5",297,297,115,6,4,7,90,0.0202020202020202,0.0347826086956522,FALSE,0.387205387205387,0.381443298969072,0.324038320474729,0.317946829092349,0.0235690235690236,0.303030303030303
"national","2-3","gross_by_hh_size > 198 & total_deductions_by_hh_size > 1120 & unearned_by_hh_size > 203",59,59,27,0,0,0,3,0,0,FALSE,0.457627118644068,0.457627118644068,0.316752499287181,0.316752499287181,0,0.0508474576271186
"national","2-3","gross_by_hh_size >= 1080 & HH_size_n < 3 & rawben_rel_max >= 0.557 & total_deductions_by_hh_size >= 550",152,152,61,0,0,0,2,0,0,FALSE,0.401315789473684,0.401315789473684,0.313771272025696,0.313771272025696,0,0.0131578947368421
"national","2-3","earned_by_hh_size > 122 & months_since_cert_n <= 29.5 & total_deductions_by_hh_size > 798 & unearned_by_hh_size > 99",92,92,39,0,0,0,14,0,0,FALSE,0.423913043478261,0.423913043478261,0.311598880465459,0.311598880465459,0,0.152173913043478
"national","2-3","gross_by_hh_size > 416 & HH_size_n > 2.5 & total_deductions_by_hh_size > 584",289,289,105,0,0,0,18,0,0,FALSE,0.363321799307958,0.363321799307958,0.300586424216644,0.300586424216644,0,0.0622837370242214
"national","4+","gross_by_hh_size >= 925 & shelter_expenses_by_hh_size >= 348 & shelter_expenses_by_hh_size < 558 & total_deductions_by_hh_size >= 416",73,73,31,0,0,0,0,0,0,FALSE,0.424657534246575,0.424657534246575,0.299912895608557,0.299912895608557,0,0
"national","4+","earned_by_hh_size > 87.8 & gross_by_hh_size <= 628 & months_since_cert_n > 6.5",1426,1426,459,20,9,22,74,0.0140252454417952,0.0196078431372549,FALSE,0.321879382889201,0.320056899004267,0.293821872041158,0.291856050531026,0.0154277699859748,0.0518934081346424
"national","2-3","medical_deductions <= 110 & shelter_expenses_by_hh_size <= 699 & total_deductions_by_hh_size > 636 & unc_rawben_rel_max <= 1",293,293,102,0,0,0,1,0,0,FALSE,0.348122866894198,0.348122866894198,0.28667397323386,0.28667397323386,0,0.00341296928327645
"national","4+","earned_by_hh_size > 42.1 & earned_by_hh_size <= 427 & total_deductions_by_hh_size > 324",200,200,72,0,0,0,33,0,0,FALSE,0.36,0.36,0.285699786698566,0.285699786698566,0,0.165
"national","4+","gross_by_hh_size >= 205 & months_since_cert_n >= 6 & rawben_rel_max >= 0.725 & rawben_rel_max < 0.966",1116,1116,353,0,0,0,4,0,0,FALSE,0.316308243727599,0.316308243727599,0.284881544867989,0.284881544867989,0,0.003584229390681
"national","1","children_i <= 0 & earned_by_hh_size > 404 & gross_by_hh_size <= 702 & total_deductions_by_hh_size > 1040",419,419,140,176,105,176,237,0.420047732696897,0.75,TRUE,0.334128878281623,0.1440329218107,0.28294536257529,0.0993905405649684,0.420047732696897,0.56563245823389
"national","1","shelter_expenses_by_hh_size >= 1480 & unc_rawben_rel_max >= 1.02 & unc_rawben_rel_max < 1.03",78,78,31,0,0,0,53,0,0,FALSE,0.397435897435897,0.397435897435897,0.279277540648227,0.279277540648227,0,0.67948717948718
"national","4+","gross_by_hh_size >= 152 & months_since_cert_n >= 9 & rawben_rel_max >= 0.566",1239,1239,374,9,2,11,36,0.00726392251815981,0.0053475935828877,FALSE,0.301856335754641,0.302439024390244,0.272436374757742,0.272896062275622,0.00887812752219532,0.0290556900726392
"national","1","earned_by_hh_size < 704 & percent_abawd >= 1 & rawben_rel_max >= 0.844 & total_deductions_by_hh_size >= 1050",175,175,61,73,42,73,96,0.417142857142857,0.688524590163934,TRUE,0.348571428571429,0.186274509803922,0.270467883742678,0.113281403832983,0.417142857142857,0.548571428571429
"national","4+","earned_by_hh_size >= 45 & earned_by_hh_size < 467 & total_deductions_by_hh_size < 82.4",205,205,70,0,0,17,30,0,0,FALSE,0.341463414634146,0.341463414634146,0.269391343164455,0.269391343164455,0.0829268292682927,0.146341463414634
"national","4+","bbce_state_i >= 1 & earned_by_hh_size > 82.3 & shelter_expenses_by_hh_size > 184 & utilities_sua <= 1.5",463,463,145,5,4,5,17,0.0107991360691145,0.0275862068965517,FALSE,0.31317494600432,0.307860262008734,0.265442120296359,0.260176027992335,0.0107991360691145,0.0367170626349892
"national","4+","earned_by_hh_size > 425 & percent_abawd <= 0.155 & rawben_rel_max > 0.777",323,323,103,0,0,0,2,0,0,FALSE,0.318885448916409,0.318885448916409,0.26197721662245,0.26197721662245,0,0.00619195046439629
"national","2-3","children_i >= 1 & unc_rawben_rel_max > 0.999 & unc_rawben_rel_max <= 1 & unearned_by_hh_size > 110",131,131,46,0,0,0,1,0,0,FALSE,0.351145038167939,0.351145038167939,0.261804546587866,0.261804546587866,0,0.00763358778625954
"national","2-3","shelter_expenses_by_hh_size > 1040 & total_deductions_by_hh_size > 541",576,576,174,6,5,6,38,0.0104166666666667,0.028735632183908,FALSE,0.302083333333333,0.296491228070175,0.259593921812986,0.254077889483595,0.0104166666666667,0.0659722222222222
"national","1","medical_deductions > 160 & shelter_expenses_by_hh_size <= 866 & total_deductions_by_hh_size > 698 & unearned_by_hh_size <= 1720",356,356,111,0,0,2,8,0,0,FALSE,0.311797752808989,0.311797752808989,0.257868513006237,0.257868513006237,0.00561797752808989,0.0224719101123595
"national","4+","shelter_expenses_by_hh_size >= 286 & shelter_expenses_by_hh_size < 302 & total_deductions_by_hh_size >= 315",32,32,14,0,0,0,0,0,0,FALSE,0.4375,0.4375,0.25766898430634,0.25766898430634,0,0
"national","2-3","HH_size_n > 2.5 & total_deductions_by_hh_size > 367 & unearned_by_hh_size > 604",110,110,39,0,0,0,1,0,0,FALSE,0.354545454545455,0.354545454545455,0.257564643097082,0.257564643097082,0,0.00909090909090909
"national","4+","gross_by_hh_size > 712 & HH_size_n > 5.5 & married <= 0 & rawben_rel_max <= 0.976",119,119,41,0,0,0,0,0,0,FALSE,0.34453781512605,0.34453781512605,0.251968072932876,0.251968072932876,0,0
"national","4+","earned_by_hh_size < 761 & shelter_expenses_by_hh_size < 451 & total_deductions_by_hh_size >= 354 & total_deductions_by_hh_size < 401",205,205,66,0,0,0,14,0,0,FALSE,0.321951219512195,0.321951219512195,0.25146895084214,0.25146895084214,0,0.0682926829268293
"national","4+","earned_by_hh_size > 46.9 & gross_by_hh_size <= 721 & HH_size_n <= 4.5 & months_since_cert_n > 5.5",981,981,276,21,10,23,62,0.0214067278287462,0.036231884057971,FALSE,0.281345565749235,0.277083333333333,0.249221970375892,0.244804808842503,0.0234454638124363,0.0632008154943935
"national","4+","expedited_i <= 0 & total_deductions_by_hh_size > 242 & total_deductions_by_hh_size <= 243",33,33,14,0,0,0,1,0,0,FALSE,0.424242424242424,0.424242424242424,0.249119821740809,0.249119821740809,0,0.0303030303030303
"national","2-3","earned_by_hh_size > 250 & months_since_cert_n > 4.5 & shelter_expenses_by_hh_size > 653",997,997,279,38,21,38,75,0.0381143430290873,0.0752688172043011,FALSE,0.279839518555667,0.26903023983316,0.248025968826956,0.23708609868592,0.0381143430290873,0.0752256770310933
"national","2-3","children_i <= 0 & total_deductions_by_hh_size > 605 & unc_rawben_rel_max <= 0.999",678,678,194,0,0,0,5,0,0,FALSE,0.286135693215339,0.286135693215339,0.247580481557267,0.247580481557267,0,0.00737463126843658
"national","4+","elderly_disabled_i <= 0 & rawben_rel_max < 0.939 & unearned_by_hh_size >= 164 & unearned_by_hh_size < 269",755,755,214,0,0,0,1,0,0,FALSE,0.283443708609272,0.283443708609272,0.246939218663831,0.246939218663831,0,0.00132450331125828
"national","1","months_since_cert_n < 9 & shelter_expenses_by_hh_size >= 1690 & total_deductions_by_hh_size < 1090 & unc_rawben_rel_max < 1.38",153,153,50,31,23,31,39,0.202614379084967,0.46,TRUE,0.326797385620915,0.221311475409836,0.245829002302944,0.146786518363507,0.202614379084967,0.254901960784314
"national","2-3","percent_abawd > 0.167 & shelter_expenses_by_hh_size > 748 & total_deductions_by_hh_size > 105 & unc_rawben_rel_max <= 1.17",260,260,80,13,9,13,16,0.05,0.1125,FALSE,0.307692307692308,0.287449392712551,0.245599966197305,0.225589872778746,0.05,0.0615384615384615
"national","4+","months_since_cert_n < 7 & rawben_rel_max < 0.923 & shelter_expenses_by_hh_size >= 443 & unearned_by_hh_size >= 153",308,308,93,0,0,0,0,0,0,FALSE,0.301948051948052,0.301948051948052,0.244949888399824,0.244949888399824,0,0
"national","1","gross_by_hh_size >= 1010 & months_since_cert_n < 25 & shelter_expenses_by_hh_size < 1050 & total_deductions_by_hh_size >= 1320",95,95,33,0,0,0,5,0,0,FALSE,0.347368421052632,0.347368421052632,0.244764631944021,0.244764631944021,0,0.0526315789473684
"national","4+","earned_by_hh_size >= 668 & rawben_rel_max >= 0.483 & total_deductions_by_hh_size < 505 & unc_rawben_rel_max >= 0.594",95,95,33,0,0,0,0,0,0,FALSE,0.347368421052632,0.347368421052632,0.244764631944021,0.244764631944021,0,0
"national","4+","gross_by_hh_size < 250 & HH_size_n >= 6 & rawben_rel_max < 0.879",162,162,52,0,0,0,0,0,0,FALSE,0.320987654320988,0.320987654320988,0.242646732324071,0.242646732324071,0,0
"national","2-3","earned_by_hh_size >= 81.7 & gross_by_hh_size < 157 & total_deductions_by_hh_size >= 146 & total_deductions_by_hh_size < 216",53,53,20,0,0,0,31,0,0,FALSE,0.377358490566038,0.377358490566038,0.240758002023421,0.240758002023421,0,0.584905660377358
"national","2-3","married <= 0 & shelter_expenses_by_hh_size > 926 & unc_rawben_rel_max <= 1 & unearned_by_hh_size > 493",255,255,77,0,0,0,3,0,0,FALSE,0.301960784313725,0.301960784313725,0.239772168806885,0.239772168806885,0,0.0117647058823529
"national","1","bbce_state_i >= 1 & earned_by_hh_size > 426 & gross_by_hh_size <= 1840 & months_since_cert_n > 7.5",853,853,232,53,39,58,153,0.0621336459554514,0.168103448275862,FALSE,0.271981242672919,0.24125,0.238062453912267,0.207879248904445,0.0679953106682298,0.17936694021102
"national","2-3","bbce_state_i >= 1 & medical_deductions >= 135 & months_since_cert_n >= 8 & rawben_rel_max >= 0.54",112,112,37,0,0,0,4,0,0,FALSE,0.330357142857143,0.330357142857143,0.236907301002484,0.236907301002484,0,0.0357142857142857
"national","2-3","earned_by_hh_size < 378 & expedited_i <= 0 & shelter_expenses_by_hh_size >= 1080 & unearned_by_hh_size >= 0.5",286,286,84,3,1,3,14,0.0104895104895105,0.0119047619047619,FALSE,0.293706293706294,0.293286219081272,0.235358978681677,0.234688399977115,0.0104895104895105,0.048951048951049
"national","4+","HH_size_n > 7.5 & percent_abawd > 0.0885",32,32,13,0,0,0,2,0,0,FALSE,0.40625,0.40625,0.232544249554299,0.232544249554299,0,0.0625
"national","4+","gross_by_hh_size >= 234 & gross_by_hh_size < 493 & rawben_rel_max < 0.972 & shelter_expenses_by_hh_size < 97.2",734,734,197,0,0,0,2,0,0,FALSE,0.268392370572207,0.268392370572207,0.232144647932763,0.232144647932763,0,0.00272479564032698
"national","4+","elderly_disabled_i >= 1 & shelter_expenses_by_hh_size > 295 & total_deductions_by_hh_size <= 277",505,505,139,0,0,0,0,0,0,FALSE,0.275247524752475,0.275247524752475,0.231584216474786,0.231584216474786,0,0
"national","4+","gross_by_hh_size > 657 & months_since_cert_n > 5.5 & rawben_rel_max <= 0.972 & unc_rawben_rel_max > 0.203",826,826,218,0,0,0,0,0,0,FALSE,0.263922518159806,0.263922518159806,0.229870475375472,0.229870475375472,0,0
"national","1","gross_by_hh_size >= 986 & medical_deductions >= 218 & months_since_cert_n >= 1 & unearned_by_hh_size < 1010",39,39,15,0,0,0,2,0,0,FALSE,0.384615384615385,0.384615384615385,0.228284660817467,0.228284660817467,0,0.0512820512820513
"national","1","gross_by_hh_size > 519 & months_since_cert_n > 4.5 & percent_abawd > 0.5",785,785,206,51,32,55,109,0.064968152866242,0.155339805825243,FALSE,0.262420382165605,0.237057220708447,0.227611514817892,0.202552274519551,0.0700636942675159,0.138853503184713
"national","2-3","gross_by_hh_size >= 897 & rawben_rel_max < 0.936 & total_deductions_by_hh_size >= 416 & utilities_sua < 2",263,263,75,0,0,0,3,0,0,FALSE,0.285171102661597,0.285171102661597,0.225254383404697,0.225254383404697,0,0.0114068441064639
"national","2-3","children_i <= 0 & rawben_rel_max < 0.857 & total_deductions_by_hh_size >= 458 & unc_rawben_rel_max >= 0.839",43,43,16,0,0,0,0,0,0,FALSE,0.372093023255814,0.372093023255814,0.224166761490865,0.224166761490865,0,0
"national","4+","gross_by_hh_size >= 312 & rawben_rel_max >= 0.942 & unc_rawben_rel_max < 1.07",137,137,42,0,0,0,7,0,0,FALSE,0.306569343065693,0.306569343065693,0.223750004363632,0.223750004363632,0,0.0510948905109489
"national","4+","earned_by_hh_size >= 752 & percent_abawd >= 0.222 & total_deductions_by_hh_size >= 317",50,50,18,0,0,0,0,0,0,FALSE,0.36,0.36,0.22306026536488,0.22306026536488,0,0
"national","2-3","married <= 0 & months_since_cert_n > 5.5 & shelter_expenses_by_hh_size > 670 & unc_rawben_rel_max <= 1",851,851,218,0,0,0,9,0,0,FALSE,0.256169212690952,0.256169212690952,0.222980215216864,0.222980215216864,0,0.0105757931844888
"national","4+","married <= 0 & rawben_rel_max >= 0.45 & rawben_rel_max < 0.497",431,431,116,0,0,0,0,0,0,FALSE,0.269141531322506,0.269141531322506,0.222538606543909,0.222538606543909,0,0
"national","4+","earned_by_hh_size < 306 & gross_by_hh_size >= 286 & months_since_cert_n < 14 & unearned_by_hh_size < 18.5",134,134,41,0,0,0,2,0,0,FALSE,0.305970149253731,0.305970149253731,0.22240820293814,0.22240820293814,0,0.0149253731343284
"national","1","earned_by_hh_size >= 568 & shelter_expenses_by_hh_size < 992 & unc_rawben_rel_max >= 1.4",71,71,36,0,0,7,56,0,0,FALSE,0.507042253521127,0.507042253521127,0.373509269835877,0.373509269835877,0.0985915492957746,0.788732394366197
"national","1","earned_by_hh_size >= 678 & expedited_i <= 0 & unc_rawben_rel_max >= 1.32 & unearned_by_hh_size < 469",268,268,115,139,84,139,181,0.51865671641791,0.730434782608696,TRUE,0.42910447761194,0.24031007751938,0.360868727293333,0.164405080479881,0.51865671641791,0.675373134328358
"national","1","children_i >= 1 & count_divisible_by_100 <= 0.5 & elderly_disabled_i >= 1",37,37,20,1,0,1,0,0.027027027027027,0,FALSE,0.540540540540541,0.555555555555556,0.357296991528079,0.368541570873969,0.027027027027027,0
"national","2-3","rawben_rel_max >= 0.139 & unc_rawben_rel_max >= -0.0581 & unc_rawben_rel_max < 0.466 & unearned_by_hh_size >= 1300",67,67,32,0,0,0,0,0,0,FALSE,0.477611940298507,0.477611940298507,0.342739517183785,0.342739517183785,0,0
"national","2-3","children_i >= 1 & gross_by_hh_size >= 360 & total_deductions_by_hh_size < 642 & unc_rawben_rel_max >= 1.16",120,120,53,51,31,51,83,0.425,0.584905660377358,TRUE,0.441666666666667,0.318840579710145,0.341010105447034,0.205661865279726,0.425,0.691666666666667
"national","1","earned_by_hh_size >= 560 & total_deductions_by_hh_size < 1050 & unc_rawben_rel_max >= 1.4",31,31,16,0,0,7,26,0,0,FALSE,0.516129032258065,0.516129032258065,0.321079615952095,0.321079615952095,0.225806451612903,0.838709677419355
"national","2-3","gross_by_hh_size >= 1030 & shelter_expenses_by_hh_size >= 1180 & unearned_by_hh_size >= 965",95,95,41,0,0,0,2,0,0,FALSE,0.431578947368421,0.431578947368421,0.320236152375012,0.320236152375012,0,0.0210526315789474
"national","2-3","medical_deductions >= 199 & rawben_rel_max >= 0.409",180,180,71,0,0,0,5,0,0,FALSE,0.394444444444444,0.394444444444444,0.313981936452185,0.313981936452185,0,0.0277777777777778
"national","1","rawben_rel_max >= 0.993 & total_deductions_by_hh_size < 1390 & unc_rawben_rel_max < 1.02 & unearned_by_hh_size >= 207",1829,1829,617,146,46,191,696,0.0798250410060142,0.0745542949756888,FALSE,0.337342810278841,0.339275103980986,0.312141213453468,0.312983803290691,0.104428649535265,0.380535811919081
"national","4+","HH_size_n <= 4.5 & total_deductions_by_hh_size > 276 & unc_rawben_rel_max > 1.08 & unearned_by_hh_size <= 130",123,123,50,57,34,57,74,0.463414634146341,0.68,TRUE,0.40650406504065,0.242424242424242,0.309545344868945,0.142376866648606,0.463414634146341,0.601626016260163
"national","4+","earned_by_hh_size > 13.2 & HH_size_n > 5.5 & rawben_rel_max <= 0.937 & unearned_by_hh_size > 20.6",768,768,258,0,0,0,2,0,0,FALSE,0.3359375,0.3359375,0.297564744357539,0.297564744357539,0,0.00260416666666667
"national","1","earned_by_hh_size >= 621 & total_deductions_by_hh_size < 1090 & unc_rawben_rel_max >= 1.32",164,164,62,73,43,73,110,0.445121951219512,0.693548387096774,TRUE,0.378048780487805,0.208791208791209,0.295201271610271,0.127473036601773,0.445121951219512,0.670731707317073
"national","2-3","gross_by_hh_size >= 1170 & shelter_expenses_by_hh_size >= 1240",122,122,47,0,0,0,7,0,0,FALSE,0.385245901639344,0.385245901639344,0.289717458804159,0.289717458804159,0,0.0573770491803279
"national","4+","earned_by_hh_size < 418 & gross_by_hh_size >= 199 & HH_size_n >= 6 & months_since_cert_n >= 3",848,848,272,0,0,0,7,0,0,FALSE,0.320754716981132,0.320754716981132,0.284708992474989,0.284708992474989,0,0.00825471698113208
"national","4+","earned_by_hh_size > 80 & rawben_rel_max > 0.132 & shelter_expenses_by_hh_size <= 490 & total_deductions_by_hh_size > 328",1038,1038,325,0,0,0,22,0,0,FALSE,0.313102119460501,0.313102119460501,0.280662945324105,0.280662945324105,0,0.0211946050096339
"national","4+","earned_by_hh_size >= 5.5 & months_since_cert_n >= 6 & total_deductions_by_hh_size >= 338",473,473,155,0,0,0,9,0,0,FALSE,0.3276955602537,0.3276955602537,0.279691492467317,0.279691492467317,0,0.0190274841437632
"national","4+","children_i >= 1 & earned_by_hh_size > 42.6 & rawben_rel_max > 0.389 & total_deductions_by_hh_size <= 115",641,641,202,0,0,17,36,0,0,FALSE,0.315132605304212,0.315132605304212,0.274150117416164,0.274150117416164,0.0265210608424337,0.0561622464898596
"national","1","earned_by_hh_size > 436 & expedited_i <= 0 & unc_rawben_rel_max > 1.33",566,566,179,139,84,142,289,0.245583038869258,0.46927374301676,TRUE,0.316254416961131,0.22248243559719,0.272712544541166,0.179302635370985,0.250883392226148,0.510600706713781
"national","4+","bbce_state_i >= 1 & expedited_i >= 1 & rawben_rel_max > 0.567 & unc_rawben_rel_max <= 0.973",298,298,98,0,0,0,2,0,0,FALSE,0.328859060402685,0.328859060402685,0.269102102533774,0.269102102533774,0,0.00671140939597315
"national","4+","earned_by_hh_size >= 82.3 & shelter_expenses_by_hh_size >= 332 & unc_rawben_rel_max >= 1.06",158,158,55,46,29,48,74,0.291139240506329,0.527272727272727,TRUE,0.348101265822785,0.232142857142857,0.266305835607313,0.15301858465483,0.30379746835443,0.468354430379747
"national","2-3","earned_by_hh_size > 8.83 & gross_by_hh_size > 2170",88,88,33,0,0,0,7,0,0,FALSE,0.375,0.375,0.265503917171777,0.265503917171777,0,0.0795454545454545
"national","1","bbce_state_i >= 1 & gross_by_hh_size >= 1030 & rawben_rel_max >= 0.54 & utilities_sua < 2",620,620,190,0,0,1,12,0,0,FALSE,0.306451612903226,0.306451612903226,0.265214089789157,0.265214089789157,0.00161290322580645,0.0193548387096774
"national","4+","count_divisible_by_100 > 0.5 & months_since_cert_n > 5.5 & percent_abawd <= 0.191 & rawben_rel_max <= 0.976",289,289,93,0,0,0,0,0,0,FALSE,0.321799307958477,0.321799307958477,0.261660099272406,0.261660099272406,0,0
"national","4+","elderly_disabled_i <= 0 & months_since_cert_n > 3.5 & unc_rawben_rel_max <= 0.954 & unearned_by_hh_size > 26.5",1604,1604,458,0,0,0,3,0,0,FALSE,0.285536159600997,0.285536159600997,0.260059511089056,0.260059511089056,0,0.00187032418952618
"national","2-3","shelter_expenses_by_hh_size >= 846 & unearned_by_hh_size >= 607 & unearned_by_hh_size < 712",81,81,30,0,0,0,12,0,0,FALSE,0.37037037037037,0.37037037037037,0.257380799177467,0.257380799177467,0,0.148148148148148
"national","1","gross_by_hh_size >= 1850 & total_deductions_by_hh_size >= 1570 & unc_rawben_rel_max < 1.09 & unearned_by_hh_size < 2050",170,170,57,0,0,0,14,0,0,FALSE,0.335294117647059,0.335294117647059,0.257308168837042,0.257308168837042,0,0.0823529411764706
"national","4+","HH_size_n >= 6 & percent_abawd >= 0.0769 & unc_rawben_rel_max >= 0.212",161,161,54,0,0,1,5,0,0,FALSE,0.335403726708075,0.335403726708075,0.255457019748931,0.255457019748931,0.0062111801242236,0.031055900621118
"national","4+","gross_by_hh_size >= 758 & HH_size_n >= 5 & total_deductions_by_hh_size >= 374",98,98,35,0,0,0,0,0,0,FALSE,0.357142857142857,0.357142857142857,0.254763513235228,0.254763513235228,0,0
"national","4+","gross_by_hh_size >= 1010 & rawben_rel_max >= 0.262",60,60,23,0,0,0,0,0,0,FALSE,0.383333333333333,0.383333333333333,0.252820632420921,0.252820632420921,0,0
"national","1","gross_by_hh_size >= 1790 & months_since_cert_n < 7 & shelter_expenses_by_hh_size >= 2020",163,163,54,0,0,0,10,0,0,FALSE,0.331288343558282,0.331288343558282,0.252172166190626,0.252172166190626,0,0.0613496932515337
"national","2-3","children_i <= 0 & earned_by_hh_size < 5 & months_since_cert_n < 27 & shelter_expenses_by_hh_size >= 1050",188,188,61,1,1,1,4,0.00531914893617021,0.0163934426229508,FALSE,0.324468085106383,0.320855614973262,0.250921364690373,0.247454452395593,0.00531914893617021,0.0212765957446809
"national","2-3","count_divisible_by_100 > 0.5 & earned_by_hh_size <= 65.3 & shelter_expenses_by_hh_size > 1020",48,48,19,0,0,0,7,0,0,FALSE,0.395833333333333,0.395833333333333,0.25038398115754,0.25038398115754,0,0.145833333333333
"national","4+","earned_by_hh_size >= 862 & HH_size_n >= 5 & rawben_rel_max >= 0.262 & shelter_expenses_by_hh_size < 463",30,30,13,0,0,0,0,0,0,FALSE,0.433333333333333,0.433333333333333,0.249555901376185,0.249555901376185,0,0
"national","2-3","bbce_state_i >= 1 & children_i >= 1 & earned_by_hh_size > 124 & months_since_cert_n > 7.5",1607,1607,440,44,24,44,117,0.0273802115743622,0.0545454545454545,FALSE,0.273802115743622,0.266154830454255,0.24872034232597,0.240992267438835,0.0273802115743622,0.0728064716863721
"national","1","expedited_i >= 1 & medical_deductions <= 150 & shelter_expenses_by_hh_size > 1780 & unc_rawben_rel_max <= 1.02",101,101,35,6,5,6,12,0.0594059405940594,0.142857142857143,FALSE,0.346534653465347,0.315789473684211,0.246753353285517,0.217361250950391,0.0594059405940594,0.118811881188119
"national","1","elderly_disabled_i <= 0 & rawben_rel_max >= 1 & unc_rawben_rel_max < 1.04 & unearned_by_hh_size >= 354",146,146,48,37,22,37,91,0.253424657534247,0.458333333333333,TRUE,0.328767123287671,0.238532110091743,0.245875193013607,0.157397408151033,0.253424657534247,0.623287671232877
"national","2-3","count_divisible_by_100 <= 0.5 & months_since_cert_n > 7.5 & shelter_expenses_by_hh_size > 654 & total_deductions_by_hh_size > 502",917,917,255,19,9,19,73,0.0207197382769902,0.0352941176470588,FALSE,0.278080697928026,0.273942093541203,0.245043180217461,0.240756390220916,0.0207197382769902,0.0796074154852781
"national","2-3","earned_by_hh_size > 1110 & HH_size_n <= 2.5 & unearned_by_hh_size > 496",49,49,19,0,0,0,1,0,0,FALSE,0.387755102040816,0.387755102040816,0.244869072774205,0.244869072774205,0,0.0204081632653061
"national","1","medical_deductions <= 160 & rawben_rel_max <= 0.0822 & unc_rawben_rel_max > 0.0787 & utilities_sua > 0.5",405,405,119,0,0,0,0,0,0,FALSE,0.293827160493827,0.293827160493827,0.244174435982708,0.244174435982708,0,0
"national","4+","count_divisible_by_100 > 0.5 & gross_by_hh_size > 285 & rawben_rel_max <= 0.918 & unc_rawben_rel_max > 0.789",144,144,47,0,0,0,0,0,0,FALSE,0.326388888888889,0.326388888888889,0.243228231031693,0.243228231031693,0,0
"national","2-3","medical_deductions >= 172 & months_since_cert_n >= 5 & shelter_expenses_by_hh_size >= 591",220,220,68,0,0,0,2,0,0,FALSE,0.309090909090909,0.309090909090909,0.241932639038104,0.241932639038104,0,0.00909090909090909
"national","4+","count_divisible_by_100 > 1.5 & elderly_disabled_i <= 0 & total_deductions_by_hh_size <= 249 & unc_rawben_rel_max > 0.685",56,56,21,0,0,0,6,0,0,FALSE,0.375,0.375,0.24189514109507,0.24189514109507,0,0.107142857142857
"national","4+","gross_by_hh_size >= 974 & shelter_expenses_by_hh_size >= 428 & shelter_expenses_by_hh_size < 568 & total_deductions_by_hh_size >= 401",56,56,21,0,0,0,0,0,0,FALSE,0.375,0.375,0.24189514109507,0.24189514109507,0,0
"national","4+","gross_by_hh_size >= 767 & HH_size_n >= 6 & months_since_cert_n < 3 & rawben_rel_max >= 0.251",31,31,13,0,0,0,0,0,0,FALSE,0.419354838709677,0.419354838709677,0.240746327794409,0.240746327794409,0,0
"national","4+","months_since_cert_n >= 2 & shelter_expenses_by_hh_size < 354 & total_deductions_by_hh_size >= 288 & total_deductions_by_hh_size < 436",515,515,144,0,0,0,14,0,0,FALSE,0.279611650485437,0.279611650485437,0.236084287308165,0.236084287308165,0,0.0271844660194175
"national","2-3","gross_by_hh_size >= 236 & gross_by_hh_size < 261 & shelter_expenses_by_hh_size >= 383",237,237,71,104,64,104,114,0.438818565400844,0.901408450704225,TRUE,0.29957805907173,0.0526315789473684,0.235471623344084,0.0226337084109387,0.438818565400844,0.481012658227848
"national","1","elderly_disabled_i >= 1 & homeless >= 1 & rawben_rel_max > 0.312 & total_deductions_by_hh_size > 411",276,276,81,1,0,6,16,0.0036231884057971,0,FALSE,0.293478260869565,0.294545454545455,0.23418609114111,0.235068105694995,0.0217391304347826,0.0579710144927536
"national","1","medical_deductions > 144 & rawben_rel_max > 0.275 & shelter_expenses_by_hh_size <= 784 & total_deductions_by_hh_size > 552",477,477,133,3,0,6,9,0.00628930817610063,0,FALSE,0.278825995807128,0.280590717299578,0.233753283394837,0.235273805015483,0.0125786163522013,0.0188679245283019
"national","2-3","earned_by_hh_size >= 411 & earned_by_hh_size < 462 & rawben_rel_max < 0.923",342,342,98,0,0,0,0,0,0,FALSE,0.286549707602339,0.286549707602339,0.233351148050622,0.233351148050622,0,0
"national","2-3","earned_by_hh_size >= 148 & months_since_cert_n >= 2 & unc_rawben_rel_max >= 1.09",905,905,240,143,96,143,375,0.158011049723757,0.4,TRUE,0.265193370165746,0.188976377952756,0.232530385171772,0.158224789490845,0.158011049723757,0.414364640883978
"national","2-3","children_i <= 0 & earned_by_hh_size >= 677 & gross_by_hh_size < 1030 & shelter_expenses_by_hh_size < 700",225,225,67,0,0,0,2,0,0,FALSE,0.297777777777778,0.297777777777778,0.232293836776058,0.232293836776058,0,0.00888888888888889
"national","2-3","children_i <= 0 & unc_rawben_rel_max < -0.708",76,76,26,0,0,0,1,0,0,FALSE,0.342105263157895,0.342105263157895,0.22984865039043,0.22984865039043,0,0.0131578947368421
"national","4+","HH_size_n > 6.5 & shelter_expenses_by_hh_size <= 83.9 & total_deductions_by_hh_size > 62.3",167,167,51,0,0,0,5,0,0,FALSE,0.305389221556886,0.305389221556886,0.229680020215104,0.229680020215104,0,0.029940119760479
"national","4+","shelter_expenses_by_hh_size >= 201 & unearned_by_hh_size >= 169 & unearned_by_hh_size < 176",66,66,23,0,0,13,15,0,0,FALSE,0.348484848484849,0.348484848484849,0.228308117769125,0.228308117769125,0.196969696969697,0.227272727272727
"national","4+","gross_by_hh_size >= 467 & shelter_expenses_by_hh_size < 421 & unearned_by_hh_size >= 35.2 & unearned_by_hh_size < 83.5",318,318,90,0,0,0,0,0,0,FALSE,0.283018867924528,0.283018867924528,0.228272543664165,0.228272543664165,0,0
"national","2-3","bbce_state_i >= 1 & count_divisible_by_100 <= 1.5 & expedited_i >= 1 & unc_rawben_rel_max <= 1",826,826,216,0,0,0,8,0,0,FALSE,0.261501210653753,0.261501210653753,0.227569450538611,0.227569450538611,0,0.00968523002421308
"national","4+","earned_by_hh_size >= 87.4 & gross_by_hh_size < 175 & unc_rawben_rel_max < 1.1",331,331,93,22,11,32,103,0.0664652567975831,0.118279569892473,FALSE,0.280966767371601,0.26537216828479,0.227380312280587,0.211349802174681,0.0966767371601208,0.311178247734139
"national","2-3","earned_by_hh_size < 877 & gross_by_hh_size >= 751 & rawben_rel_max >= 0.59 & unearned_by_hh_size < 774",738,738,194,0,0,0,12,0,0,FALSE,0.262872628726287,0.262872628726287,0.227006179765091,0.227006179765091,0,0.016260162601626
"national","4+","percent_abawd > 0.05 & shelter_expenses_by_hh_size > 70.7 & total_deductions_by_hh_size <= 263 & utilities_sua <= 1.5",63,63,22,0,0,0,0,0,0,FALSE,0.349206349206349,0.349206349206349,0.226538726208156,0.226538726208156,0,0
"national","1","gross_by_hh_size >= 1790 & months_since_cert_n < 7 & shelter_expenses_by_hh_size >= 1870",219,219,64,0,0,0,10,0,0,FALSE,0.292237442922374,0.292237442922374,0.226453433521532,0.226453433521532,0,0.045662100456621
"national","4+","months_since_cert_n >= 3 & rawben_rel_max >= 0.633 & shelter_expenses_by_hh_size >= 502",341,341,95,12,7,12,26,0.0351906158357771,0.0736842105263158,FALSE,0.278592375366569,0.267477203647416,0.225917772747795,0.214811544608659,0.0351906158357771,0.0762463343108504
"national","1","elderly_disabled_i >= 1 & medical_deductions < 223 & rawben_rel_max >= 0.488 & unearned_by_hh_size >= 1730",274,274,78,0,0,0,11,0,0,FALSE,0.284671532846715,0.284671532846715,0.225909409140012,0.225909409140012,0,0.0401459854014599
"national","1","medical_deductions > 160 & unc_rawben_rel_max > 0.32 & unc_rawben_rel_max <= 1.03 & utilities_sua > 1.5",1252,1252,315,0,0,1,20,0,0,FALSE,0.251597444089457,0.251597444089457,0.224182450317607,0.224182450317607,0.000798722044728434,0.0159744408945687
"national","2-3","rawben_rel_max < 0.225 & shelter_expenses_by_hh_size >= 764 & total_deductions_by_hh_size >= 600 & total_deductions_by_hh_size < 650",43,43,16,0,0,0,2,0,0,FALSE,0.372093023255814,0.372093023255814,0.224166761490865,0.224166761490865,0,0.0465116279069767
"national","2-3","earned_by_hh_size > 55.7 & HH_size_n > 2.5 & unearned_by_hh_size > 33.8 & utilities_sua <= 0.5",141,141,43,0,0,0,3,0,0,FALSE,0.304964539007092,0.304964539007092,0.223376888320483,0.223376888320483,0,0.0212765957446809
"national","1","bbce_state_i >= 1 & elderly_disabled_i <= 0 & gross_by_hh_size > 480 & months_since_cert_n > 5.5",1483,1483,368,91,66,99,217,0.0613621038435603,0.179347826086957,FALSE,0.248145650708024,0.216954022988506,0.223003384212381,0.192380144316563,0.0667565745111261,0.146325016857721
"national","2-3","earned_by_hh_size >= 715 & earned_by_hh_size < 763 & shelter_expenses_by_hh_size >= 237",385,385,104,0,0,0,3,0,0,FALSE,0.27012987012987,0.27012987012987,0.220947730686325,0.220947730686325,0,0.00779220779220779
"national","1","earned_by_hh_size > 165 & elderly_disabled_i <= 0 & unearned_by_hh_size > 490 & utilities_sua > 0.5",79,79,26,0,0,0,9,0,0,FALSE,0.329113924050633,0.329113924050633,0.220601348582407,0.220601348582407,0,0.113924050632911
"national","2-3","gross_by_hh_size >= 26 & months_since_cert_n < 8 & percent_abawd >= 0.333 & percent_abawd < 0.5",354,354,96,4,3,5,20,0.0112994350282486,0.03125,FALSE,0.271186440677966,0.265714285714286,0.219976957694356,0.214665636695801,0.0141242937853107,0.0564971751412429
"national","2-3","earned_by_hh_size >= 1140 & months_since_cert_n >= 5 & shelter_expenses_by_hh_size >= 725 & total_deductions_by_hh_size < 762",147,147,44,0,0,0,5,0,0,FALSE,0.299319727891156,0.299319727891156,0.219865934423678,0.219865934423678,0,0.0340136054421769
"national","4+","gross_by_hh_size < 363 & rawben_rel_max >= 0.969 & total_deductions_by_hh_size >= 206 & unc_rawben_rel_max < 0.977",44,44,16,0,0,0,0,0,0,FALSE,0.363636363636364,0.363636363636364,0.218689406808767,0.218689406808767,0,0
"national","2-3","gross_by_hh_size >= 534 & months_since_cert_n >= 7 & rawben_rel_max >= 0.5",1923,1923,462,0,0,0,33,0,0,FALSE,0.240249609984399,0.240249609984399,0.218337028912054,0.218337028912054,0,0.0171606864274571
"national","2-3","earned_by_hh_size < 1150 & elderly_disabled_i <= 0 & rawben_rel_max < 0.286 & total_deductions_by_hh_size >= 519",34,34,13,0,0,0,1,0,0,FALSE,0.382352941176471,0.382352941176471,0.217724827225864,0.217724827225864,0,0.0294117647058824
"national","2-3","months_since_cert_n > 5.5 & shelter_expenses_by_hh_size <= 921 & unc_rawben_rel_max <= 1 & unearned_by_hh_size <= 487",3437,3437,803,1,1,1,14,0.000290951411114344,0.0012453300124533,FALSE,0.233633983124818,0.233410942956927,0.217272318359916,0.217052870858068,0.000290951411114344,0.00407331975560081
"national","4+","elderly_disabled_i <= 0 & rawben_rel_max <= 0.718 & unearned_by_hh_size > 29.4 & utilities_sua <= 0.5",161,161,47,0,0,0,0,0,0,FALSE,0.291925465838509,0.291925465838509,0.216434085104958,0.216434085104958,0,0
"national","1","earned_by_hh_size > 424 & months_since_cert_n > 5.5 & utilities_sua <= 0.5",302,302,82,3,2,3,34,0.00993377483443709,0.024390243902439,FALSE,0.271523178807947,0.267558528428094,0.216406062890479,0.212528454849175,0.00993377483443709,0.112582781456954
"national","2-3","gross_by_hh_size > 1060 & rawben_rel_max > 0.132 & shelter_expenses_by_hh_size <= 515",213,213,60,0,0,0,0,0,0,FALSE,0.28169014084507,0.28169014084507,0.216094684817396,0.216094684817396,0,0
"national","2-3","gross_by_hh_size >= 919 & gross_by_hh_size < 969 & unc_rawben_rel_max >= 0.479",262,262,72,0,0,0,1,0,0,FALSE,0.274809160305344,0.274809160305344,0.215703657752276,0.215703657752276,0,0.00381679389312977
"national","1","elderly_disabled_i <= 0 & expedited_i >= 1 & unearned_by_hh_size > 814",96,96,30,15,9,15,20,0.15625,0.3,TRUE,0.3125,0.259259259259259,0.214976184288235,0.163646562505113,0.15625,0.208333333333333
"national","4+","months_since_cert_n < 4 & shelter_expenses_by_hh_size >= 311 & unc_rawben_rel_max >= 1.06 & unc_rawben_rel_max < 1.21",182,182,52,36,23,43,65,0.197802197802198,0.442307692307692,TRUE,0.285714285714286,0.198630136986301,0.21489507263435,0.13321658562525,0.236263736263736,0.357142857142857
"national","1","gross_by_hh_size > 157 & gross_by_hh_size <= 912 & shelter_expenses_by_hh_size > 2040 & unearned_by_hh_size <= 1790",108,108,33,40,26,40,45,0.37037037037037,0.787878787878788,TRUE,0.305555555555556,0.102941176470588,0.213793452005249,0.0446711457188964,0.37037037037037,0.416666666666667
"national","2-3","children_i <= 0 & gross_by_hh_size > 199 & percent_abawd > 0.167 & unearned_by_hh_size <= 468",598,598,151,19,12,19,39,0.0317725752508361,0.0794701986754967,FALSE,0.252508361204013,0.24006908462867,0.21352948890804,0.201308441948646,0.0317725752508361,0.0652173913043478
"national","2-3","expedited_i >= 1 & total_deductions_by_hh_size > 224 & unearned_by_hh_size > 82.8 & utilities_sua <= 0.5",45,45,16,2,2,2,7,0.0444444444444444,0.125,FALSE,0.355555555555556,0.325581395348837,0.21347537292,0.187214251706702,0.0444444444444444,0.155555555555556
"national","2-3","children_i >= 1 & total_deductions_by_hh_size >= 246 & unc_rawben_rel_max >= 1.1 & unc_rawben_rel_max < 1.13",463,463,119,85,61,85,173,0.183585313174946,0.512605042016807,TRUE,0.257019438444924,0.153439153439153,0.212777815511635,0.115238121364246,0.183585313174946,0.373650107991361
"national","4+","earned_by_hh_size < 102 & gross_by_hh_size >= 440 & gross_by_hh_size < 476 & months_since_cert_n >= 3",109,109,33,0,0,0,1,0,0,FALSE,0.302752293577982,0.302752293577982,0.211734095843465,0.211734095843465,0,0.00917431192660551
"national","2-3","count_divisible_by_100 < 2 & earned_by_hh_size < 1260 & rawben_rel_max < 0.0522 & unc_rawben_rel_max >= 0.043",86,86,27,0,0,0,0,0,0,FALSE,0.313953488372093,0.313953488372093,0.211522087409491,0.211522087409491,0,0
"national","4+","rawben_rel_max < 0.599 & total_deductions_by_hh_size >= 54.8 & unc_rawben_rel_max >= 0.566 & unearned_by_hh_size >= 204",106,106,32,0,0,0,0,0,0,FALSE,0.30188679245283,0.30188679245283,0.209885667250819,0.209885667250819,0,0
"national","4+","unearned_by_hh_size > 28.4 & unearned_by_hh_size <= 32.4",83,83,26,0,0,0,6,0,0,FALSE,0.313253012048193,0.313253012048193,0.209376068509059,0.209376068509059,0,0.072289156626506
"national","1","shelter_expenses_by_hh_size < 1560 & total_deductions_by_hh_size >= 1050 & unearned_by_hh_size >= 1250 & unearned_by_hh_size < 1270",87,87,27,0,0,0,5,0,0,FALSE,0.310344827586207,0.310344827586207,0.208958431282579,0.208958431282579,0,0.0574712643678161
"national","4+","bbce_state_i >= 1 & gross_by_hh_size < 719 & months_since_cert_n < 1 & unearned_by_hh_size >= 248",183,183,51,0,0,0,1,0,0,FALSE,0.278688524590164,0.278688524590164,0.208801908423313,0.208801908423313,0,0.00546448087431694
"national","4+","earned_by_hh_size < 541 & gross_by_hh_size < 459 & shelter_expenses_by_hh_size >= 216 & utilities_sua < 2",237,237,64,6,4,6,16,0.0253164556962025,0.0625,FALSE,0.270042194092827,0.25974025974026,0.2086479745231,0.198676831508126,0.0253164556962025,0.0675105485232067
"national","2-3","gross_by_hh_size >= 1400 & shelter_expenses_by_hh_size >= 700 & unc_rawben_rel_max < -0.494",91,91,28,0,0,0,5,0,0,FALSE,0.307692307692308,0.307692307692308,0.20861859402799,0.20861859402799,0,0.0549450549450549
"national","4+","HH_size_n >= 7 & months_since_cert_n < 2 & rawben_rel_max >= 0.409 & unearned_by_hh_size >= 67.5",91,91,28,0,0,0,0,0,0,FALSE,0.307692307692308,0.307692307692308,0.20861859402799,0.20861859402799,0,0
"national","4+","gross_by_hh_size > 83.6 & shelter_expenses_by_hh_size > 303 & shelter_expenses_by_hh_size <= 346 & utilities_sua <= 1.5",95,95,29,3,2,3,3,0.0315789473684211,0.0689655172413793,FALSE,0.305263157894737,0.293478260869565,0.208344566105374,0.19702301996873,0.0315789473684211,0.0315789473684211
"national","2-3","count_divisible_by_100 >= 1 & earned_by_hh_size < 37.3 & shelter_expenses_by_hh_size >= 16.3 & total_deductions_by_hh_size < 83",32,32,12,0,0,0,0,0,0,FALSE,0.375,0.375,0.208085288778701,0.208085288778701,0,0
"national","1","earned_by_hh_size >= 679 & gross_by_hh_size >= 21 & gross_by_hh_size < 681 & unc_rawben_rel_max >= 0.0819",76,76,44,73,43,73,73,0.960526315789474,0.977272727272727,TRUE,0.578947368421053,0.333333333333333,0.446313364396129,0.0475485424026578,0.960526315789474,0.960526315789474
"national","2-3","medical_deductions < 175 & months_since_cert_n < 10 & total_deductions_by_hh_size >= 691 & unearned_by_hh_size >= 955",76,76,35,0,0,0,0,0,0,FALSE,0.460526315789474,0.460526315789474,0.334628956140941,0.334628956140941,0,0
"national","1","gross_by_hh_size < 1150 & shelter_expenses_by_hh_size >= 2020 & total_deductions_by_hh_size < 1190 & unc_rawben_rel_max < 1.36",70,70,32,32,23,32,36,0.457142857142857,0.71875,TRUE,0.457142857142857,0.236842105263158,0.326749219114389,0.116008666893179,0.457142857142857,0.514285714285714
"national","2-3","rawben_rel_max >= 0.845 & shelter_expenses_by_hh_size >= 1020 & unc_rawben_rel_max >= 0.514 & unearned_by_hh_size >= 883",43,43,21,0,0,0,1,0,0,FALSE,0.488372093023256,0.488372093023256,0.322560015272808,0.322560015272808,0,0.0232558139534884
"national","2-3","medical_deductions >= 175 & months_since_cert_n >= 9 & total_deductions_by_hh_size >= 582 & unearned_by_hh_size >= 175",84,84,36,0,0,0,2,0,0,FALSE,0.428571428571429,0.428571428571429,0.311083842685473,0.311083842685473,0,0.0238095238095238
"national","1","total_deductions_by_hh_size <= 548 & unc_rawben_rel_max > 1 & unearned_by_hh_size > 294 & unearned_by_hh_size <= 932",178,178,67,0,0,5,88,0,0,FALSE,0.376404494382022,0.376404494382022,0.296760269993905,0.296760269993905,0.0280898876404494,0.49438202247191
"national","2-3","months_since_cert_n >= 9 & shelter_expenses_by_hh_size >= 1100 & total_deductions_by_hh_size >= 634",111,111,44,0,0,0,8,0,0,FALSE,0.396396396396396,0.396396396396396,0.295649598612506,0.295649598612506,0,0.0720720720720721
"national","4+","earned_by_hh_size >= 5.5 & months_since_cert_n >= 6 & total_deductions_by_hh_size >= 325",560,560,187,0,0,0,11,0,0,FALSE,0.333928571428571,0.333928571428571,0.289356952033846,0.289356952033846,0,0.0196428571428571
"national","4+","bbce_state_i >= 1 & gross_by_hh_size > 141 & HH_size_n > 5.5 & months_since_cert_n > 5.5",741,741,242,0,0,0,9,0,0,FALSE,0.326585695006748,0.326585695006748,0.287896442991871,0.287896442991871,0,0.0121457489878543
"national","4+","gross_by_hh_size > 88.8 & months_since_cert_n > 9.5 & shelter_expenses_by_hh_size > 335 & shelter_expenses_by_hh_size <= 512",303,303,103,4,1,5,6,0.0132013201320132,0.00970873786407767,FALSE,0.33993399339934,0.341137123745819,0.279940330948539,0.280693918831297,0.0165016501650165,0.0198019801980198
"national","2-3","gross_by_hh_size >= 817 & gross_by_hh_size < 1030 & shelter_expenses_by_hh_size >= 1180",38,38,17,0,0,0,3,0,0,FALSE,0.447368421052632,0.447368421052632,0.278270350213364,0.278270350213364,0,0.0789473684210526
"national","2-3","earned_by_hh_size >= 192 & unc_rawben_rel_max >= 1.1 & unc_rawben_rel_max < 1.24",744,744,232,181,116,181,373,0.243279569892473,0.5,TRUE,0.311827956989247,0.206039076376554,0.273802929711572,0.169278357649423,0.243279569892473,0.501344086021505
"national","4+","months_since_cert_n > 6.5 & rawben_rel_max > 0.462 & rawben_rel_max <= 0.976 & unearned_by_hh_size <= 482",2129,2129,625,0,0,0,9,0,0,FALSE,0.29356505401597,0.29356505401597,0.271154729694493,0.271154729694493,0,0.00422733677782997
"national","2-3","months_since_cert_n < 4 & shelter_expenses_by_hh_size >= 1050 & total_deductions_by_hh_size >= 704",134,134,48,0,0,0,6,0,0,FALSE,0.358208955223881,0.358208955223881,0.269095952564957,0.269095952564957,0,0.0447761194029851
"national","4+","bbce_state_i >= 1 & HH_size_n >= 7 & months_since_cert_n >= 5 & shelter_expenses_by_hh_size >= 313",48,48,20,0,0,0,0,0,0,FALSE,0.416666666666667,0.416666666666667,0.267971343294346,0.267971343294346,0,0
"national","1","homeless >= 1 & rawben_rel_max > 0.375 & shelter_expenses_by_hh_size > 1100",75,75,29,0,0,0,1,0,0,FALSE,0.386666666666667,0.386666666666667,0.267742612041244,0.267742612041244,0,0.0133333333333333
"national","2-3","months_since_cert_n > 8.5 & shelter_expenses_by_hh_size > 997 & total_deductions_by_hh_size > 598 & utilities_sua > 0.5",203,203,69,0,0,0,14,0,0,FALSE,0.339901477832512,0.339901477832512,0.26762579606945,0.26762579606945,0,0.0689655172413793
"national","4+","earned_by_hh_size >= 102 & earned_by_hh_size < 190 & total_deductions_by_hh_size < 116",187,187,63,0,0,0,5,0,0,FALSE,0.336898395721925,0.336898395721925,0.262095443461862,0.262095443461862,0,0.0267379679144385
"national","2-3","shelter_expenses_by_hh_size < 700 & total_deductions_by_hh_size >= 968",49,49,20,0,0,0,3,0,0,FALSE,0.408163265306122,0.408163265306122,0.262042136469221,0.262042136469221,0,0.0612244897959184
"national","2-3","earned_by_hh_size >= 132 & earned_by_hh_size < 259 & gross_by_hh_size < 346 & unc_rawben_rel_max < 1.13",516,516,158,77,54,77,188,0.14922480620155,0.341772151898734,TRUE,0.306201550387597,0.236902050113895,0.261218899470695,0.193082912419042,0.14922480620155,0.364341085271318
"national","2-3","earned_by_hh_size > 681 & HH_size_n > 2.5 & percent_abawd > 0.167 & utilities_sua > 0.5",142,142,49,0,0,0,0,0,0,FALSE,0.345070422535211,0.345070422535211,0.259504791940857,0.259504791940857,0,0
"national","4+","earned_by_hh_size > 92.4 & married <= 0 & months_since_cert_n > 5.5 & unearned_by_hh_size <= 150",1297,1297,365,14,5,16,54,0.0107941403238242,0.0136986301369863,FALSE,0.28141865844256,0.280592361652377,0.253328977515894,0.252384706344379,0.0123361603700848,0.0416345412490362
"national","1","rawben_rel_max >= 1 & shelter_expenses_by_hh_size < 976 & unc_rawben_rel_max < 1.02 & unearned_by_hh_size >= 83",761,761,316,157,31,166,478,0.206307490144547,0.0981012658227848,FALSE,0.415243101182654,0.471854304635762,0.374435419816318,0.425066943939581,0.218134034165572,0.628120893561104
"national","1","earned_by_hh_size < 682 & shelter_expenses_by_hh_size >= 1490 & unc_rawben_rel_max < 1.34 & unearned_by_hh_size < 665",53,53,28,32,22,32,40,0.60377358490566,0.785714285714286,TRUE,0.528301886792453,0.285714285714286,0.373729654398964,0.12048472418651,0.60377358490566,0.754716981132076
"national","1","rawben_rel_max >= 0.993 & shelter_expenses_by_hh_size < 2590 & total_deductions_by_hh_size >= 1210 & unc_rawben_rel_max < 1.01",239,239,106,0,0,0,2,0,0,FALSE,0.443514644351464,0.443514644351464,0.370839729281116,0.370839729281116,0,0.00836820083682008
"national","1","earned_by_hh_size > 368 & gross_by_hh_size <= 702 & total_deductions_by_hh_size > 1080",299,299,130,185,107,185,227,0.618729096989967,0.823076923076923,TRUE,0.434782608695652,0.201754385964912,0.369843355987705,0.128783388550434,0.618729096989967,0.759197324414716
"national","2-3","rawben_rel_max > 0.996 & shelter_expenses_by_hh_size > 768 & shelter_expenses_by_hh_size <= 1420 & unc_rawben_rel_max <= 1",37,37,20,0,0,0,0,0,0,FALSE,0.540540540540541,0.540540540540541,0.357296991528079,0.357296991528079,0,0
"national","2-3","earned_by_hh_size <= 54.8 & gross_by_hh_size > 199 & total_deductions_by_hh_size > 690 & unearned_by_hh_size > 1040",172,172,76,0,0,0,1,0,0,FALSE,0.441860465116279,0.441860465116279,0.356892357424917,0.356892357424917,0,0.00581395348837209
"national","1","gross_by_hh_size <= 916 & rawben_rel_max > 0.998 & unc_rawben_rel_max <= 1.08 & unearned_by_hh_size > 342",771,771,293,37,22,47,379,0.0479896238651102,0.0750853242320819,FALSE,0.380025940337224,0.369209809264305,0.340334452348553,0.328875106999621,0.0609597924773022,0.491569390402075
"national","2-3","months_since_cert_n <= 0.5 & total_deductions_by_hh_size > 810",49,49,23,0,0,0,6,0,0,FALSE,0.469387755102041,0.469387755102041,0.31503158556966,0.31503158556966,0,0.122448979591837
"national","2-3","gross_by_hh_size >= 1530 & months_since_cert_n < 7 & unc_rawben_rel_max >= 0.122",57,57,26,0,0,0,0,0,0,FALSE,0.456140350877193,0.456140350877193,0.313245827753525,0.313245827753525,0,0
"national","1","elderly_disabled_i >= 1 & rawben_rel_max > 0.998 & unearned_by_hh_size > 198 & utilities_sua <= 1.5",580,580,206,35,13,37,156,0.0603448275862069,0.0631067961165049,FALSE,0.355172413793103,0.354128440366972,0.310484736384731,0.308125159177043,0.0637931034482759,0.268965517241379
"national","4+","bbce_state_i >= 1 & earned_by_hh_size >= 76.7 & total_deductions_by_hh_size >= 308 & unearned_by_hh_size >= 25.2",482,482,167,0,0,0,18,0,0,FALSE,0.346473029045643,0.346473029045643,0.298014635085241,0.298014635085241,0,0.037344398340249
"national","2-3","months_since_cert_n < 3 & shelter_expenses_by_hh_size >= 1020 & total_deductions_by_hh_size >= 670",122,122,47,0,0,0,5,0,0,FALSE,0.385245901639344,0.385245901639344,0.289717458804159,0.289717458804159,0,0.040983606557377
"national","2-3","HH_size_n >= 3 & rawben_rel_max >= 0.581 & shelter_expenses_by_hh_size < 704 & total_deductions_by_hh_size >= 628",96,96,38,0,0,0,5,0,0,FALSE,0.395833333333333,0.395833333333333,0.288299601128685,0.288299601128685,0,0.0520833333333333
"national","1","rawben_rel_max > 0.856 & shelter_expenses_by_hh_size > 1930 & unearned_by_hh_size > 1790",76,76,30,0,0,0,9,0,0,FALSE,0.394736842105263,0.394736842105263,0.275530876131614,0.275530876131614,0,0.118421052631579
"national","2-3","medical_deductions > 144 & months_since_cert_n <= 2.5 & total_deductions_by_hh_size > 644",53,53,22,0,0,0,3,0,0,FALSE,0.415094339622642,0.415094339622642,0.27279062677187,0.27279062677187,0,0.0566037735849057
"national","4+","gross_by_hh_size <= 199 & total_deductions_by_hh_size > 276 & unearned_by_hh_size <= 520 & utilities_sua > 0.5",132,132,47,57,34,57,71,0.431818181818182,0.723404255319149,TRUE,0.356060606060606,0.173333333333333,0.266545745725919,0.094694239442302,0.431818181818182,0.537878787878788
"national","2-3","total_deductions_by_hh_size >= 431 & unearned_by_hh_size >= 629 & utilities_sua < 2",76,76,29,0,0,0,0,0,0,FALSE,0.381578947368421,0.381578947368421,0.263972939191815,0.263972939191815,0,0
"national","4+","earned_by_hh_size >= 45 & months_since_cert_n >= 12 & months_since_cert_n < 17 & unearned_by_hh_size < 158",127,127,45,1,0,2,8,0.0078740157480315,0,FALSE,0.354330708661417,0.357142857142857,0.263414885445294,0.265622719707343,0.015748031496063,0.062992125984252
"national","1","gross_by_hh_size > 322 & gross_by_hh_size <= 916 & total_deductions_by_hh_size > 1080 & unearned_by_hh_size <= 326",502,502,153,185,107,185,256,0.368525896414343,0.699346405228758,TRUE,0.304780876494024,0.145110410094637,0.259284991896183,0.105052992067652,0.368525896414343,0.50996015936255
"national","2-3","expedited_i >= 1 & percent_abawd > 0.167 & unc_rawben_rel_max <= 0.901",65,65,25,0,0,0,1,0,0,FALSE,0.384615384615385,0.384615384615385,0.25833182626587,0.25833182626587,0,0.0153846153846154
"national","4+","months_since_cert_n < 8 & percent_abawd >= 0.167 & total_deductions_by_hh_size >= 401",32,32,14,0,0,0,2,0,0,FALSE,0.4375,0.4375,0.25766898430634,0.25766898430634,0,0.0625
"national","4+","earned_by_hh_size > 42.6 & earned_by_hh_size <= 379 & expedited_i <= 0 & percent_abawd > 0.155",157,157,53,4,1,5,12,0.0254777070063694,0.0188679245283019,FALSE,0.337579617834395,0.339869281045752,0.256511442154378,0.25763118098087,0.0318471337579618,0.0764331210191083
"national","4+","gross_by_hh_size >= 143 & HH_size_n >= 6 & married <= 0 & unearned_by_hh_size < 158",739,739,217,0,0,0,7,0,0,FALSE,0.293640054127199,0.293640054127199,0.256284754893811,0.256284754893811,0,0.0094722598105548
"national","2-3","children_i <= 0 & earned_by_hh_size >= 1480 & rawben_rel_max < 0.244 & shelter_expenses_by_hh_size >= 764",44,44,18,0,0,0,2,0,0,FALSE,0.409090909090909,0.409090909090909,0.25604702425129,0.25604702425129,0,0.0454545454545455
"national","4+","rawben_rel_max >= 0.544 & shelter_expenses_by_hh_size < 352 & total_deductions_by_hh_size >= 304 & unearned_by_hh_size < 119",340,340,105,0,0,0,13,0,0,FALSE,0.308823529411765,0.308823529411765,0.253918685163818,0.253918685163818,0,0.0382352941176471
"national","2-3","expedited_i >= 1 & gross_by_hh_size > 214 & unearned_by_hh_size <= 191 & utilities_sua <= 1.5",150,150,50,6,6,6,18,0.04,0.12,FALSE,0.333333333333333,0.305555555555556,0.250988691407136,0.224657890230182,0.04,0.12
"national","4+","HH_size_n >= 7 & months_since_cert_n >= 11",70,70,26,0,0,0,1,0,0,FALSE,0.371428571428571,0.371428571428571,0.250902175111361,0.250902175111361,0,0.0142857142857143
"national","4+","elderly_disabled_i <= 0 & married <= 0 & total_deductions_by_hh_size > 463 & unc_rawben_rel_max <= 0.982",151,151,50,0,0,0,0,0,0,FALSE,0.33112582781457,0.33112582781457,0.249244769606338,0.249244769606338,0,0
"national","2-3","earned_by_hh_size < 110 & shelter_expenses_by_hh_size >= 770 & utilities_sua < 2",87,87,31,5,4,5,6,0.0574712643678161,0.129032258064516,FALSE,0.35632183908046,0.329268292682927,0.248549627637496,0.222442121791019,0.0574712643678161,0.0689655172413793
"national","2-3","children_i <= 0 & earned_by_hh_size >= 1120 & months_since_cert_n < 18 & unc_rawben_rel_max < -0.277",84,84,30,0,0,0,4,0,0,FALSE,0.357142857142857,0.357142857142857,0.247603137058355,0.247603137058355,0,0.0476190476190476
"national","4+","earned_by_hh_size > 59.7 & gross_by_hh_size <= 424 & HH_size_n > 5.5 & months_since_cert_n <= 5.5",572,572,165,0,0,2,37,0,0,FALSE,0.288461538461538,0.288461538461538,0.246544722041627,0.246544722041627,0.0034965034965035,0.0646853146853147
"national","1","shelter_expenses_by_hh_size >= 1100 & total_deductions_by_hh_size >= 1140 & unearned_by_hh_size >= 851 & utilities_sua < 1",40,40,23,0,0,0,3,0,0,FALSE,0.575,0.575,0.395198316654038,0.395198316654038,0,0.075
"national","1","rawben_rel_max >= 1 & total_deductions_by_hh_size < 957 & unc_rawben_rel_max < 1.01 & unearned_by_hh_size >= 277",384,384,171,23,14,28,159,0.0598958333333333,0.0818713450292398,FALSE,0.4453125,0.434903047091413,0.387485584125445,0.37561676578162,0.0729166666666667,0.4140625
"national","2-3","shelter_expenses_by_hh_size > 1410 & unc_rawben_rel_max <= 1.25",79,79,36,1,1,1,8,0.0126582278481013,0.0277777777777778,FALSE,0.455696202531646,0.448717948717949,0.332416845308494,0.325330667225008,0.0126582278481013,0.10126582278481
"national","4+","percent_abawd > 0.05 & shelter_expenses_by_hh_size > 1.9 & total_deductions_by_hh_size <= 122 & unearned_by_hh_size <= 120",34,34,16,0,0,0,2,0,0,FALSE,0.470588235294118,0.470588235294118,0.28964547839536,0.28964547839536,0,0.0588235294117647
"national","2-3","total_deductions_by_hh_size >= 569 & unearned_by_hh_size >= 1190",186,186,68,0,0,0,1,0,0,FALSE,0.365591397849462,0.365591397849462,0.288334131924492,0.288334131924492,0,0.00537634408602151
"national","2-3","elderly_disabled_i >= 1 & gross_by_hh_size > 1980 & HH_size_n <= 2.5 & rawben_rel_max <= 0.98",65,65,27,0,0,0,2,0,0,FALSE,0.415384615384615,0.415384615384615,0.285131343803433,0.285131343803433,0,0.0307692307692308
"national","2-3","earned_by_hh_size >= 5 & gross_by_hh_size >= 232 & rawben_rel_max >= 0.404 & unearned_by_hh_size >= 436",354,354,117,0,0,0,13,0,0,FALSE,0.330508474576271,0.330508474576271,0.275289877988142,0.275289877988142,0,0.0367231638418079
"national","1","expedited_i <= 0 & medical_deductions < 169 & total_deductions_by_hh_size >= 1200 & utilities_sua < 1",53,53,22,0,0,0,5,0,0,FALSE,0.415094339622642,0.415094339622642,0.27279062677187,0.27279062677187,0,0.0943396226415094
"national","4+","rawben_rel_max < 0.882 & unc_rawben_rel_max >= 0.871",179,179,62,0,0,0,0,0,0,FALSE,0.346368715083799,0.346368715083799,0.269252332230538,0.269252332230538,0,0
"national","4+","elderly_disabled_i <= 0 & expedited_i >= 1 & gross_by_hh_size > 256 & months_since_cert_n > 5.5",128,128,46,0,0,0,0,0,0,FALSE,0.359375,0.359375,0.268284394293377,0.268284394293377,0,0
"national","4+","bbce_state_i >= 1 & earned_by_hh_size > 42.6 & earned_by_hh_size <= 55.4 & total_deductions_by_hh_size <= 124",41,41,17,0,0,14,21,0,0,FALSE,0.414634146341463,0.414634146341463,0.256082692954176,0.256082692954176,0.341463414634146,0.51219512195122
"national","1","medical_deductions > 167 & months_since_cert_n <= 3.5 & rawben_rel_max > 0.998 & unc_rawben_rel_max <= 1.03",42,42,28,0,0,0,8,0,0,FALSE,0.666666666666667,0.666666666666667,0.487270042045084,0.487270042045084,0,0.19047619047619
"national","1","shelter_expenses_by_hh_size >= 2590 & total_deductions_by_hh_size >= 1450 & unc_rawben_rel_max < 1.03",48,48,29,0,0,0,3,0,0,FALSE,0.604166666666667,0.604166666666667,0.437613869278695,0.437613869278695,0,0.0625
"national","1","bbce_state_i >= 1 & earned_by_hh_size > 375 & unc_rawben_rel_max > 1.3 & utilities_sua <= 0.5",58,58,30,10,5,10,38,0.172413793103448,0.166666666666667,FALSE,0.517241379310345,0.520833333333333,0.369800319493755,0.359711598346672,0.172413793103448,0.655172413793103
"national","2-3","rawben_rel_max >= 0.107 & total_deductions_by_hh_size >= 660 & unearned_by_hh_size >= 908",260,260,109,0,0,0,1,0,0,FALSE,0.419230769230769,0.419230769230769,0.350408267858381,0.350408267858381,0,0.00384615384615385
"national","1","total_deductions_by_hh_size > 828 & unearned_by_hh_size > 192 & utilities_sua <= 0.5",294,294,119,0,0,1,18,0,0,FALSE,0.404761904761905,0.404761904761905,0.340478995500369,0.340478995500369,0.00340136054421769,0.0612244897959184
"national","1","earned_by_hh_size >= 701 & gross_by_hh_size < 1210 & total_deductions_by_hh_size < 1100 & unc_rawben_rel_max >= 1.34",60,60,28,52,28,52,52,0.866666666666667,1,TRUE,0.466666666666667,0,0.325917902538059,0,0.866666666666667,0.866666666666667
"national","4+","HH_size_n >= 5 & shelter_expenses_by_hh_size < 463 & total_deductions_by_hh_size >= 335",225,225,89,0,0,0,11,0,0,FALSE,0.395555555555556,0.395555555555556,0.323040484573056,0.323040484573056,0,0.0488888888888889
"national","2-3","married <= 0 & total_deductions_by_hh_size > 816 & unearned_by_hh_size > 657",66,66,30,0,0,0,6,0,0,FALSE,0.454545454545455,0.454545454545455,0.320890219115792,0.320890219115792,0,0.0909090909090909
"national","1","earned_by_hh_size > 365 & months_since_cert_n > 9.5 & shelter_expenses_by_hh_size > 1420 & unc_rawben_rel_max > 1.08",56,56,25,15,11,15,31,0.267857142857143,0.44,TRUE,0.446428571428571,0.341463414634146,0.30351843121549,0.196986766106268,0.267857142857143,0.553571428571429
"national","2-3","shelter_expenses_by_hh_size < 856 & total_deductions_by_hh_size >= 717 & unearned_by_hh_size >= 8.5",172,172,61,0,0,0,15,0,0,FALSE,0.354651162790698,0.354651162790698,0.275421613785942,0.275421613785942,0,0.0872093023255814
"national","2-3","married <= 0 & rawben_rel_max > 0.976 & unc_rawben_rel_max <= 1 & unearned_by_hh_size > 352",143,143,51,0,0,0,1,0,0,FALSE,0.356643356643357,0.356643356643357,0.270262425518243,0.270262425518243,0,0.00699300699300699
"national","2-3","earned_by_hh_size <= 15.7 & married >= 1 & rawben_rel_max > 0.999 & unc_rawben_rel_max <= 1",38,38,25,0,0,0,0,0,0,FALSE,0.657894736842105,0.657894736842105,0.469580701177852,0.469580701177852,0,0
"national","1","expedited_i <= 0 & months_since_cert_n > 15.5 & rawben_rel_max > 0.997 & unc_rawben_rel_max <= 1.02",383,383,151,3,3,8,115,0.00783289817232376,0.0198675496688742,FALSE,0.394255874673629,0.389473684210526,0.338033622489058,0.33322947522547,0.02088772845953,0.300261096605744
"national","2-3","count_divisible_by_100 <= 0.5 & gross_by_hh_size > 592 & medical_deductions > 12 & rawben_rel_max > 0.997",47,47,23,0,0,0,4,0,0,FALSE,0.48936170212766,0.48936170212766,0.329845915081915,0.329845915081915,0,0.0851063829787234
"national","4+","HH_size_n > 5.5 & months_since_cert_n > 5.5 & shelter_expenses_by_hh_size > 405",52,52,25,0,0,0,1,0,0,FALSE,0.480769230769231,0.480769230769231,0.329192680081742,0.329192680081742,0,0.0192307692307692
"national","4+","earned_by_hh_size >= 235 & months_since_cert_n >= 8 & total_deductions_by_hh_size < 108",30,30,15,0,0,0,0,0,0,FALSE,0.5,0.5,0.304559277785661,0.304559277785661,0,0
"national","2-3","elderly_disabled_i >= 1 & gross_by_hh_size > 216 & medical_deductions > 155 & unc_rawben_rel_max > 0.614",207,207,78,0,0,0,7,0,0,FALSE,0.376811594202899,0.376811594202899,0.302547539763501,0.302547539763501,0,0.0338164251207729
"national","1","bbce_state_i >= 1 & earned_by_hh_size > 428 & total_deductions_by_hh_size > 1080 & total_deductions_by_hh_size <= 1090",152,152,59,69,43,69,92,0.453947368421053,0.728813559322034,TRUE,0.388157894736842,0.192771084337349,0.301572535235229,0.112193580605845,0.453947368421053,0.605263157894737
"national","4+","earned_by_hh_size > 7.21 & gross_by_hh_size > 267 & rawben_rel_max > 0.666 & unearned_by_hh_size > 87.8",560,560,193,0,0,0,17,0,0,FALSE,0.344642857142857,0.344642857142857,0.299616529679423,0.299616529679423,0,0.0303571428571429
"national","2-3","total_deductions_by_hh_size >= 896 & unearned_by_hh_size >= 130",205,205,76,0,0,0,15,0,0,FALSE,0.370731707317073,0.370731707317073,0.296533825097724,0.296533825097724,0,0.0731707317073171
"national","2-3","gross_by_hh_size >= 487 & shelter_expenses_by_hh_size >= 1420",74,74,31,0,0,0,5,0,0,FALSE,0.418918918918919,0.418918918918919,0.295542738163326,0.295542738163326,0,0.0675675675675676
"national","2-3","bbce_state_i >= 1 & gross_by_hh_size >= 581 & shelter_expenses_by_hh_size < 1100 & unc_rawben_rel_max >= 1.24",44,44,20,0,0,0,27,0,0,FALSE,0.454545454545455,0.454545454545455,0.294680897963161,0.294680897963161,0,0.613636363636364
"national","4+","children_i >= 1 & shelter_expenses_by_hh_size <= 330 & total_deductions_by_hh_size > 349 & utilities_sua > 0.5",177,177,65,0,0,0,9,0,0,FALSE,0.367231638418079,0.367231638418079,0.288057199294043,0.288057199294043,0,0.0508474576271186
"national","4+","gross_by_hh_size >= 198 & months_since_cert_n >= 8 & total_deductions_by_hh_size >= 249 & total_deductions_by_hh_size < 281",208,208,73,0,0,0,4,0,0,FALSE,0.350961538461538,0.350961538461538,0.278654166490051,0.278654166490051,0,0.0192307692307692
"national","2-3","expedited_i <= 0 & gross_by_hh_size > 216 & unc_rawben_rel_max > 0.0136 & unearned_by_hh_size > 1310",127,127,47,0,0,0,0,0,0,FALSE,0.37007874015748,0.37007874015748,0.277645464551134,0.277645464551134,0,0
"national","4+","earned_by_hh_size >= 649 & HH_size_n >= 5 & total_deductions_by_hh_size >= 338",212,212,73,0,0,0,0,0,0,FALSE,0.344339622641509,0.344339622641509,0.273157868804167,0.273157868804167,0,0
"national","4+","elderly_disabled_i >= 1 & unc_rawben_rel_max <= 1 & unearned_by_hh_size <= 124",146,146,52,0,0,0,0,0,0,FALSE,0.356164383561644,0.356164383561644,0.270638156196346,0.270638156196346,0,0
"national","2-3","earned_by_hh_size > 35.2 & earned_by_hh_size <= 59.6 & months_since_cert_n <= 5.5 & rawben_rel_max <= 0.909",42,42,18,0,0,0,0,0,0,FALSE,0.428571428571429,0.428571428571429,0.269351009309133,0.269351009309133,0,0
"national","2-3","bbce_state_i >= 1 & gross_by_hh_size >= 575 & gross_by_hh_size < 1230 & medical_deductions >= 192",212,212,72,0,0,0,4,0,0,FALSE,0.339622641509434,0.339622641509434,0.268799641329239,0.268799641329239,0,0.0188679245283019
"national","4+","married >= 1 & months_since_cert_n >= 12 & unearned_by_hh_size < 83.5",87,87,33,0,0,1,4,0,0,FALSE,0.379310344827586,0.379310344827586,0.268759488966622,0.268759488966622,0.0114942528735632,0.0459770114942529
"national","2-3","earned_by_hh_size <= 15.7 & married <= 0 & rawben_rel_max > 0.999 & unc_rawben_rel_max <= 1",157,157,55,0,0,0,1,0,0,FALSE,0.35031847133758,0.35031847133758,0.268088823882624,0.268088823882624,0,0.00636942675159236
"national","1","months_since_cert_n < 7 & rawben_rel_max >= 0.302 & unc_rawben_rel_max >= 0.076 & unearned_by_hh_size >= 1880",122,122,44,0,0,0,3,0,0,FALSE,0.360655737704918,0.360655737704918,0.267444766200509,0.267444766200509,0,0.0245901639344262
"national","2-3","earned_by_hh_size >= 120 & gross_by_hh_size < 199 & unc_rawben_rel_max >= 1.08 & unc_rawben_rel_max < 1.14",92,92,34,0,0,0,56,0,0,FALSE,0.369565217391304,0.369565217391304,0.262823619764787,0.262823619764787,0,0.608695652173913
"national","4+","gross_by_hh_size > 303 & shelter_expenses_by_hh_size > 184 & total_deductions_by_hh_size > 262 & utilities_sua <= 1.5",201,201,67,0,0,0,3,0,0,FALSE,0.333333333333333,0.333333333333333,0.261257052764935,0.261257052764935,0,0.0149253731343284
"national","4+","gross_by_hh_size >= 290 & gross_by_hh_size < 392 & shelter_expenses_by_hh_size >= 329",376,376,117,0,0,0,14,0,0,FALSE,0.311170212765957,0.311170212765957,0.258643511403461,0.258643511403461,0,0.0372340425531915
"national","4+","earned_by_hh_size > 151 & percent_abawd > 0.0885 & shelter_expenses_by_hh_size > 248",322,322,101,3,1,3,7,0.0093167701863354,0.0099009900990099,FALSE,0.313664596273292,0.313479623824451,0.257020570577493,0.256600334849063,0.0093167701863354,0.0217391304347826
"national","2-3","elderly_disabled_i <= 0 & married >= 1 & total_deductions_by_hh_size > 626 & unc_rawben_rel_max <= 1",117,117,41,0,0,0,3,0,0,FALSE,0.35042735042735,0.35042735042735,0.256517595515655,0.256517595515655,0,0.0256410256410256
"national","2-3","earned_by_hh_size > 9.25 & months_since_cert_n > 15.5 & unc_rawben_rel_max <= 1 & unearned_by_hh_size > 457",42,42,17,0,0,0,0,0,0,FALSE,0.404761904761905,0.404761904761905,0.249461283952086,0.249461283952086,0,0
"national","4+","gross_by_hh_size < 329 & HH_size_n >= 6 & months_since_cert_n >= 12 & unc_rawben_rel_max >= 0.155",39,39,16,0,0,0,4,0,0,FALSE,0.41025641025641,0.41025641025641,0.24915865612918,0.24915865612918,0,0.102564102564103
"national","2-3","gross_by_hh_size >= 1120 & months_since_cert_n >= 2 & unc_rawben_rel_max >= 0.043 & unearned_by_hh_size >= 1210",187,187,59,0,0,0,0,0,0,FALSE,0.315508021390374,0.315508021390374,0.242596703204705,0.242596703204705,0,0
"national","2-3","children_i <= 0 & months_since_cert_n > 5.5 & percent_abawd <= 0.167 & shelter_expenses_by_hh_size > 1060",148,148,48,2,1,2,7,0.0135135135135135,0.0208333333333333,FALSE,0.324324324324324,0.321917808219178,0.242391154924111,0.239734910967613,0.0135135135135135,0.0472972972972973
"national","2-3","months_since_cert_n > 5.5 & percent_abawd > 0.167 & percent_abawd <= 0.833 & shelter_expenses_by_hh_size > 653",148,148,48,5,3,5,10,0.0337837837837838,0.0625,FALSE,0.324324324324324,0.314685314685315,0.242391154924111,0.232517160044935,0.0337837837837838,0.0675675675675676
"national","4+","expedited_i >= 1 & rawben_rel_max > 0.871 & shelter_expenses_by_hh_size <= 211 & unearned_by_hh_size > 152",37,37,15,0,0,0,0,0,0,FALSE,0.405405405405405,0.405405405405405,0.241698566013481,0.241698566013481,0,0
"national","4+","rawben_rel_max > 0.999 & total_deductions_by_hh_size > 264 & total_deductions_by_hh_size <= 282 & unc_rawben_rel_max > 0.975",185,185,58,57,34,57,84,0.308108108108108,0.586206896551724,TRUE,0.313513513513514,0.1875,0.240432643649684,0.120557047392537,0.308108108108108,0.454054054054054
"national","2-3","months_since_cert_n >= 2 & months_since_cert_n < 4 & shelter_expenses_by_hh_size < 675 & total_deductions_by_hh_size >= 691",70,70,25,0,0,0,4,0,0,FALSE,0.357142857142857,0.357142857142857,0.238640345661515,0.238640345661515,0,0.0571428571428571
"national","1","earned_by_hh_size < 1 & medical_deductions >= 196 & rawben_rel_max >= 0.972 & unc_rawben_rel_max < 1.02",111,111,66,0,0,1,7,0,0,FALSE,0.594594594594595,0.594594594594595,0.484262214117328,0.484262214117328,0.00900900900900901,0.0630630630630631
"national","1","gross_by_hh_size >= 1390 & rawben_rel_max >= 0.956 & unc_rawben_rel_max < 1.03",243,243,106,0,0,0,39,0,0,FALSE,0.436213991769547,0.436213991769547,0.364403390343153,0.364403390343153,0,0.160493827160494
"national","1","gross_by_hh_size < 917 & rawben_rel_max >= 1 & unc_rawben_rel_max < 1.02",918,918,334,194,53,204,563,0.211328976034858,0.158682634730539,FALSE,0.363834422657952,0.388121546961326,0.327798020360275,0.346973061504334,0.222222222222222,0.613289760348584
"national","4+","earned_by_hh_size > 0.155 & gross_by_hh_size <= 446 & unc_rawben_rel_max <= 1 & unearned_by_hh_size > 2.78",961,961,329,0,0,0,6,0,0,FALSE,0.342351716961498,0.342351716961498,0.307720560795569,0.307720560795569,0,0.00624349635796046
"national","2-3","medical_deductions >= 205 & medical_deductions < 937 & rawben_rel_max >= 0.325",186,186,71,0,0,0,5,0,0,FALSE,0.381720430107527,0.381720430107527,0.303319665477995,0.303319665477995,0,0.0268817204301075
"national","1","earned_by_hh_size >= 598 & earned_by_hh_size < 1390 & rawben_rel_max >= 0.866 & unc_rawben_rel_max >= 1.41",135,135,53,0,0,0,70,0,0,FALSE,0.392592592592593,0.392592592592593,0.300785450758785,0.300785450758785,0,0.518518518518518
"national","2-3","earned_by_hh_size >= 317 & married <= 0 & unc_rawben_rel_max >= 1.14",303,303,109,94,58,94,178,0.31023102310231,0.532110091743119,TRUE,0.35973597359736,0.244019138755981,0.298584130546404,0.181946617889732,0.31023102310231,0.587458745874587
"national","2-3","rawben_rel_max >= 0.0446 & shelter_expenses_by_hh_size >= 846 & total_deductions_by_hh_size >= 550 & unearned_by_hh_size >= 1100",180,180,68,0,0,0,0,0,0,FALSE,0.377777777777778,0.377777777777778,0.298447747124915,0.298447747124915,0,0
"national","4+","months_since_cert_n > 5.5 & shelter_expenses_by_hh_size > 182 & unc_rawben_rel_max > 0.704 & unc_rawben_rel_max <= 0.975",863,863,285,0,0,0,4,0,0,FALSE,0.330243337195828,0.330243337195828,0.294164607512916,0.294164607512916,0,0.00463499420625724
"national","1","expedited_i >= 1 & shelter_expenses_by_hh_size > 16 & unc_rawben_rel_max > 1 & unc_rawben_rel_max <= 1.02",170,170,69,15,9,19,123,0.0882352941176471,0.130434782608696,FALSE,0.405882352941176,0.387096774193548,0.322494495211383,0.301369816687257,0.111764705882353,0.723529411764706
"national","4+","earned_by_hh_size > 51.6 & elderly_disabled_i <= 0 & unc_rawben_rel_max <= 0.951 & unearned_by_hh_size > 151",708,708,223,0,0,0,3,0,0,FALSE,0.314971751412429,0.314971751412429,0.275899540924479,0.275899540924479,0,0.00423728813559322
"national","4+","HH_size_n >= 7 & married <= 0 & unc_rawben_rel_max < 0.972",443,443,140,0,0,0,3,0,0,FALSE,0.316027088036117,0.316027088036117,0.267130036700243,0.267130036700243,0,0.00677200902934537
"national","1","rawben_rel_max >= 1 & shelter_expenses_by_hh_size >= 1180 & unc_rawben_rel_max < 1.02 & unearned_by_hh_size >= 193",802,802,241,34,20,46,160,0.0423940149625935,0.0829875518672199,FALSE,0.300498753117207,0.287760416666667,0.264281800543305,0.25135141492926,0.057356608478803,0.199501246882793
"national","4+","months_since_cert_n >= 5 & rawben_rel_max >= 0.368 & shelter_expenses_by_hh_size >= 342 & unc_rawben_rel_max < 1.12",1191,1191,347,19,11,22,39,0.0159529806884971,0.031700288184438,FALSE,0.291351805205709,0.286689419795222,0.261724954391689,0.256999659918704,0.0184718723761545,0.0327455919395466
"national","1","rawben_rel_max >= 0.972 & total_deductions_by_hh_size >= 1230 & unc_rawben_rel_max >= 0.447 & unc_rawben_rel_max < 1.09",622,622,185,0,0,0,103,0,0,FALSE,0.297427652733119,0.297427652733119,0.256689288502246,0.256689288502246,0,0.165594855305466
"national","4+","earned_by_hh_size >= 65.5 & shelter_expenses_by_hh_size < 74.5 & total_deductions_by_hh_size < 87.2 & unc_rawben_rel_max < 1.12",124,124,43,0,0,0,6,0,0,FALSE,0.346774193548387,0.346774193548387,0.255654383225883,0.255654383225883,0,0.0483870967741935
"national","4+","earned_by_hh_size > 7.52 & months_since_cert_n > 4.5 & unearned_by_hh_size > 150",658,658,193,0,0,0,7,0,0,FALSE,0.293313069908815,0.293313069908815,0.253849347219094,0.253849347219094,0,0.0106382978723404
"national","2-3","shelter_expenses_by_hh_size > 926 & unc_rawben_rel_max <= 1",1008,1008,287,0,0,0,18,0,0,FALSE,0.284722222222222,0.284722222222222,0.252877994024016,0.252877994024016,0,0.0178571428571429
"national","1","elderly_disabled_i <= 0 & gross_by_hh_size < 947 & rawben_rel_max >= 0.808 & total_deductions_by_hh_size >= 1080",478,478,141,185,107,185,236,0.387029288702929,0.75886524822695,TRUE,0.294979079497908,0.116040955631399,0.24897455261116,0.0793194673097561,0.387029288702929,0.493723849372385
"national","2-3","bbce_state_i >= 1 & expedited_i >= 1 & rawben_rel_max <= 0.97 & total_deductions_by_hh_size > 105",639,639,183,0,0,0,7,0,0,FALSE,0.286384976525822,0.286384976525822,0.246717185896145,0.246717185896145,0,0.0109546165884194
"national","1","bbce_state_i >= 1 & elderly_disabled_i <= 0 & months_since_cert_n > 5.5 & total_deductions_by_hh_size > 1070",508,508,147,83,60,83,126,0.163385826771654,0.408163265306122,TRUE,0.289370078740157,0.204705882352941,0.244986117477209,0.163028333598732,0.163385826771654,0.248031496062992
"national","2-3","earned_by_hh_size <= 1140 & shelter_expenses_by_hh_size > 1390 & total_deductions_by_hh_size > 207 & unc_rawben_rel_max <= 1",47,47,29,0,0,0,1,0,0,FALSE,0.617021276595745,0.617021276595745,0.448289946490578,0.448289946490578,0,0.0212765957446809
"national","2-3","earned_by_hh_size >= 248 & gross_by_hh_size < 261",150,150,68,76,54,76,90,0.506666666666667,0.794117647058823,TRUE,0.453333333333333,0.189189189189189,0.362059928245481,0.105964607166642,0.506666666666667,0.6
"national","4+","elderly_disabled_i <= 0 & gross_by_hh_size > 164 & HH_size_n <= 4.5 & unc_rawben_rel_max > 1.08",126,126,54,57,34,57,79,0.452380952380952,0.62962962962963,TRUE,0.428571428571429,0.289855072463768,0.331056686091362,0.18184714478694,0.452380952380952,0.626984126984127
"national","4+","gross_by_hh_size >= 651 & gross_by_hh_size < 758 & shelter_expenses_by_hh_size < 435 & total_deductions_by_hh_size >= 374",75,75,33,0,0,0,0,0,0,FALSE,0.44,0.44,0.315215713206021,0.315215713206021,0,0
"national","2-3","shelter_expenses_by_hh_size > 743 & total_deductions_by_hh_size > 802 & total_deductions_by_hh_size <= 1000 & unc_rawben_rel_max <= 1",197,197,77,0,0,0,3,0,0,FALSE,0.390862944162437,0.390862944162437,0.313952442915612,0.313952442915612,0,0.0152284263959391
"national","4+","gross_by_hh_size >= 698 & rawben_rel_max >= 0.337 & shelter_expenses_by_hh_size < 421 & total_deductions_by_hh_size >= 351",143,143,55,0,0,0,0,0,0,FALSE,0.384615384615385,0.384615384615385,0.295837507975464,0.295837507975464,0,0
"national","2-3","medical_deductions >= 184 & medical_deductions < 607 & months_since_cert_n >= 4 & total_deductions_by_hh_size >= 543",123,123,48,0,0,0,2,0,0,FALSE,0.390243902439024,0.390243902439024,0.294633402279844,0.294633402279844,0,0.016260162601626
"national","4+","HH_size_n >= 5 & months_since_cert_n >= 8 & total_deductions_by_hh_size >= 248 & unc_rawben_rel_max < 1",304,304,107,0,0,0,3,0,0,FALSE,0.351973684210526,0.351973684210526,0.291356050252934,0.291356050252934,0,0.00986842105263158
"national","1","earned_by_hh_size >= 578 & months_since_cert_n < 28 & unc_rawben_rel_max >= 1.44",129,129,49,0,0,0,62,0,0,FALSE,0.37984496124031,0.37984496124031,0.287186550582301,0.287186550582301,0,0.48062015503876
"national","4+","months_since_cert_n >= 23 & total_deductions_by_hh_size < 201",43,43,19,0,0,0,3,0,0,FALSE,0.441860465116279,0.441860465116279,0.282213076130065,0.282213076130065,0,0.0697674418604651
"national","2-3","months_since_cert_n < 5 & unc_rawben_rel_max >= 1 & unearned_by_hh_size >= 607",56,56,23,0,0,0,9,0,0,FALSE,0.410714285714286,0.410714285714286,0.272345423355212,0.272345423355212,0,0.160714285714286
"national","4+","gross_by_hh_size >= 171 & HH_size_n >= 5 & percent_abawd >= 0.222",118,118,43,0,0,0,1,0,0,FALSE,0.364406779661017,0.364406779661017,0.269409302968286,0.269409302968286,0,0.00847457627118644
"national","4+","gross_by_hh_size >= 554 & rawben_rel_max >= 0.655 & shelter_expenses_by_hh_size < 371",128,128,46,0,0,0,0,0,0,FALSE,0.359375,0.359375,0.268284394293377,0.268284394293377,0,0
"national","4+","gross_by_hh_size < 964 & HH_size_n >= 5 & months_since_cert_n >= 10 & shelter_expenses_by_hh_size >= 391",75,75,29,0,0,0,1,0,0,FALSE,0.386666666666667,0.386666666666667,0.267742612041244,0.267742612041244,0,0.0133333333333333
"national","1","rawben_rel_max >= 0.921 & shelter_expenses_by_hh_size < 2590 & total_deductions_by_hh_size >= 1420 & unc_rawben_rel_max < 1.1",356,356,114,0,0,0,48,0,0,FALSE,0.320224719101124,0.320224719101124,0.265767854382257,0.265767854382257,0,0.134831460674157
"national","1","gross_by_hh_size >= 1770 & rawben_rel_max >= 0.677 & shelter_expenses_by_hh_size >= 1870 & total_deductions_by_hh_size >= 1090",165,165,57,0,0,0,11,0,0,FALSE,0.345454545454545,0.345454545454545,0.265491141269868,0.265491141269868,0,0.0666666666666667
"national","2-3","earned_by_hh_size > 8.5 & earned_by_hh_size <= 89.6 & months_since_cert_n <= 13 & rawben_rel_max <= 0.976",182,182,61,0,0,0,0,0,0,FALSE,0.335164835164835,0.335164835164835,0.259577768984485,0.259577768984485,0,0
"national","1","earned_by_hh_size >= 111 & months_since_cert_n >= 14 & shelter_expenses_by_hh_size >= 1490 & unc_rawben_rel_max >= 0.0206",50,50,20,3,3,3,13,0.06,0.15,FALSE,0.4,0.361702127659574,0.256372347077948,0.220940636817755,0.06,0.26
"national","4+","count_divisible_by_100 >= 1 & shelter_expenses_by_hh_size >= 391 & total_deductions_by_hh_size < 408 & unearned_by_hh_size < 82.2",104,104,37,2,1,2,6,0.0192307692307692,0.027027027027027,FALSE,0.355769230769231,0.352941176470588,0.256202940872544,0.252839971394013,0.0192307692307692,0.0576923076923077
"national","4+","shelter_expenses_by_hh_size >= 280 & total_deductions_by_hh_size < 460 & unc_rawben_rel_max < 0.436 & utilities_sua < 2",83,83,30,0,0,0,0,0,0,FALSE,0.36144578313253,0.36144578313253,0.250778126257495,0.250778126257495,0,0
"national","4+","months_since_cert_n >= 4 & shelter_expenses_by_hh_size >= 463 & unearned_by_hh_size >= 500",77,77,28,0,0,0,0,0,0,FALSE,0.363636363636364,0.363636363636364,0.249008786785522,0.249008786785522,0,0
"national","4+","count_divisible_by_100 < 1 & elderly_disabled_i <= 0 & rawben_rel_max >= 0.257 & total_deductions_by_hh_size >= 401",407,407,121,0,0,0,5,0,0,FALSE,0.297297297297297,0.297297297297297,0.247537839821166,0.247537839821166,0,0.0122850122850123
"national","1","earned_by_hh_size >= 678 & gross_by_hh_size < 1030 & months_since_cert_n < 5 & unc_rawben_rel_max >= 1.34",101,101,35,47,22,47,67,0.465346534653465,0.628571428571429,TRUE,0.346534653465347,0.240740740740741,0.246753353285517,0.133190518553372,0.465346534653465,0.663366336633663
"national","2-3","HH_size_n > 2.5 & percent_abawd > 0.167 & rawben_rel_max <= 0.771 & total_deductions_by_hh_size > 142",322,322,97,0,0,0,0,0,0,FALSE,0.301242236024845,0.301242236024845,0.245457929624759,0.245457929624759,0,0
"national","2-3","gross_by_hh_size >= 1560 & percent_abawd >= 0.5",49,49,19,0,0,0,1,0,0,FALSE,0.387755102040816,0.387755102040816,0.244869072774205,0.244869072774205,0,0.0204081632653061
"national","2-3","bbce_state_i >= 1 & earned_by_hh_size <= 7.25 & total_deductions_by_hh_size > 501 & unc_rawben_rel_max <= 1",897,897,249,0,0,0,1,0,0,FALSE,0.277591973244147,0.277591973244147,0.244225881509476,0.244225881509476,0,0.00111482720178372
"national","2-3","bbce_state_i >= 1 & earned_by_hh_size > 127 & total_deductions_by_hh_size <= 131 & unearned_by_hh_size > 43.8",43,43,17,0,0,0,0,0,0,FALSE,0.395348837209302,0.395348837209302,0.243177113366149,0.243177113366149,0,0
"national","2-3","medical_deductions > 148 & shelter_expenses_by_hh_size > 230 & unc_rawben_rel_max <= 1.23 & unearned_by_hh_size <= 916",267,267,81,0,0,0,1,0,0,FALSE,0.303370786516854,0.303370786516854,0.24237172623745,0.24237172623745,0,0.00374531835205993
"national","2-3","expedited_i >= 1 & total_deductions_by_hh_size > 303 & unc_rawben_rel_max <= 1 & utilities_sua <= 1.5",80,80,28,0,0,0,2,0,0,FALSE,0.35,0.35,0.239080885975763,0.239080885975763,0,0.025
"national","1","elderly_disabled_i <= 0 & months_since_cert_n > 6.5 & total_deductions_by_hh_size > 1070",429,429,123,69,49,69,109,0.160839160839161,0.398373983739837,TRUE,0.286713286713287,0.205555555555556,0.238831817380147,0.160550474267831,0.160839160839161,0.254079254079254
"national","1","percent_abawd >= 1 & rawben_rel_max >= 0.608 & total_deductions_by_hh_size >= 1250",70,70,25,0,0,0,11,0,0,FALSE,0.357142857142857,0.357142857142857,0.238640345661515,0.238640345661515,0,0.157142857142857
"national","2-3","gross_by_hh_size > 231 & HH_size_n > 2.5 & shelter_expenses_by_hh_size > 752 & unearned_by_hh_size <= 2510",422,422,121,16,10,16,31,0.037914691943128,0.0826446280991736,FALSE,0.286729857819905,0.273399014778325,0.238477497910881,0.225180652196529,0.037914691943128,0.0734597156398104
"national","4+","rawben_rel_max >= 0.871 & rawben_rel_max < 0.902 & shelter_expenses_by_hh_size >= 11.4 & total_deductions_by_hh_size < 140",123,123,40,0,0,0,1,0,0,FALSE,0.32520325203252,0.32520325203252,0.236130878833727,0.236130878833727,0,0.00813008130081301
"national","2-3","married >= 1 & shelter_expenses_by_hh_size >= 829 & unc_rawben_rel_max < 0.448 & unearned_by_hh_size < 1370",193,193,59,0,0,0,4,0,0,FALSE,0.305699481865285,0.305699481865285,0.234737237737764,0.234737237737764,0,0.0207253886010363
"national","4+","gross_by_hh_size < 198 & married >= 1 & unc_rawben_rel_max >= 1.07 & unc_rawben_rel_max < 1.12",149,149,47,26,15,31,66,0.174496644295302,0.319148936170213,TRUE,0.315436241610738,0.260162601626016,0.234679991915234,0.179648975039775,0.208053691275168,0.442953020134228
"national","2-3","bbce_state_i >= 1 & months_since_cert_n > 1.5 & percent_abawd > 0.167 & rawben_rel_max <= 0.702",654,654,178,0,0,0,6,0,0,FALSE,0.27217125382263,0.27217125382263,0.233682126708679,0.233682126708679,0,0.00917431192660551
"national","2-3","earned_by_hh_size > 126 & expedited_i <= 0 & shelter_expenses_by_hh_size > 744 & shelter_expenses_by_hh_size <= 762",125,125,40,3,2,3,7,0.024,0.05,FALSE,0.32,0.311475409836066,0.23216152935442,0.223716896985718,0.024,0.056
"national","2-3","earned_by_hh_size >= 170 & expedited_i >= 1 & total_deductions_by_hh_size >= 428 & unc_rawben_rel_max < 1.17",311,311,89,25,15,25,40,0.0803858520900322,0.168539325842697,FALSE,0.286173633440514,0.258741258741259,0.230615755714351,0.203379946516101,0.0803858520900322,0.128617363344051
"national","2-3","earned_by_hh_size >= 192 & total_deductions_by_hh_size < 486 & unc_rawben_rel_max >= 1.11",232,232,68,24,18,24,113,0.103448275862069,0.264705882352941,TRUE,0.293103448275862,0.240384615384615,0.228942293254837,0.178610553307478,0.103448275862069,0.487068965517241
"national","2-3","earned_by_hh_size > 55 & HH_size_n > 2.5 & months_since_cert_n > 2.5 & percent_abawd > 0.167",294,294,84,2,2,3,12,0.00680272108843537,0.0238095238095238,FALSE,0.285714285714286,0.280821917808219,0.228736547912226,0.224065100208337,0.0102040816326531,0.0408163265306122
"national","4+","earned_by_hh_size >= 353 & gross_by_hh_size >= 110 & gross_by_hh_size < 411 & shelter_expenses_by_hh_size >= 380",84,84,28,0,0,0,3,0,0,FALSE,0.333333333333333,0.333333333333333,0.227020310788949,0.227020310788949,0,0.0357142857142857
"national","1","months_since_cert_n >= 9 & rawben_rel_max >= 0.907 & shelter_expenses_by_hh_size < 1180 & unc_rawben_rel_max < 1.02",1105,1105,283,26,6,58,229,0.0235294117647059,0.0212014134275618,FALSE,0.256108597285068,0.256719184430028,0.22680638959435,0.227054581701227,0.0524886877828054,0.207239819004525
"national","4+","earned_by_hh_size >= 841 & gross_by_hh_size < 989 & HH_size_n >= 5",201,201,59,0,0,0,0,0,0,FALSE,0.293532338308458,0.293532338308458,0.225020185213519,0.225020185213519,0,0
"national","4+","earned_by_hh_size >= 627 & months_since_cert_n >= 7 & rawben_rel_max >= 0.349 & unc_rawben_rel_max < 0.381",57,57,20,0,0,0,0,0,0,FALSE,0.350877192982456,0.350877192982456,0.222696089909901,0.222696089909901,0,0
"national","1","months_since_cert_n >= 16 & rawben_rel_max >= 1 & unc_rawben_rel_max < 1.02",420,420,165,6,3,12,134,0.0142857142857143,0.0181818181818182,FALSE,0.392857142857143,0.391304347826087,0.339126135333138,0.337258411277662,0.0285714285714286,0.319047619047619
"national","4+","months_since_cert_n >= 13 & rawben_rel_max >= 0.646 & rawben_rel_max < 0.987 & unearned_by_hh_size < 204",102,102,42,0,0,0,2,0,0,FALSE,0.411764705882353,0.411764705882353,0.305664369879393,0.305664369879393,0,0.0196078431372549
"national","2-3","married >= 1 & rawben_rel_max > 0.976 & unc_rawben_rel_max <= 1 & unearned_by_hh_size > 352",56,56,25,0,0,0,0,0,0,FALSE,0.446428571428571,0.446428571428571,0.30351843121549,0.30351843121549,0,0
"national","4+","earned_by_hh_size > 42.6 & expedited_i <= 0 & HH_size_n > 5.5 & unearned_by_hh_size > 150",343,343,121,0,0,0,1,0,0,FALSE,0.352769679300292,0.352769679300292,0.295467888991479,0.295467888991479,0,0.00291545189504373
"national","4+","months_since_cert_n <= 7.5 & rawben_rel_max > 0.994 & total_deductions_by_hh_size > 270 & total_deductions_by_hh_size <= 282",109,109,43,43,29,43,55,0.394495412844037,0.674418604651163,TRUE,0.394495412844037,0.212121212121212,0.293086207479576,0.119312038536037,0.394495412844037,0.504587155963303
"national","1","medical_deductions > 160 & unc_rawben_rel_max > 0.477 & utilities_sua <= 1.5",219,219,79,0,0,1,7,0,0,FALSE,0.360730593607306,0.360730593607306,0.289449932071228,0.289449932071228,0.0045662100456621,0.0319634703196347
"national","4+","bbce_state_i >= 1 & earned_by_hh_size > 280 & months_since_cert_n > 5.5 & total_deductions_by_hh_size > 250",970,970,313,0,0,0,9,0,0,FALSE,0.322680412371134,0.322680412371134,0.288832429531601,0.288832429531601,0,0.00927835051546392
"national","4+","earned_by_hh_size >= 149 & gross_by_hh_size >= 114 & months_since_cert_n < 2 & unc_rawben_rel_max >= 1.08",37,37,17,10,9,12,18,0.27027027027027,0.529411764705882,TRUE,0.459459459459459,0.296296296296296,0.286559418398397,0.140663733556703,0.324324324324324,0.486486486486487
"national","4+","bbce_state_i >= 1 & HH_size_n > 5.5 & shelter_expenses_by_hh_size > 299 & unearned_by_hh_size > 59.1",234,234,79,0,0,0,5,0,0,FALSE,0.337606837606838,0.337606837606838,0.270093084214808,0.270093084214808,0,0.0213675213675214
"national","2-3","earned_by_hh_size < 1210 & total_deductions_by_hh_size >= 848",370,370,119,0,0,0,41,0,0,FALSE,0.321621621621622,0.321621621621622,0.268058970186655,0.268058970186655,0,0.110810810810811
"national","2-3","shelter_expenses_by_hh_size >= 956 & total_deductions_by_hh_size >= 176 & unearned_by_hh_size >= 1020",275,275,90,0,0,0,2,0,0,FALSE,0.327272727272727,0.327272727272727,0.265344284041014,0.265344284041014,0,0.00727272727272727
"national","1","months_since_cert_n < 4 & rawben_rel_max >= 0.993 & unc_rawben_rel_max < 1.01",462,462,144,97,23,97,145,0.20995670995671,0.159722222222222,FALSE,0.311688311688312,0.331506849315069,0.263987787563883,0.277021148931614,0.20995670995671,0.313852813852814
"national","4+","earned_by_hh_size >= 319 & earned_by_hh_size < 332 & rawben_rel_max >= 0.587 & total_deductions_by_hh_size < 141",32,32,14,0,0,0,0,0,0,FALSE,0.4375,0.4375,0.25766898430634,0.25766898430634,0,0
"national","4+","earned_by_hh_size < 399 & gross_by_hh_size >= 579 & rawben_rel_max >= 0.528",81,81,29,0,0,0,1,0,0,FALSE,0.358024691358025,0.358024691358025,0.246623360019398,0.246623360019398,0,0.0123456790123457
"national","4+","earned_by_hh_size >= 395 & gross_by_hh_size >= 672 & rawben_rel_max >= 0.368 & unearned_by_hh_size >= 126",173,173,55,0,0,0,0,0,0,FALSE,0.317919075144509,0.317919075144509,0.24216126746571,0.24216126746571,0,0
"national","2-3","gross_by_hh_size < 1310 & medical_deductions >= 336 & months_since_cert_n < 10",73,73,26,0,0,0,0,0,0,FALSE,0.356164383561644,0.356164383561644,0.239911003985577,0.239911003985577,0,0
"national","1","children_i >= 1 & count_divisible_by_100 <= 0.5 & expedited_i <= 0 & rawben_rel_max <= 0.517",90,90,31,1,0,1,0,0.0111111111111111,0,FALSE,0.344444444444444,0.348314606741573,0.239766285439818,0.242623795509764,0.0111111111111111,0
"national","4+","married <= 0 & months_since_cert_n > 10.5 & total_deductions_by_hh_size > 249",182,182,57,4,0,4,7,0.021978021978022,0,FALSE,0.313186813186813,0.320224719101124,0.239594099936753,0.245220116426566,0.021978021978022,0.0384615384615385
"national","4+","expedited_i >= 1 & rawben_rel_max >= 0.454 & rawben_rel_max < 0.693 & unearned_by_hh_size < 492",118,118,39,0,0,0,0,0,0,FALSE,0.330508474576271,0.330508474576271,0.2391677463132,0.2391677463132,0,0
"national","4+","count_divisible_by_100 >= 1 & earned_by_hh_size >= 270 & total_deductions_by_hh_size >= 283",267,267,79,0,0,0,5,0,0,FALSE,0.295880149812734,0.295880149812734,0.235481596344152,0.235481596344152,0,0.0187265917602996
"national","2-3","earned_by_hh_size > 3.75 & earned_by_hh_size <= 120 & shelter_expenses_by_hh_size > 204 & unc_rawben_rel_max <= 1.03",238,238,71,0,0,0,12,0,0,FALSE,0.298319327731092,0.298319327731092,0.234444519503049,0.234444519503049,0,0.0504201680672269
"national","4+","earned_by_hh_size >= 678 & HH_size_n >= 5 & married <= 0",356,356,101,0,0,0,0,0,0,FALSE,0.283707865168539,0.283707865168539,0.231695100599071,0.231695100599071,0,0
"national","4+","count_divisible_by_100 <= 1.5 & earned_by_hh_size > 99.5 & shelter_expenses_by_hh_size > 410 & unc_rawben_rel_max > 0.976",140,140,44,25,17,25,47,0.178571428571429,0.386363636363636,TRUE,0.314285714285714,0.234782608695652,0.231383397073806,0.15606557804422,0.178571428571429,0.335714285714286
"national","4+","elderly_disabled_i <= 0 & gross_by_hh_size > 183 & gross_by_hh_size <= 265 & percent_abawd > 0.134",55,55,20,3,1,3,5,0.0545454545454545,0.05,FALSE,0.363636363636364,0.365384615384615,0.231372248810669,0.229703137175663,0.0545454545454545,0.0909090909090909
"national","4+","gross_by_hh_size < 1010 & rawben_rel_max >= 0.687 & rawben_rel_max < 0.725 & unc_rawben_rel_max < 0.692",90,90,30,0,0,0,0,0,0,FALSE,0.333333333333333,0.333333333333333,0.230132043651833,0.230132043651833,0,0
"national","1","gross_by_hh_size >= 1390 & rawben_rel_max >= 0.956 & unc_rawben_rel_max >= 1.02 & unc_rawben_rel_max < 1.03",42,42,23,0,0,0,37,0,0,FALSE,0.547619047619048,0.547619047619048,0.37395953661509,0.37395953661509,0,0.880952380952381
"national","2-3","medical_deductions >= 242 & rawben_rel_max >= 0.607 & total_deductions_by_hh_size >= 691",53,53,28,0,0,0,5,0,0,FALSE,0.528301886792453,0.528301886792453,0.373729654398964,0.373729654398964,0,0.0943396226415094
"national","1","gross_by_hh_size > 324 & rawben_rel_max > 0.997 & unc_rawben_rel_max <= 1.01",1174,1174,425,23,14,28,167,0.0195911413969336,0.0329411764705882,FALSE,0.362010221465077,0.357080799304952,0.330087547832544,0.324969704082391,0.0238500851788756,0.142248722316865
"national","1","gross_by_hh_size >= 1850 & shelter_expenses_by_hh_size >= 2590",82,82,36,0,0,0,8,0,0,FALSE,0.439024390243902,0.439024390243902,0.319275556544532,0.319275556544532,0,0.0975609756097561
"national","2-3","earned_by_hh_size < 1210 & rawben_rel_max >= 0.261 & total_deductions_by_hh_size >= 848 & unc_rawben_rel_max < 1.38",281,281,105,0,0,0,38,0,0,FALSE,0.373665480427046,0.373665480427046,0.309518547193963,0.309518547193963,0,0.135231316725979
"national","2-3","gross_by_hh_size < 1230 & medical_deductions >= 199 & rawben_rel_max >= 0.533 & unearned_by_hh_size >= 390",111,111,45,0,0,0,4,0,0,FALSE,0.405405405405405,0.405405405405405,0.303865768703866,0.303865768703866,0,0.036036036036036
"national","4+","earned_by_hh_size >= 24.9 & months_since_cert_n >= 12 & total_deductions_by_hh_size < 217",124,124,47,0,0,2,8,0,0,FALSE,0.379032258064516,0.379032258064516,0.284763879396184,0.284763879396184,0.0161290322580645,0.0645161290322581
"national","1","count_divisible_by_100 < 1 & shelter_expenses_by_hh_size >= 2300 & unc_rawben_rel_max < 1.03",153,153,54,2,2,2,11,0.0130718954248366,0.037037037037037,FALSE,0.352941176470588,0.344370860927152,0.269504713266957,0.261217350103326,0.0130718954248366,0.0718954248366013
"national","2-3","gross_by_hh_size > 1970 & total_deductions_by_hh_size > 105",131,131,47,0,0,0,8,0,0,FALSE,0.358778625954198,0.358778625954198,0.268693637003014,0.268693637003014,0,0.0610687022900763
"national","1","expedited_i >= 1 & shelter_expenses_by_hh_size > 1960 & unc_rawben_rel_max <= 1.05 & unearned_by_hh_size > 280",51,51,21,5,5,5,8,0.0980392156862745,0.238095238095238,FALSE,0.411764705882353,0.347826086956522,0.267576498904808,0.208505961484744,0.0980392156862745,0.156862745098039
"national","2-3","shelter_expenses_by_hh_size >= 1180 & shelter_expenses_by_hh_size < 1310 & total_deductions_by_hh_size >= 104 & unearned_by_hh_size >= 687",72,72,28,0,0,0,3,0,0,FALSE,0.388888888888889,0.388888888888889,0.26754147145644,0.26754147145644,0,0.0416666666666667
"national","1","gross_by_hh_size >= 2350 & shelter_expenses_by_hh_size >= 2590 & total_deductions_by_hh_size >= 1420",33,33,19,0,0,0,3,0,0,FALSE,0.575757575757576,0.575757575757576,0.379293320103591,0.379293320103591,0,0.0909090909090909
"national","2-3","elderly_disabled_i >= 1 & HH_size_n > 2.5 & unc_rawben_rel_max > 0.999 & unc_rawben_rel_max <= 1",32,32,18,0,0,0,0,0,0,FALSE,0.5625,0.5625,0.364591478008337,0.364591478008337,0,0
"national","4+","gross_by_hh_size < 198 & total_deductions_by_hh_size >= 272 & unc_rawben_rel_max < 1.11",59,59,29,31,19,31,40,0.525423728813559,0.655172413793103,TRUE,0.491525423728814,0.357142857142857,0.347345070324595,0.186075439856808,0.525423728813559,0.677966101694915
"national","2-3","earned_by_hh_size > 5.75 & HH_size_n > 2.5 & total_deductions_by_hh_size > 632 & unearned_by_hh_size > 39.2",58,58,28,0,0,0,3,0,0,FALSE,0.482758620689655,0.482758620689655,0.338259690337686,0.338259690337686,0,0.0517241379310345
"national","1","elderly_disabled_i >= 1 & months_since_cert_n > 10.5 & shelter_expenses_by_hh_size > 916 & utilities_sua <= 0.5",114,114,48,0,0,0,4,0,0,FALSE,0.421052631578947,0.421052631578947,0.319475068203954,0.319475068203954,0,0.0350877192982456
"national","2-3","percent_abawd > 0.167 & total_deductions_by_hh_size > 752 & unc_rawben_rel_max <= 1.23",52,52,24,0,0,0,2,0,0,FALSE,0.461538461538462,0.461538461538462,0.312083205241517,0.312083205241517,0,0.0384615384615385
"national","4+","earned_by_hh_size >= 590 & gross_by_hh_size >= 250 & HH_size_n >= 6 & total_deductions_by_hh_size >= 327",53,53,24,0,0,0,0,0,0,FALSE,0.452830188679245,0.452830188679245,0.305642880143884,0.305642880143884,0,0
"national","4+","shelter_expenses_by_hh_size > 38.2 & shelter_expenses_by_hh_size <= 301 & total_deductions_by_hh_size > 328",180,180,69,0,0,0,10,0,0,FALSE,0.383333333333333,0.383333333333333,0.303614732806023,0.303614732806023,0,0.0555555555555556
"national","1","total_deductions_by_hh_size >= 1830 & unc_rawben_rel_max < 1.04",169,169,65,0,0,0,12,0,0,FALSE,0.384615384615385,0.384615384615385,0.302433848365964,0.302433848365964,0,0.0710059171597633
"national","2-3","percent_abawd <= 0.167 & total_deductions_by_hh_size > 710 & unc_rawben_rel_max > 0.162 & unc_rawben_rel_max <= 1",689,689,234,0,0,0,4,0,0,FALSE,0.339622641509434,0.339622641509434,0.299051597099847,0.299051597099847,0,0.0058055152394775
"national","4+","months_since_cert_n >= 10 & total_deductions_by_hh_size >= 161 & unc_rawben_rel_max >= 0.75 & unc_rawben_rel_max < 0.899",183,183,68,0,0,0,2,0,0,FALSE,0.371584699453552,0.371584699453552,0.293303201215846,0.293303201215846,0,0.0109289617486339
"national","2-3","earned_by_hh_size >= 365 & earned_by_hh_size < 401 & shelter_expenses_by_hh_size < 820 & unc_rawben_rel_max >= 1",150,150,55,72,43,72,83,0.48,0.781818181818182,TRUE,0.366666666666667,0.153846153846154,0.281275803994424,0.0817056217319639,0.48,0.553333333333333
"national","2-3","gross_by_hh_size < 983 & medical_deductions >= 200 & months_since_cert_n < 9",86,86,32,0,0,0,3,0,0,FALSE,0.372093023255814,0.372093023255814,0.2618258677149,0.2618258677149,0,0.0348837209302326
"national","2-3","earned_by_hh_size > 125 & earned_by_hh_size <= 258 & rawben_rel_max <= 0.863 & unc_rawben_rel_max <= 1.21",297,297,95,0,0,0,2,0,0,FALSE,0.31986531986532,0.31986531986532,0.260618074061491,0.260618074061491,0,0.00673400673400673
"national","4+","rawben_rel_max >= 0.542 & rawben_rel_max < 0.776 & unearned_by_hh_size >= 1 & unearned_by_hh_size < 114",452,452,139,0,0,0,0,0,0,FALSE,0.307522123893805,0.307522123893805,0.259559384760585,0.259559384760585,0,0
"national","2-3","months_since_cert_n >= 9 & total_deductions_by_hh_size >= 848 & unearned_by_hh_size < 843",65,65,25,0,0,0,16,0,0,FALSE,0.384615384615385,0.384615384615385,0.25833182626587,0.25833182626587,0,0.246153846153846
"national","4+","bbce_state_i >= 1 & gross_by_hh_size > 282 & unc_rawben_rel_max > 1.1 & utilities_sua > 0.5",32,32,14,0,0,0,15,0,0,FALSE,0.4375,0.4375,0.25766898430634,0.25766898430634,0,0.46875
"national","1","expedited_i <= 0 & rawben_rel_max > 0.997 & unearned_by_hh_size > 1490",225,225,73,0,0,0,33,0,0,FALSE,0.324444444444444,0.324444444444444,0.256708648090979,0.256708648090979,0,0.146666666666667
"national","2-3","gross_by_hh_size < 382 & months_since_cert_n < 5 & shelter_expenses_by_hh_size >= 797 & unc_rawben_rel_max < 1.17",88,88,32,38,25,38,43,0.431818181818182,0.78125,TRUE,0.363636363636364,0.14,0.255494662278447,0.0611704642856002,0.431818181818182,0.488636363636364
"national","4+","rawben_rel_max >= 0.361 & rawben_rel_max < 0.386 & shelter_expenses_by_hh_size >= 405",69,69,26,0,0,0,0,0,0,FALSE,0.376811594202899,0.376811594202899,0.25479509775994,0.25479509775994,0,0
"national","4+","earned_by_hh_size >= 168 & HH_size_n < 6 & unc_rawben_rel_max >= 1.05 & unc_rawben_rel_max < 1.26",183,183,60,57,34,57,90,0.311475409836066,0.566666666666667,TRUE,0.327868852459016,0.206349206349206,0.253109292166814,0.135440955616163,0.311475409836066,0.491803278688525
"national","4+","earned_by_hh_size >= 458 & earned_by_hh_size < 603 & married <= 0 & rawben_rel_max >= 0.782",99,99,35,0,0,0,1,0,0,FALSE,0.353535353535354,0.353535353535354,0.252035902294461,0.252035902294461,0,0.0101010101010101
"national","4+","gross_by_hh_size >= 363 & rawben_rel_max >= 0.959 & shelter_expenses_by_hh_size >= 79.6",73,73,27,0,0,0,12,0,0,FALSE,0.36986301369863,0.36986301369863,0.251712664091617,0.251712664091617,0,0.164383561643836
"national","1","months_since_cert_n < 5 & total_deductions_by_hh_size >= 762 & unearned_by_hh_size >= 984 & utilities_sua < 2",295,295,91,0,0,2,2,0,0,FALSE,0.308474576271186,0.308474576271186,0.249845903652489,0.249845903652489,0.00677966101694915,0.00677966101694915
"national","1","rawben_rel_max >= 0.596 & shelter_expenses_by_hh_size >= 2590 & unc_rawben_rel_max >= 0.58 & unc_rawben_rel_max < 1.04",38,38,21,3,3,3,8,0.0789473684210526,0.142857142857143,FALSE,0.552631578947368,0.514285714285714,0.370414431490341,0.329487191368976,0.0789473684210526,0.210526315789474
"national","1","gross_by_hh_size < 1030 & unc_rawben_rel_max >= 1.01 & unc_rawben_rel_max < 1.02",514,514,183,16,9,50,327,0.0311284046692607,0.0491803278688525,FALSE,0.356031128404669,0.349397590361446,0.308639023287347,0.30156240699897,0.0972762645914397,0.636186770428016
"national","1","bbce_state_i >= 1 & rawben_rel_max > 0.997 & shelter_expenses_by_hh_size <= 844 & unearned_by_hh_size > 456",524,524,177,0,0,1,170,0,0,FALSE,0.337786259541985,0.337786259541985,0.291603626309594,0.291603626309594,0.00190839694656489,0.324427480916031
"national","2-3","months_since_cert_n < 3 & rawben_rel_max < 0.68 & shelter_expenses_by_hh_size >= 1050 & total_deductions_by_hh_size >= 600",76,76,31,0,0,0,2,0,0,FALSE,0.407894736842105,0.407894736842105,0.287177615285556,0.287177615285556,0,0.0263157894736842
"national","1","expedited_i <= 0 & rawben_rel_max >= 1 & shelter_expenses_by_hh_size < 1170 & unc_rawben_rel_max < 1.02",984,984,361,102,27,126,443,0.103658536585366,0.074792243767313,FALSE,0.366869918699187,0.378684807256236,0.331951585591464,0.34154310086131,0.128048780487805,0.45020325203252
"national","1","children_i >= 1 & earned_by_hh_size <= 1680 & elderly_disabled_i >= 1 & married <= 0",38,38,19,1,0,1,0,0.0263157894736842,0,FALSE,0.5,0.513513513513513,0.323484258585304,0.333261842625012,0.0263157894736842,0
"national","4+","earned_by_hh_size < 544 & shelter_expenses_by_hh_size < 308 & total_deductions_by_hh_size >= 351",54,54,25,0,0,0,8,0,0,FALSE,0.462962962962963,0.462962962962963,0.315826522032208,0.315826522032208,0,0.148148148148148
"national","2-3","rawben_rel_max <= 0.932 & shelter_expenses_by_hh_size > 277 & total_deductions_by_hh_size > 847",243,243,91,0,0,0,3,0,0,FALSE,0.374485596707819,0.374485596707819,0.305740165270114,0.305740165270114,0,0.0123456790123457
"national","1","medical_deductions <= 142 & shelter_expenses_by_hh_size > 969 & unearned_by_hh_size > 204 & utilities_sua <= 0.5",276,276,101,0,0,0,8,0,0,FALSE,0.365942028985507,0.365942028985507,0.30167982759674,0.30167982759674,0,0.0289855072463768
"national","2-3","shelter_expenses_by_hh_size >= 1240 & unc_rawben_rel_max < 1.17",216,216,76,9,5,9,19,0.0416666666666667,0.0657894736842105,FALSE,0.351851851851852,0.342995169082126,0.280734535498381,0.27112695837409,0.0416666666666667,0.087962962962963
"national","4+","gross_by_hh_size > 117 & married >= 1 & months_since_cert_n > 5.5 & rawben_rel_max > 0.494",985,985,307,13,9,15,39,0.0131979695431472,0.0293159609120521,FALSE,0.311675126903553,0.306584362139918,0.278455034750516,0.273334409609145,0.0152284263959391,0.0395939086294416
"national","2-3","elderly_disabled_i >= 1 & shelter_expenses_by_hh_size > 921 & unc_rawben_rel_max <= 1 & unearned_by_hh_size <= 2420",466,466,152,0,0,0,3,0,0,FALSE,0.32618025751073,0.32618025751073,0.277911594358407,0.277911594358407,0,0.00643776824034335
"national","2-3","medical_deductions >= 164 & months_since_cert_n >= 6 & rawben_rel_max >= 0.293 & shelter_expenses_by_hh_size < 777",121,121,45,0,0,0,2,0,0,FALSE,0.371900826446281,0.371900826446281,0.277245574405439,0.277245574405439,0,0.0165289256198347
"national","2-3","gross_by_hh_size > 1070 & medical_deductions > 223 & rawben_rel_max <= 0.976 & unc_rawben_rel_max > 0.131",123,123,45,0,0,0,0,0,0,FALSE,0.365853658536585,0.365853658536585,0.272475618429086,0.272475618429086,0,0
"national","2-3","months_since_cert_n < 6 & rawben_rel_max >= 0.427 & unc_rawben_rel_max >= -0.494 & unearned_by_hh_size >= 998",89,89,34,0,0,0,0,0,0,FALSE,0.382022471910112,0.382022471910112,0.272273269205629,0.272273269205629,0,0
"national","2-3","medical_deductions >= 225 & months_since_cert_n < 20 & rawben_rel_max >= 0.261",183,183,63,0,0,0,4,0,0,FALSE,0.344262295081967,0.344262295081967,0.268097035827185,0.268097035827185,0,0.0218579234972678
"national","4+","earned_by_hh_size > 42.6 & gross_by_hh_size <= 505 & shelter_expenses_by_hh_size > 335 & unc_rawben_rel_max <= 1",608,608,186,0,0,0,8,0,0,FALSE,0.305921052631579,0.305921052631579,0.26432336589225,0.26432336589225,0,0.0131578947368421
"national","4+","bbce_state_i >= 1 & count_divisible_by_100 > 1.5 & unc_rawben_rel_max > 0.495 & unc_rawben_rel_max <= 0.956",70,70,27,0,0,0,0,0,0,FALSE,0.385714285714286,0.385714285714286,0.263275633425801,0.263275633425801,0,0
"national","4+","earned_by_hh_size >= 324 & total_deductions_by_hh_size < 116",40,40,17,0,0,0,0,0,0,FALSE,0.425,0.425,0.263069632829258,0.263069632829258,0,0
"national","2-3","earned_by_hh_size > 5.83 & months_since_cert_n > 7.5 & shelter_expenses_by_hh_size > 616 & total_deductions_by_hh_size > 369",643,643,192,29,13,29,60,0.0451010886469673,0.0677083333333333,FALSE,0.298600311041991,0.291530944625407,0.258443505559219,0.250838805245225,0.0451010886469673,0.0933125972006221
"national","4+","count_divisible_by_100 <= 0.5 & married >= 1 & months_since_cert_n > 4.5 & total_deductions_by_hh_size > 251",624,624,186,11,7,11,19,0.0176282051282051,0.0376344086021505,FALSE,0.298076923076923,0.292006525285481,0.257368721472349,0.25125856765395,0.0176282051282051,0.0304487179487179
"national","1","months_since_cert_n > 5.5 & unc_rawben_rel_max > 1.01 & unc_rawben_rel_max <= 1.03",587,587,174,4,4,28,308,0.00681431005110733,0.0229885057471264,FALSE,0.296422487223169,0.291595197255575,0.254599570931599,0.249887983246418,0.0477001703577513,0.524701873935264
"national","4+","HH_size_n > 4.5 & married <= 0 & months_since_cert_n > 5.5 & rawben_rel_max <= 0.952",887,887,254,0,0,0,1,0,0,FALSE,0.286358511837655,0.286358511837655,0.252431532845376,0.252431532845376,0,0.00112739571589628
"national","1","earned_by_hh_size >= 336 & gross_by_hh_size < 1070 & unc_rawben_rel_max >= 1.22 & unc_rawben_rel_max < 1.44",775,775,223,185,107,192,397,0.238709677419355,0.479820627802691,TRUE,0.287741935483871,0.196610169491525,0.251491049550022,0.161381756684744,0.247741935483871,0.512258064516129
"national","1","medical_deductions >= 164 & months_since_cert_n < 6 & rawben_rel_max >= 0.0893 & shelter_expenses_by_hh_size >= 1960",39,39,16,0,0,0,2,0,0,FALSE,0.41025641025641,0.41025641025641,0.24915865612918,0.24915865612918,0,0.0512820512820513
"national","2-3","earned_by_hh_size >= 369 & months_since_cert_n >= 4 & shelter_expenses_by_hh_size < 1240 & unc_rawben_rel_max >= 1.1",162,162,53,59,32,59,95,0.364197530864198,0.60377358490566,TRUE,0.327160493827161,0.203883495145631,0.248217349658606,0.12745385875747,0.364197530864198,0.58641975308642
"national","2-3","bbce_state_i >= 1 & months_since_cert_n > 5.5 & total_deductions_by_hh_size > 586",1125,1125,311,0,0,0,66,0,0,FALSE,0.276444444444444,0.276444444444444,0.24655511301112,0.24655511301112,0,0.0586666666666667
"national","1","expedited_i >= 1 & percent_abawd <= 0.5 & rawben_rel_max > 0.997 & unc_rawben_rel_max <= 1.02",303,303,92,49,11,53,155,0.161716171617162,0.119565217391304,FALSE,0.303630363036304,0.318897637795276,0.246074948680622,0.25526372107598,0.174917491749175,0.511551155115512
"national","2-3","count_divisible_by_100 >= 1 & months_since_cert_n >= 2 & rawben_rel_max >= 0.386 & rawben_rel_max < 0.544",164,164,53,0,0,0,0,0,0,FALSE,0.323170731707317,0.323170731707317,0.245048711843517,0.245048711843517,0,0
"national","2-3","expedited_i >= 1 & gross_by_hh_size > 520 & unc_rawben_rel_max > 0.192 & unearned_by_hh_size > 222",249,249,76,0,0,0,9,0,0,FALSE,0.305220883534137,0.305220883534137,0.242081265742735,0.242081265742735,0,0.036144578313253
"national","1","medical_deductions > 194 & rawben_rel_max > 0.997 & unc_rawben_rel_max <= 1.02",97,97,63,0,0,1,7,0,0,FALSE,0.649484536082474,0.649484536082474,0.531636386984126,0.531636386984126,0.0103092783505155,0.0721649484536082
"national","2-3","total_deductions_by_hh_size > 795 & unc_rawben_rel_max > 0.42 & unc_rawben_rel_max <= 1",288,288,113,0,0,0,0,0,0,FALSE,0.392361111111111,0.392361111111111,0.328012488244253,0.328012488244253,0,0
"national","2-3","medical_deductions > 160 & rawben_rel_max > 0.657 & shelter_expenses_by_hh_size > 185 & unc_rawben_rel_max > 0.131",160,160,65,0,0,0,8,0,0,FALSE,0.40625,0.40625,0.320440169311351,0.320440169311351,0,0.05
"national","2-3","earned_by_hh_size <= 149 & total_deductions_by_hh_size > 710 & unc_rawben_rel_max <= 1.1 & utilities_sua > 0.5",290,290,111,0,0,0,7,0,0,FALSE,0.382758620689655,0.382758620689655,0.31909184839883,0.31909184839883,0,0.0241379310344828
"national","2-3","medical_deductions >= 175 & rawben_rel_max >= 0.464 & total_deductions_by_hh_size >= 532",143,143,56,0,0,0,6,0,0,FALSE,0.391608391608392,0.391608391608392,0.302280480160302,0.302280480160302,0,0.041958041958042
"national","4+","earned_by_hh_size >= 596 & months_since_cert_n >= 7 & rawben_rel_max >= 0.61 & shelter_expenses_by_hh_size >= 172",88,88,35,0,0,0,0,0,0,FALSE,0.397727272727273,0.397727272727273,0.285713834376137,0.285713834376137,0,0
"national","4+","earned_by_hh_size > 84.6 & married >= 1 & months_since_cert_n > 10.5",220,220,78,2,2,3,10,0.00909090909090909,0.0256410256410256,FALSE,0.354545454545455,0.348623853211009,0.28384192593214,0.278042064074306,0.0136363636363636,0.0454545454545455
"national","1","medical_deductions > 142 & unc_rawben_rel_max > 0.699 & utilities_sua <= 0.5",92,92,36,1,0,2,11,0.0108695652173913,0,FALSE,0.391304347826087,0.395604395604396,0.282165375917637,0.28547988292814,0.0217391304347826,0.119565217391304
"national","1","gross_by_hh_size >= 2440 & rawben_rel_max >= 0.0893 & shelter_expenses_by_hh_size >= 1960 & total_deductions_by_hh_size >= 637",35,35,16,0,0,0,0,0,0,FALSE,0.457142857142857,0.457142857142857,0.280513156042504,0.280513156042504,0,0
"national","2-3","earned_by_hh_size <= 124 & total_deductions_by_hh_size > 589 & unc_rawben_rel_max <= 1",549,549,177,0,0,0,1,0,0,FALSE,0.322404371584699,0.322404371584699,0.277932822349548,0.277932822349548,0,0.00182149362477231
"national","2-3","gross_by_hh_size < 1120 & medical_deductions >= 196 & shelter_expenses_by_hh_size >= 292",158,158,57,0,0,0,4,0,0,FALSE,0.360759493670886,0.360759493670886,0.277868216046549,0.277868216046549,0,0.0253164556962025
"national","1","earned_by_hh_size >= 159 & total_deductions_by_hh_size >= 1090 & unc_rawben_rel_max >= 1.32",370,370,122,112,64,112,191,0.302702702702703,0.524590163934426,TRUE,0.32972972972973,0.224806201550388,0.275693703667113,0.170364346266433,0.302702702702703,0.516216216216216
"national","4+","gross_by_hh_size >= 576 & HH_size_n < 6 & shelter_expenses_by_hh_size < 486 & total_deductions_by_hh_size >= 354",483,483,156,0,0,0,0,0,0,FALSE,0.322981366459627,0.322981366459627,0.275687205096212,0.275687205096212,0,0
"national","1","shelter_expenses_by_hh_size >= 663 & shelter_expenses_by_hh_size < 954 & total_deductions_by_hh_size >= 1150 & unearned_by_hh_size >= 1060",44,44,18,0,0,0,2,0,0,FALSE,0.409090909090909,0.409090909090909,0.25604702425129,0.25604702425129,0,0.0454545454545455
"national","4+","count_divisible_by_100 < 1 & earned_by_hh_size >= 142 & earned_by_hh_size < 182 & HH_size_n < 6",256,256,81,21,10,26,57,0.08203125,0.123456790123457,FALSE,0.31640625,0.302127659574468,0.253191434110769,0.23755317082908,0.1015625,0.22265625
"national","2-3","earned_by_hh_size >= 307 & HH_size_n < 3 & months_since_cert_n < 7 & unc_rawben_rel_max >= 1.12",260,260,82,67,43,67,122,0.257692307692308,0.524390243902439,TRUE,0.315384615384615,0.202072538860104,0.25269837492701,0.143393098286387,0.257692307692308,0.469230769230769
"national","4+","gross_by_hh_size > 751 & HH_size_n > 4.5 & total_deductions_by_hh_size > 328 & unc_rawben_rel_max <= 1.01",191,191,62,0,0,0,0,0,0,FALSE,0.324607329842932,0.324607329842932,0.25157718492502,0.25157718492502,0,0
"national","1","earned_by_hh_size > 502 & expedited_i >= 1 & gross_by_hh_size > 304 & months_since_cert_n > 4.5",304,304,94,30,17,34,81,0.0986842105263158,0.180851063829787,FALSE,0.309210526315789,0.281021897810219,0.251341410301674,0.222570027901792,0.111842105263158,0.266447368421053
"national","4+","elderly_disabled_i >= 1 & percent_abawd > 0.279",42,42,17,0,0,0,1,0,0,FALSE,0.404761904761905,0.404761904761905,0.249461283952086,0.249461283952086,0,0.0238095238095238
"national","1","children_i <= 0 & medical_deductions > 158 & unc_rawben_rel_max > 0.463 & unc_rawben_rel_max <= 1.08",1256,1256,346,0,0,2,29,0,0,FALSE,0.275477707006369,0.275477707006369,0.247166451193668,0.247166451193668,0.00159235668789809,0.0230891719745223
"national","4+","gross_by_hh_size > 268 & shelter_expenses_by_hh_size <= 241 & total_deductions_by_hh_size > 242",244,244,75,0,0,0,2,0,0,FALSE,0.307377049180328,0.307377049180328,0.243469751735061,0.243469751735061,0,0.00819672131147541
"national","2-3","rawben_rel_max >= 0.0446 & unearned_by_hh_size >= 1100",392,392,115,0,0,0,0,0,0,FALSE,0.293367346938776,0.293367346938776,0.242981720601693,0.242981720601693,0,0
"national","4+","earned_by_hh_size >= 587 & earned_by_hh_size < 600 & expedited_i <= 0",159,159,51,0,0,0,0,0,0,FALSE,0.320754716981132,0.320754716981132,0.241774947474008,0.241774947474008,0,0
"national","2-3","earned_by_hh_size >= 72.7 & gross_by_hh_size >= 190 & months_since_cert_n >= 7 & utilities_sua < 2",499,499,142,5,5,5,24,0.0100200400801603,0.0352112676056338,FALSE,0.284569138276553,0.277327935222672,0.240092774883176,0.233081838469241,0.0100200400801603,0.0480961923847695
"national","2-3","shelter_expenses_by_hh_size >= 504 & unc_rawben_rel_max < 1.17 & unearned_by_hh_size >= 347 & unearned_by_hh_size < 368",118,118,39,39,23,39,50,0.330508474576271,0.58974358974359,TRUE,0.330508474576271,0.20253164556962,0.2391677463132,0.118081363500011,0.330508474576271,0.423728813559322
"national","2-3","gross_by_hh_size > 580 & unc_rawben_rel_max > 0.999 & unc_rawben_rel_max <= 1",53,53,41,0,0,0,0,0,0,FALSE,0.773584905660377,0.773584905660377,0.618376274675198,0.618376274675198,0,0
"national","2-3","gross_by_hh_size > 220 & medical_deductions > 386 & rawben_rel_max > 0.312 & unearned_by_hh_size > 562",75,75,34,0,0,0,1,0,0,FALSE,0.453333333333333,0.453333333333333,0.327305975672555,0.327305975672555,0,0.0133333333333333
"national","2-3","earned_by_hh_size < 1220 & medical_deductions >= 202 & rawben_rel_max >= 0.31",213,213,82,0,0,0,5,0,0,FALSE,0.384976525821596,0.384976525821596,0.311189141032161,0.311189141032161,0,0.0234741784037559
"national","1","medical_deductions > 667 & shelter_expenses_by_hh_size <= 1780 & unearned_by_hh_size > 272 & unearned_by_hh_size <= 2090",79,79,33,0,0,0,1,0,0,FALSE,0.417721518987342,0.417721518987342,0.298024551486479,0.298024551486479,0,0.0126582278481013
"national","1","medical_deductions > 306 & rawben_rel_max > 0.39 & utilities_sua <= 0.5",59,59,25,0,0,1,2,0,0,FALSE,0.423728813559322,0.423728813559322,0.286776794302898,0.286776794302898,0.0169491525423729,0.0338983050847458
"national","1","earned_by_hh_size >= 294 & months_since_cert_n >= 12 & rawben_rel_max >= 0.869 & shelter_expenses_by_hh_size >= 767",103,103,40,16,12,17,43,0.155339805825243,0.3,TRUE,0.388349514563107,0.32183908045977,0.284901663284855,0.218748688117848,0.16504854368932,0.41747572815534
"national","4+","gross_by_hh_size >= 243 & gross_by_hh_size < 616 & months_since_cert_n >= 8 & shelter_expenses_by_hh_size >= 431",149,149,55,0,0,0,6,0,0,FALSE,0.369127516778524,0.369127516778524,0.283267041643683,0.283267041643683,0,0.0402684563758389
"national","4+","gross_by_hh_size >= 230 & HH_size_n >= 5 & unearned_by_hh_size >= 153 & unearned_by_hh_size < 250",525,525,172,0,0,0,2,0,0,FALSE,0.327619047619048,0.327619047619048,0.281942833594761,0.281942833594761,0,0.00380952380952381
"national","4+","earned_by_hh_size > 37.9 & shelter_expenses_by_hh_size > 452 & unearned_by_hh_size > 4.37 & unearned_by_hh_size <= 262",319,319,108,0,0,0,10,0,0,FALSE,0.338557993730408,0.338557993730408,0.280079357899711,0.280079357899711,0,0.0313479623824451
"national","2-3","earned_by_hh_size <= 122 & gross_by_hh_size > 909 & medical_deductions > 160 & unc_rawben_rel_max > 0.155",263,263,88,0,0,0,0,0,0,FALSE,0.334600760456274,0.334600760456274,0.270861025684621,0.270861025684621,0,0
"national","4+","expedited_i >= 1 & months_since_cert_n > 4.5 & rawben_rel_max <= 0.978 & unc_rawben_rel_max > 0.0416",231,231,78,0,0,0,2,0,0,FALSE,0.337662337662338,0.337662337662338,0.26973963357091,0.26973963357091,0,0.00865800865800866
"national","4+","earned_by_hh_size < 665 & gross_by_hh_size >= 647 & shelter_expenses_by_hh_size < 354 & total_deductions_by_hh_size >= 292",42,42,18,0,0,0,0,0,0,FALSE,0.428571428571429,0.428571428571429,0.269351009309133,0.269351009309133,0,0
"national","4+","gross_by_hh_size >= 143 & HH_size_n >= 5 & months_since_cert_n >= 11 & total_deductions_by_hh_size < 365",412,412,131,2,2,3,7,0.00485436893203883,0.0152671755725191,FALSE,0.317961165048544,0.314634146341463,0.26725062942336,0.263998334862146,0.00728155339805825,0.0169902912621359
"national","4+","earned_by_hh_size > 42.5 & gross_by_hh_size <= 446 & HH_size_n > 4.5 & married >= 1",902,902,269,15,7,20,56,0.016629711751663,0.0260223048327138,FALSE,0.298226164079823,0.295377677564825,0.264083957434605,0.261074795215519,0.0221729490022173,0.0620842572062084
"national","4+","earned_by_hh_size >= 47.4 & gross_by_hh_size >= 740 & shelter_expenses_by_hh_size < 481 & total_deductions_by_hh_size >= 333",355,355,112,0,0,0,0,0,0,FALSE,0.315492957746479,0.315492957746479,0.261258301690541,0.261258301690541,0,0
"national","4+","expedited_i >= 1 & rawben_rel_max > 0.567 & unc_rawben_rel_max <= 0.973",377,377,117,0,0,0,2,0,0,FALSE,0.310344827586207,0.310344827586207,0.257934726464868,0.257934726464868,0,0.00530503978779841
"national","4+","earned_by_hh_size > 92.6 & expedited_i <= 0 & gross_by_hh_size > 327 & rawben_rel_max > 0.946",89,89,32,0,0,0,17,0,0,FALSE,0.359550561797753,0.359550561797753,0.252443346739008,0.252443346739008,0,0.191011235955056
"national","2-3","medical_deductions >= 61 & months_since_cert_n >= 18 & rawben_rel_max >= 0.436",54,54,21,0,0,0,1,0,0,FALSE,0.388888888888889,0.388888888888889,0.251546557647521,0.251546557647521,0,0.0185185185185185
"national","2-3","months_since_cert_n >= 4 & shelter_expenses_by_hh_size >= 1240",174,174,57,7,3,7,16,0.0402298850574713,0.0526315789473684,FALSE,0.327586206896552,0.323353293413174,0.251118032351563,0.245850759637534,0.0402298850574713,0.0919540229885057
"national","2-3","shelter_expenses_by_hh_size > 488 & unc_rawben_rel_max > 0.415 & unc_rawben_rel_max <= 1.03 & utilities_sua <= 0.5",93,93,33,0,0,0,1,0,0,FALSE,0.354838709677419,0.354838709677419,0.250349590099069,0.250349590099069,0,0.010752688172043
"national","4+","expedited_i >= 1 & married <= 0 & shelter_expenses_by_hh_size > 113 & unc_rawben_rel_max <= 1",256,256,79,0,0,0,1,0,0,FALSE,0.30859375,0.30859375,0.245985132786639,0.245985132786639,0,0.00390625
"national","4+","months_since_cert_n >= 7 & unc_rawben_rel_max >= 0.864 & unc_rawben_rel_max < 0.931",279,279,85,0,0,0,3,0,0,FALSE,0.304659498207885,0.304659498207885,0.244785837077999,0.244785837077999,0,0.010752688172043
"national","4+","married >= 1 & months_since_cert_n >= 11 & total_deductions_by_hh_size < 365",309,309,93,2,2,4,13,0.00647249190938511,0.021505376344086,FALSE,0.300970873786408,0.296416938110749,0.244129532294991,0.239741754977848,0.0129449838187702,0.0420711974110032
"national","4+","gross_by_hh_size >= 708 & rawben_rel_max >= 0.308 & shelter_expenses_by_hh_size >= 358 & total_deductions_by_hh_size >= 54.8",833,833,232,0,0,0,0,0,0,FALSE,0.278511404561825,0.278511404561825,0.243902774988941,0.243902774988941,0,0
"national","2-3","medical_deductions >= 142 & rawben_rel_max >= 0.477 & shelter_expenses_by_hh_size >= 390",300,300,90,0,0,0,8,0,0,FALSE,0.3,0.3,0.242447486203828,0.242447486203828,0,0.0266666666666667
"national","1","medical_deductions >= 170 & shelter_expenses_by_hh_size < 1050 & total_deductions_by_hh_size >= 843 & total_deductions_by_hh_size < 1030",222,222,68,0,0,1,5,0,0,FALSE,0.306306306306306,0.306306306306306,0.23966576769685,0.23966576769685,0.0045045045045045,0.0225225225225225
"national","4+","HH_size_n > 5.5 & HH_size_n <= 6.5 & months_since_cert_n > 9.5 & shelter_expenses_by_hh_size > 126",168,168,53,0,0,0,5,0,0,FALSE,0.31547619047619,0.31547619047619,0.238949192237605,0.238949192237605,0,0.0297619047619048
"national","2-3","rawben_rel_max >= 0.936 & total_deductions_by_hh_size >= 416 & unc_rawben_rel_max < 1.26 & utilities_sua < 2",214,214,65,21,15,21,57,0.0981308411214953,0.230769230769231,FALSE,0.303738317757009,0.259067357512953,0.236202496876057,0.192991985511739,0.0981308411214953,0.266355140186916
"national","4+","earned_by_hh_size >= 224 & gross_by_hh_size < 322 & rawben_rel_max >= 0.885 & unc_rawben_rel_max < 1.01",290,290,85,0,0,0,4,0,0,FALSE,0.293103448275862,0.293103448275862,0.235175561634834,0.235175561634834,0,0.0137931034482759
"national","2-3","expedited_i >= 1 & rawben_rel_max <= 0.997 & total_deductions_by_hh_size > 134 & utilities_sua <= 1.5",178,178,55,0,0,0,2,0,0,FALSE,0.308988764044944,0.308988764044944,0.23506164015243,0.23506164015243,0,0.0112359550561798
"national","4+","elderly_disabled_i <= 0 & gross_by_hh_size > 235 & rawben_rel_max <= 0.774 & unearned_by_hh_size > 150",1087,1087,287,0,0,0,0,0,0,FALSE,0.264029438822447,0.264029438822447,0.23415385771242,0.23415385771242,0,0
"national","4+","earned_by_hh_size < 661 & gross_by_hh_size >= 627 & months_since_cert_n >= 2 & shelter_expenses_by_hh_size >= 234",764,764,205,0,0,0,0,0,0,FALSE,0.268324607329843,0.268324607329843,0.232762736346237,0.232762736346237,0,0
"national","2-3","earned_by_hh_size >= 361 & earned_by_hh_size < 387 & total_deductions_by_hh_size < 278",93,93,31,1,1,1,0,0.010752688172043,0.032258064516129,FALSE,0.333333333333333,0.326086956521739,0.231586206042145,0.224846776591632,0.010752688172043,0
"national","1","gross_by_hh_size >= 1030 & medical_deductions >= 176 & unc_rawben_rel_max < 1.02 & unearned_by_hh_size < 1380",408,408,114,0,0,1,6,0,0,FALSE,0.279411764705882,0.279411764705882,0.230885854380035,0.230885854380035,0.00245098039215686,0.0147058823529412
"national","4+","earned_by_hh_size > 99.6 & HH_size_n > 5.5 & rawben_rel_max > 0.894 & unearned_by_hh_size <= 61.6",219,219,64,0,0,5,31,0,0,FALSE,0.292237442922374,0.292237442922374,0.226453433521532,0.226453433521532,0.0228310502283105,0.141552511415525
"national","2-3","HH_size_n <= 2.5 & months_since_cert_n > 8.5 & shelter_expenses_by_hh_size > 752 & unc_rawben_rel_max > 0.172",638,638,168,16,10,16,43,0.0250783699059561,0.0595238095238095,FALSE,0.263322884012539,0.254019292604502,0.224876386480604,0.215661583899989,0.0250783699059561,0.0673981191222571
"national","4+","months_since_cert_n >= 6 & unearned_by_hh_size >= 157 & unearned_by_hh_size < 180 & utilities_sua >= 1",133,133,41,2,1,5,12,0.0150375939849624,0.024390243902439,FALSE,0.308270676691729,0.305343511450382,0.224160357938977,0.221019262014335,0.037593984962406,0.0902255639097744
"national","2-3","count_divisible_by_100 <= 0.5 & HH_size_n > 2.5 & shelter_expenses_by_hh_size > 660 & unc_rawben_rel_max <= 1",621,621,163,0,0,0,0,0,0,FALSE,0.262479871175523,0.262479871175523,0.223590071344694,0.223590071344694,0,0
"national","4+","gross_by_hh_size >= 401 & months_since_cert_n >= 13 & rawben_rel_max >= 0.536 & shelter_expenses_by_hh_size >= 148",82,82,27,0,0,0,2,0,0,FALSE,0.329268292682927,0.329268292682927,0.222442121791019,0.222442121791019,0,0.024390243902439
"national","4+","earned_by_hh_size < 671 & gross_by_hh_size >= 704 & percent_abawd < 0.0769 & utilities_sua >= 2",513,513,136,0,0,0,0,0,0,FALSE,0.265107212475634,0.265107212475634,0.222400430731128,0.222400430731128,0,0
"national","2-3","rawben_rel_max >= 0.636 & rawben_rel_max < 0.706 & shelter_expenses_by_hh_size >= 624",385,385,104,0,0,0,2,0,0,FALSE,0.27012987012987,0.27012987012987,0.220947730686325,0.220947730686325,0,0.00519480519480519
"national","2-3","HH_size_n > 2.5 & percent_abawd <= 0.5 & total_deductions_by_hh_size > 367",2638,2638,632,75,53,75,149,0.0284306292645944,0.0838607594936709,FALSE,0.239575435936315,0.22590714007023,0.220791343355713,0.207282995569983,0.0284306292645944,0.0564821834723275
"national","4+","count_divisible_by_100 >= 1 & HH_size_n >= 7 & percent_abawd < 0.125",114,114,35,0,0,0,5,0,0,FALSE,0.307017543859649,0.307017543859649,0.217190745909995,0.217190745909995,0,0.043859649122807
"national","2-3","earned_by_hh_size >= 715 & married >= 1 & rawben_rel_max < 0.471 & total_deductions_by_hh_size >= 270",424,424,111,0,0,0,6,0,0,FALSE,0.261792452830189,0.261792452830189,0.215357729282284,0.215357729282284,0,0.0141509433962264
"national","4+","elderly_disabled_i >= 1 & expedited_i <= 0 & rawben_rel_max > 0.344 & unearned_by_hh_size > 562",119,119,36,0,0,0,0,0,0,FALSE,0.302521008403361,0.302521008403361,0.214933616684526,0.214933616684526,0,0
"national","2-3","count_divisible_by_100 > 0.5 & elderly_disabled_i <= 0 & HH_size_n > 2.5 & rawben_rel_max <= 0.989",558,558,142,0,0,0,0,0,0,FALSE,0.254480286738351,0.254480286738351,0.214089976232914,0.214089976232914,0,0
"national","4+","months_since_cert_n >= 11 & unearned_by_hh_size < 129",648,648,163,9,2,13,40,0.0138888888888889,0.0122699386503067,FALSE,0.251543209876543,0.251956181533646,0.214064227971079,0.214205149887709,0.0200617283950617,0.0617283950617284
"national","1","children_i >= 1 & earned_by_hh_size > 739 & months_since_cert_n <= 3.5 & total_deductions_by_hh_size <= 847",52,52,18,0,0,0,0,0,0,FALSE,0.346153846153846,0.346153846153846,0.213889057387511,0.213889057387511,0,0
"national","4+","HH_size_n >= 6 & total_deductions_by_hh_size < 408 & unc_rawben_rel_max >= 0.587 & unc_rawben_rel_max < 0.623",144,144,42,0,0,0,0,0,0,FALSE,0.291666666666667,0.291666666666667,0.212389080071286,0.212389080071286,0,0
"national","2-3","earned_by_hh_size < 741 & gross_by_hh_size >= 505 & total_deductions_by_hh_size >= 506 & total_deductions_by_hh_size < 524",176,176,50,0,0,0,1,0,0,FALSE,0.284090909090909,0.284090909090909,0.212382451206755,0.212382451206755,0,0.00568181818181818
"national","2-3","gross_by_hh_size < 1310 & months_since_cert_n < 21 & rawben_rel_max >= 0.132 & unearned_by_hh_size >= 1020",418,418,108,0,0,0,1,0,0,FALSE,0.258373205741627,0.258373205741627,0.211882652578715,0.211882652578715,0,0.00239234449760766
"national","2-3","earned_by_hh_size < 484 & gross_by_hh_size >= 86.5 & unc_rawben_rel_max >= 1.16 & unc_rawben_rel_max < 1.17",213,213,59,69,40,69,95,0.323943661971831,0.677966101694915,TRUE,0.276995305164319,0.131944444444444,0.211869487701333,0.0795070116202083,0.323943661971831,0.446009389671362
"national","2-3","elderly_disabled_i <= 0 & months_since_cert_n > 5.5 & percent_abawd > 0.167 & shelter_expenses_by_hh_size > 277",369,369,96,14,9,14,29,0.037940379403794,0.09375,FALSE,0.260162601626016,0.245070422535211,0.210776198387885,0.196058617837286,0.037940379403794,0.0785907859078591
"national","2-3","months_since_cert_n < 3 & shelter_expenses_by_hh_size < 417 & total_deductions_by_hh_size >= 412 & unc_rawben_rel_max < 1.24",186,186,52,0,0,0,12,0,0,FALSE,0.279569892473118,0.279569892473118,0.210092054790262,0.210092054790262,0,0.0645161290322581
"national","1","medical_deductions >= 125 & rawben_rel_max >= 0.328 & shelter_expenses_by_hh_size >= 468 & total_deductions_by_hh_size < 684",174,174,49,1,0,4,0,0.00574712643678161,0,FALSE,0.281609195402299,0.283236994219653,0.209810827542101,0.211072874929207,0.0229885057471264,0
"national","4+","count_divisible_by_100 >= 2 & months_since_cert_n >= 2 & rawben_rel_max >= 0.416 & total_deductions_by_hh_size < 234",64,64,21,0,0,0,6,0,0,FALSE,0.328125,0.328125,0.209751587518103,0.209751587518103,0,0.09375
"national","4+","gross_by_hh_size < 505 & rawben_rel_max >= 0.536 & shelter_expenses_by_hh_size < 523 & unearned_by_hh_size >= 453",99,99,30,0,0,0,0,0,0,FALSE,0.303030303030303,0.303030303030303,0.208126482733878,0.208126482733878,0,0
"national","2-3","gross_by_hh_size >= 668 & unc_rawben_rel_max >= 0.491 & unc_rawben_rel_max < 0.508",247,247,66,0,0,0,2,0,0,FALSE,0.267206477732794,0.267206477732794,0.207219993858908,0.207219993858908,0,0.00809716599190283
"national","4+","gross_by_hh_size >= 782 & unc_rawben_rel_max < 1.01 & unearned_by_hh_size < 274",1515,1515,348,0,0,0,0,0,0,FALSE,0.22970297029703,0.22970297029703,0.205554003505791,0.205554003505791,0,0
"national","2-3","children_i <= 0 & HH_size_n > 2.5 & total_deductions_by_hh_size > 332",145,145,41,2,1,2,7,0.0137931034482759,0.024390243902439,FALSE,0.282758620689655,0.27972027972028,0.204805548001142,0.201673281163063,0.0137931034482759,0.0482758620689655
"national","1","gross_by_hh_size >= 1510 & rawben_rel_max >= 0.306 & unc_rawben_rel_max < 1.04",2128,2128,479,0,0,1,38,0,0,FALSE,0.225093984962406,0.225093984962406,0.204747665721692,0.204747665721692,0.000469924812030075,0.0178571428571429
"national","4+","count_divisible_by_100 >= 1 & gross_by_hh_size < 150 & total_deductions_by_hh_size < 56 & unearned_by_hh_size < 40.8",36,36,13,8,3,8,21,0.222222222222222,0.230769230769231,FALSE,0.361111111111111,0.357142857142857,0.204695715535144,0.186075439856808,0.222222222222222,0.583333333333333
"national","2-3","gross_by_hh_size >= 1050 & medical_deductions < 158 & months_since_cert_n >= 7 & rawben_rel_max >= 0.0446",539,539,132,0,0,0,3,0,0,FALSE,0.244897959183673,0.244897959183673,0.204489369821631,0.204489369821631,0,0.00556586270871985
"national","2-3","count_divisible_by_100 >= 1 & gross_by_hh_size >= 897",402,402,101,0,0,0,2,0,0,FALSE,0.251243781094527,0.251243781094527,0.204456370670957,0.204456370670957,0,0.00497512437810945
"national","4+","HH_size_n > 4.5 & shelter_expenses_by_hh_size > 174 & shelter_expenses_by_hh_size <= 295 & utilities_sua <= 0.5",58,58,19,1,1,1,2,0.0172413793103448,0.0526315789473684,FALSE,0.327586206896552,0.315789473684211,0.204418200109674,0.193970351110794,0.0172413793103448,0.0344827586206897
"national","1","earned_by_hh_size > 492 & gross_by_hh_size <= 1110 & total_deductions_by_hh_size <= 1550 & utilities_sua <= 0.5",443,443,110,11,5,13,48,0.0248306997742664,0.0454545454545455,FALSE,0.248306997742664,0.243055555555556,0.20379121074192,0.198424448526125,0.0293453724604966,0.108352144469526
"national","4+","gross_by_hh_size > 117 & rawben_rel_max > 0.493 & rawben_rel_max <= 0.499 & unc_rawben_rel_max <= 0.508",118,118,34,0,0,0,0,0,0,FALSE,0.288135593220339,0.288135593220339,0.202143077900762,0.202143077900762,0,0
"national","2-3","expedited_i >= 1 & rawben_rel_max < 0.5",249,249,65,0,0,0,5,0,0,FALSE,0.261044176706827,0.261044176706827,0.201876076004165,0.201876076004165,0,0.0200803212851406
"national","2-3","months_since_cert_n >= 2 & rawben_rel_max < 0.525 & unearned_by_hh_size >= 19.3 & unearned_by_hh_size < 64.3",98,98,29,0,0,0,1,0,0,FALSE,0.295918367346939,0.295918367346939,0.201645109713836,0.201645109713836,0,0.0102040816326531
"national","1","elderly_disabled_i <= 0 & gross_by_hh_size >= 665 & unearned_by_hh_size >= 917 & unearned_by_hh_size < 1330",276,276,71,0,0,2,2,0,0,FALSE,0.257246376811594,0.257246376811594,0.201125082343153,0.201125082343153,0.0072463768115942,0.0072463768115942
"national","1","earned_by_hh_size >= 669 & unc_rawben_rel_max >= 1.11",692,692,163,185,107,185,255,0.267341040462428,0.656441717791411,TRUE,0.235549132947977,0.110453648915187,0.200169402742851,0.0820962742579861,0.267341040462428,0.36849710982659
"national","2-3","earned_by_hh_size >= 5 & married <= 0 & shelter_expenses_by_hh_size >= 783 & total_deductions_by_hh_size < 582",375,375,93,41,26,41,71,0.109333333333333,0.279569892473118,TRUE,0.248,0.20059880239521,0.199958123478535,0.154588116831444,0.109333333333333,0.189333333333333
"national","2-3","earned_by_hh_size >= 963 & medical_deductions < 225 & months_since_cert_n < 20 & rawben_rel_max >= 0.261",1148,1148,261,0,0,0,4,0,0,FALSE,0.227351916376307,0.227351916376307,0.199897316908934,0.199897316908934,0,0.00348432055749129
"national","2-3","earned_by_hh_size >= 715 & earned_by_hh_size < 757 & gross_by_hh_size >= 751",157,157,43,0,0,0,1,0,0,FALSE,0.273885350318471,0.273885350318471,0.19967643351978,0.19967643351978,0,0.00636942675159236
"national","2-3","earned_by_hh_size <= 55 & gross_by_hh_size > 370 & HH_size_n > 2.5 & shelter_expenses_by_hh_size > 588",249,249,64,0,0,0,7,0,0,FALSE,0.257028112449799,0.257028112449799,0.198259680848192,0.198259680848192,0,0.0281124497991968
"national","1","rawben_rel_max <= 0.274 & shelter_expenses_by_hh_size <= 2580 & total_deductions_by_hh_size > 211 & total_deductions_by_hh_size <= 215",112,112,32,1,0,1,0,0.00892857142857143,0,FALSE,0.285714285714286,0.288288288288288,0.198112430661379,0.199981664510093,0.00892857142857143,0
"national","2-3","earned_by_hh_size > 120 & gross_by_hh_size <= 138 & HH_size_n > 2.5 & shelter_expenses_by_hh_size <= 189",30,30,11,0,0,0,14,0,0,FALSE,0.366666666666667,0.366666666666667,0.197576442813965,0.197576442813965,0,0.466666666666667
"national","4+","earned_by_hh_size <= 42.1 & unearned_by_hh_size > 199 & unearned_by_hh_size <= 215 & utilities_sua <= 0.5",30,30,11,0,0,0,0,0,0,FALSE,0.366666666666667,0.366666666666667,0.197576442813965,0.197576442813965,0,0
"national","2-3","children_i >= 1 & months_since_cert_n > 10.5 & percent_abawd > 0.167",100,100,29,1,0,1,9,0.01,0,FALSE,0.29,0.292929292929293,0.197414153478446,0.199507104436649,0.01,0.09
"national","1","earned_by_hh_size > 29.5 & rawben_rel_max > 0.274 & rawben_rel_max <= 0.997 & unearned_by_hh_size > 959",286,286,72,0,0,0,1,0,0,FALSE,0.251748251748252,0.251748251748252,0.19704022667172,0.19704022667172,0,0.0034965034965035
"national","2-3","rawben_rel_max < 0.55 & shelter_expenses_by_hh_size >= 660 & shelter_expenses_by_hh_size < 679 & total_deductions_by_hh_size < 502",81,81,24,0,0,0,0,0,0,FALSE,0.296296296296296,0.296296296296296,0.194083252333671,0.194083252333671,0,0
"national","2-3","medical_deductions >= 329 & rawben_rel_max >= 0.579 & unc_rawben_rel_max >= 0.54",61,61,29,0,0,0,1,0,0,FALSE,0.475409836065574,0.475409836065574,0.334859232408503,0.334859232408503,0,0.0163934426229508
"national","2-3","earned_by_hh_size >= 254 & earned_by_hh_size < 259 & total_deductions_by_hh_size < 369",56,56,25,24,18,24,27,0.428571428571429,0.72,TRUE,0.446428571428571,0.21875,0.30351843121549,0.097036746241021,0.428571428571429,0.482142857142857
"national","4+","bbce_state_i >= 1 & unc_rawben_rel_max > 1.08 & unc_rawben_rel_max <= 1.09",179,179,66,69,42,74,100,0.385474860335196,0.636363636363636,TRUE,0.368715083798883,0.218181818181818,0.289839894917012,0.140999349019599,0.41340782122905,0.558659217877095
"national","4+","earned_by_hh_size >= 379 & HH_size_n < 5 & months_since_cert_n >= 7 & rawben_rel_max >= 0.563",331,331,114,0,0,0,3,0,0,FALSE,0.344410876132931,0.344410876132931,0.286601153973123,0.286601153973123,0,0.00906344410876133
"national","4+","earned_by_hh_size >= 846 & gross_by_hh_size >= 901 & rawben_rel_max >= 0.436 & total_deductions_by_hh_size >= 365",37,37,17,0,0,0,0,0,0,FALSE,0.459459459459459,0.459459459459459,0.286559418398397,0.286559418398397,0,0
"national","1","earned_by_hh_size > 365 & percent_abawd > 0.5 & unc_rawben_rel_max > 1.32",251,251,83,73,42,74,129,0.290836653386454,0.506024096385542,TRUE,0.330677290836653,0.230337078651685,0.265818732538896,0.165540190858594,0.294820717131474,0.51394422310757
"national","2-3","bbce_state_i >= 1 & earned_by_hh_size > 3.75 & months_since_cert_n > 7.5 & unc_rawben_rel_max <= 1",1706,1706,477,1,1,1,14,0.000586166471277843,0.00209643605870021,FALSE,0.279601406799531,0.279178885630499,0.255054381165857,0.254637862065373,0.000586166471277843,0.0082063305978898
"national","4+","earned_by_hh_size >= 587 & earned_by_hh_size < 627 & months_since_cert_n >= 8",106,106,37,0,0,0,0,0,0,FALSE,0.349056603773585,0.349056603773585,0.251088352931888,0.251088352931888,0,0
"national","4+","gross_by_hh_size >= 305 & rawben_rel_max >= 0.734 & unc_rawben_rel_max >= 0.235 & unc_rawben_rel_max < 0.841",1228,1228,343,0,0,0,5,0,0,FALSE,0.279315960912052,0.279315960912052,0.25055317847486,0.25055317847486,0,0.00407166123778502
"national","2-3","count_divisible_by_100 <= 0.5 & homeless <= 0 & medical_deductions > 12 & rawben_rel_max > 0.992",94,94,33,0,0,0,9,0,0,FALSE,0.351063829787234,0.351063829787234,0.247525396428774,0.247525396428774,0,0.0957446808510638
"national","4+","earned_by_hh_size >= 214 & HH_size_n >= 7 & unearned_by_hh_size < 453 & utilities_sua < 2",72,72,26,0,0,0,0,0,0,FALSE,0.361111111111111,0.361111111111111,0.243465310210708,0.243465310210708,0,0
"national","1","homeless >= 1 & total_deductions_by_hh_size > 728 & unc_rawben_rel_max <= 1.03",183,183,58,1,0,4,12,0.00546448087431694,0,FALSE,0.316939890710383,0.318681318681319,0.243176284442852,0.244571829387151,0.0218579234972678,0.0655737704918033
"national","2-3","earned_by_hh_size <= 382 & gross_by_hh_size > 356 & months_since_cert_n > 9.5 & total_deductions_by_hh_size > 541",419,419,122,19,12,19,46,0.045346062052506,0.0983606557377049,FALSE,0.291169451073986,0.275,0.242469206708233,0.226333404531482,0.045346062052506,0.109785202863962
"national","1","medical_deductions > 667 & percent_abawd <= 0.5 & shelter_expenses_by_hh_size > 230 & unc_rawben_rel_max <= 1.03",72,72,36,0,0,0,0,0,0,FALSE,0.5,0.5,0.367815538300385,0.367815538300385,0,0
"national","4+","rawben_rel_max < 0.891 & shelter_expenses_by_hh_size >= 346 & shelter_expenses_by_hh_size < 540 & total_deductions_by_hh_size >= 436",139,139,55,0,0,0,0,0,0,FALSE,0.39568345323741,0.39568345323741,0.304861802051904,0.304861802051904,0,0
"national","4+","gross_by_hh_size > 144 & total_deductions_by_hh_size > 526 & unc_rawben_rel_max > 0.312",146,146,57,0,0,0,10,0,0,FALSE,0.39041095890411,0.39041095890411,0.302026618950949,0.302026618950949,0,0.0684931506849315
"national","4+","earned_by_hh_size > 38 & gross_by_hh_size > 143 & rawben_rel_max > 0.592 & unearned_by_hh_size > 19.3",1334,1334,440,0,0,0,63,0,0,FALSE,0.329835082458771,0.329835082458771,0.300633728472635,0.300633728472635,0,0.0472263868065967
"national","2-3","gross_by_hh_size > 1780 & HH_size_n <= 2.5 & total_deductions_by_hh_size > 548",112,112,44,0,0,0,10,0,0,FALSE,0.392857142857143,0.392857142857143,0.292839937693267,0.292839937693267,0,0.0892857142857143
"national","1","earned_by_hh_size >= 391 & months_since_cert_n >= 5 & unc_rawben_rel_max >= 1.21",528,528,176,108,70,115,251,0.204545454545455,0.397727272727273,TRUE,0.333333333333333,0.252380952380952,0.28751786240209,0.206442748224173,0.21780303030303,0.475378787878788
"national","2-3","earned_by_hh_size >= 256 & gross_by_hh_size < 261",45,45,20,21,16,21,23,0.466666666666667,0.8,TRUE,0.444444444444444,0.166666666666667,0.287509675820716,0.0567848653800168,0.466666666666667,0.511111111111111
"national","1","expedited_i <= 0 & rawben_rel_max > 0.997 & unc_rawben_rel_max > 1.01 & unc_rawben_rel_max <= 1.02",582,582,192,10,6,44,348,0.0171821305841924,0.03125,FALSE,0.329896907216495,0.325174825174825,0.286313337515156,0.281439160426857,0.0756013745704467,0.597938144329897
"national","2-3","months_since_cert_n < 24 & rawben_rel_max < 0.775 & total_deductions_by_hh_size >= 728",507,507,154,0,0,0,10,0,0,FALSE,0.303747534516765,0.303747534516765,0.258520038303716,0.258520038303716,0,0.019723865877712
"national","4+","earned_by_hh_size < 291 & gross_by_hh_size >= 401 & HH_size_n >= 6 & HH_size_n < 8",198,198,65,0,0,0,2,0,0,FALSE,0.328282828282828,0.328282828282828,0.256129619371324,0.256129619371324,0,0.0101010101010101
"national","1","children_i <= 0 & medical_deductions >= 175 & rawben_rel_max >= 0.328 & shelter_expenses_by_hh_size < 1050",580,580,173,0,0,3,7,0,0,FALSE,0.298275862068966,0.298275862068966,0.256118993681019,0.256118993681019,0.00517241379310345,0.0120689655172414
"national","2-3","earned_by_hh_size < 1040 & medical_deductions >= 205 & unearned_by_hh_size < 792",63,63,24,0,0,0,4,0,0,FALSE,0.380952380952381,0.380952380952381,0.253475994955997,0.253475994955997,0,0.0634920634920635
"national","1","gross_by_hh_size < 805 & shelter_expenses_by_hh_size >= 1920 & unc_rawben_rel_max < 1.62",76,76,28,35,23,35,40,0.460526315789474,0.821428571428571,TRUE,0.368421052631579,0.121951219512195,0.252505354950234,0.0459181238906226,0.460526315789474,0.526315789473684
"national","1","shelter_expenses_by_hh_size >= 1960 & unc_rawben_rel_max < 1.38 & unearned_by_hh_size < 1260",226,226,72,44,30,44,57,0.194690265486726,0.416666666666667,TRUE,0.31858407079646,0.230769230769231,0.251457278841801,0.166534496059522,0.194690265486726,0.252212389380531
"national","1","children_i >= 1 & total_deductions_by_hh_size < 621 & unearned_by_hh_size >= 570",55,55,21,1,0,1,0,0.0181818181818182,0,FALSE,0.381818181818182,0.388888888888889,0.246625597275238,0.251546557647521,0.0181818181818182,0
"national","4+","gross_by_hh_size > 201 & shelter_expenses_by_hh_size > 418 & unc_rawben_rel_max <= 0.46 & unearned_by_hh_size > 66.3",214,214,67,0,0,0,0,0,0,FALSE,0.313084112149533,0.313084112149533,0.244725268428109,0.244725268428109,0,0
"national","2-3","gross_by_hh_size >= 1820 & total_deductions_by_hh_size >= 334",168,168,54,0,0,0,11,0,0,FALSE,0.321428571428571,0.321428571428571,0.24431985780945,0.24431985780945,0,0.0654761904761905
"national","4+","HH_size_n >= 8 & HH_size_n < 10 & total_deductions_by_hh_size < 123",193,193,61,0,0,0,5,0,0,FALSE,0.316062176165803,0.316062176165803,0.244138736824894,0.244138736824894,0,0.0259067357512953
"national","2-3","gross_by_hh_size >= 875 & medical_deductions < 155 & total_deductions_by_hh_size >= 691 & utilities_sua < 2",56,56,21,0,0,0,1,0,0,FALSE,0.375,0.375,0.24189514109507,0.24189514109507,0,0.0178571428571429
"national","4+","elderly_disabled_i >= 1 & married <= 0 & shelter_expenses_by_hh_size >= 346 & unearned_by_hh_size >= 160",371,371,107,0,0,0,17,0,0,FALSE,0.288409703504043,0.288409703504043,0.237053491975392,0.237053491975392,0,0.045822102425876
"national","4+","unearned_by_hh_size >= 169 & unearned_by_hh_size < 174 & utilities_sua >= 2",74,74,26,0,0,7,8,0,0,FALSE,0.351351351351351,0.351351351351351,0.236459716281958,0.236459716281958,0.0945945945945946,0.108108108108108
"national","1","gross_by_hh_size > 850 & medical_deductions > 172 & total_deductions_by_hh_size <= 1270 & unearned_by_hh_size <= 1370",604,604,167,0,0,3,11,0,0,FALSE,0.276490066225166,0.276490066225166,0.236285507511326,0.236285507511326,0.00496688741721854,0.0182119205298013
"national","1","earned_by_hh_size > 150 & months_since_cert_n > 5.5 & rawben_rel_max > 0.274 & rawben_rel_max <= 0.817",551,551,153,0,0,2,17,0,0,FALSE,0.277676950998185,0.277676950998185,0.235623934580343,0.235623934580343,0.00362976406533575,0.0308529945553539
"national","4+","gross_by_hh_size >= 782 & HH_size_n >= 5 & total_deductions_by_hh_size >= 226",416,416,118,0,0,0,0,0,0,FALSE,0.283653846153846,0.283653846153846,0.235280399706477,0.235280399706477,0,0
"national","4+","earned_by_hh_size >= 186 & gross_by_hh_size < 243 & shelter_expenses_by_hh_size >= 354",69,69,24,33,20,33,35,0.478260869565217,0.833333333333333,TRUE,0.347826086956522,0.111111111111111,0.229987812163145,0.0374798449219511,0.478260869565217,0.507246376811594
"national","4+","earned_by_hh_size > 42.6 & earned_by_hh_size <= 55.4 & total_deductions_by_hh_size <= 124",52,52,19,0,0,17,25,0,0,FALSE,0.365384615384615,0.365384615384615,0.229703137175663,0.229703137175663,0.326923076923077,0.480769230769231
"national","1","earned_by_hh_size < 605 & shelter_expenses_by_hh_size >= 655 & total_deductions_by_hh_size >= 848 & utilities_sua < 1",404,404,112,0,0,0,29,0,0,FALSE,0.277227722772277,0.277227722772277,0.22862988662583,0.22862988662583,0,0.0717821782178218
"national","2-3","earned_by_hh_size > 32.8 & medical_deductions <= 170 & unearned_by_hh_size > 81.8 & utilities_sua <= 0.5",252,252,73,0,0,0,8,0,0,FALSE,0.28968253968254,0.28968253968254,0.228191226614837,0.228191226614837,0,0.0317460317460317
"national","4+","married <= 0 & rawben_rel_max < 0.619 & shelter_expenses_by_hh_size >= 325 & total_deductions_by_hh_size < 254",275,275,78,0,0,0,0,0,0,FALSE,0.283636363636364,0.283636363636364,0.225059487286326,0.225059487286326,0,0
"national","1","medical_deductions >= 135 & rawben_rel_max >= 0.567 & total_deductions_by_hh_size < 1110 & unearned_by_hh_size >= 925",610,610,161,3,0,9,7,0.00491803278688525,0,FALSE,0.263934426229508,0.265238879736409,0.224630706574615,0.225767545521859,0.0147540983606557,0.0114754098360656
"national","2-3","gross_by_hh_size >= 743 & rawben_rel_max >= 0.768 & unearned_by_hh_size >= 518",272,272,77,0,0,0,9,0,0,FALSE,0.283088235294118,0.283088235294118,0.224263290877202,0.224263290877202,0,0.0330882352941176
"national","2-3","earned_by_hh_size >= 370 & earned_by_hh_size < 484 & rawben_rel_max < 0.68",322,322,89,1,1,1,1,0.0031055900621118,0.0112359550561798,FALSE,0.27639751552795,0.274143302180685,0.222485350254061,0.220334581964758,0.0031055900621118,0.0031055900621118
"national","2-3","earned_by_hh_size > 97.6 & gross_by_hh_size <= 194 & unc_rawben_rel_max > 1.05 & unc_rawben_rel_max <= 1.11",90,90,29,0,0,0,53,0,0,FALSE,0.322222222222222,0.322222222222222,0.220563298894993,0.220563298894993,0,0.588888888888889
"national","4+","shelter_expenses_by_hh_size <= 241 & total_deductions_by_hh_size > 242",345,345,94,0,0,0,20,0,0,FALSE,0.272463768115942,0.272463768115942,0.220542804441458,0.220542804441458,0,0.0579710144927536
"national","4+","elderly_disabled_i <= 0 & shelter_expenses_by_hh_size >= 93 & unearned_by_hh_size >= 266 & unearned_by_hh_size < 292",120,120,37,0,0,0,0,0,0,FALSE,0.308333333333333,0.308333333333333,0.220327838673888,0.220327838673888,0,0
"national","2-3","earned_by_hh_size > 17.2 & percent_abawd > 0.167 & utilities_sua > 1.5",946,946,238,23,15,23,59,0.0243128964059197,0.0630252100840336,FALSE,0.251585623678647,0.24160346695558,0.220245781294114,0.210397788908504,0.0243128964059197,0.0623678646934461
"national","4+","elderly_disabled_i >= 1 & months_since_cert_n > 4.5 & shelter_expenses_by_hh_size > 354 & total_deductions_by_hh_size > 175",242,242,68,0,0,0,11,0,0,FALSE,0.28099173553719,0.28099173553719,0.219140316252326,0.219140316252326,0,0.0454545454545455
"national","1","homeless >= 1 & rawben_rel_max >= 0.352 & unc_rawben_rel_max < 1.02 & utilities_sua >= 2",215,215,61,1,0,6,13,0.00465116279069767,0,FALSE,0.283720930232558,0.285046728971963,0.218201955945252,0.2192603485603,0.027906976744186,0.0604651162790698
"national","4+","gross_by_hh_size >= 719 & months_since_cert_n >= 5 & total_deductions_by_hh_size >= 209",804,804,202,0,0,0,0,0,0,FALSE,0.251243781094527,0.251243781094527,0.217407192869348,0.217407192869348,0,0
"national","4+","shelter_expenses_by_hh_size >= 289 & unearned_by_hh_size >= 447 & unearned_by_hh_size < 519",180,180,52,0,0,0,0,0,0,FALSE,0.288888888888889,0.288888888888889,0.21738019262582,0.21738019262582,0,0
"national","1","gross_by_hh_size < 1340 & medical_deductions >= 175 & shelter_expenses_by_hh_size >= 423",567,567,146,0,0,2,16,0,0,FALSE,0.257495590828924,0.257495590828924,0.217215999410265,0.217215999410265,0.00352733686067019,0.0282186948853616
"national","1","children_i >= 1 & homeless <= 0 & married <= 0 & unearned_by_hh_size > 884",55,55,19,3,1,3,2,0.0545454545454545,0.0526315789473684,FALSE,0.345454545454545,0.346153846153846,0.216319108447406,0.213889057387511,0.0545454545454545,0.0363636363636364
"national","2-3","earned_by_hh_size >= 1080 & unc_rawben_rel_max >= 0.461",193,193,55,0,0,0,1,0,0,FALSE,0.284974093264249,0.284974093264249,0.216066883378669,0.216066883378669,0,0.00518134715025907
"national","4+","rawben_rel_max < 0.737 & shelter_expenses_by_hh_size >= 210 & total_deductions_by_hh_size >= 217 & unc_rawben_rel_max >= 0.717",130,130,39,0,0,0,1,0,0,FALSE,0.3,0.3,0.216043450210826,0.216043450210826,0,0.00769230769230769
"national","1","elderly_disabled_i >= 1 & married >= 1 & total_deductions_by_hh_size > 1040",31,31,12,0,0,0,3,0,0,FALSE,0.387096774193548,0.387096774193548,0.215365120290443,0.215365120290443,0,0.0967741935483871
"national","2-3","earned_by_hh_size < 804 & shelter_expenses_by_hh_size < 570 & total_deductions_by_hh_size >= 600",162,162,47,0,0,0,15,0,0,FALSE,0.290123456790123,0.290123456790123,0.215041329824071,0.215041329824071,0,0.0925925925925926
"national","2-3","expedited_i >= 1 & shelter_expenses_by_hh_size <= 385 & unc_rawben_rel_max <= 0.894 & utilities_sua > 0.5",202,202,57,0,0,0,0,0,0,FALSE,0.282178217821782,0.282178217821782,0.214950026296709,0.214950026296709,0,0
"national","4+","gross_by_hh_size >= 96.8 & gross_by_hh_size < 122 & HH_size_n >= 6 & total_deductions_by_hh_size < 239",81,81,26,0,0,5,22,0,0,FALSE,0.320987654320988,0.320987654320988,0.214841356402004,0.214841356402004,0.0617283950617284,0.271604938271605
"national","4+","earned_by_hh_size >= 573 & gross_by_hh_size < 600 & months_since_cert_n >= 4 & months_since_cert_n < 9",100,100,31,0,0,0,0,0,0,FALSE,0.31,0.31,0.214520234669145,0.214520234669145,0,0
"national","4+","earned_by_hh_size >= 474 & earned_by_hh_size < 621 & shelter_expenses_by_hh_size >= 610",52,52,18,0,0,0,1,0,0,FALSE,0.346153846153846,0.346153846153846,0.213889057387511,0.213889057387511,0,0.0192307692307692
"national","4+","total_deductions_by_hh_size < 128 & unearned_by_hh_size >= 285 & unearned_by_hh_size < 314",113,113,34,0,0,0,0,0,0,FALSE,0.300884955752212,0.300884955752212,0.211524579529608,0.211524579529608,0,0
"national","4+","months_since_cert_n > 3.5 & rawben_rel_max <= 0.961 & unc_rawben_rel_max <= 0.618 & utilities_sua <= 0.5",189,189,53,0,0,0,0,0,0,FALSE,0.28042328042328,0.28042328042328,0.211348294438089,0.211348294438089,0,0
"national","2-3","earned_by_hh_size >= 116 & total_deductions_by_hh_size >= 179 & total_deductions_by_hh_size < 182",49,49,17,1,1,1,0,0.0204081632653061,0.0588235294117647,FALSE,0.346938775510204,0.333333333333333,0.211291533175782,0.199234736298304,0.0204081632653061,0
"national","2-3","HH_size_n > 2.5 & months_since_cert_n > 3.5 & unc_rawben_rel_max <= 0.994 & unearned_by_hh_size <= 52.2",1679,1679,393,0,0,0,0,0,0,FALSE,0.23406789755807,0.23406789755807,0.210910149191343,0.210910149191343,0,0
"national","4+","gross_by_hh_size <= 735 & rawben_rel_max > 0.964 & rawben_rel_max <= 0.976 & shelter_expenses_by_hh_size > 313",42,42,15,0,0,0,0,0,0,FALSE,0.357142857142857,0.357142857142857,0.210761750524051,0.210761750524051,0,0
"national","4+","HH_size_n >= 8 & months_since_cert_n < 7 & rawben_rel_max < 0.398",57,57,19,0,0,0,0,0,0,FALSE,0.333333333333333,0.333333333333333,0.208235997033016,0.208235997033016,0,0
"national","1","percent_abawd > 0.5 & shelter_expenses_by_hh_size > 899 & total_deductions_by_hh_size > 1090 & unc_rawben_rel_max > 1.34",72,72,36,47,25,47,58,0.652777777777778,0.694444444444444,TRUE,0.5,0.44,0.367815538300385,0.241030013806006,0.652777777777778,0.805555555555556
"national","4+","earned_by_hh_size >= 275 & earned_by_hh_size < 426 & months_since_cert_n >= 11",108,108,46,0,0,0,3,0,0,FALSE,0.425925925925926,0.425925925925926,0.321399185647792,0.321399185647792,0,0.0277777777777778
"national","2-3","bbce_state_i >= 1 & HH_size_n >= 3 & total_deductions_by_hh_size >= 563 & unearned_by_hh_size >= 565",31,31,15,0,0,0,1,0,0,FALSE,0.483870967741935,0.483870967741935,0.293614841996523,0.293614841996523,0,0.032258064516129
"national","4+","gross_by_hh_size > 144 & HH_size_n <= 4.5 & unc_rawben_rel_max > 1.08 & unearned_by_hh_size <= 152",171,171,64,57,34,57,92,0.333333333333333,0.53125,TRUE,0.374269005847953,0.263157894736842,0.293288540313366,0.179545315020421,0.333333333333333,0.538011695906433
"national","2-3","children_i >= 1 & HH_size_n >= 3 & rawben_rel_max >= 0.621 & total_deductions_by_hh_size >= 691",89,89,36,0,0,0,10,0,0,FALSE,0.404494382022472,0.404494382022472,0.292350466610796,0.292350466610796,0,0.112359550561798
"national","2-3","gross_by_hh_size > 1820 & total_deductions_by_hh_size > 463 & unc_rawben_rel_max <= 0.192 & unearned_by_hh_size > 222",50,50,22,0,0,0,3,0,0,FALSE,0.44,0.44,0.29063956895756,0.29063956895756,0,0.06
"national","2-3","medical_deductions < 161 & shelter_expenses_by_hh_size >= 1020 & unearned_by_hh_size >= 1330",50,50,22,0,0,0,1,0,0,FALSE,0.44,0.44,0.29063956895756,0.29063956895756,0,0.02
"national","4+","months_since_cert_n >= 3 & months_since_cert_n < 9 & shelter_expenses_by_hh_size < 502 & total_deductions_by_hh_size >= 436",123,123,47,0,0,0,1,0,0,FALSE,0.382113821138211,0.382113821138211,0.287219142543186,0.287219142543186,0,0.00813008130081301
"national","4+","expedited_i <= 0 & months_since_cert_n > 10.5 & unc_rawben_rel_max <= 0.917 & unearned_by_hh_size <= 104",340,340,115,0,0,0,2,0,0,FALSE,0.338235294117647,0.338235294117647,0.281503750895369,0.281503750895369,0,0.00588235294117647
"national","2-3","medical_deductions < 194 & shelter_expenses_by_hh_size >= 1010 & unearned_by_hh_size >= 1270",72,72,29,0,0,0,1,0,0,FALSE,0.402777777777778,0.402777777777778,0.279733278167672,0.279733278167672,0,0.0138888888888889
"national","4+","married >= 1 & months_since_cert_n > 5.5 & percent_abawd > 0.191",110,110,41,1,0,1,2,0.00909090909090909,0,FALSE,0.372727272727273,0.376146788990826,0.2738323094858,0.276500002400228,0.00909090909090909,0.0181818181818182
"national","2-3","gross_by_hh_size >= 492 & months_since_cert_n >= 3 & months_since_cert_n < 6 & unc_rawben_rel_max >= 1.2",54,54,22,0,0,0,29,0,0,FALSE,0.407407407407407,0.407407407407407,0.267323698089226,0.267323698089226,0,0.537037037037037
"national","4+","bbce_state_i >= 1 & married >= 1 & months_since_cert_n > 12.5",118,118,41,0,0,1,6,0,0,FALSE,0.347457627118644,0.347457627118644,0.254222352448617,0.254222352448617,0.00847457627118644,0.0508474576271186
"national","4+","earned_by_hh_size >= 627 & months_since_cert_n >= 7 & total_deductions_by_hh_size >= 390 & unc_rawben_rel_max >= 0.171",127,127,43,0,0,0,0,0,0,FALSE,0.338582677165354,0.338582677165354,0.249293574419253,0.249293574419253,0,0
"national","1","months_since_cert_n < 7 & rawben_rel_max >= 1 & unearned_by_hh_size >= 1430",125,125,42,0,0,0,20,0,0,FALSE,0.336,0.336,0.246356336168653,0.246356336168653,0,0.16
"national","4+","gross_by_hh_size >= 150 & HH_size_n >= 6 & rawben_rel_max >= 0.76 & total_deductions_by_hh_size < 143",296,296,90,0,0,0,2,0,0,FALSE,0.304054054054054,0.304054054054054,0.245840741001207,0.245840741001207,0,0.00675675675675676
"national","2-3","gross_by_hh_size >= 594 & unc_rawben_rel_max >= 1.23",78,78,28,0,0,0,36,0,0,FALSE,0.358974358974359,0.358974358974359,0.245608451300383,0.245608451300383,0,0.461538461538462
"national","2-3","medical_deductions > 173 & medical_deductions <= 334 & unc_rawben_rel_max <= 1 & unearned_by_hh_size <= 1040",221,221,68,0,0,0,0,0,0,FALSE,0.307692307692308,0.307692307692308,0.240793846885961,0.240793846885961,0,0
"national","1","medical_deductions >= 226 & months_since_cert_n >= 11 & unearned_by_hh_size < 1240",60,60,22,0,0,0,3,0,0,FALSE,0.366666666666667,0.366666666666667,0.238664819314666,0.238664819314666,0,0.05
"national","1","rawben_rel_max >= 1 & unc_rawben_rel_max < 1.02 & unearned_by_hh_size >= 207 & unearned_by_hh_size < 966",891,891,381,143,46,165,563,0.160493827160494,0.120734908136483,FALSE,0.427609427609428,0.447860962566845,0.389608920402529,0.406094174007499,0.185185185185185,0.631874298540965
"national","1","rawben_rel_max > 0.983 & shelter_expenses_by_hh_size > 1670 & total_deductions_by_hh_size > 209 & unc_rawben_rel_max <= 1.03",215,215,92,20,15,20,63,0.0930232558139535,0.16304347826087,FALSE,0.427906976744186,0.394871794871795,0.352138539035823,0.317343819896617,0.0930232558139535,0.293023255813953
"national","4+","HH_size_n >= 5 & months_since_cert_n >= 2 & total_deductions_by_hh_size >= 333",302,302,115,0,0,0,9,0,0,FALSE,0.380794701986755,0.380794701986755,0.318439606215526,0.318439606215526,0,0.0298013245033113
"national","4+","earned_by_hh_size >= 24.9 & months_since_cert_n >= 15 & total_deductions_by_hh_size < 215 & unearned_by_hh_size < 453",69,69,30,0,0,1,6,0,0,FALSE,0.434782608695652,0.434782608695652,0.305769433207686,0.305769433207686,0.0144927536231884,0.0869565217391304
"national","4+","earned_by_hh_size >= 45 & months_since_cert_n >= 9 & percent_abawd < 0.3 & rawben_rel_max >= 0.511",920,920,304,11,4,16,52,0.0119565217391304,0.0131578947368421,FALSE,0.330434782608696,0.33003300330033,0.295447311244533,0.294854996303398,0.0173913043478261,0.0565217391304348
"national","1","rawben_rel_max >= 0.979 & shelter_expenses_by_hh_size < 1010 & unc_rawben_rel_max < 1.03 & unearned_by_hh_size >= 277",649,649,306,1,0,13,323,0.00154083204930663,0,FALSE,0.471494607087827,0.472222222222222,0.426340962258692,0.427024491652719,0.0200308166409861,0.49768875192604
"national","1","shelter_expenses_by_hh_size >= 2590 & unc_rawben_rel_max < 1.36",104,104,47,9,8,9,18,0.0865384615384615,0.170212765957447,FALSE,0.451923076923077,0.410526315789474,0.343603963167667,0.301056828962758,0.0865384615384615,0.173076923076923
"national","4+","children_i >= 1 & count_divisible_by_100 > 1.5 & months_since_cert_n > 5.5 & unc_rawben_rel_max > 0.685",35,35,17,1,0,1,6,0.0285714285714286,0,FALSE,0.485714285714286,0.5,0.30474101047182,0.314742850860419,0.0285714285714286,0.171428571428571
"national","4+","earned_by_hh_size >= 11.6 & rawben_rel_max >= 0.53 & unc_rawben_rel_max < 1.09 & unearned_by_hh_size >= 149",705,705,237,0,0,0,10,0,0,FALSE,0.336170212765957,0.336170212765957,0.296173787264231,0.296173787264231,0,0.0141843971631206
"national","4+","months_since_cert_n >= 3 & total_deductions_by_hh_size >= 460",201,201,71,0,0,0,11,0,0,FALSE,0.353233830845771,0.353233830845771,0.279601612698422,0.279601612698422,0,0.054726368159204
"national","1","count_divisible_by_100 <= 1.5 & percent_abawd > 0.5 & shelter_expenses_by_hh_size > 1770 & unearned_by_hh_size > 262",41,41,18,6,6,6,12,0.146341463414634,0.333333333333333,TRUE,0.439024390243902,0.342857142857143,0.276542413497277,0.188946172386571,0.146341463414634,0.292682926829268
"national","4+","gross_by_hh_size > 143 & homeless <= 0 & shelter_expenses_by_hh_size <= 324 & total_deductions_by_hh_size > 317",249,249,83,0,0,0,12,0,0,FALSE,0.333333333333333,0.333333333333333,0.268042138855587,0.268042138855587,0,0.0481927710843374
"national","2-3","gross_by_hh_size >= 526 & shelter_expenses_by_hh_size < 1420 & unc_rawben_rel_max >= 1.22",106,106,39,0,0,0,51,0,0,FALSE,0.367924528301887,0.367924528301887,0.267874908777177,0.267874908777177,0,0.481132075471698
"national","2-3","expedited_i <= 0 & HH_size_n > 2.5 & rawben_rel_max > 0.999 & unc_rawben_rel_max <= 1",91,91,34,0,0,0,0,0,0,FALSE,0.373626373626374,0.373626373626374,0.265899175268893,0.265899175268893,0,0
"national","4+","HH_size_n >= 8 & rawben_rel_max >= 0.679 & unc_rawben_rel_max < 0.935",176,176,60,0,0,0,1,0,0,FALSE,0.340909090909091,0.340909090909091,0.263656533697725,0.263656533697725,0,0.00568181818181818
"national","4+","gross_by_hh_size >= 101 & shelter_expenses_by_hh_size < 82.4 & total_deductions_by_hh_size >= 54.8 & utilities_sua >= 2",287,287,93,0,0,0,3,0,0,FALSE,0.32404181184669,0.32404181184669,0.263553202519204,0.263553202519204,0,0.0104529616724739
"national","4+","earned_by_hh_size > 99.4 & expedited_i <= 0 & shelter_expenses_by_hh_size > 489 & unc_rawben_rel_max > 1",58,58,23,14,10,14,26,0.241379310344828,0.434782608695652,TRUE,0.396551724137931,0.295454545454545,0.26221642390965,0.165225810025393,0.241379310344828,0.448275862068966
"national","2-3","earned_by_hh_size > 119 & gross_by_hh_size > 2150 & months_since_cert_n > 5.5",41,41,17,0,0,0,4,0,0,FALSE,0.414634146341463,0.414634146341463,0.256082692954176,0.256082692954176,0,0.0975609756097561
"national","4+","elderly_disabled_i <= 0 & rawben_rel_max >= 0.257 & total_deductions_by_hh_size >= 401",470,470,142,0,0,0,8,0,0,FALSE,0.302127659574468,0.302127659574468,0.255343261726294,0.255343261726294,0,0.0170212765957447
"national","2-3","months_since_cert_n >= 9 & shelter_expenses_by_hh_size >= 1100",149,149,50,4,1,4,12,0.0268456375838926,0.02,FALSE,0.335570469798658,0.337931034482759,0.252757323705775,0.253862335483374,0.0268456375838926,0.0805369127516778
"national","2-3","earned_by_hh_size >= 1860 & gross_by_hh_size >= 1820 & rawben_rel_max < 0.0436",57,57,22,0,0,0,3,0,0,FALSE,0.385964912280702,0.385964912280702,0.252175021447798,0.252175021447798,0,0.0526315789473684
"national","2-3","earned_by_hh_size > 108 & expedited_i >= 1 & married <= 0 & unearned_by_hh_size > 44.8",154,154,51,0,0,0,16,0,0,FALSE,0.331168831168831,0.331168831168831,0.25000662861216,0.25000662861216,0,0.103896103896104
"national","1","elderly_disabled_i >= 1 & rawben_rel_max >= 0.936 & unc_rawben_rel_max < 1.02",3058,3058,812,44,14,120,524,0.0143884892086331,0.0172413793103448,FALSE,0.265533028122956,0.264764432647644,0.247383587109839,0.246504841612816,0.039241334205363,0.171353826030085
"national","2-3","HH_size_n <= 2.5 & percent_abawd > 0.167 & shelter_expenses_by_hh_size > 908 & utilities_sua > 0.5",125,125,42,7,6,7,11,0.056,0.142857142857143,FALSE,0.336,0.305084745762712,0.246356336168653,0.216844463779149,0.056,0.088
"national","4+","bbce_state_i >= 1 & elderly_disabled_i >= 1 & months_since_cert_n <= 4.5 & shelter_expenses_by_hh_size > 292",473,473,138,0,0,0,17,0,0,FALSE,0.291754756871036,0.291754756871036,0.245712039580681,0.245712039580681,0,0.0359408033826638
"national","4+","earned_by_hh_size >= 461 & gross_by_hh_size < 704 & months_since_cert_n >= 7 & unearned_by_hh_size < 33.8",540,540,154,0,0,0,1,0,0,FALSE,0.285185185185185,0.285185185185185,0.242297122682689,0.242297122682689,0,0.00185185185185185
"national","1","shelter_expenses_by_hh_size >= 866 & unc_rawben_rel_max < 1.01 & utilities_sua < 1",525,525,147,0,0,3,3,0,0,FALSE,0.28,0.28,0.236841500848434,0.236841500848434,0.00571428571428571,0.00571428571428571
"national","2-3","earned_by_hh_size >= 1000 & gross_by_hh_size >= 1370 & months_since_cert_n >= 10",74,74,26,0,0,0,5,0,0,FALSE,0.351351351351351,0.351351351351351,0.236459716281958,0.236459716281958,0,0.0675675675675676
"national","4+","elderly_disabled_i <= 0 & rawben_rel_max <= 0.948 & utilities_sua > 0.5 & utilities_sua <= 1.5",763,763,207,0,0,0,2,0,0,FALSE,0.27129750982962,0.27129750982962,0.235564250831895,0.235564250831895,0,0.00262123197903014
"national","2-3","expedited_i <= 0 & married <= 0 & medical_deductions > 172 & total_deductions_by_hh_size > 600",37,37,20,0,0,0,3,0,0,FALSE,0.540540540540541,0.540540540540541,0.357296991528079,0.357296991528079,0,0.0810810810810811
"national","4+","earned_by_hh_size > 79.2 & HH_size_n > 4.5 & months_since_cert_n > 7.5 & rawben_rel_max > 0.585",514,514,185,4,2,5,24,0.00778210116731518,0.0108108108108108,FALSE,0.359922178988327,0.358823529411765,0.312373175217186,0.311140038310097,0.00972762645914397,0.0466926070038911
"national","2-3","children_i <= 0 & gross_by_hh_size > 2000 & rawben_rel_max <= 0.155",73,73,31,0,0,0,2,0,0,FALSE,0.424657534246575,0.424657534246575,0.299912895608557,0.299912895608557,0,0.0273972602739726
"national","4+","earned_by_hh_size > 10.8 & gross_by_hh_size <= 511 & months_since_cert_n > 3.5 & unearned_by_hh_size > 59.3",577,577,198,0,0,0,34,0,0,FALSE,0.34315424610052,0.34315424610052,0.298829588174398,0.298829588174398,0,0.0589254766031196
"national","4+","HH_size_n > 4.5 & months_since_cert_n > 5.5 & months_since_cert_n <= 31.5 & total_deductions_by_hh_size > 310",186,186,69,0,0,0,5,0,0,FALSE,0.370967741935484,0.370967741935484,0.293318897128654,0.293318897128654,0,0.0268817204301075
"national","1","rawben_rel_max >= 1 & shelter_expenses_by_hh_size >= 1010 & unc_rawben_rel_max < 1.02 & unearned_by_hh_size >= 207",1160,1160,351,39,23,72,257,0.0336206896551724,0.0655270655270655,FALSE,0.302586206896552,0.292595896520963,0.27218956611848,0.262045961117372,0.0620689655172414,0.221551724137931
"national","4+","elderly_disabled_i <= 0 & months_since_cert_n > 5.5 & shelter_expenses_by_hh_size > 164 & unc_rawben_rel_max <= 1.1",2202,2202,635,29,15,36,82,0.0131698455949137,0.0236220472440945,FALSE,0.288374205267938,0.285319834330419,0.266459840682578,0.263342592811362,0.0163487738419619,0.0372388737511353
"national","4+","bbce_state_i >= 1 & HH_size_n > 5.5 & months_since_cert_n <= 11.5 & total_deductions_by_hh_size > 206",797,797,240,0,0,0,12,0,0,FALSE,0.301129234629862,0.301129234629862,0.264777071537589,0.264777071537589,0,0.0150564617314931
"national","4+","percent_abawd >= 0.273 & rawben_rel_max >= 0.661 & rawben_rel_max < 0.882",67,67,26,0,0,0,1,0,0,FALSE,0.388059701492537,0.388059701492537,0.262958398527903,0.262958398527903,0,0.0149253731343284
"national","2-3","earned_by_hh_size >= 1520 & married >= 1 & rawben_rel_max < 0.193 & total_deductions_by_hh_size >= 292",55,55,22,0,0,0,4,0,0,FALSE,0.4,0.4,0.262073837318128,0.262073837318128,0,0.0727272727272727
"national","4+","percent_abawd > 0.134 & rawben_rel_max <= 0.976 & shelter_expenses_by_hh_size > 330",217,217,71,0,0,0,2,0,0,FALSE,0.327188940092166,0.327188940092166,0.258094439737967,0.258094439737967,0,0.00921658986175115
"national","1","medical_deductions >= 301 & rawben_rel_max >= 0.23 & shelter_expenses_by_hh_size < 735",125,125,43,0,0,1,2,0,0,FALSE,0.344,0.344,0.253498133553373,0.253498133553373,0.008,0.016
"national","4+","rawben_rel_max < 0.985 & shelter_expenses_by_hh_size < 336 & total_deductions_by_hh_size >= 296",387,387,118,0,0,0,1,0,0,FALSE,0.304909560723514,0.304909560723514,0.253476227950816,0.253476227950816,0,0.00258397932816537
"national","4+","elderly_disabled_i >= 1 & gross_by_hh_size > 155 & percent_abawd > 0.225 & unc_rawben_rel_max <= 1",80,80,29,0,0,0,0,0,0,FALSE,0.3625,0.3625,0.249906979081513,0.249906979081513,0,0
"national","4+","earned_by_hh_size > 42.6 & elderly_disabled_i <= 0 & months_since_cert_n <= 4.5 & unearned_by_hh_size > 2.21",1461,1461,401,0,0,0,36,0,0,FALSE,0.274469541409993,0.274469541409993,0.248183395161178,0.248183395161178,0,0.0246406570841889
"national","2-3","gross_by_hh_size >= 250 & gross_by_hh_size < 271 & HH_size_n >= 3",335,335,101,76,54,76,101,0.226865671641791,0.534653465346535,TRUE,0.301492537313433,0.181467181467181,0.246707694497181,0.132470999808716,0.226865671641791,0.301492537313433
"national","2-3","earned_by_hh_size > 32.8 & earned_by_hh_size <= 122 & rawben_rel_max <= 0.975",209,209,65,0,0,0,0,0,0,FALSE,0.311004784688995,0.311004784688995,0.242086902944814,0.242086902944814,0,0
"national","4+","shelter_expenses_by_hh_size < 340 & total_deductions_by_hh_size >= 299 & total_deductions_by_hh_size < 416",370,370,108,0,0,0,12,0,0,FALSE,0.291891891891892,0.291891891891892,0.240230749801131,0.240230749801131,0,0.0324324324324324
"national","4+","gross_by_hh_size > 296 & shelter_expenses_by_hh_size <= 241 & total_deductions_by_hh_size > 242",230,230,70,0,0,0,1,0,0,FALSE,0.304347826086957,0.304347826086957,0.238944136397742,0.238944136397742,0,0.00434782608695652
"national","4+","rawben_rel_max >= 0.595 & rawben_rel_max < 0.619",381,381,110,0,0,0,0,0,0,FALSE,0.288713910761155,0.288713910761155,0.237968864812999,0.237968864812999,0,0
"national","4+","gross_by_hh_size >= 727 & rawben_rel_max >= 0.353 & unc_rawben_rel_max >= 0.256",892,892,241,0,0,0,0,0,0,FALSE,0.270179372197309,0.270179372197309,0.23705857976,0.23705857976,0,0
"national","4+","bbce_state_i >= 1 & children_i <= 0 & married >= 1 & total_deductions_by_hh_size > 131",48,48,18,0,0,0,7,0,0,FALSE,0.375,0.375,0.233060308380399,0.233060308380399,0,0.145833333333333
"national","4+","earned_by_hh_size < 761 & gross_by_hh_size >= 704 & gross_by_hh_size < 715",176,176,54,0,0,0,0,0,0,FALSE,0.306818181818182,0.306818181818182,0.232729273151773,0.232729273151773,0,0
"national","4+","earned_by_hh_size < 658 & months_since_cert_n >= 8 & percent_abawd >= 0.167 & rawben_rel_max >= 0.607",127,127,40,1,0,1,4,0.0078740157480315,0,FALSE,0.31496062992126,0.317460317460317,0.228324074191252,0.230226731692247,0.0078740157480315,0.031496062992126
"national","2-3","earned_by_hh_size > 0.25 & earned_by_hh_size <= 40.2 & elderly_disabled_i >= 1 & total_deductions_by_hh_size > 271",46,46,17,0,0,0,5,0,0,FALSE,0.369565217391304,0.369565217391304,0.226106237234297,0.226106237234297,0,0.108695652173913
"national","1","gross_by_hh_size >= 1010 & shelter_expenses_by_hh_size >= 1160 & total_deductions_by_hh_size >= 883 & utilities_sua < 2",455,455,121,0,0,1,15,0,0,FALSE,0.265934065934066,0.265934065934066,0.220710488582672,0.220710488582672,0.0021978021978022,0.032967032967033
"national","2-3","months_since_cert_n < 14 & total_deductions_by_hh_size >= 490 & unearned_by_hh_size >= 452",1380,1380,340,0,0,0,44,0,0,FALSE,0.246376811594203,0.246376811594203,0.220421452773632,0.220421452773632,0,0.0318840579710145
"national","2-3","bbce_state_i >= 1 & earned_by_hh_size > 108 & total_deductions_by_hh_size <= 124 & utilities_sua <= 0.5",37,37,14,0,0,0,0,0,0,FALSE,0.378378378378378,0.378378378378378,0.219979250770409,0.219979250770409,0,0
"national","4+","months_since_cert_n < 18 & total_deductions_by_hh_size >= 221 & unearned_by_hh_size >= 233",793,793,201,0,0,0,12,0,0,FALSE,0.253467843631778,0.253467843631778,0.219291285981276,0.219291285981276,0,0.0151324085750315
"national","4+","months_since_cert_n >= 7 & months_since_cert_n < 22 & rawben_rel_max >= 0.917 & unc_rawben_rel_max < 1",327,327,89,0,0,0,3,0,0,FALSE,0.27217125382263,0.27217125382263,0.218976743708966,0.218976743708966,0,0.00917431192660551
"national","2-3","HH_size_n > 2.5 & months_since_cert_n <= 7.5 & percent_abawd <= 0.167 & unearned_by_hh_size > 899",58,58,20,0,0,0,0,0,0,FALSE,0.344827586206897,0.344827586206897,0.218599225608403,0.218599225608403,0,0
"national","1","gross_by_hh_size < 1810 & shelter_expenses_by_hh_size < 925 & total_deductions_by_hh_size >= 1130",110,110,34,0,0,0,9,0,0,FALSE,0.309090909090909,0.309090909090909,0.21758549611361,0.21758549611361,0,0.0818181818181818
"national","1","earned_by_hh_size <= 365 & elderly_disabled_i <= 0 & rawben_rel_max <= 0.804 & unc_rawben_rel_max > 0.0636",484,484,126,0,0,2,0,0,0,FALSE,0.260330578512397,0.260330578512397,0.216766480598156,0.216766480598156,0.00413223140495868,0
"national","2-3","rawben_rel_max >= 0.29 & unc_rawben_rel_max < 0.293",55,55,19,0,0,0,0,0,0,FALSE,0.345454545454545,0.345454545454545,0.216319108447406,0.216319108447406,0,0
"national","2-3","months_since_cert_n <= 0.5 & total_deductions_by_hh_size > 115 & utilities_sua <= 0.5",221,221,62,8,2,8,16,0.0361990950226244,0.032258064516129,FALSE,0.280542986425339,0.28169014084507,0.216140750596654,0.216094684817396,0.0361990950226244,0.0723981900452489
"national","2-3","gross_by_hh_size < 1370 & medical_deductions >= 359 & months_since_cert_n < 31 & percent_abawd < 1",111,111,34,0,0,0,0,0,0,FALSE,0.306306306306306,0.306306306306306,0.215526781768197,0.215526781768197,0,0
"national","1","earned_by_hh_size >= 704 & rawben_rel_max < 0.808 & unc_rawben_rel_max >= 0.432",1056,1056,254,0,0,5,16,0,0,FALSE,0.240530303030303,0.240530303030303,0.211309601153071,0.211309601153071,0.00473484848484848,0.0151515151515152
"national","2-3","children_i <= 0 & expedited_i >= 1 & total_deductions_by_hh_size > 147 & utilities_sua <= 1.5",46,46,16,0,0,0,4,0,0,FALSE,0.347826086956522,0.347826086956522,0.208505961484744,0.208505961484744,0,0.0869565217391304
"national","1","elderly_disabled_i >= 1 & percent_abawd > 0.5 & rawben_rel_max > 0.592",95,95,29,1,0,3,13,0.0105263157894737,0,FALSE,0.305263157894737,0.308510638297872,0.208344566105374,0.210678247297493,0.0315789473684211,0.136842105263158
"national","2-3","count_divisible_by_100 > 0.5 & married >= 1 & months_since_cert_n > 5.5 & rawben_rel_max <= 0.997",107,107,32,0,0,0,0,0,0,FALSE,0.299065420560748,0.299065420560748,0.207826807380739,0.207826807380739,0,0
"national","2-3","children_i <= 0 & gross_by_hh_size > 215 & unc_rawben_rel_max <= -0.518",139,139,40,0,0,0,2,0,0,FALSE,0.287769784172662,0.287769784172662,0.207732804828273,0.207732804828273,0,0.0143884892086331
"national","2-3","rawben_rel_max < 0.321 & total_deductions_by_hh_size >= 318 & total_deductions_by_hh_size < 332 & unearned_by_hh_size < 3.5",61,61,20,0,0,0,0,0,0,FALSE,0.327868852459016,0.327868852459016,0.207171115531732,0.207171115531732,0,0
"national","1","bbce_state_i >= 1 & gross_by_hh_size > 1460 & rawben_rel_max > 0.312 & unc_rawben_rel_max <= 1.08",2426,2426,548,0,0,1,46,0,0,FALSE,0.225886232481451,0.225886232481451,0.206761258456345,0.206761258456345,0.000412201154163232,0.0189612530915087
"national","1","earned_by_hh_size <= 2190 & medical_deductions > 198 & total_deductions_by_hh_size > 969 & unc_rawben_rel_max <= 1.03",762,762,183,0,0,1,12,0,0,FALSE,0.240157480314961,0.240157480314961,0.206074746699455,0.206074746699455,0.00131233595800525,0.015748031496063
"national","2-3","count_divisible_by_100 > 0.5 & earned_by_hh_size > 6.75 & shelter_expenses_by_hh_size <= 265 & unc_rawben_rel_max <= 0.974",215,215,58,0,0,0,1,0,0,FALSE,0.269767441860465,0.269767441860465,0.205652038014598,0.205652038014598,0,0.00465116279069767
"national","4+","gross_by_hh_size < 913 & unearned_by_hh_size >= 324 & unearned_by_hh_size < 342",157,157,44,0,0,0,1,0,0,FALSE,0.280254777070064,0.280254777070064,0.205276184884538,0.205276184884538,0,0.00636942675159236
"national","1","elderly_disabled_i <= 0 & months_since_cert_n >= 5 & unc_rawben_rel_max < 1.02 & unearned_by_hh_size >= 904",241,241,64,6,6,8,8,0.024896265560166,0.09375,FALSE,0.265560165975104,0.246808510638298,0.205065992226237,0.187576529573252,0.033195020746888,0.033195020746888
"national","4+","count_divisible_by_100 <= 0.5 & married <= 0 & months_since_cert_n <= 5.5 & unearned_by_hh_size > 160",2009,2009,454,5,2,12,36,0.00248880039820806,0.00440528634361234,FALSE,0.225983076157292,0.225548902195609,0.205032043961563,0.204588603125682,0.00597312095569935,0.0179193628670981
"national","2-3","expedited_i >= 1 & months_since_cert_n <= 5.5 & rawben_rel_max <= 0.981 & shelter_expenses_by_hh_size > 277",375,375,95,0,0,0,4,0,0,FALSE,0.253333333333333,0.253333333333333,0.204855734039473,0.204855734039473,0,0.0106666666666667
"national","4+","months_since_cert_n <= 5.5 & shelter_expenses_by_hh_size > 195 & utilities_sua <= 1.5",495,495,121,5,4,5,14,0.0101010101010101,0.0330578512396694,FALSE,0.244444444444444,0.238775510204082,0.202436255333498,0.196983894833808,0.0101010101010101,0.0282828282828283
"national","2-3","bbce_state_i >= 1 & elderly_disabled_i <= 0 & gross_by_hh_size <= 362 & unearned_by_hh_size > 344",122,122,35,24,14,24,28,0.19672131147541,0.4,TRUE,0.286885245901639,0.214285714285714,0.202291084529047,0.134196072515416,0.19672131147541,0.229508196721311
"national","2-3","rawben_rel_max >= 0.205 & rawben_rel_max < 0.281 & shelter_expenses_by_hh_size >= 390",519,519,126,0,0,0,1,0,0,FALSE,0.242774566473988,0.242774566473988,0.201797535094068,0.201797535094068,0,0.00192678227360308
"national","2-3","earned_by_hh_size >= 715 & earned_by_hh_size < 1240 & gross_by_hh_size < 736",169,169,46,0,0,0,3,0,0,FALSE,0.272189349112426,0.272189349112426,0.200546840895082,0.200546840895082,0,0.0177514792899408
"national","4+","gross_by_hh_size >= 661 & gross_by_hh_size < 672 & HH_size_n < 11 & total_deductions_by_hh_size < 460",169,169,46,0,0,0,0,0,0,FALSE,0.272189349112426,0.272189349112426,0.200546840895082,0.200546840895082,0,0
"national","4+","earned_by_hh_size >= 709 & earned_by_hh_size < 732 & gross_by_hh_size < 1090 & total_deductions_by_hh_size >= 199",182,182,49,0,0,0,0,0,0,FALSE,0.269230769230769,0.269230769230769,0.200234613272594,0.200234613272594,0,0
"national","2-3","earned_by_hh_size <= 10.2 & gross_by_hh_size > 1070 & rawben_rel_max <= 0.971 & unc_rawben_rel_max > -0.0381",552,552,132,0,0,0,0,0,0,FALSE,0.239130434782609,0.239130434782609,0.199562502568825,0.199562502568825,0,0
"national","1","elderly_disabled_i <= 0 & total_deductions_by_hh_size > 754 & unc_rawben_rel_max <= 1.04 & utilities_sua <= 0.5",145,145,40,0,0,0,9,0,0,FALSE,0.275862068965517,0.275862068965517,0.198774643209166,0.198774643209166,0,0.0620689655172414
"national","1","gross_by_hh_size >= 869 & rawben_rel_max >= 0.452 & shelter_expenses_by_hh_size < 529 & unearned_by_hh_size < 1030",328,328,82,3,0,14,7,0.00914634146341463,0,FALSE,0.25,0.252307692307692,0.198748223998363,0.200636860747544,0.0426829268292683,0.0213414634146341
"national","1","medical_deductions >= 165 & rawben_rel_max >= 1 & unc_rawben_rel_max < 1.02",136,136,81,0,0,1,15,0,0,FALSE,0.595588235294118,0.595588235294118,0.495865218022219,0.495865218022219,0.00735294117647059,0.110294117647059
"national","2-3","gross_by_hh_size > 1960 & shelter_expenses_by_hh_size > 726 & unc_rawben_rel_max <= 1",72,72,31,0,0,0,6,0,0,FALSE,0.430555555555556,0.430555555555556,0.30441581917663,0.30441581917663,0,0.0833333333333333
"national","2-3","elderly_disabled_i >= 1 & gross_by_hh_size > 2170",46,46,21,0,0,0,2,0,0,FALSE,0.456521739130435,0.456521739130435,0.299445449948421,0.299445449948421,0,0.0434782608695652
"national","2-3","HH_size_n <= 2.5 & medical_deductions > 494 & shelter_expenses_by_hh_size > 664",36,36,17,0,0,0,1,0,0,FALSE,0.472222222222222,0.472222222222222,0.29536594298974,0.29536594298974,0,0.0277777777777778
"national","2-3","gross_by_hh_size > 1800 & shelter_expenses_by_hh_size > 712 & unc_rawben_rel_max <= 1",103,103,41,0,0,0,9,0,0,FALSE,0.398058252427184,0.398058252427184,0.293675859839573,0.293675859839573,0,0.087378640776699
"national","2-3","children_i <= 0 & gross_by_hh_size <= 1970 & shelter_expenses_by_hh_size > 997 & unc_rawben_rel_max <= 1",281,281,99,0,0,0,3,0,0,FALSE,0.352313167259786,0.352313167259786,0.289389538181636,0.289389538181636,0,0.0106761565836299
"national","4+","earned_by_hh_size >= 45 & months_since_cert_n < 11 & shelter_expenses_by_hh_size >= 330 & unearned_by_hh_size >= 158",525,525,174,0,0,0,12,0,0,FALSE,0.331428571428571,0.331428571428571,0.285575472847763,0.285575472847763,0,0.0228571428571429
"national","2-3","medical_deductions < 150 & rawben_rel_max >= 0.0446 & unearned_by_hh_size >= 1300",43,43,19,0,0,0,0,0,0,FALSE,0.441860465116279,0.441860465116279,0.282213076130065,0.282213076130065,0,0
"national","4+","earned_by_hh_size > 68.4 & earned_by_hh_size <= 367 & unc_rawben_rel_max <= 0.717 & utilities_sua <= 0.5",69,69,28,0,0,0,0,0,0,FALSE,0.405797101449275,0.405797101449275,0.280061167451237,0.280061167451237,0,0
"national","4+","earned_by_hh_size >= 682 & months_since_cert_n >= 11 & shelter_expenses_by_hh_size >= 371",55,55,23,0,0,0,0,0,0,FALSE,0.418181818181818,0.418181818181818,0.277712596634063,0.277712596634063,0,0
"national","2-3","gross_by_hh_size > 1970 & married >= 1 & rawben_rel_max <= 0.557",58,58,24,0,0,0,1,0,0,FALSE,0.413793103448276,0.413793103448276,0.277098228294733,0.277098228294733,0,0.0172413793103448
"national","2-3","rawben_rel_max < 0.871 & shelter_expenses_by_hh_size < 791 & total_deductions_by_hh_size >= 728 & unearned_by_hh_size < 928",137,137,50,0,0,0,1,0,0,FALSE,0.364963503649635,0.364963503649635,0.276118889078956,0.276118889078956,0,0.0072992700729927
"national","4+","shelter_expenses_by_hh_size >= 103 & shelter_expenses_by_hh_size < 388 & unc_rawben_rel_max >= 1.08 & unc_rawben_rel_max < 1.1",213,213,73,49,26,59,118,0.230046948356808,0.356164383561644,TRUE,0.342723004694836,0.286585365853659,0.271817683869812,0.212309108625995,0.276995305164319,0.553990610328638
"national","2-3","gross_by_hh_size < 1420 & months_since_cert_n < 11 & rawben_rel_max >= 0.205 & unearned_by_hh_size >= 1120",121,121,44,0,0,0,0,0,0,FALSE,0.363636363636364,0.363636363636364,0.269782913769612,0.269782913769612,0,0
"national","2-3","count_divisible_by_100 <= 0.5 & medical_deductions > 584 & unearned_by_hh_size <= 1370",43,43,18,0,0,0,1,0,0,FALSE,0.418604651162791,0.418604651162791,0.262528564829755,0.262528564829755,0,0.0232558139534884
"national","2-3","earned_by_hh_size > 591 & medical_deductions <= 1320 & shelter_expenses_by_hh_size > 769 & unearned_by_hh_size > 121",217,217,72,0,0,0,6,0,0,FALSE,0.331797235023041,0.331797235023041,0.262336650862979,0.262336650862979,0,0.0276497695852535
"national","4+","HH_size_n > 5.5 & months_since_cert_n > 5.5 & total_deductions_by_hh_size > 69 & unearned_by_hh_size <= 12.7",514,514,156,0,0,3,14,0,0,FALSE,0.303501945525292,0.303501945525292,0.258580077523903,0.258580077523903,0.00583657587548638,0.0272373540856031
"national","4+","gross_by_hh_size > 738 & months_since_cert_n <= 1.5 & percent_abawd > 0.155",38,38,16,0,0,0,0,0,0,FALSE,0.421052631578947,0.421052631578947,0.256312926823665,0.256312926823665,0,0
"national","4+","earned_by_hh_size > 299 & expedited_i >= 1 & months_since_cert_n > 3.5 & unearned_by_hh_size <= 1.25",101,101,36,0,0,0,1,0,0,FALSE,0.356435643564356,0.356435643564356,0.255493361075149,0.255493361075149,0,0.0099009900990099
"national","4+","elderly_disabled_i >= 1 & months_since_cert_n >= 7 & shelter_expenses_by_hh_size >= 329 & unearned_by_hh_size < 160",30,30,13,0,0,0,3,0,0,FALSE,0.433333333333333,0.433333333333333,0.249555901376185,0.249555901376185,0,0.1
"national","1","expedited_i <= 0 & gross_by_hh_size >= 1880 & medical_deductions < 199 & rawben_rel_max >= 0.643",87,87,31,0,0,0,7,0,0,FALSE,0.35632183908046,0.35632183908046,0.248549627637496,0.248549627637496,0,0.0804597701149425
"national","2-3","bbce_state_i >= 1 & earned_by_hh_size <= 124 & shelter_expenses_by_hh_size > 609 & utilities_sua <= 1.5",204,204,65,8,6,8,12,0.0392156862745098,0.0923076923076923,FALSE,0.318627450980392,0.301020408163265,0.248273315297006,0.230996181203894,0.0392156862745098,0.0588235294117647
"national","1","gross_by_hh_size <= 834 & total_deductions_by_hh_size > 559 & unc_rawben_rel_max <= 1.03",761,761,214,0,0,2,185,0,0,FALSE,0.281208935611038,0.281208935611038,0.244947701299552,0.244947701299552,0.0026281208935611,0.243101182654402
"national","4+","elderly_disabled_i >= 1 & expedited_i >= 1 & HH_size_n <= 8.5 & total_deductions_by_hh_size <= 216",62,62,23,0,0,0,2,0,0,FALSE,0.370967741935484,0.370967741935484,0.244080444190876,0.244080444190876,0,0.032258064516129
"national","1","months_since_cert_n >= 17 & total_deductions_by_hh_size >= 598 & utilities_sua < 2",284,284,86,0,0,1,24,0,0,FALSE,0.302816901408451,0.302816901408451,0.24357237321563,0.24357237321563,0.00352112676056338,0.0845070422535211
"national","2-3","earned_by_hh_size >= 43.3 & married >= 1 & unearned_by_hh_size >= 52.5 & unearned_by_hh_size < 708",406,406,119,0,0,0,21,0,0,FALSE,0.293103448275862,0.293103448275862,0.243554590302387,0.243554590302387,0,0.0517241379310345
"national","2-3","married >= 1 & medical_deductions > 754",37,37,15,0,0,0,1,0,0,FALSE,0.405405405405405,0.405405405405405,0.241698566013481,0.241698566013481,0,0.027027027027027
"national","2-3","count_divisible_by_100 > 0.5 & earned_by_hh_size <= 1390 & shelter_expenses_by_hh_size > 443 & unearned_by_hh_size > 1150",31,31,13,0,0,0,0,0,0,FALSE,0.419354838709677,0.419354838709677,0.240746327794409,0.240746327794409,0,0
"national","4+","earned_by_hh_size >= 812 & shelter_expenses_by_hh_size >= 424 & total_deductions_by_hh_size < 369",107,107,36,0,0,0,0,0,0,FALSE,0.336448598130841,0.336448598130841,0.240363703364929,0.240363703364929,0,0
"national","4+","earned_by_hh_size < 587 & shelter_expenses_by_hh_size >= 417 & shelter_expenses_by_hh_size < 481 & total_deductions_by_hh_size >= 379",44,44,17,0,0,0,10,0,0,FALSE,0.386363636363636,0.386363636363636,0.237204772393928,0.237204772393928,0,0.227272727272727
"national","1","medical_deductions > 289 & unc_rawben_rel_max <= 1.03 & utilities_sua <= 0.5",74,74,26,0,0,1,2,0,0,FALSE,0.351351351351351,0.351351351351351,0.236459716281958,0.236459716281958,0.0135135135135135,0.027027027027027
"national","2-3","rawben_rel_max >= 0.6 & shelter_expenses_by_hh_size >= 1020 & total_deductions_by_hh_size >= 498",353,353,102,6,5,6,37,0.0169971671388102,0.0490196078431373,FALSE,0.288951841359773,0.279538904899135,0.236356029398672,0.227215817108121,0.0169971671388102,0.104815864022663
"national","1","elderly_disabled_i >= 1 & shelter_expenses_by_hh_size > 1330 & unc_rawben_rel_max <= 1.03 & utilities_sua <= 1.5",223,223,67,0,0,1,7,0,0,FALSE,0.300448430493274,0.300448430493274,0.234458919668876,0.234458919668876,0.00448430493273543,0.031390134529148
"national","1","shelter_expenses_by_hh_size >= 970 & shelter_expenses_by_hh_size < 1140 & unearned_by_hh_size >= 885 & utilities_sua < 1",152,152,47,0,0,0,3,0,0,FALSE,0.309210526315789,0.309210526315789,0.229834792941175,0.229834792941175,0,0.0197368421052632
"national","2-3","gross_by_hh_size > 152 & HH_size_n > 2.5 & percent_abawd > 0.167 & unearned_by_hh_size <= 168",355,355,98,5,4,5,16,0.0140845070422535,0.0408163265306122,FALSE,0.276056338028169,0.268571428571429,0.224542510645377,0.217296975673279,0.0140845070422535,0.0450704225352113
"national","2-3","HH_size_n <= 2.5 & months_since_cert_n > 12.5 & unc_rawben_rel_max > 1.12",100,100,32,6,4,6,34,0.06,0.125,FALSE,0.32,0.297872340425532,0.223154419588564,0.201618849943278,0.06,0.34
"national","2-3","medical_deductions >= 323 & rawben_rel_max >= 0.718",43,43,24,0,0,0,1,0,0,FALSE,0.558139534883721,0.558139534883721,0.385496932640199,0.385496932640199,0,0.0232558139534884
"national","2-3","gross_by_hh_size > 222 & medical_deductions > 131 & shelter_expenses_by_hh_size > 265 & total_deductions_by_hh_size > 709",188,188,78,0,0,0,6,0,0,FALSE,0.414893617021277,0.414893617021277,0.334834509142193,0.334834509142193,0,0.0319148936170213
"national","1","earned_by_hh_size > 424 & earned_by_hh_size <= 702 & total_deductions_by_hh_size > 1080",399,399,155,185,107,186,240,0.463659147869674,0.690322580645161,TRUE,0.388471177944862,0.224299065420561,0.333568498953989,0.165245392340742,0.466165413533835,0.601503759398496
"national","2-3","count_divisible_by_100 <= 0.5 & medical_deductions > 162 & rawben_rel_max > 0.152 & shelter_expenses_by_hh_size > 587",237,237,89,0,0,0,6,0,0,FALSE,0.375527426160338,0.375527426160338,0.305906638317465,0.305906638317465,0,0.0253164556962025
"national","1","total_deductions_by_hh_size > 989 & utilities_sua <= 0.5",270,270,99,10,5,10,37,0.037037037037037,0.0505050505050505,FALSE,0.366666666666667,0.361538461538462,0.301693526316689,0.295707423180101,0.037037037037037,0.137037037037037
"national","2-3","earned_by_hh_size <= 12.8 & gross_by_hh_size > 1110 & unc_rawben_rel_max > 0.142 & unc_rawben_rel_max <= 1",275,275,98,0,0,0,0,0,0,FALSE,0.356363636363636,0.356363636363636,0.292553066236706,0.292553066236706,0,0
"national","4+","gross_by_hh_size >= 326 & HH_size_n >= 7 & married <= 0",283,283,98,0,0,0,2,0,0,FALSE,0.346289752650177,0.346289752650177,0.283944072361124,0.283944072361124,0,0.00706713780918728
"national","4+","earned_by_hh_size >= 11.6 & earned_by_hh_size < 812 & rawben_rel_max >= 0.337 & unearned_by_hh_size >= 233",575,575,184,0,0,0,5,0,0,FALSE,0.32,0.32,0.276609397106935,0.276609397106935,0,0.00869565217391304
"national","4+","HH_size_n >= 6 & shelter_expenses_by_hh_size < 334 & total_deductions_by_hh_size >= 252",159,159,57,0,0,0,5,0,0,FALSE,0.358490566037736,0.358490566037736,0.27602943261206,0.27602943261206,0,0.0314465408805031
"national","4+","gross_by_hh_size > 224 & HH_size_n > 4.5 & married <= 0 & total_deductions_by_hh_size > 242",772,772,237,0,0,0,12,0,0,FALSE,0.30699481865285,0.30699481865285,0.269836056153814,0.269836056153814,0,0.0155440414507772
"national","4+","earned_by_hh_size >= 266 & earned_by_hh_size < 355 & unc_rawben_rel_max >= 0.516",954,954,289,0,0,0,18,0,0,FALSE,0.30293501048218,0.30293501048218,0.269520474975827,0.269520474975827,0,0.0188679245283019
"national","4+","gross_by_hh_size > 117 & months_since_cert_n > 5.5 & rawben_rel_max > 0.263 & shelter_expenses_by_hh_size > 210",2290,2290,666,29,15,35,83,0.0126637554585153,0.0225225225225225,FALSE,0.290829694323144,0.287925696594427,0.269268943273622,0.266303195299259,0.0152838427947598,0.0362445414847162
"national","2-3","total_deductions_by_hh_size > 636 & unc_rawben_rel_max <= 1",1590,1590,469,0,0,0,17,0,0,FALSE,0.294968553459119,0.294968553459119,0.269098564337791,0.269098564337791,0,0.0106918238993711
"national","1","elderly_disabled_i >= 1 & medical_deductions > 174 & rawben_rel_max > 0.278 & utilities_sua <= 1.5",238,238,79,0,0,2,4,0,0,FALSE,0.331932773109244,0.331932773109244,0.265362895240027,0.265362895240027,0.00840336134453781,0.0168067226890756
"national","1","rawben_rel_max >= 0.08 & shelter_expenses_by_hh_size >= 915 & total_deductions_by_hh_size >= 702 & utilities_sua < 1",465,465,145,10,5,11,33,0.021505376344086,0.0344827586206897,FALSE,0.311827956989247,0.307692307692308,0.264265526092927,0.259869422265636,0.0236559139784946,0.0709677419354839
"national","4+","earned_by_hh_size > 10.8 & months_since_cert_n > 3.5 & unearned_by_hh_size > 59.3",1403,1403,409,0,0,0,36,0,0,FALSE,0.29151817533856,0.29151817533856,0.26414054550713,0.26414054550713,0,0.0256593014967926
"national","4+","bbce_state_i <= 0 & expedited_i >= 1 & gross_by_hh_size > 128 & shelter_expenses_by_hh_size <= 150",41,41,17,0,0,0,0,0,0,FALSE,0.414634146341463,0.414634146341463,0.256082692954176,0.256082692954176,0,0
"national","2-3","percent_abawd <= 0.833 & rawben_rel_max > 0.997 & unc_rawben_rel_max <= 1",327,327,101,0,0,0,2,0,0,FALSE,0.308868501529052,0.308868501529052,0.252953301183785,0.252953301183785,0,0.00611620795107034
"national","4+","earned_by_hh_size >= 36 & unearned_by_hh_size >= 10.4 & unearned_by_hh_size < 58.8",649,649,189,0,0,0,26,0,0,FALSE,0.291217257318952,0.291217257318952,0.251597818483445,0.251597818483445,0,0.0400616332819723
"national","2-3","earned_by_hh_size <= 51.2 & HH_size_n <= 2.5 & medical_deductions > 173 & unearned_by_hh_size <= 806",85,85,30,0,0,0,4,0,0,FALSE,0.352941176470588,0.352941176470588,0.244508100128552,0.244508100128552,0,0.0470588235294118
"national","1","rawben_rel_max > 0.997 & shelter_expenses_by_hh_size <= 846 & total_deductions_by_hh_size > 238 & unearned_by_hh_size > 376",817,817,228,0,0,6,234,0,0,FALSE,0.27906976744186,0.27906976744186,0.24411366720117,0.24411366720117,0.00734394124847001,0.286413708690331
"national","2-3","gross_by_hh_size >= 199 & shelter_expenses_by_hh_size < 700 & total_deductions_by_hh_size >= 634 & unearned_by_hh_size < 1100",447,447,130,0,0,0,27,0,0,FALSE,0.29082774049217,0.29082774049217,0.243602736365526,0.243602736365526,0,0.0604026845637584
"national","4+","HH_size_n < 5 & shelter_expenses_by_hh_size >= 414 & utilities_sua < 2",79,79,28,1,1,1,4,0.0126582278481013,0.0357142857142857,FALSE,0.354430379746835,0.346153846153846,0.242300396526038,0.234558959754347,0.0126582278481013,0.0506329113924051
"national","1","bbce_state_i <= 0 & gross_by_hh_size < 535 & shelter_expenses_by_hh_size >= 31 & unc_rawben_rel_max < 1.01",70,70,25,0,0,0,24,0,0,FALSE,0.357142857142857,0.357142857142857,0.238640345661515,0.238640345661515,0,0.342857142857143
"national","4+","earned_by_hh_size >= 142 & earned_by_hh_size < 399 & gross_by_hh_size < 205",400,400,115,79,45,84,122,0.1975,0.391304347826087,TRUE,0.2875,0.218068535825545,0.237974413827108,0.169373688462494,0.21,0.305
"national","2-3","gross_by_hh_size >= 858 & shelter_expenses_by_hh_size >= 1050 & unearned_by_hh_size >= 468",269,269,99,0,0,0,7,0,0,FALSE,0.368029739776952,0.368029739776952,0.302864449420566,0.302864449420566,0,0.0260223048327138
"national","4+","earned_by_hh_size > 5.61 & HH_size_n > 5.5 & medical_deductions <= 242 & utilities_sua <= 1.5",304,304,98,0,0,0,10,0,0,FALSE,0.322368421052632,0.322368421052632,0.263592613523642,0.263592613523642,0,0.0328947368421053
"national","4+","expedited_i >= 1 & gross_by_hh_size > 139 & gross_by_hh_size <= 739 & months_since_cert_n > 5.5",200,200,64,3,0,3,9,0.015,0,FALSE,0.32,0.3248730964467,0.248887081010418,0.252843908946513,0.015,0.045
"national","4+","earned_by_hh_size > 437 & rawben_rel_max <= 0.955 & unc_rawben_rel_max > 0.782 & unearned_by_hh_size <= 1.79",221,221,69,0,0,0,1,0,0,FALSE,0.312217194570136,0.312217194570136,0.244930602400613,0.244930602400613,0,0.00452488687782805
"national","4+","count_divisible_by_100 <= 1.5 & expedited_i >= 1 & shelter_expenses_by_hh_size > 118 & total_deductions_by_hh_size <= 154",72,72,25,0,0,0,2,0,0,FALSE,0.347222222222222,0.347222222222222,0.231585239963398,0.231585239963398,0,0.0277777777777778
"national","1","earned_by_hh_size >= 1570 & earned_by_hh_size < 1690 & months_since_cert_n >= 2 & rawben_rel_max >= 0.592",46,46,17,0,0,0,0,0,0,FALSE,0.369565217391304,0.369565217391304,0.226106237234297,0.226106237234297,0,0
"national","4+","HH_size_n > 4.5 & months_since_cert_n > 5.5 & unearned_by_hh_size <= 20.6",1250,1250,316,6,4,10,37,0.0048,0.0126582278481013,FALSE,0.2528,0.2508038585209,0.225313993670652,0.223337776953894,0.008,0.0296
"national","4+","percent_abawd < 0.429 & total_deductions_by_hh_size >= 358 & total_deductions_by_hh_size < 369",182,182,54,0,0,0,2,0,0,FALSE,0.296703296703297,0.296703296703297,0.224736006111474,0.224736006111474,0,0.010989010989011
"national","2-3","gross_by_hh_size >= 776 & months_since_cert_n >= 29 & shelter_expenses_by_hh_size >= 72.7 & unearned_by_hh_size < 928",37,37,14,0,0,0,0,0,0,FALSE,0.378378378378378,0.378378378378378,0.219979250770409,0.219979250770409,0,0
"national","4+","earned_by_hh_size < 112 & gross_by_hh_size >= 606 & months_since_cert_n >= 4 & unearned_by_hh_size >= 314",147,147,44,0,0,0,0,0,0,FALSE,0.299319727891156,0.299319727891156,0.219865934423678,0.219865934423678,0,0
"national","4+","HH_size_n >= 6 & shelter_expenses_by_hh_size >= 302 & total_deductions_by_hh_size < 365 & utilities_sua >= 2",561,561,146,0,0,0,11,0,0,FALSE,0.260249554367201,0.260249554367201,0.219595849613508,0.219595849613508,0,0.0196078431372549
"national","2-3","homeless <= 0 & months_since_cert_n > 3.5 & shelter_expenses_by_hh_size > 410 & utilities_sua <= 1.5",545,545,142,17,14,17,34,0.0311926605504587,0.0985915492957746,FALSE,0.260550458715596,0.242424242424242,0.219322762144382,0.20179791925584,0.0311926605504587,0.0623853211009174
"national","2-3","bbce_state_i >= 1 & children_i <= 0 & count_divisible_by_100 > 0.5 & unc_rawben_rel_max <= 1",222,222,63,0,0,0,0,0,0,FALSE,0.283783783783784,0.283783783783784,0.219200011446286,0.219200011446286,0,0
"national","2-3","earned_by_hh_size < 816 & medical_deductions >= 331 & months_since_cert_n < 23 & rawben_rel_max >= 0.281",109,109,42,0,0,0,0,0,0,FALSE,0.385321100917431,0.385321100917431,0.284774267273421,0.284774267273421,0,0
"national","4+","earned_by_hh_size >= 59.6 & rawben_rel_max >= 0.776 & shelter_expenses_by_hh_size < 262 & unearned_by_hh_size >= 109",91,91,34,0,0,0,2,0,0,FALSE,0.373626373626374,0.373626373626374,0.265899175268893,0.265899175268893,0,0.021978021978022
"national","1","rawben_rel_max >= 1 & unc_rawben_rel_max < 1.03 & unearned_by_hh_size >= 941",1245,1245,364,1,0,31,230,0.000803212851405623,0,FALSE,0.292369477911647,0.292604501607717,0.263334979053993,0.263550695642115,0.0248995983935743,0.184738955823293
"national","4+","elderly_disabled_i <= 0 & rawben_rel_max >= 0.859 & rawben_rel_max < 0.933 & unc_rawben_rel_max < 1.06",925,925,265,0,0,0,10,0,0,FALSE,0.286486486486487,0.286486486486487,0.253229010065425,0.253229010065425,0,0.0108108108108108
"national","1","count_divisible_by_100 < 2 & gross_by_hh_size >= 1490 & rawben_rel_max >= 0.72 & shelter_expenses_by_hh_size < 1160",51,51,20,0,0,0,3,0,0,FALSE,0.392156862745098,0.392156862745098,0.25094511844763,0.25094511844763,0,0.0588235294117647
"national","4+","bbce_state_i >= 1 & earned_by_hh_size > 523 & expedited_i >= 1 & rawben_rel_max <= 0.996",87,87,31,0,0,0,0,0,0,FALSE,0.35632183908046,0.35632183908046,0.248549627637496,0.248549627637496,0,0
"national","2-3","HH_size_n > 2.5 & shelter_expenses_by_hh_size > 653 & total_deductions_by_hh_size <= 542 & unc_rawben_rel_max <= 0.966",532,532,148,0,0,0,0,0,0,FALSE,0.278195488721804,0.278195488721804,0.235411468372007,0.235411468372007,0,0
"national","4+","expedited_i >= 1 & rawben_rel_max >= 0.483 & rawben_rel_max < 0.734 & shelter_expenses_by_hh_size >= 7.25",120,120,39,0,0,0,0,0,0,FALSE,0.325,0.325,0.234974158146968,0.234974158146968,0,0
"national","4+","HH_size_n <= 4.5 & months_since_cert_n > 3.5 & total_deductions_by_hh_size > 276 & unearned_by_hh_size > 130",253,253,73,0,0,0,14,0,0,FALSE,0.288537549407115,0.288537549407115,0.227256616826901,0.227256616826901,0,0.0553359683794466
"national","1","children_i >= 1 & expedited_i <= 0 & rawben_rel_max <= 0.312 & shelter_expenses_by_hh_size > 6.5",56,56,20,0,0,0,0,0,0,FALSE,0.357142857142857,0.357142857142857,0.226950641928008,0.226950641928008,0,0
"national","4+","earned_by_hh_size < 862 & gross_by_hh_size >= 753 & HH_size_n >= 6 & unearned_by_hh_size >= 0.2",110,110,35,0,0,0,0,0,0,FALSE,0.318181818181818,0.318181818181818,0.225499477127161,0.225499477127161,0,0
"national","4+","elderly_disabled_i >= 1 & shelter_expenses_by_hh_size >= 408 & total_deductions_by_hh_size < 290 & unearned_by_hh_size >= 295",82,82,27,0,0,0,0,0,0,FALSE,0.329268292682927,0.329268292682927,0.222442121791019,0.222442121791019,0,0
"national","4+","percent_abawd < 0.375 & shelter_expenses_by_hh_size >= 170 & total_deductions_by_hh_size >= 143 & total_deductions_by_hh_size < 148",75,75,25,0,0,0,0,0,0,FALSE,0.333333333333333,0.333333333333333,0.221756287163207,0.221756287163207,0,0
"national","1","earned_by_hh_size > 158 & months_since_cert_n > 5.5 & percent_abawd > 0.5",553,553,144,50,27,51,108,0.0904159132007233,0.1875,FALSE,0.260397830018083,0.232604373757455,0.219460212385125,0.19177368396424,0.0922242314647378,0.195298372513562
"national","2-3","gross_by_hh_size < 437 & HH_size_n >= 3 & rawben_rel_max >= 0.718 & unearned_by_hh_size >= 396",127,127,38,0,0,0,3,0,0,FALSE,0.299212598425197,0.299212598425197,0.214492052750386,0.214492052750386,0,0.0236220472440945
"national","1","expedited_i <= 0 & rawben_rel_max >= 1 & shelter_expenses_by_hh_size >= 1170 & unc_rawben_rel_max < 1.02",770,770,225,20,11,34,129,0.025974025974026,0.0488888888888889,FALSE,0.292207792207792,0.285333333333333,0.255642289969925,0.248623777255842,0.0441558441558442,0.167532467532468
"national","1","gross_by_hh_size <= 916 & married <= 0 & total_deductions_by_hh_size > 754 & unc_rawben_rel_max <= 1.03",549,549,158,38,22,50,166,0.0692167577413479,0.139240506329114,FALSE,0.287795992714026,0.26614481409002,0.245095098126892,0.223293349828121,0.0910746812386157,0.302367941712204
"national","1","gross_by_hh_size > 704 & homeless >= 1 & total_deductions_by_hh_size > 412 & unc_rawben_rel_max <= 1.03",409,409,110,1,0,6,20,0.00244498777506112,0,FALSE,0.268948655256724,0.269607843137255,0.221210975876987,0.221768627506697,0.0146699266503667,0.0488997555012225
"national","1","elderly_disabled_i <= 0 & gross_by_hh_size < 982 & months_since_cert_n < 27 & unc_rawben_rel_max < 0.509",123,123,37,0,0,6,4,0,0,FALSE,0.300813008130081,0.300813008130081,0.214696155270114,0.214696155270114,0.0487804878048781,0.032520325203252
"national","1","gross_by_hh_size >= 1060 & shelter_expenses_by_hh_size < 992 & unc_rawben_rel_max >= 0.629",520,520,130,0,0,1,9,0,0,FALSE,0.25,0.25,0.208558861985799,0.208558861985799,0.00192307692307692,0.0173076923076923
"national","1","total_deductions_by_hh_size > 262 & unc_rawben_rel_max <= 1.03 & unearned_by_hh_size > 318 & unearned_by_hh_size <= 916",2886,2886,637,41,22,76,388,0.0142065142065142,0.0345368916797488,FALSE,0.220720720720721,0.216168717047452,0.20329566419884,0.198765912710115,0.0263340263340263,0.134442134442134
"national","2-3","gross_by_hh_size >= 427 & months_since_cert_n >= 17 & shelter_expenses_by_hh_size >= 156 & unearned_by_hh_size < 514",192,192,51,0,0,0,7,0,0,FALSE,0.265625,0.265625,0.198649756507882,0.198649756507882,0,0.0364583333333333
"national","2-3","count_divisible_by_100 >= 2 & months_since_cert_n >= 2 & months_since_cert_n < 8 & shelter_expenses_by_hh_size < 657",68,68,21,2,2,2,11,0.0294117647058824,0.0952380952380952,FALSE,0.308823529411765,0.287878787878788,0.196700094008097,0.178291139424988,0.0294117647058824,0.161764705882353
"national","1","gross_by_hh_size < 1140 & shelter_expenses_by_hh_size >= 945 & unearned_by_hh_size >= 779 & utilities_sua < 2",466,466,149,5,3,9,23,0.0107296137339056,0.0201342281879195,FALSE,0.319742489270386,0.316702819956616,0.271805623925441,0.2686817808531,0.01931330472103,0.0493562231759657
"national","4+","expedited_i >= 1 & rawben_rel_max <= 0.962 & shelter_expenses_by_hh_size <= 314 & total_deductions_by_hh_size > 62.2",242,242,80,0,0,0,0,0,0,FALSE,0.330578512396694,0.330578512396694,0.264620222947294,0.264620222947294,0,0
"national","1","gross_by_hh_size >= 1880 & months_since_cert_n < 6 & rawben_rel_max >= 0.888",37,37,16,0,0,0,3,0,0,FALSE,0.432432432432432,0.432432432432432,0.263895663617476,0.263895663617476,0,0.0810810810810811
"national","4+","elderly_disabled_i <= 0 & shelter_expenses_by_hh_size < 791 & total_deductions_by_hh_size >= 369 & unearned_by_hh_size >= 3.17",173,173,59,0,0,0,4,0,0,FALSE,0.341040462427746,0.341040462427746,0.26316742196832,0.26316742196832,0,0.023121387283237
"national","4+","gross_by_hh_size < 701 & HH_size_n >= 5 & rawben_rel_max >= 0.831 & rawben_rel_max < 0.959",1024,1024,294,0,0,0,11,0,0,FALSE,0.287109375,0.287109375,0.255410941100051,0.255410941100051,0,0.0107421875
"national","4+","HH_size_n >= 7 & rawben_rel_max < 0.739 & total_deductions_by_hh_size >= 60.2 & total_deductions_by_hh_size < 136",216,216,70,0,0,0,0,0,0,FALSE,0.324074074074074,0.324074074074074,0.255085242310301,0.255085242310301,0,0
"national","2-3","months_since_cert_n < 7 & shelter_expenses_by_hh_size >= 1010 & shelter_expenses_by_hh_size < 1100 & total_deductions_by_hh_size >= 642",115,115,40,0,0,0,12,0,0,FALSE,0.347826086956522,0.347826086956522,0.253474298395861,0.253474298395861,0,0.104347826086957
"national","4+","months_since_cert_n >= 6 & shelter_expenses_by_hh_size < 346 & total_deductions_by_hh_size >= 286 & unc_rawben_rel_max < 0.988",184,184,60,0,0,0,0,0,0,FALSE,0.326086956521739,0.326086956521739,0.25167137359747,0.25167137359747,0,0
"national","2-3","rawben_rel_max >= 0.996 & unearned_by_hh_size >= 612",134,134,45,0,0,0,16,0,0,FALSE,0.335820895522388,0.335820895522388,0.248936832298122,0.248936832298122,0,0.119402985074627
"national","4+","earned_by_hh_size > 42.2 & earned_by_hh_size <= 413 & gross_by_hh_size > 227 & HH_size_n > 4.5",1586,1586,504,0,0,0,17,0,0,FALSE,0.317780580075662,0.317780580075662,0.291244592991665,0.291244592991665,0,0.010718789407314
"national","4+","earned_by_hh_size < 796 & percent_abawd < 0.182 & shelter_expenses_by_hh_size < 424 & total_deductions_by_hh_size >= 351",343,343,116,0,0,0,14,0,0,FALSE,0.338192419825073,0.338192419825073,0.281697691386451,0.281697691386451,0,0.0408163265306122
"national","4+","gross_by_hh_size >= 534 & percent_abawd >= 0.0769 & total_deductions_by_hh_size >= 335",93,93,34,0,0,0,0,0,0,FALSE,0.365591397849462,0.365591397849462,0.259818934146765,0.259818934146765,0,0
"national","4+","gross_by_hh_size >= 680 & gross_by_hh_size < 719 & total_deductions_by_hh_size >= 384",50,50,20,0,0,0,0,0,0,FALSE,0.4,0.4,0.256372347077948,0.256372347077948,0,0
"national","4+","expedited_i >= 1 & rawben_rel_max > 0.352 & total_deductions_by_hh_size > 62.6 & unc_rawben_rel_max <= 1",433,433,132,0,0,0,2,0,0,FALSE,0.304849884526559,0.304849884526559,0.256062559002006,0.256062559002006,0,0.0046189376443418
"national","4+","earned_by_hh_size >= 649 & rawben_rel_max >= 0.633",126,126,42,0,0,0,0,0,0,FALSE,0.333333333333333,0.333333333333333,0.244298494508153,0.244298494508153,0,0
"national","4+","gross_by_hh_size < 534 & percent_abawd < 0.0769 & total_deductions_by_hh_size >= 308 & unc_rawben_rel_max < 1",445,445,129,0,0,0,3,0,0,FALSE,0.289887640449438,0.289887640449438,0.242621429391504,0.242621429391504,0,0.00674157303370787
"national","2-3","gross_by_hh_size <= 1800 & medical_deductions > 203 & shelter_expenses_by_hh_size > 712 & unc_rawben_rel_max <= 1",149,149,47,0,0,0,0,0,0,FALSE,0.315436241610738,0.315436241610738,0.234679991915234,0.234679991915234,0,0
"national","1","medical_deductions > 289 & unc_rawben_rel_max <= 1.03 & utilities_sua <= 1.5",132,132,42,0,0,1,2,0,0,FALSE,0.318181818181818,0.318181818181818,0.232642437195441,0.232642437195441,0.00757575757575758,0.0151515151515152
"national","2-3","gross_by_hh_size >= 318 & rawben_rel_max >= 0.845 & rawben_rel_max < 0.932 & shelter_expenses_by_hh_size >= 914",100,100,33,0,0,0,0,0,0,FALSE,0.33,0.33,0.231840947352144,0.231840947352144,0,0
"national","4+","elderly_disabled_i <= 0 & expedited_i >= 1 & gross_by_hh_size > 190",423,423,118,10,5,10,15,0.0236406619385343,0.0423728813559322,FALSE,0.278959810874705,0.273607748184019,0.231274046533598,0.225756466221557,0.0236406619385343,0.0354609929078014
"national","4+","elderly_disabled_i <= 0 & gross_by_hh_size >= 294 & shelter_expenses_by_hh_size < 352 & unearned_by_hh_size >= 160",740,740,197,0,0,0,1,0,0,FALSE,0.266216216216216,0.266216216216216,0.230220641574666,0.230220641574666,0,0.00135135135135135
"national","2-3","children_i <= 0 & count_divisible_by_100 < 2 & earned_by_hh_size >= 1240 & unc_rawben_rel_max < 0.043",112,112,36,0,0,0,4,0,0,FALSE,0.321428571428571,0.321428571428571,0.229067192265816,0.229067192265816,0,0.0357142857142857
"national","1","earned_by_hh_size <= 374 & elderly_disabled_i <= 0 & shelter_expenses_by_hh_size > 1710 & unc_rawben_rel_max <= 1.12",94,94,31,19,14,19,21,0.202127659574468,0.451612903225806,TRUE,0.329787234042553,0.226666666666667,0.228982877993909,0.134910957434069,0.202127659574468,0.223404255319149
"national","2-3","earned_by_hh_size > 54.8 & elderly_disabled_i >= 1 & expedited_i >= 1 & medical_deductions <= 162",59,59,21,0,0,0,5,0,0,FALSE,0.355932203389831,0.355932203389831,0.228741304136163,0.228741304136163,0,0.0847457627118644
"national","2-3","bbce_state_i >= 1 & count_divisible_by_100 >= 2 & earned_by_hh_size < 78",49,49,18,1,1,1,7,0.0204081632653061,0.0555555555555556,FALSE,0.36734693877551,0.354166666666667,0.227949750255185,0.216007563026644,0.0204081632653061,0.142857142857143
"national","2-3","elderly_disabled_i >= 1 & shelter_expenses_by_hh_size < 926 & total_deductions_by_hh_size >= 717 & total_deductions_by_hh_size < 762",84,84,28,0,0,0,13,0,0,FALSE,0.333333333333333,0.333333333333333,0.227020310788949,0.227020310788949,0,0.154761904761905
"national","4+","gross_by_hh_size < 989 & months_since_cert_n >= 8 & total_deductions_by_hh_size < 396 & unc_rawben_rel_max < 1.07",2688,2688,660,9,2,15,55,0.00334821428571429,0.00303030303030303,FALSE,0.245535714285714,0.245614035087719,0.226749958916243,0.226795418183879,0.00558035714285714,0.0204613095238095
"national","4+","rawben_rel_max > 0.267 & shelter_expenses_by_hh_size > 241 & total_deductions_by_hh_size > 607",67,67,29,0,0,0,5,0,0,FALSE,0.432835820895522,0.432835820895522,0.302327838514747,0.302327838514747,0,0.0746268656716418
"national","4+","rawben_rel_max < 0.882 & unc_rawben_rel_max >= 0.875",117,117,45,0,0,0,0,0,0,FALSE,0.384615384615385,0.384615384615385,0.28730885852744,0.28730885852744,0,0
"national","4+","earned_by_hh_size > 0.0833 & gross_by_hh_size <= 360 & rawben_rel_max <= 0.976 & total_deductions_by_hh_size <= 261",1216,1216,383,0,0,0,13,0,0,FALSE,0.314967105263158,0.314967105263158,0.284860994903156,0.284860994903156,0,0.0106907894736842
"national","4+","earned_by_hh_size >= 270 & earned_by_hh_size < 332 & months_since_cert_n < 13",744,744,223,0,0,0,13,0,0,FALSE,0.299731182795699,0.299731182795699,0.262223399121851,0.262223399121851,0,0.0174731182795699
"national","4+","total_deductions_by_hh_size >= 209 & unc_rawben_rel_max < 1.06 & unearned_by_hh_size >= 18.5 & unearned_by_hh_size < 44.8",179,179,60,0,0,0,2,0,0,FALSE,0.335195530726257,0.335195530726257,0.259029989198539,0.259029989198539,0,0.0111731843575419
"national","4+","months_since_cert_n > 2.5 & total_deductions_by_hh_size > 265 & unearned_by_hh_size > 502",50,50,20,0,0,0,0,0,0,FALSE,0.4,0.4,0.256372347077948,0.256372347077948,0,0
"national","4+","married >= 1 & months_since_cert_n >= 11 & shelter_expenses_by_hh_size >= 243 & total_deductions_by_hh_size < 365",149,149,50,1,1,2,4,0.00671140939597315,0.02,FALSE,0.335570469798658,0.331081081081081,0.252757323705775,0.248461323277885,0.0134228187919463,0.0268456375838926
"national","2-3","earned_by_hh_size > 123 & months_since_cert_n > 4.5 & shelter_expenses_by_hh_size <= 967 & total_deductions_by_hh_size > 807",76,76,28,0,0,0,8,0,0,FALSE,0.368421052631579,0.368421052631579,0.252505354950234,0.252505354950234,0,0.105263157894737
"national","2-3","rawben_rel_max >= 0.349 & shelter_expenses_by_hh_size < 956 & total_deductions_by_hh_size >= 176 & unearned_by_hh_size >= 1020",95,95,33,0,0,0,0,0,0,FALSE,0.347368421052632,0.347368421052632,0.244764631944021,0.244764631944021,0,0
"national","4+","gross_by_hh_size >= 208 & months_since_cert_n >= 5 & percent_abawd < 0.125 & rawben_rel_max >= 0.785",1172,1172,329,0,0,0,28,0,0,FALSE,0.280716723549488,0.280716723549488,0.251247681004857,0.251247681004857,0,0.0238907849829352
"national","2-3","medical_deductions >= 148 & rawben_rel_max >= 0.205",616,616,179,0,0,0,8,0,0,FALSE,0.290584415584416,0.290584415584416,0.250003484426036,0.250003484426036,0,0.012987012987013
"national","4+","earned_by_hh_size >= 102 & total_deductions_by_hh_size >= 130 & unearned_by_hh_size >= 193 & unearned_by_hh_size < 239",273,273,82,0,0,0,3,0,0,FALSE,0.3003663003663,0.3003663003663,0.240224084945912,0.240224084945912,0,0.010989010989011
"national","4+","earned_by_hh_size >= 5.5 & months_since_cert_n >= 6 & shelter_expenses_by_hh_size < 250 & total_deductions_by_hh_size < 325",1360,1360,362,3,2,12,53,0.00220588235294118,0.00552486187845304,FALSE,0.266176470588235,0.265291083271923,0.239267439538401,0.238386400856814,0.00882352941176471,0.0389705882352941
"national","4+","gross_by_hh_size >= 348 & gross_by_hh_size < 446 & married >= 1 & shelter_expenses_by_hh_size >= 435",70,70,25,0,0,0,3,0,0,FALSE,0.357142857142857,0.357142857142857,0.238640345661515,0.238640345661515,0,0.0428571428571429
"national","2-3","HH_size_n > 2.5 & months_since_cert_n > 4.5 & percent_abawd <= 0.5 & total_deductions_by_hh_size > 367",1028,1028,277,29,19,29,59,0.0282101167315175,0.0685920577617329,FALSE,0.269455252918288,0.258258258258258,0.238536966818668,0.227411651333218,0.0282101167315175,0.0573929961089494
"national","2-3","earned_by_hh_size < 1210 & shelter_expenses_by_hh_size < 1020 & total_deductions_by_hh_size >= 548 & total_deductions_by_hh_size < 558",317,317,92,98,57,98,112,0.309148264984227,0.619565217391304,TRUE,0.290220820189274,0.159817351598174,0.2348420203973,0.110533996485055,0.309148264984227,0.353312302839117
"national","2-3","earned_by_hh_size >= 32.3 & gross_by_hh_size >= 120 & total_deductions_by_hh_size < 135 & unearned_by_hh_size >= 0.5",149,149,47,0,0,0,1,0,0,FALSE,0.315436241610738,0.315436241610738,0.234679991915234,0.234679991915234,0,0.00671140939597315
"national","2-3","earned_by_hh_size > 127 & gross_by_hh_size <= 732 & unearned_by_hh_size > 56.8 & utilities_sua <= 1.5",207,207,62,0,0,0,8,0,0,FALSE,0.29951690821256,0.29951690821256,0.231342883164838,0.231342883164838,0,0.0386473429951691
"national","4+","gross_by_hh_size >= 508 & gross_by_hh_size < 901 & total_deductions_by_hh_size >= 401",334,334,95,0,0,0,4,0,0,FALSE,0.284431137724551,0.284431137724551,0.230804909735663,0.230804909735663,0,0.0119760479041916
"national","1","homeless >= 1 & rawben_rel_max > 0.997 & unc_rawben_rel_max <= 1.02 & utilities_sua > 1.5",34,34,17,0,0,2,13,0,0,FALSE,0.5,0.5,0.314742850860419,0.314742850860419,0.0588235294117647,0.382352941176471
"national","4+","earned_by_hh_size >= 270 & months_since_cert_n >= 13 & rawben_rel_max >= 0.439",100,100,39,0,0,0,2,0,0,FALSE,0.39,0.39,0.285000900617698,0.285000900617698,0,0.02
"national","4+","earned_by_hh_size > 63.4 & elderly_disabled_i >= 1 & gross_by_hh_size <= 482 & homeless <= 0",271,271,94,0,0,0,11,0,0,FALSE,0.346863468634686,0.346863468634686,0.283202691469621,0.283202691469621,0,0.040590405904059
"national","4+","earned_by_hh_size > 117 & HH_size_n > 4.5 & months_since_cert_n > 5.5 & unearned_by_hh_size <= 20.6",975,975,289,6,4,10,27,0.00615384615384615,0.013840830449827,FALSE,0.296410256410256,0.294117647058824,0.263590745802046,0.261289531483439,0.0102564102564103,0.0276923076923077
"national","1","medical_deductions < 332 & unc_rawben_rel_max >= 0.412 & unearned_by_hh_size >= 1790",270,270,82,0,0,0,8,0,0,FALSE,0.303703703703704,0.303703703703704,0.24299178990529,0.24299178990529,0,0.0296296296296296
"national","4+","count_divisible_by_100 > 0.5 & months_since_cert_n > 8.5 & unearned_by_hh_size <= 213",191,191,60,4,1,4,14,0.0209424083769634,0.0166666666666667,FALSE,0.31413612565445,0.315508021390374,0.242047865268465,0.242596703204705,0.0209424083769634,0.0732984293193717
"national","4+","gross_by_hh_size >= 585 & HH_size_n < 6 & rawben_rel_max >= 0.467",1409,1409,373,0,0,0,1,0,0,FALSE,0.26472675656494,0.26472675656494,0.238325524551205,0.238325524551205,0,0.0007097232079489
"national","2-3","earned_by_hh_size >= 132 & earned_by_hh_size < 484 & rawben_rel_max >= 0.471 & rawben_rel_max < 0.684",354,354,103,0,0,0,3,0,0,FALSE,0.290960451977401,0.290960451977401,0.238291265644502,0.238291265644502,0,0.00847457627118644
"national","4+","gross_by_hh_size >= 11.6 & unc_rawben_rel_max >= 1.07 & unc_rawben_rel_max < 1.1",409,409,117,79,45,89,187,0.193154034229829,0.384615384615385,TRUE,0.286063569682152,0.218181818181818,0.237144759090417,0.170076416860652,0.21760391198044,0.45721271393643
"national","4+","expedited_i >= 1 & gross_by_hh_size > 190 & months_since_cert_n <= 9.5 & shelter_expenses_by_hh_size <= 148",98,98,33,0,0,0,0,0,0,FALSE,0.336734693877551,0.336734693877551,0.236842092807955,0.236842092807955,0,0
"national","4+","earned_by_hh_size < 1000 & gross_by_hh_size >= 554 & months_since_cert_n >= 11",282,282,83,0,0,0,1,0,0,FALSE,0.294326241134752,0.294326241134752,0.235550069212736,0.235550069212736,0,0.00354609929078014
"national","2-3","count_divisible_by_100 > 0.5 & earned_by_hh_size > 0.417 & unc_rawben_rel_max > 0.409 & unc_rawben_rel_max <= 1",600,600,164,0,0,0,2,0,0,FALSE,0.273333333333333,0.273333333333333,0.233179577297521,0.233179577297521,0,0.00333333333333333
"national","1","elderly_disabled_i <= 0 & total_deductions_by_hh_size < 438 & unc_rawben_rel_max >= 0.377 & unearned_by_hh_size >= 668",55,55,20,0,0,0,0,0,0,FALSE,0.363636363636364,0.363636363636364,0.231372248810669,0.231372248810669,0,0
"national","4+","earned_by_hh_size >= 532 & rawben_rel_max >= 0.52 & unearned_by_hh_size < 78.4 & utilities_sua >= 2",1113,1113,289,0,0,0,0,0,0,FALSE,0.259658580413297,0.259658580413297,0.230304219567114,0.230304219567114,0,0
"national","2-3","earned_by_hh_size >= 603 & earned_by_hh_size < 910 & total_deductions_by_hh_size >= 606",529,529,144,0,0,0,18,0,0,FALSE,0.272211720226843,0.272211720226843,0.229673920989799,0.229673920989799,0,0.0340264650283554
"national","1","gross_by_hh_size < 2440 & homeless >= 1 & shelter_expenses_by_hh_size >= 486 & utilities_sua < 2",77,77,26,0,0,0,0,0,0,FALSE,0.337662337662338,0.337662337662338,0.226680718324082,0.226680718324082,0,0
"national","2-3","earned_by_hh_size >= 49 & months_since_cert_n < 10 & unearned_by_hh_size >= 12.7 & utilities_sua < 1",289,289,82,0,0,0,16,0,0,FALSE,0.283737024221453,0.283737024221453,0.226469988676638,0.226469988676638,0,0.055363321799308
"national","4+","gross_by_hh_size >= 634 & rawben_rel_max >= 0.39",1703,1703,421,0,0,0,0,0,0,FALSE,0.247210804462713,0.247210804462713,0.223721767491386,0.223721767491386,0,0
"national","4+","HH_size_n >= 5 & months_since_cert_n < 23 & rawben_rel_max >= 0.357 & rawben_rel_max < 0.39",220,220,63,0,0,0,0,0,0,FALSE,0.286363636363636,0.286363636363636,0.221268025920014,0.221268025920014,0,0
"national","2-3","shelter_expenses_by_hh_size >= 1180",396,396,106,11,7,11,28,0.0277777777777778,0.0660377358490566,FALSE,0.267676767676768,0.257142857142857,0.21931169446294,0.208947971965825,0.0277777777777778,0.0707070707070707
"national","2-3","HH_size_n >= 3 & shelter_expenses_by_hh_size >= 660",962,962,239,27,17,27,54,0.0280665280665281,0.0711297071129707,FALSE,0.248440748440748,0.237433155080214,0.217502496091452,0.206633812734811,0.0280665280665281,0.0561330561330561
"national","4+","homeless >= 1 & percent_abawd <= 0.1 & rawben_rel_max > 0.884 & total_deductions_by_hh_size > 68.1",31,31,12,0,0,1,7,0,0,FALSE,0.387096774193548,0.387096774193548,0.215365120290443,0.215365120290443,0.032258064516129,0.225806451612903
"national","4+","married >= 1 & shelter_expenses_by_hh_size >= 217 & unearned_by_hh_size < 134",2471,2471,572,35,20,40,67,0.0141643059490085,0.034965034965035,FALSE,0.231485228652367,0.226600985221675,0.212348615616751,0.207490470150406,0.0161877782274383,0.0271145285309591
"national","4+","gross_by_hh_size >= 297 & gross_by_hh_size < 370 & rawben_rel_max < 0.946 & shelter_expenses_by_hh_size < 7.25",67,67,22,0,0,0,0,0,0,FALSE,0.328358208955224,0.328358208955224,0.212177022782685,0.212177022782685,0,0
"national","2-3","earned_by_hh_size > 2.17 & elderly_disabled_i >= 1 & HH_size_n > 2.5 & unc_rawben_rel_max <= 1",434,434,111,0,0,0,0,0,0,FALSE,0.255760368663594,0.255760368663594,0.210262879966061,0.210262879966061,0,0
"national","2-3","earned_by_hh_size < 1210 & shelter_expenses_by_hh_size >= 1020",768,768,187,15,11,15,53,0.01953125,0.0588235294117647,FALSE,0.243489583333333,0.233731739707835,0.209342619683313,0.199836478831391,0.01953125,0.0690104166666667
"national","2-3","married >= 1 & shelter_expenses_by_hh_size < 797 & total_deductions_by_hh_size >= 704 & unc_rawben_rel_max < 1",34,34,17,0,0,0,0,0,0,FALSE,0.5,0.5,0.314742850860419,0.314742850860419,0,0
"national","1","bbce_state_i >= 1 & medical_deductions > 665 & total_deductions_by_hh_size > 560 & unearned_by_hh_size > 290",98,98,41,0,0,0,1,0,0,FALSE,0.418367346938776,0.418367346938776,0.309725744339253,0.309725744339253,0,0.0102040816326531
"national","2-3","months_since_cert_n < 5 & rawben_rel_max >= 0.996 & unearned_by_hh_size >= 612",54,54,23,0,0,0,9,0,0,FALSE,0.425925925925926,0.425925925925926,0.283298192066257,0.283298192066257,0,0.166666666666667
"national","4+","gross_by_hh_size <= 446 & months_since_cert_n > 5.5 & rawben_rel_max <= 0.976 & unearned_by_hh_size <= 249",1055,1055,329,0,0,0,8,0,0,FALSE,0.311848341232227,0.311848341232227,0.27970515895839,0.27970515895839,0,0.00758293838862559
"national","4+","gross_by_hh_size >= 202 & gross_by_hh_size < 542 & unearned_by_hh_size >= 134 & unearned_by_hh_size < 212",465,465,148,0,0,0,6,0,0,FALSE,0.318279569892473,0.318279569892473,0.270370882536009,0.270370882536009,0,0.0129032258064516
"national","2-3","months_since_cert_n >= 8 & rawben_rel_max >= 0.163 & unearned_by_hh_size >= 892 & utilities_sua < 2",31,31,14,0,0,0,0,0,0,FALSE,0.451612903225806,0.451612903225806,0.266834620602285,0.266834620602285,0,0
"national","1","children_i >= 1 & elderly_disabled_i <= 0 & months_since_cert_n < 4 & rawben_rel_max < 0.54",52,52,21,0,0,0,0,0,0,FALSE,0.403846153846154,0.403846153846154,0.262008536169519,0.262008536169519,0,0
"national","4+","gross_by_hh_size > 152 & married <= 0 & months_since_cert_n > 5.5 & unearned_by_hh_size <= 54.6",1000,1000,289,11,4,11,30,0.011,0.013840830449827,FALSE,0.289,0.288169868554095,0.256863739641394,0.255895350113208,0.011,0.03
"national","2-3","gross_by_hh_size >= 736 & months_since_cert_n >= 8 & shelter_expenses_by_hh_size >= 654 & utilities_sua < 2",45,45,18,0,0,0,2,0,0,FALSE,0.4,0.4,0.249881146467481,0.249881146467481,0,0.0444444444444444
"national","1","children_i >= 1 & rawben_rel_max < 0.564 & total_deductions_by_hh_size < 610",61,61,23,1,0,1,0,0.0163934426229508,0,FALSE,0.377049180327869,0.383333333333333,0.24837299748304,0.252820632420921,0.0163934426229508,0
"national","2-3","earned_by_hh_size < 1210 & rawben_rel_max < 0.49 & shelter_expenses_by_hh_size >= 1020",164,164,53,0,0,0,3,0,0,FALSE,0.323170731707317,0.323170731707317,0.245048711843517,0.245048711843517,0,0.0182926829268293
"national","2-3","earned_by_hh_size > 7.83 & months_since_cert_n > 3.5 & rawben_rel_max > 0.351 & rawben_rel_max <= 0.971",3432,3432,896,1,1,1,17,0.000291375291375291,0.00111607142857143,FALSE,0.261072261072261,0.260856893034101,0.244019157586091,0.243806344031401,0.000291375291375291,0.00495337995337995
"national","2-3","shelter_expenses_by_hh_size >= 971 & total_deductions_by_hh_size >= 146 & unearned_by_hh_size >= 607 & unearned_by_hh_size < 691",31,31,13,0,0,0,9,0,0,FALSE,0.419354838709677,0.419354838709677,0.240746327794409,0.240746327794409,0,0.290322580645161
"national","1","earned_by_hh_size > 424 & expedited_i >= 1 & months_since_cert_n > 4.5 & utilities_sua > 0.5",251,251,76,27,17,31,70,0.107569721115538,0.223684210526316,FALSE,0.302788844621514,0.263392857142857,0.240079207476735,0.201100039038079,0.123505976095618,0.278884462151394
"national","1","rawben_rel_max < 0.0819 & unc_rawben_rel_max >= 0.08 & unc_rawben_rel_max < 1.81",420,420,121,0,0,0,0,0,0,FALSE,0.288095238095238,0.288095238095238,0.23964692616892,0.23964692616892,0,0
"national","1","gross_by_hh_size >= 1900 & months_since_cert_n < 21 & shelter_expenses_by_hh_size >= 2090",228,228,69,0,0,0,15,0,0,FALSE,0.302631578947368,0.302631578947368,0.237114982496035,0.237114982496035,0,0.0657894736842105
"national","4+","gross_by_hh_size >= 198 & shelter_expenses_by_hh_size < 246 & total_deductions_by_hh_size >= 272",173,173,54,0,0,0,5,0,0,FALSE,0.312138728323699,0.312138728323699,0.236943948818522,0.236943948818522,0,0.0289017341040462
"national","2-3","children_i <= 0 & expedited_i >= 1 & rawben_rel_max <= 0.973",175,175,54,0,0,0,2,0,0,FALSE,0.308571428571429,0.308571428571429,0.234117333284945,0.234117333284945,0,0.0114285714285714
"national","2-3","rawben_rel_max < 0.293 & shelter_expenses_by_hh_size >= 1140 & unc_rawben_rel_max < 1.49",96,96,32,0,0,0,5,0,0,FALSE,0.333333333333333,0.333333333333333,0.232979004151565,0.232979004151565,0,0.0520833333333333
"national","2-3","gross_by_hh_size >= 817 & gross_by_hh_size < 1150 & shelter_expenses_by_hh_size >= 1100",132,132,42,0,0,0,6,0,0,FALSE,0.318181818181818,0.318181818181818,0.232642437195441,0.232642437195441,0,0.0454545454545455
"national","4+","earned_by_hh_size >= 665 & earned_by_hh_size < 756 & rawben_rel_max >= 0.576 & total_deductions_by_hh_size >= 232",154,154,48,0,0,0,0,0,0,FALSE,0.311688311688312,0.311688311688312,0.232509952129452,0.232509952129452,0,0
"national","1","earned_by_hh_size >= 678 & months_since_cert_n >= 8 & shelter_expenses_by_hh_size >= 1140 & total_deductions_by_hh_size >= 938",398,398,112,50,35,51,82,0.125628140703518,0.3125,TRUE,0.281407035175879,0.221264367816092,0.232179302572539,0.173994998362483,0.128140703517588,0.206030150753769
"national","4+","gross_by_hh_size >= 937 & total_deductions_by_hh_size >= 460",97,97,32,0,0,0,0,0,0,FALSE,0.329896907216495,0.329896907216495,0.230442174415075,0.230442174415075,0,0
"national","1","medical_deductions > 194 & medical_deductions <= 656 & rawben_rel_max > 0.997 & unc_rawben_rel_max <= 1.02",76,76,44,0,0,1,7,0,0,FALSE,0.578947368421053,0.578947368421053,0.446313364396129,0.446313364396129,0.0131578947368421,0.0921052631578947
"national","2-3","gross_by_hh_size >= 996 & rawben_rel_max >= 0.751 & unc_rawben_rel_max < 1.17",92,92,37,0,0,0,2,0,0,FALSE,0.402173913043478,0.402173913043478,0.291921171386649,0.291921171386649,0,0.0217391304347826
"national","2-3","children_i <= 0 & rawben_rel_max <= 0.984 & total_deductions_by_hh_size > 691",365,365,126,0,0,0,3,0,0,FALSE,0.345205479452055,0.345205479452055,0.289962771485831,0.289962771485831,0,0.00821917808219178
"national","4+","gross_by_hh_size < 395 & months_since_cert_n >= 6 & rawben_rel_max < 0.939 & unearned_by_hh_size < 242",673,673,214,0,0,0,4,0,0,FALSE,0.317979197622585,0.317979197622585,0.277818084710833,0.277818084710833,0,0.00594353640416048
"national","4+","children_i >= 1 & percent_abawd > 0.279 & rawben_rel_max <= 0.973 & total_deductions_by_hh_size <= 261",124,124,44,0,0,0,0,0,0,FALSE,0.354838709677419,0.354838709677419,0.262888779464161,0.262888779464161,0,0
"national","4+","months_since_cert_n >= 3 & months_since_cert_n < 5 & shelter_expenses_by_hh_size < 391 & total_deductions_by_hh_size >= 358",64,64,25,0,0,0,3,0,0,FALSE,0.390625,0.390625,0.262670343434311,0.262670343434311,0,0.046875
"national","4+","gross_by_hh_size >= 265 & gross_by_hh_size < 434 & total_deductions_by_hh_size >= 327 & unc_rawben_rel_max >= 0.454",110,110,39,0,0,0,23,0,0,FALSE,0.354545454545455,0.354545454545455,0.257564643097082,0.257564643097082,0,0.209090909090909
"national","4+","gross_by_hh_size > 160 & HH_size_n > 5.5 & months_since_cert_n > 1.5 & shelter_expenses_by_hh_size > 211",1032,1032,295,0,0,0,12,0,0,FALSE,0.285852713178295,0.285852713178295,0.254321742054725,0.254321742054725,0,0.0116279069767442
"national","4+","gross_by_hh_size >= 146 & months_since_cert_n >= 5 & shelter_expenses_by_hh_size < 82.4 & utilities_sua >= 2",133,133,45,0,0,0,0,0,0,FALSE,0.338345864661654,0.338345864661654,0.25090634356106,0.25090634356106,0,0
"national","1","earned_by_hh_size >= 191 & expedited_i >= 1 & gross_by_hh_size >= 317 & months_since_cert_n >= 6",308,308,94,24,16,28,81,0.0779220779220779,0.170212765957447,FALSE,0.305194805194805,0.274647887323944,0.24796178257414,0.217689359021802,0.0909090909090909,0.262987012987013
"national","4+","count_divisible_by_100 >= 1 & gross_by_hh_size >= 118 & married >= 1 & shelter_expenses_by_hh_size < 476",333,333,100,1,0,2,8,0.003003003003003,0,FALSE,0.3003003003003,0.301204819277108,0.245445993401686,0.246210362830826,0.00600600600600601,0.024024024024024
"national","4+","gross_by_hh_size < 446 & HH_size_n >= 5 & months_since_cert_n >= 7 & unearned_by_hh_size >= 97.6",451,451,130,0,0,0,14,0,0,FALSE,0.288248337028825,0.288248337028825,0.241379526222577,0.241379526222577,0,0.0310421286031042
"national","4+","rawben_rel_max >= 0.478 & shelter_expenses_by_hh_size >= 470 & total_deductions_by_hh_size >= 304 & total_deductions_by_hh_size < 374",285,285,84,0,0,0,2,0,0,FALSE,0.294736842105263,0.294736842105263,0.23621393357684,0.23621393357684,0,0.00701754385964912
"national","1","medical_deductions < 3 & rawben_rel_max >= 0.331 & unearned_by_hh_size >= 1160 & utilities_sua < 2",334,334,96,0,0,0,5,0,0,FALSE,0.287425149700599,0.287425149700599,0.233575278712904,0.233575278712904,0,0.0149700598802395
"national","2-3","earned_by_hh_size >= 142 & gross_by_hh_size < 290 & unc_rawben_rel_max < 1.14",610,610,166,77,54,77,193,0.126229508196721,0.325301204819277,TRUE,0.272131147540984,0.210131332082552,0.232356875565748,0.172101292765392,0.126229508196721,0.316393442622951
"national","1","gross_by_hh_size > 158 & percent_abawd > 0.5 & shelter_expenses_by_hh_size > 1930 & total_deductions_by_hh_size > 552",111,111,36,22,17,22,31,0.198198198198198,0.472222222222222,TRUE,0.324324324324324,0.213483146067416,0.231240274371355,0.130445103910211,0.198198198198198,0.279279279279279
"national","1","elderly_disabled_i >= 1 & gross_by_hh_size <= 540 & total_deductions_by_hh_size <= 559 & unc_rawben_rel_max <= 1.03",380,380,106,35,13,40,109,0.0921052631578947,0.122641509433962,FALSE,0.278947368421053,0.269565217391304,0.228823442527133,0.21787131732172,0.105263157894737,0.286842105263158
"national","2-3","bbce_state_i >= 1 & earned_by_hh_size > 7.83 & earned_by_hh_size <= 73.2 & rawben_rel_max <= 0.976",135,135,42,0,0,0,0,0,0,FALSE,0.311111111111111,0.311111111111111,0.227223743507575,0.227223743507575,0,0
"national","4+","months_since_cert_n >= 5 & rawben_rel_max >= 0.262 & unc_rawben_rel_max < 0.501",1178,1178,301,0,0,0,0,0,0,FALSE,0.255517826825127,0.255517826825127,0.227124027504637,0.227124027504637,0,0
"national","4+","months_since_cert_n < 10 & shelter_expenses_by_hh_size >= 263 & unearned_by_hh_size >= 259 & unearned_by_hh_size < 342",295,295,83,0,0,0,2,0,0,FALSE,0.28135593220339,0.28135593220339,0.224820848967497,0.224820848967497,0,0.00677966101694915
"national","4+","gross_by_hh_size >= 814 & months_since_cert_n < 11 & rawben_rel_max >= 0.337 & unc_rawben_rel_max >= 0.224",364,364,100,0,0,0,0,0,0,FALSE,0.274725274725275,0.274725274725275,0.223903771190322,0.223903771190322,0,0
"national","4+","earned_by_hh_size >= 45 & HH_size_n < 5 & shelter_expenses_by_hh_size < 97 & unearned_by_hh_size < 133",367,367,100,0,0,17,35,0,0,FALSE,0.272479564032698,0.272479564032698,0.222018554662016,0.222018554662016,0.0463215258855586,0.0953678474114441
"national","4+","gross_by_hh_size >= 232 & months_since_cert_n >= 3 & shelter_expenses_by_hh_size < 79.6 & utilities_sua >= 1",247,247,70,0,0,0,0,0,0,FALSE,0.283400809716599,0.283400809716599,0.221902994503577,0.221902994503577,0,0
"national","1","unc_rawben_rel_max > 0.998 & unc_rawben_rel_max <= 1.03 & utilities_sua <= 0.5",562,562,147,157,31,158,263,0.279359430604982,0.210884353741497,TRUE,0.261565836298932,0.28641975308642,0.220864294364748,0.237252283543165,0.281138790035587,0.46797153024911
"national","1","elderly_disabled_i >= 1 & rawben_rel_max >= 1 & shelter_expenses_by_hh_size >= 848 & unc_rawben_rel_max < 1.02",1250,1250,382,2,1,38,284,0.0016,0.00261780104712042,FALSE,0.3056,0.305288461538462,0.276185020686319,0.275860623554869,0.0304,0.2272
"national","1","months_since_cert_n > 6.5 & rawben_rel_max <= 0.819 & unc_rawben_rel_max > 0.277 & unearned_by_hh_size <= 206",330,330,101,0,0,0,14,0,0,FALSE,0.306060606060606,0.306060606060606,0.250574361713065,0.250574361713065,0,0.0424242424242424
"national","1","earned_by_hh_size >= 158 & earned_by_hh_size < 709 & gross_by_hh_size < 1080 & months_since_cert_n >= 6",762,762,197,143,74,149,288,0.187664041994751,0.375634517766497,TRUE,0.258530183727034,0.198707592891761,0.223431233609171,0.164083508368281,0.195538057742782,0.377952755905512
"national","1","earned_by_hh_size < 1730 & rawben_rel_max < 0.0893 & total_deductions_by_hh_size >= 234 & unc_rawben_rel_max >= 0.076",619,619,157,0,0,0,1,0,0,FALSE,0.253634894991922,0.253634894991922,0.215213352614516,0.215213352614516,0,0.00161550888529887
"national","2-3","medical_deductions > 162 & percent_abawd <= 0.167 & rawben_rel_max > 0.997 & utilities_sua > 0.5",48,48,22,0,0,0,8,0,0,FALSE,0.458333333333333,0.458333333333333,0.303915797388308,0.303915797388308,0,0.166666666666667
"national","2-3","elderly_disabled_i <= 0 & shelter_expenses_by_hh_size <= 712 & total_deductions_by_hh_size > 673 & unc_rawben_rel_max <= 1",203,203,73,0,0,0,1,0,0,FALSE,0.359605911330049,0.359605911330049,0.285845479528446,0.285845479528446,0,0.00492610837438424
"national","2-3","medical_deductions <= 582 & rawben_rel_max > 0.132 & unc_rawben_rel_max > 0.999 & unc_rawben_rel_max <= 1",261,261,91,0,0,0,2,0,0,FALSE,0.348659003831418,0.348659003831418,0.283752129822409,0.283752129822409,0,0.00766283524904215
"national","2-3","children_i <= 0 & gross_by_hh_size >= 360 & total_deductions_by_hh_size < 642 & unc_rawben_rel_max >= 1.16",46,46,20,18,9,18,33,0.391304347826087,0.45,TRUE,0.434782608695652,0.392857142857143,0.280683767268984,0.212911277414405,0.391304347826087,0.717391304347826
"national","4+","rawben_rel_max < 0.882 & shelter_expenses_by_hh_size < 447 & total_deductions_by_hh_size >= 335 & unc_rawben_rel_max < 1.16",561,561,179,0,0,0,0,0,0,FALSE,0.319073083778966,0.319073083778966,0.275213145061513,0.275213145061513,0,0
"national","4+","earned_by_hh_size >= 18.2 & percent_abawd < 0.0769 & shelter_expenses_by_hh_size >= 451 & unearned_by_hh_size >= 3.17",400,400,130,0,0,0,10,0,0,FALSE,0.325,0.325,0.273177725401097,0.273177725401097,0,0.025
"national","2-3","count_divisible_by_100 >= 1 & gross_by_hh_size >= 1150 & rawben_rel_max >= 0.225",73,73,28,0,0,0,1,0,0,FALSE,0.383561643835616,0.383561643835616,0.263615552925791,0.263615552925791,0,0.0136986301369863
"national","4+","earned_by_hh_size >= 87.4 & earned_by_hh_size < 176",822,822,238,22,11,32,144,0.0267639902676399,0.046218487394958,FALSE,0.289537712895377,0.28375,0.254212887755616,0.248225208442415,0.0389294403892944,0.175182481751825
"national","1","medical_deductions > 166 & total_deductions_by_hh_size > 966 & utilities_sua > 0.5 & utilities_sua <= 1.5",66,66,25,0,0,0,0,0,0,FALSE,0.378787878787879,0.378787878787879,0.254135547386207,0.254135547386207,0,0
"national","4+","HH_size_n > 5.5 & married <= 0 & months_since_cert_n > 0.5 & unearned_by_hh_size > 159",446,446,134,0,0,0,4,0,0,FALSE,0.300448430493274,0.300448430493274,0.252592969965603,0.252592969965603,0,0.00896860986547085
"national","4+","earned_by_hh_size > 63.9 & rawben_rel_max > 0.678 & shelter_expenses_by_hh_size <= 97.1",526,526,156,0,0,0,25,0,0,FALSE,0.296577946768061,0.296577946768061,0.252516138314464,0.252516138314464,0,0.0475285171102662
"national","4+","earned_by_hh_size < 1100 & total_deductions_by_hh_size >= 177 & unc_rawben_rel_max < 0.79 & unearned_by_hh_size >= 151",943,943,265,0,0,0,0,0,0,FALSE,0.28101802757158,0.28101802757158,0.248294416030532,0.248294416030532,0,0
"national","1","children_i <= 0 & medical_deductions <= 150 & shelter_expenses_by_hh_size > 969 & utilities_sua <= 0.5",418,418,124,10,5,10,28,0.0239234449760766,0.0403225806451613,FALSE,0.296650717703349,0.291666666666667,0.247549574086551,0.242324319605914,0.0239234449760766,0.0669856459330144
"national","4+","rawben_rel_max <= 0.957 & shelter_expenses_by_hh_size <= 160 & total_deductions_by_hh_size > 65.9 & total_deductions_by_hh_size <= 130",1142,1142,313,0,0,0,6,0,0,FALSE,0.274080560420315,0.274080560420315,0.244498238007523,0.244498238007523,0,0.00525394045534151
"national","4+","elderly_disabled_i <= 0 & expedited_i >= 1 & gross_by_hh_size > 256",328,328,96,0,0,0,2,0,0,FALSE,0.292682926829268,0.292682926829268,0.237989846683258,0.237989846683258,0,0.00609756097560976
"national","1","gross_by_hh_size < 845 & rawben_rel_max >= 0.984 & shelter_expenses_by_hh_size >= 388 & unc_rawben_rel_max < 1.01",215,215,65,0,0,1,77,0,0,FALSE,0.302325581395349,0.302325581395349,0.235059910965347,0.235059910965347,0.00465116279069767,0.358139534883721
"national","4+","earned_by_hh_size >= 584 & earned_by_hh_size < 600",204,204,62,0,0,0,0,0,0,FALSE,0.303921568627451,0.303921568627451,0.234884072451156,0.234884072451156,0,0
"national","4+","gross_by_hh_size >= 483 & HH_size_n >= 5 & married <= 0 & unc_rawben_rel_max < 0.52",923,923,245,0,0,0,0,0,0,FALSE,0.265438786565547,0.265438786565547,0.233069751720136,0.233069751720136,0,0
"national","4+","percent_abawd >= 0.273 & total_deductions_by_hh_size >= 157 & total_deductions_by_hh_size < 213",65,65,23,0,0,0,1,0,0,FALSE,0.353846153846154,0.353846153846154,0.232055518891449,0.232055518891449,0,0.0153846153846154
"national","2-3","earned_by_hh_size > 119 & months_since_cert_n <= 5.5 & percent_abawd > 0.417 & utilities_sua <= 0.5",56,56,20,0,0,0,1,0,0,FALSE,0.357142857142857,0.357142857142857,0.226950641928008,0.226950641928008,0,0.0178571428571429
"national","4+","earned_by_hh_size < 678 & months_since_cert_n >= 4 & total_deductions_by_hh_size >= 325 & total_deductions_by_hh_size < 341",128,128,40,0,0,0,5,0,0,FALSE,0.3125,0.3125,0.226452758180266,0.226452758180266,0,0.0390625
"national","2-3","earned_by_hh_size >= 1200 & months_since_cert_n >= 9 & rawben_rel_max >= 0.225 & shelter_expenses_by_hh_size >= 746",33,33,13,0,0,0,1,0,0,FALSE,0.393939393939394,0.393939393939394,0.22488819799654,0.22488819799654,0,0.0303030303030303
"national","2-3","gross_by_hh_size >= 886 & percent_abawd >= 0.667 & rawben_rel_max >= 0.331 & unc_rawben_rel_max < 1.17",30,30,12,0,0,0,0,0,0,FALSE,0.4,0.4,0.223178243372627,0.223178243372627,0,0
"national","2-3","expedited_i >= 1 & months_since_cert_n <= 5.5 & rawben_rel_max <= 0.976 & total_deductions_by_hh_size > 106",491,491,131,0,0,0,4,0,0,FALSE,0.266802443991853,0.266802443991853,0.223100415251574,0.223100415251574,0,0.00814663951120163
"national","1","months_since_cert_n < 6 & rawben_rel_max >= 0.883 & shelter_expenses_by_hh_size >= 1920 & unearned_by_hh_size >= 1520",75,75,25,0,0,0,12,0,0,FALSE,0.333333333333333,0.333333333333333,0.221756287163207,0.221756287163207,0,0.16
"national","1","total_deductions_by_hh_size < 714 & unc_rawben_rel_max < 1.01 & unearned_by_hh_size >= 423 & unearned_by_hh_size < 539",288,288,80,0,0,5,54,0,0,FALSE,0.277777777777778,0.277777777777778,0.220916148525958,0.220916148525958,0.0173611111111111,0.1875
"national","1","percent_abawd < 1 & rawben_rel_max < 0.0819 & unc_rawben_rel_max >= 0.08",386,386,104,0,0,0,0,0,0,FALSE,0.269430051813472,0.269430051813472,0.220358641898174,0.220358641898174,0,0
"national","2-3","children_i <= 0 & rawben_rel_max < 0.711 & shelter_expenses_by_hh_size < 342 & unearned_by_hh_size < 466",282,282,78,0,0,0,2,0,0,FALSE,0.276595744680851,0.276595744680851,0.219285020625559,0.219285020625559,0,0.00709219858156028
"national","4+","percent_abawd <= 0.236 & rawben_rel_max <= 0.945 & unearned_by_hh_size > 27.4 & unearned_by_hh_size <= 73.4",530,530,156,0,0,0,0,0,0,FALSE,0.294339622641509,0.294339622641509,0.250557707226752,0.250557707226752,0,0
"national","2-3","children_i <= 0 & medical_deductions <= 500 & shelter_expenses_by_hh_size > 895 & unearned_by_hh_size > 280",547,547,157,2,2,2,22,0.0036563071297989,0.0127388535031847,FALSE,0.287020109689214,0.284403669724771,0.244288841729965,0.241745876280322,0.0036563071297989,0.0402193784277879
"national","4+","gross_by_hh_size >= 483 & HH_size_n >= 5 & total_deductions_by_hh_size >= 150 & unc_rawben_rel_max >= 0.52",899,899,242,0,0,0,1,0,0,FALSE,0.269187986651835,0.269187986651835,0.236235935303055,0.236235935303055,0,0.00111234705228031
"national","4+","gross_by_hh_size > 739 & months_since_cert_n > 5.5 & rawben_rel_max > 0.262",378,378,107,0,0,0,0,0,0,FALSE,0.283068783068783,0.283068783068783,0.232529001518182,0.232529001518182,0,0
"national","4+","count_divisible_by_100 >= 1 & HH_size_n < 6 & months_since_cert_n >= 10 & shelter_expenses_by_hh_size >= 180",94,94,31,1,0,1,5,0.0106382978723404,0,FALSE,0.329787234042553,0.333333333333333,0.228982877993909,0.231586206042145,0.0106382978723404,0.0531914893617021
"national","2-3","earned_by_hh_size >= 21.7 & percent_abawd >= 0.333 & shelter_expenses_by_hh_size < 409",516,516,139,6,3,7,36,0.0116279069767442,0.0215827338129496,FALSE,0.26937984496124,0.266666666666667,0.226518882156404,0.223742509467135,0.0135658914728682,0.0697674418604651
"national","4+","percent_abawd > 0.268 & percent_abawd <= 0.708",253,253,72,1,0,1,3,0.00395256916996047,0,FALSE,0.284584980237154,0.285714285714286,0.22365051095754,0.224569905890085,0.00395256916996047,0.0118577075098814
"national","2-3","bbce_state_i >= 1 & count_divisible_by_100 > 0.5 & rawben_rel_max > 0.151 & unc_rawben_rel_max <= 1",1180,1180,295,0,0,0,2,0,0,FALSE,0.25,0.25,0.221865392893,0.221865392893,0,0.00169491525423729
"national","1","elderly_disabled_i <= 0 & gross_by_hh_size > 547 & shelter_expenses_by_hh_size > 1690",456,456,121,73,46,73,98,0.160087719298246,0.380165289256198,TRUE,0.265350877192982,0.195822454308094,0.220213423025208,0.153033056029802,0.160087719298246,0.214912280701754
"national","4+","earned_by_hh_size >= 29.8 & gross_by_hh_size < 128 & married >= 1 & unc_rawben_rel_max < 1.1",76,76,25,0,0,5,31,0,0,FALSE,0.328947368421053,0.328947368421053,0.218663902555803,0.218663902555803,0.0657894736842105,0.407894736842105
"national","2-3","HH_size_n >= 3 & shelter_expenses_by_hh_size >= 252 & total_deductions_by_hh_size >= 416 & utilities_sua >= 2",1583,1583,380,0,0,0,37,0,0,FALSE,0.240050536955148,0.240050536955148,0.215993111827396,0.215993111827396,0,0.0233733417561592
"national","2-3","gross_by_hh_size >= 1060 & rawben_rel_max >= 0.377 & unearned_by_hh_size < 779",465,465,121,0,0,0,4,0,0,FALSE,0.260215053763441,0.260215053763441,0.215838797018299,0.215838797018299,0,0.00860215053763441
"national","1","rawben_rel_max < 0.0819 & unc_rawben_rel_max >= 0.076 & unearned_by_hh_size < 1120",175,175,50,0,0,0,0,0,0,FALSE,0.285714285714286,0.285714285714286,0.213645567328634,0.213645567328634,0,0
"national","1","earned_by_hh_size >= 142 & months_since_cert_n >= 6 & unc_rawben_rel_max >= 1.02 & unc_rawben_rel_max < 1.47",693,693,173,143,74,149,282,0.206349206349206,0.427745664739884,TRUE,0.24963924963925,0.18,0.213436282049627,0.145071179845987,0.215007215007215,0.406926406926407
"national","2-3","percent_abawd < 0.333 & rawben_rel_max < 0.0522 & unc_rawben_rel_max >= 0.043",97,97,30,0,0,0,0,0,0,FALSE,0.309278350515464,0.309278350515464,0.21264315099933,0.21264315099933,0,0
"national","1","rawben_rel_max >= 0.623 & shelter_expenses_by_hh_size < 1720 & unc_rawben_rel_max >= 0.56 & unearned_by_hh_size >= 1540",209,209,58,0,0,0,3,0,0,FALSE,0.277511961722488,0.277511961722488,0.211776442607696,0.211776442607696,0,0.0143540669856459
"national","4+","gross_by_hh_size >= 740 & months_since_cert_n < 9 & shelter_expenses_by_hh_size >= 91 & unearned_by_hh_size >= 105",489,489,124,0,0,0,0,0,0,FALSE,0.253578732106339,0.253578732106339,0.210684684561606,0.210684684561606,0,0
"national","1","earned_by_hh_size >= 270 & gross_by_hh_size >= 370 & months_since_cert_n >= 5 & rawben_rel_max >= 0.308",1732,1732,417,109,70,119,301,0.062933025404157,0.167865707434053,FALSE,0.240762124711316,0.213801601971657,0.217697323321013,0.191101414729103,0.0687066974595843,0.17378752886836
"national","4+","rawben_rel_max >= 0.378 & shelter_expenses_by_hh_size >= 289 & unearned_by_hh_size >= 447 & unearned_by_hh_size < 519",158,158,46,0,0,0,0,0,0,FALSE,0.291139240506329,0.291139240506329,0.215104536252054,0.215104536252054,0,0
"national","2-3","bbce_state_i >= 1 & shelter_expenses_by_hh_size >= 829 & shelter_expenses_by_hh_size < 856 & unearned_by_hh_size < 0.5",112,112,34,6,4,6,8,0.0535714285714286,0.117647058823529,FALSE,0.303571428571429,0.283018867924528,0.213506839814378,0.193730323563271,0.0535714285714286,0.0714285714285714
"national","4+","earned_by_hh_size > 8.9 & months_since_cert_n > 5.5 & rawben_rel_max <= 0.975 & shelter_expenses_by_hh_size > 74.8",2424,2424,711,0,0,0,4,0,0,FALSE,0.293316831683168,0.293316831683168,0.272286946759214,0.272286946759214,0,0.00165016501650165
"national","4+","earned_by_hh_size >= 442 & earned_by_hh_size < 678 & HH_size_n >= 6 & married <= 0",297,297,89,0,0,0,0,0,0,FALSE,0.2996632996633,0.2996632996633,0.24186792779823,0.24186792779823,0,0
"national","2-3","gross_by_hh_size > 1060 & unc_rawben_rel_max > 0.155 & unc_rawben_rel_max <= 1",1553,1553,410,0,0,0,6,0,0,FALSE,0.264005151320026,0.264005151320026,0.238839108215579,0.238839108215579,0,0.00386349001931745
"national","4+","elderly_disabled_i >= 1 & rawben_rel_max >= 0.274 & total_deductions_by_hh_size >= 179",1030,1030,272,0,0,0,45,0,0,FALSE,0.264077669902913,0.264077669902913,0.233420018307693,0.233420018307693,0,0.0436893203883495
"national","2-3","count_divisible_by_100 > 0.5 & count_divisible_by_100 <= 1.5 & earned_by_hh_size > 194 & total_deductions_by_hh_size <= 272",184,184,56,0,0,0,2,0,0,FALSE,0.304347826086957,0.304347826086957,0.231969959776948,0.231969959776948,0,0.0108695652173913
"national","4+","count_divisible_by_100 <= 1.5 & earned_by_hh_size > 127 & rawben_rel_max > 0.975 & total_deductions_by_hh_size > 270",350,350,97,56,34,56,103,0.16,0.350515463917526,TRUE,0.277142857142857,0.214285714285714,0.225207865394441,0.164049821622825,0.16,0.294285714285714
"national","2-3","shelter_expenses_by_hh_size >= 488 & unc_rawben_rel_max >= 0.043 & unc_rawben_rel_max < 0.0523",61,61,21,0,0,0,0,0,0,FALSE,0.344262295081967,0.344262295081967,0.220744465328137,0.220744465328137,0,0
"national","2-3","gross_by_hh_size > 359 & medical_deductions <= 164 & percent_abawd > 0.167 & total_deductions_by_hh_size > 541",381,381,100,19,12,19,33,0.0498687664041995,0.12,FALSE,0.26246719160105,0.243093922651934,0.213625730201397,0.194687124043199,0.0498687664041995,0.0866141732283465
"national","4+","gross_by_hh_size >= 564 & rawben_rel_max >= 0.489 & unc_rawben_rel_max >= 0.508 & unc_rawben_rel_max < 0.524",173,173,49,0,0,0,0,0,0,FALSE,0.283236994219653,0.283236994219653,0.211072874929207,0.211072874929207,0,0
"national","1","elderly_disabled_i <= 0 & gross_by_hh_size > 426 & months_since_cert_n > 10.5",407,407,105,22,17,23,65,0.0540540540540541,0.161904761904762,FALSE,0.257985257985258,0.228571428571429,0.210946895817971,0.182757991502335,0.0565110565110565,0.15970515970516
"national","4+","gross_by_hh_size >= 290 & HH_size_n >= 7 & months_since_cert_n < 5 & shelter_expenses_by_hh_size < 124",102,102,31,0,0,0,0,0,0,FALSE,0.303921568627451,0.303921568627451,0.210098883004745,0.210098883004745,0,0
"national","4+","earned_by_hh_size < 426 & months_since_cert_n < 11 & rawben_rel_max >= 0.749 & unc_rawben_rel_max < 0.79",506,506,142,0,0,0,1,0,0,FALSE,0.280632411067194,0.280632411067194,0.236681345877484,0.236681345877484,0,0.00197628458498024
"national","2-3","months_since_cert_n >= 1 & shelter_expenses_by_hh_size >= 725 & unc_rawben_rel_max >= 0.454 & unc_rawben_rel_max < 0.686",634,634,170,0,0,0,3,0,0,FALSE,0.26813880126183,0.26813880126183,0.229304729016266,0.229304729016266,0,0.00473186119873817
"national","4+","earned_by_hh_size >= 277 & earned_by_hh_size < 319 & months_since_cert_n < 9",430,430,118,0,0,0,10,0,0,FALSE,0.274418604651163,0.274418604651163,0.227402186718834,0.227402186718834,0,0.0232558139534884
"national","4+","HH_size_n > 4.5 & rawben_rel_max <= 0.946 & total_deductions_by_hh_size > 341",285,285,104,0,0,0,0,0,0,FALSE,0.364912280701754,0.364912280701754,0.301673275291663,0.301673275291663,0,0
"national","4+","HH_size_n > 5.5 & rawben_rel_max > 0.678 & rawben_rel_max <= 0.962 & shelter_expenses_by_hh_size <= 216",692,692,215,0,0,0,4,0,0,FALSE,0.310693641618497,0.310693641618497,0.271375423446574,0.271375423446574,0,0.00578034682080925
"national","4+","HH_size_n >= 7 & months_since_cert_n >= 9 & total_deductions_by_hh_size < 110",57,57,22,0,0,0,0,0,0,FALSE,0.385964912280702,0.385964912280702,0.252175021447798,0.252175021447798,0,0
"national","4+","earned_by_hh_size > 42.6 & months_since_cert_n <= 5.5 & total_deductions_by_hh_size <= 125",666,666,194,0,0,11,28,0,0,FALSE,0.291291291291291,0.291291291291291,0.252152212976323,0.252152212976323,0.0165165165165165,0.042042042042042
"national","2-3","gross_by_hh_size >= 1530 & shelter_expenses_by_hh_size >= 956 & total_deductions_by_hh_size >= 176 & unearned_by_hh_size >= 1020",48,48,19,0,0,0,1,0,0,FALSE,0.395833333333333,0.395833333333333,0.25038398115754,0.25038398115754,0,0.0208333333333333
"national","4+","children_i >= 1 & months_since_cert_n >= 12 & unc_rawben_rel_max < 1.03",428,428,127,2,0,4,9,0.00467289719626168,0,FALSE,0.296728971962617,0.2981220657277,0.248164458357249,0.249365052323143,0.00934579439252336,0.0210280373831776
"national","2-3","medical_deductions < 148 & total_deductions_by_hh_size >= 848 & unc_rawben_rel_max >= -0.708 & unc_rawben_rel_max < 0.514",61,61,25,0,0,0,3,0,0,FALSE,0.409836065573771,0.409836065573771,0.276616467952426,0.276616467952426,0,0.0491803278688525
"national","4+","HH_size_n > 5.5 & months_since_cert_n > 5.5 & unc_rawben_rel_max <= 0.96 & unearned_by_hh_size <= 67.9",472,472,153,0,0,0,4,0,0,FALSE,0.324152542372881,0.324152542372881,0.276278720426227,0.276278720426227,0,0.00847457627118644
"national","2-3","rawben_rel_max <= 0.971 & unc_rawben_rel_max > 0.162 & unearned_by_hh_size > 1100 & utilities_sua > 1.5",256,256,87,0,0,0,0,0,0,FALSE,0.33984375,0.33984375,0.274936396971876,0.274936396971876,0,0
"national","4+","elderly_disabled_i >= 1 & percent_abawd <= 0.0885 & rawben_rel_max <= 0.833 & unearned_by_hh_size <= 120",98,98,36,0,0,0,0,0,0,FALSE,0.36734693877551,0.36734693877551,0.26380112006448,0.26380112006448,0,0
"national","2-3","earned_by_hh_size > 81.8 & months_since_cert_n > 14.5 & rawben_rel_max <= 0.397",61,61,24,0,0,0,3,0,0,FALSE,0.39344262295082,0.39344262295082,0.262419601033208,0.262419601033208,0,0.0491803278688525
"national","4+","gross_by_hh_size > 143 & gross_by_hh_size <= 241 & total_deductions_by_hh_size <= 130 & unearned_by_hh_size <= 144",167,167,57,0,0,0,4,0,0,FALSE,0.341317365269461,0.341317365269461,0.262155937698855,0.262155937698855,0,0.0239520958083832
"national","2-3","medical_deductions >= 200 & total_deductions_by_hh_size >= 465",262,262,83,0,0,0,5,0,0,FALSE,0.316793893129771,0.316793893129771,0.254223183498606,0.254223183498606,0,0.0190839694656489
"national","1","gross_by_hh_size >= 990 & gross_by_hh_size < 1070 & medical_deductions >= 220",48,48,19,0,0,0,3,0,0,FALSE,0.395833333333333,0.395833333333333,0.25038398115754,0.25038398115754,0,0.0625
"national","4+","gross_by_hh_size < 490 & married <= 0 & rawben_rel_max >= 0.69 & total_deductions_by_hh_size >= 327",221,221,70,0,0,0,34,0,0,FALSE,0.316742081447964,0.316742081447964,0.249075074371669,0.249075074371669,0,0.153846153846154
"national","2-3","shelter_expenses_by_hh_size > 512 & unc_rawben_rel_max > 0.0284 & unc_rawben_rel_max <= 1.02 & utilities_sua <= 0.5",107,107,37,0,0,0,1,0,0,FALSE,0.345794392523364,0.345794392523364,0.248607368097038,0.248607368097038,0,0.00934579439252336
"national","4+","earned_by_hh_size >= 270 & earned_by_hh_size < 332 & months_since_cert_n < 13 & shelter_expenses_by_hh_size >= 230",368,368,109,0,0,0,11,0,0,FALSE,0.296195652173913,0.296195652173913,0.244111143124809,0.244111143124809,0,0.0298913043478261
"national","4+","months_since_cert_n >= 4 & total_deductions_by_hh_size >= 325 & total_deductions_by_hh_size < 341",190,190,60,0,0,0,5,0,0,FALSE,0.315789473684211,0.315789473684211,0.243377141996762,0.243377141996762,0,0.0263157894736842
"national","4+","gross_by_hh_size >= 989 & rawben_rel_max >= 0.243 & total_deductions_by_hh_size >= 317",94,94,32,0,0,0,0,0,0,FALSE,0.340425531914894,0.340425531914894,0.238225071128919,0.238225071128919,0,0
"national","2-3","gross_by_hh_size > 494 & shelter_expenses_by_hh_size > 80.9 & unc_rawben_rel_max > 1.19 & utilities_sua > 1.5",160,160,50,0,0,0,66,0,0,FALSE,0.3125,0.3125,0.234580616332165,0.234580616332165,0,0.4125
"national","2-3","earned_by_hh_size < 2230 & gross_by_hh_size >= 1820 & shelter_expenses_by_hh_size >= 362",125,125,40,0,0,0,7,0,0,FALSE,0.32,0.32,0.23216152935442,0.23216152935442,0,0.056
"national","2-3","gross_by_hh_size >= 1090 & rawben_rel_max >= 0.636 & rawben_rel_max < 0.741 & unc_rawben_rel_max < 1.2",43,43,20,0,0,0,0,0,0,FALSE,0.465116279069767,0.465116279069767,0.302224822702557,0.302224822702557,0,0
"national","4+","earned_by_hh_size >= 668 & gross_by_hh_size >= 838 & rawben_rel_max >= 0.483 & total_deductions_by_hh_size >= 505",45,45,20,0,0,0,0,0,0,FALSE,0.444444444444444,0.444444444444444,0.287509675820716,0.287509675820716,0,0
"national","4+","HH_size_n > 4.5 & married <= 0 & total_deductions_by_hh_size > 283 & total_deductions_by_hh_size <= 410",402,402,125,0,0,0,15,0,0,FALSE,0.310945273631841,0.310945273631841,0.260055636670349,0.260055636670349,0,0.0373134328358209
"national","4+","gross_by_hh_size <= 1070 & HH_size_n > 5.5 & total_deductions_by_hh_size > 242 & total_deductions_by_hh_size <= 476",482,482,147,0,0,0,7,0,0,FALSE,0.304979253112033,0.304979253112033,0.258589607033011,0.258589607033011,0,0.0145228215767635
"national","2-3","children_i <= 0 & medical_deductions < 148 & total_deductions_by_hh_size >= 728 & unearned_by_hh_size >= 928",57,57,22,0,0,0,0,0,0,FALSE,0.385964912280702,0.385964912280702,0.252175021447798,0.252175021447798,0,0
"national","1","earned_by_hh_size < 376 & gross_by_hh_size < 1100 & rawben_rel_max >= 0.989 & unc_rawben_rel_max < 1.01",1282,1282,352,183,45,191,343,0.142745709828393,0.127840909090909,FALSE,0.274570982839314,0.279344858962693,0.246570993968533,0.249003666620893,0.148985959438378,0.267550702028081
"national","2-3","gross_by_hh_size >= 369 & shelter_expenses_by_hh_size < 624 & unc_rawben_rel_max >= 1.16 & unearned_by_hh_size < 521",102,102,35,25,15,25,58,0.245098039215686,0.428571428571429,TRUE,0.343137254901961,0.25974025974026,0.244194782671089,0.162059652505509,0.245098039215686,0.568627450980392
"national","4+","HH_size_n < 5 & total_deductions_by_hh_size >= 268 & unc_rawben_rel_max >= 1.07 & unc_rawben_rel_max < 1.19",196,196,68,57,34,57,95,0.290816326530612,0.5,TRUE,0.346938775510204,0.244604316546763,0.272928082299721,0.170422966815899,0.290816326530612,0.48469387755102
"national","4+","bbce_state_i >= 1 & percent_abawd > 0.146 & total_deductions_by_hh_size > 249 & unearned_by_hh_size > 1.58",79,79,29,0,0,0,4,0,0,FALSE,0.367088607594937,0.367088607594937,0.253279909794385,0.253279909794385,0,0.0506329113924051
"national","4+","gross_by_hh_size > 580 & rawben_rel_max > 0.708 & unearned_by_hh_size <= 20.9",98,98,34,0,0,0,0,0,0,FALSE,0.346938775510204,0.346938775510204,0.245776849678564,0.245776849678564,0,0
"national","4+","shelter_expenses_by_hh_size > 161 & unc_rawben_rel_max <= 1.1 & utilities_sua <= 1.5",756,756,207,6,4,6,20,0.00793650793650794,0.0193236714975845,FALSE,0.273809523809524,0.270666666666667,0.237794338550052,0.2346723650524,0.00793650793650794,0.0264550264550265
"national","2-3","earned_by_hh_size > 117 & expedited_i >= 1 & HH_size_n > 2.5 & utilities_sua <= 1.5",75,75,26,2,2,2,7,0.0266666666666667,0.0769230769230769,FALSE,0.346666666666667,0.328767123287671,0.233106996855944,0.216620944358295,0.0266666666666667,0.0933333333333333
"national","2-3","gross_by_hh_size >= 642 & shelter_expenses_by_hh_size < 865 & total_deductions_by_hh_size >= 348 & unc_rawben_rel_max >= 0.939",137,137,43,0,0,0,9,0,0,FALSE,0.313868613138686,0.313868613138686,0.230212222801916,0.230212222801916,0,0.0656934306569343
"national","2-3","earned_by_hh_size >= 790 & gross_by_hh_size < 812 & total_deductions_by_hh_size >= 494",52,52,19,0,0,0,1,0,0,FALSE,0.365384615384615,0.365384615384615,0.229703137175663,0.229703137175663,0,0.0192307692307692
"national","2-3","earned_by_hh_size >= 681 & gross_by_hh_size < 1100 & months_since_cert_n >= 8 & total_deductions_by_hh_size < 650",554,554,150,0,0,0,1,0,0,FALSE,0.270758122743682,0.270758122743682,0.229220050770219,0.229220050770219,0,0.00180505415162455
"national","2-3","percent_abawd > 0.167 & rawben_rel_max <= 0.215 & shelter_expenses_by_hh_size > 712",59,59,21,0,0,0,1,0,0,FALSE,0.355932203389831,0.355932203389831,0.228741304136163,0.228741304136163,0,0.0169491525423729
"national","4+","earned_by_hh_size >= 824 & months_since_cert_n >= 10 & shelter_expenses_by_hh_size >= 324",59,59,21,0,0,0,0,0,0,FALSE,0.355932203389831,0.355932203389831,0.228741304136163,0.228741304136163,0,0
"national","2-3","count_divisible_by_100 < 1 & gross_by_hh_size >= 1330 & shelter_expenses_by_hh_size >= 770 & unc_rawben_rel_max >= 0.043",314,314,89,0,0,0,4,0,0,FALSE,0.28343949044586,0.28343949044586,0.228339848395143,0.228339848395143,0,0.0127388535031847
"national","1","earned_by_hh_size < 1 & months_since_cert_n >= 24 & unc_rawben_rel_max >= 1.01 & unc_rawben_rel_max < 1.02",49,49,18,0,0,1,38,0,0,FALSE,0.36734693877551,0.36734693877551,0.227949750255185,0.227949750255185,0.0204081632653061,0.775510204081633
"national","2-3","children_i >= 1 & medical_deductions >= 196 & shelter_expenses_by_hh_size >= 24",63,63,22,0,0,0,1,0,0,FALSE,0.349206349206349,0.349206349206349,0.226538726208156,0.226538726208156,0,0.0158730158730159
"national","1","total_deductions_by_hh_size >= 555 & unc_rawben_rel_max < 1.02 & utilities_sua < 1",1238,1238,312,4,0,13,63,0.00323101777059774,0,FALSE,0.252019386106624,0.252836304700162,0.224438623350832,0.225178578271274,0.0105008077544426,0.0508885298869144
"national","1","bbce_state_i >= 1 & months_since_cert_n >= 7 & rawben_rel_max >= 0.989 & unc_rawben_rel_max < 1.02",1129,1129,371,34,10,58,326,0.0301151461470328,0.0269541778975741,FALSE,0.328609388839681,0.329680365296804,0.296978630602962,0.297544641760136,0.0513728963684677,0.288751107174491
"national","2-3","gross_by_hh_size >= 364 & total_deductions_by_hh_size >= 524 & total_deductions_by_hh_size < 784 & unc_rawben_rel_max >= 1.16",273,273,98,69,40,69,150,0.252747252747253,0.408163265306122,TRUE,0.358974358974359,0.284313725490196,0.294787945324519,0.217166823850312,0.252747252747253,0.549450549450549
"national","2-3","gross_by_hh_size >= 55 & percent_abawd >= 0.333 & rawben_rel_max >= 0.386 & total_deductions_by_hh_size >= 745",46,46,19,0,0,0,2,0,0,FALSE,0.41304347826087,0.41304347826087,0.262202951801676,0.262202951801676,0,0.0434782608695652
"national","4+","earned_by_hh_size > 13 & elderly_disabled_i >= 1 & married <= 0 & total_deductions_by_hh_size > 78.3",600,600,176,0,0,0,12,0,0,FALSE,0.293333333333333,0.293333333333333,0.252100555694572,0.252100555694572,0,0.02
"national","1","medical_deductions < 170 & rawben_rel_max >= 0.736 & shelter_expenses_by_hh_size >= 2090 & unc_rawben_rel_max < 1.38",229,229,73,30,22,30,49,0.131004366812227,0.301369863013699,TRUE,0.318777292576419,0.256281407035176,0.25204038041729,0.191413128108604,0.131004366812227,0.213973799126638
"national","2-3","earned_by_hh_size > 0.417 & gross_by_hh_size > 220 & months_since_cert_n > 3.5 & total_deductions_by_hh_size <= 131",96,96,33,0,0,0,0,0,0,FALSE,0.34375,0.34375,0.24206516758005,0.24206516758005,0,0
"national","2-3","gross_by_hh_size >= 1050 & medical_deductions >= 158 & rawben_rel_max >= 0.0446 & unearned_by_hh_size >= 1330",67,67,24,0,0,0,0,0,0,FALSE,0.358208955223881,0.358208955223881,0.237314308500161,0.237314308500161,0,0
"national","2-3","gross_by_hh_size < 382 & months_since_cert_n >= 5 & shelter_expenses_by_hh_size >= 797 & unc_rawben_rel_max < 1.17",64,64,23,32,17,32,39,0.5,0.739130434782609,TRUE,0.359375,0.1875,0.235928946320397,0.0775343726587195,0.5,0.609375
"national","4+","earned_by_hh_size >= 878 & shelter_expenses_by_hh_size >= 417 & shelter_expenses_by_hh_size < 481",102,102,34,0,0,0,0,0,0,FALSE,0.333333333333333,0.333333333333333,0.235597068510906,0.235597068510906,0,0
"national","4+","rawben_rel_max >= 0.566 & shelter_expenses_by_hh_size >= 346 & shelter_expenses_by_hh_size < 356",193,193,59,2,2,2,7,0.0103626943005181,0.0338983050847458,FALSE,0.305699481865285,0.298429319371728,0.234737237737764,0.227836678188014,0.0103626943005181,0.0362694300518135
"national","4+","earned_by_hh_size < 458 & married >= 1 & total_deductions_by_hh_size >= 255 & unc_rawben_rel_max < 0.75",62,62,22,0,0,0,0,0,0,FALSE,0.354838709677419,0.354838709677419,0.230440441733044,0.230440441733044,0,0
"national","4+","count_divisible_by_100 >= 1 & total_deductions_by_hh_size >= 361 & unearned_by_hh_size < 484",137,137,43,0,0,0,7,0,0,FALSE,0.313868613138686,0.313868613138686,0.230212222801916,0.230212222801916,0,0.0510948905109489
"national","4+","earned_by_hh_size >= 82.3 & shelter_expenses_by_hh_size < 332 & unc_rawben_rel_max >= 1.06",297,297,85,33,16,41,131,0.111111111111111,0.188235294117647,FALSE,0.286195286195286,0.261363636363636,0.229444452926143,0.203707255835928,0.138047138047138,0.441077441077441
"national","2-3","children_i <= 0 & earned_by_hh_size > 721 & married >= 1 & months_since_cert_n > 5.5",112,112,36,0,0,0,2,0,0,FALSE,0.321428571428571,0.321428571428571,0.229067192265816,0.229067192265816,0,0.0178571428571429
"national","4+","months_since_cert_n > 3.5 & shelter_expenses_by_hh_size <= 5.15 & total_deductions_by_hh_size > 62.3",218,218,63,0,0,11,21,0,0,FALSE,0.288990825688073,0.288990825688073,0.223375570154018,0.223375570154018,0.0504587155963303,0.0963302752293578
"national","4+","months_since_cert_n >= 7 & shelter_expenses_by_hh_size >= 364 & shelter_expenses_by_hh_size < 369",30,30,12,0,0,0,1,0,0,FALSE,0.4,0.4,0.223178243372627,0.223178243372627,0,0.0333333333333333
"national","2-3","bbce_state_i >= 1 & shelter_expenses_by_hh_size >= 514 & unearned_by_hh_size < 548 & utilities_sua < 2",414,414,112,24,18,24,41,0.0579710144927536,0.160714285714286,FALSE,0.270531400966184,0.241025641025641,0.222949945479454,0.194413730758908,0.0579710144927536,0.0990338164251208
"national","4+","expedited_i >= 1 & gross_by_hh_size >= 122 & medical_deductions < 1 & shelter_expenses_by_hh_size < 143",161,161,48,0,0,0,1,0,0,FALSE,0.298136645962733,0.298136645962733,0.221957930384024,0.221957930384024,0,0.0062111801242236
"national","4+","HH_size_n > 4.5 & shelter_expenses_by_hh_size > 164 & total_deductions_by_hh_size > 242 & unearned_by_hh_size > 7.65",522,522,174,0,0,0,13,0,0,FALSE,0.333333333333333,0.333333333333333,0.28726729190964,0.28726729190964,0,0.024904214559387
"national","4+","earned_by_hh_size > 43 & HH_size_n > 5.5 & months_since_cert_n > 4.5",954,954,292,0,0,3,21,0,0,FALSE,0.306079664570231,0.306079664570231,0.272547696594586,0.272547696594586,0.00314465408805031,0.0220125786163522
"national","4+","earned_by_hh_size >= 5.5 & total_deductions_by_hh_size >= 294 & unearned_by_hh_size >= 57",535,535,168,0,0,0,20,0,0,FALSE,0.314018691588785,0.314018691588785,0.269404430615445,0.269404430615445,0,0.0373831775700935
"national","4+","earned_by_hh_size > 116 & gross_by_hh_size <= 908 & HH_size_n > 4.5 & shelter_expenses_by_hh_size > 279",1589,1589,462,12,6,16,37,0.00755191944619257,0.012987012987013,FALSE,0.290748898678414,0.289156626506024,0.26499679633705,0.263358070569668,0.0100692259282568,0.0232850849590938
"national","1","months_since_cert_n < 4 & rawben_rel_max >= 0.993 & unc_rawben_rel_max < 1.02",653,653,196,106,25,115,240,0.162327718223583,0.127551020408163,FALSE,0.300153139356815,0.312614259597806,0.260216382685842,0.268537028013713,0.176110260336907,0.367534456355283
"national","4+","gross_by_hh_size >= 404 & months_since_cert_n >= 4 & unc_rawben_rel_max >= 0.478 & unearned_by_hh_size < 500",2167,2167,606,0,0,0,10,0,0,FALSE,0.279649284725427,0.279649284725427,0.257792902139056,0.257792902139056,0,0.00461467466543609
"national","1","gross_by_hh_size > 344 & rawben_rel_max > 0.998 & shelter_expenses_by_hh_size > 1030 & unc_rawben_rel_max <= 1.03",1399,1399,388,39,23,72,313,0.0278770550393138,0.0592783505154639,FALSE,0.277340957827019,0.268382352941176,0.250398815845327,0.241391889955751,0.0514653323802716,0.22373123659757
"national","4+","gross_by_hh_size > 160 & HH_size_n > 5.5 & shelter_expenses_by_hh_size > 211",1317,1317,364,0,0,0,12,0,0,FALSE,0.276385725132878,0.276385725132878,0.248681217366646,0.248681217366646,0,0.00911161731207289
"national","2-3","medical_deductions > 124 & unc_rawben_rel_max > 0.159 & utilities_sua > 0.5",768,768,213,0,0,0,10,0,0,FALSE,0.27734375,0.27734375,0.241425136268059,0.241425136268059,0,0.0130208333333333
"national","4+","count_divisible_by_100 >= 1 & earned_by_hh_size >= 355 & shelter_expenses_by_hh_size >= 108 & unc_rawben_rel_max >= 0.516",225,225,66,0,0,0,1,0,0,FALSE,0.293333333333333,0.293333333333333,0.228251038319295,0.228251038319295,0,0.00444444444444444
"national","2-3","earned_by_hh_size < 910 & gross_by_hh_size >= 892 & rawben_rel_max >= 0.163",1741,1741,429,0,0,0,6,0,0,FALSE,0.246410109132682,0.246410109132682,0.22319820419386,0.22319820419386,0,0.00344629523262493
"national","2-3","earned_by_hh_size >= 715 & earned_by_hh_size < 763 & rawben_rel_max < 0.614 & shelter_expenses_by_hh_size >= 237",177,177,51,0,0,0,2,0,0,FALSE,0.288135593220339,0.288135593220339,0.216168991519341,0.216168991519341,0,0.0112994350282486
"national","2-3","months_since_cert_n <= 31.5 & percent_abawd > 0.167 & rawben_rel_max <= 0.729 & utilities_sua > 0.5",849,849,209,0,0,0,4,0,0,FALSE,0.246171967020024,0.246171967020024,0.213462292411074,0.213462292411074,0,0.00471142520612485
"national","2-3","earned_by_hh_size >= 447 & married >= 1 & months_since_cert_n >= 3",854,854,210,0,0,0,12,0,0,FALSE,0.245901639344262,0.245901639344262,0.213297060363505,0.213297060363505,0,0.0140515222482436
"national","2-3","children_i >= 1 & gross_by_hh_size > 237 & months_since_cert_n > 5.5 & total_deductions_by_hh_size > 323",2571,2571,595,62,37,62,181,0.0241151302994944,0.0621848739495798,FALSE,0.231427460132244,0.222399362295735,0.212656766355529,0.203697232923837,0.0241151302994944,0.0704006223259432
"national","4+","gross_by_hh_size > 446 & shelter_expenses_by_hh_size > 295 & shelter_expenses_by_hh_size <= 300",97,97,30,0,0,0,0,0,0,FALSE,0.309278350515464,0.309278350515464,0.21264315099933,0.21264315099933,0,0
"national","2-3","gross_by_hh_size >= 1010 & rawben_rel_max >= 0.185 & rawben_rel_max < 0.59",1683,1683,396,0,0,0,6,0,0,FALSE,0.235294117647059,0.235294117647059,0.212115623077155,0.212115623077155,0,0.0035650623885918
"national","2-3","shelter_expenses_by_hh_size >= 194 & total_deductions_by_hh_size >= 482 & utilities_sua < 2",405,405,105,11,8,11,34,0.0271604938271605,0.0761904761904762,FALSE,0.259259259259259,0.246192893401015,0.212017472086205,0.199375034201603,0.0271604938271605,0.0839506172839506
"national","4+","earned_by_hh_size >= 124 & months_since_cert_n < 2 & rawben_rel_max >= 0.985 & shelter_expenses_by_hh_size >= 275",71,71,23,11,10,12,17,0.154929577464789,0.434782608695652,TRUE,0.323943661971831,0.216666666666667,0.211261051809819,0.119323531362002,0.169014084507042,0.23943661971831
"national","1","earned_by_hh_size >= 1120 & months_since_cert_n >= 4 & rawben_rel_max >= 0.376 & rawben_rel_max < 0.814",383,383,99,0,0,0,5,0,0,FALSE,0.258485639686684,0.258485639686684,0.210069900222472,0.210069900222472,0,0.0130548302872063
"national","4+","earned_by_hh_size > 87.8 & married <= 0 & shelter_expenses_by_hh_size > 274 & unearned_by_hh_size > 160",516,516,167,0,0,0,7,0,0,FALSE,0.323643410852713,0.323643410852713,0.277779622943563,0.277779622943563,0,0.0135658914728682
"national","4+","earned_by_hh_size >= 138 & HH_size_n >= 7 & unearned_by_hh_size >= 10.4 & unearned_by_hh_size < 272",281,281,88,0,0,0,3,0,0,FALSE,0.313167259786477,0.313167259786477,0.252856394051558,0.252856394051558,0,0.0106761565836299
"national","4+","earned_by_hh_size >= 458 & earned_by_hh_size < 603 & rawben_rel_max >= 0.782",149,149,49,0,0,0,1,0,0,FALSE,0.328859060402685,0.328859060402685,0.246711964156575,0.246711964156575,0,0.00671140939597315
"national","4+","earned_by_hh_size >= 841 & months_since_cert_n >= 6 & unearned_by_hh_size < 157",246,246,74,0,0,0,0,0,0,FALSE,0.300813008130081,0.300813008130081,0.23768657281607,0.23768657281607,0,0
"national","4+","earned_by_hh_size > 42.6 & earned_by_hh_size <= 87.3 & medical_deductions <= 178 & unearned_by_hh_size > 81.8",146,146,46,0,0,0,16,0,0,FALSE,0.315068493150685,0.315068493150685,0.233615430089524,0.233615430089524,0,0.10958904109589
"national","4+","HH_size_n >= 6 & total_deductions_by_hh_size >= 87.2 & unearned_by_hh_size < 199 & utilities_sua < 2",260,260,73,0,0,0,4,0,0,FALSE,0.280769230769231,0.280769230769231,0.220923390507374,0.220923390507374,0,0.0153846153846154
"national","1","earned_by_hh_size > 6 & expedited_i >= 1 & rawben_rel_max <= 0.997 & unc_rawben_rel_max > 0.0787",295,295,81,0,0,1,16,0,0,FALSE,0.274576271186441,0.274576271186441,0.218605130809542,0.218605130809542,0.00338983050847458,0.0542372881355932
"national","4+","earned_by_hh_size > 404 & gross_by_hh_size <= 440 & total_deductions_by_hh_size <= 329",296,296,81,0,0,0,0,0,0,FALSE,0.273648648648649,0.273648648648649,0.217842474531702,0.217842474531702,0,0
"national","1","earned_by_hh_size > 365 & months_since_cert_n > 5.5 & percent_abawd <= 0.5 & unc_rawben_rel_max > 1.09",403,403,106,51,35,56,150,0.126550868486352,0.330188679245283,TRUE,0.26302729528536,0.201704545454545,0.21539509927185,0.156643601928327,0.138957816377171,0.372208436724566
"national","1","earned_by_hh_size > 292 & months_since_cert_n > 5.5 & unearned_by_hh_size > 171 & unearned_by_hh_size <= 280",31,31,12,0,0,0,10,0,0,FALSE,0.387096774193548,0.387096774193548,0.215365120290443,0.215365120290443,0,0.32258064516129
"national","4+","bbce_state_i >= 1 & earned_by_hh_size > 42.2 & elderly_disabled_i >= 1 & months_since_cert_n <= 5.5",591,591,167,0,0,0,13,0,0,FALSE,0.282571912013536,0.282571912013536,0.241615394211434,0.241615394211434,0,0.0219966159052453
"national","4+","bbce_state_i >= 1 & elderly_disabled_i >= 1 & unearned_by_hh_size <= 124",175,175,55,0,0,0,10,0,0,FALSE,0.314285714285714,0.314285714285714,0.239270337890001,0.239270337890001,0,0.0571428571428571
"national","2-3","bbce_state_i >= 1 & gross_by_hh_size <= 1110 & married >= 1 & medical_deductions > 180",143,143,46,0,0,0,2,0,0,FALSE,0.321678321678322,0.321678321678322,0.238754408774713,0.238754408774713,0,0.013986013986014
"national","1","earned_by_hh_size >= 351 & unc_rawben_rel_max >= 1.32",915,915,246,185,107,192,404,0.202185792349727,0.434959349593496,TRUE,0.268852459016393,0.19041095890411,0.236191887134541,0.158935411639157,0.20983606557377,0.441530054644809
"national","4+","gross_by_hh_size >= 704 & gross_by_hh_size < 722 & rawben_rel_max < 0.483 & total_deductions_by_hh_size < 227",145,145,46,0,0,0,0,0,0,FALSE,0.317241379310345,0.317241379310345,0.235303544695131,0.235303544695131,0,0
"national","4+","rawben_rel_max >= 0.616 & shelter_expenses_by_hh_size >= 197 & total_deductions_by_hh_size >= 221 & total_deductions_by_hh_size < 237",334,334,91,22,11,27,34,0.0658682634730539,0.120879120879121,FALSE,0.272455089820359,0.256410256410256,0.21975388261112,0.203403545451834,0.0808383233532934,0.101796407185629
"national","4+","earned_by_hh_size < 786 & gross_by_hh_size >= 411 & months_since_cert_n >= 4 & shelter_expenses_by_hh_size < 271",1617,1617,387,0,0,0,2,0,0,FALSE,0.239332096474954,0.239332096474954,0.21554677679442,0.21554677679442,0,0.00123685837971552
"national","4+","earned_by_hh_size >= 232 & months_since_cert_n >= 3 & total_deductions_by_hh_size < 268 & unearned_by_hh_size >= 30.6",927,927,224,0,0,0,1,0,0,FALSE,0.241639697950378,0.241639697950378,0.210496084637479,0.210496084637479,0,0.00107874865156419
"national","1","elderly_disabled_i <= 0 & rawben_rel_max > 0.348 & rawben_rel_max <= 0.819 & shelter_expenses_by_hh_size > 16",1331,1331,314,0,0,3,10,0,0,FALSE,0.235912847483095,0.235912847483095,0.2099469353326,0.2099469353326,0.00225394440270473,0.00751314800901578
"national","4+","expedited_i <= 0 & gross_by_hh_size > 71 & months_since_cert_n > 6.5 & unearned_by_hh_size <= 261",2600,2600,703,19,10,23,105,0.00730769230769231,0.0142247510668563,FALSE,0.270384615384615,0.268500581170089,0.250615849652004,0.248709663175797,0.00884615384615385,0.0403846153846154
"national","2-3","HH_size_n >= 3 & rawben_rel_max < 0.775 & total_deductions_by_hh_size >= 670 & unearned_by_hh_size < 31.5",55,55,21,0,0,0,0,0,0,FALSE,0.381818181818182,0.381818181818182,0.246625597275238,0.246625597275238,0,0
"national","4+","elderly_disabled_i <= 0 & HH_size_n > 5.5 & shelter_expenses_by_hh_size <= 291 & unc_rawben_rel_max <= 0.975",1584,1584,424,0,0,0,6,0,0,FALSE,0.267676767676768,0.267676767676768,0.242624052421362,0.242624052421362,0,0.00378787878787879
"national","2-3","rawben_rel_max < 0.993 & shelter_expenses_by_hh_size < 624 & total_deductions_by_hh_size >= 717",99,99,39,0,0,0,1,0,0,FALSE,0.393939393939394,0.393939393939394,0.288072340252683,0.288072340252683,0,0.0101010101010101
"national","4+","earned_by_hh_size >= 145 & gross_by_hh_size < 819 & months_since_cert_n < 17 & unc_rawben_rel_max >= 1.07",237,237,88,78,45,83,135,0.329113924050633,0.511363636363636,TRUE,0.371308016877637,0.270440251572327,0.301942555078842,0.19706403878666,0.350210970464135,0.569620253164557
"national","1","total_deductions_by_hh_size >= 509 & unc_rawben_rel_max >= 0.986 & unc_rawben_rel_max < 1.01",1401,1401,424,28,14,34,100,0.0199857244825125,0.0330188679245283,FALSE,0.302640970735189,0.298616168973052,0.274896574070414,0.270723907055623,0.0242683797287652,0.0713775874375446
"national","4+","HH_size_n >= 6 & total_deductions_by_hh_size >= 63 & total_deductions_by_hh_size < 308 & unearned_by_hh_size >= 180",468,468,144,0,0,0,1,0,0,FALSE,0.307692307692308,0.307692307692308,0.260501178103696,0.260501178103696,0,0.00213675213675214
"national","4+","bbce_state_i >= 1 & earned_by_hh_size <= 264 & percent_abawd > 0.118 & unc_rawben_rel_max <= 1",190,190,62,0,0,0,0,0,0,FALSE,0.326315789473684,0.326315789473684,0.252960559625861,0.252960559625861,0,0
"national","2-3","earned_by_hh_size > 10.8 & earned_by_hh_size <= 173 & elderly_disabled_i >= 1 & unc_rawben_rel_max <= 1",196,196,63,0,0,0,0,0,0,FALSE,0.321428571428571,0.321428571428571,0.249531591123265,0.249531591123265,0,0
"national","2-3","bbce_state_i >= 1 & HH_size_n > 2.5 & shelter_expenses_by_hh_size > 754 & total_deductions_by_hh_size > 366",332,332,101,9,7,9,18,0.0271084337349398,0.0693069306930693,FALSE,0.30421686746988,0.291021671826625,0.249013191264428,0.236061248475632,0.0271084337349398,0.0542168674698795
"national","2-3","medical_deductions > 124 & months_since_cert_n > 2.5 & unc_rawben_rel_max > 0.159 & utilities_sua > 0.5",573,573,166,0,0,0,7,0,0,FALSE,0.289703315881326,0.289703315881326,0.247754201289129,0.247754201289129,0,0.012216404886562
"national","2-3","gross_by_hh_size >= 1180 & months_since_cert_n < 21 & rawben_rel_max >= 0.155",783,783,222,0,0,0,5,0,0,FALSE,0.283524904214559,0.283524904214559,0.247644705165721,0.247644705165721,0,0.00638569604086846
"national","1","homeless <= 0 & total_deductions_by_hh_size > 704 & unc_rawben_rel_max <= 1.03 & utilities_sua <= 1.5",1539,1539,416,6,3,14,62,0.00389863547758285,0.00721153846153846,FALSE,0.270305393112411,0.269406392694064,0.244811622981153,0.243895171974207,0.00909681611435997,0.0402858999350227
"national","2-3","gross_by_hh_size >= 1820 & medical_deductions < 202 & months_since_cert_n < 3 & rawben_rel_max < 0.617",46,46,18,0,0,0,4,0,0,FALSE,0.391304347826087,0.391304347826087,0.244008155356257,0.244008155356257,0,0.0869565217391304
"national","4+","gross_by_hh_size >= 342 & gross_by_hh_size < 467 & percent_abawd < 0.0769 & shelter_expenses_by_hh_size >= 354",398,398,117,0,0,0,8,0,0,FALSE,0.293969849246231,0.293969849246231,0.243901357146182,0.243901357146182,0,0.0201005025125628
"national","4+","earned_by_hh_size >= 319 & months_since_cert_n < 9 & shelter_expenses_by_hh_size >= 82.4 & total_deductions_by_hh_size < 123",76,76,27,0,0,0,0,0,0,FALSE,0.355263157894737,0.355263157894737,0.241129910436959,0.241129910436959,0,0
"national","2-3","expedited_i >= 1 & rawben_rel_max <= 0.901 & unearned_by_hh_size <= 505",567,567,160,0,0,0,6,0,0,FALSE,0.282186948853616,0.282186948853616,0.240442010463246,0.240442010463246,0,0.0105820105820106
"national","2-3","children_i <= 0 & count_divisible_by_100 > 0.5 & earned_by_hh_size > 3.25 & rawben_rel_max <= 0.985",87,87,30,0,0,0,0,0,0,FALSE,0.344827586206897,0.344827586206897,0.238546008035243,0.238546008035243,0,0
"national","4+","earned_by_hh_size >= 709 & gross_by_hh_size >= 262 & percent_abawd >= 0.0769 & shelter_expenses_by_hh_size >= 356",74,74,26,0,0,0,0,0,0,FALSE,0.351351351351351,0.351351351351351,0.236459716281958,0.236459716281958,0,0
"national","1","bbce_state_i >= 1 & gross_by_hh_size >= 1830 & rawben_rel_max >= 0.34",507,507,142,0,0,0,12,0,0,FALSE,0.280078895463511,0.280078895463511,0.236201916146611,0.236201916146611,0,0.0236686390532544
"national","4+","HH_size_n >= 6 & percent_abawd >= 0.0769 & rawben_rel_max >= 0.523 & rawben_rel_max < 0.92",85,85,29,0,0,0,1,0,0,FALSE,0.341176470588235,0.341176470588235,0.234314104271238,0.234314104271238,0,0.0117647058823529
"national","2-3","earned_by_hh_size <= 258 & HH_size_n > 2.5 & rawben_rel_max > 0.971 & total_deductions_by_hh_size > 362",355,355,101,55,38,55,112,0.154929577464789,0.376237623762376,TRUE,0.284507042253521,0.21,0.232368313998675,0.160682958737928,0.154929577464789,0.315492957746479
"national","4+","HH_size_n >= 7 & months_since_cert_n >= 5 & rawben_rel_max < 0.862 & total_deductions_by_hh_size >= 141",221,221,65,0,0,0,0,0,0,FALSE,0.294117647058824,0.294117647058824,0.228430809760653,0.228430809760653,0,0
"national","1","shelter_expenses_by_hh_size < 1060 & total_deductions_by_hh_size >= 1280",146,146,45,0,0,0,14,0,0,FALSE,0.308219178082192,0.308219178082192,0.227517096120091,0.227517096120091,0,0.0958904109589041
"national","4+","married <= 0 & months_since_cert_n < 13 & percent_abawd >= 0.429 & total_deductions_by_hh_size >= 94",64,64,22,0,0,0,2,0,0,FALSE,0.34375,0.34375,0.222767835930766,0.222767835930766,0,0.03125
"national","4+","earned_by_hh_size >= 807 & total_deductions_by_hh_size >= 290 & total_deductions_by_hh_size < 408 & unc_rawben_rel_max >= 0.309",169,169,50,0,0,0,0,0,0,FALSE,0.29585798816568,0.29585798816568,0.221552735571227,0.221552735571227,0,0
"national","4+","married >= 1 & unc_rawben_rel_max > 1.07 & unc_rawben_rel_max <= 1.14",208,208,60,36,21,41,81,0.173076923076923,0.35,TRUE,0.288461538461538,0.226744186046512,0.221490427676351,0.161481725507296,0.197115384615385,0.389423076923077
"national","4+","earned_by_hh_size >= 801 & HH_size_n >= 5 & shelter_expenses_by_hh_size >= 94.5",357,357,97,0,0,0,0,0,0,FALSE,0.271708683473389,0.271708683473389,0.220658225660059,0.220658225660059,0,0
"national","4+","earned_by_hh_size >= 791 & married <= 0 & months_since_cert_n >= 11",37,37,14,0,0,0,0,0,0,FALSE,0.378378378378378,0.378378378378378,0.219979250770409,0.219979250770409,0,0
"national","4+","earned_by_hh_size > 42.6 & earned_by_hh_size <= 440 & months_since_cert_n > 9.5 & unc_rawben_rel_max <= 0.927",326,326,124,0,0,0,2,0,0,FALSE,0.380368098159509,0.380368098159509,0.320261228047417,0.320261228047417,0,0.00613496932515337
"national","4+","shelter_expenses_by_hh_size > 211 & unc_rawben_rel_max <= 0.916 & unearned_by_hh_size > 152 & unearned_by_hh_size <= 341",964,964,291,0,0,0,1,0,0,FALSE,0.301867219917012,0.301867219917012,0.268660011476117,0.268660011476117,0,0.00103734439834025
"national","4+","bbce_state_i >= 1 & gross_by_hh_size > 102 & HH_size_n > 5.5 & percent_abawd > 0.118",147,147,50,0,0,1,2,0,0,FALSE,0.340136054421769,0.340136054421769,0.256370864846049,0.256370864846049,0.00680272108843537,0.0136054421768707
"national","4+","count_divisible_by_100 > 0.5 & expedited_i <= 0 & total_deductions_by_hh_size > 328 & unc_rawben_rel_max <= 1",170,170,56,0,0,0,0,0,0,FALSE,0.329411764705882,0.329411764705882,0.251962889998961,0.251962889998961,0,0
"national","4+","HH_size_n > 4.5 & total_deductions_by_hh_size > 328 & unc_rawben_rel_max <= 1.01",389,389,142,0,0,0,2,0,0,FALSE,0.365038560411311,0.365038560411311,0.310472538907554,0.310472538907554,0,0.0051413881748072
"national","2-3","gross_by_hh_size < 1420 & months_since_cert_n < 12 & rawben_rel_max < 0.857 & total_deductions_by_hh_size >= 691",494,494,158,0,0,0,4,0,0,FALSE,0.319838056680162,0.319838056680162,0.273204730891498,0.273204730891498,0,0.00809716599190283
"national","2-3","earned_by_hh_size < 11 & medical_deductions >= 135 & rawben_rel_max >= 0.163",722,722,205,0,0,0,8,0,0,FALSE,0.28393351800554,0.28393351800554,0.246620318488737,0.246620318488737,0,0.0110803324099723
"national","2-3","earned_by_hh_size > 4.75 & months_since_cert_n > 6.5 & months_since_cert_n <= 23.5 & rawben_rel_max <= 0.978",2240,2240,581,1,1,1,17,0.000446428571428571,0.00172117039586919,FALSE,0.259375,0.259044216167932,0.238432775968387,0.238107149746262,0.000446428571428571,0.00758928571428571
"national","2-3","medical_deductions > 498 & percent_abawd <= 0.167",91,91,30,0,0,0,1,0,0,FALSE,0.32967032967033,0.32967032967033,0.227458531217865,0.227458531217865,0,0.010989010989011
"national","4+","months_since_cert_n >= 3 & total_deductions_by_hh_size >= 365 & total_deductions_by_hh_size < 384 & unearned_by_hh_size < 25.2",132,132,41,0,0,0,1,0,0,FALSE,0.310606060606061,0.310606060606061,0.225940470444997,0.225940470444997,0,0.00757575757575758
"national","4+","rawben_rel_max >= 0.635 & shelter_expenses_by_hh_size >= 348 & shelter_expenses_by_hh_size < 424 & total_deductions_by_hh_size >= 447",43,43,16,0,0,0,0,0,0,FALSE,0.372093023255814,0.372093023255814,0.224166761490865,0.224166761490865,0,0
"national","2-3","children_i >= 1 & medical_deductions >= 256 & total_deductions_by_hh_size < 680",30,30,12,0,0,0,0,0,0,FALSE,0.4,0.4,0.223178243372627,0.223178243372627,0,0
"national","4+","earned_by_hh_size >= 200 & gross_by_hh_size < 434 & months_since_cert_n < 8 & total_deductions_by_hh_size < 155",483,483,128,0,0,0,1,0,0,FALSE,0.265010351966874,0.265010351966874,0.221090139464078,0.221090139464078,0,0.0020703933747412
"national","1","earned_by_hh_size > 404 & elderly_disabled_i >= 1 & expedited_i >= 1 & total_deductions_by_hh_size <= 1870",90,90,29,0,0,0,19,0,0,FALSE,0.322222222222222,0.322222222222222,0.220563298894993,0.220563298894993,0,0.211111111111111
"national","4+","months_since_cert_n >= 9 & total_deductions_by_hh_size >= 285 & unc_rawben_rel_max < 1",406,406,125,0,0,0,1,0,0,FALSE,0.307881773399015,0.307881773399015,0.257411596263543,0.257411596263543,0,0.00246305418719212
"national","1","earned_by_hh_size >= 132 & unc_rawben_rel_max >= 1.25 & unc_rawben_rel_max < 1.44",841,841,229,185,107,192,404,0.219976218787158,0.467248908296943,TRUE,0.272294887039239,0.185975609756098,0.238131558172526,0.153260538930091,0.228299643281807,0.48038049940547
"national","1","earned_by_hh_size > 518 & elderly_disabled_i <= 0 & medical_deductions <= 144 & unearned_by_hh_size > 490",55,55,20,0,0,0,3,0,0,FALSE,0.363636363636364,0.363636363636364,0.231372248810669,0.231372248810669,0,0.0545454545454545
"national","2-3","earned_by_hh_size > 107 & percent_abawd > 0.417 & unc_rawben_rel_max > 0.171 & utilities_sua <= 0.5",73,73,25,0,0,0,3,0,0,FALSE,0.342465753424658,0.342465753424658,0.228212882635394,0.228212882635394,0,0.0410958904109589
"national","4+","bbce_state_i >= 1 & total_deductions_by_hh_size >= 126 & utilities_sua >= 1 & utilities_sua < 2",703,703,185,3,3,3,20,0.0042674253200569,0.0162162162162162,FALSE,0.263157894736842,0.26,0.226441771021932,0.223382487257107,0.0042674253200569,0.0284495021337127
"national","4+","HH_size_n < 5 & rawben_rel_max < 0.789 & total_deductions_by_hh_size < 128 & unearned_by_hh_size < 108",50,50,18,0,0,0,1,0,0,FALSE,0.36,0.36,0.22306026536488,0.22306026536488,0,0.02
"national","1","homeless >= 1 & total_deductions_by_hh_size > 411 & unc_rawben_rel_max <= 1.09 & unearned_by_hh_size > 916",242,242,69,1,0,6,3,0.00413223140495868,0,FALSE,0.285123966942149,0.286307053941909,0.222895071553852,0.223853784107452,0.0247933884297521,0.012396694214876
"national","1","gross_by_hh_size >= 771 & total_deductions_by_hh_size >= 1420 & unc_rawben_rel_max < 1.19",1104,1104,277,0,0,0,66,0,0,FALSE,0.250905797101449,0.250905797101449,0.221820986053829,0.221820986053829,0,0.0597826086956522
"national","2-3","earned_by_hh_size >= 641 & rawben_rel_max >= 0.497 & shelter_expenses_by_hh_size >= 650 & total_deductions_by_hh_size < 642",358,358,97,0,0,0,2,0,0,FALSE,0.270949720670391,0.270949720670391,0.220023278817381,0.220023278817381,0,0.00558659217877095
"national","2-3","earned_by_hh_size >= 148 & months_since_cert_n >= 2 & shelter_expenses_by_hh_size < 237 & unc_rawben_rel_max >= 1.09",94,94,30,0,0,0,54,0,0,FALSE,0.319148936170213,0.319148936170213,0.219800122104545,0.219800122104545,0,0.574468085106383
"national","4+","earned_by_hh_size > 42.6 & gross_by_hh_size > 70.7 & gross_by_hh_size <= 242 & unearned_by_hh_size > 97.4",65,65,22,0,0,0,9,0,0,FALSE,0.338461538461538,0.338461538461538,0.21912125012389,0.21912125012389,0,0.138461538461538
"national","2-3","shelter_expenses_by_hh_size >= 457 & total_deductions_by_hh_size >= 473 & utilities_sua < 2",447,447,118,21,15,21,42,0.0469798657718121,0.127118644067797,FALSE,0.263982102908277,0.241784037558685,0.218518932870764,0.196964605408384,0.0469798657718121,0.0939597315436242
"national","4+","gross_by_hh_size < 118 & married <= 0 & unc_rawben_rel_max < 1.04 & unearned_by_hh_size >= 109",41,41,15,0,0,0,1,0,0,FALSE,0.365853658536585,0.365853658536585,0.216293410830896,0.216293410830896,0,0.024390243902439
"national","1","earned_by_hh_size > 158 & expedited_i >= 1 & months_since_cert_n > 5.5 & percent_abawd > 0.5",111,111,34,17,12,18,33,0.153153153153153,0.352941176470588,TRUE,0.306306306306306,0.234042553191489,0.215526781768197,0.148687773125191,0.162162162162162,0.297297297297297
"national","2-3","HH_size_n > 2.5 & homeless <= 0 & shelter_expenses_by_hh_size > 643",1067,1067,261,28,18,28,57,0.0262417994376757,0.0689655172413793,FALSE,0.244611059044049,0.233878729547642,0.21534050252801,0.204759924683689,0.0262417994376757,0.0534208059981256
"national","4+","gross_by_hh_size >= 505 & married >= 1 & rawben_rel_max >= 0.722 & shelter_expenses_by_hh_size < 540",81,81,26,0,0,0,0,0,0,FALSE,0.320987654320988,0.320987654320988,0.214841356402004,0.214841356402004,0,0
"national","4+","shelter_expenses_by_hh_size < 340 & total_deductions_by_hh_size >= 232 & utilities_sua < 2",255,255,70,2,1,2,9,0.00784313725490196,0.0142857142857143,FALSE,0.274509803921569,0.272727272727273,0.214699867125603,0.212868376527158,0.00784313725490196,0.0352941176470588
"national","2-3","months_since_cert_n >= 13 & total_deductions_by_hh_size >= 404 & unc_rawben_rel_max < 0.971",440,440,113,0,0,0,4,0,0,FALSE,0.256818181818182,0.256818181818182,0.21153221852773,0.21153221852773,0,0.00909090909090909
"national","2-3","earned_by_hh_size > 0.417 & earned_by_hh_size <= 258 & gross_by_hh_size > 199 & rawben_rel_max <= 0.863",535,535,168,0,0,0,2,0,0,FALSE,0.314018691588785,0.314018691588785,0.269404430615445,0.269404430615445,0,0.00373831775700935
"national","2-3","earned_by_hh_size > 5.75 & gross_by_hh_size <= 731 & medical_deductions <= 72 & unearned_by_hh_size > 169",851,851,256,1,1,1,87,0.00117508813160987,0.00390625,FALSE,0.300822561692127,0.3,0.265607440850537,0.264798497657714,0.00117508813160987,0.102232667450059
"national","2-3","earned_by_hh_size <= 113 & medical_deductions > 651 & rawben_rel_max > 0.152 & rawben_rel_max <= 0.971",34,34,15,0,0,0,0,0,0,FALSE,0.441176470588235,0.441176470588235,0.265104041536998,0.265104041536998,0,0
"national","2-3","earned_by_hh_size < 820 & gross_by_hh_size >= 624 & medical_deductions < 162 & shelter_expenses_by_hh_size >= 1310",64,64,25,0,0,0,5,0,0,FALSE,0.390625,0.390625,0.262670343434311,0.262670343434311,0,0.078125
"national","4+","earned_by_hh_size > 68.2 & earned_by_hh_size <= 413 & rawben_rel_max <= 0.883 & utilities_sua <= 1.5",451,451,138,0,0,0,2,0,0,FALSE,0.305986696230599,0.305986696230599,0.258061177216267,0.258061177216267,0,0.00443458980044346
"national","1","earned_by_hh_size > 364 & months_since_cert_n > 15.5 & percent_abawd <= 0.5 & unc_rawben_rel_max > 1.03",59,59,23,8,7,8,28,0.135593220338983,0.304347826086957,TRUE,0.389830508474576,0.313725490196078,0.257432002009884,0.186785430872568,0.135593220338983,0.474576271186441
"national","2-3","months_since_cert_n >= 10 & rawben_rel_max < 0.212 & total_deductions_by_hh_size >= 576",53,53,21,0,0,0,4,0,0,FALSE,0.39622641509434,0.39622641509434,0.256669902757045,0.256669902757045,0,0.0754716981132075
"national","2-3","gross_by_hh_size >= 2140 & rawben_rel_max < 0.225 & shelter_expenses_by_hh_size < 1240",84,84,30,0,0,0,5,0,0,FALSE,0.357142857142857,0.357142857142857,0.247603137058355,0.247603137058355,0,0.0595238095238095
"national","2-3","medical_deductions >= 175 & medical_deductions < 184 & months_since_cert_n < 8",37,37,15,0,0,0,1,0,0,FALSE,0.405405405405405,0.405405405405405,0.241698566013481,0.241698566013481,0,0.027027027027027
"national","4+","gross_by_hh_size >= 92 & months_since_cert_n >= 15 & shelter_expenses_by_hh_size < 258",170,170,54,0,0,0,10,0,0,FALSE,0.317647058823529,0.317647058823529,0.241314812576001,0.241314812576001,0,0.0588235294117647
"national","4+","gross_by_hh_size < 128 & shelter_expenses_by_hh_size >= 150 & unc_rawben_rel_max >= 1.07 & unc_rawben_rel_max < 1.09",34,34,14,0,0,5,18,0,0,FALSE,0.411764705882353,0.411764705882353,0.241126139017706,0.241126139017706,0.147058823529412,0.529411764705882
"national","1","gross_by_hh_size >= 1770 & rawben_rel_max < 1 & shelter_expenses_by_hh_size >= 2180",182,182,57,0,0,0,8,0,0,FALSE,0.313186813186813,0.313186813186813,0.239594099936753,0.239594099936753,0,0.043956043956044
"national","2-3","bbce_state_i >= 1 & HH_size_n > 2.5 & shelter_expenses_by_hh_size > 891 & unc_rawben_rel_max > 0.638",97,97,33,7,5,7,16,0.0721649484536082,0.151515151515152,FALSE,0.34020618556701,0.311111111111111,0.23942496930117,0.211061669606145,0.0721649484536082,0.164948453608247
"national","2-3","HH_size_n > 2.5 & months_since_cert_n <= 5.5 & rawben_rel_max > 0.999 & unc_rawben_rel_max <= 1",60,60,22,0,0,0,0,0,0,FALSE,0.366666666666667,0.366666666666667,0.238664819314666,0.238664819314666,0,0
"national","4+","bbce_state_i >= 1 & elderly_disabled_i >= 1 & shelter_expenses_by_hh_size > 340 & unearned_by_hh_size > 581",101,101,34,0,0,0,0,0,0,FALSE,0.336633663366337,0.336633663366337,0.238061643547544,0.238061643547544,0,0
"national","1","children_i >= 1 & expedited_i <= 0 & rawben_rel_max < 0.312",61,61,22,0,0,0,0,0,0,FALSE,0.360655737704918,0.360655737704918,0.234479972135485,0.234479972135485,0,0
"national","4+","months_since_cert_n >= 7 & months_since_cert_n < 9 & shelter_expenses_by_hh_size >= 470 & total_deductions_by_hh_size < 379",82,82,28,3,2,3,5,0.0365853658536585,0.0714285714285714,FALSE,0.341463414634146,0.329113924050633,0.232893542364144,0.220601348582407,0.0365853658536585,0.0609756097560976
"national","2-3","months_since_cert_n < 2 & shelter_expenses_by_hh_size >= 1020 & unearned_by_hh_size >= 216 & unearned_by_hh_size < 1330",72,72,25,1,1,1,6,0.0138888888888889,0.04,FALSE,0.347222222222222,0.338028169014085,0.231585239963398,0.223103041987392,0.0138888888888889,0.0833333333333333
"national","2-3","gross_by_hh_size > 207 & married <= 0 & percent_abawd > 0.167 & percent_abawd <= 0.417",314,314,90,3,2,3,13,0.00955414012738853,0.0222222222222222,FALSE,0.286624203821656,0.282958199356913,0.231276957463387,0.227652240544938,0.00955414012738853,0.0414012738853503
"national","4+","expedited_i >= 1 & HH_size_n <= 4.5 & rawben_rel_max <= 0.946 & total_deductions_by_hh_size <= 277",163,163,50,0,0,0,0,0,0,FALSE,0.306748466257669,0.306748466257669,0.230070299093221,0.230070299093221,0,0
"national","2-3","months_since_cert_n < 4 & shelter_expenses_by_hh_size < 777 & total_deductions_by_hh_size >= 812 & unc_rawben_rel_max < 1",52,52,19,0,0,0,1,0,0,FALSE,0.365384615384615,0.365384615384615,0.229703137175663,0.229703137175663,0,0.0192307692307692
"national","4+","earned_by_hh_size < 303 & HH_size_n >= 7 & months_since_cert_n >= 9",101,101,33,0,0,0,1,0,0,FALSE,0.326732673267327,0.326732673267327,0.229419195622696,0.229419195622696,0,0.0099009900990099
"national","1","earned_by_hh_size >= 663 & months_since_cert_n >= 18",105,105,34,8,7,8,20,0.0761904761904762,0.205882352941176,FALSE,0.323809523809524,0.278350515463918,0.228501946475476,0.186382547133172,0.0761904761904762,0.19047619047619
"national","2-3","earned_by_hh_size >= 16.3 & earned_by_hh_size < 1220 & married >= 1 & unearned_by_hh_size >= 36.7",515,515,139,0,0,0,25,0,0,FALSE,0.269902912621359,0.269902912621359,0.226970171765511,0.226970171765511,0,0.0485436893203883
"national","1","shelter_expenses_by_hh_size > 2620 & total_deductions_by_hh_size > 1080 & utilities_sua > 0.5",128,128,40,7,5,7,15,0.0546875,0.125,FALSE,0.3125,0.289256198347107,0.226452758180266,0.20404031442477,0.0546875,0.1171875
"national","2-3","rawben_rel_max < 0.936 & total_deductions_by_hh_size >= 416 & utilities_sua < 2",460,460,125,0,0,0,3,0,0,FALSE,0.271739130434783,0.271739130434783,0.226355713949091,0.226355713949091,0,0.00652173913043478
"national","4+","bbce_state_i >= 1 & months_since_cert_n <= 5.5 & percent_abawd > 0.05 & rawben_rel_max <= 0.946",349,349,96,0,0,0,2,0,0,FALSE,0.275071633237822,0.275071633237822,0.223225499166389,0.223225499166389,0,0.00573065902578797
"national","4+","gross_by_hh_size <= 657 & HH_size_n > 5.5 & months_since_cert_n > 5.5 & rawben_rel_max <= 0.972",667,667,219,0,0,0,4,0,0,FALSE,0.328335832083958,0.328335832083958,0.287570597057403,0.287570597057403,0,0.00599700149925037
"national","4+","rawben_rel_max >= 0.595 & rawben_rel_max < 0.61 & shelter_expenses_by_hh_size >= 330",66,66,25,0,0,0,0,0,0,FALSE,0.378787878787879,0.378787878787879,0.254135547386207,0.254135547386207,0,0
"national","1","gross_by_hh_size > 492 & months_since_cert_n <= 11.5 & percent_abawd > 0.5 & unc_rawben_rel_max > 1.34",153,153,50,43,21,43,87,0.281045751633987,0.42,TRUE,0.326797385620915,0.263636363636364,0.245829002302944,0.178678082771981,0.281045751633987,0.568627450980392
"national","4+","elderly_disabled_i >= 1 & months_since_cert_n > 5.5 & percent_abawd > 0.191 & unc_rawben_rel_max <= 1.1",43,43,17,0,0,0,0,0,0,FALSE,0.395348837209302,0.395348837209302,0.243177113366149,0.243177113366149,0,0
"national","2-3","gross_by_hh_size >= 396 & medical_deductions >= 189 & unc_rawben_rel_max >= 1",36,36,18,0,0,0,5,0,0,FALSE,0.5,0.5,0.319271912768404,0.319271912768404,0,0.138888888888889
"national","4+","HH_size_n >= 5 & shelter_expenses_by_hh_size < 410 & total_deductions_by_hh_size >= 317",231,231,84,0,0,0,11,0,0,FALSE,0.363636363636364,0.363636363636364,0.293918420798535,0.293918420798535,0,0.0476190476190476
"national","2-3","children_i <= 0 & expedited_i <= 0 & gross_by_hh_size > 2670 & unc_rawben_rel_max <= 1",31,31,15,0,0,0,0,0,0,FALSE,0.483870967741935,0.483870967741935,0.293614841996523,0.293614841996523,0,0
"national","4+","gross_by_hh_size >= 114 & unc_rawben_rel_max >= 1.06 & unc_rawben_rel_max < 1.09 & utilities_sua >= 2",305,305,102,84,45,102,165,0.275409836065574,0.441176470588235,TRUE,0.334426229508197,0.257918552036199,0.274959341610374,0.195828010151963,0.334426229508197,0.540983606557377
"national","4+","earned_by_hh_size > 9.02 & HH_size_n > 5.5 & months_since_cert_n > 5.5 & total_deductions_by_hh_size <= 249",596,596,186,0,0,3,14,0,0,FALSE,0.312080536912752,0.312080536912752,0.269791837819155,0.269791837819155,0.00503355704697987,0.023489932885906
"national","4+","earned_by_hh_size > 0.0833 & gross_by_hh_size <= 431 & rawben_rel_max <= 0.976 & total_deductions_by_hh_size <= 198",1319,1319,392,0,0,0,10,0,0,FALSE,0.297194844579227,0.297194844579227,0.268801231157778,0.268801231157778,0,0.00758150113722517
"national","2-3","rawben_rel_max >= 0.357 & unearned_by_hh_size >= 1040 & unearned_by_hh_size < 1410",170,170,59,0,0,0,0,0,0,FALSE,0.347058823529412,0.347058823529412,0.268040304653708,0.268040304653708,0,0
"national","4+","gross_by_hh_size >= 1030 & unc_rawben_rel_max >= 0.247",49,49,20,0,0,0,0,0,0,FALSE,0.408163265306122,0.408163265306122,0.262042136469221,0.262042136469221,0,0
"national","4+","gross_by_hh_size > 945 & rawben_rel_max > 0.152 & unearned_by_hh_size > 20.6",85,85,31,0,0,0,0,0,0,FALSE,0.364705882352941,0.364705882352941,0.254774413347258,0.254774413347258,0,0
"national","2-3","earned_by_hh_size >= 21.7 & gross_by_hh_size < 919 & months_since_cert_n >= 5 & unearned_by_hh_size >= 499",86,86,31,0,0,0,6,0,0,FALSE,0.36046511627907,0.36046511627907,0.251623242995112,0.251623242995112,0,0.0697674418604651
"national","4+","shelter_expenses_by_hh_size >= 133 & total_deductions_by_hh_size >= 227 & utilities_sua < 2",420,420,124,6,4,6,17,0.0142857142857143,0.032258064516129,FALSE,0.295238095238095,0.289855072463768,0.246334899524961,0.240965342902216,0.0142857142857143,0.0404761904761905
"national","4+","count_divisible_by_100 > 0.5 & earned_by_hh_size > 42.1 & earned_by_hh_size <= 437 & gross_by_hh_size > 142",434,434,127,5,2,5,29,0.0115207373271889,0.015748031496063,FALSE,0.292626728110599,0.291375291375291,0.244631250258315,0.24319697925313,0.0115207373271889,0.0668202764976959
"national","4+","earned_by_hh_size > 10.8 & medical_deductions <= 147 & months_since_cert_n > 10.5 & shelter_expenses_by_hh_size <= 403",489,489,140,4,2,8,25,0.0081799591002045,0.0142857142857143,FALSE,0.286298568507157,0.284536082474227,0.24129315240411,0.239462905965683,0.016359918200409,0.0511247443762781
"national","4+","earned_by_hh_size >= 614 & months_since_cert_n >= 4 & rawben_rel_max >= 0.687",53,53,20,0,0,0,0,0,0,FALSE,0.377358490566038,0.377358490566038,0.240758002023421,0.240758002023421,0,0
"national","4+","earned_by_hh_size >= 917 & months_since_cert_n >= 5 & total_deductions_by_hh_size >= 358",114,114,38,0,0,0,0,0,0,FALSE,0.333333333333333,0.333333333333333,0.24025900659367,0.24025900659367,0,0
"national","1","medical_deductions >= 314 & months_since_cert_n >= 6 & unearned_by_hh_size < 2140 & utilities_sua < 1",47,47,18,0,0,1,1,0,0,FALSE,0.382978723404255,0.382978723404255,0.238407441769557,0.238407441769557,0.0212765957446809,0.0212765957446809
"national","4+","gross_by_hh_size >= 782 & percent_abawd >= 0.167 & total_deductions_by_hh_size < 408 & unearned_by_hh_size < 248",71,71,25,0,0,0,0,0,0,FALSE,0.352112676056338,0.352112676056338,0.235059484912337,0.235059484912337,0,0
"national","1","total_deductions_by_hh_size > 1250 & unearned_by_hh_size <= 204 & utilities_sua <= 0.5",38,38,15,0,0,0,6,0,0,FALSE,0.394736842105263,0.394736842105263,0.234798235550521,0.234798235550521,0,0.157894736842105
"national","1","gross_by_hh_size < 2050 & total_deductions_by_hh_size >= 1630 & unearned_by_hh_size >= 1850 & unearned_by_hh_size < 2480",82,82,28,0,0,0,7,0,0,FALSE,0.341463414634146,0.341463414634146,0.232893542364144,0.232893542364144,0,0.0853658536585366
"national","1","gross_by_hh_size >= 480 & total_deductions_by_hh_size < 750 & unc_rawben_rel_max >= 0.92",605,605,165,0,0,1,167,0,0,FALSE,0.272727272727273,0.272727272727273,0.232764575797295,0.232764575797295,0.00165289256198347,0.27603305785124
"national","4+","married >= 1 & months_since_cert_n > 5.5 & rawben_rel_max > 0.507 & rawben_rel_max <= 0.961",815,815,262,0,0,0,5,0,0,FALSE,0.321472392638037,0.321472392638037,0.284704330543794,0.284704330543794,0,0.00613496932515337
"national","4+","bbce_state_i >= 1 & earned_by_hh_size > 42.2 & earned_by_hh_size <= 440 & shelter_expenses_by_hh_size > 311",990,990,307,50,33,53,98,0.0505050505050505,0.107491856677524,FALSE,0.31010101010101,0.291489361702128,0.277017644937342,0.258283622522935,0.0535353535353535,0.098989898989899
"national","4+","elderly_disabled_i >= 1 & gross_by_hh_size >= 122 & unearned_by_hh_size < 129",171,171,60,0,0,0,9,0,0,FALSE,0.350877192982456,0.350877192982456,0.271748176992123,0.271748176992123,0,0.0526315789473684
"national","4+","expedited_i <= 0 & HH_size_n > 4.5 & months_since_cert_n > 5.5 & unc_rawben_rel_max <= 1",1769,1769,514,0,0,0,6,0,0,FALSE,0.29055963821368,0.29055963821368,0.266119873985286,0.266119873985286,0,0.00339174674957603
"national","4+","earned_by_hh_size >= 145 & rawben_rel_max >= 0.569 & shelter_expenses_by_hh_size >= 470 & unearned_by_hh_size < 195",442,442,131,16,11,16,27,0.0361990950226244,0.083969465648855,FALSE,0.296380090497738,0.28169014084507,0.248565073276725,0.233979627087103,0.0361990950226244,0.0610859728506787
"national","4+","elderly_disabled_i <= 0 & shelter_expenses_by_hh_size >= 362 & shelter_expenses_by_hh_size < 549 & total_deductions_by_hh_size >= 327",907,907,254,0,0,0,4,0,0,FALSE,0.280044101433297,0.280044101433297,0.246747292388781,0.246747292388781,0,0.00441014332965821
"national","2-3","earned_by_hh_size >= 5 & gross_by_hh_size >= 120 & months_since_cert_n >= 5 & unearned_by_hh_size >= 171",984,984,274,1,1,1,47,0.00101626016260163,0.00364963503649635,FALSE,0.278455284552846,0.277721261444557,0.246498620747156,0.245779775922694,0.00101626016260163,0.0477642276422764
"national","2-3","earned_by_hh_size >= 5 & months_since_cert_n >= 4 & rawben_rel_max < 0.785 & unc_rawben_rel_max >= 0.362",2400,2400,632,1,1,1,16,0.000416666666666667,0.00158227848101266,FALSE,0.263333333333333,0.263026260942059,0.242970542930741,0.242667848726173,0.000416666666666667,0.00666666666666667
"national","4+","gross_by_hh_size > 224 & HH_size_n > 4.5 & married >= 1 & total_deductions_by_hh_size > 242",860,860,236,0,0,0,5,0,0,FALSE,0.274418604651163,0.274418604651163,0.24051907424963,0.24051907424963,0,0.00581395348837209
"national","2-3","earned_by_hh_size > 9.75 & rawben_rel_max <= 0.976 & shelter_expenses_by_hh_size > 750 & utilities_sua > 1.5",1281,1281,343,0,0,0,18,0,0,FALSE,0.26775956284153,0.26775956284153,0.240003999992604,0.240003999992604,0,0.0140515222482436
"national","4+","months_since_cert_n >= 7 & rawben_rel_max >= 0.262 & unc_rawben_rel_max < 1.1",3415,3415,877,32,11,41,126,0.00937042459736457,0.0125427594070696,FALSE,0.256808199121523,0.255985811409991,0.239813585334377,0.238932531021447,0.0120058565153734,0.036896046852123
"national","4+","HH_size_n > 4.5 & medical_deductions <= 37.5 & months_since_cert_n > 3.5 & unearned_by_hh_size > 62.8",1622,1622,423,0,0,0,44,0,0,FALSE,0.26078914919852,0.26078914919852,0.236256200982916,0.236256200982916,0,0.0271270036991369
"national","1","rawben_rel_max >= 0.979 & shelter_expenses_by_hh_size >= 1010 & unc_rawben_rel_max < 1.03 & unearned_by_hh_size >= 277",1740,1740,448,44,23,87,321,0.0252873563218391,0.0513392857142857,FALSE,0.257471264367816,0.250589622641509,0.233867988575365,0.226932924409271,0.05,0.18448275862069
"national","2-3","count_divisible_by_100 <= 0.5 & earned_by_hh_size > 230 & expedited_i >= 1 & utilities_sua > 0.5",504,504,139,37,26,37,71,0.0734126984126984,0.18705035971223,FALSE,0.275793650793651,0.241970021413276,0.232055984302158,0.198997392057181,0.0734126984126984,0.140873015873016
"national","4+","gross_by_hh_size >= 421 & gross_by_hh_size < 528 & rawben_rel_max >= 0.641 & shelter_expenses_by_hh_size < 356",606,606,164,0,0,0,2,0,0,FALSE,0.270627062706271,0.270627062706271,0.230814469479079,0.230814469479079,0,0.0033003300330033
"national","4+","rawben_rel_max < 0.633 & shelter_expenses_by_hh_size >= 172 & utilities_sua < 2",374,374,105,0,0,0,0,0,0,FALSE,0.280748663101604,0.280748663101604,0.230123663324005,0.230123663324005,0,0
"national","2-3","gross_by_hh_size >= 673 & gross_by_hh_size < 1060 & medical_deductions >= 176 & medical_deductions < 191",39,39,15,0,0,0,1,0,0,FALSE,0.384615384615385,0.384615384615385,0.228284660817467,0.228284660817467,0,0.0256410256410256
"national","4+","earned_by_hh_size > 0.0833 & earned_by_hh_size <= 360 & rawben_rel_max > 0.904 & rawben_rel_max <= 0.975",501,501,134,0,0,0,11,0,0,FALSE,0.267465069860279,0.267465069860279,0.224130390090594,0.224130390090594,0,0.0219560878243513
"national","4+","earned_by_hh_size < 401 & gross_by_hh_size >= 493 & HH_size_n >= 6",179,179,53,0,0,0,0,0,0,FALSE,0.29608938547486,0.29608938547486,0.22364675946739,0.22364675946739,0,0
"national","2-3","earned_by_hh_size >= 411 & earned_by_hh_size < 462 & rawben_rel_max < 0.923 & total_deductions_by_hh_size >= 157",313,313,87,0,0,0,0,0,0,FALSE,0.277955271565495,0.277955271565495,0.223210050550326,0.223210050550326,0,0
"national","2-3","shelter_expenses_by_hh_size > 658 & shelter_expenses_by_hh_size <= 1410 & total_deductions_by_hh_size > 501 & utilities_sua <= 1.5",157,157,47,4,4,4,8,0.0254777070063694,0.0851063829787234,FALSE,0.299363057324841,0.281045751633987,0.222191075918427,0.205115436959938,0.0254777070063694,0.0509554140127389
"national","2-3","bbce_state_i >= 1 & shelter_expenses_by_hh_size >= 514 & unearned_by_hh_size >= 548 & utilities_sua < 2",198,198,57,0,0,0,0,0,0,FALSE,0.287878787878788,0.287878787878788,0.219463256998975,0.219463256998975,0,0
"national","4+","count_divisible_by_100 <= 0.5 & homeless >= 1 & rawben_rel_max > 0.755 & shelter_expenses_by_hh_size > 35.1",41,41,15,0,0,1,6,0,0,FALSE,0.365853658536585,0.365853658536585,0.216293410830896,0.216293410830896,0.024390243902439,0.146341463414634
"national","4+","count_divisible_by_100 >= 1 & HH_size_n < 6 & months_since_cert_n >= 5 & rawben_rel_max < 0.648",160,160,53,0,0,0,0,0,0,FALSE,0.33125,0.33125,0.251469437689611,0.251469437689611,0,0
"national","4+","gross_by_hh_size > 267 & rawben_rel_max > 0.655 & shelter_expenses_by_hh_size <= 184",850,850,229,0,0,0,3,0,0,FALSE,0.269411764705882,0.269411764705882,0.235556925057032,0.235556925057032,0,0.00352941176470588
"national","2-3","elderly_disabled_i >= 1 & HH_size_n >= 3 & months_since_cert_n < 8 & total_deductions_by_hh_size >= 353",353,353,95,0,0,0,26,0,0,FALSE,0.269121813031161,0.269121813031161,0.218005672428591,0.218005672428591,0,0.0736543909348442
"national","4+","months_since_cert_n <= 3.5 & total_deductions_by_hh_size > 242 & utilities_sua > 0.5 & utilities_sua <= 1.5",120,120,36,3,2,3,6,0.025,0.0555555555555556,FALSE,0.3,0.290598290598291,0.213056301576648,0.203951928223876,0.025,0.05
"national","4+","months_since_cert_n >= 1 & shelter_expenses_by_hh_size >= 70.8 & shelter_expenses_by_hh_size < 97",756,756,187,0,0,0,27,0,0,FALSE,0.247354497354497,0.247354497354497,0.21273439798672,0.21273439798672,0,0.0357142857142857
"national","4+","gross_by_hh_size > 72.6 & gross_by_hh_size <= 159 & HH_size_n > 4.5 & utilities_sua <= 1.5",177,177,49,2,1,2,12,0.0112994350282486,0.0204081632653061,FALSE,0.27683615819209,0.274285714285714,0.20611394374513,0.203497090175369,0.0112994350282486,0.0677966101694915
"national","4+","rawben_rel_max < 0.599 & total_deductions_by_hh_size >= 54.8 & unc_rawben_rel_max >= 0.566",492,492,122,0,0,0,0,0,0,FALSE,0.247967479674797,0.247967479674797,0.205588605810383,0.205588605810383,0,0
"national","2-3","earned_by_hh_size > 103 & months_since_cert_n > 5.5 & rawben_rel_max > 0.997 & shelter_expenses_by_hh_size > 393",361,361,92,67,39,67,140,0.185595567867036,0.423913043478261,TRUE,0.254847645429363,0.180272108843537,0.205391115154754,0.13405314839604,0.185595567867036,0.38781163434903
"national","2-3","count_divisible_by_100 > 0.5 & HH_size_n > 2.5 & months_since_cert_n <= 0.5 & percent_abawd <= 0.167",109,109,32,4,2,4,9,0.036697247706422,0.0625,FALSE,0.293577981651376,0.285714285714286,0.203828450216599,0.195663261276504,0.036697247706422,0.0825688073394495
"national","2-3","gross_by_hh_size >= 908 & months_since_cert_n < 3 & rawben_rel_max >= 0.401 & shelter_expenses_by_hh_size < 1180",445,445,110,0,0,0,0,0,0,FALSE,0.247191011235955,0.247191011235955,0.202851733009545,0.202851733009545,0,0
"national","4+","earned_by_hh_size < 87.4 & months_since_cert_n >= 6 & total_deductions_by_hh_size >= 202 & total_deductions_by_hh_size < 213",40,40,14,0,0,0,4,0,0,FALSE,0.35,0.35,0.202268739280259,0.202268739280259,0,0.1
"national","4+","earned_by_hh_size > 37.9 & gross_by_hh_size <= 466 & unearned_by_hh_size > 262",78,78,31,0,0,0,1,0,0,FALSE,0.397435897435897,0.397435897435897,0.279277540648227,0.279277540648227,0,0.0128205128205128
"national","2-3","gross_by_hh_size > 1250 & rawben_rel_max > 0.155 & unc_rawben_rel_max <= 1.19 & utilities_sua > 0.5",503,503,156,0,0,0,4,0,0,FALSE,0.31013916500994,0.31013916500994,0.26440109053954,0.26440109053954,0,0.00795228628230616
"national","4+","earned_by_hh_size >= 258 & gross_by_hh_size < 312 & shelter_expenses_by_hh_size < 63.7",37,37,15,0,0,0,0,0,0,FALSE,0.405405405405405,0.405405405405405,0.241698566013481,0.241698566013481,0,0
"national","2-3","married >= 1 & total_deductions_by_hh_size > 502 & unc_rawben_rel_max <= 1",1017,1017,270,0,0,0,5,0,0,FALSE,0.265486725663717,0.265486725663717,0.234580569582743,0.234580569582743,0,0.00491642084562439
"national","4+","count_divisible_by_100 > 1.5 & months_since_cert_n > 5.5 & rawben_rel_max <= 0.961",45,45,22,0,0,0,0,0,0,FALSE,0.488888888888889,0.488888888888889,0.326315127141581,0.326315127141581,0,0
"national","4+","gross_by_hh_size > 92.4 & medical_deductions <= 170 & months_since_cert_n > 2.5 & total_deductions_by_hh_size > 492",136,136,54,0,0,0,9,0,0,FALSE,0.397058823529412,0.397058823529412,0.305211400867203,0.305211400867203,0,0.0661764705882353
"national","1","shelter_expenses_by_hh_size >= 2300 & unc_rawben_rel_max < 1.03",168,168,59,4,4,4,14,0.0238095238095238,0.0677966101694915,FALSE,0.351190476190476,0.335365853658537,0.271390997428319,0.256089441936799,0.0238095238095238,0.0833333333333333
"national","2-3","gross_by_hh_size >= 1330 & unc_rawben_rel_max >= 0.159",306,306,101,0,0,0,2,0,0,FALSE,0.330065359477124,0.330065359477124,0.270966316498534,0.270966316498534,0,0.0065359477124183
"national","4+","earned_by_hh_size >= 65.5 & total_deductions_by_hh_size < 87.2 & unc_rawben_rel_max < 1.12",200,200,68,0,0,0,6,0,0,FALSE,0.34,0.34,0.267219391548959,0.267219391548959,0,0.03
"national","2-3","gross_by_hh_size >= 919 & medical_deductions >= 196 & months_since_cert_n >= 4 & unearned_by_hh_size < 1140",64,64,25,0,0,0,1,0,0,FALSE,0.390625,0.390625,0.262670343434311,0.262670343434311,0,0.015625
"national","4+","gross_by_hh_size >= 297 & percent_abawd < 0.167 & rawben_rel_max >= 0.771",1597,1597,454,0,0,0,32,0,0,FALSE,0.28428303068253,0.28428303068253,0.258791128184193,0.258791128184193,0,0.0200375704445836
"national","1","elderly_disabled_i >= 1 & percent_abawd > 0.5 & rawben_rel_max > 0.998",40,40,16,0,0,0,13,0,0,FALSE,0.4,0.4,0.242397089822366,0.242397089822366,0,0.325
"national","2-3","earned_by_hh_size >= 164 & gross_by_hh_size < 306 & total_deductions_by_hh_size < 314 & unc_rawben_rel_max >= 1.11",34,34,14,0,0,0,27,0,0,FALSE,0.411764705882353,0.411764705882353,0.241126139017706,0.241126139017706,0,0.794117647058823
"national","2-3","children_i <= 0 & gross_by_hh_size > 1700 & HH_size_n <= 2.5 & rawben_rel_max <= 0.144",134,134,43,0,0,0,3,0,0,FALSE,0.32089552238806,0.32089552238806,0.235621107059755,0.235621107059755,0,0.0223880597014925
"national","2-3","gross_by_hh_size >= 322 & HH_size_n >= 3 & total_deductions_by_hh_size >= 502",694,694,190,0,0,0,27,0,0,FALSE,0.273775216138329,0.273775216138329,0.236268975089116,0.236268975089116,0,0.0389048991354467
"national","4+","shelter_expenses_by_hh_size >= 70.8 & shelter_expenses_by_hh_size < 288 & total_deductions_by_hh_size >= 260",517,517,143,8,5,8,35,0.0154738878143133,0.034965034965035,FALSE,0.276595744680851,0.271119842829077,0.233329084613777,0.227874193207987,0.0154738878143133,0.0676982591876209
"national","4+","HH_size_n > 5.5 & months_since_cert_n > 1.5 & total_deductions_by_hh_size > 242 & unearned_by_hh_size <= 0.25",247,247,73,0,0,0,2,0,0,FALSE,0.295546558704453,0.295546558704453,0.232982420183286,0.232982420183286,0,0.00809716599190283
"national","4+","bbce_state_i >= 1 & percent_abawd > 0.118 & shelter_expenses_by_hh_size > 59.2",705,705,190,5,1,6,16,0.00709219858156028,0.00526315789473684,FALSE,0.269503546099291,0.27,0.232498185442488,0.232843505190768,0.00851063829787234,0.0226950354609929
"national","4+","earned_by_hh_size >= 888 & months_since_cert_n < 8 & rawben_rel_max >= 0.13 & shelter_expenses_by_hh_size < 540",230,230,68,0,0,0,0,0,0,FALSE,0.295652173913043,0.295652173913043,0.231009244137993,0.231009244137993,0,0
"national","2-3","earned_by_hh_size >= 361 & months_since_cert_n >= 14 & shelter_expenses_by_hh_size >= 326 & utilities_sua >= 1",108,108,35,5,3,5,9,0.0462962962962963,0.0857142857142857,FALSE,0.324074074074074,0.310679611650485,0.22989819475525,0.216315745681935,0.0462962962962963,0.0833333333333333
"national","4+","shelter_expenses_by_hh_size >= 540 & total_deductions_by_hh_size >= 315 & total_deductions_by_hh_size < 361",112,112,36,0,0,0,1,0,0,FALSE,0.321428571428571,0.321428571428571,0.229067192265816,0.229067192265816,0,0.00892857142857143
"national","1","expedited_i >= 1 & rawben_rel_max > 0.998 & unc_rawben_rel_max <= 1.02",361,361,101,74,16,78,190,0.204986149584488,0.158415841584158,FALSE,0.279778393351801,0.29616724738676,0.228386871201275,0.237720642387947,0.21606648199446,0.526315789473684
"national","4+","gross_by_hh_size >= 29.3 & months_since_cert_n < 6 & unc_rawben_rel_max >= 1.06 & unc_rawben_rel_max < 1.1",362,362,101,61,34,77,161,0.168508287292818,0.336633663366337,TRUE,0.279005524861878,0.222591362126246,0.227736560885347,0.171996923951644,0.212707182320442,0.44475138121547
"national","2-3","medical_deductions >= 7 & months_since_cert_n >= 23 & rawben_rel_max >= 0.391",30,30,14,0,0,0,1,0,0,FALSE,0.466666666666667,0.466666666666667,0.276687189745099,0.276687189745099,0,0.0333333333333333
"national","2-3","gross_by_hh_size > 919 & married >= 1 & total_deductions_by_hh_size > 440 & unc_rawben_rel_max <= 1",744,744,209,0,0,0,5,0,0,FALSE,0.280913978494624,0.280913978494624,0.244274896320216,0.244274896320216,0,0.00672043010752688
"national","2-3","count_divisible_by_100 < 1 & rawben_rel_max >= 0.471 & shelter_expenses_by_hh_size < 624 & total_deductions_by_hh_size >= 594",325,325,93,0,0,0,14,0,0,FALSE,0.286153846153846,0.286153846153846,0.231715304717539,0.231715304717539,0,0.0430769230769231
"national","2-3","earned_by_hh_size > 146 & expedited_i <= 0 & HH_size_n > 2.5 & shelter_expenses_by_hh_size > 477",1579,1579,387,36,23,36,70,0.0227992400253325,0.0594315245478036,FALSE,0.245091830272324,0.235904082955282,0.220811706193913,0.211713674648679,0.0227992400253325,0.0443318556048132
"national","2-3","rawben_rel_max > 0.543 & rawben_rel_max <= 0.908 & total_deductions_by_hh_size > 121 & utilities_sua <= 0.5",699,699,178,0,0,0,7,0,0,FALSE,0.254649499284692,0.254649499284692,0.218306346783432,0.218306346783432,0,0.0100143061516452
"national","2-3","HH_size_n > 2.5 & months_since_cert_n > 5.5 & unc_rawben_rel_max > 0.493 & unc_rawben_rel_max <= 1",1688,1688,402,0,0,0,0,0,0,FALSE,0.238151658767773,0.238151658767773,0.214897411504031,0.214897411504031,0,0
"national","1","gross_by_hh_size >= 934 & medical_deductions >= 158 & total_deductions_by_hh_size >= 473 & unearned_by_hh_size < 1140",431,431,109,0,0,3,10,0,0,FALSE,0.252900232018561,0.252900232018561,0.207468874449152,0.207468874449152,0.00696055684454756,0.0232018561484919
"national","2-3","gross_by_hh_size >= 333 & months_since_cert_n >= 13 & total_deductions_by_hh_size >= 363",679,679,164,7,5,7,34,0.0103092783505155,0.0304878048780488,FALSE,0.241531664212077,0.236607142857143,0.20546544525942,0.200671100414205,0.0103092783505155,0.0500736377025037
"national","1","elderly_disabled_i <= 0 & gross_by_hh_size > 268 & unc_rawben_rel_max > 0.0787 & unearned_by_hh_size > 916",345,345,88,0,0,2,3,0,0,FALSE,0.255072463768116,0.255072463768116,0.204558329284087,0.204558329284087,0.00579710144927536,0.00869565217391304
"national","1","earned_by_hh_size >= 376 & gross_by_hh_size < 1100 & rawben_rel_max < 0.769 & shelter_expenses_by_hh_size >= 367",122,122,35,0,0,0,0,0,0,FALSE,0.286885245901639,0.286885245901639,0.202291084529047,0.202291084529047,0,0
"national","2-3","gross_by_hh_size >= 703 & gross_by_hh_size < 740 & percent_abawd < 0.667 & unearned_by_hh_size < 723",659,659,155,0,0,0,6,0,0,FALSE,0.235204855842185,0.235204855842185,0.199027848692173,0.199027848692173,0,0.00910470409711684
"national","4+","HH_size_n >= 7 & months_since_cert_n < 9 & unearned_by_hh_size >= 169",240,240,62,0,0,0,1,0,0,FALSE,0.258333333333333,0.258333333333333,0.198451364141493,0.198451364141493,0,0.00416666666666667
"national","1","months_since_cert_n < 8 & rawben_rel_max < 0.0893 & unc_rawben_rel_max >= 0.08 & utilities_sua >= 2",150,150,41,0,0,0,0,0,0,FALSE,0.273333333333333,0.273333333333333,0.197696564459098,0.197696564459098,0,0
"national","2-3","earned_by_hh_size < 1560 & gross_by_hh_size >= 1560 & total_deductions_by_hh_size >= 350 & unc_rawben_rel_max < 1.33",125,125,35,0,0,0,3,0,0,FALSE,0.28,0.28,0.197219501201475,0.197219501201475,0,0.024
"national","2-3","gross_by_hh_size >= 1250 & months_since_cert_n < 18 & rawben_rel_max >= 0.377 & shelter_expenses_by_hh_size >= 406",149,149,50,0,0,0,1,0,0,FALSE,0.335570469798658,0.335570469798658,0.252757323705775,0.252757323705775,0,0.00671140939597315
"national","4+","months_since_cert_n >= 3 & months_since_cert_n < 9 & total_deductions_by_hh_size >= 338 & total_deductions_by_hh_size < 351",116,116,38,0,0,0,1,0,0,FALSE,0.327586206896552,0.327586206896552,0.235897063103191,0.235897063103191,0,0.00862068965517241
"national","2-3","gross_by_hh_size >= 322 & HH_size_n >= 3 & months_since_cert_n < 7 & total_deductions_by_hh_size >= 502",519,519,143,0,0,0,20,0,0,FALSE,0.275529865125241,0.275529865125241,0.232406204612193,0.232406204612193,0,0.0385356454720617
"Alabama","4+","gross_by_hh_size > 578 & rawben_rel_max > 0.452 & shelter_expenses_by_hh_size > 269 & utilities_sua > 1.5",31,31,19,0,0,0,0,0,0,FALSE,0.612903225806452,0.612903225806452,0.407618537979449,0.407618537979449,0,0
"Alabama","4+","earned_by_hh_size > 354 & months_since_cert_n > 5.5 & months_since_cert_n <= 10.5 & rawben_rel_max > 0.464",36,36,20,0,0,0,0,0,0,FALSE,0.555555555555556,0.555555555555556,0.368541570873969,0.368541570873969,0,0
"Alabama","4+","shelter_expenses_by_hh_size > 269 & unc_rawben_rel_max > 0.507 & unc_rawben_rel_max <= 1.06 & unearned_by_hh_size <= 220",60,60,29,0,0,0,0,0,0,FALSE,0.483333333333333,0.483333333333333,0.340985897544047,0.340985897544047,0,0
"Alabama","2-3","count_divisible_by_100 <= 0.5 & earned_by_hh_size > 166 & percent_abawd <= 0.417 & unearned_by_hh_size > 46.9",53,53,24,0,0,0,0,0,0,FALSE,0.452830188679245,0.452830188679245,0.305642880143884,0.305642880143884,0,0
"Alabama","1","children_i <= 0 & gross_by_hh_size > 1260 & rawben_rel_max > 0.318 & unearned_by_hh_size <= 1290",30,30,13,0,0,0,0,0,0,FALSE,0.433333333333333,0.433333333333333,0.249555901376185,0.249555901376185,0,0
"Alabama","1","rawben_rel_max >= 0.896 & total_deductions_by_hh_size >= 828 & total_deductions_by_hh_size < 982 & unearned_by_hh_size >= 924",30,30,12,0,0,0,1,0,0,FALSE,0.4,0.4,0.223178243372627,0.223178243372627,0,0.0333333333333333
"Arizona","2-3","earned_by_hh_size <= 594 & gross_by_hh_size > 336 & shelter_expenses_by_hh_size > 471 & total_deductions_by_hh_size > 427",32,32,22,5,5,5,10,0.15625,0.227272727272727,FALSE,0.6875,0.62962962962963,0.482041357827834,0.409506448498686,0.15625,0.3125
"Arizona","4+","count_divisible_by_100 <= 0.5 & earned_by_hh_size > 247 & married <= 0 & months_since_cert_n > 6.5",39,39,25,0,0,0,1,0,0,FALSE,0.641025641025641,0.641025641025641,0.455534477644457,0.455534477644457,0,0.0256410256410256
"Arizona","4+","gross_by_hh_size >= 548 & months_since_cert_n >= 5 & rawben_rel_max >= 0.431 & shelter_expenses_by_hh_size >= 70",33,33,21,0,0,0,0,0,0,FALSE,0.636363636363636,0.636363636363636,0.435597749096618,0.435597749096618,0,0
"Arizona","2-3","gross_by_hh_size > 209 & gross_by_hh_size <= 1200 & shelter_expenses_by_hh_size > 657 & utilities_sua > 1.5",31,31,19,5,5,5,10,0.161290322580645,0.263157894736842,TRUE,0.612903225806452,0.538461538461538,0.407618537979449,0.324833234356822,0.161290322580645,0.32258064516129
"Arizona","4+","gross_by_hh_size <= 958 & months_since_cert_n > 4.5 & months_since_cert_n <= 8.5 & rawben_rel_max <= 0.559",43,43,25,0,0,0,0,0,0,FALSE,0.581395348837209,0.581395348837209,0.407125963943943,0.407125963943943,0,0
"Arizona","4+","earned_by_hh_size > 125 & gross_by_hh_size <= 432 & percent_abawd <= 0.0714 & rawben_rel_max <= 0.952",38,38,22,0,0,0,2,0,0,FALSE,0.578947368421053,0.578947368421053,0.39452904873913,0.39452904873913,0,0.0526315789473684
"Arizona","4+","gross_by_hh_size > 832 & rawben_rel_max <= 0.468 & shelter_expenses_by_hh_size > 154",32,32,19,0,0,0,0,0,0,FALSE,0.59375,0.59375,0.392927990107296,0.392927990107296,0,0
"Arizona","2-3","rawben_rel_max > 0.191 & total_deductions_by_hh_size > 267 & unearned_by_hh_size > 557",41,41,22,0,0,0,1,0,0,FALSE,0.536585365853659,0.536585365853659,0.36200925717726,0.36200925717726,0,0.024390243902439
"Arizona","2-3","gross_by_hh_size >= 503 & months_since_cert_n >= 5 & total_deductions_by_hh_size >= 371",59,59,29,0,0,0,5,0,0,FALSE,0.491525423728814,0.491525423728814,0.347345070324595,0.347345070324595,0,0.0847457627118644
"Arizona","4+","earned_by_hh_size >= 565 & earned_by_hh_size < 673 & months_since_cert_n >= 3",30,30,16,0,0,0,0,0,0,FALSE,0.533333333333333,0.533333333333333,0.333167969505189,0.333167969505189,0,0
"Arizona","1","elderly_disabled_i <= 0 & gross_by_hh_size > 206 & months_since_cert_n > 3.5 & months_since_cert_n <= 9.5",54,54,26,5,5,5,16,0.0925925925925926,0.192307692307692,FALSE,0.481481481481481,0.428571428571429,0.332375993910925,0.279463065218726,0.0925925925925926,0.296296296296296
"Arizona","4+","count_divisible_by_100 <= 1.5 & gross_by_hh_size > 636 & shelter_expenses_by_hh_size <= 464 & total_deductions_by_hh_size > 282",33,33,20,0,0,0,0,0,0,FALSE,0.606060606060606,0.606060606060606,0.407131095704435,0.407131095704435,0,0
"Arizona","4+","gross_by_hh_size >= 136 & rawben_rel_max >= 0.158 & rawben_rel_max < 0.314",33,33,18,0,0,0,0,0,0,FALSE,0.545454545454545,0.545454545454545,0.352066228889308,0.352066228889308,0,0
"Arizona","4+","earned_by_hh_size > 159 & elderly_disabled_i <= 0 & unc_rawben_rel_max > 0.327 & unearned_by_hh_size > 6.5",31,31,16,0,0,0,2,0,0,FALSE,0.516129032258065,0.516129032258065,0.321079615952095,0.321079615952095,0,0.0645161290322581
"Arizona","2-3","earned_by_hh_size > 71.2 & earned_by_hh_size <= 453 & unc_rawben_rel_max <= 0.993",30,30,15,0,0,0,0,0,0,FALSE,0.5,0.5,0.304559277785661,0.304559277785661,0,0
"Arizona","1","gross_by_hh_size > 620 & months_since_cert_n > 3.5 & total_deductions_by_hh_size > 999",35,35,16,3,2,3,6,0.0857142857142857,0.125,FALSE,0.457142857142857,0.4375,0.280513156042504,0.25766898430634,0.0857142857142857,0.171428571428571
"Arizona","2-3","expedited_i <= 0 & gross_by_hh_size >= 846 & gross_by_hh_size < 1140 & total_deductions_by_hh_size >= 118",80,80,29,0,0,0,1,0,0,FALSE,0.3625,0.3625,0.249906979081513,0.249906979081513,0,0.0125
"Arizona","2-3","HH_size_n >= 3 & rawben_rel_max >= 0.54 & rawben_rel_max < 0.736 & total_deductions_by_hh_size < 467",31,31,13,0,0,0,0,0,0,FALSE,0.419354838709677,0.419354838709677,0.240746327794409,0.240746327794409,0,0
"Arkansas","1","count_divisible_by_100 <= 0.5 & rawben_rel_max > 0.871 & unc_rawben_rel_max <= 1.02",37,37,16,1,1,1,9,0.027027027027027,0.0625,FALSE,0.432432432432432,0.416666666666667,0.263895663617476,0.249021626896194,0.027027027027027,0.243243243243243
"Arkansas","1","married <= 0 & total_deductions_by_hh_size > 378 & unc_rawben_rel_max <= 1.02 & unearned_by_hh_size <= 658",41,41,16,0,0,0,6,0,0,FALSE,0.390243902439024,0.390243902439024,0.23599639047882,0.23599639047882,0,0.146341463414634
"California","1","rawben_rel_max >= 0.722 & shelter_expenses_by_hh_size >= 1590 & unc_rawben_rel_max < 1.01",39,39,20,4,4,4,4,0.102564102564103,0.2,FALSE,0.512820512820513,0.457142857142857,0.336791946620261,0.280513156042504,0.102564102564103,0.102564102564103
"California","2-3","earned_by_hh_size <= 251 & total_deductions_by_hh_size > 629 & total_deductions_by_hh_size <= 928",35,35,18,0,0,0,9,0,0,FALSE,0.514285714285714,0.514285714285714,0.329487191368976,0.329487191368976,0,0.257142857142857
"California","4+","earned_by_hh_size > 298 & rawben_rel_max > 0.5 & shelter_expenses_by_hh_size > 333",35,35,18,0,0,0,1,0,0,FALSE,0.514285714285714,0.514285714285714,0.329487191368976,0.329487191368976,0,0.0285714285714286
"California","1","gross_by_hh_size > 443 & rawben_rel_max > 0.972 & total_deductions_by_hh_size <= 1040 & unearned_by_hh_size > 736",32,32,15,6,6,7,13,0.1875,0.4,TRUE,0.46875,0.346153846153846,0.283442595422121,0.17343780081848,0.21875,0.40625
"California","2-3","earned_by_hh_size <= 1090 & months_since_cert_n <= 6.5 & total_deductions_by_hh_size > 329 & unc_rawben_rel_max <= 0.824",76,76,29,0,0,0,0,0,0,FALSE,0.381578947368421,0.381578947368421,0.263972939191815,0.263972939191815,0,0
"California","1","rawben_rel_max >= 0.726 & shelter_expenses_by_hh_size >= 1380 & unc_rawben_rel_max < 1.01 & unearned_by_hh_size >= 671",102,102,37,4,4,6,5,0.0392156862745098,0.108108108108108,FALSE,0.362745098039216,0.336734693877551,0.261531758866534,0.236842092807955,0.0588235294117647,0.0490196078431373
"Colorado","4+","gross_by_hh_size < 964 & shelter_expenses_by_hh_size >= 132 & shelter_expenses_by_hh_size < 487 & total_deductions_by_hh_size >= 320",30,30,17,0,0,0,0,0,0,FALSE,0.566666666666667,0.566666666666667,0.362517460896365,0.362517460896365,0,0
"Colorado","4+","earned_by_hh_size > 314 & HH_size_n > 4.5 & months_since_cert_n > 1.5 & total_deductions_by_hh_size > 262",37,37,19,0,0,0,0,0,0,FALSE,0.513513513513513,0.513513513513513,0.333261842625012,0.333261842625012,0,0
"Colorado","2-3","earned_by_hh_size <= 386 & percent_abawd <= 0.25 & total_deductions_by_hh_size > 414 & unc_rawben_rel_max <= 1.12",36,36,17,3,2,3,4,0.0833333333333333,0.117647058823529,FALSE,0.472222222222222,0.454545454545455,0.29536594298974,0.273962129871639,0.0833333333333333,0.111111111111111
"Colorado","2-3","earned_by_hh_size >= 36.3 & earned_by_hh_size < 472 & rawben_rel_max < 0.959 & shelter_expenses_by_hh_size >= 60",40,40,18,0,0,0,0,0,0,FALSE,0.45,0.45,0.284134060389735,0.284134060389735,0,0
"Colorado","2-3","gross_by_hh_size >= 328 & gross_by_hh_size < 822 & HH_size_n >= 3 & shelter_expenses_by_hh_size < 336",33,33,15,0,0,0,0,0,0,FALSE,0.454545454545455,0.454545454545455,0.273962129871639,0.273962129871639,0,0
"Colorado","2-3","HH_size_n > 2.5 & rawben_rel_max <= 0.953 & unc_rawben_rel_max > 0.773",34,34,14,0,0,0,0,0,0,FALSE,0.411764705882353,0.411764705882353,0.241126139017706,0.241126139017706,0,0
"Connecticut","4+","gross_by_hh_size >= 307 & months_since_cert_n >= 2 & unearned_by_hh_size >= 94.2 & unearned_by_hh_size < 356",36,36,21,0,0,0,0,0,0,FALSE,0.583333333333333,0.583333333333333,0.393913199219933,0.393913199219933,0,0
"Connecticut","4+","gross_by_hh_size <= 909 & months_since_cert_n <= 8.5 & unc_rawben_rel_max <= 0.528 & unearned_by_hh_size <= 343",32,32,19,0,0,0,0,0,0,FALSE,0.59375,0.59375,0.392927990107296,0.392927990107296,0,0
"Connecticut","4+","children_i >= 1 & earned_by_hh_size > 549 & rawben_rel_max > 0.45",37,37,21,0,0,0,0,0,0,FALSE,0.567567567567568,0.567567567567568,0.381791618833613,0.381791618833613,0,0
"Connecticut","2-3","months_since_cert_n >= 5 & months_since_cert_n < 11 & rawben_rel_max < 0.713 & unc_rawben_rel_max >= 0.518",33,33,19,0,0,0,0,0,0,FALSE,0.575757575757576,0.575757575757576,0.379293320103591,0.379293320103591,0,0
"Connecticut","4+","earned_by_hh_size > 2.86 & shelter_expenses_by_hh_size > 387 & shelter_expenses_by_hh_size <= 517",54,54,28,1,1,1,2,0.0185185185185185,0.0357142857142857,FALSE,0.518518518518518,0.509433962264151,0.366040203785997,0.356412599153609,0.0185185185185185,0.037037037037037
"Connecticut","2-3","gross_by_hh_size > 836 & gross_by_hh_size <= 974 & unc_rawben_rel_max > 0.498",35,35,19,0,0,0,0,0,0,FALSE,0.542857142857143,0.542857142857143,0.354751698733972,0.354751698733972,0,0
"Connecticut","2-3","children_i >= 1 & elderly_disabled_i >= 1 & HH_size_n > 2.5 & medical_deductions <= 245",31,31,17,0,0,0,2,0,0,FALSE,0.548387096774194,0.548387096774194,0.349228942469001,0.349228942469001,0,0.0645161290322581
"Connecticut","4+","gross_by_hh_size >= 389 & months_since_cert_n >= 7 & rawben_rel_max < 0.927 & shelter_expenses_by_hh_size >= 411",45,45,23,0,0,0,0,0,0,FALSE,0.511111111111111,0.511111111111111,0.346152352393036,0.346152352393036,0,0
"Connecticut","2-3","earned_by_hh_size < 885 & gross_by_hh_size >= 694 & shelter_expenses_by_hh_size >= 812 & unearned_by_hh_size < 1030",48,48,23,0,0,0,0,0,0,FALSE,0.479166666666667,0.479166666666667,0.322265620722441,0.322265620722441,0,0
"Connecticut","2-3","children_i >= 1 & gross_by_hh_size > 367 & rawben_rel_max > 0.568 & shelter_expenses_by_hh_size <= 570",56,56,25,0,0,0,2,0,0,FALSE,0.446428571428571,0.446428571428571,0.30351843121549,0.30351843121549,0,0.0357142857142857
"Delaware","4+","earned_by_hh_size > 72.1 & gross_by_hh_size > 188 & HH_size_n > 4.5 & unc_rawben_rel_max > 0.298",50,50,27,0,0,0,0,0,0,FALSE,0.54,0.54,0.380308944333467,0.380308944333467,0,0
"Delaware","2-3","rawben_rel_max > 0.473 & unc_rawben_rel_max <= 0.603",35,35,17,0,0,0,0,0,0,FALSE,0.485714285714286,0.485714285714286,0.30474101047182,0.30474101047182,0,0
"Delaware","1","expedited_i <= 0 & gross_by_hh_size > 638 & rawben_rel_max > 0.262 & unearned_by_hh_size <= 762",43,43,20,1,1,1,5,0.0232558139534884,0.05,FALSE,0.465116279069767,0.452380952380952,0.302224822702557,0.289589641784695,0.0232558139534884,0.116279069767442
"District of Columbia","2-3","earned_by_hh_size > 177 & earned_by_hh_size <= 686 & expedited_i <= 0 & married <= 0",34,34,30,4,4,4,12,0.117647058823529,0.133333333333333,FALSE,0.882352941176471,0.866666666666667,0.699456998387672,0.666442887369833,0.117647058823529,0.352941176470588
"District of Columbia","1","earned_by_hh_size <= 158 & rawben_rel_max > 0.998 & unc_rawben_rel_max <= 1.02",35,35,30,4,3,9,22,0.114285714285714,0.1,FALSE,0.857142857142857,0.870967741935484,0.672651550797367,0.675353856386619,0.257142857142857,0.628571428571429
"District of Columbia","2-3","elderly_disabled_i <= 0 & gross_by_hh_size > 358 & married <= 0 & unc_rawben_rel_max > 0.588",42,42,34,5,5,5,11,0.119047619047619,0.147058823529412,FALSE,0.80952380952381,0.783783783783784,0.636929607972068,0.596156711464807,0.119047619047619,0.261904761904762
"District of Columbia","2-3","gross_by_hh_size <= 731 & rawben_rel_max <= 0.801 & total_deductions_by_hh_size > 147 & utilities_sua > 1",31,31,25,1,1,1,1,0.032258064516129,0.04,FALSE,0.806451612903226,0.8,0.601959722207506,0.591230662353871,0.032258064516129,0.032258064516129
"District of Columbia","1","elderly_disabled_i <= 0 & gross_by_hh_size >= 611 & gross_by_hh_size < 897 & unc_rawben_rel_max >= -0.0142",31,31,25,11,10,11,16,0.354838709677419,0.4,TRUE,0.806451612903226,0.75,0.601959722207506,0.489997338059301,0.354838709677419,0.516129032258065
"District of Columbia","2-3","earned_by_hh_size > 14.5 & expedited_i <= 0 & unc_rawben_rel_max > 0.154 & unc_rawben_rel_max <= 0.804",46,46,35,1,1,1,4,0.0217391304347826,0.0285714285714286,FALSE,0.760869565217391,0.755555555555556,0.592344448613363,0.584690854399726,0.0217391304347826,0.0869565217391304
"District of Columbia","1","earned_by_hh_size >= 250 & gross_by_hh_size < 1580 & months_since_cert_n >= 7",35,35,27,6,6,6,18,0.171428571428571,0.222222222222222,FALSE,0.771428571428571,0.724137931034483,0.577203229325916,0.508203321015836,0.171428571428571,0.514285714285714
"District of Columbia","2-3","expedited_i <= 0 & married <= 0 & rawben_rel_max <= 0.801 & unc_rawben_rel_max > 0.651",34,34,26,0,0,0,2,0,0,FALSE,0.764705882352941,0.764705882352941,0.567054783171439,0.567054783171439,0,0.0588235294117647
"District of Columbia","1","elderly_disabled_i <= 0 & gross_by_hh_size <= 1840 & unc_rawben_rel_max <= 0.819",45,45,33,0,0,0,6,0,0,FALSE,0.733333333333333,0.733333333333333,0.561270123216032,0.561270123216032,0,0.133333333333333
"District of Columbia","4+","gross_by_hh_size > 266 & gross_by_hh_size <= 602 & total_deductions_by_hh_size > 80.2",30,30,22,0,0,0,2,0,0,FALSE,0.733333333333333,0.733333333333333,0.521190329407447,0.521190329407447,0,0.0666666666666667
"District of Columbia","4+","count_divisible_by_100 <= 0.5 & HH_size_n <= 7.5 & rawben_rel_max <= 0.699 & total_deductions_by_hh_size > 55.9",31,31,22,0,0,0,0,0,0,FALSE,0.709677419354839,0.709677419354839,0.500796718276437,0.500796718276437,0,0
"District of Columbia","2-3","gross_by_hh_size >= 486 & HH_size_n < 3 & months_since_cert_n < 9",58,58,37,1,1,1,4,0.0172413793103448,0.027027027027027,FALSE,0.637931034482759,0.631578947368421,0.485287775139034,0.477689266375426,0.0172413793103448,0.0689655172413793
"District of Columbia","2-3","months_since_cert_n > 10.5 & total_deductions_by_hh_size > 233 & total_deductions_by_hh_size <= 639 & unc_rawben_rel_max > 0.216",37,37,24,2,2,2,7,0.0540540540540541,0.0833333333333333,FALSE,0.648648648648649,0.628571428571429,0.458124357416305,0.433723226572725,0.0540540540540541,0.189189189189189
"District of Columbia","2-3","gross_by_hh_size <= 731 & rawben_rel_max <= 0.801 & total_deductions_by_hh_size > 147",38,38,30,1,1,1,4,0.0263157894736842,0.0333333333333333,FALSE,0.789473684210526,0.783783783783784,0.605018615119441,0.596156711464807,0.0263157894736842,0.105263157894737
"District of Columbia","2-3","gross_by_hh_size >= 550 & rawben_rel_max >= 0.159 & rawben_rel_max < 0.795 & unearned_by_hh_size < 658",55,55,40,1,1,1,2,0.0181818181818182,0.025,FALSE,0.727272727272727,0.722222222222222,0.572092478112294,0.565314065756851,0.0181818181818182,0.0363636363636364
"District of Columbia","4+","count_divisible_by_100 <= 0.5 & earned_by_hh_size <= 377 & gross_by_hh_size > 278",53,53,34,0,0,0,2,0,0,FALSE,0.641509433962264,0.641509433962264,0.481864218545848,0.481864218545848,0,0.0377358490566038
"District of Columbia","1","elderly_disabled_i >= 1 & gross_by_hh_size < 1200 & rawben_rel_max < 0.23 & shelter_expenses_by_hh_size >= 400",45,45,29,0,0,0,0,0,0,FALSE,0.644444444444444,0.644444444444444,0.471359301188911,0.471359301188911,0,0
"District of Columbia","1","gross_by_hh_size > 668 & gross_by_hh_size <= 904 & total_deductions_by_hh_size > 210",70,70,42,11,10,11,22,0.157142857142857,0.238095238095238,FALSE,0.6,0.542372881355932,0.461409550238468,0.394379864212616,0.157142857142857,0.314285714285714
"District of Columbia","2-3","expedited_i <= 0 & married <= 0 & shelter_expenses_by_hh_size > 226 & total_deductions_by_hh_size > 131",93,93,54,4,4,4,12,0.043010752688172,0.0740740740740741,FALSE,0.580645161290323,0.561797752808989,0.460426008257264,0.439427948519782,0.043010752688172,0.129032258064516
"District of Columbia","4+","earned_by_hh_size <= 249 & shelter_expenses_by_hh_size > 106 & total_deductions_by_hh_size > 56.2",35,35,22,0,0,0,2,0,0,FALSE,0.628571428571429,0.628571428571429,0.433723226572725,0.433723226572725,0,0.0571428571428571
"District of Columbia","1","earned_by_hh_size > 157 & earned_by_hh_size <= 776 & expedited_i <= 0",45,45,27,19,12,19,28,0.422222222222222,0.444444444444444,TRUE,0.6,0.576923076923077,0.428416173730573,0.358203959755033,0.422222222222222,0.622222222222222
"District of Columbia","4+","count_divisible_by_100 <= 0.5 & percent_abawd <= 0.292 & shelter_expenses_by_hh_size <= 142 & unearned_by_hh_size <= 188",41,41,24,0,0,0,5,0,0,FALSE,0.585365853658537,0.585365853658537,0.406911358571248,0.406911358571248,0,0.121951219512195
"District of Columbia","1","rawben_rel_max < 0.113 & total_deductions_by_hh_size < 872 & unc_rawben_rel_max >= 0.079",46,46,26,0,0,0,0,0,0,FALSE,0.565217391304348,0.565217391304348,0.397391952224069,0.397391952224069,0,0
"District of Columbia","1","earned_by_hh_size < 246 & rawben_rel_max >= 0.8 & unc_rawben_rel_max < 1.04",85,85,44,4,3,9,23,0.0470588235294118,0.0681818181818182,FALSE,0.517647058823529,0.506172839506173,0.394350184682003,0.3806838478655,0.105882352941176,0.270588235294118
"District of Columbia","2-3","percent_abawd > 0.417 & percent_abawd <= 0.583 & unearned_by_hh_size <= 50.5",36,36,21,3,3,3,13,0.0833333333333333,0.142857142857143,FALSE,0.583333333333333,0.545454545454545,0.393913199219933,0.352066228889308,0.0833333333333333,0.361111111111111
"District of Columbia","1","shelter_expenses_by_hh_size > 388 & shelter_expenses_by_hh_size <= 410 & unc_rawben_rel_max <= 1.09",39,39,22,0,0,0,0,0,0,FALSE,0.564102564102564,0.564102564102564,0.383040264438337,0.383040264438337,0,0
"District of Columbia","2-3","gross_by_hh_size >= 254 & HH_size_n >= 3 & total_deductions_by_hh_size >= 70.7 & unearned_by_hh_size >= 12.5",48,48,26,0,0,0,0,0,0,FALSE,0.541666666666667,0.541666666666667,0.37880775263677,0.37880775263677,0,0
"Florida","4+","count_divisible_by_100 <= 0.5 & HH_size_n <= 4.5 & unearned_by_hh_size > 216",32,32,19,0,0,0,2,0,0,FALSE,0.59375,0.59375,0.392927990107296,0.392927990107296,0,0.0625
"Florida","2-3","rawben_rel_max > 0.6 & total_deductions_by_hh_size > 632 & unc_rawben_rel_max <= 1.04",30,30,18,0,0,0,0,0,0,FALSE,0.6,0.6,0.392620582652896,0.392620582652896,0,0
"Florida","2-3","shelter_expenses_by_hh_size > 609 & shelter_expenses_by_hh_size <= 714 & unearned_by_hh_size > 214",36,36,20,0,0,0,1,0,0,FALSE,0.555555555555556,0.555555555555556,0.368541570873969,0.368541570873969,0,0.0277777777777778
"Florida","2-3","children_i >= 1 & months_since_cert_n <= 1.5 & rawben_rel_max > 0.0587 & unearned_by_hh_size > 216",43,43,23,3,3,3,3,0.0697674418604651,0.130434782608696,FALSE,0.534883720930233,0.5,0.364195136608637,0.327415160113352,0.0697674418604651,0.0697674418604651
"Florida","4+","HH_size_n <= 4.5 & shelter_expenses_by_hh_size > 423 & total_deductions_by_hh_size <= 437",39,39,21,1,1,1,2,0.0256410256410256,0.0476190476190476,FALSE,0.538461538461538,0.526315789473684,0.359712882609676,0.346734420388059,0.0256410256410256,0.0512820512820513
"Florida","2-3","elderly_disabled_i >= 1 & total_deductions_by_hh_size > 244 & total_deductions_by_hh_size <= 349 & unc_rawben_rel_max > 0.0983",34,34,18,0,0,0,1,0,0,FALSE,0.529411764705882,0.529411764705882,0.340393663970107,0.340393663970107,0,0.0294117647058824
"Florida","1","medical_deductions >= 147 & rawben_rel_max >= 0.344",30,30,16,0,0,0,3,0,0,FALSE,0.533333333333333,0.533333333333333,0.333167969505189,0.333167969505189,0,0.1
"Florida","4+","earned_by_hh_size <= 115 & gross_by_hh_size > 145",62,62,28,0,0,0,2,0,0,FALSE,0.451612903225806,0.451612903225806,0.314457749979325,0.314457749979325,0,0.032258064516129
"Florida","1","gross_by_hh_size > 1420 & shelter_expenses_by_hh_size > 1320 & unc_rawben_rel_max > 0.548",32,32,16,0,0,0,2,0,0,FALSE,0.5,0.5,0.309855285122083,0.309855285122083,0,0.0625
"Florida","1","total_deductions_by_hh_size > 973 & unc_rawben_rel_max > 0.867 & unc_rawben_rel_max <= 1.01 & unearned_by_hh_size > 1020",30,30,15,0,0,0,0,0,0,FALSE,0.5,0.5,0.304559277785661,0.304559277785661,0,0
"Florida","2-3","earned_by_hh_size < 791 & gross_by_hh_size >= 708 & rawben_rel_max >= 0.336",107,107,42,0,0,0,0,0,0,FALSE,0.392523364485981,0.392523364485981,0.290443061563495,0.290443061563495,0,0
"Florida","2-3","shelter_expenses_by_hh_size >= 408 & shelter_expenses_by_hh_size < 434",30,30,14,0,0,0,0,0,0,FALSE,0.466666666666667,0.466666666666667,0.276687189745099,0.276687189745099,0,0
"Florida","1","rawben_rel_max > 0.279 & rawben_rel_max <= 0.996 & shelter_expenses_by_hh_size > 1360 & shelter_expenses_by_hh_size <= 1620",50,50,21,0,0,0,0,0,0,FALSE,0.42,0.42,0.273389099896224,0.273389099896224,0,0
"Georgia","4+","earned_by_hh_size > 56.7 & HH_size_n > 4.5 & unearned_by_hh_size > 76.7",36,36,26,0,0,0,2,0,0,FALSE,0.722222222222222,0.722222222222222,0.528708662606561,0.528708662606561,0,0.0555555555555556
"Georgia","1","earned_by_hh_size < 2 & rawben_rel_max >= 1 & total_deductions_by_hh_size >= 490 & unc_rawben_rel_max < 1.02",33,33,24,0,0,1,8,0,0,FALSE,0.727272727272727,0.727272727272727,0.525075163047589,0.525075163047589,0.0303030303030303,0.242424242424242
"Georgia","4+","earned_by_hh_size > 63.3 & expedited_i <= 0 & gross_by_hh_size <= 723 & unearned_by_hh_size > 1.75",68,68,45,0,0,0,5,0,0,FALSE,0.661764705882353,0.661764705882353,0.520852949715828,0.520852949715828,0,0.0735294117647059
"Georgia","4+","HH_size_n > 5.5 & months_since_cert_n <= 5.5 & shelter_expenses_by_hh_size <= 252 & unc_rawben_rel_max <= 0.918",32,32,23,0,0,0,1,0,0,FALSE,0.71875,0.71875,0.513230694006916,0.513230694006916,0,0.03125
"Georgia","2-3","children_i >= 1 & earned_by_hh_size > 581 & medical_deductions <= 80.5 & shelter_expenses_by_hh_size > 568",35,35,24,0,0,0,4,0,0,FALSE,0.685714285714286,0.685714285714286,0.489177461915331,0.489177461915331,0,0.114285714285714
"Georgia","2-3","earned_by_hh_size > 130 & earned_by_hh_size <= 261 & unc_rawben_rel_max <= 1.18",35,35,24,5,4,5,18,0.142857142857143,0.166666666666667,FALSE,0.685714285714286,0.666666666666667,0.489177461915331,0.455187411848142,0.142857142857143,0.514285714285714
"Georgia","2-3","elderly_disabled_i <= 0 & gross_by_hh_size > 200 & total_deductions_by_hh_size > 290 & unc_rawben_rel_max > 1.1",32,32,22,12,10,12,25,0.375,0.454545454545455,TRUE,0.6875,0.6,0.482041357827834,0.351654619320678,0.375,0.78125
"Georgia","4+","earned_by_hh_size <= 298 & gross_by_hh_size > 217 & unearned_by_hh_size <= 232",40,40,26,0,0,0,3,0,0,FALSE,0.65,0.65,0.466526106929819,0.466526106929819,0,0.075
"Georgia","2-3","months_since_cert_n <= 6.5 & rawben_rel_max <= 0.998 & shelter_expenses_by_hh_size <= 0.5 & unearned_by_hh_size <= 243",51,51,32,0,0,0,1,0,0,FALSE,0.627450980392157,0.627450980392157,0.464997932639675,0.464997932639675,0,0.0196078431372549
"Georgia","1","earned_by_hh_size < 116 & gross_by_hh_size >= 941 & rawben_rel_max >= 0.924 & unc_rawben_rel_max < 1.03",40,40,25,0,0,1,3,0,0,FALSE,0.625,0.625,0.442340356810044,0.442340356810044,0.025,0.075
"Georgia","2-3","HH_size_n > 2.5 & shelter_expenses_by_hh_size > 532 & total_deductions_by_hh_size > 283",33,33,21,2,2,2,3,0.0606060606060606,0.0952380952380952,FALSE,0.636363636363636,0.612903225806452,0.435597749096618,0.407618537979449,0.0606060606060606,0.0909090909090909
"Georgia","1","months_since_cert_n <= 4.5 & total_deductions_by_hh_size > 974 & unearned_by_hh_size > 934",41,41,25,0,0,0,2,0,0,FALSE,0.609756097560976,0.609756097560976,0.429918960557912,0.429918960557912,0,0.0487804878048781
"Georgia","2-3","gross_by_hh_size > 176 & HH_size_n > 2.5 & months_since_cert_n <= 0.5",34,34,21,1,1,1,3,0.0294117647058824,0.0476190476190476,FALSE,0.617647058823529,0.606060606060606,0.420717569524852,0.407131095704435,0.0294117647058824,0.0882352941176471
"Georgia","4+","months_since_cert_n < 5 & rawben_rel_max >= 0.52 & rawben_rel_max < 0.699 & total_deductions_by_hh_size < 249",36,36,22,0,0,0,0,0,0,FALSE,0.611111111111111,0.611111111111111,0.419788253261031,0.419788253261031,0,0
"Georgia","1","rawben_rel_max <= 0.714 & total_deductions_by_hh_size > 994 & utilities_sua > 0.5",31,31,19,0,0,0,2,0,0,FALSE,0.612903225806452,0.612903225806452,0.407618537979449,0.407618537979449,0,0.0645161290322581
"Georgia","4+","married <= 0 & rawben_rel_max > 0.847 & rawben_rel_max <= 0.947 & unc_rawben_rel_max > 0.701",35,35,21,0,0,0,1,0,0,FALSE,0.6,0.6,0.406858110695932,0.406858110695932,0,0.0285714285714286
"Georgia","4+","count_divisible_by_100 <= 0.5 & total_deductions_by_hh_size > 206 & total_deductions_by_hh_size <= 253 & unc_rawben_rel_max <= 0.99",37,37,22,0,0,0,0,0,0,FALSE,0.594594594594595,0.594594594594595,0.406752903316073,0.406752903316073,0,0
"Georgia","2-3","children_i <= 0 & count_divisible_by_100 <= 0.5 & elderly_disabled_i <= 0 & percent_abawd <= 0.833",32,32,19,0,0,0,2,0,0,FALSE,0.59375,0.59375,0.392927990107296,0.392927990107296,0,0.0625
"Georgia","2-3","children_i >= 1 & earned_by_hh_size > 738 & utilities_sua > 1.5",55,55,30,0,0,0,3,0,0,FALSE,0.545454545454545,0.545454545454545,0.392315749669308,0.392315749669308,0,0.0545454545454545
"Georgia","1","earned_by_hh_size >= 201 & rawben_rel_max < 0.988 & total_deductions_by_hh_size >= 759",33,33,19,0,0,0,3,0,0,FALSE,0.575757575757576,0.575757575757576,0.379293320103591,0.379293320103591,0,0.0909090909090909
"Georgia","1","rawben_rel_max < 0.887 & shelter_expenses_by_hh_size >= 953 & total_deductions_by_hh_size >= 860 & unearned_by_hh_size < 1200",33,33,19,0,0,0,1,0,0,FALSE,0.575757575757576,0.575757575757576,0.379293320103591,0.379293320103591,0,0.0303030303030303
"Georgia","4+","gross_by_hh_size > 493 & gross_by_hh_size <= 576 & unc_rawben_rel_max <= 0.967",44,44,24,0,0,0,0,0,0,FALSE,0.545454545454545,0.545454545454545,0.375635717968619,0.375635717968619,0,0
"Georgia","2-3","earned_by_hh_size > 40.5 & months_since_cert_n > 1.5 & percent_abawd <= 0.167 & unc_rawben_rel_max > 0.267",197,197,89,9,7,9,30,0.0456852791878173,0.0786516853932584,FALSE,0.451776649746193,0.436170212765957,0.371691078264685,0.3549949984246,0.0456852791878173,0.152284263959391
"Georgia","1","months_since_cert_n < 2 & rawben_rel_max < 0.7 & unearned_by_hh_size < 874",32,32,18,0,0,1,1,0,0,FALSE,0.5625,0.5625,0.364591478008337,0.364591478008337,0.03125,0.03125
"Georgia","2-3","count_divisible_by_100 >= 1 & earned_by_hh_size < 423 & rawben_rel_max < 1",32,32,17,0,0,0,0,0,0,FALSE,0.53125,0.53125,0.33690384227312,0.33690384227312,0,0
"Georgia","1","gross_by_hh_size > 152 & percent_abawd <= 0.5 & unc_rawben_rel_max > 0.913 & utilities_sua <= 1.5",49,49,24,9,6,9,19,0.183673469387755,0.25,TRUE,0.489795918367347,0.45,0.333173694994788,0.284134060389735,0.183673469387755,0.387755102040816
"Georgia","2-3","earned_by_hh_size < 1010 & shelter_expenses_by_hh_size < 24 & unearned_by_hh_size >= 56",55,55,26,6,2,6,9,0.109090909090909,0.0769230769230769,FALSE,0.472727272727273,0.489795918367347,0.325740643209007,0.333173694994788,0.109090909090909,0.163636363636364
"Georgia","2-3","earned_by_hh_size < 869 & gross_by_hh_size < 272 & HH_size_n >= 3 & unearned_by_hh_size >= 52.5",36,36,18,5,2,5,11,0.138888888888889,0.111111111111111,FALSE,0.5,0.516129032258065,0.319271912768404,0.321079615952095,0.138888888888889,0.305555555555556
"Idaho","1","elderly_disabled_i >= 1 & shelter_expenses_by_hh_size > 571 & unc_rawben_rel_max <= 1.03 & unearned_by_hh_size <= 854",39,39,20,0,0,0,20,0,0,FALSE,0.512820512820513,0.512820512820513,0.336791946620261,0.336791946620261,0,0.512820512820513
"Illinois","1","shelter_expenses_by_hh_size > 218 & unc_rawben_rel_max > 0.995 & unc_rawben_rel_max <= 1",30,30,25,0,0,0,0,0,0,FALSE,0.833333333333333,0.833333333333333,0.628084732706688,0.628084732706688,0,0
"Illinois","1","medical_deductions > 170 & rawben_rel_max > 0.268 & unc_rawben_rel_max <= 1.01 & utilities_sua > 0.5",39,39,31,0,0,0,0,0,0,FALSE,0.794871794871795,0.794871794871795,0.613504715584775,0.613504715584775,0,0
"Illinois","1","shelter_expenses_by_hh_size <= 836 & total_deductions_by_hh_size > 766 & unc_rawben_rel_max <= 1.01",30,30,21,0,0,0,0,0,0,FALSE,0.7,0.7,0.487730164717368,0.487730164717368,0,0
"Illinois","1","medical_deductions > 79 & months_since_cert_n <= 14.5 & shelter_expenses_by_hh_size <= 880 & utilities_sua > 0.5",37,37,23,0,0,0,0,0,0,FALSE,0.621621621621622,0.621621621621622,0.432191970159455,0.432191970159455,0,0
"Illinois","1","elderly_disabled_i >= 1 & rawben_rel_max > 0.275 & unearned_by_hh_size > 1660",32,32,20,0,0,0,0,0,0,FALSE,0.625,0.625,0.421930276182697,0.421930276182697,0,0
"Illinois","1","gross_by_hh_size > 483 & shelter_expenses_by_hh_size <= 1250 & unc_rawben_rel_max > 0.488 & unearned_by_hh_size > 1100",54,54,31,0,0,1,0,0,0,FALSE,0.574074074074074,0.574074074074074,0.417955031566548,0.417955031566548,0.0185185185185185,0
"Illinois","4+","earned_by_hh_size > 5.5 & earned_by_hh_size <= 432 & rawben_rel_max <= 0.958 & shelter_expenses_by_hh_size > 176",36,36,20,0,0,0,0,0,0,FALSE,0.555555555555556,0.555555555555556,0.368541570873969,0.368541570873969,0,0
"Illinois","1","elderly_disabled_i >= 1 & gross_by_hh_size > 1250 & gross_by_hh_size <= 1400 & total_deductions_by_hh_size > 766",34,34,19,0,0,0,0,0,0,FALSE,0.558823529411765,0.558823529411765,0.366600412686493,0.366600412686493,0,0
"Illinois","2-3","children_i >= 1 & earned_by_hh_size > 26.2 & months_since_cert_n > 3.5 & total_deductions_by_hh_size <= 333",57,57,28,0,0,0,3,0,0,FALSE,0.491228070175439,0.491228070175439,0.344794327356447,0.344794327356447,0,0.0526315789473684
"Illinois","4+","count_divisible_by_100 <= 0.5 & unc_rawben_rel_max > 0.853 & unc_rawben_rel_max <= 1.02 & unearned_by_hh_size <= 205",41,41,21,0,0,0,2,0,0,FALSE,0.51219512195122,0.51219512195122,0.340102964413309,0.340102964413309,0,0.0487804878048781
"Illinois","1","gross_by_hh_size <= 1660 & months_since_cert_n > 16.5 & total_deductions_by_hh_size > 580",33,33,17,0,0,0,4,0,0,FALSE,0.515151515151515,0.515151515151515,0.325438175819297,0.325438175819297,0,0.121212121212121
"Illinois","1","shelter_expenses_by_hh_size < 793 & total_deductions_by_hh_size >= 245 & unc_rawben_rel_max >= 0.079 & unearned_by_hh_size >= 1070",41,41,20,0,0,0,0,0,0,FALSE,0.48780487804878,0.48780487804878,0.318556012182299,0.318556012182299,0,0
"Illinois","2-3","married <= 0 & months_since_cert_n >= 6 & rawben_rel_max >= 0.806 & unc_rawben_rel_max < 1.07",49,49,23,0,0,0,1,0,0,FALSE,0.469387755102041,0.469387755102041,0.31503158556966,0.31503158556966,0,0.0204081632653061
"Illinois","2-3","children_i >= 1 & elderly_disabled_i >= 1 & shelter_expenses_by_hh_size > 284 & unearned_by_hh_size <= 734",32,32,16,0,0,0,2,0,0,FALSE,0.5,0.5,0.309855285122083,0.309855285122083,0,0.0625
"Illinois","4+","earned_by_hh_size <= 368 & gross_by_hh_size > 365 & HH_size_n <= 7.5",30,30,15,0,0,0,1,0,0,FALSE,0.5,0.5,0.304559277785661,0.304559277785661,0,0.0333333333333333
"Illinois","2-3","children_i >= 1 & months_since_cert_n > 4.5 & rawben_rel_max <= 0.553 & utilities_sua > 0.5",59,59,26,0,0,0,1,0,0,FALSE,0.440677966101695,0.440677966101695,0.301686860571523,0.301686860571523,0,0.0169491525423729
"Illinois","1","rawben_rel_max >= 0.316 & total_deductions_by_hh_size >= 674 & unc_rawben_rel_max < 1.03",274,274,98,0,0,1,9,0,0,FALSE,0.357664233576642,0.357664233576642,0.2936662311304,0.2936662311304,0.00364963503649635,0.0328467153284672
"Indiana","4+","gross_by_hh_size <= 376 & months_since_cert_n > 2.5 & unc_rawben_rel_max > 0.814 & unc_rawben_rel_max <= 0.942",36,36,24,0,0,0,0,0,0,FALSE,0.666666666666667,0.666666666666667,0.473113768584296,0.473113768584296,0,0
"Indiana","4+","months_since_cert_n >= 6 & shelter_expenses_by_hh_size >= 118 & total_deductions_by_hh_size < 176",37,37,23,0,0,0,4,0,0,FALSE,0.621621621621622,0.621621621621622,0.432191970159455,0.432191970159455,0,0.108108108108108
"Indiana","2-3","earned_by_hh_size > 348 & earned_by_hh_size <= 887 & months_since_cert_n > 4.5 & shelter_expenses_by_hh_size > 340",30,30,18,1,1,1,2,0.0333333333333333,0.0555555555555556,FALSE,0.6,0.586206896551724,0.392620582652896,0.376891697199366,0.0333333333333333,0.0666666666666667
"Indiana","4+","months_since_cert_n > 4.5 & shelter_expenses_by_hh_size > 116 & unearned_by_hh_size > 91.9",55,55,30,0,0,0,4,0,0,FALSE,0.545454545454545,0.545454545454545,0.392315749669308,0.392315749669308,0,0.0727272727272727
"Indiana","2-3","gross_by_hh_size > 336 & months_since_cert_n > 4.5 & unc_rawben_rel_max > 0.635 & unearned_by_hh_size <= 457",55,55,28,1,1,1,2,0.0181818181818182,0.0357142857142857,FALSE,0.509090909090909,0.5,0.358667317434309,0.349114005476788,0.0181818181818182,0.0363636363636364
"Indiana","4+","earned_by_hh_size > 229 & earned_by_hh_size <= 496 & HH_size_n > 4.5",38,38,20,0,0,0,0,0,0,FALSE,0.526315789473684,0.526315789473684,0.346734420388059,0.346734420388059,0,0
"Indiana","2-3","married <= 0 & months_since_cert_n > 4.5 & months_since_cert_n <= 7.5 & rawben_rel_max <= 0.858",55,55,27,0,0,0,1,0,0,FALSE,0.490909090909091,0.490909090909091,0.342113842326862,0.342113842326862,0,0.0181818181818182
"Indiana","2-3","gross_by_hh_size >= 158 & gross_by_hh_size < 764 & HH_size_n >= 3 & months_since_cert_n >= 10",34,34,17,1,1,1,3,0.0294117647058824,0.0588235294117647,FALSE,0.5,0.484848484848485,0.314742850860419,0.29940347614674,0.0294117647058824,0.0882352941176471
"Indiana","4+","elderly_disabled_i <= 0 & gross_by_hh_size > 380 & unearned_by_hh_size > 10.6",45,45,21,0,0,0,0,0,0,FALSE,0.466666666666667,0.466666666666667,0.306767055021135,0.306767055021135,0,0
"Indiana","4+","HH_size_n > 5.5 & rawben_rel_max > 0.801",35,35,17,0,0,0,3,0,0,FALSE,0.485714285714286,0.485714285714286,0.30474101047182,0.30474101047182,0,0.0857142857142857
"Indiana","2-3","HH_size_n > 2.5 & rawben_rel_max <= 0.86 & total_deductions_by_hh_size <= 111",33,33,16,0,0,0,0,0,0,FALSE,0.484848484848485,0.484848484848485,0.29940347614674,0.29940347614674,0,0
"Indiana","4+","count_divisible_by_100 <= 0.5 & shelter_expenses_by_hh_size > 215 & utilities_sua > 0.5 & utilities_sua <= 1.5",31,31,15,1,1,1,4,0.032258064516129,0.0666666666666667,FALSE,0.483870967741935,0.466666666666667,0.293614841996523,0.276687189745099,0.032258064516129,0.129032258064516
"Indiana","2-3","earned_by_hh_size > 54.8 & total_deductions_by_hh_size <= 182",35,35,16,3,2,4,6,0.0857142857142857,0.125,FALSE,0.457142857142857,0.4375,0.280513156042504,0.25766898430634,0.114285714285714,0.171428571428571
"Indiana","1","shelter_expenses_by_hh_size >= 500 & unc_rawben_rel_max < 1.02 & unearned_by_hh_size < 900",64,64,25,1,0,2,14,0.015625,0,FALSE,0.390625,0.396825396825397,0.262670343434311,0.267158540388352,0.03125,0.21875
"Indiana","1","medical_deductions >= 120",30,30,13,0,0,0,0,0,0,FALSE,0.433333333333333,0.433333333333333,0.249555901376185,0.249555901376185,0,0
"Indiana","4+","earned_by_hh_size <= 182 & HH_size_n <= 5.5 & total_deductions_by_hh_size > 86.9 & total_deductions_by_hh_size <= 155",33,33,14,0,0,0,3,0,0,FALSE,0.424242424242424,0.424242424242424,0.249119821740809,0.249119821740809,0,0.0909090909090909
"Iowa","1","gross_by_hh_size > 189 & rawben_rel_max > 0.352 & utilities_sua > 0.5 & utilities_sua <= 1.5",41,41,16,0,0,0,2,0,0,FALSE,0.390243902439024,0.390243902439024,0.23599639047882,0.23599639047882,0,0.0487804878048781
"Kentucky","4+","earned_by_hh_size >= 109 & earned_by_hh_size < 398 & elderly_disabled_i <= 0 & married >= 1",33,33,17,1,1,1,4,0.0303030303030303,0.0588235294117647,FALSE,0.515151515151515,0.5,0.325438175819297,0.309855285122083,0.0303030303030303,0.121212121212121
"Kentucky","2-3","HH_size_n <= 2.5 & shelter_expenses_by_hh_size > 452 & unc_rawben_rel_max <= 0.882 & unearned_by_hh_size <= 451",32,32,14,0,0,0,0,0,0,FALSE,0.4375,0.4375,0.25766898430634,0.25766898430634,0,0
"Louisiana","4+","gross_by_hh_size >= 334 & gross_by_hh_size < 463 & shelter_expenses_by_hh_size < 215",34,34,17,0,0,0,0,0,0,FALSE,0.5,0.5,0.314742850860419,0.314742850860419,0,0
"Louisiana","2-3","rawben_rel_max <= 0.693 & shelter_expenses_by_hh_size > 501 & unc_rawben_rel_max > 0.21 & utilities_sua > 0.5",42,42,16,0,0,0,0,0,0,FALSE,0.380952380952381,0.380952380952381,0.229928113589296,0.229928113589296,0,0
"Maine","4+","earned_by_hh_size > 464 & HH_size_n > 4.5 & HH_size_n <= 6.5 & months_since_cert_n > 4.5",33,33,21,0,0,0,0,0,0,FALSE,0.636363636363636,0.636363636363636,0.435597749096618,0.435597749096618,0,0
"Maine","4+","HH_size_n > 4.5 & months_since_cert_n > 4.5 & months_since_cert_n <= 7.5 & unearned_by_hh_size <= 603",36,36,22,0,0,0,1,0,0,FALSE,0.611111111111111,0.611111111111111,0.419788253261031,0.419788253261031,0,0.0277777777777778
"Maine","4+","gross_by_hh_size > 433 & HH_size_n <= 6.5 & months_since_cert_n > 4.5 & rawben_rel_max > 0.308",68,68,35,0,0,0,0,0,0,FALSE,0.514705882352941,0.514705882352941,0.377938515189627,0.377938515189627,0,0
"Maine","1","earned_by_hh_size <= 1590 & expedited_i <= 0 & total_deductions_by_hh_size > 486 & utilities_sua <= 0.5",30,30,16,0,0,0,2,0,0,FALSE,0.533333333333333,0.533333333333333,0.333167969505189,0.333167969505189,0,0.0666666666666667
"Maine","2-3","HH_size_n > 2.5 & total_deductions_by_hh_size <= 314 & unc_rawben_rel_max <= 0.995 & unearned_by_hh_size <= 371",31,31,16,0,0,0,0,0,0,FALSE,0.516129032258065,0.516129032258065,0.321079615952095,0.321079615952095,0,0
"Maine","2-3","earned_by_hh_size >= 530 & gross_by_hh_size < 1160 & months_since_cert_n >= 6",31,31,16,0,0,0,0,0,0,FALSE,0.516129032258065,0.516129032258065,0.321079615952095,0.321079615952095,0,0
"Maine","4+","earned_by_hh_size <= 631 & gross_by_hh_size > 235 & gross_by_hh_size <= 470 & unc_rawben_rel_max <= 0.846",32,32,16,0,0,0,0,0,0,FALSE,0.5,0.5,0.309855285122083,0.309855285122083,0,0
"Maine","2-3","earned_by_hh_size > 14.8 & gross_by_hh_size > 253 & shelter_expenses_by_hh_size <= 436 & unc_rawben_rel_max > 0.265",36,36,17,1,1,1,2,0.0277777777777778,0.0588235294117647,FALSE,0.472222222222222,0.457142857142857,0.29536594298974,0.280513156042504,0.0277777777777778,0.0555555555555556
"Maine","1","gross_by_hh_size <= 937 & percent_abawd <= 0.5 & total_deductions_by_hh_size > 238 & unc_rawben_rel_max <= 1.09",37,37,17,3,3,3,6,0.0810810810810811,0.176470588235294,FALSE,0.459459459459459,0.411764705882353,0.286559418398397,0.241126139017706,0.0810810810810811,0.162162162162162
"Maine","2-3","months_since_cert_n <= 8.5 & rawben_rel_max > 0.664 & unc_rawben_rel_max <= 0.921 & unearned_by_hh_size <= 375",43,43,19,0,0,0,0,0,0,FALSE,0.441860465116279,0.441860465116279,0.282213076130065,0.282213076130065,0,0
"Maryland","4+","earned_by_hh_size > 341 & months_since_cert_n <= 4.5 & shelter_expenses_by_hh_size <= 442",36,36,24,0,0,0,1,0,0,FALSE,0.666666666666667,0.666666666666667,0.473113768584296,0.473113768584296,0,0.0277777777777778
"Maryland","2-3","gross_by_hh_size > 366 & months_since_cert_n > 3.5 & total_deductions_by_hh_size > 438 & unc_rawben_rel_max > 0.662",33,33,21,2,2,2,8,0.0606060606060606,0.0952380952380952,FALSE,0.636363636363636,0.612903225806452,0.435597749096618,0.407618537979449,0.0606060606060606,0.242424242424242
"Maryland","4+","married <= 0 & months_since_cert_n <= 5.5 & total_deductions_by_hh_size > 105 & unc_rawben_rel_max <= 1.05",53,53,31,0,0,0,2,0,0,FALSE,0.584905660377358,0.584905660377358,0.426873103629196,0.426873103629196,0,0.0377358490566038
"Maryland","2-3","rawben_rel_max > 0.59 & unc_rawben_rel_max <= 1.26 & unearned_by_hh_size > 380",34,34,21,0,0,0,3,0,0,FALSE,0.617647058823529,0.617647058823529,0.420717569524852,0.420717569524852,0,0.0882352941176471
"Maryland","2-3","expedited_i >= 1 & gross_by_hh_size > 355 & unc_rawben_rel_max <= 1.19",31,31,19,3,3,3,4,0.0967741935483871,0.157894736842105,FALSE,0.612903225806452,0.571428571428571,0.407618537979449,0.360384465603791,0.0967741935483871,0.129032258064516
"Maryland","4+","rawben_rel_max > 0.389 & shelter_expenses_by_hh_size > 116 & total_deductions_by_hh_size <= 198 & unc_rawben_rel_max <= 0.942",35,35,21,0,0,0,0,0,0,FALSE,0.6,0.6,0.406858110695932,0.406858110695932,0,0
"Maryland","2-3","children_i >= 1 & HH_size_n <= 2.5 & rawben_rel_max <= 0.86 & unc_rawben_rel_max > 0.584",42,42,23,0,0,0,2,0,0,FALSE,0.547619047619048,0.547619047619048,0.37395953661509,0.37395953661509,0,0.0476190476190476
"Maryland","4+","total_deductions_by_hh_size > 134 & unearned_by_hh_size > 68.6 & unearned_by_hh_size <= 286",32,32,18,0,0,0,4,0,0,FALSE,0.5625,0.5625,0.364591478008337,0.364591478008337,0,0.125
"Maryland","2-3","earned_by_hh_size <= 677 & elderly_disabled_i <= 0 & gross_by_hh_size > 366 & months_since_cert_n > 3.5",44,44,23,2,2,2,5,0.0454545454545455,0.0869565217391304,FALSE,0.522727272727273,0.5,0.354939341430569,0.331094623915598,0.0454545454545455,0.113636363636364
"Maryland","2-3","elderly_disabled_i <= 0 & rawben_rel_max > 0.0485 & rawben_rel_max <= 0.907 & total_deductions_by_hh_size > 356",65,65,32,0,0,0,2,0,0,FALSE,0.492307692307692,0.492307692307692,0.354314397726217,0.354314397726217,0,0.0307692307692308
"Maryland","2-3","earned_by_hh_size < 284 & gross_by_hh_size >= 247 & gross_by_hh_size < 664 & total_deductions_by_hh_size >= 163",56,56,27,4,4,4,8,0.0714285714285714,0.148148148148148,FALSE,0.482142857142857,0.442307692307692,0.335393773615871,0.295181127656504,0.0714285714285714,0.142857142857143
"Maryland","1","earned_by_hh_size > 426 & gross_by_hh_size <= 1490 & utilities_sua > 0.5",34,34,16,5,5,5,10,0.147058823529412,0.3125,TRUE,0.470588235294118,0.379310344827586,0.28964547839536,0.204954828977105,0.147058823529412,0.294117647058824
"Maryland","2-3","months_since_cert_n >= 4 & months_since_cert_n < 10 & shelter_expenses_by_hh_size >= 273 & unearned_by_hh_size >= 374",37,37,17,0,0,0,2,0,0,FALSE,0.459459459459459,0.459459459459459,0.286559418398397,0.286559418398397,0,0.0540540540540541
"Maryland","2-3","gross_by_hh_size < 1090 & HH_size_n >= 3 & months_since_cert_n >= 3 & rawben_rel_max < 0.764",43,43,19,0,0,0,0,0,0,FALSE,0.441860465116279,0.441860465116279,0.282213076130065,0.282213076130065,0,0
"Massachusetts","2-3","gross_by_hh_size >= 844 & rawben_rel_max >= 0.582",34,34,19,0,0,0,1,0,0,FALSE,0.558823529411765,0.558823529411765,0.366600412686493,0.366600412686493,0,0.0294117647058824
"Massachusetts","2-3","earned_by_hh_size > 124 & earned_by_hh_size <= 356 & gross_by_hh_size > 226",32,32,18,6,5,6,12,0.1875,0.277777777777778,TRUE,0.5625,0.5,0.364591478008337,0.29248770264888,0.1875,0.375
"Massachusetts","1","earned_by_hh_size > 634 & elderly_disabled_i <= 0 & rawben_rel_max > 0.0809 & total_deductions_by_hh_size <= 1100",42,42,21,14,9,14,21,0.333333333333333,0.428571428571429,TRUE,0.5,0.428571428571429,0.331094623915598,0.240660821297471,0.333333333333333,0.5
"Massachusetts","2-3","earned_by_hh_size > 210 & elderly_disabled_i <= 0 & total_deductions_by_hh_size <= 394",35,35,17,6,5,6,12,0.171428571428571,0.294117647058824,TRUE,0.485714285714286,0.413793103448276,0.30474101047182,0.23158626576371,0.171428571428571,0.342857142857143
"Massachusetts","4+","medical_deductions <= 91 & unc_rawben_rel_max > 0.491 & unc_rawben_rel_max <= 0.862 & unearned_by_hh_size <= 164",38,38,18,0,0,0,0,0,0,FALSE,0.473684210526316,0.473684210526316,0.30066237974957,0.30066237974957,0,0
"Massachusetts","2-3","earned_by_hh_size >= 148 & HH_size_n >= 3 & months_since_cert_n < 5 & shelter_expenses_by_hh_size >= 396",36,36,17,4,4,4,7,0.111111111111111,0.235294117647059,FALSE,0.472222222222222,0.40625,0.29536594298974,0.232544249554299,0.111111111111111,0.194444444444444
"Massachusetts","2-3","gross_by_hh_size > 875 & months_since_cert_n <= 9 & shelter_expenses_by_hh_size <= 696 & unearned_by_hh_size <= 1160",32,32,15,0,0,0,1,0,0,FALSE,0.46875,0.46875,0.283442595422121,0.283442595422121,0,0.03125
"Michigan","4+","months_since_cert_n > 3.5 & unc_rawben_rel_max > 0.618 & unearned_by_hh_size > 123",34,34,19,0,0,0,4,0,0,FALSE,0.558823529411765,0.558823529411765,0.366600412686493,0.366600412686493,0,0.117647058823529
"Michigan","4+","earned_by_hh_size <= 744 & gross_by_hh_size > 2.62 & married >= 1 & total_deductions_by_hh_size <= 224",51,51,26,0,0,1,5,0,0,FALSE,0.509803921568627,0.509803921568627,0.354044329423745,0.354044329423745,0.0196078431372549,0.0980392156862745
"Michigan","4+","rawben_rel_max >= 0.49 & rawben_rel_max < 0.997 & shelter_expenses_by_hh_size >= 213 & total_deductions_by_hh_size < 255",40,40,21,0,0,0,2,0,0,FALSE,0.525,0.525,0.349626740548194,0.349626740548194,0,0.05
"Michigan","1","gross_by_hh_size <= 1250 & rawben_rel_max <= 0.997 & unearned_by_hh_size <= 646",41,41,20,1,0,1,2,0.024390243902439,0,FALSE,0.48780487804878,0.5,0.318556012182299,0.327415160113352,0.024390243902439,0.0487804878048781
"Michigan","4+","earned_by_hh_size > 531 & earned_by_hh_size <= 664",35,35,17,0,0,0,0,0,0,FALSE,0.485714285714286,0.485714285714286,0.30474101047182,0.30474101047182,0,0
"Michigan","1","medical_deductions > 181 & rawben_rel_max > 0.331 & unc_rawben_rel_max <= 1.09",38,38,18,0,0,0,4,0,0,FALSE,0.473684210526316,0.473684210526316,0.30066237974957,0.30066237974957,0,0.105263157894737
"Michigan","2-3","percent_abawd > 0.167 & unc_rawben_rel_max <= 1.03 & utilities_sua > 0.5",36,36,17,0,0,0,2,0,0,FALSE,0.472222222222222,0.472222222222222,0.29536594298974,0.29536594298974,0,0.0555555555555556
"Michigan","1","earned_by_hh_size > 54 & rawben_rel_max > 0.428 & unc_rawben_rel_max <= 0.731",34,34,16,1,0,1,1,0.0294117647058824,0,FALSE,0.470588235294118,0.484848484848485,0.28964547839536,0.29940347614674,0.0294117647058824,0.0294117647058824
"Michigan","2-3","children_i <= 0 & married <= 0 & months_since_cert_n <= 3.5",32,32,15,1,0,1,1,0.03125,0,FALSE,0.46875,0.483870967741935,0.283442595422121,0.293614841996523,0.03125,0.03125
"Michigan","2-3","HH_size_n < 3 & rawben_rel_max >= 0.432 & rawben_rel_max < 0.571",30,30,13,0,0,0,1,0,0,FALSE,0.433333333333333,0.433333333333333,0.249555901376185,0.249555901376185,0,0.0333333333333333
"Michigan","1","gross_by_hh_size <= 1500 & months_since_cert_n <= 2.5 & percent_abawd <= 0.5 & unearned_by_hh_size > 1080",39,39,16,0,0,0,1,0,0,FALSE,0.41025641025641,0.41025641025641,0.24915865612918,0.24915865612918,0,0.0256410256410256
"Minnesota","1","rawben_rel_max > 0.997 & total_deductions_by_hh_size <= 2000 & unc_rawben_rel_max <= 1.03 & unearned_by_hh_size > 242",38,38,25,1,1,1,17,0.0263157894736842,0.04,FALSE,0.657894736842105,0.648648648648649,0.469580701177852,0.458124357416305,0.0263157894736842,0.447368421052632
"Minnesota","2-3","gross_by_hh_size >= 606 & gross_by_hh_size < 799 & unearned_by_hh_size < 623",34,34,18,0,0,0,1,0,0,FALSE,0.529411764705882,0.529411764705882,0.340393663970107,0.340393663970107,0,0.0294117647058824
"Minnesota","1","gross_by_hh_size <= 1570 & shelter_expenses_by_hh_size <= 718 & total_deductions_by_hh_size > 435 & unearned_by_hh_size > 242",68,68,32,0,0,0,4,0,0,FALSE,0.470588235294118,0.470588235294118,0.337235615427934,0.337235615427934,0,0.0588235294117647
"Minnesota","2-3","gross_by_hh_size > 368 & shelter_expenses_by_hh_size > 53.2 & shelter_expenses_by_hh_size <= 338 & unc_rawben_rel_max > 0.457",31,31,16,0,0,0,0,0,0,FALSE,0.516129032258065,0.516129032258065,0.321079615952095,0.321079615952095,0,0
"Minnesota","2-3","gross_by_hh_size > 395 & total_deductions_by_hh_size <= 502 & unc_rawben_rel_max > 0.576 & unc_rawben_rel_max <= 0.747",42,42,20,0,0,0,0,0,0,FALSE,0.476190476190476,0.476190476190476,0.31017188464436,0.31017188464436,0,0
"Minnesota","2-3","gross_by_hh_size > 671 & medical_deductions <= 221 & total_deductions_by_hh_size > 397 & total_deductions_by_hh_size <= 495",31,31,15,0,0,0,0,0,0,FALSE,0.483870967741935,0.483870967741935,0.293614841996523,0.293614841996523,0,0
"Minnesota","2-3","HH_size_n <= 2.5 & months_since_cert_n <= 2.5 & rawben_rel_max <= 0.931 & total_deductions_by_hh_size > 326",32,32,15,0,0,0,0,0,0,FALSE,0.46875,0.46875,0.283442595422121,0.283442595422121,0,0
"Minnesota","1","rawben_rel_max > 0.112 & unearned_by_hh_size > 1010 & utilities_sua > 0.5 & utilities_sua <= 1.5",64,64,26,0,0,1,0,0,0,FALSE,0.40625,0.40625,0.276244302430131,0.276244302430131,0.015625,0
"Minnesota","2-3","children_i <= 0 & shelter_expenses_by_hh_size <= 766 & total_deductions_by_hh_size <= 467 & unearned_by_hh_size <= 578",39,39,17,0,0,0,3,0,0,FALSE,0.435897435897436,0.435897435897436,0.270453709020398,0.270453709020398,0,0.0769230769230769
"Minnesota","4+","gross_by_hh_size > 0.225 & gross_by_hh_size <= 417 & months_since_cert_n <= 4.5 & total_deductions_by_hh_size <= 533",32,32,14,0,0,0,3,0,0,FALSE,0.4375,0.4375,0.25766898430634,0.25766898430634,0,0.09375
"Mississippi","4+","months_since_cert_n >= 3 & rawben_rel_max < 0.79 & shelter_expenses_by_hh_size < 224 & unearned_by_hh_size < 41.7",35,35,22,0,0,0,0,0,0,FALSE,0.628571428571429,0.628571428571429,0.433723226572725,0.433723226572725,0,0
"Mississippi","4+","gross_by_hh_size > 296 & total_deductions_by_hh_size <= 169 & unc_rawben_rel_max <= 0.872 & unearned_by_hh_size <= 4.29",32,32,20,0,0,0,0,0,0,FALSE,0.625,0.625,0.421930276182697,0.421930276182697,0,0
"Mississippi","4+","earned_by_hh_size > 49 & gross_by_hh_size <= 518 & total_deductions_by_hh_size > 67.1 & unearned_by_hh_size > 12.9",46,46,27,0,0,0,2,0,0,FALSE,0.58695652173913,0.58695652173913,0.417813865075123,0.417813865075123,0,0.0434782608695652
"Mississippi","2-3","earned_by_hh_size > 186 & months_since_cert_n > 3.5 & rawben_rel_max > 0.454",33,33,20,2,2,2,4,0.0606060606060606,0.1,FALSE,0.606060606060606,0.580645161290323,0.407131095704435,0.378070197572271,0.0606060606060606,0.121212121212121
"Mississippi","4+","earned_by_hh_size >= 11.6 & shelter_expenses_by_hh_size < 44 & unc_rawben_rel_max < 1.04",35,35,20,0,0,1,2,0,0,FALSE,0.571428571428571,0.571428571428571,0.380538977461598,0.380538977461598,0.0285714285714286,0.0571428571428571
"Mississippi","2-3","earned_by_hh_size > 75.5 & HH_size_n <= 2.5 & months_since_cert_n > 1.5 & rawben_rel_max <= 0.709",32,32,18,0,0,0,0,0,0,FALSE,0.5625,0.5625,0.364591478008337,0.364591478008337,0,0
"Mississippi","4+","months_since_cert_n >= 2 & rawben_rel_max >= 0.678 & rawben_rel_max < 0.918 & unearned_by_hh_size < 203",64,64,32,0,0,0,0,0,0,FALSE,0.5,0.5,0.360405653778697,0.360405653778697,0,0
"Mississippi","2-3","earned_by_hh_size <= 1000 & months_since_cert_n > 1.5 & total_deductions_by_hh_size > 256 & unc_rawben_rel_max <= 0.778",65,65,32,0,0,0,0,0,0,FALSE,0.492307692307692,0.492307692307692,0.354314397726217,0.354314397726217,0,0
"Mississippi","4+","expedited_i <= 0 & gross_by_hh_size > 327 & months_since_cert_n > 3.5 & total_deductions_by_hh_size <= 204",52,52,26,0,0,0,0,0,0,FALSE,0.5,0.5,0.346508299575109,0.346508299575109,0,0
"Mississippi","2-3","earned_by_hh_size > 18.7 & shelter_expenses_by_hh_size <= 389 & unc_rawben_rel_max > 0.467 & unearned_by_hh_size > 72.7",31,31,16,0,0,0,4,0,0,FALSE,0.516129032258065,0.516129032258065,0.321079615952095,0.321079615952095,0,0.129032258064516
"Mississippi","4+","gross_by_hh_size >= 2.4 & shelter_expenses_by_hh_size < 3.75 & total_deductions_by_hh_size < 165 & unearned_by_hh_size < 42.5",34,34,17,5,3,6,10,0.147058823529412,0.176470588235294,FALSE,0.5,0.482758620689655,0.314742850860419,0.287308576518205,0.176470588235294,0.294117647058824
"Mississippi","2-3","earned_by_hh_size <= 472 & total_deductions_by_hh_size <= 539 & unc_rawben_rel_max <= 0.832 & unearned_by_hh_size <= 281",37,37,18,0,0,0,0,0,0,FALSE,0.486486486486487,0.486486486486487,0.309682651581785,0.309682651581785,0,0
"Mississippi","4+","HH_size_n > 4.5 & months_since_cert_n > 0.5 & shelter_expenses_by_hh_size > 184",36,36,17,1,1,1,2,0.0277777777777778,0.0588235294117647,FALSE,0.472222222222222,0.457142857142857,0.29536594298974,0.280513156042504,0.0277777777777778,0.0555555555555556
"Mississippi","1","earned_by_hh_size <= 166 & medical_deductions <= 596 & rawben_rel_max > 0.995 & unc_rawben_rel_max <= 1.08",44,44,20,19,7,19,32,0.431818181818182,0.35,TRUE,0.454545454545455,0.52,0.294680897963161,0.305683978726243,0.431818181818182,0.727272727272727
"Mississippi","2-3","earned_by_hh_size <= 630 & gross_by_hh_size > 218 & unc_rawben_rel_max <= 0.591 & unearned_by_hh_size <= 466",32,32,15,0,0,0,0,0,0,FALSE,0.46875,0.46875,0.283442595422121,0.283442595422121,0,0
"Mississippi","1","elderly_disabled_i >= 1 & unc_rawben_rel_max > 0.825 & unc_rawben_rel_max <= 1.02",46,46,19,6,3,7,18,0.130434782608696,0.157894736842105,FALSE,0.41304347826087,0.4,0.262202951801676,0.242397089822366,0.152173913043478,0.391304347826087
"Mississippi","2-3","total_deductions_by_hh_size >= 252 & total_deductions_by_hh_size < 282",51,51,20,0,0,0,2,0,0,FALSE,0.392156862745098,0.392156862745098,0.25094511844763,0.25094511844763,0,0.0392156862745098
"Missouri","4+","expedited_i <= 0 & months_since_cert_n > 6.5 & shelter_expenses_by_hh_size > 216 & unc_rawben_rel_max <= 1.02",31,31,18,0,0,0,0,0,0,FALSE,0.580645161290323,0.580645161290323,0.378070197572271,0.378070197572271,0,0
"Missouri","4+","earned_by_hh_size > 109 & unearned_by_hh_size > 38.9",32,32,17,0,0,0,0,0,0,FALSE,0.53125,0.53125,0.33690384227312,0.33690384227312,0,0
"Missouri","4+","count_divisible_by_100 <= 0.5 & gross_by_hh_size > 216 & months_since_cert_n > 6.5 & unc_rawben_rel_max <= 1",54,54,27,0,0,0,0,0,0,FALSE,0.5,0.5,0.349114005476788,0.349114005476788,0,0
"Missouri","2-3","earned_by_hh_size < 435 & elderly_disabled_i <= 0 & rawben_rel_max < 0.927 & total_deductions_by_hh_size < 482",39,39,17,0,0,0,0,0,0,FALSE,0.435897435897436,0.435897435897436,0.270453709020398,0.270453709020398,0,0
"Missouri","2-3","rawben_rel_max > 0.592 & rawben_rel_max <= 0.746 & unearned_by_hh_size > 408",32,32,14,0,0,0,0,0,0,FALSE,0.4375,0.4375,0.25766898430634,0.25766898430634,0,0
"Montana","1","expedited_i <= 0 & shelter_expenses_by_hh_size <= 868 & unc_rawben_rel_max > 0.669 & unearned_by_hh_size > 510",32,32,15,0,0,0,2,0,0,FALSE,0.46875,0.46875,0.283442595422121,0.283442595422121,0,0.0625
"Montana","1","earned_by_hh_size <= 2440 & months_since_cert_n > 14.5 & total_deductions_by_hh_size <= 722 & unearned_by_hh_size <= 974",30,30,14,3,1,3,4,0.1,0.0714285714285714,FALSE,0.466666666666667,0.481481481481481,0.276687189745099,0.280403671829091,0.1,0.133333333333333
"Nevada","4+","gross_by_hh_size <= 716 & shelter_expenses_by_hh_size <= 355 & total_deductions_by_hh_size > 176 & unc_rawben_rel_max <= 0.674",32,32,14,0,0,0,0,0,0,FALSE,0.4375,0.4375,0.25766898430634,0.25766898430634,0,0
"Nevada","2-3","months_since_cert_n >= 3 & months_since_cert_n < 5 & unc_rawben_rel_max < 0.572 & unearned_by_hh_size < 101",38,38,14,0,0,0,1,0,0,FALSE,0.368421052631579,0.368421052631579,0.21373808684838,0.21373808684838,0,0.0263157894736842
"New Hampshire","1","total_deductions_by_hh_size > 280 & total_deductions_by_hh_size <= 398 & unc_rawben_rel_max <= 0.695 & unearned_by_hh_size <= 1130",42,42,19,0,0,0,0,0,0,FALSE,0.452380952380952,0.452380952380952,0.289589641784695,0.289589641784695,0,0
"New Hampshire","4+","earned_by_hh_size >= 79.2 & shelter_expenses_by_hh_size < 361 & unearned_by_hh_size < 56",37,37,17,0,0,0,0,0,0,FALSE,0.459459459459459,0.459459459459459,0.286559418398397,0.286559418398397,0,0
"New Hampshire","2-3","gross_by_hh_size <= 579 & rawben_rel_max <= 0.79 & shelter_expenses_by_hh_size > 187",30,30,14,0,0,0,0,0,0,FALSE,0.466666666666667,0.466666666666667,0.276687189745099,0.276687189745099,0,0
"New Hampshire","1","months_since_cert_n <= 4.5 & total_deductions_by_hh_size <= 714 & unc_rawben_rel_max > 0.203 & unearned_by_hh_size > 989",34,34,15,0,0,0,0,0,0,FALSE,0.441176470588235,0.441176470588235,0.265104041536998,0.265104041536998,0,0
"New Jersey","2-3","earned_by_hh_size <= 760 & gross_by_hh_size > 688 & married <= 0 & rawben_rel_max > 0.473",30,30,16,0,0,0,1,0,0,FALSE,0.533333333333333,0.533333333333333,0.333167969505189,0.333167969505189,0,0.0333333333333333
"New Jersey","2-3","earned_by_hh_size > 409 & earned_by_hh_size <= 787 & rawben_rel_max <= 0.898 & utilities_sua > 0.5",32,32,16,0,0,0,0,0,0,FALSE,0.5,0.5,0.309855285122083,0.309855285122083,0,0
"New Mexico","1","earned_by_hh_size > 556 & rawben_rel_max > 0.484 & shelter_expenses_by_hh_size > 24 & unc_rawben_rel_max > 1.32",30,30,20,10,9,10,24,0.333333333333333,0.45,TRUE,0.666666666666667,0.55,0.455187411848142,0.309549337806187,0.333333333333333,0.8
"New Mexico","4+","count_divisible_by_100 > 0.5 & gross_by_hh_size > 71 & total_deductions_by_hh_size <= 202",30,30,20,0,0,0,1,0,0,FALSE,0.666666666666667,0.666666666666667,0.455187411848142,0.455187411848142,0,0.0333333333333333
"New Mexico","2-3","earned_by_hh_size <= 1010 & gross_by_hh_size > 898 & total_deductions_by_hh_size > 388 & unc_rawben_rel_max <= 0.97",33,33,21,0,0,0,0,0,0,FALSE,0.636363636363636,0.636363636363636,0.435597749096618,0.435597749096618,0,0
"New Mexico","2-3","shelter_expenses_by_hh_size <= 590 & total_deductions_by_hh_size > 492",31,31,19,2,2,2,5,0.0645161290322581,0.105263157894737,FALSE,0.612903225806452,0.586206896551724,0.407618537979449,0.376891697199366,0.0645161290322581,0.161290322580645
"New Mexico","2-3","gross_by_hh_size >= 687 & months_since_cert_n < 5 & rawben_rel_max >= 0.424 & rawben_rel_max < 0.756",40,40,23,0,0,0,0,0,0,FALSE,0.575,0.575,0.395198316654038,0.395198316654038,0,0
"New Mexico","4+","shelter_expenses_by_hh_size > 31.9 & unc_rawben_rel_max <= 0.987 & unearned_by_hh_size > 107 & unearned_by_hh_size <= 211",38,38,22,0,0,0,0,0,0,FALSE,0.578947368421053,0.578947368421053,0.39452904873913,0.39452904873913,0,0
"New Mexico","1","children_i <= 0 & earned_by_hh_size > 357 & earned_by_hh_size <= 1230 & percent_abawd > 0.5",34,34,20,4,4,4,14,0.117647058823529,0.2,FALSE,0.588235294117647,0.533333333333333,0.393370695741947,0.333167969505189,0.117647058823529,0.411764705882353
"New Mexico","2-3","earned_by_hh_size > 9 & expedited_i <= 0 & months_since_cert_n > 13.5 & total_deductions_by_hh_size > 318",30,30,18,1,0,1,6,0.0333333333333333,0,FALSE,0.6,0.620689655172414,0.392620582652896,0.408382432987024,0.0333333333333333,0.2
"New Mexico","2-3","gross_by_hh_size > 608 & married >= 1 & shelter_expenses_by_hh_size > 385 & total_deductions_by_hh_size > 360",37,37,21,0,0,0,0,0,0,FALSE,0.567567567567568,0.567567567567568,0.381791618833613,0.381791618833613,0,0
"New Mexico","4+","earned_by_hh_size > 9.1 & earned_by_hh_size <= 204 & shelter_expenses_by_hh_size > 41.9",33,33,19,3,3,3,11,0.0909090909090909,0.157894736842105,FALSE,0.575757575757576,0.533333333333333,0.379293320103591,0.333167969505189,0.0909090909090909,0.333333333333333
"New Mexico","2-3","elderly_disabled_i <= 0 & gross_by_hh_size > 252 & gross_by_hh_size <= 405 & HH_size_n > 2.5",31,31,18,1,1,1,6,0.032258064516129,0.0555555555555556,FALSE,0.580645161290323,0.566666666666667,0.378070197572271,0.362517460896365,0.032258064516129,0.193548387096774
"New Mexico","1","earned_by_hh_size > 306 & expedited_i >= 1 & gross_by_hh_size > 322 & unc_rawben_rel_max <= 1.41",32,32,18,5,5,5,14,0.15625,0.277777777777778,TRUE,0.5625,0.481481481481481,0.364591478008337,0.280403671829091,0.15625,0.4375
"New Mexico","2-3","months_since_cert_n < 4 & shelter_expenses_by_hh_size < 485 & total_deductions_by_hh_size >= 347",37,37,20,1,1,1,4,0.027027027027027,0.05,FALSE,0.540540540540541,0.527777777777778,0.357296991528079,0.343663133764319,0.027027027027027,0.108108108108108
"New Mexico","2-3","expedited_i <= 0 & gross_by_hh_size > 228 & percent_abawd > 0.167 & rawben_rel_max > 0.391",33,33,18,0,0,0,3,0,0,FALSE,0.545454545454545,0.545454545454545,0.352066228889308,0.352066228889308,0,0.0909090909090909
"New Mexico","2-3","earned_by_hh_size > 190 & months_since_cert_n <= 13 & rawben_rel_max > 0.535 & rawben_rel_max <= 0.66",45,45,23,0,0,0,1,0,0,FALSE,0.511111111111111,0.511111111111111,0.346152352393036,0.346152352393036,0,0.0222222222222222
"New Mexico","1","gross_by_hh_size > 122 & total_deductions_by_hh_size > 1080 & unc_rawben_rel_max > 0.409 & unearned_by_hh_size <= 920",46,46,23,10,9,10,20,0.217391304347826,0.391304347826087,TRUE,0.5,0.388888888888889,0.337798544490442,0.226599490162712,0.217391304347826,0.434782608695652
"New Mexico","4+","gross_by_hh_size < 258 & total_deductions_by_hh_size >= 88.6 & unc_rawben_rel_max < 1.09",60,60,28,4,3,4,13,0.0666666666666667,0.107142857142857,FALSE,0.466666666666667,0.446428571428571,0.325917902538059,0.30351843121549,0.0666666666666667,0.216666666666667
"New Mexico","4+","earned_by_hh_size < 624 & gross_by_hh_size >= 385 & shelter_expenses_by_hh_size >= 249",41,41,20,0,0,0,0,0,0,FALSE,0.48780487804878,0.48780487804878,0.318556012182299,0.318556012182299,0,0
"New Mexico","2-3","shelter_expenses_by_hh_size > 175 & unc_rawben_rel_max > 0.924 & unc_rawben_rel_max <= 1",39,39,19,0,0,0,0,0,0,FALSE,0.487179487179487,0.487179487179487,0.314274635536673,0.314274635536673,0,0
"New Mexico","4+","earned_by_hh_size >= 316 & gross_by_hh_size >= 557 & months_since_cert_n >= 7 & total_deductions_by_hh_size >= 174",34,34,16,0,0,0,0,0,0,FALSE,0.470588235294118,0.470588235294118,0.28964547839536,0.28964547839536,0,0
"New Mexico","1","children_i <= 0 & expedited_i >= 1 & gross_by_hh_size > 322 & months_since_cert_n > 10.5",35,35,16,3,3,3,11,0.0857142857142857,0.1875,FALSE,0.457142857142857,0.40625,0.280513156042504,0.232544249554299,0.0857142857142857,0.314285714285714
"New Mexico","1","months_since_cert_n > 14.5 & total_deductions_by_hh_size > 988",42,42,18,4,3,4,11,0.0952380952380952,0.166666666666667,FALSE,0.428571428571429,0.394736842105263,0.269351009309133,0.234798235550521,0.0952380952380952,0.261904761904762
"New Mexico","2-3","count_divisible_by_100 <= 0.5 & earned_by_hh_size > 141 & gross_by_hh_size <= 1040 & utilities_sua <= 1.5",42,42,18,0,0,0,4,0,0,FALSE,0.428571428571429,0.428571428571429,0.269351009309133,0.269351009309133,0,0.0952380952380952
"New Mexico","1","elderly_disabled_i <= 0 & unc_rawben_rel_max >= 1.22 & unc_rawben_rel_max < 1.48",76,76,29,10,9,10,36,0.131578947368421,0.310344827586207,TRUE,0.381578947368421,0.303030303030303,0.263972939191815,0.19057942123616,0.131578947368421,0.473684210526316
"New Mexico","1","rawben_rel_max > 0.0809 & shelter_expenses_by_hh_size > 621 & utilities_sua <= 0.5",32,32,14,1,1,1,3,0.03125,0.0714285714285714,FALSE,0.4375,0.419354838709677,0.25766898430634,0.240746327794409,0.03125,0.09375
"New York","2-3","earned_by_hh_size > 148 & months_since_cert_n > 4.5 & unearned_by_hh_size > 104",31,31,20,0,0,0,5,0,0,FALSE,0.645161290322581,0.645161290322581,0.437897763603933,0.437897763603933,0,0.161290322580645
"New York","4+","months_since_cert_n > 5.5 & unc_rawben_rel_max > 0.463 & unearned_by_hh_size > 33.7",33,33,19,1,0,1,3,0.0303030303030303,0,FALSE,0.575757575757576,0.59375,0.379293320103591,0.392927990107296,0.0303030303030303,0.0909090909090909
"New York","2-3","earned_by_hh_size > 139 & HH_size_n > 2.5 & percent_abawd <= 0.167 & unc_rawben_rel_max > 0.775",33,33,18,2,2,2,5,0.0606060606060606,0.111111111111111,FALSE,0.545454545454545,0.516129032258065,0.352066228889308,0.321079615952095,0.0606060606060606,0.151515151515152
"New York","2-3","elderly_disabled_i >= 1 & unc_rawben_rel_max <= 0.925 & unearned_by_hh_size <= 562",31,31,16,0,0,0,0,0,0,FALSE,0.516129032258065,0.516129032258065,0.321079615952095,0.321079615952095,0,0
"New York","1","children_i <= 0 & shelter_expenses_by_hh_size > 1910 & unc_rawben_rel_max <= 1.03",40,40,19,1,1,1,6,0.025,0.0526315789473684,FALSE,0.475,0.461538461538462,0.305583845939934,0.292160949358912,0.025,0.15
"New York","2-3","earned_by_hh_size > 382 & gross_by_hh_size > 93.8 & months_since_cert_n > 6.5 & shelter_expenses_by_hh_size > 5.33",43,43,20,0,0,0,5,0,0,FALSE,0.465116279069767,0.465116279069767,0.302224822702557,0.302224822702557,0,0.116279069767442
"New York","2-3","married <= 0 & total_deductions_by_hh_size > 389 & total_deductions_by_hh_size <= 470 & unc_rawben_rel_max > 0.562",36,36,17,0,0,0,2,0,0,FALSE,0.472222222222222,0.472222222222222,0.29536594298974,0.29536594298974,0,0.0555555555555556
"New York","4+","count_divisible_by_100 <= 0.5 & married <= 0 & shelter_expenses_by_hh_size > 351 & shelter_expenses_by_hh_size <= 485",31,31,15,0,0,1,2,0,0,FALSE,0.483870967741935,0.483870967741935,0.293614841996523,0.293614841996523,0.032258064516129,0.0645161290322581
"New York","1","gross_by_hh_size >= 1550 & months_since_cert_n >= 7 & rawben_rel_max < 0.636 & total_deductions_by_hh_size >= 1050",40,40,18,0,0,0,2,0,0,FALSE,0.45,0.45,0.284134060389735,0.284134060389735,0,0.05
"New York","1","elderly_disabled_i <= 0 & months_since_cert_n <= 26.5 & percent_abawd <= 0.5 & rawben_rel_max <= 0.803",30,30,14,0,0,0,2,0,0,FALSE,0.466666666666667,0.466666666666667,0.276687189745099,0.276687189745099,0,0.0666666666666667
"North Carolina","4+","gross_by_hh_size > 233 & HH_size_n > 4.5 & rawben_rel_max <= 0.961 & unearned_by_hh_size > 112",32,32,18,0,0,0,0,0,0,FALSE,0.5625,0.5625,0.364591478008337,0.364591478008337,0,0
"North Carolina","2-3","earned_by_hh_size >= 687 & gross_by_hh_size < 1160 & months_since_cert_n >= 3 & shelter_expenses_by_hh_size < 492",44,44,20,0,0,0,2,0,0,FALSE,0.454545454545455,0.454545454545455,0.294680897963161,0.294680897963161,0,0.0454545454545455
"North Carolina","1","earned_by_hh_size > 658 & expedited_i <= 0 & months_since_cert_n > 4.5 & rawben_rel_max > 0.347",31,31,15,6,5,6,9,0.193548387096774,0.333333333333333,TRUE,0.483870967741935,0.4,0.293614841996523,0.210390874614324,0.193548387096774,0.290322580645161
"North Carolina","1","gross_by_hh_size > 1440 & months_since_cert_n > 3.5 & rawben_rel_max > 0.318 & shelter_expenses_by_hh_size > 1230",34,34,16,0,0,0,0,0,0,FALSE,0.470588235294118,0.470588235294118,0.28964547839536,0.28964547839536,0,0
"North Carolina","2-3","rawben_rel_max > 0.733 & rawben_rel_max <= 0.862 & unearned_by_hh_size <= 104",40,40,18,0,0,0,0,0,0,FALSE,0.45,0.45,0.284134060389735,0.284134060389735,0,0
"North Carolina","1","rawben_rel_max >= 0.46 & shelter_expenses_by_hh_size >= 1400 & unc_rawben_rel_max < 1.2 & unearned_by_hh_size < 1560",33,33,15,0,0,0,2,0,0,FALSE,0.454545454545455,0.454545454545455,0.273962129871639,0.273962129871639,0,0.0606060606060606
"North Carolina","2-3","gross_by_hh_size > 385 & shelter_expenses_by_hh_size <= 219 & unc_rawben_rel_max > 0.26 & utilities_sua > 0.5",34,34,15,0,0,0,1,0,0,FALSE,0.441176470588235,0.441176470588235,0.265104041536998,0.265104041536998,0,0.0294117647058824
"North Carolina","2-3","earned_by_hh_size >= 242 & earned_by_hh_size < 1030 & shelter_expenses_by_hh_size >= 400 & total_deductions_by_hh_size < 487",65,65,25,2,2,2,3,0.0307692307692308,0.08,FALSE,0.384615384615385,0.365079365079365,0.25833182626587,0.239934925239786,0.0307692307692308,0.0461538461538462
"North Dakota","2-3","earned_by_hh_size > 54.3 & months_since_cert_n > 3.5 & shelter_expenses_by_hh_size <= 944 & utilities_sua > 0.5",30,30,15,1,1,1,3,0.0333333333333333,0.0666666666666667,FALSE,0.5,0.482758620689655,0.304559277785661,0.287308576518205,0.0333333333333333,0.1
"North Dakota","2-3","earned_by_hh_size > 29.3 & rawben_rel_max <= 0.992 & shelter_expenses_by_hh_size <= 557 & total_deductions_by_hh_size > 176",62,62,24,0,0,0,0,0,0,FALSE,0.387096774193548,0.387096774193548,0.257869548281902,0.257869548281902,0,0
"Oklahoma","2-3","married <= 0 & shelter_expenses_by_hh_size > 313 & unearned_by_hh_size > 331 & unearned_by_hh_size <= 520",37,37,20,0,0,0,3,0,0,FALSE,0.540540540540541,0.540540540540541,0.357296991528079,0.357296991528079,0,0.0810810810810811
"Oklahoma","2-3","months_since_cert_n <= 16.5 & rawben_rel_max > 0.657 & shelter_expenses_by_hh_size > 404 & unc_rawben_rel_max <= 0.874",40,40,21,0,0,0,0,0,0,FALSE,0.525,0.525,0.349626740548194,0.349626740548194,0,0
"Oklahoma","4+","gross_by_hh_size >= 210 & gross_by_hh_size < 486 & shelter_expenses_by_hh_size >= 160 & total_deductions_by_hh_size < 254",60,60,29,0,0,0,0,0,0,FALSE,0.483333333333333,0.483333333333333,0.340985897544047,0.340985897544047,0,0
"Oklahoma","4+","earned_by_hh_size <= 243 & HH_size_n > 4.5 & months_since_cert_n > 3.5 & unearned_by_hh_size > 69.5",32,32,17,0,0,0,4,0,0,FALSE,0.53125,0.53125,0.33690384227312,0.33690384227312,0,0.125
"Oklahoma","4+","children_i >= 1 & gross_by_hh_size > 154 & gross_by_hh_size <= 344 & months_since_cert_n > 6.5",42,42,21,0,0,0,5,0,0,FALSE,0.5,0.5,0.331094623915598,0.331094623915598,0,0.119047619047619
"Oklahoma","4+","months_since_cert_n >= 6 & total_deductions_by_hh_size >= 161 & total_deductions_by_hh_size < 206",42,42,20,0,0,0,2,0,0,FALSE,0.476190476190476,0.476190476190476,0.31017188464436,0.31017188464436,0,0.0476190476190476
"Oklahoma","1","expedited_i <= 0 & shelter_expenses_by_hh_size <= 1260 & unc_rawben_rel_max > 0.938 & unearned_by_hh_size > 672",35,35,17,0,0,1,2,0,0,FALSE,0.485714285714286,0.485714285714286,0.30474101047182,0.30474101047182,0.0285714285714286,0.0571428571428571
"Oklahoma","2-3","gross_by_hh_size > 324 & rawben_rel_max > 0.691 & rawben_rel_max <= 0.734",30,30,15,0,0,0,0,0,0,FALSE,0.5,0.5,0.304559277785661,0.304559277785661,0,0
"Oklahoma","2-3","married >= 1 & rawben_rel_max <= 0.879 & shelter_expenses_by_hh_size > 351 & total_deductions_by_hh_size > 218",33,33,16,0,0,0,0,0,0,FALSE,0.484848484848485,0.484848484848485,0.29940347614674,0.29940347614674,0,0
"Oklahoma","1","gross_by_hh_size > 931 & months_since_cert_n <= 15.5 & shelter_expenses_by_hh_size > 1130 & unc_rawben_rel_max > 0.355",49,49,22,0,0,0,2,0,0,FALSE,0.448979591836735,0.448979591836735,0.297127319676131,0.297127319676131,0,0.0408163265306122
"Oklahoma","1","gross_by_hh_size > 926 & shelter_expenses_by_hh_size > 662 & unearned_by_hh_size > 208 & unearned_by_hh_size <= 980",34,34,16,0,0,0,1,0,0,FALSE,0.470588235294118,0.470588235294118,0.28964547839536,0.28964547839536,0,0.0294117647058824
"Oklahoma","2-3","earned_by_hh_size >= 369 & shelter_expenses_by_hh_size >= 371 & shelter_expenses_by_hh_size < 500",42,42,19,0,0,0,0,0,0,FALSE,0.452380952380952,0.452380952380952,0.289589641784695,0.289589641784695,0,0
"Oklahoma","2-3","gross_by_hh_size > 620 & HH_size_n > 2.5 & homeless <= 0 & months_since_cert_n <= 8.5",45,45,18,0,0,0,0,0,0,FALSE,0.4,0.4,0.249881146467481,0.249881146467481,0,0
"Oklahoma","1","shelter_expenses_by_hh_size < 903 & total_deductions_by_hh_size >= 676 & total_deductions_by_hh_size < 782",39,39,16,0,0,0,5,0,0,FALSE,0.41025641025641,0.41025641025641,0.24915865612918,0.24915865612918,0,0.128205128205128
"Oregon","4+","earned_by_hh_size > 238 & gross_by_hh_size <= 610 & rawben_rel_max <= 0.775 & utilities_sua > 1.5",34,34,25,0,0,0,0,0,0,FALSE,0.735294117647059,0.735294117647059,0.536369615016515,0.536369615016515,0,0
"Oregon","2-3","earned_by_hh_size > 162 & medical_deductions <= 190 & months_since_cert_n > 5.5 & months_since_cert_n <= 9.5",36,36,24,3,3,3,7,0.0833333333333333,0.125,FALSE,0.666666666666667,0.636363636363636,0.473113768584296,0.435597749096618,0.0833333333333333,0.194444444444444
"Oregon","2-3","earned_by_hh_size >= 246 & gross_by_hh_size < 848 & months_since_cert_n >= 7",32,32,21,5,4,5,8,0.15625,0.19047619047619,FALSE,0.65625,0.62962962962963,0.451623260338207,0.409506448498686,0.15625,0.25
"Oregon","4+","earned_by_hh_size > 243 & gross_by_hh_size <= 699 & months_since_cert_n > 4.5 & percent_abawd <= 0.125",32,32,21,0,0,0,0,0,0,FALSE,0.65625,0.65625,0.451623260338207,0.451623260338207,0,0
"Oregon","1","gross_by_hh_size < 1410 & total_deductions_by_hh_size >= 409 & unc_rawben_rel_max < 1.03 & utilities_sua < 2",34,34,22,0,0,0,4,0,0,FALSE,0.647058823529412,0.647058823529412,0.448660181518331,0.448660181518331,0,0.117647058823529
"Oregon","2-3","earned_by_hh_size > 171 & gross_by_hh_size <= 990 & shelter_expenses_by_hh_size > 77 & total_deductions_by_hh_size <= 371",37,37,23,4,3,4,7,0.108108108108108,0.130434782608696,FALSE,0.621621621621622,0.606060606060606,0.432191970159455,0.407131095704435,0.108108108108108,0.189189189189189
"Oregon","2-3","medical_deductions <= 482 & months_since_cert_n > 4.5 & rawben_rel_max <= 0.887 & total_deductions_by_hh_size > 522",34,34,21,0,0,0,0,0,0,FALSE,0.617647058823529,0.617647058823529,0.420717569524852,0.420717569524852,0,0
"Oregon","4+","HH_size_n > 4.5 & months_since_cert_n > 3.5 & shelter_expenses_by_hh_size > 188 & unc_rawben_rel_max <= 0.916",37,37,21,0,0,0,1,0,0,FALSE,0.567567567567568,0.567567567567568,0.381791618833613,0.381791618833613,0,0.027027027027027
"Oregon","2-3","gross_by_hh_size >= 601 & medical_deductions < 179 & shelter_expenses_by_hh_size >= 841",33,33,19,0,0,0,0,0,0,FALSE,0.575757575757576,0.575757575757576,0.379293320103591,0.379293320103591,0,0
"Oregon","1","earned_by_hh_size > 502 & unc_rawben_rel_max > 1.34",30,30,17,12,9,12,22,0.4,0.529411764705882,TRUE,0.566666666666667,0.444444444444444,0.362517460896365,0.218059395096429,0.4,0.733333333333333
"Oregon","1","earned_by_hh_size <= 1150 & total_deductions_by_hh_size > 1140 & unc_rawben_rel_max <= 1.03 & unearned_by_hh_size <= 2100",39,39,21,0,0,0,4,0,0,FALSE,0.538461538461538,0.538461538461538,0.359712882609676,0.359712882609676,0,0.102564102564103
"Oregon","1","rawben_rel_max > 0.558 & total_deductions_by_hh_size <= 1320 & unearned_by_hh_size > 1190",43,43,22,0,0,0,1,0,0,FALSE,0.511627906976744,0.511627906976744,0.343216786574835,0.343216786574835,0,0.0232558139534884
"Oregon","4+","earned_by_hh_size > 243 & months_since_cert_n > 1.5 & months_since_cert_n <= 5.5 & shelter_expenses_by_hh_size <= 569",38,38,18,0,0,0,0,0,0,FALSE,0.473684210526316,0.473684210526316,0.30066237974957,0.30066237974957,0,0
"Oregon","2-3","rawben_rel_max >= 0.2 & rawben_rel_max < 0.436 & total_deductions_by_hh_size >= 152",54,54,24,0,0,0,0,0,0,FALSE,0.444444444444444,0.444444444444444,0.299466655324793,0.299466655324793,0,0
"Oregon","1","earned_by_hh_size >= 228 & months_since_cert_n >= 6 & unc_rawben_rel_max >= 1.2",34,34,16,11,9,11,21,0.323529411764706,0.5625,TRUE,0.470588235294118,0.304347826086957,0.28964547839536,0.137383939653272,0.323529411764706,0.617647058823529
"Oregon","1","gross_by_hh_size >= 1030 & rawben_rel_max >= 0.488 & rawben_rel_max < 0.944 & total_deductions_by_hh_size < 993",68,68,28,0,0,0,0,0,0,FALSE,0.411764705882353,0.411764705882353,0.284501748230055,0.284501748230055,0,0
"Oregon","1","elderly_disabled_i >= 1 & gross_by_hh_size > 666 & gross_by_hh_size <= 1340 & utilities_sua <= 1.5",46,46,20,0,0,0,4,0,0,FALSE,0.434782608695652,0.434782608695652,0.280683767268984,0.280683767268984,0,0.0869565217391304
"Oregon","2-3","gross_by_hh_size < 1270 & HH_size_n >= 3 & months_since_cert_n >= 7 & unc_rawben_rel_max < 1.16",59,59,24,4,3,4,7,0.0677966101694915,0.125,FALSE,0.406779661016949,0.381818181818182,0.272024314843139,0.246625597275238,0.0677966101694915,0.11864406779661
"Pennsylvania","4+","gross_by_hh_size > 308 & married >= 1 & rawben_rel_max > 0.54 & shelter_expenses_by_hh_size > 305",31,31,19,0,0,0,1,0,0,FALSE,0.612903225806452,0.612903225806452,0.407618537979449,0.407618537979449,0,0.032258064516129
"Pennsylvania","4+","earned_by_hh_size > 105 & earned_by_hh_size <= 347 & gross_by_hh_size > 296",30,30,17,0,0,0,3,0,0,FALSE,0.566666666666667,0.566666666666667,0.362517460896365,0.362517460896365,0,0.1
"Pennsylvania","4+","gross_by_hh_size <= 340 & HH_size_n <= 7 & unc_rawben_rel_max <= 0.983",30,30,17,0,0,0,2,0,0,FALSE,0.566666666666667,0.566666666666667,0.362517460896365,0.362517460896365,0,0.0666666666666667
"Pennsylvania","4+","elderly_disabled_i <= 0 & gross_by_hh_size <= 793 & shelter_expenses_by_hh_size > 408 & unc_rawben_rel_max <= 0.983",35,35,19,0,0,0,1,0,0,FALSE,0.542857142857143,0.542857142857143,0.354751698733972,0.354751698733972,0,0.0285714285714286
"Pennsylvania","1","gross_by_hh_size <= 1500 & medical_deductions > 120 & shelter_expenses_by_hh_size <= 2220 & unc_rawben_rel_max <= 1.02",35,35,17,0,0,0,0,0,0,FALSE,0.485714285714286,0.485714285714286,0.30474101047182,0.30474101047182,0,0
"Pennsylvania","2-3","elderly_disabled_i >= 1 & medical_deductions <= 282 & shelter_expenses_by_hh_size > 716 & unearned_by_hh_size > 736",34,34,16,0,0,0,0,0,0,FALSE,0.470588235294118,0.470588235294118,0.28964547839536,0.28964547839536,0,0
"Pennsylvania","4+","count_divisible_by_100 <= 0.5 & gross_by_hh_size > 583 & HH_size_n <= 5.5 & married >= 1",37,37,17,0,0,0,0,0,0,FALSE,0.459459459459459,0.459459459459459,0.286559418398397,0.286559418398397,0,0
"Pennsylvania","2-3","earned_by_hh_size <= 1380 & gross_by_hh_size > 766 & gross_by_hh_size <= 1160 & married >= 1",42,42,17,0,0,0,0,0,0,FALSE,0.404761904761905,0.404761904761905,0.249461283952086,0.249461283952086,0,0
"Pennsylvania","1","count_divisible_by_100 <= 0.5 & shelter_expenses_by_hh_size <= 1480 & total_deductions_by_hh_size > 1050 & unearned_by_hh_size > 1120",36,36,15,0,0,0,0,0,0,FALSE,0.416666666666667,0.416666666666667,0.249021626896194,0.249021626896194,0,0
"Rhode Island","1","months_since_cert_n > 0.5 & unc_rawben_rel_max > 0.285 & unc_rawben_rel_max <= 1.06 & utilities_sua <= 1.5",32,32,27,0,0,0,1,0,0,FALSE,0.84375,0.84375,0.647280200444941,0.647280200444941,0,0.03125
"Rhode Island","1","earned_by_hh_size <= 135 & gross_by_hh_size > 1170 & unc_rawben_rel_max > 0.972 & unc_rawben_rel_max <= 1.03",34,34,27,0,0,0,9,0,0,FALSE,0.794117647058823,0.794117647058823,0.598579769342344,0.598579769342344,0,0.264705882352941
"Rhode Island","4+","earned_by_hh_size > 75.2 & months_since_cert_n <= 7.5 & shelter_expenses_by_hh_size > 345 & shelter_expenses_by_hh_size <= 614",39,39,27,0,0,0,1,0,0,FALSE,0.692307692307692,0.692307692307692,0.50609247493824,0.50609247493824,0,0.0256410256410256
"Rhode Island","1","earned_by_hh_size <= 990 & gross_by_hh_size <= 1540 & total_deductions_by_hh_size > 1200 & unc_rawben_rel_max <= 1.02",45,45,27,0,0,0,6,0,0,FALSE,0.6,0.6,0.428416173730573,0.428416173730573,0,0.133333333333333
"Rhode Island","1","gross_by_hh_size > 1180 & medical_deductions > 196 & shelter_expenses_by_hh_size <= 1470 & unc_rawben_rel_max > 0.488",38,38,23,0,0,0,1,0,0,FALSE,0.605263157894737,0.605263157894737,0.419086398104475,0.419086398104475,0,0.0263157894736842
"Rhode Island","1","gross_by_hh_size >= 1040 & rawben_rel_max >= 0.972 & unc_rawben_rel_max < 1.03",77,77,41,0,0,0,18,0,0,FALSE,0.532467532467532,0.532467532467532,0.402476865761158,0.402476865761158,0,0.233766233766234
"Rhode Island","4+","expedited_i <= 0 & gross_by_hh_size > 432 & HH_size_n <= 7.5 & rawben_rel_max > 0.433",57,57,31,0,0,0,0,0,0,FALSE,0.543859649122807,0.543859649122807,0.393360839582666,0.393360839582666,0,0
"Rhode Island","1","unearned_by_hh_size > 1030 & utilities_sua <= 1.5",32,32,19,0,0,0,0,0,0,FALSE,0.59375,0.59375,0.392927990107296,0.392927990107296,0,0
"Rhode Island","1","expedited_i <= 0 & homeless >= 1 & months_since_cert_n > 7.5 & unc_rawben_rel_max <= 1.03",37,37,21,0,0,0,4,0,0,FALSE,0.567567567567568,0.567567567567568,0.381791618833613,0.381791618833613,0,0.108108108108108
"Rhode Island","2-3","gross_by_hh_size >= 644 & gross_by_hh_size < 739 & months_since_cert_n < 12",30,30,17,0,0,0,0,0,0,FALSE,0.566666666666667,0.566666666666667,0.362517460896365,0.362517460896365,0,0
"Rhode Island","2-3","months_since_cert_n > 2.5 & months_since_cert_n <= 8.5 & rawben_rel_max > 0.427 & rawben_rel_max <= 0.99",99,99,49,0,0,0,0,0,0,FALSE,0.494949494949495,0.494949494949495,0.381399453775374,0.381399453775374,0,0
"Rhode Island","2-3","elderly_disabled_i <= 0 & months_since_cert_n >= 2 & rawben_rel_max < 0.822 & total_deductions_by_hh_size < 465",40,40,22,0,0,0,1,0,0,FALSE,0.55,0.55,0.372219849606255,0.372219849606255,0,0.025
"Rhode Island","2-3","rawben_rel_max < 0.876 & total_deductions_by_hh_size >= 507 & unearned_by_hh_size >= 362",39,39,21,0,0,0,0,0,0,FALSE,0.538461538461538,0.538461538461538,0.359712882609676,0.359712882609676,0,0
"Rhode Island","2-3","earned_by_hh_size < 1020 & gross_by_hh_size >= 627 & shelter_expenses_by_hh_size < 536 & total_deductions_by_hh_size < 624",33,33,18,0,0,0,1,0,0,FALSE,0.545454545454545,0.545454545454545,0.352066228889308,0.352066228889308,0,0.0303030303030303
"Rhode Island","1","homeless <= 0 & rawben_rel_max > 0.34 & total_deductions_by_hh_size > 314 & total_deductions_by_hh_size <= 654",40,40,21,0,0,0,0,0,0,FALSE,0.525,0.525,0.349626740548194,0.349626740548194,0,0
"Rhode Island","2-3","children_i <= 0 & gross_by_hh_size > 407 & unc_rawben_rel_max <= 1.29 & unearned_by_hh_size <= 618",31,31,17,0,0,0,5,0,0,FALSE,0.548387096774194,0.548387096774194,0.349228942469001,0.349228942469001,0,0.161290322580645
"Rhode Island","1","months_since_cert_n < 12 & rawben_rel_max >= 0.664 & total_deductions_by_hh_size >= 1110 & unc_rawben_rel_max < 1.03",69,69,33,0,0,0,7,0,0,FALSE,0.478260869565217,0.478260869565217,0.345136938580573,0.345136938580573,0,0.101449275362319
"Rhode Island","4+","rawben_rel_max > 0.432 & unc_rawben_rel_max <= 0.929 & unearned_by_hh_size > 68.2",50,50,25,0,0,0,0,0,0,FALSE,0.5,0.5,0.343762760112766,0.343762760112766,0,0
"South Carolina","4+","earned_by_hh_size > 6.62 & gross_by_hh_size <= 511 & months_since_cert_n <= 1.5",30,30,19,1,1,1,1,0.0333333333333333,0.0526315789473684,FALSE,0.633333333333333,0.620689655172414,0.423499561854325,0.408382432987024,0.0333333333333333,0.0333333333333333
"South Carolina","4+","earned_by_hh_size <= 305 & gross_by_hh_size > 112 & months_since_cert_n <= 1.5 & unc_rawben_rel_max <= 1.01",39,39,23,0,0,0,0,0,0,FALSE,0.58974358974359,0.58974358974359,0.406779833714296,0.406779833714296,0,0
"South Carolina","4+","earned_by_hh_size > 6.62 & gross_by_hh_size <= 309 & HH_size_n <= 7.5 & unc_rawben_rel_max <= 1",31,31,18,0,0,0,0,0,0,FALSE,0.580645161290323,0.580645161290323,0.378070197572271,0.378070197572271,0,0
"South Carolina","4+","gross_by_hh_size <= 511 & unc_rawben_rel_max <= 0.84 & unearned_by_hh_size > 201 & utilities_sua > 1",48,48,25,0,0,0,0,0,0,FALSE,0.520833333333333,0.520833333333333,0.359711598346672,0.359711598346672,0,0
"South Carolina","4+","months_since_cert_n < 3 & shelter_expenses_by_hh_size >= 201 & total_deductions_by_hh_size < 243",35,35,18,2,2,2,2,0.0571428571428571,0.111111111111111,FALSE,0.514285714285714,0.484848484848485,0.329487191368976,0.29940347614674,0.0571428571428571,0.0571428571428571
"South Carolina","4+","HH_size_n < 5 & rawben_rel_max < 0.845 & shelter_expenses_by_hh_size >= 133",59,59,25,0,0,0,0,0,0,FALSE,0.423728813559322,0.423728813559322,0.286776794302898,0.286776794302898,0,0
"South Carolina","2-3","earned_by_hh_size > 519 & gross_by_hh_size > 897",30,30,14,0,0,0,1,0,0,FALSE,0.466666666666667,0.466666666666667,0.276687189745099,0.276687189745099,0,0.0333333333333333
"South Carolina","1","gross_by_hh_size > 1170 & months_since_cert_n > 2.5 & shelter_expenses_by_hh_size > 1150",33,33,15,0,0,0,1,0,0,FALSE,0.454545454545455,0.454545454545455,0.273962129871639,0.273962129871639,0,0.0303030303030303
"South Carolina","2-3","earned_by_hh_size > 529 & married <= 0 & total_deductions_by_hh_size > 318 & unc_rawben_rel_max <= 0.77",36,36,16,0,0,0,1,0,0,FALSE,0.444444444444444,0.444444444444444,0.271947189324809,0.271947189324809,0,0.0277777777777778
"South Carolina","2-3","months_since_cert_n <= 1.5 & shelter_expenses_by_hh_size > 396 & unearned_by_hh_size > 70",31,31,14,1,0,1,4,0.032258064516129,0,FALSE,0.451612903225806,0.466666666666667,0.266834620602285,0.276687189745099,0.032258064516129,0.129032258064516
"South Carolina","1","total_deductions_by_hh_size > 692 & unc_rawben_rel_max <= 0.691 & unearned_by_hh_size <= 1260",34,34,15,0,0,0,0,0,0,FALSE,0.441176470588235,0.441176470588235,0.265104041536998,0.265104041536998,0,0
"South Carolina","1","months_since_cert_n > 9.5 & rawben_rel_max <= 0.82 & total_deductions_by_hh_size > 626",30,30,13,0,0,0,0,0,0,FALSE,0.433333333333333,0.433333333333333,0.249555901376185,0.249555901376185,0,0
"South Carolina","2-3","months_since_cert_n <= 0.5 & shelter_expenses_by_hh_size > 196 & total_deductions_by_hh_size > 173 & unc_rawben_rel_max <= 1",30,30,13,0,0,0,0,0,0,FALSE,0.433333333333333,0.433333333333333,0.249555901376185,0.249555901376185,0,0
"South Carolina","2-3","rawben_rel_max >= 0.467 & shelter_expenses_by_hh_size >= 211 & total_deductions_by_hh_size < 248",33,33,14,0,0,0,1,0,0,FALSE,0.424242424242424,0.424242424242424,0.249119821740809,0.249119821740809,0,0.0303030303030303
"Tennessee","1","gross_by_hh_size <= 914 & total_deductions_by_hh_size > 215 & unearned_by_hh_size > 259 & utilities_sua <= 1.5",30,30,16,0,0,0,7,0,0,FALSE,0.533333333333333,0.533333333333333,0.333167969505189,0.333167969505189,0,0.233333333333333
"Tennessee","4+","gross_by_hh_size >= 323 & gross_by_hh_size < 495 & months_since_cert_n >= 4 & total_deductions_by_hh_size >= 56.8",33,33,17,0,0,0,0,0,0,FALSE,0.515151515151515,0.515151515151515,0.325438175819297,0.325438175819297,0,0
"Tennessee","2-3","earned_by_hh_size > 17.7 & gross_by_hh_size > 163 & months_since_cert_n > 5.5 & unc_rawben_rel_max > 0.548",31,31,15,0,0,0,3,0,0,FALSE,0.483870967741935,0.483870967741935,0.293614841996523,0.293614841996523,0,0.0967741935483871
"Tennessee","4+","earned_by_hh_size >= 38 & gross_by_hh_size >= 252 & shelter_expenses_by_hh_size >= 115 & shelter_expenses_by_hh_size < 188",31,31,15,0,0,0,0,0,0,FALSE,0.483870967741935,0.483870967741935,0.293614841996523,0.293614841996523,0,0
"Tennessee","1","rawben_rel_max > 0.942 & unc_rawben_rel_max <= 1.01 & unearned_by_hh_size > 248",48,48,19,1,1,1,8,0.0208333333333333,0.0526315789473684,FALSE,0.395833333333333,0.382978723404255,0.25038398115754,0.238407441769557,0.0208333333333333,0.166666666666667
"Tennessee","1","gross_by_hh_size < 1030 & rawben_rel_max >= 0.624 & shelter_expenses_by_hh_size >= 79 & total_deductions_by_hh_size < 547",34,34,14,0,0,0,4,0,0,FALSE,0.411764705882353,0.411764705882353,0.241126139017706,0.241126139017706,0,0.117647058823529
"Tennessee","4+","earned_by_hh_size <= 91.3 & gross_by_hh_size > 30.5 & rawben_rel_max > 0.997",45,45,17,1,1,3,15,0.0222222222222222,0.0588235294117647,FALSE,0.377777777777778,0.363636363636364,0.231521372645246,0.218689406808767,0.0666666666666667,0.333333333333333
"Texas","4+","shelter_expenses_by_hh_size >= 226 & shelter_expenses_by_hh_size < 346 & total_deductions_by_hh_size >= 192 & unearned_by_hh_size >= 3.75",34,34,20,0,0,0,2,0,0,FALSE,0.588235294117647,0.588235294117647,0.393370695741947,0.393370695741947,0,0.0588235294117647
"Texas","4+","HH_size_n > 5.5 & percent_abawd <= 0.1 & rawben_rel_max <= 0.581 & utilities_sua > 1.5",30,30,18,0,0,0,0,0,0,FALSE,0.6,0.6,0.392620582652896,0.392620582652896,0,0
"Texas","4+","shelter_expenses_by_hh_size >= 155 & shelter_expenses_by_hh_size < 368 & unearned_by_hh_size >= 170",67,67,32,0,0,0,0,0,0,FALSE,0.477611940298507,0.477611940298507,0.342739517183785,0.342739517183785,0,0
"Texas","4+","count_divisible_by_100 <= 1.5 & gross_by_hh_size > 139 & unc_rawben_rel_max > 0.953",32,32,17,4,3,4,11,0.125,0.176470588235294,FALSE,0.53125,0.5,0.33690384227312,0.29879457645496,0.125,0.34375
"Texas","4+","HH_size_n > 4.5 & months_since_cert_n > 1.5 & rawben_rel_max <= 0.614",66,66,31,0,0,0,0,0,0,FALSE,0.46969696969697,0.46969696969697,0.334600989009198,0.334600989009198,0,0
"Texas","4+","HH_size_n > 4.5 & months_since_cert_n > 1.5 & rawben_rel_max <= 0.726",78,78,35,0,0,0,0,0,0,FALSE,0.448717948717949,0.448717948717949,0.325330667225008,0.325330667225008,0,0
"Texas","2-3","shelter_expenses_by_hh_size <= 861 & total_deductions_by_hh_size > 574 & unc_rawben_rel_max <= 1.22",38,38,17,0,0,0,2,0,0,FALSE,0.447368421052632,0.447368421052632,0.278270350213364,0.278270350213364,0,0.0526315789473684
"Texas","2-3","earned_by_hh_size < 372 & gross_by_hh_size >= 325 & married <= 0 & unearned_by_hh_size < 434",36,36,16,1,1,1,3,0.0277777777777778,0.0625,FALSE,0.444444444444444,0.428571428571429,0.271947189324809,0.256808072975818,0.0277777777777778,0.0833333333333333
"Virginia","2-3","earned_by_hh_size > 126 & rawben_rel_max <= 0.714 & unc_rawben_rel_max > 0.614",33,33,19,0,0,0,0,0,0,FALSE,0.575757575757576,0.575757575757576,0.379293320103591,0.379293320103591,0,0
"Virginia","4+","months_since_cert_n > 5.5 & total_deductions_by_hh_size > 213 & unc_rawben_rel_max <= 0.983",30,30,17,0,0,0,0,0,0,FALSE,0.566666666666667,0.566666666666667,0.362517460896365,0.362517460896365,0,0
"Virginia","4+","months_since_cert_n > 4.5 & months_since_cert_n <= 9.5 & percent_abawd > 0.191 & total_deductions_by_hh_size > 98.8",63,63,31,0,0,0,2,0,0,FALSE,0.492063492063492,0.492063492063492,0.352096552266059,0.352096552266059,0,0.0317460317460317
"Virginia","4+","gross_by_hh_size > 236 & months_since_cert_n <= 9.5 & rawben_rel_max > 0.658 & unc_rawben_rel_max <= 0.977",69,69,33,0,0,0,0,0,0,FALSE,0.478260869565217,0.478260869565217,0.345136938580573,0.345136938580573,0,0
"Virginia","2-3","months_since_cert_n >= 6 & total_deductions_by_hh_size >= 230 & total_deductions_by_hh_size < 326 & unearned_by_hh_size < 666",36,36,19,0,0,0,2,0,0,FALSE,0.527777777777778,0.527777777777778,0.343663133764319,0.343663133764319,0,0.0555555555555556
"Virginia","2-3","earned_by_hh_size > 198 & total_deductions_by_hh_size <= 322 & unc_rawben_rel_max > 0.475 & unearned_by_hh_size <= 207",41,41,21,0,0,0,2,0,0,FALSE,0.51219512195122,0.51219512195122,0.340102964413309,0.340102964413309,0,0.0487804878048781
"Virginia","2-3","married <= 0 & percent_abawd < 0.5 & rawben_rel_max < 0.728 & total_deductions_by_hh_size >= 290",63,63,30,0,0,0,0,0,0,FALSE,0.476190476190476,0.476190476190476,0.337609443069989,0.337609443069989,0,0
"Virginia","1","rawben_rel_max >= 0.574 & total_deductions_by_hh_size >= 824 & total_deductions_by_hh_size < 1010 & unc_rawben_rel_max < 1.01",36,36,18,0,0,0,1,0,0,FALSE,0.5,0.5,0.319271912768404,0.319271912768404,0,0.0277777777777778
"Virginia","1","rawben_rel_max < 0.754 & shelter_expenses_by_hh_size >= 784 & shelter_expenses_by_hh_size < 975 & unc_rawben_rel_max >= 0.463",38,38,18,0,0,1,0,0,0,FALSE,0.473684210526316,0.473684210526316,0.30066237974957,0.30066237974957,0.0263157894736842,0
"Virginia","4+","gross_by_hh_size > 581 & gross_by_hh_size <= 717 & shelter_expenses_by_hh_size > 86.4",33,33,16,0,0,0,0,0,0,FALSE,0.484848484848485,0.484848484848485,0.29940347614674,0.29940347614674,0,0
"Virginia","1","gross_by_hh_size >= 945 & months_since_cert_n >= 13 & rawben_rel_max >= 0.488 & total_deductions_by_hh_size < 883",39,39,18,0,0,1,0,0,0,FALSE,0.461538461538462,0.461538461538462,0.292160949358912,0.292160949358912,0.0256410256410256,0
"Virginia","2-3","married <= 0 & total_deductions_by_hh_size > 203 & total_deductions_by_hh_size <= 314 & utilities_sua > 0.5",82,82,33,0,0,0,5,0,0,FALSE,0.402439024390244,0.402439024390244,0.286325480825013,0.286325480825013,0,0.0609756097560976
"Virginia","1","count_divisible_by_100 <= 0.5 & rawben_rel_max > 0.991 & unc_rawben_rel_max > 0.488 & unearned_by_hh_size > 207",40,40,18,1,1,1,7,0.025,0.0555555555555556,FALSE,0.45,0.435897435897436,0.284134060389735,0.270453709020398,0.025,0.175
"Washington","1","earned_by_hh_size > 519 & earned_by_hh_size <= 1620 & shelter_expenses_by_hh_size > 1070",33,33,18,11,9,11,13,0.333333333333333,0.5,TRUE,0.545454545454545,0.409090909090909,0.352066228889308,0.207863375403232,0.333333333333333,0.393939393939394
"Washington","1","count_divisible_by_100 <= 1.5 & earned_by_hh_size > 672 & medical_deductions <= 564 & months_since_cert_n > 3.5",48,48,22,9,8,9,15,0.1875,0.363636363636364,TRUE,0.458333333333333,0.358974358974359,0.303915797388308,0.207844055724989,0.1875,0.3125
"Washington","2-3","earned_by_hh_size <= 1080 & gross_by_hh_size > 946 & unc_rawben_rel_max > 0.167 & unc_rawben_rel_max <= 1.19",35,35,16,0,0,0,1,0,0,FALSE,0.457142857142857,0.457142857142857,0.280513156042504,0.280513156042504,0,0.0285714285714286
"Washington","1","rawben_rel_max <= 0.921 & unc_rawben_rel_max > 0.596 & unearned_by_hh_size <= 786",31,31,14,0,0,0,1,0,0,FALSE,0.451612903225806,0.451612903225806,0.266834620602285,0.266834620602285,0,0.032258064516129
"West Virginia","2-3","months_since_cert_n > 6 & shelter_expenses_by_hh_size > 301 & total_deductions_by_hh_size <= 473 & unc_rawben_rel_max > 0.5",34,34,17,2,2,2,5,0.0588235294117647,0.117647058823529,FALSE,0.5,0.46875,0.314742850860419,0.283442595422121,0.0588235294117647,0.147058823529412
"West Virginia","1","rawben_rel_max > 0.797 & total_deductions_by_hh_size <= 856 & unearned_by_hh_size > 384",35,35,16,0,0,0,5,0,0,FALSE,0.457142857142857,0.457142857142857,0.280513156042504,0.280513156042504,0,0.142857142857143
"West Virginia","2-3","months_since_cert_n > 7.5 & shelter_expenses_by_hh_size <= 423 & total_deductions_by_hh_size > 179 & unearned_by_hh_size <= 151",36,36,16,0,0,0,2,0,0,FALSE,0.444444444444444,0.444444444444444,0.271947189324809,0.271947189324809,0,0.0555555555555556
"West Virginia","2-3","gross_by_hh_size < 683 & rawben_rel_max < 0.856 & total_deductions_by_hh_size >= 204",41,41,17,0,0,0,0,0,0,FALSE,0.414634146341463,0.414634146341463,0.256082692954176,0.256082692954176,0,0
"West Virginia","1","elderly_disabled_i >= 1 & gross_by_hh_size > 641 & total_deductions_by_hh_size > 388 & unearned_by_hh_size <= 850",34,34,13,0,0,0,5,0,0,FALSE,0.382352941176471,0.382352941176471,0.217724827225864,0.217724827225864,0,0.147058823529412
"Wisconsin","2-3","rawben_rel_max <= 0.559 & shelter_expenses_by_hh_size > 493 & unc_rawben_rel_max > 0.407",33,33,15,0,0,0,2,0,0,FALSE,0.454545454545455,0.454545454545455,0.273962129871639,0.273962129871639,0,0.0606060606060606
"Wisconsin","4+","earned_by_hh_size > 277 & months_since_cert_n <= 4.5 & rawben_rel_max > 0.559 & shelter_expenses_by_hh_size > 167",34,34,15,0,0,0,0,0,0,FALSE,0.441176470588235,0.441176470588235,0.265104041536998,0.265104041536998,0,0
