"arm","state","budget","f_min","n_rules_core","n_rules_total","used_completion","window_redone","baseline_redone","walk_depth","base_precision","rewalk_precision","precision_diff","base_errors","rewalk_errors","base_dollar_recall_unw","rewalk_dollar_recall_unw","dollar_recall_unw_diff","base_dollar_recall_wtd","rewalk_dollar_recall_wtd","dollar_recall_wtd_diff","base_flagged_share","rewalk_flagged_share","fill_rate"
"bridge","Alabama",5,0.25,54,132,FALSE,FALSE,FALSE,2374,0.4,0.452380952380952,0.0523809523809524,20,19,0.130196892847158,0.12468549063461,-0.00551140221254842,0.128411220363787,0.122636942485284,-0.00577427787850346,0.0481231953801732,0.0404234841193455,0.80846968238691
"bridge","Alabama",5,0.4,49,123,FALSE,FALSE,FALSE,2970,0.4,0.434782608695652,0.0347826086956521,20,20,0.130196892847158,0.134390351052358,0.0041934582051999,0.128411220363787,0.129639213471604,0.00122799310781666,0.0481231953801732,0.0442733397497594,0.885466794995188
"bridge","Alabama",5,0.5,48,110,FALSE,FALSE,FALSE,2658,0.4,0.447368421052632,0.0473684210526316,20,17,0.130196892847158,0.110028355765007,-0.0201685370821518,0.128411220363787,0.107609029630047,-0.0208021907337405,0.0481231953801732,0.0365736284889317,0.731472569778633
"bridge","Alabama",5,0.55,47,99,FALSE,FALSE,FALSE,3136,0.4,0.434782608695652,0.0347826086956521,20,20,0.130196892847158,0.125883621550381,-0.00431327129677703,0.128411220363787,0.124670904124281,-0.0037403162395063,0.0481231953801732,0.0442733397497594,0.885466794995188
"bridge","Alabama",5,0.6,47,114,FALSE,FALSE,FALSE,4197,0.4,0.434782608695652,0.0347826086956521,20,20,0.130196892847158,0.125883621550381,-0.00431327129677703,0.128411220363787,0.124670904124281,-0.0037403162395063,0.0481231953801732,0.0442733397497594,0.885466794995188
"bridge","Alabama",5,0.65,44,109,FALSE,FALSE,FALSE,4197,0.4,0.411764705882353,0.0117647058823529,20,21,0.130196892847158,0.135069291904629,0.00487239905747033,0.128411220363787,0.136692748599132,0.0082815282353452,0.0481231953801732,0.0490856592877767,0.981713185755534
"bridge","Alabama",5,0.7,45,107,FALSE,FALSE,FALSE,4432,0.4,0.39622641509434,-0.00377358490566038,20,21,0.130196892847158,0.136107672031631,0.00591077918447222,0.128411220363787,0.135965750526684,0.00755453016289676,0.0481231953801732,0.0510105871029836,1.02021174205967
"bridge","Alabama",5,0.75,47,119,FALSE,FALSE,FALSE,6800,0.4,0.4,0,20,22,0.130196892847158,0.144254962258876,0.0140580694117177,0.128411220363787,0.138718335046036,0.0103071146822483,0.0481231953801732,0.0529355149181906,1.05871029836381
"bridge","Alabama",10,0.25,93,239,FALSE,FALSE,FALSE,8808,0.327102803738318,0.32258064516129,-0.00452215857702742,35,30,0.253244937896881,0.202603937856943,-0.0506410000399377,0.247385566524338,0.206001245558661,-0.0413843209656769,0.102983638113571,0.0895091434071222,0.895091434071222
"bridge","Alabama",10,0.4,84,218,FALSE,FALSE,FALSE,11774,0.327102803738318,0.301470588235294,-0.0256322155030236,35,41,0.253244937896881,0.329845441111865,0.0766005032149846,0.247385566524338,0.314702519220397,0.0673169526960594,0.102983638113571,0.130895091434071,1.30895091434071
"bridge","Alabama",10,0.5,83,231,FALSE,TRUE,FALSE,13525,0.327102803738318,0.32258064516129,-0.00452215857702742,35,40,0.253244937896881,0.324174288110548,0.0709293502136667,0.247385566524338,0.308531200358027,0.0611456338336893,0.102983638113571,0.11934552454283,1.1934552454283
"bridge","Alabama",10,0.55,82,204,FALSE,TRUE,FALSE,19674,0.327102803738318,0.31404958677686,-0.0130532169614582,35,38,0.253244937896881,0.310475657973561,0.0572307200766804,0.247385566524338,0.292482478066507,0.045096911542169,0.102983638113571,0.116458132820019,1.16458132820019
"bridge","Alabama",10,0.6,82,208,FALSE,TRUE,FALSE,19562,0.327102803738318,0.31404958677686,-0.0130532169614582,35,38,0.253244937896881,0.310475657973561,0.0572307200766804,0.247385566524338,0.292482478066507,0.045096911542169,0.102983638113571,0.116458132820019,1.16458132820019
"bridge","Alabama",10,0.65,79,235,FALSE,TRUE,FALSE,25007,0.327102803738318,0.370786516853933,0.0436837131156149,35,33,0.253244937896881,0.241583130316706,-0.0116618075801749,0.247385566524338,0.241235019312544,-0.00615054721179356,0.102983638113571,0.0856592877767084,0.856592877767084
"bridge","Alabama",10,0.7,80,233,FALSE,TRUE,FALSE,25847,0.327102803738318,0.323308270676692,-0.00379453306162603,35,43,0.253244937896881,0.336554974240185,0.0833100363433045,0.247385566524338,0.322005850612204,0.074620284087866,0.102983638113571,0.128007699711261,1.28007699711261
"bridge","Alabama",10,0.75,91,240,FALSE,TRUE,FALSE,27378,0.327102803738318,0.333333333333333,0.00623052959501558,35,41,0.253244937896881,0.326211110667359,0.0729661727704781,0.247385566524338,0.307961890836425,0.0605763243120868,0.102983638113571,0.118383060635226,1.18383060635226
"bridge","Arizona",5,0.25,34,92,FALSE,FALSE,FALSE,1361,0.259259259259259,0.259259259259259,0,14,14,0.189245946473921,0.189245946473921,0,0.214724869231206,0.214724869231206,0,0.0623556581986143,0.0623556581986143,1.24711316397229
"bridge","Arizona",5,0.4,32,84,FALSE,FALSE,FALSE,1667,0.259259259259259,0.270833333333333,0.0115740740740741,14,13,0.189245946473921,0.16424106270756,-0.0250048837663606,0.214724869231206,0.193531622389521,-0.0211932468416848,0.0623556581986143,0.0554272517321016,1.10854503464203
"bridge","Arizona",5,0.5,32,86,FALSE,FALSE,FALSE,1883,0.259259259259259,0.26530612244898,0.00604686318972036,14,13,0.189245946473921,0.16424106270756,-0.0250048837663606,0.214724869231206,0.193531622389521,-0.0211932468416848,0.0623556581986143,0.0565819861431871,1.13163972286374
"bridge","Arizona",5,0.55,28,75,FALSE,FALSE,FALSE,1883,0.259259259259259,0.272727272727273,0.0134680134680135,14,12,0.189245946473921,0.159454971674155,-0.0297909747997656,0.214724869231206,0.187975485587278,-0.0267493836439278,0.0623556581986143,0.0508083140877598,1.0161662817552
"bridge","Arizona",5,0.6,29,70,FALSE,FALSE,FALSE,1827,0.259259259259259,0.305555555555556,0.0462962962962963,14,11,0.189245946473921,0.155987497558117,-0.0332584489158038,0.214724869231206,0.185175701681953,-0.0295491675492525,0.0623556581986143,0.0415704387990762,0.831408775981524
"bridge","Arizona",5,0.65,30,72,FALSE,FALSE,FALSE,2142,0.259259259259259,0.324324324324324,0.0650650650650651,14,12,0.189245946473921,0.15925962101973,-0.0299863254541902,0.214724869231206,0.18814036814282,-0.0265845010883857,0.0623556581986143,0.0427251732101617,0.854503464203233
"bridge","Arizona",5,0.7,29,85,FALSE,FALSE,FALSE,2980,0.259259259259259,0.333333333333333,0.0740740740740741,14,12,0.189245946473921,0.15925962101973,-0.0299863254541902,0.214724869231206,0.18814036814282,-0.0265845010883857,0.0623556581986143,0.0415704387990762,0.831408775981524
"bridge","Arizona",5,0.75,29,89,FALSE,FALSE,FALSE,3419,0.259259259259259,0.333333333333333,0.0740740740740741,14,12,0.189245946473921,0.15925962101973,-0.0299863254541902,0.214724869231206,0.18814036814282,-0.0265845010883857,0.0623556581986143,0.0415704387990762,0.831408775981524
"bridge","Arizona",10,0.25,64,171,FALSE,FALSE,FALSE,3924,0.247191011235955,0.24390243902439,-0.00328857221156481,22,20,0.279449111154522,0.231344012502442,-0.0481050986520805,0.299101755791283,0.251734636472043,-0.0473671193192397,0.102771362586605,0.0946882217090069,0.946882217090069
"bridge","Arizona",10,0.4,54,157,FALSE,FALSE,FALSE,6260,0.247191011235955,0.246753246753247,-0.000437764482708297,22,19,0.279449111154522,0.201992576675132,-0.0774565344793905,0.299101755791283,0.224580614321197,-0.0745211414700859,0.102771362586605,0.0889145496535797,0.889145496535797
"bridge","Arizona",10,0.5,56,181,FALSE,FALSE,FALSE,8589,0.247191011235955,0.253333333333333,0.00614232209737831,22,19,0.279449111154522,0.205801914436413,-0.073647196718109,0.299101755791283,0.22815197834762,-0.0709497774436627,0.102771362586605,0.0866050808314088,0.866050808314088
"bridge","Arizona",10,0.55,48,160,FALSE,TRUE,FALSE,14084,0.247191011235955,0.2375,-0.00969101123595506,22,19,0.279449111154522,0.248095331119359,-0.0313537800351631,0.299101755791283,0.271134416170662,-0.0279673396206209,0.102771362586605,0.092378752886836,0.92378752886836
"bridge","Arizona",10,0.6,49,161,FALSE,TRUE,FALSE,14084,0.247191011235955,0.25,0.00280898876404495,22,19,0.279449111154522,0.252148857198672,-0.0273002539558507,0.299101755791283,0.27628507263276,-0.0228166831585235,0.102771362586605,0.0877598152424942,0.877598152424942
"bridge","Arizona",10,0.65,49,183,FALSE,TRUE,FALSE,19508,0.247191011235955,0.256756756756757,0.00956574552080169,22,19,0.279449111154522,0.250586051963274,-0.0288630591912483,0.299101755791283,0.271720972818214,-0.0273807829730688,0.102771362586605,0.0854503464203233,0.854503464203233
"bridge","Arizona",10,0.7,49,195,FALSE,TRUE,FALSE,22953,0.247191011235955,0.243243243243243,-0.00394776799271179,22,18,0.279449111154522,0.244920882984958,-0.0345282281695644,0.299101755791283,0.2684512200791,-0.0306505357121828,0.102771362586605,0.0854503464203233,0.854503464203233
"bridge","Arizona",10,0.75,51,196,FALSE,TRUE,FALSE,22641,0.247191011235955,0.246575342465753,-0.000615668770201638,22,18,0.279449111154522,0.244920882984958,-0.0345282281695644,0.299101755791283,0.2684512200791,-0.0306505357121828,0.102771362586605,0.0842956120092379,0.842956120092379
"bridge","Arkansas",5,0.25,40,98,FALSE,FALSE,FALSE,3028,0.219512195121951,0.219512195121951,0,9,9,0.163647404108896,0.163647404108896,0,0.174113954019554,0.174113954019554,0,0.047953216374269,0.047953216374269,0.95906432748538
"bridge","Arkansas",5,0.4,40,99,FALSE,FALSE,FALSE,3640,0.219512195121951,0.228571428571429,0.00905923344947734,9,8,0.163647404108896,0.153729379617448,-0.00991802449144824,0.174113954019554,0.163724187314828,-0.0103897667047259,0.047953216374269,0.0409356725146199,0.818713450292398
"bridge","Arkansas",5,0.5,39,102,FALSE,FALSE,FALSE,5249,0.219512195121951,0.228571428571429,0.00905923344947734,9,8,0.163647404108896,0.153729379617448,-0.00991802449144824,0.174113954019554,0.163724187314828,-0.0103897667047259,0.047953216374269,0.0409356725146199,0.818713450292398
"bridge","Arkansas",5,0.55,36,87,FALSE,FALSE,FALSE,5364,0.219512195121951,0.225,0.00548780487804879,9,9,0.163647404108896,0.1712377289748,0.00759032486590427,0.174113954019554,0.177988345897008,0.00387439187745423,0.047953216374269,0.0467836257309941,0.935672514619883
"bridge","Arkansas",5,0.6,36,88,FALSE,FALSE,FALSE,6009,0.219512195121951,0.225,0.00548780487804879,9,9,0.163647404108896,0.1712377289748,0.00759032486590427,0.174113954019554,0.177988345897008,0.00387439187745423,0.047953216374269,0.0467836257309941,0.935672514619883
"bridge","Arkansas",5,0.65,38,90,FALSE,FALSE,FALSE,6343,0.219512195121951,0.258064516129032,0.038552321007081,9,8,0.163647404108896,0.153425766622811,-0.0102216374860844,0.174113954019554,0.159646918662395,-0.0144670353571588,0.047953216374269,0.0362573099415205,0.725146198830409
"bridge","Arkansas",5,0.7,40,89,FALSE,FALSE,FALSE,6429,0.219512195121951,0.25,0.0304878048780488,9,7,0.163647404108896,0.138852342880275,-0.0247950612286206,0.174113954019554,0.141869572082921,-0.0322443819366336,0.047953216374269,0.0327485380116959,0.654970760233918
"bridge","Arkansas",5,0.75,42,100,FALSE,FALSE,FALSE,9071,0.219512195121951,0.25,0.0304878048780488,9,7,0.163647404108896,0.138852342880275,-0.0247950612286206,0.174113954019554,0.141869572082921,-0.0322443819366336,0.047953216374269,0.0327485380116959,0.654970760233918
"bridge","Arkansas",10,0.25,69,166,FALSE,FALSE,FALSE,10836,0.236363636363636,0.224137931034483,-0.0122257053291536,13,13,0.232466349559761,0.232466349559761,0,0.245302274303776,0.245302274303776,0,0.064327485380117,0.0678362573099415,0.678362573099415
"bridge","Arkansas",10,0.4,65,149,FALSE,TRUE,FALSE,14958,0.236363636363636,0.228070175438596,-0.00829346092503988,13,13,0.232466349559761,0.232466349559761,0,0.245302274303776,0.245302274303776,0,0.064327485380117,0.0666666666666667,0.666666666666667
"bridge","Arkansas",10,0.5,64,175,FALSE,TRUE,FALSE,20918,0.236363636363636,0.230769230769231,-0.00559440559440558,13,12,0.232466349559761,0.207266471004959,-0.0251998785548022,0.245302274303776,0.214746108355445,-0.0305561659483312,0.064327485380117,0.0608187134502924,0.608187134502924
"bridge","Arkansas",10,0.55,55,153,FALSE,TRUE,FALSE,23006,0.236363636363636,0.19047619047619,-0.0458874458874459,13,12,0.232466349559761,0.210606213945957,-0.0218601356138043,0.245302274303776,0.218431322603704,-0.0268709517000718,0.064327485380117,0.0736842105263158,0.736842105263158
"bridge","Arkansas",10,0.6,62,150,FALSE,TRUE,FALSE,21131,0.236363636363636,0.214285714285714,-0.0220779220779221,13,15,0.232466349559761,0.266066187632831,0.0335998380730695,0.245302274303776,0.278647283908654,0.0333450096048777,0.064327485380117,0.0818713450292398,0.818713450292398
"bridge","Arkansas",10,0.65,65,170,FALSE,TRUE,FALSE,28098,0.236363636363636,0.304347826086957,0.0679841897233202,13,14,0.232466349559761,0.257160206456836,0.0246938568970752,0.245302274303776,0.265886049362796,0.02058377505902,0.064327485380117,0.0538011695906433,0.538011695906433
"bridge","Arkansas",10,0.7,75,159,FALSE,TRUE,FALSE,30070,0.236363636363636,0.210526315789474,-0.0258373205741627,13,12,0.232466349559761,0.232668758222852,0.000202408663090764,0.245302274303776,0.237718936078595,-0.00758333822518084,0.064327485380117,0.0666666666666667,0.666666666666667
"bridge","Arkansas",10,0.75,65,170,FALSE,TRUE,FALSE,33804,0.236363636363636,0.239130434782609,0.00276679841897234,13,11,0.232466349559761,0.215261613197045,-0.0172047363627163,0.245302274303776,0.219538811559839,-0.0257634627439371,0.064327485380117,0.0538011695906433,0.538011695906433
"bridge","California",5,0.25,39,84,FALSE,FALSE,FALSE,1190,0.366666666666667,0.371428571428571,0.0047619047619048,11,13,0.201194928838587,0.227230776703745,0.0260358478651576,0.17313588774873,0.200740086562093,0.0276041988133621,0.0368550368550369,0.042997542997543,0.85995085995086
"bridge","California",5,0.4,36,76,FALSE,FALSE,FALSE,1401,0.366666666666667,0.323529411764706,-0.0431372549019607,11,11,0.201194928838587,0.194394520814106,-0.00680040802448145,0.17313588774873,0.155389281680612,-0.0177466060681183,0.0368550368550369,0.0417690417690418,0.835380835380835
"bridge","California",5,0.5,34,90,FALSE,FALSE,FALSE,1774,0.366666666666667,0.333333333333333,-0.0333333333333333,11,11,0.201194928838587,0.194394520814106,-0.00680040802448145,0.17313588774873,0.155389281680612,-0.0177466060681183,0.0368550368550369,0.0405405405405405,0.810810810810811
"bridge","California",5,0.55,27,74,FALSE,FALSE,FALSE,2144,0.366666666666667,0.285714285714286,-0.0809523809523809,11,10,0.201194928838587,0.188177004906009,-0.0130179239325788,0.17313588774873,0.160388164847551,-0.0127477229011799,0.0368550368550369,0.042997542997543,0.85995085995086
"bridge","California",5,0.6,27,75,FALSE,FALSE,FALSE,2159,0.366666666666667,0.285714285714286,-0.0809523809523809,11,10,0.201194928838587,0.188177004906009,-0.0130179239325788,0.17313588774873,0.160388164847551,-0.0127477229011799,0.0368550368550369,0.042997542997543,0.85995085995086
"bridge","California",5,0.65,28,84,FALSE,FALSE,FALSE,2334,0.366666666666667,0.285714285714286,-0.0809523809523809,11,10,0.201194928838587,0.188177004906009,-0.0130179239325788,0.17313588774873,0.160388164847551,-0.0127477229011799,0.0368550368550369,0.042997542997543,0.85995085995086
"bridge","California",5,0.7,25,77,FALSE,FALSE,FALSE,3400,0.366666666666667,0.259259259259259,-0.107407407407407,11,7,0.201194928838587,0.106960703356487,-0.0942342254821003,0.17313588774873,0.0948851416147207,-0.0782507461340098,0.0368550368550369,0.0331695331695332,0.663390663390663
"bridge","California",5,0.75,25,78,FALSE,FALSE,FALSE,3459,0.366666666666667,0.259259259259259,-0.107407407407407,11,7,0.201194928838587,0.106960703356487,-0.0942342254821003,0.17313588774873,0.0948851416147207,-0.0782507461340098,0.0368550368550369,0.0331695331695332,0.663390663390663
"bridge","California",10,0.25,60,176,FALSE,FALSE,FALSE,4730,0.263888888888889,0.28169014084507,0.0178012519561815,19,20,0.278525282945548,0.289114489726526,0.0105892067809782,0.252864840722105,0.272572538879268,0.0197076981571632,0.0884520884520884,0.0872235872235872,0.872235872235872
"bridge","California",10,0.4,51,140,FALSE,FALSE,FALSE,4344,0.263888888888889,0.246153846153846,-0.0177350427350427,19,16,0.278525282945548,0.235294117647059,-0.0432311652984894,0.252864840722105,0.199755169544502,-0.0531096711776031,0.0884520884520884,0.0798525798525798,0.798525798525798
"bridge","California",10,0.5,55,170,FALSE,FALSE,FALSE,11204,0.263888888888889,0.223684210526316,-0.0402046783625731,19,17,0.278525282945548,0.243551755962501,-0.0349735269830476,0.252864840722105,0.207339657748902,-0.0455251829732028,0.0884520884520884,0.0933660933660934,0.933660933660934
"bridge","California",10,0.55,47,137,FALSE,FALSE,FALSE,11939,0.263888888888889,0.210526315789474,-0.0533625730994152,19,16,0.278525282945548,0.24209452567154,-0.0364307572740079,0.252864840722105,0.223093310310655,-0.02977153041145,0.0884520884520884,0.0933660933660934,0.933660933660934
"bridge","California",10,0.6,49,148,FALSE,TRUE,FALSE,15780,0.263888888888889,0.194444444444444,-0.0694444444444444,19,14,0.278525282945548,0.216058677806383,-0.0624666051391655,0.252864840722105,0.186414795112226,-0.0664500456098795,0.0884520884520884,0.0884520884520884,0.884520884520884
"bridge","California",10,0.65,52,169,FALSE,TRUE,FALSE,19514,0.263888888888889,0.228571428571429,-0.0353174603174603,19,16,0.278525282945548,0.24209452567154,-0.0364307572740079,0.252864840722105,0.223093310310655,-0.0297715304114499,0.0884520884520884,0.085995085995086,0.85995085995086
"bridge","California",10,0.7,47,163,FALSE,TRUE,FALSE,22611,0.263888888888889,0.215384615384615,-0.0485042735042735,19,14,0.278525282945548,0.225530674697625,-0.0529946082479235,0.252864840722105,0.201096227316047,-0.0517686134060579,0.0884520884520884,0.0798525798525798,0.798525798525798
"bridge","California",10,0.75,49,166,FALSE,TRUE,FALSE,22852,0.263888888888889,0.231884057971014,-0.0320048309178744,19,16,0.278525282945548,0.251566522562782,-0.0269587603827658,0.252864840722105,0.227063662515693,-0.0258011782064123,0.0884520884520884,0.0847665847665848,0.847665847665848
"bridge","Colorado",5,0.25,46,119,FALSE,FALSE,FALSE,1715,0.529411764705882,0.5,-0.0294117647058824,18,19,0.183864915572233,0.188732822879164,0.00486790730693171,0.182104654591939,0.192782513088807,0.0106778584968681,0.0423412204234122,0.0473225404732254,0.946450809464508
"bridge","Colorado",5,0.4,43,117,FALSE,FALSE,FALSE,2181,0.529411764705882,0.588235294117647,0.0588235294117647,18,20,0.183864915572233,0.192485168094924,0.00862025252269155,0.182104654591939,0.196200410120463,0.0140957555285243,0.0423412204234122,0.0423412204234122,0.846824408468244
"bridge","Colorado",5,0.5,43,118,FALSE,FALSE,FALSE,2290,0.529411764705882,0.555555555555556,0.0261437908496732,18,20,0.183864915572233,0.192485168094924,0.00862025252269155,0.182104654591939,0.196200410120463,0.0140957555285243,0.0423412204234122,0.0448318804483188,0.896637608966376
"bridge","Colorado",5,0.55,35,101,FALSE,FALSE,FALSE,3032,0.529411764705882,0.564102564102564,0.0346907993966817,18,22,0.183864915572233,0.203691496374423,0.0198265808021906,0.182104654591939,0.206182343345967,0.0240776887540288,0.0423412204234122,0.0485678704856787,0.971357409713574
"bridge","Colorado",5,0.6,35,101,FALSE,FALSE,FALSE,3002,0.529411764705882,0.564102564102564,0.0346907993966817,18,22,0.183864915572233,0.203691496374423,0.0198265808021906,0.182104654591939,0.206182343345967,0.0240776887540288,0.0423412204234122,0.0485678704856787,0.971357409713574
"bridge","Colorado",5,0.65,36,110,FALSE,FALSE,FALSE,3728,0.529411764705882,0.555555555555556,0.0261437908496732,18,20,0.183864915572233,0.191014654429289,0.00714973885705594,0.182104654591939,0.195395990041337,0.0132913354493986,0.0423412204234122,0.0448318804483188,0.896637608966376
"bridge","Colorado",5,0.7,35,109,FALSE,FALSE,FALSE,3921,0.529411764705882,0.552631578947368,0.0232198142414861,18,21,0.183864915572233,0.204604228994473,0.0207393134222403,0.182104654591939,0.209982571790641,0.0278779171987024,0.0423412204234122,0.0473225404732254,0.946450809464508
"bridge","Colorado",5,0.75,35,118,FALSE,FALSE,FALSE,4432,0.529411764705882,0.552631578947368,0.0232198142414861,18,21,0.183864915572233,0.204604228994473,0.0207393134222403,0.182104654591939,0.209982571790641,0.0278779171987024,0.0423412204234122,0.0473225404732254,0.946450809464508
"bridge","Colorado",10,0.25,88,235,FALSE,FALSE,FALSE,6146,0.353658536585366,0.384615384615385,0.0309568480300188,29,30,0.258607575680746,0.304041377212109,0.0454338015313625,0.261080957571225,0.295430091433054,0.0343491338618291,0.102117061021171,0.0971357409713574,0.971357409713574
"bridge","Colorado",10,0.4,79,209,FALSE,FALSE,FALSE,8710,0.353658536585366,0.397260273972603,0.0436017373872369,29,29,0.258607575680746,0.300491861467471,0.0418842857867248,0.261080957571225,0.292120126982329,0.0310391694111036,0.102117061021171,0.0909090909090909,0.909090909090909
"bridge","Colorado",10,0.5,81,231,FALSE,FALSE,FALSE,10928,0.353658536585366,0.402777777777778,0.049119241192412,29,29,0.258607575680746,0.30606967192333,0.047462096242584,0.261080957571225,0.294602629936442,0.0335216723652165,0.102117061021171,0.0896637608966376,0.896637608966376
"bridge","Colorado",10,0.55,67,196,FALSE,TRUE,FALSE,14550,0.353658536585366,0.449275362318841,0.0956168257334747,29,31,0.258607575680746,0.374423203691496,0.11581562801075,0.261080957571225,0.350215874383088,0.0891349168118631,0.102117061021171,0.0859277708592777,0.859277708592777
"bridge","Colorado",10,0.6,63,200,FALSE,TRUE,FALSE,15291,0.353658536585366,0.432835820895522,0.0791772843101565,29,29,0.258607575680746,0.28533035850109,0.0267227828203438,0.261080957571225,0.280021993773228,0.0189410362020029,0.102117061021171,0.0834371108343711,0.834371108343711
"bridge","Colorado",10,0.65,70,216,FALSE,TRUE,FALSE,18983,0.353658536585366,0.444444444444444,0.0907859078590786,29,28,0.258607575680746,0.282845697479844,0.0242381217990974,0.261080957571225,0.274951077328371,0.0138701197571459,0.102117061021171,0.0784557907845579,0.784557907845579
"bridge","Colorado",10,0.7,76,220,FALSE,TRUE,FALSE,22205,0.353658536585366,0.360824742268041,0.0071662056826754,29,35,0.258607575680746,0.395821712894884,0.137214137214137,0.261080957571225,0.370092637400243,0.109011679829018,0.102117061021171,0.12079701120797,1.2079701120797
"bridge","Colorado",10,0.75,71,217,FALSE,TRUE,FALSE,20632,0.353658536585366,0.354838709677419,0.00118017309205354,29,33,0.258607575680746,0.382384260433041,0.123776684752294,0.261080957571225,0.357601966786816,0.0965210092155908,0.102117061021171,0.115815691158157,1.15815691158157
"bridge","Connecticut",5,0.25,40,109,FALSE,FALSE,FALSE,1418,0.347826086956522,0.355555555555556,0.00772946859903384,16,16,0.166652481062218,0.166652481062218,0,0.197463435647438,0.197463435647438,0,0.0511679644048943,0.050055617352614,1.00111234705228
"bridge","Connecticut",5,0.4,36,101,FALSE,FALSE,FALSE,1813,0.347826086956522,0.418604651162791,0.070778564206269,16,18,0.166652481062218,0.188994808068772,0.0223423270065538,0.197463435647438,0.220861085853496,0.0233976502060588,0.0511679644048943,0.0478309232480534,0.956618464961068
"bridge","Connecticut",5,0.5,40,113,FALSE,FALSE,FALSE,2290,0.347826086956522,0.4,0.0521739130434783,16,20,0.166652481062218,0.195378330070644,0.0287258490084263,0.197463435647438,0.218041964386296,0.0205785287388584,0.0511679644048943,0.0556173526140156,1.11234705228031
"bridge","Connecticut",5,0.55,36,95,FALSE,FALSE,FALSE,2544,0.347826086956522,0.454545454545455,0.106719367588933,16,20,0.166652481062218,0.191888671376287,0.0252361903140693,0.197463435647438,0.215084963118754,0.017621527471316,0.0511679644048943,0.0489432703003337,0.978865406006674
"bridge","Connecticut",5,0.6,36,92,FALSE,FALSE,FALSE,2868,0.347826086956522,0.454545454545455,0.106719367588933,16,20,0.166652481062218,0.191888671376287,0.0252361903140693,0.197463435647438,0.215084963118754,0.017621527471316,0.0511679644048943,0.0489432703003337,0.978865406006674
"bridge","Connecticut",5,0.65,36,98,FALSE,FALSE,FALSE,3039,0.347826086956522,0.468085106382979,0.120259019426457,16,22,0.166652481062218,0.198484977444889,0.0318324963826709,0.197463435647438,0.220911450649361,0.023448015001923,0.0511679644048943,0.0522803114571746,1.04560622914349
"bridge","Connecticut",5,0.7,32,91,FALSE,FALSE,FALSE,3400,0.347826086956522,0.457142857142857,0.109316770186335,16,16,0.166652481062218,0.159928504553579,-0.00672397650863904,0.197463435647438,0.179704199868242,-0.0177592357791956,0.0511679644048943,0.0389321468298109,0.778642936596218
"bridge","Connecticut",5,0.75,32,103,FALSE,FALSE,FALSE,4877,0.347826086956522,0.457142857142857,0.109316770186335,16,16,0.166652481062218,0.159928504553579,-0.00672397650863904,0.197463435647438,0.179704199868242,-0.0177592357791956,0.0511679644048943,0.0389321468298109,0.778642936596218
"bridge","Connecticut",10,0.25,83,224,FALSE,FALSE,FALSE,6839,0.351851851851852,0.378947368421053,0.0270955165692008,38,36,0.346242233381564,0.331645246403949,-0.0145969869776151,0.392893198376933,0.373618443783508,-0.0192747545934247,0.120133481646274,0.10567296996663,1.0567296996663
"bridge","Connecticut",10,0.4,71,186,FALSE,FALSE,FALSE,8288,0.351851851851852,0.361702127659574,0.00985027580772263,38,34,0.346242233381564,0.296791216273725,-0.049451017107839,0.392893198376933,0.325556731659662,-0.0673364667172706,0.120133481646274,0.104560622914349,1.04560622914349
"bridge","Connecticut",10,0.5,71,189,FALSE,FALSE,FALSE,9977,0.351851851851852,0.342342342342342,-0.00950950950950952,38,38,0.346242233381564,0.327644905949443,-0.0185973274321219,0.392893198376933,0.355187398701329,-0.0377057996756042,0.120133481646274,0.123470522803115,1.23470522803115
"bridge","Connecticut",10,0.55,62,167,FALSE,TRUE,FALSE,14024,0.351851851851852,0.373737373737374,0.0218855218855219,38,37,0.346242233381564,0.312792578091752,-0.0334496552898119,0.392893198376933,0.341363104180883,-0.0515300941960496,0.120133481646274,0.110122358175751,1.10122358175751
"bridge","Connecticut",10,0.6,65,162,FALSE,TRUE,FALSE,15698,0.351851851851852,0.390804597701149,0.0389527458492976,38,34,0.346242233381564,0.289641671631628,-0.0566005617499362,0.392893198376933,0.321196396130271,-0.0716968022466621,0.120133481646274,0.0967741935483871,0.967741935483871
"bridge","Connecticut",10,0.65,69,188,FALSE,TRUE,FALSE,21003,0.351851851851852,0.406593406593407,0.0547415547415547,38,37,0.346242233381564,0.306323942463188,-0.0399182909183761,0.392893198376933,0.334698388302871,-0.0581948100740625,0.120133481646274,0.101223581757508,1.01223581757508
"bridge","Connecticut",10,0.7,76,184,FALSE,TRUE,FALSE,21693,0.351851851851852,0.428571428571429,0.0767195767195767,38,33,0.346242233381564,0.270533662439357,-0.0757085709422078,0.392893198376933,0.299031927447912,-0.0938612709290207,0.120133481646274,0.085650723025584,0.85650723025584
"bridge","Connecticut",10,0.75,77,198,FALSE,TRUE,FALSE,24160,0.351851851851852,0.428571428571429,0.0767195767195767,38,33,0.346242233381564,0.270533662439357,-0.0757085709422078,0.392893198376933,0.299031927447912,-0.0938612709290207,0.120133481646274,0.085650723025584,0.85650723025584
"bridge","Delaware",5,0.25,20,51,FALSE,FALSE,FALSE,1780,0.547619047619048,0.547619047619048,0,23,23,0.197094486387554,0.197094486387554,0,0.193379817492933,0.193379817492933,0,0.0566801619433198,0.0566801619433198,1.1336032388664
"bridge","Delaware",5,0.4,20,50,FALSE,FALSE,FALSE,2083,0.547619047619048,0.538461538461538,-0.00915750915750924,23,21,0.197094486387554,0.166437886067262,-0.0306566003202928,0.193379817492933,0.167669367170233,-0.0257104503226998,0.0566801619433198,0.0526315789473684,1.05263157894737
"bridge","Delaware",5,0.5,20,52,FALSE,FALSE,FALSE,2167,0.547619047619048,0.538461538461538,-0.00915750915750924,23,21,0.197094486387554,0.166437886067262,-0.0306566003202928,0.193379817492933,0.167669367170233,-0.0257104503226998,0.0566801619433198,0.0526315789473684,1.05263157894737
"bridge","Delaware",5,0.55,19,50,FALSE,FALSE,FALSE,2758,0.547619047619048,0.526315789473684,-0.0213032581453635,23,20,0.197094486387554,0.171299473804621,-0.025795012582933,0.193379817492933,0.176522751315121,-0.016857066177812,0.0566801619433198,0.0512820512820513,1.02564102564103
"bridge","Delaware",5,0.6,19,50,FALSE,FALSE,FALSE,2758,0.547619047619048,0.526315789473684,-0.0213032581453635,23,20,0.197094486387554,0.171299473804621,-0.025795012582933,0.193379817492933,0.176522751315121,-0.016857066177812,0.0566801619433198,0.0512820512820513,1.02564102564103
"bridge","Delaware",5,0.65,20,50,FALSE,FALSE,FALSE,2759,0.547619047619048,0.487179487179487,-0.0604395604395605,23,19,0.197094486387554,0.167410203614733,-0.0296842827728209,0.193379817492933,0.172402192064173,-0.0209776254287602,0.0566801619433198,0.0526315789473684,1.05263157894737
"bridge","Delaware",5,0.7,20,53,FALSE,FALSE,FALSE,3376,0.547619047619048,0.428571428571429,-0.119047619047619,23,18,0.197094486387554,0.17433081674674,-0.0227636696408145,0.193379817492933,0.170799512159307,-0.0225803053336261,0.0566801619433198,0.0566801619433198,1.1336032388664
"bridge","Delaware",5,0.75,20,53,FALSE,FALSE,FALSE,3376,0.547619047619048,0.428571428571429,-0.119047619047619,23,18,0.197094486387554,0.17433081674674,-0.0227636696408145,0.193379817492933,0.170799512159307,-0.0225803053336261,0.0566801619433198,0.0566801619433198,1.1336032388664
"bridge","Delaware",10,0.25,35,101,FALSE,FALSE,FALSE,6910,0.416666666666667,0.413333333333333,-0.00333333333333335,30,31,0.272935255090368,0.283230382063601,0.0102951269732327,0.270399915230493,0.281983080197234,0.0115831649667408,0.097165991902834,0.101214574898785,1.01214574898785
"bridge","Delaware",10,0.4,36,103,FALSE,FALSE,FALSE,10185,0.416666666666667,0.4,-0.0166666666666667,30,30,0.272935255090368,0.267902081903455,-0.00503317318691371,0.270399915230493,0.266386232302342,-0.0040136829281513,0.097165991902834,0.101214574898785,1.01214574898785
"bridge","Delaware",10,0.5,36,104,FALSE,FALSE,FALSE,10185,0.416666666666667,0.397260273972603,-0.019406392694064,30,29,0.272935255090368,0.259780370624571,-0.0131548844657973,0.270399915230493,0.258481919086074,-0.0119179961444191,0.097165991902834,0.0985155195681511,0.985155195681511
"bridge","Delaware",10,0.55,36,98,FALSE,TRUE,FALSE,13268,0.416666666666667,0.391304347826087,-0.0253623188405797,30,27,0.272935255090368,0.248627316403569,-0.0243079386867993,0.270399915230493,0.248948078413221,-0.0214518368172719,0.097165991902834,0.0931174089068826,0.931174089068826
"bridge","Delaware",10,0.6,36,99,FALSE,TRUE,FALSE,13536,0.416666666666667,0.391304347826087,-0.0253623188405797,30,27,0.272935255090368,0.248627316403569,-0.0243079386867993,0.270399915230493,0.248948078413221,-0.0214518368172719,0.097165991902834,0.0931174089068826,0.931174089068826
"bridge","Delaware",10,0.65,35,100,FALSE,TRUE,FALSE,13879,0.416666666666667,0.376811594202899,-0.0398550724637681,30,26,0.272935255090368,0.244738046213681,-0.0281972088766872,0.270399915230493,0.244827519162273,-0.0255723960682201,0.097165991902834,0.0931174089068826,0.931174089068826
"bridge","Delaware",10,0.7,36,102,FALSE,TRUE,FALSE,15986,0.416666666666667,0.359375,-0.0572916666666667,30,23,0.272935255090368,0.221002059025395,-0.0519331960649737,0.270399915230493,0.217514388934707,-0.0528855262957858,0.097165991902834,0.0863697705802969,0.863697705802969
"bridge","Delaware",10,0.75,36,102,FALSE,TRUE,FALSE,15986,0.416666666666667,0.359375,-0.0572916666666667,30,23,0.272935255090368,0.221002059025395,-0.0519331960649737,0.270399915230493,0.217514388934707,-0.0528855262957858,0.097165991902834,0.0863697705802969,0.863697705802969
"bridge","District of Columbia",5,0.25,17,58,FALSE,FALSE,FALSE,1307,0.545454545454545,0.571428571428571,0.025974025974026,12,12,0.0756038430457035,0.0756038430457035,0,0.0666857278051799,0.0666857278051799,0,0.0225409836065574,0.021516393442623,0.430327868852459
"bridge","District of Columbia",5,0.4,16,41,FALSE,FALSE,FALSE,971,0.545454545454545,0.590909090909091,0.0454545454545455,12,13,0.0756038430457035,0.0783873574571249,0.00278351441142138,0.0666857278051799,0.069663369009519,0.00297764120433912,0.0225409836065574,0.0225409836065574,0.450819672131148
"bridge","District of Columbia",5,0.5,17,57,FALSE,FALSE,FALSE,1598,0.545454545454545,0.576923076923077,0.0314685314685315,12,15,0.0756038430457035,0.0898805782526713,0.0142767352069678,0.0666857278051799,0.0810535405968756,0.0143678127916958,0.0225409836065574,0.0266393442622951,0.532786885245902
"bridge","District of Columbia",5,0.55,18,49,FALSE,FALSE,FALSE,1657,0.545454545454545,0.583333333333333,0.037878787878788,12,14,0.0756038430457035,0.0838645954925025,0.00826075244679896,0.0666857278051799,0.0751336289847388,0.00844790117955892,0.0225409836065574,0.0245901639344262,0.491803278688525
"bridge","District of Columbia",5,0.6,18,49,FALSE,FALSE,FALSE,1657,0.545454545454545,0.583333333333333,0.037878787878788,12,14,0.0756038430457035,0.0838645954925025,0.00826075244679896,0.0666857278051799,0.0751336289847388,0.00844790117955892,0.0225409836065574,0.0245901639344262,0.491803278688525
"bridge","District of Columbia",5,0.65,24,51,FALSE,FALSE,FALSE,1774,0.545454545454545,0.571428571428571,0.025974025974026,12,16,0.0756038430457035,0.095739427134776,0.0201355840890725,0.0666857278051799,0.0909386344123411,0.0242529066071612,0.0225409836065574,0.0286885245901639,0.573770491803279
"bridge","District of Columbia",5,0.7,23,53,FALSE,FALSE,FALSE,2171,0.545454545454545,0.551724137931034,0.00626959247648906,12,16,0.0756038430457035,0.0937191344168088,0.0181152913711053,0.0666857278051799,0.0888662000161409,0.022180472210961,0.0225409836065574,0.0297131147540984,0.594262295081967
"bridge","District of Columbia",5,0.75,23,53,FALSE,FALSE,FALSE,2171,0.545454545454545,0.551724137931034,0.00626959247648906,12,16,0.0756038430457035,0.0937191344168088,0.0181152913711053,0.0666857278051799,0.0888662000161409,0.022180472210961,0.0225409836065574,0.0297131147540984,0.594262295081967
"bridge","District of Columbia",10,0.25,41,67,FALSE,FALSE,FALSE,1511,0.454545454545455,0.520833333333333,0.0662878787878788,25,25,0.139692017598994,0.139692017598994,0,0.135664816632082,0.135664816632082,0,0.0563524590163934,0.0491803278688525,0.491803278688525
"bridge","District of Columbia",10,0.4,42,64,FALSE,FALSE,FALSE,1627,0.454545454545455,0.509803921568627,0.0552584670231729,25,26,0.139692017598994,0.139826703780192,0.000134686181197802,0.135664816632082,0.137044379097454,0.00137956246537244,0.0563524590163934,0.0522540983606557,0.522540983606557
"bridge","District of Columbia",10,0.5,45,77,FALSE,FALSE,FALSE,2532,0.454545454545455,0.5,0.0454545454545455,25,28,0.139692017598994,0.149120050282841,0.00942803268384662,0.135664816632082,0.143888529155057,0.00822371252297513,0.0563524590163934,0.0573770491803279,0.573770491803279
"bridge","District of Columbia",10,0.55,39,68,FALSE,FALSE,FALSE,2934,0.454545454545455,0.412698412698413,-0.0418470418470419,25,26,0.139692017598994,0.134641285804076,-0.00505073179491786,0.135664816632082,0.128224926554373,-0.00743989007770876,0.0563524590163934,0.0645491803278689,0.645491803278688
"bridge","District of Columbia",10,0.6,39,76,FALSE,FALSE,FALSE,3400,0.454545454545455,0.412698412698413,-0.0418470418470419,25,26,0.139692017598994,0.134641285804076,-0.00505073179491786,0.135664816632082,0.128224926554373,-0.00743989007770876,0.0563524590163934,0.0645491803278689,0.645491803278688
"bridge","District of Columbia",10,0.65,41,81,FALSE,FALSE,FALSE,7985,0.454545454545455,0.416666666666667,-0.0378787878787878,25,25,0.139692017598994,0.145236598724971,0.00554458112597647,0.135664816632082,0.13680240622394,0.00113758959185842,0.0563524590163934,0.0614754098360656,0.614754098360656
"bridge","District of Columbia",10,0.7,38,77,FALSE,FALSE,FALSE,7772,0.454545454545455,0.409836065573771,-0.044709388971684,25,25,0.139692017598994,0.139243063661668,-0.000448953937326052,0.135664816632082,0.129221571554419,-0.00644324507766247,0.0563524590163934,0.0625,0.625
"bridge","District of Columbia",10,0.75,38,80,FALSE,FALSE,FALSE,8516,0.454545454545455,0.409836065573771,-0.044709388971684,25,25,0.139692017598994,0.139243063661668,-0.000448953937326052,0.135664816632082,0.129221571554419,-0.00644324507766247,0.0563524590163934,0.0625,0.625
"bridge","Florida",5,0.25,33,86,FALSE,FALSE,FALSE,1348,0.309090909090909,0.34,0.0309090909090909,17,17,0.101432162718062,0.100708463472233,-0.000723699245829199,0.106863081451383,0.105434728552896,-0.00142835289848767,0.0605060506050605,0.055005500550055,1.1001100110011
"bridge","Florida",5,0.4,29,76,FALSE,FALSE,FALSE,1418,0.309090909090909,0.333333333333333,0.0242424242424242,17,17,0.101432162718062,0.100708463472233,-0.000723699245829199,0.106863081451383,0.105434728552896,-0.00142835289848767,0.0605060506050605,0.0561056105610561,1.12211221122112
"bridge","Florida",5,0.5,28,84,FALSE,FALSE,FALSE,1974,0.309090909090909,0.333333333333333,0.0242424242424242,17,17,0.101432162718062,0.100708463472233,-0.000723699245829199,0.106863081451383,0.105434728552896,-0.00142835289848767,0.0605060506050605,0.0561056105610561,1.12211221122112
"bridge","Florida",5,0.55,26,78,FALSE,FALSE,FALSE,2288,0.309090909090909,0.346938775510204,0.037847866419295,17,17,0.101432162718062,0.100708463472233,-0.000723699245829199,0.106863081451383,0.105434728552896,-0.00142835289848767,0.0605060506050605,0.0539053905390539,1.07810781078108
"bridge","Florida",5,0.6,26,74,FALSE,FALSE,FALSE,2202,0.309090909090909,0.377777777777778,0.0686868686868687,17,17,0.101432162718062,0.100251390264341,-0.00118077245372133,0.106863081451383,0.105525243337559,-0.00133783811382472,0.0605060506050605,0.0495049504950495,0.99009900990099
"bridge","Florida",5,0.65,26,81,FALSE,FALSE,FALSE,2544,0.309090909090909,0.390243902439024,0.0811529933481153,17,16,0.101432162718062,0.0960615525253295,-0.00537061019273254,0.106863081451383,0.100703707486847,-0.00615937396453678,0.0605060506050605,0.0451045104510451,0.902090209020902
"bridge","Florida",5,0.7,30,80,FALSE,FALSE,FALSE,2544,0.309090909090909,0.512820512820513,0.203729603729604,17,20,0.101432162718062,0.14919631294279,0.0477641502247277,0.106863081451383,0.141752500357006,0.0348894189056231,0.0605060506050605,0.0429042904290429,0.858085808580858
"bridge","Florida",5,0.75,26,94,FALSE,FALSE,FALSE,4055,0.309090909090909,0.414634146341463,0.105543237250554,17,17,0.101432162718062,0.113811228765141,0.0123790660470785,0.106863081451383,0.121382140340866,0.0145190588894824,0.0605060506050605,0.0451045104510451,0.902090209020902
"bridge","Florida",10,0.25,63,177,FALSE,FALSE,FALSE,4986,0.342105263157895,0.391752577319588,0.0496473141616929,39,38,0.297707016073741,0.29690713795993,-0.00079987811381127,0.295862477346577,0.297059918239074,0.00119744089249729,0.125412541254125,0.106710671067107,1.06710671067107
"bridge","Florida",10,0.4,56,150,FALSE,FALSE,FALSE,6069,0.342105263157895,0.364485981308411,0.0223807181505165,39,39,0.297707016073741,0.308867220233107,0.0111602041593661,0.295862477346577,0.309163599784064,0.0133011224374865,0.125412541254125,0.117711771177118,1.17711771177118
"bridge","Florida",10,0.5,60,150,FALSE,FALSE,FALSE,6538,0.342105263157895,0.36734693877551,0.0252416756176155,39,36,0.297707016073741,0.284070998704959,-0.0136360173687819,0.295862477346577,0.279753255518427,-0.0161092218281503,0.125412541254125,0.107810781078108,1.07810781078108
"bridge","Florida",10,0.55,54,142,FALSE,FALSE,FALSE,9801,0.342105263157895,0.354838709677419,0.0127334465195246,39,33,0.297707016073741,0.261217338310353,-0.0364896777633885,0.295862477346577,0.269424929879744,-0.026437547466833,0.125412541254125,0.102310231023102,1.02310231023102
"bridge","Florida",10,0.6,57,156,FALSE,TRUE,FALSE,12827,0.342105263157895,0.354838709677419,0.0127334465195246,39,33,0.297707016073741,0.261217338310353,-0.0364896777633885,0.295862477346577,0.269424929879744,-0.026437547466833,0.125412541254125,0.102310231023102,1.02310231023102
"bridge","Florida",10,0.65,55,144,FALSE,TRUE,FALSE,15817,0.342105263157895,0.364705882352941,0.0226006191950464,39,31,0.297707016073741,0.246857621695742,-0.0508493943779996,0.295862477346577,0.25116176244099,-0.0447007149055867,0.125412541254125,0.0935093509350935,0.935093509350935
"bridge","Florida",10,0.7,51,146,FALSE,TRUE,FALSE,18188,0.342105263157895,0.388888888888889,0.0467836257309941,39,28,0.297707016073741,0.190409080521063,-0.107297935552678,0.295862477346577,0.194305974770006,-0.101556502576571,0.125412541254125,0.0792079207920792,0.792079207920792
"bridge","Florida",10,0.75,51,158,FALSE,TRUE,FALSE,20896,0.342105263157895,0.385714285714286,0.043609022556391,39,27,0.297707016073741,0.184657575988421,-0.11304944008532,0.295862477346577,0.18624907165618,-0.109613405690397,0.125412541254125,0.077007700770077,0.77007700770077
"bridge","Georgia",5,0.25,31,88,FALSE,FALSE,FALSE,1323,0.514285714285714,0.586206896551724,0.0719211822660099,18,17,0.0767557989690722,0.0760577749140893,-0.000698024054982829,0.0719785256199233,0.0718805713596328,-9.79542602905087e-05,0.0381263616557734,0.0315904139433551,0.631808278867102
"bridge","Georgia",5,0.4,28,71,FALSE,FALSE,FALSE,1321,0.514285714285714,0.551724137931034,0.0374384236453202,18,16,0.0767557989690722,0.0744469501718213,-0.00230884879725086,0.0719785256199233,0.0701655956979575,-0.00181292992196586,0.0381263616557734,0.0315904139433551,0.631808278867102
"bridge","Georgia",5,0.5,30,79,FALSE,FALSE,FALSE,1827,0.514285714285714,0.548387096774194,0.0341013824884793,18,17,0.0767557989690722,0.0783397766323024,0.00158397766323023,0.0719785256199233,0.0738973305073284,0.00191880488740509,0.0381263616557734,0.0337690631808279,0.675381263616558
"bridge","Georgia",5,0.55,30,66,FALSE,FALSE,FALSE,1821,0.514285714285714,0.526315789473684,0.0120300751879699,18,10,0.0767557989690722,0.0512510738831615,-0.0255047250859107,0.0719785256199233,0.0505902987666793,-0.021388226853244,0.0381263616557734,0.0206971677559913,0.413943355119826
"bridge","Georgia",5,0.6,30,68,FALSE,FALSE,FALSE,1975,0.514285714285714,0.521739130434783,0.00745341614906836,18,12,0.0767557989690722,0.0603253865979381,-0.016430412371134,0.0719785256199233,0.0586289233584934,-0.0133496022614299,0.0381263616557734,0.0250544662309368,0.501089324618736
"bridge","Georgia",5,0.65,30,71,FALSE,FALSE,FALSE,2749,0.514285714285714,0.521739130434783,0.00745341614906836,18,12,0.0767557989690722,0.0603253865979381,-0.016430412371134,0.0719785256199233,0.0586289233584934,-0.0133496022614299,0.0381263616557734,0.0250544662309368,0.501089324618736
"bridge","Georgia",5,0.7,30,75,FALSE,FALSE,FALSE,3049,0.514285714285714,0.521739130434783,0.00745341614906836,18,12,0.0767557989690722,0.0603253865979381,-0.016430412371134,0.0719785256199233,0.0586289233584934,-0.0133496022614299,0.0381263616557734,0.0250544662309368,0.501089324618736
"bridge","Georgia",5,0.75,30,82,FALSE,FALSE,FALSE,3577,0.514285714285714,0.521739130434783,0.00745341614906836,18,12,0.0767557989690722,0.0603253865979381,-0.016430412371134,0.0719785256199233,0.0586289233584934,-0.0133496022614299,0.0381263616557734,0.0250544662309368,0.501089324618736
"bridge","Georgia",10,0.25,63,140,FALSE,FALSE,FALSE,3049,0.527272727272727,0.530612244897959,0.00333951762523199,29,26,0.140195446735395,0.127335695876289,-0.0128597508591065,0.135368332950043,0.125000399095704,-0.0103679338543388,0.0599128540305011,0.0533769063180828,0.533769063180828
"bridge","Georgia",10,0.4,53,119,FALSE,FALSE,FALSE,3397,0.527272727272727,0.522727272727273,-0.00454545454545452,29,23,0.140195446735395,0.113482603092784,-0.0267128436426117,0.135368332950043,0.111328339601104,-0.0240399933489394,0.0599128540305011,0.0479302832244009,0.479302832244009
"bridge","Georgia",10,0.5,55,125,FALSE,FALSE,FALSE,5555,0.527272727272727,0.510204081632653,-0.0170686456400742,29,25,0.140195446735395,0.12011383161512,-0.0200816151202749,0.135368332950043,0.118000637434489,-0.0173676955155539,0.0599128540305011,0.0533769063180828,0.533769063180828
"bridge","Georgia",10,0.55,52,108,FALSE,FALSE,FALSE,6935,0.527272727272727,0.458333333333333,-0.0689393939393939,29,22,0.140195446735395,0.106233891752577,-0.0339615549828179,0.135368332950043,0.10544125491266,-0.0299270780373828,0.0599128540305011,0.0522875816993464,0.522875816993464
"bridge","Georgia",10,0.6,51,112,FALSE,FALSE,FALSE,10928,0.527272727272727,0.448979591836735,-0.0782931354359925,29,22,0.140195446735395,0.106824527491409,-0.0333709192439863,0.135368332950043,0.10540840160222,-0.0299599313478234,0.0599128540305011,0.0533769063180828,0.533769063180828
"bridge","Georgia",10,0.65,57,134,FALSE,TRUE,FALSE,16458,0.527272727272727,0.431034482758621,-0.0962382445141066,29,25,0.140195446735395,0.136651632302405,-0.00354381443298971,0.135368332950043,0.147263272029359,0.011894939079316,0.0599128540305011,0.0631808278867102,0.631808278867102
"bridge","Georgia",10,0.7,56,131,FALSE,TRUE,FALSE,16688,0.527272727272727,0.44,-0.0872727272727272,29,22,0.140195446735395,0.112704037800687,-0.0274914089347079,0.135368332950043,0.123949943505438,-0.011418389444605,0.0599128540305011,0.0544662309368192,0.544662309368192
"bridge","Georgia",10,0.75,64,144,FALSE,TRUE,FALSE,20745,0.527272727272727,0.454545454545455,-0.0727272727272727,29,25,0.140195446735395,0.118127147766323,-0.0220682989690722,0.135368332950043,0.118651482170511,-0.0167168507795324,0.0599128540305011,0.0599128540305011,0.599128540305011
"bridge","Idaho",5,0.25,45,104,FALSE,FALSE,FALSE,2589,0.28,0.142857142857143,-0.137142857142857,14,18,0.290441644393534,0.342878961435662,0.0524373170421281,0.281893132053342,0.334803219913754,0.0529100878604117,0.0534188034188034,0.134615384615385,2.69230769230769
"bridge","Idaho",5,0.4,41,96,FALSE,FALSE,FALSE,3113,0.28,0.1328125,-0.1471875,14,17,0.290441644393534,0.311569301260023,0.0211276568664885,0.281893132053342,0.305153170210065,0.0232600381567223,0.0534188034188034,0.136752136752137,2.73504273504274
"bridge","Idaho",5,0.5,42,101,FALSE,FALSE,FALSE,3156,0.28,0.134920634920635,-0.145079365079365,14,17,0.290441644393534,0.311569301260023,0.0211276568664885,0.281893132053342,0.305153170210065,0.0232600381567223,0.0534188034188034,0.134615384615385,2.69230769230769
"bridge","Idaho",5,0.55,44,100,FALSE,FALSE,FALSE,3630,0.28,0.104347826086957,-0.175652173913043,14,12,0.290441644393534,0.220440371643121,-0.0700012727504137,0.281893132053342,0.215567830016459,-0.0663253020368829,0.0534188034188034,0.122863247863248,2.45726495726496
"bridge","Idaho",5,0.6,44,97,FALSE,FALSE,FALSE,3630,0.28,0.104347826086957,-0.175652173913043,14,12,0.290441644393534,0.220440371643121,-0.0700012727504137,0.281893132053342,0.215567830016459,-0.0663253020368829,0.0534188034188034,0.122863247863248,2.45726495726496
"bridge","Idaho",5,0.65,45,105,FALSE,FALSE,FALSE,4188,0.28,0.0964912280701754,-0.183508771929825,14,11,0.290441644393534,0.205803741886216,-0.0846379025073183,0.281893132053342,0.203170814661558,-0.0787223173917848,0.0534188034188034,0.121794871794872,2.43589743589744
"bridge","Idaho",5,0.7,45,107,FALSE,FALSE,FALSE,5957,0.28,0.116071428571429,-0.163928571428571,14,13,0.290441644393534,0.228331424207713,-0.0621102201858215,0.281893132053342,0.22349773990136,-0.0583953921519827,0.0534188034188034,0.11965811965812,2.39316239316239
"bridge","Idaho",5,0.75,45,116,FALSE,FALSE,FALSE,7283,0.28,0.108108108108108,-0.171891891891892,14,12,0.290441644393534,0.213694794450808,-0.0767468499427262,0.281893132053342,0.211100724546458,-0.0707924075068846,0.0534188034188034,0.118589743589744,2.37179487179487
"bridge","Idaho",10,0.25,78,179,FALSE,FALSE,FALSE,7985,0.125,0.129032258064516,0.00403225806451613,20,20,0.388825251368207,0.388825251368207,0,0.386268007838814,0.386268007838814,0,0.170940170940171,0.165598290598291,1.65598290598291
"bridge","Idaho",10,0.4,70,156,FALSE,FALSE,FALSE,9956,0.125,0.125,0,20,19,0.388825251368207,0.357133766068474,-0.0316914852997327,0.386268007838814,0.350138511428129,-0.0361294964106844,0.170940170940171,0.162393162393162,1.62393162393162
"bridge","Idaho",10,0.5,70,177,FALSE,TRUE,FALSE,13240,0.125,0.125827814569536,0.000827814569536428,20,19,0.388825251368207,0.357133766068474,-0.0316914852997327,0.386268007838814,0.350138511428129,-0.0361294964106844,0.170940170940171,0.161324786324786,1.61324786324786
"bridge","Idaho",10,0.55,69,166,FALSE,TRUE,FALSE,20147,0.125,0.110294117647059,-0.0147058823529412,20,15,0.388825251368207,0.297696321751305,-0.0911289296169021,0.386268007838814,0.296682667645208,-0.0895853401936052,0.170940170940171,0.145299145299145,1.45299145299145
"bridge","Idaho",10,0.6,79,178,FALSE,TRUE,FALSE,20856,0.125,0.099290780141844,-0.025709219858156,20,14,0.388825251368207,0.266004836451572,-0.122820414916635,0.386268007838814,0.260553171234524,-0.12571483660429,0.170940170940171,0.150641025641026,1.50641025641026
"bridge","Idaho",10,0.65,81,192,FALSE,TRUE,FALSE,24142,0.125,0.0935251798561151,-0.0314748201438849,20,13,0.388825251368207,0.251368206694667,-0.137457044673539,0.386268007838814,0.248156155879622,-0.138111851959192,0.170940170940171,0.148504273504274,1.48504273504273
"bridge","Idaho",10,0.7,78,191,FALSE,TRUE,FALSE,27368,0.125,0.112781954887218,-0.012218045112782,20,15,0.388825251368207,0.293750795469009,-0.0950744558991982,0.386268007838814,0.304085416363213,-0.0821825914756002,0.170940170940171,0.142094017094017,1.42094017094017
"bridge","Idaho",10,0.75,85,206,FALSE,TRUE,FALSE,27978,0.125,0.109489051094891,-0.0155109489051095,20,15,0.388825251368207,0.310805651011837,-0.0780196003563701,0.386268007838814,0.327817897418996,-0.0584501104198176,0.170940170940171,0.146367521367521,1.46367521367521
"bridge","Illinois",5,0.25,37,123,FALSE,FALSE,FALSE,1451,0.375,0.375,0,15,15,0.139975506087458,0.139975506087458,0,0.149467371170274,0.149467371170274,0,0.0488997555012225,0.0488997555012225,0.97799511002445
"bridge","Illinois",5,0.4,32,103,FALSE,FALSE,FALSE,1522,0.375,0.372093023255814,-0.00290697674418605,15,16,0.139975506087458,0.141200201714574,0.00122469562711619,0.149467371170274,0.149101413738663,-0.000365957431611635,0.0488997555012225,0.0525672371638142,1.05134474327628
"bridge","Illinois",5,0.5,33,112,FALSE,FALSE,FALSE,1782,0.375,0.357142857142857,-0.0178571428571428,15,15,0.139975506087458,0.13496866220013,-0.005006843887328,0.149467371170274,0.14292235752395,-0.00654501364632457,0.0488997555012225,0.0513447432762836,1.02689486552567
"bridge","Illinois",5,0.55,29,93,FALSE,FALSE,FALSE,2544,0.375,0.358974358974359,-0.016025641025641,15,14,0.139975506087458,0.126107629133348,-0.0138678769541099,0.149467371170274,0.132694687123057,-0.0167726840472173,0.0488997555012225,0.0476772616136919,0.953545232273839
"bridge","Illinois",5,0.6,31,92,FALSE,FALSE,FALSE,2241,0.375,0.35,-0.025,15,14,0.139975506087458,0.129709675095454,-0.0102658309920035,0.149467371170274,0.136556244365509,-0.0129111268047654,0.0488997555012225,0.0488997555012225,0.97799511002445
"bridge","Illinois",5,0.65,35,100,FALSE,FALSE,FALSE,2986,0.375,0.315789473684211,-0.0592105263157895,15,12,0.139975506087458,0.12146098984223,-0.0185145162452273,0.149467371170274,0.128311747507967,-0.0211556236623067,0.0488997555012225,0.0464547677261614,0.929095354523227
"bridge","Illinois",5,0.7,38,98,FALSE,FALSE,FALSE,2964,0.375,0.325,-0.05,15,13,0.139975506087458,0.124630790288884,-0.0153447157985736,0.149467371170274,0.131060190987574,-0.0184071801826998,0.0488997555012225,0.0488997555012225,0.97799511002445
"bridge","Illinois",5,0.75,38,105,FALSE,FALSE,FALSE,3553,0.375,0.317073170731707,-0.0579268292682927,15,13,0.139975506087458,0.124630790288884,-0.0153447157985736,0.149467371170274,0.131060190987574,-0.0184071801826998,0.0488997555012225,0.0501222493887531,1.00244498777506
"bridge","Illinois",10,0.25,81,207,FALSE,FALSE,FALSE,4991,0.36,0.4,0.04,27,30,0.210323463727397,0.26421007132051,0.0538866075931129,0.221169735908776,0.298866499432932,0.0776967635241559,0.0916870415647922,0.0916870415647922,0.916870415647922
"bridge","Illinois",10,0.4,80,197,FALSE,FALSE,FALSE,8159,0.36,0.36986301369863,0.00986301369863013,27,27,0.210323463727397,0.240580649809092,0.0302571860816944,0.221169735908776,0.27168838141955,0.0505186455107741,0.0916870415647922,0.089242053789731,0.89242053789731
"bridge","Illinois",10,0.5,82,209,FALSE,FALSE,FALSE,9476,0.36,0.3875,0.0275,27,31,0.210323463727397,0.273539370362366,0.0632159066349686,0.221169735908776,0.301306127166307,0.0801363912575309,0.0916870415647922,0.097799511002445,0.97799511002445
"bridge","Illinois",10,0.55,66,170,FALSE,TRUE,FALSE,12836,0.36,0.363636363636364,0.00363636363636366,27,24,0.210323463727397,0.211332036596787,0.00100857286938982,0.221169735908776,0.230587636566546,0.00941790065776968,0.0916870415647922,0.0806845965770171,0.806845965770171
"bridge","Illinois",10,0.6,63,173,FALSE,TRUE,FALSE,12836,0.36,0.353846153846154,-0.00615384615384612,27,23,0.210323463727397,0.175995965708522,-0.0343274980188747,0.221169735908776,0.178103752904851,-0.0430659830039251,0.0916870415647922,0.0794621026894866,0.794621026894866
"bridge","Illinois",10,0.65,68,207,FALSE,TRUE,FALSE,21819,0.36,0.367647058823529,0.00764705882352945,27,25,0.210323463727397,0.19926518262373,-0.0110582811036669,0.221169735908776,0.200314792971393,-0.0208549429373824,0.0916870415647922,0.0831295843520782,0.831295843520782
"bridge","Illinois",10,0.7,68,191,FALSE,TRUE,FALSE,19814,0.36,0.333333333333333,-0.0266666666666667,27,29,0.210323463727397,0.265434766947626,0.0551113032202291,0.221169735908776,0.283568912539985,0.0623991766312095,0.0916870415647922,0.106356968215159,1.06356968215159
"bridge","Illinois",10,0.75,66,199,FALSE,TRUE,FALSE,20788,0.36,0.341463414634146,-0.0185365853658536,27,28,0.210323463727397,0.251386787695411,0.0410633239680138,0.221169735908776,0.269703710222301,0.0485339743135254,0.0916870415647922,0.100244498777506,1.00244498777506
"bridge","Indiana",5,0.25,43,126,FALSE,FALSE,FALSE,2339,0.384615384615385,0.454545454545455,0.0699300699300699,10,10,0.062883633085805,0.062883633085805,0,0.0624400421377431,0.0624400421377431,0,0.0297142857142857,0.0251428571428571,0.502857142857143
"bridge","Indiana",5,0.4,41,117,FALSE,FALSE,FALSE,2787,0.384615384615385,0.416666666666667,0.032051282051282,10,10,0.062883633085805,0.0660600077263167,0.00317637464051165,0.0624400421377431,0.0651813376020772,0.00274129546433409,0.0297142857142857,0.0274285714285714,0.548571428571428
"bridge","Indiana",5,0.5,40,130,FALSE,FALSE,FALSE,3813,0.384615384615385,0.4,0.0153846153846154,10,10,0.062883633085805,0.0660600077263167,0.00317637464051165,0.0624400421377431,0.0651813376020772,0.00274129546433409,0.0297142857142857,0.0285714285714286,0.571428571428571
"bridge","Indiana",5,0.55,31,107,FALSE,FALSE,FALSE,4291,0.384615384615385,0.4,0.0153846153846154,10,10,0.062883633085805,0.0643859724428038,0.00150233935699876,0.0624400421377431,0.061668493325165,-0.000771548812578023,0.0297142857142857,0.0285714285714286,0.571428571428571
"bridge","Indiana",5,0.6,33,109,FALSE,FALSE,FALSE,4969,0.384615384615385,0.4,0.0153846153846154,10,10,0.062883633085805,0.0782933424904494,0.0154097094046444,0.0624400421377431,0.0583755169736616,-0.00406452516408148,0.0297142857142857,0.0285714285714286,0.571428571428571
"bridge","Indiana",5,0.65,38,109,FALSE,FALSE,FALSE,5033,0.384615384615385,0.361111111111111,-0.0235042735042735,10,13,0.062883633085805,0.111087264454651,0.0482036313688458,0.0624400421377431,0.0955959950258936,0.0331559528881505,0.0297142857142857,0.0411428571428571,0.822857142857143
"bridge","Indiana",5,0.7,32,123,FALSE,FALSE,FALSE,8132,0.384615384615385,0.434782608695652,0.0501672240802675,10,10,0.062883633085805,0.0782933424904494,0.0154097094046444,0.0624400421377431,0.0583755169736616,-0.00406452516408148,0.0297142857142857,0.0262857142857143,0.525714285714286
"bridge","Indiana",5,0.75,39,127,FALSE,FALSE,FALSE,8153,0.384615384615385,0.34375,-0.0408653846153846,10,11,0.062883633085805,0.0873503026140705,0.0244666695282654,0.0624400421377431,0.0711241866714357,0.00868414453369264,0.0297142857142857,0.0365714285714286,0.731428571428571
"bridge","Indiana",10,0.25,85,222,FALSE,FALSE,FALSE,8809,0.295081967213115,0.338709677419355,0.0436277102062401,18,21,0.144095806326995,0.175687856805597,0.0315920504786024,0.12690375204559,0.150969015170027,0.0240652631244372,0.0697142857142857,0.0708571428571429,0.708571428571429
"bridge","Indiana",10,0.4,79,207,FALSE,TRUE,FALSE,14764,0.295081967213115,0.4,0.104918032786885,18,24,0.144095806326995,0.196334291968923,0.0522384856419282,0.12690375204559,0.171860691554996,0.0449569395094067,0.0697142857142857,0.0685714285714286,0.685714285714286
"bridge","Indiana",10,0.5,85,221,FALSE,TRUE,FALSE,18156,0.295081967213115,0.390625,0.0955430327868853,18,25,0.144095806326995,0.216465639352706,0.0723698330257115,0.12690375204559,0.186289329372815,0.0593855773272249,0.0697142857142857,0.0731428571428571,0.731428571428571
"bridge","Indiana",10,0.55,70,174,FALSE,TRUE,FALSE,18537,0.295081967213115,0.333333333333333,0.0382513661202186,18,38,0.144095806326995,0.317680388032794,0.173584581705799,0.12690375204559,0.272224903202996,0.145321151157406,0.0697142857142857,0.130285714285714,1.30285714285714
"bridge","Indiana",10,0.6,72,194,FALSE,TRUE,FALSE,21891,0.295081967213115,0.327731092436975,0.03264912522386,18,39,0.144095806326995,0.318023779885822,0.173927973558827,0.12690375204559,0.272054083340946,0.145150331295357,0.0697142857142857,0.136,1.36
"bridge","Indiana",10,0.65,72,205,FALSE,TRUE,FALSE,23970,0.295081967213115,0.36231884057971,0.0672368733665954,18,25,0.144095806326995,0.203373824956003,0.059278018629008,0.12690375204559,0.183715572420018,0.0568118203744285,0.0697142857142857,0.0788571428571429,0.788571428571429
"bridge","Indiana",10,0.7,80,208,FALSE,TRUE,FALSE,25850,0.295081967213115,0.342105263157895,0.04702329594478,18,26,0.144095806326995,0.204275228570202,0.0601794222432073,0.12690375204559,0.180254053198025,0.0533503011524357,0.0697142857142857,0.0868571428571429,0.868571428571429
"bridge","Indiana",10,0.75,79,230,FALSE,TRUE,FALSE,29234,0.295081967213115,0.361111111111111,0.0660291438979964,18,26,0.144095806326995,0.207923767008628,0.0638279606816328,0.12690375204559,0.183779650559305,0.0568758985137158,0.0697142857142857,0.0822857142857143,0.822857142857143
"bridge","Iowa",5,0.25,49,124,FALSE,FALSE,FALSE,2249,0.36,0.36,0,9,9,0.111440999792861,0.111440999792861,0,0.111630472158458,0.111630472158458,0,0.0267094017094017,0.0267094017094017,0.534188034188034
"bridge","Iowa",5,0.4,41,123,FALSE,FALSE,FALSE,3230,0.36,0.409090909090909,0.0490909090909091,9,9,0.111440999792861,0.111440999792861,0,0.111630472158458,0.111630472158458,0,0.0267094017094017,0.0235042735042735,0.47008547008547
"bridge","Iowa",5,0.5,44,128,FALSE,FALSE,FALSE,3717,0.36,0.391304347826087,0.031304347826087,9,9,0.111440999792861,0.111440999792861,0,0.111630472158458,0.111630472158458,0,0.0267094017094017,0.0245726495726496,0.491452991452991
"bridge","Iowa",5,0.55,41,108,FALSE,FALSE,FALSE,3600,0.36,0.45,0.09,9,9,0.111440999792861,0.111440999792861,0,0.111630472158458,0.111630472158458,0,0.0267094017094017,0.0213675213675214,0.427350427350427
"bridge","Iowa",5,0.6,42,117,FALSE,FALSE,FALSE,4677,0.36,0.428571428571429,0.0685714285714286,9,9,0.111440999792861,0.111440999792861,0,0.111630472158458,0.111630472158458,0,0.0267094017094017,0.0224358974358974,0.448717948717949
"bridge","Iowa",5,0.65,40,114,FALSE,FALSE,FALSE,4677,0.36,0.476190476190476,0.116190476190476,9,10,0.111440999792861,0.148380860318995,0.0369398605261341,0.111630472158458,0.152387813023443,0.040757340864985,0.0267094017094017,0.0224358974358974,0.448717948717949
"bridge","Iowa",5,0.7,40,115,FALSE,FALSE,FALSE,5809,0.36,0.380952380952381,0.0209523809523809,9,8,0.111440999792861,0.111371953324587,-6.90464682731456e-05,0.111630472158458,0.115767803368519,0.00413733121006042,0.0267094017094017,0.0224358974358974,0.448717948717949
"bridge","Iowa",5,0.75,40,126,FALSE,FALSE,FALSE,7516,0.36,0.36,0,9,9,0.111440999792861,0.118207553683629,0.00676655389076848,0.111630472158458,0.120758192600828,0.00912772044236991,0.0267094017094017,0.0267094017094017,0.534188034188034
"bridge","Iowa",10,0.25,94,227,FALSE,FALSE,FALSE,9409,0.226666666666667,0.242857142857143,0.0161904761904762,17,17,0.223986743078092,0.223986743078092,0,0.226578961267957,0.226578961267957,0,0.0801282051282051,0.0747863247863248,0.747863247863248
"bridge","Iowa",10,0.4,79,210,FALSE,FALSE,FALSE,10744,0.226666666666667,0.26865671641791,0.0419900497512438,17,18,0.223986743078092,0.215770213353587,-0.0082165297245046,0.226578961267957,0.219221562137688,-0.00735739913026928,0.0801282051282051,0.0715811965811966,0.715811965811966
"bridge","Iowa",10,0.5,82,215,FALSE,TRUE,FALSE,12390,0.226666666666667,0.296875,0.0702083333333333,17,19,0.223986743078092,0.22702478768211,0.00303804460401852,0.226578961267957,0.227422119805824,0.000843158537867039,0.0801282051282051,0.0683760683760684,0.683760683760684
"bridge","Iowa",10,0.55,71,177,FALSE,TRUE,FALSE,14333,0.226666666666667,0.204379562043796,-0.022287104622871,17,28,0.223986743078092,0.399295726023614,0.175308982945522,0.226578961267957,0.366507405163455,0.139928443895497,0.0801282051282051,0.146367521367521,1.46367521367521
"bridge","Iowa",10,0.6,72,193,FALSE,TRUE,FALSE,20439,0.226666666666667,0.205882352941176,-0.0207843137254902,17,28,0.223986743078092,0.399295726023614,0.175308982945522,0.226578961267957,0.366507405163455,0.139928443895497,0.0801282051282051,0.145299145299145,1.45299145299145
"bridge","Iowa",10,0.65,75,188,FALSE,TRUE,FALSE,18270,0.226666666666667,0.2,-0.0266666666666666,17,28,0.223986743078092,0.399295726023614,0.175308982945522,0.226578961267957,0.366507405163455,0.139928443895497,0.0801282051282051,0.14957264957265,1.4957264957265
"bridge","Iowa",10,0.7,79,193,FALSE,TRUE,FALSE,22536,0.226666666666667,0.1875,-0.0391666666666667,17,27,0.223986743078092,0.379134157287855,0.155147414209763,0.226578961267957,0.34790143213022,0.121322470862262,0.0801282051282051,0.153846153846154,1.53846153846154
"bridge","Iowa",10,0.75,86,187,FALSE,TRUE,FALSE,20465,0.226666666666667,0.191780821917808,-0.0348858447488584,17,28,0.223986743078092,0.385003107091072,0.161016364012981,0.226578961267957,0.353493012734105,0.126914051466147,0.0801282051282051,0.155982905982906,1.55982905982906
"bridge","Kansas",5,0.25,40,120,FALSE,FALSE,FALSE,2076,0.256410256410256,0.264705882352941,0.00829562594268479,10,9,0.166537966537967,0.159502359502359,-0.00703560703560704,0.175654927343366,0.169213402537458,-0.00644152480590846,0.0447247706422018,0.0389908256880734,0.779816513761468
"bridge","Kansas",5,0.4,39,108,FALSE,FALSE,FALSE,2430,0.256410256410256,0.222222222222222,-0.0341880341880342,10,8,0.166537966537967,0.153324753324753,-0.0132132132132132,0.175654927343366,0.165215913164116,-0.0104390141792501,0.0447247706422018,0.0412844036697248,0.825688073394495
"bridge","Kansas",5,0.5,34,112,FALSE,FALSE,FALSE,2567,0.256410256410256,0.233333333333333,-0.0230769230769231,10,7,0.166537966537967,0.143114543114543,-0.0234234234234234,0.175654927343366,0.156305087302051,-0.0193498400413156,0.0447247706422018,0.0344036697247706,0.688073394495413
"bridge","Kansas",5,0.55,33,101,FALSE,FALSE,FALSE,3693,0.256410256410256,0.32,0.0635897435897436,10,8,0.166537966537967,0.138996138996139,-0.0275418275418275,0.175654927343366,0.149735923875324,-0.0259190034680421,0.0447247706422018,0.0286697247706422,0.573394495412844
"bridge","Kansas",5,0.6,33,104,FALSE,FALSE,FALSE,3948,0.256410256410256,0.32,0.0635897435897436,10,8,0.166537966537967,0.138996138996139,-0.0275418275418275,0.175654927343366,0.149735923875324,-0.0259190034680421,0.0447247706422018,0.0286697247706422,0.573394495412844
"bridge","Kansas",5,0.65,32,101,FALSE,FALSE,FALSE,3948,0.256410256410256,0.230769230769231,-0.0256410256410256,10,9,0.166537966537967,0.146031746031746,-0.0205062205062205,0.175654927343366,0.156177448681233,-0.0194774786621336,0.0447247706422018,0.0447247706422018,0.894495412844037
"bridge","Kansas",5,0.7,38,112,FALSE,FALSE,FALSE,5249,0.256410256410256,0.333333333333333,0.0769230769230769,10,12,0.166537966537967,0.194251394251394,0.0277134277134277,0.175654927343366,0.205223987838608,0.0295690604952415,0.0447247706422018,0.0412844036697248,0.825688073394495
"bridge","Kansas",5,0.75,39,126,FALSE,FALSE,FALSE,5899,0.256410256410256,0.387096774193548,0.130686517783292,10,12,0.166537966537967,0.194251394251394,0.0277134277134277,0.175654927343366,0.205223987838608,0.0295690604952415,0.0447247706422018,0.0355504587155963,0.711009174311927
"bridge","Kansas",10,0.25,81,218,FALSE,FALSE,FALSE,7985,0.25609756097561,0.280487804878049,0.024390243902439,21,23,0.281424281424281,0.306735306735307,0.0253110253110253,0.288461095544911,0.311348499143229,0.0228874035983182,0.0940366972477064,0.0940366972477064,0.940366972477064
"bridge","Kansas",10,0.4,77,198,FALSE,FALSE,FALSE,9490,0.25609756097561,0.211764705882353,-0.0443328550932568,21,18,0.281424281424281,0.273530673530674,-0.00789360789360793,0.288461095544911,0.293010276476609,0.00454918093169832,0.0940366972477064,0.0974770642201835,0.974770642201835
"bridge","Kansas",10,0.5,75,211,FALSE,TRUE,FALSE,12724,0.25609756097561,0.228915662650602,-0.0271818983250074,21,19,0.281424281424281,0.287516087516088,0.0060918060918061,0.288461095544911,0.306737127823867,0.018276032278956,0.0940366972477064,0.0951834862385321,0.951834862385321
"bridge","Kansas",10,0.55,72,185,FALSE,TRUE,FALSE,16834,0.25609756097561,0.24,-0.0160975609756098,21,18,0.281424281424281,0.26023166023166,-0.0211926211926212,0.288461095544911,0.271135935493567,-0.0173251600513435,0.0940366972477064,0.0860091743119266,0.860091743119266
"bridge","Kansas",10,0.6,68,185,FALSE,TRUE,FALSE,15255,0.25609756097561,0.253012048192771,-0.0030855127828387,21,21,0.281424281424281,0.302102102102102,0.0206778206778206,0.288461095544911,0.31674642400852,0.0282853284636098,0.0940366972477064,0.0951834862385321,0.951834862385321
"bridge","Kansas",10,0.65,70,195,FALSE,TRUE,FALSE,19921,0.25609756097561,0.230769230769231,-0.025328330206379,21,18,0.281424281424281,0.261261261261261,-0.0201630201630202,0.288461095544911,0.274070893193288,-0.0143902023516222,0.0940366972477064,0.0894495412844037,0.894495412844037
"bridge","Kansas",10,0.7,69,199,FALSE,TRUE,FALSE,21220,0.25609756097561,0.253521126760563,-0.00257643421504639,21,18,0.281424281424281,0.274388674388674,-0.00703560703560707,0.288461095544911,0.278966815897312,-0.00949427964759841,0.0940366972477064,0.0814220183486239,0.814220183486238
"bridge","Kansas",10,0.75,83,223,FALSE,TRUE,FALSE,25047,0.25609756097561,0.269230769230769,0.0131332082551595,21,21,0.281424281424281,0.293350493350493,0.0119262119262119,0.288461095544911,0.292769100889539,0.00430800534462861,0.0940366972477064,0.0894495412844037,0.894495412844037
"bridge","Kentucky",5,0.25,55,123,FALSE,FALSE,FALSE,2437,0.27027027027027,0.325,0.0547297297297297,10,13,0.135159153336565,0.172806592341251,0.0376474390046857,0.133822988221881,0.170389462709985,0.0365664744881032,0.0424311926605505,0.0458715596330275,0.917431192660551
"bridge","Kentucky",5,0.4,49,113,FALSE,FALSE,FALSE,2884,0.27027027027027,0.314285714285714,0.044015444015444,10,11,0.135159153336565,0.141299079011149,0.00613992567458396,0.133822988221881,0.140206816827013,0.00638382860513168,0.0424311926605505,0.0401376146788991,0.802752293577982
"bridge","Kentucky",5,0.5,52,108,FALSE,FALSE,FALSE,2959,0.27027027027027,0.282051282051282,0.0117810117810118,10,11,0.135159153336565,0.141299079011149,0.00613992567458396,0.133822988221881,0.140206816827013,0.00638382860513168,0.0424311926605505,0.0447247706422018,0.894495412844037
"bridge","Kentucky",5,0.55,40,95,FALSE,FALSE,FALSE,4190,0.27027027027027,0.272727272727273,0.00245700245700242,10,9,0.135159153336565,0.119809339150105,-0.0153498141864598,0.133822988221881,0.125331551896742,-0.00849143632513902,0.0424311926605505,0.0378440366972477,0.756880733944954
"bridge","Kentucky",5,0.6,40,101,FALSE,FALSE,FALSE,4432,0.27027027027027,0.272727272727273,0.00245700245700242,10,9,0.135159153336565,0.119809339150105,-0.0153498141864598,0.133822988221881,0.125331551896742,-0.00849143632513902,0.0424311926605505,0.0378440366972477,0.756880733944954
"bridge","Kentucky",5,0.65,36,99,FALSE,FALSE,FALSE,4964,0.27027027027027,0.32,0.0497297297297297,10,8,0.135159153336565,0.101147196639199,-0.0340119566973663,0.133822988221881,0.101617294306988,-0.0322056939148931,0.0424311926605505,0.0286697247706422,0.573394495412844
"bridge","Kentucky",5,0.7,37,113,FALSE,FALSE,FALSE,8710,0.27027027027027,0.321428571428571,0.0511583011583012,10,9,0.135159153336565,0.119809339150105,-0.0153498141864598,0.133822988221881,0.125331551896742,-0.00849143632513902,0.0424311926605505,0.0321100917431193,0.642201834862385
"bridge","Kentucky",5,0.75,47,110,FALSE,FALSE,FALSE,6881,0.27027027027027,0.351351351351351,0.0810810810810811,10,13,0.135159153336565,0.255453223460979,0.120294070124414,0.133822988221881,0.247326241296582,0.113503253074701,0.0424311926605505,0.0424311926605505,0.848623853211009
"bridge","Kentucky",10,0.25,90,203,FALSE,FALSE,FALSE,8366,0.265625,0.27536231884058,0.00973731884057971,17,19,0.325012118274358,0.35651963160446,0.0315075133301018,0.330220988588815,0.360403634471787,0.0301826458829716,0.073394495412844,0.0791284403669725,0.791284403669725
"bridge","Kentucky",10,0.4,81,184,FALSE,FALSE,FALSE,11116,0.265625,0.246376811594203,-0.0192481884057971,17,17,0.325012118274358,0.325012118274358,0,0.330220988588815,0.330220988588815,0,0.073394495412844,0.0791284403669725,0.791284403669725
"bridge","Kentucky",10,0.5,80,197,FALSE,TRUE,FALSE,15033,0.265625,0.238805970149254,-0.0268190298507463,17,16,0.325012118274358,0.306349975763451,-0.0186621425109064,0.330220988588815,0.294190201325976,-0.0360307872628394,0.073394495412844,0.0768348623853211,0.768348623853211
"bridge","Kentucky",10,0.55,72,167,FALSE,TRUE,FALSE,18476,0.265625,0.258620689655172,-0.00700431034482757,17,15,0.325012118274358,0.270560672160284,-0.0544514461140733,0.330220988588815,0.256901873084953,-0.0733191155038627,0.073394495412844,0.0665137614678899,0.665137614678899
"bridge","Kentucky",10,0.6,68,177,FALSE,TRUE,FALSE,21546,0.265625,0.258620689655172,-0.00700431034482757,17,15,0.325012118274358,0.238972370334464,-0.0860397479398934,0.330220988588815,0.256786954507253,-0.0734340340815627,0.073394495412844,0.0665137614678899,0.665137614678899
"bridge","Kentucky",10,0.65,74,175,FALSE,TRUE,FALSE,21672,0.265625,0.316666666666667,0.0510416666666667,17,19,0.325012118274358,0.286314428825335,-0.0386976894490225,0.330220988588815,0.325222591723862,-0.00499839686495285,0.073394495412844,0.0688073394495413,0.688073394495413
"bridge","Kentucky",10,0.7,75,161,FALSE,TRUE,FALSE,20908,0.265625,0.317460317460317,0.0518353174603174,17,20,0.325012118274358,0.291000161576991,-0.0340119566973663,0.330220988588815,0.3300672549997,-0.000153733589115523,0.073394495412844,0.0722477064220183,0.722477064220183
"bridge","Kentucky",10,0.75,71,199,FALSE,TRUE,FALSE,26382,0.265625,0.338983050847458,0.0733580508474576,17,20,0.325012118274358,0.343593472289546,0.0185813540151882,0.330220988588815,0.354567609999228,0.0243466214104125,0.073394495412844,0.0676605504587156,0.676605504587156
"bridge","Louisiana",5,0.25,33,100,FALSE,FALSE,FALSE,1707,0.216216216216216,0.25,0.0337837837837838,8,8,0.0963074119727745,0.0963074119727745,0,0.0993902222780617,0.0993902222780617,0,0.0423825887743414,0.0366552119129439,0.733104238258877
"bridge","Louisiana",5,0.4,33,92,FALSE,FALSE,FALSE,2194,0.216216216216216,0.25,0.0337837837837838,8,8,0.0963074119727745,0.0963074119727745,0,0.0993902222780617,0.0993902222780617,0,0.0423825887743414,0.0366552119129439,0.733104238258877
"bridge","Louisiana",5,0.5,31,94,FALSE,FALSE,FALSE,2275,0.216216216216216,0.242424242424242,0.0262080262080262,8,8,0.0963074119727745,0.0963074119727745,0,0.0993902222780617,0.0993902222780617,0,0.0423825887743414,0.0378006872852234,0.756013745704467
"bridge","Louisiana",5,0.55,29,86,FALSE,FALSE,FALSE,3035,0.216216216216216,0.206896551724138,-0.0093196644920783,8,6,0.0963074119727745,0.0798542258427569,-0.0164531861300177,0.0993902222780617,0.0850455309906039,-0.0143446912874578,0.0423825887743414,0.0332187857961054,0.664375715922108
"bridge","Louisiana",5,0.6,28,83,FALSE,FALSE,FALSE,2947,0.216216216216216,0.214285714285714,-0.00193050193050195,8,6,0.0963074119727745,0.0798542258427569,-0.0164531861300177,0.0993902222780617,0.0850455309906039,-0.0143446912874578,0.0423825887743414,0.0320733104238259,0.641466208476518
"bridge","Louisiana",5,0.65,27,89,FALSE,FALSE,FALSE,3136,0.216216216216216,0.222222222222222,0.00600600600600598,8,6,0.0963074119727745,0.0710649016560373,-0.0252425103167372,0.0993902222780617,0.0672422986185922,-0.0321479236594695,0.0423825887743414,0.0309278350515464,0.618556701030928
"bridge","Louisiana",5,0.7,32,97,FALSE,FALSE,FALSE,4344,0.216216216216216,0.153846153846154,-0.0623700623700624,8,4,0.0963074119727745,0.0439466209335977,-0.0523607910391768,0.0993902222780617,0.0382165626606216,-0.0611736596174401,0.0423825887743414,0.0297823596792669,0.595647193585338
"bridge","Louisiana",5,0.75,34,97,FALSE,FALSE,FALSE,4004,0.216216216216216,0.130434782608696,-0.0857814336075206,8,3,0.0963074119727745,0.0349429229862265,-0.0613644889865481,0.0993902222780617,0.0296034413293447,-0.069786780948717,0.0423825887743414,0.0263459335624284,0.526918671248568
"bridge","Louisiana",10,0.25,72,188,FALSE,FALSE,FALSE,7283,0.215189873417722,0.227848101265823,0.0126582278481013,17,18,0.229969451739107,0.215445629454955,-0.0145238222841524,0.241855072242761,0.228808305923468,-0.0130467663192929,0.0904925544100802,0.0904925544100802,0.904925544100802
"bridge","Louisiana",10,0.4,64,147,FALSE,FALSE,FALSE,7624,0.215189873417722,0.223684210526316,0.00849433710859426,17,17,0.229969451739107,0.209711131357522,-0.0202583203815853,0.241855072242761,0.224023833784327,-0.0178312384584337,0.0904925544100802,0.0870561282932417,0.870561282932417
"bridge","Louisiana",10,0.5,67,172,FALSE,FALSE,FALSE,10306,0.215189873417722,0.25,0.0348101265822785,17,18,0.229969451739107,0.215981563856584,-0.0139878878825232,0.241855072242761,0.229959511136422,-0.0118955611063388,0.0904925544100802,0.0824742268041237,0.824742268041237
"bridge","Louisiana",10,0.55,67,150,FALSE,TRUE,FALSE,12327,0.215189873417722,0.234375,0.0191851265822785,17,15,0.229969451739107,0.197384640120049,-0.0325848116190578,0.241855072242761,0.213076552825747,-0.028778519417014,0.0904925544100802,0.0733104238258877,0.733104238258877
"bridge","Louisiana",10,0.6,65,163,FALSE,TRUE,FALSE,16453,0.215189873417722,0.234375,0.0191851265822785,17,15,0.229969451739107,0.197331046679886,-0.0326384050592207,0.241855072242761,0.212761529259332,-0.0290935429834287,0.0904925544100802,0.0733104238258877,0.733104238258877
"bridge","Louisiana",10,0.65,69,173,FALSE,TRUE,FALSE,19757,0.215189873417722,0.220588235294118,0.00539836187639611,17,15,0.229969451739107,0.171606195401683,-0.0583632563374243,0.241855072242761,0.185076200064429,-0.0567788721783315,0.0904925544100802,0.0778923253150057,0.778923253150057
"bridge","Louisiana",10,0.7,74,177,FALSE,TRUE,FALSE,22824,0.215189873417722,0.209677419354839,-0.00551245406288281,17,13,0.229969451739107,0.160833913928935,-0.069135537810172,0.241855072242761,0.156134751462125,-0.0857203207806362,0.0904925544100802,0.0710194730813287,0.710194730813287
"bridge","Louisiana",10,0.75,75,189,FALSE,TRUE,FALSE,24769,0.215189873417722,0.220338983050847,0.00514910963312593,17,13,0.229969451739107,0.158100648480626,-0.0718688032584812,0.241855072242761,0.153457307482943,-0.0883977647598182,0.0904925544100802,0.0675830469644903,0.675830469644903
"bridge","Maine",5,0.25,35,122,FALSE,FALSE,FALSE,1973,0.260869565217391,0.285714285714286,0.0248447204968944,6,6,0.0674948240165631,0.0674948240165631,0,0.0615466204448664,0.0615466204448664,0,0.0247844827586207,0.0226293103448276,0.452586206896552
"bridge","Maine",5,0.4,35,112,FALSE,FALSE,FALSE,2171,0.260869565217391,0.227272727272727,-0.033596837944664,6,5,0.0674948240165631,0.0636128364389234,-0.00388198757763976,0.0615466204448664,0.0594255197738621,-0.00212110067100427,0.0247844827586207,0.0237068965517241,0.474137931034483
"bridge","Maine",5,0.5,37,107,FALSE,FALSE,FALSE,2194,0.260869565217391,0.285714285714286,0.0248447204968944,6,8,0.0674948240165631,0.108229813664596,0.0407349896480331,0.0615466204448664,0.113556926638778,0.0520103061939118,0.0247844827586207,0.0301724137931034,0.603448275862069
"bridge","Maine",5,0.55,32,94,FALSE,FALSE,FALSE,2801,0.260869565217391,0.235294117647059,-0.0255754475703325,6,4,0.0674948240165631,0.0660455486542443,-0.00144927536231884,0.0615466204448664,0.0756250190043879,0.0140783985595215,0.0247844827586207,0.0183189655172414,0.366379310344828
"bridge","Maine",5,0.6,31,104,FALSE,FALSE,FALSE,3629,0.260869565217391,0.3,0.0391304347826087,6,6,0.0674948240165631,0.0809006211180124,0.0134057971014493,0.0615466204448664,0.0898323384716986,0.0282857180268323,0.0247844827586207,0.021551724137931,0.431034482758621
"bridge","Maine",5,0.65,33,107,FALSE,FALSE,FALSE,3746,0.260869565217391,0.315789473684211,0.0549199084668192,6,6,0.0674948240165631,0.0809006211180124,0.0134057971014493,0.0615466204448664,0.0898323384716986,0.0282857180268323,0.0247844827586207,0.0204741379310345,0.40948275862069
"bridge","Maine",5,0.7,33,116,FALSE,FALSE,FALSE,6360,0.260869565217391,0.333333333333333,0.072463768115942,6,7,0.0674948240165631,0.0952898550724638,0.0277950310559006,0.0615466204448664,0.101763573904527,0.0402169534596608,0.0247844827586207,0.0226293103448276,0.452586206896552
"bridge","Maine",5,0.75,33,119,FALSE,FALSE,FALSE,6994,0.260869565217391,0.333333333333333,0.072463768115942,6,7,0.0674948240165631,0.0952898550724638,0.0277950310559006,0.0615466204448664,0.101763573904527,0.0402169534596608,0.0247844827586207,0.0226293103448276,0.452586206896552
"bridge","Maine",10,0.25,83,221,FALSE,FALSE,FALSE,7186,0.306818181818182,0.313432835820896,0.00661465400271372,27,21,0.311594202898551,0.254554865424431,-0.0570393374741201,0.326708341252496,0.271839546996014,-0.0548687942564819,0.0948275862068965,0.072198275862069,0.72198275862069
"bridge","Maine",10,0.4,74,208,FALSE,FALSE,FALSE,9909,0.306818181818182,0.310344827586207,0.00352664576802508,27,18,0.311594202898551,0.227536231884058,-0.0840579710144927,0.326708341252496,0.244289563027955,-0.0824187782245404,0.0948275862068965,0.0625,0.625
"bridge","Maine",10,0.5,71,224,FALSE,TRUE,FALSE,13491,0.306818181818182,0.278688524590164,-0.0281296572280179,27,17,0.311594202898551,0.220807453416149,-0.0907867494824016,0.326708341252496,0.23843110388325,-0.0882772373692456,0.0948275862068965,0.0657327586206897,0.657327586206896
"bridge","Maine",10,0.55,64,156,FALSE,FALSE,FALSE,10707,0.306818181818182,0.345454545454545,0.0386363636363636,27,19,0.311594202898551,0.221790890269151,-0.0898033126293996,0.326708341252496,0.244616435256385,-0.0820919059961103,0.0948275862068965,0.0592672413793103,0.592672413793103
"bridge","Maine",10,0.6,71,172,FALSE,TRUE,FALSE,14769,0.306818181818182,0.356164383561644,0.049346201743462,27,26,0.311594202898551,0.310144927536232,-0.00144927536231881,0.326708341252496,0.325022914064586,-0.00168542718790993,0.0948275862068965,0.0786637931034483,0.786637931034483
"bridge","Maine",10,0.65,70,179,FALSE,TRUE,FALSE,16206,0.306818181818182,0.364864864864865,0.058046683046683,27,27,0.311594202898551,0.329192546583851,0.0175983436853002,0.326708341252496,0.338645202333947,0.0119368610814516,0.0948275862068965,0.0797413793103448,0.797413793103448
"bridge","Maine",10,0.7,72,178,FALSE,TRUE,FALSE,20153,0.306818181818182,0.376623376623377,0.0698051948051948,27,29,0.311594202898551,0.331055900621118,0.0194616977225673,0.326708341252496,0.34492824686543,0.0182199056129346,0.0948275862068965,0.0829741379310345,0.829741379310345
"bridge","Maine",10,0.75,72,186,FALSE,TRUE,FALSE,20927,0.306818181818182,0.376623376623377,0.0698051948051948,27,29,0.311594202898551,0.331055900621118,0.0194616977225673,0.326708341252496,0.34492824686543,0.0182199056129346,0.0948275862068965,0.0829741379310345,0.829741379310345
"bridge","Maryland",5,0.25,32,89,FALSE,FALSE,FALSE,1418,0.125,0.125,0,3,3,0.035965220446162,0.035965220446162,0,0.0234619905057331,0.0234619905057331,0,0.0342857142857143,0.0342857142857143,0.685714285714286
"bridge","Maryland",5,0.4,30,85,FALSE,FALSE,FALSE,1522,0.125,0.105263157894737,-0.0197368421052632,3,2,0.035965220446162,0.0321886527314246,-0.0037765677147374,0.0234619905057331,0.0193482840434831,-0.00411370646225001,0.0342857142857143,0.0271428571428571,0.542857142857143
"bridge","Maryland",5,0.5,30,86,FALSE,FALSE,FALSE,1581,0.125,0.105263157894737,-0.0197368421052632,3,2,0.035965220446162,0.0321886527314246,-0.0037765677147374,0.0234619905057331,0.0193482840434831,-0.00411370646225001,0.0342857142857143,0.0271428571428571,0.542857142857143
"bridge","Maryland",5,0.55,27,76,FALSE,FALSE,FALSE,1782,0.125,0.0666666666666667,-0.0583333333333333,3,1,0.035965220446162,0.01721412260671,-0.018751097839452,0.0234619905057331,0.013549203149696,-0.00991278735603709,0.0342857142857143,0.0214285714285714,0.428571428571429
"bridge","Maryland",5,0.6,27,76,FALSE,FALSE,FALSE,1782,0.125,0.0666666666666667,-0.0583333333333333,3,1,0.035965220446162,0.01721412260671,-0.018751097839452,0.0234619905057331,0.013549203149696,-0.00991278735603709,0.0342857142857143,0.0214285714285714,0.428571428571429
"bridge","Maryland",5,0.65,24,86,FALSE,FALSE,FALSE,2256,0.125,0.133333333333333,0.00833333333333333,3,2,0.035965220446162,0.039697874582821,0.00373265413665905,0.0234619905057331,0.0405024323589029,0.0170404418531698,0.0342857142857143,0.0214285714285714,0.428571428571429
"bridge","Maryland",5,0.7,26,84,FALSE,FALSE,FALSE,2392,0.125,0.125,0,3,2,0.035965220446162,0.039697874582821,0.00373265413665905,0.0234619905057331,0.0405024323589029,0.0170404418531698,0.0342857142857143,0.0228571428571429,0.457142857142857
"bridge","Maryland",5,0.75,26,84,FALSE,FALSE,FALSE,2392,0.125,0.125,0,3,2,0.035965220446162,0.039697874582821,0.00373265413665905,0.0234619905057331,0.0405024323589029,0.0170404418531698,0.0342857142857143,0.0228571428571429,0.457142857142857
"bridge","Maryland",10,0.25,56,180,FALSE,FALSE,FALSE,5416,0.288888888888889,0.268292682926829,-0.0205962059620596,13,11,0.139162128930265,0.127437203583348,-0.0117249253469173,0.134162592809587,0.124413669093764,-0.00974892371582313,0.0642857142857143,0.0585714285714286,0.585714285714286
"bridge","Maryland",10,0.4,52,161,FALSE,FALSE,FALSE,6753,0.288888888888889,0.2,-0.0888888888888889,13,10,0.139162128930265,0.132355524328122,-0.006806604602143,0.134162592809587,0.129961218499447,-0.00420137431014039,0.0642857142857143,0.0714285714285714,0.714285714285714
"bridge","Maryland",10,0.5,52,175,FALSE,FALSE,FALSE,8432,0.288888888888889,0.2,-0.0888888888888889,13,10,0.139162128930265,0.132355524328122,-0.006806604602143,0.134162592809587,0.129961218499447,-0.00420137431014039,0.0642857142857143,0.0714285714285714,0.714285714285714
"bridge","Maryland",10,0.55,44,144,FALSE,FALSE,FALSE,9837,0.288888888888889,0.230769230769231,-0.0581196581196581,13,12,0.139162128930265,0.144695239768136,0.00553311083787106,0.134162592809587,0.140101095632951,0.00593850282336331,0.0642857142857143,0.0742857142857143,0.742857142857143
"bridge","Maryland",10,0.6,44,162,FALSE,TRUE,FALSE,14613,0.288888888888889,0.230769230769231,-0.0581196581196581,13,12,0.139162128930265,0.144695239768136,0.00553311083787106,0.134162592809587,0.140101095632951,0.00593850282336331,0.0642857142857143,0.0742857142857143,0.742857142857143
"bridge","Maryland",10,0.65,51,169,FALSE,TRUE,FALSE,15043,0.288888888888889,0.244444444444444,-0.0444444444444444,13,11,0.139162128930265,0.146012647110487,0.00685051818022131,0.134162592809587,0.13371637700394,-0.000446215805647632,0.0642857142857143,0.0642857142857143,0.642857142857143
"bridge","Maryland",10,0.7,50,165,FALSE,TRUE,FALSE,17773,0.288888888888889,0.2,-0.0888888888888889,13,9,0.139162128930265,0.122914105041279,-0.0162480238889865,0.134162592809587,0.108883595407098,-0.025278997402489,0.0642857142857143,0.0642857142857143,0.642857142857143
"bridge","Maryland",10,0.75,50,173,FALSE,TRUE,FALSE,20076,0.288888888888889,0.2,-0.0888888888888889,13,9,0.139162128930265,0.122914105041279,-0.0162480238889865,0.134162592809587,0.108883595407098,-0.025278997402489,0.0642857142857143,0.0642857142857143,0.642857142857143
"bridge","Massachusetts",5,0.25,41,114,FALSE,FALSE,FALSE,1627,0.42,0.42,0,21,21,0.158202068990376,0.158202068990376,0,0.14468378922337,0.14468378922337,0,0.0574052812858783,0.0574052812858783,1.14810562571757
"bridge","Massachusetts",5,0.4,38,104,FALSE,FALSE,FALSE,2525,0.42,0.466666666666667,0.0466666666666667,21,21,0.158202068990376,0.158202068990376,0,0.14468378922337,0.145357712347211,0.000673923123840986,0.0574052812858783,0.0516647531572905,1.03329506314581
"bridge","Massachusetts",5,0.5,36,104,FALSE,FALSE,FALSE,2544,0.42,0.425925925925926,0.00592592592592595,21,23,0.158202068990376,0.167681937786108,0.00947986879573226,0.14468378922337,0.151331857748953,0.00664806852558261,0.0574052812858783,0.0619977037887486,1.23995407577497
"bridge","Massachusetts",5,0.55,33,88,FALSE,FALSE,FALSE,2897,0.42,0.44,0.02,21,22,0.158202068990376,0.165519230076055,0.00731716108567929,0.14468378922337,0.14931128966744,0.00462750044406973,0.0574052812858783,0.0574052812858783,1.14810562571757
"bridge","Massachusetts",5,0.6,35,79,FALSE,FALSE,FALSE,2672,0.42,0.450980392156863,0.0309803921568628,21,23,0.158202068990376,0.175179324514292,0.0169772555239159,0.14468378922337,0.157443510417471,0.0127597211941006,0.0574052812858783,0.0585533869115959,1.17106773823192
"bridge","Massachusetts",5,0.65,34,80,FALSE,FALSE,FALSE,2672,0.42,0.4375,0.0175,21,21,0.158202068990376,0.152615074072739,-0.00558699491763687,0.14468378922337,0.133480575538754,-0.0112032136846167,0.0574052812858783,0.0551090700344432,1.10218140068886
"bridge","Massachusetts",5,0.7,35,97,FALSE,FALSE,FALSE,3661,0.42,0.431372549019608,0.0113725490196079,21,22,0.158202068990376,0.165266914176549,0.00706484518617309,0.14468378922337,0.149071664268405,0.00438787504503471,0.0574052812858783,0.0585533869115959,1.17106773823192
"bridge","Massachusetts",5,0.75,35,86,FALSE,FALSE,FALSE,3227,0.42,0.431372549019608,0.0113725490196079,21,22,0.158202068990376,0.165266914176549,0.00706484518617309,0.14468378922337,0.149071664268405,0.00438787504503471,0.0574052812858783,0.0585533869115959,1.17106773823192
"bridge","Massachusetts",10,0.25,81,202,FALSE,FALSE,FALSE,5898,0.354166666666667,0.323232323232323,-0.0309343434343434,34,32,0.272501171466676,0.241394225570414,-0.0311069458962621,0.246805830908995,0.220856354128979,-0.0259494767800158,0.110218140068886,0.113662456946039,1.13662456946039
"bridge","Massachusetts",10,0.4,72,185,FALSE,FALSE,FALSE,8707,0.354166666666667,0.417721518987342,0.0635548523206751,34,33,0.272501171466676,0.29225390188516,0.0197527304184839,0.246805830908995,0.289542855552912,0.042737024643917,0.110218140068886,0.0907003444316877,0.907003444316877
"bridge","Massachusetts",10,0.5,71,192,FALSE,FALSE,FALSE,10779,0.354166666666667,0.4,0.0458333333333333,34,34,0.272501171466676,0.294777060880222,0.0222758894135457,0.246805830908995,0.290939111525978,0.0441332806169832,0.110218140068886,0.0975889781859931,0.975889781859931
"bridge","Massachusetts",10,0.55,66,167,FALSE,TRUE,FALSE,14608,0.354166666666667,0.418918918918919,0.0647522522522522,34,31,0.272501171466676,0.258119165194824,-0.0143820062718524,0.246805830908995,0.25996797887246,0.0131621479634649,0.110218140068886,0.0849598163030999,0.849598163030999
"bridge","Massachusetts",10,0.6,65,166,FALSE,TRUE,FALSE,14581,0.354166666666667,0.426829268292683,0.0726626016260162,34,35,0.272501171466676,0.304437155318459,0.0319359838517824,0.246805830908995,0.302054677452965,0.0552488465439697,0.110218140068886,0.0941446613088404,0.941446613088404
"bridge","Massachusetts",10,0.65,71,178,FALSE,TRUE,FALSE,17967,0.354166666666667,0.44578313253012,0.0916164658634538,34,37,0.272501171466676,0.309231157409076,0.0367299859423998,0.246805830908995,0.305790158723891,0.0589843278148957,0.110218140068886,0.095292766934558,0.95292766934558
"bridge","Massachusetts",10,0.7,68,198,FALSE,TRUE,FALSE,22207,0.354166666666667,0.40506329113924,0.0508966244725738,34,32,0.272501171466676,0.292614353170169,0.0201131817034927,0.246805830908995,0.293703498425132,0.0468976675161368,0.110218140068886,0.0907003444316877,0.907003444316877
"bridge","Massachusetts",10,0.75,67,199,FALSE,TRUE,FALSE,25046,0.354166666666667,0.340425531914894,-0.0137411347517731,34,32,0.272501171466676,0.292614353170169,0.0201131817034927,0.246805830908995,0.293703498425132,0.0468976675161368,0.110218140068886,0.107921928817451,1.07921928817451
"bridge","Michigan",5,0.25,39,113,FALSE,FALSE,FALSE,1509,0.366666666666667,0.354838709677419,-0.0118279569892473,11,11,0.12815378454145,0.128654385262315,0.000500600720865052,0.14496160072384,0.146190811656869,0.00122921093302983,0.0347222222222222,0.0358796296296296,0.717592592592593
"bridge","Michigan",5,0.4,35,107,FALSE,FALSE,FALSE,1827,0.366666666666667,0.333333333333333,-0.0333333333333333,11,10,0.12815378454145,0.123448137765318,-0.00470564677613136,0.14496160072384,0.140949884897525,-0.00401171582631452,0.0347222222222222,0.0347222222222222,0.694444444444444
"bridge","Michigan",5,0.5,33,100,FALSE,FALSE,FALSE,1663,0.366666666666667,0.344827586206897,-0.0218390804597701,11,10,0.12815378454145,0.123448137765318,-0.00470564677613136,0.14496160072384,0.140949884897525,-0.00401171582631452,0.0347222222222222,0.0335648148148148,0.671296296296296
"bridge","Michigan",5,0.55,30,77,FALSE,FALSE,FALSE,1642,0.366666666666667,0.346153846153846,-0.0205128205128205,11,9,0.12815378454145,0.119343211854225,-0.00881057268722467,0.14496160072384,0.136977378093964,-0.00798422262987522,0.0347222222222222,0.0300925925925926,0.601851851851852
"bridge","Michigan",5,0.6,34,83,FALSE,FALSE,FALSE,1782,0.366666666666667,0.37037037037037,0.00370370370370371,11,10,0.12815378454145,0.122947537044453,-0.0052062474969964,0.14496160072384,0.139720673964495,-0.00524092675934432,0.0347222222222222,0.03125,0.625
"bridge","Michigan",5,0.65,36,94,FALSE,FALSE,FALSE,2629,0.366666666666667,0.428571428571429,0.0619047619047619,11,12,0.12815378454145,0.134911894273128,0.00675810973167801,0.14496160072384,0.150739748870274,0.00577814814643449,0.0347222222222222,0.0324074074074074,0.648148148148148
"bridge","Michigan",5,0.7,35,95,FALSE,FALSE,FALSE,2869,0.366666666666667,0.366666666666667,0,11,11,0.12815378454145,0.137414897877453,0.00926111333600321,0.14496160072384,0.154598166813334,0.00963656608949465,0.0347222222222222,0.0347222222222222,0.694444444444444
"bridge","Michigan",5,0.75,36,94,FALSE,FALSE,FALSE,2850,0.366666666666667,0.310344827586207,-0.0563218390804597,11,9,0.12815378454145,0.0894573488185823,-0.0386964357228674,0.14496160072384,0.109678845787698,-0.0352827549361418,0.0347222222222222,0.0335648148148148,0.671296296296296
"bridge","Michigan",10,0.25,77,206,FALSE,FALSE,FALSE,5741,0.294871794871795,0.320512820512821,0.0256410256410257,23,25,0.207198638366039,0.235132158590308,0.0279335202242691,0.213843972031843,0.24214762476961,0.0283036527377662,0.0902777777777778,0.0902777777777778,0.902777777777778
"bridge","Michigan",10,0.4,78,187,FALSE,FALSE,FALSE,7954,0.294871794871795,0.304347826086957,0.00947603121516166,23,21,0.207198638366039,0.212304765718863,0.0051061273528234,0.213843972031843,0.219477599972085,0.00563362794024153,0.0902777777777778,0.0798611111111111,0.798611111111111
"bridge","Michigan",10,0.5,77,190,FALSE,FALSE,FALSE,9863,0.294871794871795,0.298507462686567,0.00363566781477226,23,20,0.207198638366039,0.200640768922707,-0.006557869443332,0.213843972031843,0.21310146265892,-0.000742509372923694,0.0902777777777778,0.0775462962962963,0.775462962962963
"bridge","Michigan",10,0.55,67,152,FALSE,FALSE,FALSE,10743,0.294871794871795,0.375,0.0801282051282051,23,18,0.207198638366039,0.193382058470164,-0.013816579895875,0.213843972031843,0.206212453382508,-0.00763151864933559,0.0902777777777778,0.0555555555555556,0.555555555555555
"bridge","Michigan",10,0.6,67,163,FALSE,TRUE,FALSE,13061,0.294871794871795,0.38,0.0851282051282051,23,19,0.207198638366039,0.198588305967161,-0.00861033239887865,0.213843972031843,0.211788833817908,-0.00205513821393527,0.0902777777777778,0.0578703703703704,0.578703703703704
"bridge","Michigan",10,0.65,68,177,FALSE,TRUE,FALSE,17686,0.294871794871795,0.38,0.0851282051282051,23,19,0.207198638366039,0.198588305967161,-0.00861033239887865,0.213843972031843,0.211788833817908,-0.00205513821393527,0.0902777777777778,0.0578703703703704,0.578703703703704
"bridge","Michigan",10,0.7,67,188,FALSE,TRUE,FALSE,22767,0.294871794871795,0.363636363636364,0.0687645687645688,23,20,0.207198638366039,0.214457348818582,0.00725871045254306,0.213843972031843,0.225778648307839,0.0119346762759955,0.0902777777777778,0.0636574074074074,0.636574074074074
"bridge","Michigan",10,0.75,70,191,FALSE,TRUE,FALSE,23357,0.294871794871795,0.357142857142857,0.0622710622710623,23,15,0.207198638366039,0.135512615138166,-0.0716860232278735,0.213843972031843,0.152270630581276,-0.0615733414505672,0.0902777777777778,0.0486111111111111,0.486111111111111
"bridge","Minnesota",5,0.25,52,135,FALSE,FALSE,FALSE,1671,0.361111111111111,0.457142857142857,0.096031746031746,13,16,0.177944733185818,0.212319250759018,0.0343745175732002,0.214018039379523,0.244685750777487,0.0306677113979645,0.0404494382022472,0.0393258426966292,0.786516853932584
"bridge","Minnesota",5,0.4,49,125,FALSE,FALSE,FALSE,2144,0.361111111111111,0.457142857142857,0.096031746031746,13,16,0.177944733185818,0.212319250759018,0.0343745175732002,0.214018039379523,0.244685750777487,0.0306677113979645,0.0404494382022472,0.0393258426966292,0.786516853932584
"bridge","Minnesota",5,0.5,49,135,FALSE,FALSE,FALSE,2437,0.361111111111111,0.432432432432432,0.0713213213213214,13,16,0.177944733185818,0.212319250759018,0.0343745175732002,0.214018039379523,0.244685750777487,0.0306677113979645,0.0404494382022472,0.0415730337078652,0.831460674157303
"bridge","Minnesota",5,0.55,45,115,FALSE,FALSE,FALSE,3165,0.361111111111111,0.457142857142857,0.096031746031746,13,16,0.177944733185818,0.212319250759018,0.0343745175732002,0.214018039379523,0.244685750777487,0.0306677113979645,0.0404494382022472,0.0393258426966292,0.786516853932584
"bridge","Minnesota",5,0.6,47,108,FALSE,FALSE,FALSE,2675,0.361111111111111,0.482758620689655,0.121647509578544,13,14,0.177944733185818,0.187567539751968,0.00962280656615036,0.214018039379523,0.212445577044449,-0.00157246233507369,0.0404494382022472,0.0325842696629213,0.651685393258427
"bridge","Minnesota",5,0.65,49,113,FALSE,FALSE,FALSE,3152,0.361111111111111,0.516129032258065,0.155017921146953,13,16,0.177944733185818,0.210621108423815,0.0326763752379972,0.214018039379523,0.228740469561373,0.0147224301818503,0.0404494382022472,0.0348314606741573,0.696629213483146
"bridge","Minnesota",5,0.7,40,124,FALSE,FALSE,FALSE,4964,0.361111111111111,0.466666666666667,0.105555555555556,13,14,0.177944733185818,0.187567539751968,0.00962280656615036,0.214018039379523,0.212445577044449,-0.00157246233507369,0.0404494382022472,0.0337078651685393,0.674157303370786
"bridge","Minnesota",5,0.75,41,128,FALSE,FALSE,FALSE,6009,0.361111111111111,0.4375,0.0763888888888889,13,14,0.177944733185818,0.187567539751968,0.00962280656615036,0.214018039379523,0.212445577044449,-0.00157246233507369,0.0404494382022472,0.0359550561797753,0.719101123595506
"bridge","Minnesota",10,0.25,96,241,FALSE,FALSE,FALSE,7887,0.323943661971831,0.315068493150685,-0.00887516882114608,23,23,0.291102763340709,0.298152626974734,0.0070498636340246,0.321231954968434,0.328988482733657,0.00775652776522245,0.0797752808988764,0.0820224719101124,0.820224719101124
"bridge","Minnesota",10,0.4,87,217,FALSE,FALSE,FALSE,10461,0.323943661971831,0.311688311688312,-0.0122553502835193,23,24,0.291102763340709,0.311943601090928,0.0208408377502187,0.321231954968434,0.342112595309103,0.0208806403406687,0.0797752808988764,0.0865168539325843,0.865168539325843
"bridge","Minnesota",10,0.5,91,224,FALSE,TRUE,FALSE,12168,0.323943661971831,0.316455696202532,-0.00748796576929933,23,25,0.291102763340709,0.325374363196624,0.0342715998559152,0.321231954968434,0.352911695315351,0.0316797403469163,0.0797752808988764,0.0887640449438202,0.887640449438202
"bridge","Minnesota",10,0.55,82,195,FALSE,TRUE,FALSE,17412,0.323943661971831,0.348484848484849,0.0245411865130175,23,23,0.291102763340709,0.307312303813101,0.0162095404723923,0.321231954968434,0.336824655494615,0.0155927005261812,0.0797752808988764,0.0741573033707865,0.741573033707865
"bridge","Minnesota",10,0.6,85,196,FALSE,TRUE,FALSE,19651,0.323943661971831,0.392857142857143,0.0689134808853119,23,22,0.291102763340709,0.294087377141975,0.00298461380126586,0.321231954968434,0.317016623886501,-0.00421533108193356,0.0797752808988764,0.0629213483146067,0.629213483146067
"bridge","Minnesota",10,0.65,84,216,FALSE,TRUE,FALSE,22536,0.323943661971831,0.39622641509434,0.0722827531225086,23,21,0.291102763340709,0.282560592806052,-0.00854217053465756,0.321231954968434,0.304584481761577,-0.0166474732068571,0.0797752808988764,0.0595505617977528,0.595505617977528
"bridge","Minnesota",10,0.7,86,216,FALSE,TRUE,FALSE,24160,0.323943661971831,0.403508771929825,0.0795651099579935,23,23,0.291102763340709,0.27576802346524,-0.0153347398754696,0.321231954968434,0.285225582359729,-0.036006372608705,0.0797752808988764,0.0640449438202247,0.640449438202247
"bridge","Minnesota",10,0.75,85,231,FALSE,TRUE,FALSE,27472,0.323943661971831,0.403508771929825,0.0795651099579935,23,23,0.291102763340709,0.27576802346524,-0.0153347398754696,0.321231954968434,0.285225582359729,-0.036006372608705,0.0797752808988764,0.0640449438202247,0.640449438202247
"bridge","Mississippi",5,0.25,37,99,FALSE,FALSE,FALSE,3020,0.219512195121951,0.189189189189189,-0.030323005932762,9,7,0.0614603174603175,0.0477883597883598,-0.0136719576719577,0.0614169106052766,0.0471869573984767,-0.0142299532068,0.0381040892193309,0.0343866171003717,0.687732342007435
"bridge","Mississippi",5,0.4,38,95,FALSE,FALSE,FALSE,3136,0.219512195121951,0.194444444444444,-0.0250677506775068,9,7,0.0614603174603175,0.0477883597883598,-0.0136719576719577,0.0614169106052766,0.0471869573984767,-0.0142299532068,0.0381040892193309,0.033457249070632,0.669144981412639
"bridge","Mississippi",5,0.5,38,109,FALSE,FALSE,FALSE,4432,0.219512195121951,0.194444444444444,-0.0250677506775068,9,7,0.0614603174603175,0.0477883597883598,-0.0136719576719577,0.0614169106052766,0.0471869573984767,-0.0142299532068,0.0381040892193309,0.033457249070632,0.669144981412639
"bridge","Mississippi",5,0.55,42,109,FALSE,FALSE,FALSE,6086,0.219512195121951,0.176470588235294,-0.0430416068866571,9,6,0.0614603174603175,0.0432592592592593,-0.0182010582010582,0.0614169106052766,0.0428683233758729,-0.0185485872294038,0.0381040892193309,0.0315985130111524,0.631970260223048
"bridge","Mississippi",5,0.6,38,105,FALSE,FALSE,FALSE,5373,0.219512195121951,0.151515151515152,-0.0679970436067997,9,5,0.0614603174603175,0.0375873015873016,-0.0238730158730159,0.0614169106052766,0.0365004216042186,-0.024916489001058,0.0381040892193309,0.0306691449814126,0.613382899628253
"bridge","Mississippi",5,0.65,38,125,FALSE,FALSE,FALSE,9837,0.219512195121951,0.151515151515152,-0.0679970436067997,9,5,0.0614603174603175,0.0375873015873016,-0.0238730158730159,0.0614169106052766,0.0365004216042186,-0.024916489001058,0.0381040892193309,0.0306691449814126,0.613382899628253
"bridge","Mississippi",5,0.7,39,122,FALSE,FALSE,FALSE,10456,0.219512195121951,0.151515151515152,-0.0679970436067997,9,5,0.0614603174603175,0.0375873015873016,-0.0238730158730159,0.0614169106052766,0.0365004216042186,-0.024916489001058,0.0381040892193309,0.0306691449814126,0.613382899628253
"bridge","Mississippi",5,0.75,39,127,FALSE,FALSE,FALSE,10764,0.219512195121951,0.151515151515152,-0.0679970436067997,9,5,0.0614603174603175,0.0375873015873016,-0.0238730158730159,0.0614169106052766,0.0365004216042186,-0.024916489001058,0.0381040892193309,0.0306691449814126,0.613382899628253
"bridge","Mississippi",10,0.25,64,173,FALSE,FALSE,FALSE,10288,0.317307692307692,0.31,-0.00730769230769229,33,31,0.247280423280423,0.233608465608466,-0.0136719576719577,0.246882727744347,0.232652774537547,-0.0142299532068,0.0966542750929368,0.0929368029739777,0.929368029739777
"bridge","Mississippi",10,0.4,57,175,FALSE,TRUE,FALSE,14251,0.317307692307692,0.329787234042553,0.0124795417348609,33,31,0.247280423280423,0.233608465608466,-0.0136719576719577,0.246882727744347,0.232652774537547,-0.0142299532068,0.0966542750929368,0.087360594795539,0.87360594795539
"bridge","Mississippi",10,0.5,62,198,FALSE,TRUE,FALSE,21520,0.317307692307692,0.34375,0.0264423076923077,33,33,0.247280423280423,0.249185185185185,0.00190476190476191,0.246882727744347,0.246785962082229,-9.67656621184421e-05,0.0966542750929368,0.0892193308550186,0.892193308550186
"bridge","Mississippi",10,0.55,61,178,FALSE,TRUE,FALSE,22621,0.317307692307692,0.321428571428571,0.00412087912087916,33,27,0.247280423280423,0.185312169312169,-0.061968253968254,0.246882727744347,0.186463112531446,-0.0604196152129014,0.0966542750929368,0.0780669144981413,0.780669144981413
"bridge","Mississippi",10,0.6,70,183,FALSE,TRUE,FALSE,27482,0.317307692307692,0.320987654320988,0.00367996201329535,33,26,0.247280423280423,0.17231746031746,-0.074962962962963,0.246882727744347,0.17379130191816,-0.0730914258261871,0.0966542750929368,0.0752788104089219,0.752788104089219
"bridge","Mississippi",10,0.65,71,184,FALSE,TRUE,FALSE,27329,0.317307692307692,0.320987654320988,0.00367996201329535,33,26,0.247280423280423,0.17231746031746,-0.074962962962963,0.246882727744347,0.17379130191816,-0.0730914258261871,0.0966542750929368,0.0752788104089219,0.752788104089219
"bridge","Mississippi",10,0.7,68,207,FALSE,TRUE,FALSE,32915,0.317307692307692,0.30952380952381,-0.00778388278388276,33,26,0.247280423280423,0.177269841269841,-0.070010582010582,0.246882727744347,0.179608032509678,-0.0672746952346692,0.0966542750929368,0.0780669144981413,0.780669144981413
"bridge","Mississippi",10,0.75,82,206,FALSE,TRUE,FALSE,32915,0.317307692307692,0.32183908045977,0.00453138815207782,33,28,0.247280423280423,0.192973544973545,-0.0543068783068783,0.246882727744347,0.195770209886275,-0.0511125178580722,0.0966542750929368,0.0808550185873606,0.808550185873606
"bridge","Missouri",5,0.25,29,96,FALSE,FALSE,FALSE,1825,0.35,0.35,0,7,7,0.100118106659399,0.100118106659399,0,0.103418571216015,0.103418571216015,0,0.0264550264550265,0.0264550264550265,0.529100529100529
"bridge","Missouri",5,0.4,26,90,FALSE,FALSE,FALSE,2288,0.35,0.3,-0.05,7,6,0.100118106659399,0.0894885073135278,-0.0106295993458708,0.103418571216015,0.0939924482234667,-0.00942612299254811,0.0264550264550265,0.0264550264550265,0.529100529100529
"bridge","Missouri",5,0.5,30,90,FALSE,FALSE,FALSE,2256,0.35,0.318181818181818,-0.0318181818181818,7,7,0.100118106659399,0.100118106659399,0,0.103418571216015,0.103418571216015,0,0.0264550264550265,0.0291005291005291,0.582010582010582
"bridge","Missouri",5,0.55,30,83,FALSE,FALSE,FALSE,2964,0.35,0.285714285714286,-0.0642857142857143,7,4,0.100118106659399,0.0672299445807214,-0.0328881620786772,0.103418571216015,0.0730397545182297,-0.0303788166977851,0.0264550264550265,0.0185185185185185,0.37037037037037
"bridge","Missouri",5,0.6,29,83,FALSE,FALSE,FALSE,3230,0.35,0.285714285714286,-0.0642857142857143,7,4,0.100118106659399,0.0672299445807214,-0.0328881620786772,0.103418571216015,0.0730397545182297,-0.0303788166977851,0.0264550264550265,0.0185185185185185,0.37037037037037
"bridge","Missouri",5,0.65,29,85,FALSE,FALSE,FALSE,3421,0.35,0.285714285714286,-0.0642857142857143,7,4,0.100118106659399,0.0672299445807214,-0.0328881620786772,0.103418571216015,0.0730397545182297,-0.0303788166977851,0.0264550264550265,0.0185185185185185,0.37037037037037
"bridge","Missouri",5,0.7,29,84,FALSE,FALSE,FALSE,4075,0.35,0.375,0.025,7,6,0.100118106659399,0.0841282820023621,-0.0159898246570364,0.103418571216015,0.091950007854696,-0.0114685633613188,0.0264550264550265,0.0211640211640212,0.423280423280423
"bridge","Missouri",5,0.75,31,91,FALSE,FALSE,FALSE,4713,0.35,0.4,0.05,7,6,0.100118106659399,0.0841282820023621,-0.0159898246570364,0.103418571216015,0.091950007854696,-0.0114685633613188,0.0264550264550265,0.0198412698412698,0.396825396825397
"bridge","Missouri",10,0.25,64,183,FALSE,FALSE,FALSE,6991,0.291666666666667,0.297872340425532,0.00620567375886522,14,14,0.194785136731171,0.17788679930953,-0.0168983374216408,0.20744041134518,0.186052931144325,-0.0213874802008551,0.0634920634920635,0.0621693121693122,0.621693121693122
"bridge","Missouri",10,0.4,58,170,FALSE,FALSE,FALSE,9956,0.291666666666667,0.325,0.0333333333333333,14,13,0.194785136731171,0.170982102298537,-0.0238030344326338,0.20744041134518,0.181243427347103,-0.026196983998077,0.0634920634920635,0.0529100529100529,0.529100529100529
"bridge","Missouri",10,0.5,57,179,FALSE,FALSE,FALSE,11774,0.291666666666667,0.325,0.0333333333333333,14,13,0.194785136731171,0.170982102298537,-0.0238030344326338,0.20744041134518,0.181243427347103,-0.026196983998077,0.0634920634920635,0.0529100529100529,0.529100529100529
"bridge","Missouri",10,0.55,55,158,FALSE,TRUE,FALSE,17341,0.291666666666667,0.227272727272727,-0.0643939393939394,14,10,0.194785136731171,0.135368401926047,-0.059416734805124,0.20744041134518,0.141024325704659,-0.0664160856405209,0.0634920634920635,0.0582010582010582,0.582010582010582
"bridge","Missouri",10,0.6,54,153,FALSE,TRUE,FALSE,15864,0.291666666666667,0.232558139534884,-0.059108527131783,14,10,0.194785136731171,0.135368401926047,-0.059416734805124,0.20744041134518,0.141024325704659,-0.0664160856405209,0.0634920634920635,0.0568783068783069,0.568783068783069
"bridge","Missouri",10,0.65,55,157,FALSE,TRUE,FALSE,17686,0.291666666666667,0.234042553191489,-0.0576241134751773,14,11,0.194785136731171,0.15272099572999,-0.0420641410011811,0.20744041134518,0.157552258696564,-0.049888152648616,0.0634920634920635,0.0621693121693122,0.621693121693122
"bridge","Missouri",10,0.7,57,163,FALSE,TRUE,FALSE,19902,0.291666666666667,0.276595744680851,-0.0150709219858156,14,13,0.194785136731171,0.171708912510221,-0.0230762242209503,0.20744041134518,0.180506656101612,-0.0269337552435681,0.0634920634920635,0.0621693121693122,0.621693121693122
"bridge","Missouri",10,0.75,63,181,FALSE,TRUE,FALSE,22364,0.291666666666667,0.267857142857143,-0.0238095238095238,14,15,0.194785136731171,0.18824384482602,-0.00654129190515126,0.20744041134518,0.195343676922148,-0.0120967344230323,0.0634920634920635,0.0740740740740741,0.740740740740741
"bridge","Montana",5,0.25,37,101,FALSE,FALSE,FALSE,1711,0.235294117647059,0.235294117647059,0,4,4,0.0637806347930896,0.0637806347930896,0,0.0704792046122351,0.0704792046122351,0,0.0295652173913043,0.0295652173913043,0.591304347826087
"bridge","Montana",5,0.4,36,84,FALSE,FALSE,FALSE,1507,0.235294117647059,0.133333333333333,-0.101960784313725,4,2,0.0637806347930896,0.019485737243873,-0.0442948975492166,0.0704792046122351,0.0212767537637483,-0.0492024508484868,0.0295652173913043,0.0260869565217391,0.521739130434783
"bridge","Montana",5,0.5,38,84,FALSE,FALSE,FALSE,1608,0.235294117647059,0.117647058823529,-0.117647058823529,4,2,0.0637806347930896,0.019485737243873,-0.0442948975492166,0.0704792046122351,0.0212767537637483,-0.0492024508484868,0.0295652173913043,0.0295652173913043,0.591304347826087
"bridge","Montana",5,0.55,36,77,FALSE,FALSE,FALSE,1941,0.235294117647059,0.235294117647059,0,4,4,0.0637806347930896,0.0548413017276014,-0.00893933306548815,0.0704792046122351,0.0595132702736665,-0.0109659343385686,0.0295652173913043,0.0295652173913043,0.591304347826087
"bridge","Montana",5,0.6,38,78,FALSE,FALSE,FALSE,1833,0.235294117647059,0.210526315789474,-0.0247678018575851,4,4,0.0637806347930896,0.0548413017276014,-0.00893933306548815,0.0704792046122351,0.0595132702736665,-0.0109659343385686,0.0295652173913043,0.0330434782608696,0.660869565217391
"bridge","Montana",5,0.65,38,91,FALSE,FALSE,FALSE,2334,0.235294117647059,0.210526315789474,-0.0247678018575851,4,4,0.0637806347930896,0.0548413017276014,-0.00893933306548815,0.0704792046122351,0.0595132702736665,-0.0109659343385686,0.0295652173913043,0.0330434782608696,0.660869565217391
"bridge","Montana",5,0.7,39,100,FALSE,FALSE,FALSE,2989,0.235294117647059,0.173913043478261,-0.061381074168798,4,4,0.0637806347930896,0.0573523503415026,-0.00642828445158698,0.0704792046122351,0.0534170300663888,-0.0170621745458463,0.0295652173913043,0.04,0.8
"bridge","Montana",5,0.75,39,100,FALSE,FALSE,FALSE,2989,0.235294117647059,0.173913043478261,-0.061381074168798,4,4,0.0637806347930896,0.0573523503415026,-0.00642828445158698,0.0704792046122351,0.0534170300663888,-0.0170621745458463,0.0295652173913043,0.04,0.8
"bridge","Montana",10,0.25,72,171,FALSE,FALSE,FALSE,4073,0.214285714285714,0.256410256410256,0.0421245421245421,9,10,0.112595419847328,0.122237846524709,0.00964242667738048,0.117735820910017,0.126440523247824,0.00870470233780693,0.0730434782608696,0.0678260869565217,0.678260869565217
"bridge","Montana",10,0.4,69,166,FALSE,FALSE,FALSE,5364,0.214285714285714,0.230769230769231,0.0164835164835165,9,9,0.112595419847328,0.113901165126557,0.00130574527922861,0.117735820910017,0.121165506514672,0.00342968560465499,0.0730434782608696,0.0678260869565217,0.678260869565217
"bridge","Montana",10,0.5,67,174,FALSE,FALSE,FALSE,8023,0.214285714285714,0.225,0.0107142857142857,9,9,0.112595419847328,0.117014865407794,0.00441944556046606,0.117735820910017,0.119589798847191,0.00185397793717393,0.0730434782608696,0.0695652173913043,0.695652173913043
"bridge","Montana",10,0.55,63,159,FALSE,FALSE,FALSE,11640,0.214285714285714,0.25,0.0357142857142857,9,9,0.112595419847328,0.113901165126557,0.00130574527922861,0.117735820910017,0.121165506514672,0.00342968560465499,0.0730434782608696,0.0626086956521739,0.626086956521739
"bridge","Montana",10,0.6,63,162,FALSE,FALSE,FALSE,11938,0.214285714285714,0.25,0.0357142857142857,9,9,0.112595419847328,0.113901165126557,0.00130574527922861,0.117735820910017,0.121165506514672,0.00342968560465499,0.0730434782608696,0.0626086956521739,0.626086956521739
"bridge","Montana",10,0.65,68,174,FALSE,TRUE,FALSE,12793,0.214285714285714,0.314285714285714,0.1,9,11,0.112595419847328,0.132181599035757,0.0195861791884291,0.117735820910017,0.13582457861991,0.0180887577098927,0.0730434782608696,0.0608695652173913,0.608695652173913
"bridge","Montana",10,0.7,68,182,FALSE,TRUE,FALSE,16197,0.214285714285714,0.272727272727273,0.0584415584415584,9,9,0.112595419847328,0.0989353153877059,-0.0136601044596223,0.117735820910017,0.0971195591911495,-0.0206162617188678,0.0730434782608696,0.0573913043478261,0.573913043478261
"bridge","Montana",10,0.75,68,182,FALSE,TRUE,FALSE,15698,0.214285714285714,0.272727272727273,0.0584415584415584,9,9,0.112595419847328,0.0989353153877059,-0.0136601044596223,0.117735820910017,0.0971195591911495,-0.0206162617188678,0.0730434782608696,0.0573913043478261,0.573913043478261
"bridge","Nebraska",5,0.25,55,122,FALSE,FALSE,FALSE,2194,0.1,0.142857142857143,0.0428571428571428,4,5,0.062706932878499,0.0751479883615933,0.0124410554830942,0.0500897889829253,0.062216943809598,0.0121271548266727,0.0454029511918275,0.039727582292849,0.794551645856981
"bridge","Nebraska",5,0.4,52,115,FALSE,FALSE,FALSE,2544,0.1,0.142857142857143,0.0428571428571428,4,5,0.062706932878499,0.0751479883615933,0.0124410554830942,0.0500897889829253,0.062216943809598,0.0121271548266727,0.0454029511918275,0.039727582292849,0.794551645856981
"bridge","Nebraska",5,0.5,52,119,FALSE,FALSE,FALSE,2928,0.1,0.142857142857143,0.0428571428571428,4,5,0.062706932878499,0.0751479883615933,0.0124410554830942,0.0500897889829253,0.062216943809598,0.0121271548266727,0.0454029511918275,0.039727582292849,0.794551645856981
"bridge","Nebraska",5,0.55,43,96,FALSE,FALSE,FALSE,3400,0.1,0.166666666666667,0.0666666666666667,4,7,0.062706932878499,0.180395304504866,0.117688371626367,0.0500897889829253,0.236838250134991,0.186748461152066,0.0454029511918275,0.0476730987514188,0.953461975028377
"bridge","Nebraska",5,0.6,43,101,FALSE,FALSE,FALSE,4143,0.1,0.166666666666667,0.0666666666666667,4,7,0.062706932878499,0.180395304504866,0.117688371626367,0.0500897889829253,0.236838250134991,0.186748461152066,0.0454029511918275,0.0476730987514188,0.953461975028377
"bridge","Nebraska",5,0.65,44,99,FALSE,FALSE,FALSE,4143,0.1,0.166666666666667,0.0666666666666667,4,7,0.062706932878499,0.180395304504866,0.117688371626367,0.0500897889829253,0.236838250134991,0.186748461152066,0.0454029511918275,0.0476730987514188,0.953461975028377
"bridge","Nebraska",5,0.7,42,115,FALSE,FALSE,FALSE,5250,0.1,0.170731707317073,0.0707317073170732,4,7,0.062706932878499,0.180395304504866,0.117688371626367,0.0500897889829253,0.236838250134991,0.186748461152066,0.0454029511918275,0.0465380249716232,0.930760499432463
"bridge","Nebraska",5,0.75,46,114,FALSE,FALSE,FALSE,5160,0.1,0.175,0.075,4,7,0.062706932878499,0.180395304504866,0.117688371626367,0.0500897889829253,0.236838250134991,0.186748461152066,0.0454029511918275,0.0454029511918275,0.908059023836549
"bridge","Nebraska",10,0.25,91,228,FALSE,FALSE,FALSE,8808,0.129032258064516,0.134831460674157,0.00579920260964117,12,12,0.245911507976322,0.27079361894251,0.0248821109661884,0.294149691138534,0.338983351396617,0.0448336602580828,0.105561861520999,0.101021566401816,1.01021566401816
"bridge","Nebraska",10,0.4,88,205,FALSE,FALSE,FALSE,10920,0.129032258064516,0.130952380952381,0.00192012288786483,12,11,0.245911507976322,0.259556536570683,0.0136450285943614,0.294149691138534,0.329134532410863,0.034984841272329,0.105561861520999,0.0953461975028377,0.953461975028377
"bridge","Nebraska",10,0.5,90,207,FALSE,FALSE,FALSE,11064,0.129032258064516,0.128654970760234,-0.000377287304282214,12,22,0.245911507976322,0.484699508377646,0.238788000401324,0.294149691138534,0.525526910530203,0.23137721939167,0.105561861520999,0.194097616345062,1.94097616345062
"bridge","Nebraska",10,0.55,65,177,FALSE,TRUE,FALSE,13933,0.129032258064516,0.154761904761905,0.0257296466973886,12,13,0.245911507976322,0.362797230861844,0.116885722885522,0.294149691138534,0.420017198092901,0.125867506954368,0.105561861520999,0.0953461975028377,0.953461975028377
"bridge","Nebraska",10,0.6,68,180,FALSE,TRUE,FALSE,14771,0.129032258064516,0.148148148148148,0.019115890083632,12,12,0.245911507976322,0.348349553526638,0.102438045550316,0.294149691138534,0.403438030806698,0.109288339668164,0.105561861520999,0.0919409761634506,0.919409761634506
"bridge","Nebraska",10,0.65,71,191,FALSE,TRUE,FALSE,20020,0.129032258064516,0.1625,0.0334677419354839,12,13,0.245911507976322,0.356175378749875,0.110263870773553,0.294149691138534,0.410012022904,0.115862331765467,0.105561861520999,0.0908059023836549,0.908059023836549
"bridge","Nebraska",10,0.7,75,209,FALSE,TRUE,FALSE,23970,0.129032258064516,0.185714285714286,0.0566820276497696,12,13,0.245911507976322,0.356075047657269,0.110163539680947,0.294149691138534,0.411256453929974,0.11710676279144,0.105561861520999,0.0794551645856981,0.794551645856981
"bridge","Nebraska",10,0.75,77,213,FALSE,TRUE,FALSE,21826,0.129032258064516,0.183098591549296,0.0540663334847797,12,13,0.245911507976322,0.356075047657269,0.110163539680947,0.294149691138534,0.411256453929974,0.11710676279144,0.105561861520999,0.0805902383654938,0.805902383654937
"bridge","Nevada",5,0.25,38,96,FALSE,FALSE,FALSE,1537,0.25,0.235294117647059,-0.0147058823529412,9,8,0.135034993824619,0.116646082063949,-0.0183889117606697,0.134624041014316,0.11029667527318,-0.0243273657411359,0.0395170142700329,0.0373216245883644,0.746432491767289
"bridge","Nevada",5,0.4,35,91,FALSE,FALSE,FALSE,1976,0.25,0.228571428571429,-0.0214285714285714,9,8,0.135034993824619,0.116646082063949,-0.0183889117606697,0.134624041014316,0.11029667527318,-0.0243273657411359,0.0395170142700329,0.0384193194291987,0.768386388583974
"bridge","Nevada",5,0.5,36,95,FALSE,FALSE,FALSE,2226,0.25,0.295454545454545,0.0454545454545455,9,13,0.135034993824619,0.192466035405517,0.0574310415808975,0.134624041014316,0.188266054073112,0.0536420130587952,0.0395170142700329,0.0482985729967069,0.965971459934138
"bridge","Nevada",5,0.55,34,86,FALSE,FALSE,FALSE,2934,0.25,0.325581395348837,0.0755813953488372,9,14,0.135034993824619,0.20763002607383,0.0725950322492109,0.134624041014316,0.204275547949214,0.069651506934898,0.0395170142700329,0.0472008781558727,0.944017563117453
"bridge","Nevada",5,0.6,31,85,FALSE,FALSE,FALSE,3394,0.25,0.375,0.125,9,15,0.135034993824619,0.217579250720461,0.0825442568958419,0.134624041014316,0.21140527636473,0.0767812353504135,0.0395170142700329,0.0439077936333699,0.878155872667398
"bridge","Nevada",5,0.65,29,87,FALSE,FALSE,FALSE,2886,0.25,0.305555555555556,0.0555555555555556,9,11,0.135034993824619,0.139563606422396,0.00452861259777684,0.134624041014316,0.127953717722985,-0.00667032329133141,0.0395170142700329,0.0395170142700329,0.790340285400659
"bridge","Nevada",5,0.7,29,83,FALSE,FALSE,FALSE,3187,0.25,0.307692307692308,0.0576923076923077,9,12,0.135034993824619,0.165500205846027,0.030465212021408,0.134624041014316,0.164653196468965,0.0300291554546488,0.0395170142700329,0.0428100987925357,0.856201975850713
"bridge","Nevada",5,0.75,27,95,FALSE,FALSE,FALSE,4275,0.25,0.303030303030303,0.053030303030303,9,10,0.135034993824619,0.137162069438726,0.0021270756141073,0.134624041014316,0.133196102312314,-0.00142793870200258,0.0395170142700329,0.0362239297475302,0.724478594950604
"bridge","Nevada",10,0.25,61,178,FALSE,FALSE,FALSE,5249,0.236111111111111,0.254237288135593,0.0181261770244821,17,15,0.243310004116921,0.206532180595581,-0.0367778235213394,0.245206927758793,0.201961595652493,-0.0432453321062999,0.0790340285400659,0.0647639956092206,0.647639956092206
"bridge","Nevada",10,0.4,50,159,FALSE,FALSE,FALSE,8302,0.236111111111111,0.258620689655172,0.0225095785440613,17,15,0.243310004116921,0.206532180595581,-0.0367778235213394,0.245206927758793,0.201961595652493,-0.0432453321062999,0.0790340285400659,0.0636663007683864,0.636663007683864
"bridge","Nevada",10,0.5,57,193,FALSE,TRUE,FALSE,14874,0.236111111111111,0.23943661971831,0.00332550860719874,17,17,0.243310004116921,0.243310004116921,0,0.245206927758793,0.243249731318229,-0.00195719644056372,0.0790340285400659,0.0779363336992316,0.779363336992316
"bridge","Nevada",10,0.55,52,164,FALSE,TRUE,FALSE,18799,0.236111111111111,0.266666666666667,0.0305555555555556,17,16,0.243310004116921,0.235968162481131,-0.00734184163578977,0.245206927758793,0.235732642105866,-0.00947428565292696,0.0790340285400659,0.0658616904500549,0.658616904500549
"bridge","Nevada",10,0.6,57,146,FALSE,TRUE,FALSE,15038,0.236111111111111,0.238805970149254,0.00269485903814262,17,16,0.243310004116921,0.224921092356251,-0.0183889117606697,0.245206927758793,0.218922365577093,-0.0262845621816996,0.0790340285400659,0.0735455543358946,0.735455543358946
"bridge","Nevada",10,0.65,51,188,FALSE,TRUE,FALSE,21291,0.236111111111111,0.243589743589744,0.00747863247863248,17,19,0.243310004116921,0.257787841361328,0.0144778372444078,0.245206927758793,0.251227859844571,0.00602093208577856,0.0790340285400659,0.0856201975850713,0.856201975850713
"bridge","Nevada",10,0.7,58,187,FALSE,TRUE,FALSE,25655,0.236111111111111,0.212121212121212,-0.023989898989899,17,14,0.243310004116921,0.199739261698916,-0.0435707424180047,0.245206927758793,0.19781261051346,-0.0473943172453324,0.0790340285400659,0.0724478594950604,0.724478594950604
"bridge","Nevada",10,0.75,59,213,FALSE,TRUE,FALSE,28508,0.236111111111111,0.265625,0.0295138888888889,17,17,0.243310004116921,0.228008782763826,-0.0153012213530946,0.245206927758793,0.219834588074731,-0.0253723396840618,0.0790340285400659,0.0702524698133919,0.702524698133919
"bridge","New Hampshire",5,0.25,38,101,FALSE,FALSE,FALSE,1442,0.230769230769231,0.230769230769231,0,9,9,0.13483367880762,0.13483367880762,0,0.141337224159823,0.141337224159823,0,0.0629032258064516,0.0629032258064516,1.25806451612903
"bridge","New Hampshire",5,0.4,36,92,FALSE,FALSE,FALSE,1652,0.230769230769231,0.233333333333333,0.00256410256410255,9,7,0.13483367880762,0.117856085282795,-0.0169775935248248,0.141337224159823,0.120829198918886,-0.0205080252409368,0.0629032258064516,0.0483870967741935,0.967741935483871
"bridge","New Hampshire",5,0.5,36,92,FALSE,FALSE,FALSE,1657,0.230769230769231,0.233333333333333,0.00256410256410255,9,7,0.13483367880762,0.117856085282795,-0.0169775935248248,0.141337224159823,0.120829198918886,-0.0205080252409368,0.0629032258064516,0.0483870967741935,0.967741935483871
"bridge","New Hampshire",5,0.55,35,84,FALSE,FALSE,FALSE,2269,0.230769230769231,0.269230769230769,0.0384615384615384,9,7,0.13483367880762,0.117856085282795,-0.0169775935248248,0.141337224159823,0.120829198918886,-0.0205080252409368,0.0629032258064516,0.0419354838709677,0.838709677419355
"bridge","New Hampshire",5,0.6,35,86,FALSE,FALSE,FALSE,2258,0.230769230769231,0.269230769230769,0.0384615384615384,9,7,0.13483367880762,0.117856085282795,-0.0169775935248248,0.141337224159823,0.120829198918886,-0.0205080252409368,0.0629032258064516,0.0419354838709677,0.838709677419355
"bridge","New Hampshire",5,0.65,35,88,FALSE,FALSE,FALSE,2629,0.230769230769231,0.269230769230769,0.0384615384615384,9,7,0.13483367880762,0.117856085282795,-0.0169775935248248,0.141337224159823,0.120829198918886,-0.0205080252409368,0.0629032258064516,0.0419354838709677,0.838709677419355
"bridge","New Hampshire",5,0.7,35,86,FALSE,FALSE,FALSE,2383,0.230769230769231,0.321428571428571,0.0906593406593407,9,9,0.13483367880762,0.113809100779785,-0.0210245780278354,0.141337224159823,0.118933142388851,-0.0224040817709718,0.0629032258064516,0.0451612903225806,0.903225806451613
"bridge","New Hampshire",5,0.75,35,87,FALSE,FALSE,FALSE,2629,0.230769230769231,0.321428571428571,0.0906593406593407,9,9,0.13483367880762,0.113809100779785,-0.0210245780278354,0.141337224159823,0.118933142388851,-0.0224040817709718,0.0629032258064516,0.0451612903225806,0.903225806451613
"bridge","New Hampshire",10,0.25,72,182,FALSE,FALSE,FALSE,5249,0.280701754385965,0.271186440677966,-0.0095153137079988,16,16,0.254071661237785,0.254071661237785,0,0.2438452912653,0.2438452912653,0,0.0919354838709677,0.0951612903225806,0.951612903225806
"bridge","New Hampshire",10,0.4,64,168,FALSE,FALSE,FALSE,7686,0.280701754385965,0.272727272727273,-0.00797448165869219,16,15,0.254071661237785,0.24617510610996,-0.0078965551278255,0.2438452912653,0.234508916313177,-0.00933637495212286,0.0919354838709677,0.0887096774193548,0.887096774193548
"bridge","New Hampshire",10,0.5,66,175,FALSE,FALSE,FALSE,9011,0.280701754385965,0.283018867924528,0.0023171135385634,16,15,0.254071661237785,0.24617510610996,-0.0078965551278255,0.2438452912653,0.234508916313177,-0.00933637495212286,0.0919354838709677,0.0854838709677419,0.854838709677419
"bridge","New Hampshire",10,0.55,56,148,FALSE,FALSE,FALSE,9795,0.280701754385965,0.30188679245283,0.0211850380668653,16,16,0.254071661237785,0.25703286941072,0.00296120817293455,0.2438452912653,0.242899659459783,-0.000945631805517433,0.0919354838709677,0.0854838709677419,0.854838709677419
"bridge","New Hampshire",10,0.6,58,163,FALSE,FALSE,FALSE,10930,0.280701754385965,0.254237288135593,-0.0264644662503717,16,15,0.254071661237785,0.231369065245287,-0.0227025959924983,0.2438452912653,0.219386386688467,-0.0244589045768332,0.0919354838709677,0.0951612903225806,0.951612903225806
"bridge","New Hampshire",10,0.65,57,162,FALSE,FALSE,FALSE,10686,0.280701754385965,0.245901639344262,-0.0348001150417026,16,15,0.254071661237785,0.231369065245287,-0.0227025959924983,0.2438452912653,0.219386386688467,-0.0244589045768332,0.0919354838709677,0.0983870967741935,0.983870967741935
"bridge","New Hampshire",10,0.7,59,175,FALSE,TRUE,FALSE,15203,0.280701754385965,0.230769230769231,-0.0499325236167341,16,15,0.254071661237785,0.231369065245287,-0.0227025959924983,0.2438452912653,0.219386386688467,-0.0244589045768332,0.0919354838709677,0.104838709677419,1.04838709677419
"bridge","New Hampshire",10,0.75,60,178,FALSE,TRUE,FALSE,17680,0.280701754385965,0.225806451612903,-0.0548953027730617,16,14,0.254071661237785,0.220511301944527,-0.0335603592932583,0.2438452912653,0.210995643541861,-0.0328496477234386,0.0919354838709677,0.1,1
"bridge","New Jersey",5,0.25,37,103,FALSE,FALSE,FALSE,1360,0.0769230769230769,0.0769230769230769,0,2,2,0.0565761188196209,0.0565761188196209,0,0.0427679224176469,0.0427679224176469,0,0.0415335463258786,0.0415335463258786,0.830670926517572
"bridge","New Jersey",5,0.4,35,95,FALSE,FALSE,FALSE,1582,0.0769230769230769,0.125,0.0480769230769231,2,4,0.0565761188196209,0.0807113543091655,0.0241352354895447,0.0427679224176469,0.0672628407486264,0.0244949183309795,0.0415335463258786,0.0511182108626198,1.0223642172524
"bridge","New Jersey",5,0.5,35,100,FALSE,FALSE,FALSE,1813,0.0769230769230769,0.205882352941176,0.1289592760181,2,7,0.0565761188196209,0.134356068008599,0.0777799491889779,0.0427679224176469,0.117105674839246,0.0743377524215992,0.0415335463258786,0.0543130990415335,1.08626198083067
"bridge","New Jersey",5,0.55,33,82,FALSE,FALSE,FALSE,1737,0.0769230769230769,0.238095238095238,0.161172161172161,2,5,0.0565761188196209,0.0963455149501661,0.0397693961305452,0.0427679224176469,0.083969547487444,0.0412016250697971,0.0415335463258786,0.0335463258785942,0.670926517571885
"bridge","New Jersey",5,0.6,33,87,FALSE,FALSE,FALSE,2017,0.0769230769230769,0.217391304347826,0.140468227424749,2,5,0.0565761188196209,0.0963455149501661,0.0397693961305452,0.0427679224176469,0.083969547487444,0.0412016250697971,0.0415335463258786,0.036741214057508,0.73482428115016
"bridge","New Jersey",5,0.65,33,88,FALSE,FALSE,FALSE,2202,0.0769230769230769,0.217391304347826,0.140468227424749,2,5,0.0565761188196209,0.0963455149501661,0.0397693961305452,0.0427679224176469,0.083969547487444,0.0412016250697971,0.0415335463258786,0.036741214057508,0.73482428115016
"bridge","New Jersey",5,0.7,33,90,FALSE,FALSE,FALSE,2934,0.0769230769230769,0.153846153846154,0.0769230769230769,2,4,0.0565761188196209,0.0807113543091655,0.0241352354895447,0.0427679224176469,0.0672628407486264,0.0244949183309795,0.0415335463258786,0.0415335463258786,0.830670926517572
"bridge","New Jersey",5,0.75,33,96,FALSE,FALSE,FALSE,3640,0.0769230769230769,0.153846153846154,0.0769230769230769,2,4,0.0565761188196209,0.0807113543091655,0.0241352354895447,0.0427679224176469,0.0672628407486264,0.0244949183309795,0.0415335463258786,0.0415335463258786,0.830670926517572
"bridge","New Jersey",10,0.25,73,186,FALSE,FALSE,FALSE,4521,0.15,0.180327868852459,0.030327868852459,9,11,0.156146179401993,0.203244088333008,0.0470979089310143,0.141065863406622,0.195722846193404,0.0546569827867818,0.0958466453674121,0.097444089456869,0.97444089456869
"bridge","New Jersey",10,0.4,66,173,FALSE,FALSE,FALSE,6431,0.15,0.163265306122449,0.013265306122449,9,8,0.156146179401993,0.140512018760993,-0.0156341606410006,0.141065863406622,0.122903841081387,-0.0181620223252353,0.0958466453674121,0.0782747603833866,0.782747603833866
"bridge","New Jersey",10,0.5,66,182,FALSE,FALSE,FALSE,8725,0.15,0.207547169811321,0.0575471698113208,9,11,0.156146179401993,0.244674614031659,0.0885284346296658,0.141065863406622,0.221071911591332,0.0800060481847099,0.0958466453674121,0.0846645367412141,0.846645367412141
"bridge","New Jersey",10,0.55,61,156,FALSE,FALSE,FALSE,9558,0.15,0.172413793103448,0.0224137931034483,9,10,0.156146179401993,0.207250341997264,0.0511041625952707,0.141065863406622,0.192920026634881,0.0518541632282588,0.0958466453674121,0.0926517571884984,0.926517571884984
"bridge","New Jersey",10,0.6,64,164,FALSE,FALSE,FALSE,10456,0.15,0.15,0,9,9,0.156146179401993,0.196111002540551,0.0399648231385578,0.141065863406622,0.185182122210463,0.0441162588038409,0.0958466453674121,0.0958466453674121,0.958466453674121
"bridge","New Jersey",10,0.65,64,169,FALSE,TRUE,FALSE,12316,0.15,0.15,0,9,9,0.156146179401993,0.196111002540551,0.0399648231385578,0.141065863406622,0.185182122210463,0.0441162588038409,0.0958466453674121,0.0958466453674121,0.958466453674121
"bridge","New Jersey",10,0.7,66,171,FALSE,TRUE,FALSE,15736,0.15,0.166666666666667,0.0166666666666667,9,8,0.156146179401993,0.180476841899551,0.0243306624975572,0.141065863406622,0.168475415471645,0.0274095520650233,0.0958466453674121,0.0766773162939297,0.766773162939297
"bridge","New Jersey",10,0.75,68,185,FALSE,TRUE,FALSE,20362,0.15,0.195652173913043,0.0456521739130435,9,9,0.156146179401993,0.20734805550127,0.0512018760992769,0.141065863406622,0.192418322812612,0.0513524594059898,0.0958466453674121,0.073482428115016,0.73482428115016
"bridge","New Mexico",5,0.25,36,88,FALSE,FALSE,FALSE,1360,0.4,0.4,0,14,14,0.0958862159311307,0.0958862159311307,0,0.0967475256845722,0.0967475256845722,0,0.0364963503649635,0.0364963503649635,0.72992700729927
"bridge","New Mexico",5,0.4,32,93,FALSE,FALSE,FALSE,2256,0.4,0.388888888888889,-0.0111111111111111,14,14,0.0958862159311307,0.0958862159311307,0,0.0967475256845722,0.0967475256845722,0,0.0364963503649635,0.0375391032325339,0.750782064650678
"bridge","New Mexico",5,0.5,32,95,FALSE,FALSE,FALSE,2392,0.4,0.388888888888889,-0.0111111111111111,14,14,0.0958862159311307,0.0958862159311307,0,0.0967475256845722,0.0967475256845722,0,0.0364963503649635,0.0375391032325339,0.750782064650678
"bridge","New Mexico",5,0.55,27,82,FALSE,FALSE,FALSE,3226,0.4,0.363636363636364,-0.0363636363636364,14,12,0.0958862159311307,0.080948654258396,-0.0149375616727347,0.0967475256845722,0.0843705681933895,-0.0123769574911828,0.0364963503649635,0.0344108446298227,0.688216892596455
"bridge","New Mexico",5,0.6,27,81,FALSE,FALSE,FALSE,2964,0.4,0.363636363636364,-0.0363636363636364,14,12,0.0958862159311307,0.080948654258396,-0.0149375616727347,0.0967475256845722,0.0843705681933895,-0.0123769574911828,0.0364963503649635,0.0344108446298227,0.688216892596455
"bridge","New Mexico",5,0.65,26,75,FALSE,FALSE,FALSE,2530,0.4,0.333333333333333,-0.0666666666666667,14,11,0.0958862159311307,0.0718636224437715,-0.0240225934873592,0.0967475256845722,0.07600727751414,-0.0207402481704322,0.0364963503649635,0.0344108446298227,0.688216892596455
"bridge","New Mexico",5,0.7,31,72,FALSE,FALSE,FALSE,2644,0.4,0.37037037037037,-0.0296296296296297,14,10,0.0958862159311307,0.0619619585559223,-0.0339242573752084,0.0967475256845722,0.0629811536404446,-0.0337663720441277,0.0364963503649635,0.0281543274244004,0.563086548488008
"bridge","New Mexico",5,0.75,36,80,FALSE,FALSE,FALSE,3032,0.4,0.318181818181818,-0.0818181818181818,14,7,0.0958862159311307,0.0479431079655653,-0.0479431079655653,0.0967475256845722,0.0467444030678206,-0.0500031226167516,0.0364963503649635,0.0229405630865485,0.45881126173097
"bridge","New Mexico",10,0.25,67,155,FALSE,FALSE,FALSE,3937,0.338461538461538,0.350877192982456,0.0124156545209176,22,20,0.153118513729627,0.130150736670183,-0.022967777059444,0.151903591178542,0.124260892185991,-0.0276426989925504,0.0677789363920751,0.059436913451512,0.59436913451512
"bridge","New Mexico",10,0.4,55,117,FALSE,FALSE,FALSE,3346,0.338461538461538,0.305555555555556,-0.0329059829059829,22,22,0.153118513729627,0.151383170574024,-0.00173534315560245,0.151903591178542,0.1522104851983,0.000306894019758891,0.0677789363920751,0.0750782064650678,0.750782064650678
"bridge","New Mexico",10,0.5,59,119,FALSE,FALSE,FALSE,5365,0.338461538461538,0.287878787878788,-0.0505827505827506,22,19,0.153118513729627,0.126748103031747,-0.0263704106978802,0.151903591178542,0.122480255060442,-0.0294233361180992,0.0677789363920751,0.0688216892596455,0.688216892596455
"bridge","New Mexico",10,0.55,53,97,FALSE,FALSE,FALSE,5365,0.338461538461538,0.263888888888889,-0.0745726495726496,22,19,0.153118513729627,0.120759467828099,-0.0323590459015278,0.151903591178542,0.121438329495245,-0.0304652616832966,0.0677789363920751,0.0750782064650678,0.750782064650678
"bridge","New Mexico",10,0.6,53,117,FALSE,FALSE,FALSE,8683,0.338461538461538,0.263888888888889,-0.0745726495726496,22,19,0.153118513729627,0.120759467828099,-0.0323590459015278,0.151903591178542,0.121438329495245,-0.0304652616832966,0.0677789363920751,0.0750782064650678,0.750782064650678
"bridge","New Mexico",10,0.65,53,101,FALSE,FALSE,FALSE,6885,0.338461538461538,0.27027027027027,-0.0681912681912682,22,20,0.153118513729627,0.122392731974548,-0.0307257817550784,0.151903591178542,0.126355850351252,-0.0255477408272899,0.0677789363920751,0.0771637122002086,0.771637122002085
"bridge","New Mexico",10,0.7,50,112,FALSE,TRUE,FALSE,12436,0.338461538461538,0.293103448275862,-0.0453580901856764,22,17,0.153118513729627,0.102147061825853,-0.0509714519037735,0.151903591178542,0.0943018069696693,-0.0576017842088723,0.0677789363920751,0.0604796663190824,0.604796663190824
"bridge","New Mexico",10,0.75,61,149,FALSE,TRUE,FALSE,21572,0.338461538461538,0.288135593220339,-0.0503259452411995,22,17,0.153118513729627,0.108339855047807,-0.0447786586818197,0.151903591178542,0.108709604904124,-0.0431939862744179,0.0677789363920751,0.0615224191866528,0.615224191866528
"bridge","New York",5,0.25,39,115,FALSE,FALSE,FALSE,1522,0.413793103448276,0.407407407407407,-0.00638569604086847,12,11,0.161409869083585,0.132567975830816,-0.0288418932527694,0.164607646308745,0.123961914611903,-0.0406457316968417,0.0355828220858896,0.0331288343558282,0.662576687116564
"bridge","New York",5,0.4,34,107,FALSE,FALSE,FALSE,1859,0.413793103448276,0.411764705882353,-0.00202839756592293,12,14,0.161409869083585,0.148761329305136,-0.0126485397784492,0.164607646308745,0.13598399237529,-0.0286236539334549,0.0355828220858896,0.0417177914110429,0.834355828220859
"bridge","New York",5,0.5,34,100,FALSE,FALSE,FALSE,1856,0.413793103448276,0.411764705882353,-0.00202839756592293,12,14,0.161409869083585,0.148761329305136,-0.0126485397784492,0.164607646308745,0.13598399237529,-0.0286236539334549,0.0355828220858896,0.0417177914110429,0.834355828220859
"bridge","New York",5,0.55,30,90,FALSE,FALSE,FALSE,2692,0.413793103448276,0.466666666666667,0.0528735632183908,12,14,0.161409869083585,0.18429003021148,0.0228801611278953,0.164607646308745,0.183056227076038,0.0184485807672927,0.0355828220858896,0.0368098159509202,0.736196319018405
"bridge","New York",5,0.6,29,92,FALSE,FALSE,FALSE,2672,0.413793103448276,0.482758620689655,0.0689655172413793,12,14,0.161409869083585,0.18429003021148,0.0228801611278953,0.164607646308745,0.183056227076038,0.0184485807672927,0.0355828220858896,0.0355828220858896,0.711656441717791
"bridge","New York",5,0.65,27,95,FALSE,FALSE,FALSE,2934,0.413793103448276,0.517241379310345,0.103448275862069,12,15,0.161409869083585,0.153997985901309,-0.00741188318227592,0.164607646308745,0.13973384881449,-0.0248737974942551,0.0355828220858896,0.0355828220858896,0.711656441717791
"bridge","New York",5,0.7,27,92,FALSE,FALSE,FALSE,3155,0.413793103448276,0.46875,0.0549568965517241,12,15,0.161409869083585,0.172124874118832,0.0107150050352467,0.164607646308745,0.171724147482905,0.00711650117415996,0.0355828220858896,0.0392638036809816,0.785276073619632
"bridge","New York",5,0.75,33,91,FALSE,FALSE,FALSE,3586,0.413793103448276,0.521739130434783,0.107946026986507,12,12,0.161409869083585,0.115850956696878,-0.045558912386707,0.164607646308745,0.129367619646489,-0.0352400266622561,0.0355828220858896,0.0282208588957055,0.56441717791411
"bridge","New York",10,0.25,77,203,FALSE,FALSE,FALSE,4554,0.357142857142857,0.375,0.0178571428571428,25,24,0.272547834843907,0.243705941591138,-0.0288418932527694,0.28462108377389,0.243975352077049,-0.0406457316968417,0.0858895705521472,0.0785276073619632,0.785276073619632
"bridge","New York",10,0.4,73,193,FALSE,FALSE,FALSE,8298,0.357142857142857,0.377049180327869,0.0199063231850117,25,23,0.272547834843907,0.247371601208459,-0.0251762336354482,0.28462108377389,0.245947402296572,-0.0386736814773186,0.0858895705521472,0.0748466257668712,0.748466257668712
"bridge","New York",10,0.5,74,194,FALSE,FALSE,FALSE,10959,0.357142857142857,0.388059701492537,0.0309168443496802,25,26,0.272547834843907,0.290110775427996,0.0175629405840886,0.28462108377389,0.274977666688963,-0.00964341708492794,0.0858895705521472,0.0822085889570552,0.822085889570552
"bridge","New York",10,0.55,57,155,FALSE,FALSE,FALSE,10887,0.357142857142857,0.375,0.0178571428571428,25,27,0.272547834843907,0.291359516616314,0.0188116817724068,0.28462108377389,0.274838211297919,-0.00978287247597137,0.0858895705521472,0.0883435582822086,0.883435582822086
"bridge","New York",10,0.6,59,171,FALSE,TRUE,FALSE,14878,0.357142857142857,0.4,0.0428571428571429,25,26,0.272547834843907,0.263363544813696,-0.00918429003021148,0.28462108377389,0.240816640701916,-0.0438044430719747,0.0858895705521472,0.0797546012269939,0.797546012269939
"bridge","New York",10,0.65,69,181,FALSE,TRUE,FALSE,16619,0.357142857142857,0.4,0.0428571428571429,25,26,0.272547834843907,0.263363544813696,-0.00918429003021148,0.28462108377389,0.240866642930149,-0.0437544408437418,0.0858895705521472,0.0797546012269939,0.797546012269939
"bridge","New York",10,0.7,71,174,FALSE,TRUE,FALSE,18537,0.357142857142857,0.388059701492537,0.0309168443496802,25,26,0.272547834843907,0.291883182275932,0.0193353474320241,0.28462108377389,0.302715154778402,0.0180940710045118,0.0858895705521472,0.0822085889570552,0.822085889570552
"bridge","New York",10,0.75,67,165,FALSE,TRUE,FALSE,15736,0.357142857142857,0.435483870967742,0.0783410138248848,25,27,0.272547834843907,0.29595166163142,0.0234038267875126,0.28462108377389,0.310405987450351,0.0257849036764609,0.0858895705521472,0.0760736196319018,0.760736196319018
"bridge","North Carolina",5,0.25,43,128,FALSE,FALSE,FALSE,1741,0.227272727272727,0.24,0.0127272727272727,5,6,0.0462722634923476,0.0518213550523584,0.00554909156001075,0.0485411711359438,0.0540032181710556,0.00546204703511175,0.0242557883131202,0.0275633958103638,0.551267916207277
"bridge","North Carolina",5,0.4,38,117,FALSE,FALSE,FALSE,2044,0.227272727272727,0.285714285714286,0.0584415584415584,5,6,0.0462722634923476,0.0528506220352636,0.00657835854291596,0.0485411711359438,0.0529090053644816,0.00436783422853784,0.0242557883131202,0.0231532524807056,0.463065049614112
"bridge","North Carolina",5,0.5,38,120,FALSE,FALSE,FALSE,2225,0.227272727272727,0.285714285714286,0.0584415584415584,5,6,0.0462722634923476,0.0528506220352636,0.00657835854291596,0.0485411711359438,0.0529090053644816,0.00436783422853784,0.0242557883131202,0.0231532524807056,0.463065049614112
"bridge","North Carolina",5,0.55,35,99,FALSE,FALSE,FALSE,2465,0.227272727272727,0.214285714285714,-0.012987012987013,5,6,0.0462722634923476,0.0528506220352636,0.00657835854291596,0.0485411711359438,0.0529090053644816,0.00436783422853784,0.0242557883131202,0.0308710033076075,0.61742006615215
"bridge","North Carolina",5,0.6,34,104,FALSE,FALSE,FALSE,2739,0.227272727272727,0.269230769230769,0.041958041958042,5,7,0.0462722634923476,0.0558489215072049,0.00957665801485725,0.0485411711359438,0.056180526204578,0.00763935506863424,0.0242557883131202,0.0286659316427784,0.573318632855568
"bridge","North Carolina",5,0.65,40,99,FALSE,FALSE,FALSE,2383,0.227272727272727,0.269230769230769,0.041958041958042,5,7,0.0462722634923476,0.0562069274143023,0.00993466392195472,0.0485411711359438,0.0584199304353099,0.0098787592993661,0.0242557883131202,0.0286659316427784,0.573318632855568
"bridge","North Carolina",5,0.7,40,115,FALSE,FALSE,FALSE,4678,0.227272727272727,0.296296296296296,0.069023569023569,5,8,0.0462722634923476,0.0602344938691488,0.0139622303768012,0.0485411711359438,0.0605972384688324,0.0120560673328886,0.0242557883131202,0.0297684674751929,0.595369349503859
"bridge","North Carolina",5,0.75,42,120,FALSE,FALSE,FALSE,4585,0.227272727272727,0.285714285714286,0.0584415584415584,5,8,0.0462722634923476,0.0602344938691488,0.0139622303768012,0.0485411711359438,0.0605972384688324,0.0120560673328886,0.0242557883131202,0.0308710033076075,0.61742006615215
"bridge","North Carolina",10,0.25,91,232,FALSE,FALSE,FALSE,6910,0.232142857142857,0.26530612244898,0.0331632653061225,13,13,0.107312270652466,0.0961245860556699,-0.0111876845967958,0.116293546872137,0.0956691780350035,-0.020624368837134,0.061742006615215,0.0540242557883131,0.540242557883131
"bridge","North Carolina",10,0.4,82,222,FALSE,FALSE,FALSE,9970,0.232142857142857,0.25531914893617,0.023176291793313,13,12,0.107312270652466,0.0852949073659715,-0.0220173632864942,0.116293546872137,0.0843250374670443,-0.0319685094050931,0.061742006615215,0.051819184123484,0.51819184123484
"bridge","North Carolina",10,0.5,80,224,FALSE,FALSE,FALSE,10839,0.232142857142857,0.244897959183673,0.0127551020408163,13,12,0.107312270652466,0.0967958471314777,-0.0105164235209881,0.116293546872137,0.0953451259932132,-0.0209484208789243,0.061742006615215,0.0540242557883131,0.540242557883131
"bridge","North Carolina",10,0.55,69,180,FALSE,TRUE,FALSE,12782,0.232142857142857,0.203125,-0.0290178571428572,13,13,0.107312270652466,0.104985232256332,-0.00232703839613353,0.116293546872137,0.1133209314943,-0.00297261537783795,0.061742006615215,0.0705622932745314,0.705622932745314
"bridge","North Carolina",10,0.6,71,180,FALSE,TRUE,FALSE,12856,0.232142857142857,0.253968253968254,0.0218253968253968,13,16,0.107312270652466,0.123467287210239,0.0161550165577732,0.116293546872137,0.128918902869185,0.0126253559970475,0.061742006615215,0.0694597574421169,0.694597574421169
"bridge","North Carolina",10,0.65,75,199,FALSE,TRUE,FALSE,18653,0.232142857142857,0.263157894736842,0.0310150375939849,13,25,0.107312270652466,0.191354157343596,0.0840418866911304,0.116293546872137,0.200755968730303,0.0844624218581657,0.061742006615215,0.104740904079383,1.04740904079383
"bridge","North Carolina",10,0.7,71,208,FALSE,TRUE,FALSE,22418,0.232142857142857,0.284090909090909,0.051948051948052,13,25,0.107312270652466,0.18589456726036,0.078582296607894,0.116293546872137,0.190345374372751,0.0740518275006136,0.061742006615215,0.0970231532524807,0.970231532524807
"bridge","North Carolina",10,0.75,76,227,FALSE,TRUE,FALSE,24988,0.232142857142857,0.285714285714286,0.0535714285714285,13,26,0.107312270652466,0.193188937617471,0.0858766669650049,0.116293546872137,0.197025001173563,0.0807314543014257,0.061742006615215,0.100330760749724,1.00330760749724
"bridge","North Dakota",5,0.25,26,73,FALSE,FALSE,FALSE,1743,0.25,0.25,0,3,3,0.0702864373633958,0.0702864373633958,0,0.0861648876262348,0.0861648876262348,0,0.0276497695852535,0.0276497695852535,0.552995391705069
"bridge","North Dakota",5,0.4,25,72,FALSE,FALSE,FALSE,2083,0.25,0.25,0,3,3,0.0702864373633958,0.0702864373633958,0,0.0861648876262348,0.0861648876262348,0,0.0276497695852535,0.0276497695852535,0.552995391705069
"bridge","North Dakota",5,0.5,25,71,FALSE,FALSE,FALSE,2283,0.25,0.25,0,3,3,0.0702864373633958,0.0702864373633958,0,0.0861648876262348,0.0861648876262348,0,0.0276497695852535,0.0276497695852535,0.552995391705069
"bridge","North Dakota",5,0.55,24,70,FALSE,FALSE,FALSE,3202,0.25,0.2,-0.05,3,3,0.0702864373633958,0.0702864373633958,0,0.0861648876262348,0.0861648876262348,0,0.0276497695852535,0.0345622119815668,0.691244239631336
"bridge","North Dakota",5,0.6,24,74,FALSE,FALSE,FALSE,3468,0.25,0.2,-0.05,3,3,0.0702864373633958,0.0702864373633958,0,0.0861648876262348,0.0861648876262348,0,0.0276497695852535,0.0345622119815668,0.691244239631336
"bridge","North Dakota",5,0.65,25,73,FALSE,FALSE,FALSE,3735,0.25,0.1875,-0.0625,3,3,0.0702864373633958,0.0702864373633958,0,0.0861648876262348,0.0861648876262348,0,0.0276497695852535,0.0368663594470046,0.737327188940092
"bridge","North Dakota",5,0.7,23,70,FALSE,FALSE,FALSE,3661,0.25,0.2,-0.05,3,3,0.0702864373633958,0.0702864373633958,0,0.0861648876262348,0.0861648876262348,0,0.0276497695852535,0.0345622119815668,0.691244239631336
"bridge","North Dakota",5,0.75,23,70,FALSE,FALSE,FALSE,3661,0.25,0.2,-0.05,3,3,0.0702864373633958,0.0702864373633958,0,0.0861648876262348,0.0861648876262348,0,0.0276497695852535,0.0345622119815668,0.691244239631336
"bridge","North Dakota",10,0.25,51,125,FALSE,FALSE,FALSE,4985,0.2,0.176470588235294,-0.0235294117647059,6,6,0.170136891751984,0.170136891751984,0,0.197969411830461,0.197969411830461,0,0.0691244239631336,0.0783410138248848,0.783410138248848
"bridge","North Dakota",10,0.4,48,122,FALSE,FALSE,FALSE,7100,0.2,0.2,0,6,6,0.170136891751984,0.170136891751984,0,0.197969411830461,0.197969411830461,0,0.0691244239631336,0.0691244239631336,0.691244239631336
"bridge","North Dakota",10,0.5,49,129,FALSE,FALSE,FALSE,8023,0.2,0.205882352941176,0.00588235294117645,6,7,0.170136891751984,0.219486943517773,0.0493500517657886,0.197969411830461,0.217242605380198,0.0192731935497376,0.0691244239631336,0.0783410138248848,0.783410138248848
"bridge","North Dakota",10,0.55,44,114,FALSE,FALSE,FALSE,11070,0.2,0.171428571428571,-0.0285714285714286,6,6,0.170136891751984,0.170136891751984,0,0.197969411830461,0.197969411830461,0,0.0691244239631336,0.0806451612903226,0.806451612903226
"bridge","North Dakota",10,0.6,47,117,FALSE,FALSE,FALSE,11294,0.2,0.161290322580645,-0.0387096774193549,6,5,0.170136891751984,0.172207523294605,0.00207063154262049,0.197969411830461,0.207665051452435,0.00969563962197453,0.0691244239631336,0.0714285714285714,0.714285714285714
"bridge","North Dakota",10,0.65,47,114,FALSE,FALSE,FALSE,10886,0.2,0.137931034482759,-0.0620689655172414,6,4,0.170136891751984,0.137696997584263,-0.0324398941677211,0.197969411830461,0.173630923219544,-0.0243384886109164,0.0691244239631336,0.0668202764976959,0.668202764976959
"bridge","North Dakota",10,0.7,49,123,FALSE,TRUE,FALSE,13058,0.2,0.161290322580645,-0.0387096774193549,6,5,0.170136891751984,0.146209593926147,-0.0239272978258369,0.197969411830461,0.181715902033645,-0.0162535097968155,0.0691244239631336,0.0714285714285714,0.714285714285714
"bridge","North Dakota",10,0.75,49,140,FALSE,TRUE,FALSE,15050,0.2,0.161290322580645,-0.0387096774193549,6,5,0.170136891751984,0.146209593926147,-0.0239272978258369,0.197969411830461,0.181715902033645,-0.0162535097968155,0.0691244239631336,0.0714285714285714,0.714285714285714
"bridge","Ohio",5,0.25,44,123,FALSE,FALSE,FALSE,2346,0.285714285714286,0.282608695652174,-0.00310559006211181,14,13,0.171154779233382,0.160298398835517,-0.0108563803978651,0.136092702629746,0.129158553177691,-0.00693414945205556,0.0547486033519553,0.0513966480446927,1.02793296089385
"bridge","Ohio",5,0.4,41,106,FALSE,FALSE,FALSE,2430,0.285714285714286,0.384615384615385,0.0989010989010989,14,15,0.171154779233382,0.184740417273168,0.0135856380397865,0.136092702629746,0.152253160937226,0.0161604583074791,0.0547486033519553,0.0435754189944134,0.871508379888268
"bridge","Ohio",5,0.5,41,127,FALSE,FALSE,FALSE,3921,0.285714285714286,0.384615384615385,0.0989010989010989,14,15,0.171154779233382,0.184740417273168,0.0135856380397865,0.136092702629746,0.152253160937226,0.0161604583074791,0.0547486033519553,0.0435754189944134,0.871508379888268
"bridge","Ohio",5,0.55,38,113,FALSE,FALSE,FALSE,4910,0.285714285714286,0.390243902439024,0.104529616724739,14,16,0.171154779233382,0.205118874332848,0.0339640950994663,0.136092702629746,0.175002297657754,0.0389095950280071,0.0547486033519553,0.0458100558659218,0.916201117318436
"bridge","Ohio",5,0.6,37,106,FALSE,FALSE,FALSE,4203,0.285714285714286,0.333333333333333,0.0476190476190476,14,15,0.171154779233382,0.196991751576904,0.0258369723435226,0.136092702629746,0.165926787055097,0.0298340844253502,0.0547486033519553,0.0502793296089385,1.00558659217877
"bridge","Ohio",5,0.65,39,109,FALSE,FALSE,FALSE,4299,0.285714285714286,0.390243902439024,0.104529616724739,14,16,0.171154779233382,0.205118874332848,0.0339640950994663,0.136092702629746,0.175002297657754,0.0389095950280071,0.0547486033519553,0.0458100558659218,0.916201117318436
"bridge","Ohio",5,0.7,36,111,FALSE,FALSE,FALSE,5033,0.285714285714286,0.380952380952381,0.0952380952380952,14,16,0.171154779233382,0.205118874332848,0.0339640950994663,0.136092702629746,0.175002297657754,0.0389095950280071,0.0547486033519553,0.046927374301676,0.938547486033519
"bridge","Ohio",5,0.75,39,110,FALSE,FALSE,FALSE,4910,0.285714285714286,0.333333333333333,0.0476190476190476,14,15,0.171154779233382,0.19129063561378,0.0201358563803979,0.136092702629746,0.154896727488658,0.0188040248589117,0.0547486033519553,0.0502793296089385,1.00558659217877
"bridge","Ohio",10,0.25,83,221,FALSE,FALSE,FALSE,9313,0.25,0.247191011235955,-0.00280898876404495,24,22,0.335759340126152,0.310528869480835,-0.0252304706453178,0.31950777984852,0.292964016232902,-0.0265437636156186,0.107262569832402,0.0994413407821229,0.994413407821229
"bridge","Ohio",10,0.4,74,197,FALSE,TRUE,FALSE,12593,0.25,0.25609756097561,0.00609756097560976,24,21,0.335759340126152,0.230470645317807,-0.105288694808345,0.31950777984852,0.184079064753367,-0.135428715095154,0.107262569832402,0.0916201117318436,0.916201117318436
"bridge","Ohio",10,0.5,80,229,FALSE,TRUE,FALSE,17907,0.25,0.264367816091954,0.014367816091954,24,23,0.335759340126152,0.239628820960699,-0.0961305191654536,0.31950777984852,0.194806822781354,-0.124700957067166,0.107262569832402,0.0972067039106145,0.972067039106145
"bridge","Ohio",10,0.55,66,203,FALSE,TRUE,FALSE,22524,0.25,0.266666666666667,0.0166666666666667,24,24,0.335759340126152,0.286329451722465,-0.0494298884036875,0.31950777984852,0.24682731115239,-0.0726804686961302,0.107262569832402,0.100558659217877,1.00558659217877
"bridge","Ohio",10,0.6,70,211,FALSE,TRUE,FALSE,22328,0.25,0.282352941176471,0.0323529411764706,24,24,0.335759340126152,0.286329451722465,-0.0494298884036875,0.31950777984852,0.24682731115239,-0.0726804686961302,0.107262569832402,0.0949720670391061,0.949720670391061
"bridge","Ohio",10,0.65,70,219,FALSE,TRUE,FALSE,24626,0.25,0.308641975308642,0.058641975308642,24,25,0.335759340126152,0.292697719553615,-0.0430616205725376,0.31950777984852,0.250132099775206,-0.0693756800733144,0.107262569832402,0.0905027932960894,0.905027932960894
"bridge","Ohio",10,0.7,76,224,FALSE,TRUE,FALSE,27754,0.25,0.273809523809524,0.0238095238095238,24,23,0.335759340126152,0.249757399320718,-0.0860019408054342,0.31950777984852,0.208529108444028,-0.110978671404492,0.107262569832402,0.093854748603352,0.938547486033519
"bridge","Ohio",10,0.75,73,233,FALSE,TRUE,FALSE,30140,0.25,0.247058823529412,-0.00294117647058822,24,21,0.335759340126152,0.22962154294032,-0.106137797185832,0.31950777984852,0.187750110347845,-0.131757669500676,0.107262569832402,0.0949720670391061,0.949720670391061
"bridge","Oklahoma",5,0.25,48,117,FALSE,FALSE,FALSE,2194,0.341463414634146,0.333333333333333,-0.00813008130081305,14,14,0.0923264836901854,0.0923264836901854,0,0.0919436782898341,0.0919436782898341,0,0.0469644902634593,0.0481099656357388,0.962199312714777
"bridge","Oklahoma",5,0.4,44,99,FALSE,FALSE,FALSE,2177,0.341463414634146,0.318181818181818,-0.0232815964523282,14,14,0.0923264836901854,0.0923264836901854,0,0.0919436782898341,0.0919436782898341,0,0.0469644902634593,0.0504009163802978,1.00801832760596
"bridge","Oklahoma",5,0.5,40,108,FALSE,FALSE,FALSE,2405,0.341463414634146,0.314285714285714,-0.0271777003484321,14,11,0.0923264836901854,0.0811539014226182,-0.0111725822675672,0.0919436782898341,0.0802891562472424,-0.0116545220425917,0.0469644902634593,0.0400916380297824,0.801832760595647
"bridge","Oklahoma",5,0.55,36,86,FALSE,FALSE,FALSE,2544,0.341463414634146,0.324324324324324,-0.017139090309822,14,12,0.0923264836901854,0.0851056186233654,-0.00722086506681995,0.0919436782898341,0.087069226589799,-0.00487445170003512,0.0469644902634593,0.0423825887743414,0.847651775486827
"bridge","Oklahoma",5,0.6,36,99,FALSE,FALSE,FALSE,3031,0.341463414634146,0.324324324324324,-0.017139090309822,14,12,0.0923264836901854,0.0851056186233654,-0.00722086506681995,0.0919436782898341,0.087069226589799,-0.00487445170003512,0.0469644902634593,0.0423825887743414,0.847651775486827
"bridge","Oklahoma",5,0.65,37,102,FALSE,FALSE,FALSE,3629,0.341463414634146,0.352941176470588,0.0114777618364419,14,12,0.0923264836901854,0.0895962063514873,-0.00273027733869809,0.0919436782898341,0.0907971827597485,-0.00114649553008564,0.0469644902634593,0.0389461626575029,0.778923253150057
"bridge","Oklahoma",5,0.7,32,107,FALSE,FALSE,FALSE,5312,0.341463414634146,0.3,-0.0414634146341464,14,9,0.0923264836901854,0.0678617617473775,-0.0244647219428079,0.0919436782898341,0.068526042016552,-0.0234176362732821,0.0469644902634593,0.0343642611683849,0.687285223367698
"bridge","Oklahoma",5,0.75,34,103,FALSE,FALSE,FALSE,5249,0.341463414634146,0.303030303030303,-0.0384331116038433,14,10,0.0923264836901854,0.0712746084207501,-0.0210518752694353,0.0919436782898341,0.0704029933174756,-0.0215406849723585,0.0469644902634593,0.0378006872852234,0.756013745704467
"bridge","Oklahoma",10,0.25,77,181,FALSE,FALSE,FALSE,5249,0.33695652173913,0.333333333333333,-0.00362318840579712,31,28,0.23598936628826,0.205992240264406,-0.029997126023854,0.217970534703156,0.197987411422642,-0.0199831232805131,0.105383734249714,0.0962199312714777,0.962199312714777
"bridge","Oklahoma",10,0.4,70,162,FALSE,FALSE,FALSE,7283,0.33695652173913,0.320987654320988,-0.0159688674181428,31,26,0.23598936628826,0.18630550366432,-0.0496838626239402,0.217970534703156,0.17727662343592,-0.0406939112672357,0.105383734249714,0.0927835051546392,0.927835051546392
"bridge","Oklahoma",10,0.5,68,181,FALSE,TRUE,FALSE,12216,0.33695652173913,0.325,-0.0119565217391304,31,26,0.23598936628826,0.19945394453226,-0.0365354217559994,0.217970534703156,0.189922318650185,-0.0280482160529709,0.105383734249714,0.0916380297823597,0.916380297823597
"bridge","Oklahoma",10,0.55,61,153,FALSE,TRUE,FALSE,12327,0.33695652173913,0.329113924050633,-0.00784259768849754,31,26,0.23598936628826,0.216087081477224,-0.0199022848110361,0.217970534703156,0.223935578855387,0.00596504415223098,0.105383734249714,0.0904925544100802,0.904925544100802
"bridge","Oklahoma",10,0.6,70,162,FALSE,TRUE,FALSE,14162,0.33695652173913,0.316455696202532,-0.0205008255365988,31,25,0.23598936628826,0.20732145423193,-0.0286679120563299,0.217970534703156,0.213983107616718,-0.00398742708643726,0.105383734249714,0.0904925544100802,0.904925544100802
"bridge","Oklahoma",10,0.65,72,174,FALSE,TRUE,FALSE,19809,0.33695652173913,0.320512820512821,-0.0164437012263099,31,25,0.23598936628826,0.219104756430522,-0.0168846098577382,0.217970534703156,0.226523057687791,0.00855252298463569,0.105383734249714,0.0893470790378007,0.893470790378007
"bridge","Oklahoma",10,0.7,71,170,FALSE,TRUE,FALSE,23329,0.33695652173913,0.307692307692308,-0.0292642140468227,31,36,0.23598936628826,0.334135651674091,0.0981462853858313,0.217970534703156,0.3477233933759,0.129752858672744,0.105383734249714,0.134020618556701,1.34020618556701
"bridge","Oklahoma",10,0.75,63,180,FALSE,TRUE,FALSE,23794,0.33695652173913,0.341772151898734,0.00481563015960373,31,27,0.23598936628826,0.218098864779422,-0.0178905015088375,0.217970534703156,0.224342093370388,0.00637155866723227,0.105383734249714,0.0904925544100802,0.904925544100802
"bridge","Oregon",5,0.25,29,92,FALSE,FALSE,FALSE,1361,0.526315789473684,0.5,-0.0263157894736842,10,9,0.0711053125127411,0.0651119174786969,-0.00599339503404411,0.0697024440800853,0.0647441724163006,-0.00495827166378469,0.023086269744836,0.0218712029161604,0.437424058323208
"bridge","Oregon",5,0.4,28,90,FALSE,FALSE,FALSE,1680,0.526315789473684,0.5,-0.0263157894736842,10,9,0.0711053125127411,0.0651119174786969,-0.00599339503404411,0.0697024440800853,0.0647441724163006,-0.00495827166378469,0.023086269744836,0.0218712029161604,0.437424058323208
"bridge","Oregon",5,0.5,25,85,FALSE,FALSE,FALSE,1661,0.526315789473684,0.533333333333333,0.00701754385964914,10,8,0.0711053125127411,0.0541851836751335,-0.0169201288376075,0.0697024440800853,0.0534848267644098,-0.0162176173156755,0.023086269744836,0.0182260024301337,0.364520048602673
"bridge","Oregon",5,0.55,21,79,FALSE,FALSE,FALSE,2194,0.526315789473684,0.5,-0.0263157894736842,10,8,0.0711053125127411,0.0493333876951931,-0.021771924817548,0.0697024440800853,0.0469486700729133,-0.022753774007172,0.023086269744836,0.0194410692588092,0.388821385176185
"bridge","Oregon",5,0.6,21,80,FALSE,FALSE,FALSE,2262,0.526315789473684,0.5,-0.0263157894736842,10,8,0.0711053125127411,0.0493333876951931,-0.021771924817548,0.0697024440800853,0.0469486700729133,-0.022753774007172,0.023086269744836,0.0194410692588092,0.388821385176185
"bridge","Oregon",5,0.65,21,85,FALSE,FALSE,FALSE,2629,0.526315789473684,0.5,-0.0263157894736842,10,8,0.0711053125127411,0.0493333876951931,-0.021771924817548,0.0697024440800853,0.0469486700729133,-0.022753774007172,0.023086269744836,0.0194410692588092,0.388821385176185
"bridge","Oregon",5,0.7,22,84,FALSE,FALSE,FALSE,2934,0.526315789473684,0.5625,0.0361842105263158,10,9,0.0711053125127411,0.053940555306397,-0.017164757206344,0.0697024440800853,0.0515139999589642,-0.0181884441211211,0.023086269744836,0.0194410692588092,0.388821385176185
"bridge","Oregon",5,0.75,22,105,FALSE,FALSE,FALSE,4877,0.526315789473684,0.5625,0.0361842105263158,10,9,0.0711053125127411,0.053940555306397,-0.017164757206344,0.0697024440800853,0.0515139999589642,-0.0181884441211211,0.023086269744836,0.0194410692588092,0.388821385176185
"bridge","Oregon",10,0.25,58,181,FALSE,FALSE,FALSE,5569,0.605263157894737,0.5,-0.105263157894737,23,17,0.213764422880907,0.178741794756799,-0.0350226281241081,0.220147213820819,0.185439823922848,-0.0347073898979703,0.0461725394896719,0.0413122721749696,0.413122721749696
"bridge","Oregon",10,0.4,50,176,FALSE,FALSE,FALSE,10212,0.605263157894737,0.619047619047619,0.0137844611528822,23,26,0.213764422880907,0.255962816487952,0.0421983936070453,0.220147213820819,0.272079519628076,0.051932305807257,0.0461725394896719,0.0510328068043742,0.510328068043742
"bridge","Oregon",10,0.5,53,176,FALSE,FALSE,FALSE,10150,0.605263157894737,0.620689655172414,0.015426497277677,23,18,0.213764422880907,0.181677335181637,-0.0320870876992702,0.220147213820819,0.187677074342929,-0.0324701394778894,0.0461725394896719,0.0352369380315917,0.352369380315917
"bridge","Oregon",10,0.55,40,153,FALSE,TRUE,FALSE,15263,0.605263157894737,0.5625,-0.0427631578947368,23,18,0.213764422880907,0.184816732580422,-0.0289476903004852,0.220147213820819,0.191388834852488,-0.0287583789683311,0.0461725394896719,0.0388821385176185,0.388821385176185
"bridge","Oregon",10,0.6,40,156,FALSE,TRUE,FALSE,15115,0.605263157894737,0.5625,-0.0427631578947368,23,18,0.213764422880907,0.184816732580422,-0.0289476903004852,0.220147213820819,0.191388834852488,-0.0287583789683311,0.0461725394896719,0.0388821385176185,0.388821385176185
"bridge","Oregon",10,0.65,49,171,FALSE,TRUE,FALSE,18381,0.605263157894737,0.540540540540541,-0.0647226173541963,23,20,0.213764422880907,0.166143433766869,-0.0476209891140376,0.220147213820819,0.17003730409452,-0.0501099097262988,0.0461725394896719,0.0449574726609964,0.449574726609964
"bridge","Oregon",10,0.7,48,177,FALSE,TRUE,FALSE,21962,0.605263157894737,0.446808510638298,-0.158454647256439,23,21,0.213764422880907,0.180128022179639,-0.033636400701268,0.220147213820819,0.181939446859789,-0.0382077669610292,0.0461725394896719,0.0571081409477521,0.571081409477521
"bridge","Oregon",10,0.75,61,192,FALSE,TRUE,FALSE,25926,0.605263157894737,0.454545454545455,-0.150717703349282,23,25,0.213764422880907,0.234761691197456,0.0209972683165491,0.220147213820819,0.23059251197611,0.0104452981552919,0.0461725394896719,0.0668286755771567,0.668286755771567
"bridge","Pennsylvania",5,0.25,37,116,FALSE,FALSE,FALSE,1627,0.333333333333333,0.333333333333333,0,11,11,0.0933727754186746,0.0933727754186746,0,0.0905648378633283,0.0905648378633283,0,0.0427461139896373,0.0427461139896373,0.854922279792746
"bridge","Pennsylvania",5,0.4,35,108,FALSE,FALSE,FALSE,1989,0.333333333333333,0.35,0.0166666666666667,11,14,0.0933727754186746,0.1094994990219,0.0161267236032253,0.0905648378633283,0.106557673925291,0.0159928360619622,0.0427461139896373,0.0518134715025907,1.03626943005181
"bridge","Pennsylvania",5,0.5,33,104,FALSE,FALSE,FALSE,1989,0.333333333333333,0.351351351351351,0.0180180180180181,11,13,0.0933727754186746,0.104012596020803,0.010639820602128,0.0905648378633283,0.101635475163747,0.0110706373004187,0.0427461139896373,0.0479274611398964,0.958549222797927
"bridge","Pennsylvania",5,0.55,32,76,FALSE,FALSE,FALSE,1657,0.333333333333333,0.342857142857143,0.00952380952380955,11,12,0.0933727754186746,0.109738060021948,0.0163652846032731,0.0905648378633283,0.111272274530588,0.0207074366672593,0.0427461139896373,0.0453367875647668,0.906735751295337
"bridge","Pennsylvania",5,0.6,34,78,FALSE,FALSE,FALSE,1701,0.333333333333333,0.366666666666667,0.0333333333333333,11,11,0.0933727754186746,0.100529605420106,0.00715683000143136,0.0905648378633283,0.108424204686192,0.0178593668228639,0.0427461139896373,0.038860103626943,0.77720207253886
"bridge","Pennsylvania",5,0.65,31,81,FALSE,FALSE,FALSE,1988,0.333333333333333,0.384615384615385,0.0512820512820513,11,10,0.0933727754186746,0.0880767212176153,-0.00529605420105922,0.0905648378633283,0.0951200616557266,0.00455522379239834,0.0427461139896373,0.0336787564766839,0.673575129533679
"bridge","Pennsylvania",5,0.7,31,73,FALSE,FALSE,FALSE,1885,0.333333333333333,0.37037037037037,0.037037037037037,11,10,0.0933727754186746,0.092179970418436,-0.00119280500023856,0.0905648378633283,0.0948428238808189,0.00427798601749058,0.0427461139896373,0.0349740932642487,0.699481865284974
"bridge","Pennsylvania",5,0.75,31,102,FALSE,FALSE,FALSE,3230,0.333333333333333,0.37037037037037,0.037037037037037,11,10,0.0933727754186746,0.092179970418436,-0.00119280500023856,0.0905648378633283,0.0948428238808189,0.00427798601749058,0.0427461139896373,0.0349740932642487,0.699481865284974
"bridge","Pennsylvania",10,0.25,81,201,FALSE,FALSE,FALSE,5842,0.309859154929577,0.328947368421053,0.0190882134914752,22,25,0.231690443246338,0.2565007872513,0.0248103440049621,0.203547756307068,0.223701763195972,0.0201540068889038,0.0919689119170984,0.0984455958549223,0.984455958549223
"bridge","Pennsylvania",10,0.4,74,184,FALSE,FALSE,FALSE,7957,0.309859154929577,0.319444444444444,0.00958528951486698,22,23,0.231690443246338,0.259172670451835,0.0274822272054964,0.203547756307068,0.221509679335208,0.0179619230281395,0.0919689119170984,0.0932642487046632,0.932642487046632
"bridge","Pennsylvania",10,0.5,74,193,FALSE,FALSE,FALSE,9476,0.309859154929577,0.319444444444444,0.00958528951486698,22,23,0.231690443246338,0.241471444248294,0.0097810010019562,0.203547756307068,0.206222128737971,0.00267437243090329,0.0919689119170984,0.0932642487046632,0.932642487046632
"bridge","Pennsylvania",10,0.55,65,164,FALSE,FALSE,FALSE,11450,0.309859154929577,0.352941176470588,0.0430820215410108,22,24,0.231690443246338,0.257025621451405,0.025335178205067,0.203547756307068,0.23866093688803,0.0351131805809623,0.0919689119170984,0.0880829015544041,0.880829015544041
"bridge","Pennsylvania",10,0.6,66,159,FALSE,FALSE,FALSE,11501,0.309859154929577,0.378787878787879,0.0689287238583013,22,25,0.231690443246338,0.287084307457417,0.0553938642110788,0.203547756307068,0.268616930721553,0.0650691744144844,0.0919689119170984,0.0854922279792746,0.854922279792746
"bridge","Pennsylvania",10,0.65,65,169,FALSE,TRUE,FALSE,13845,0.309859154929577,0.373134328358209,0.0632751734286315,22,25,0.231690443246338,0.272579798654516,0.0408893554081779,0.203547756307068,0.249480963223854,0.0459332069167861,0.0919689119170984,0.0867875647668394,0.867875647668394
"bridge","Pennsylvania",10,0.7,62,174,FALSE,TRUE,FALSE,19349,0.309859154929577,0.378787878787879,0.0689287238583013,22,25,0.231690443246338,0.253208645450642,0.0215182022043037,0.203547756307068,0.231802089544056,0.0282543332369883,0.0919689119170984,0.0854922279792746,0.854922279792746
"bridge","Pennsylvania",10,0.75,62,212,FALSE,TRUE,FALSE,22788,0.309859154929577,0.378787878787879,0.0689287238583013,22,25,0.231690443246338,0.253208645450642,0.0215182022043037,0.203547756307068,0.231802089544056,0.0282543332369883,0.0919689119170984,0.0854922279792746,0.854922279792746
"bridge","Rhode Island",5,0.25,30,94,FALSE,FALSE,FALSE,1382,0.5,0.571428571428571,0.0714285714285714,17,20,0.10320510678119,0.117275492129274,0.0140703853480833,0.100238588735777,0.113169510304575,0.012930921568798,0.0364415862808146,0.037513397642015,0.7502679528403
"bridge","Rhode Island",5,0.4,28,85,FALSE,FALSE,FALSE,1821,0.5,0.45,-0.05,17,18,0.10320510678119,0.109822532669363,0.00661742588817218,0.100238588735777,0.10665588553583,0.00641729680005372,0.0364415862808146,0.0428724544480171,0.857449088960343
"bridge","Rhode Island",5,0.5,26,80,FALSE,FALSE,FALSE,1821,0.5,0.526315789473684,0.0263157894736842,17,20,0.10320510678119,0.126700310818489,0.0234952040372982,0.100238588735777,0.123984887914503,0.0237462991787262,0.0364415862808146,0.0407288317256163,0.814576634512326
"bridge","Rhode Island",5,0.55,24,71,FALSE,FALSE,FALSE,1884,0.5,0.51219512195122,0.0121951219512195,17,21,0.10320510678119,0.133317736706661,0.0301126299254704,0.100238588735777,0.130402184714557,0.03016359597878,0.0364415862808146,0.0439442658092176,0.878885316184352
"bridge","Rhode Island",5,0.6,24,70,FALSE,FALSE,FALSE,1884,0.5,0.526315789473684,0.0263157894736842,17,20,0.10320510678119,0.130744293305705,0.0275391865245146,0.100238588735777,0.127883632623765,0.0276450438879881,0.0364415862808146,0.0407288317256163,0.814576634512326
"bridge","Rhode Island",5,0.65,24,79,FALSE,FALSE,FALSE,2262,0.5,0.525,0.025,17,21,0.10320510678119,0.132749573877878,0.029544467096688,0.100238588735777,0.129662692537227,0.0294241038014506,0.0364415862808146,0.0428724544480171,0.857449088960343
"bridge","Rhode Island",5,0.7,24,60,FALSE,FALSE,FALSE,1876,0.5,0.476190476190476,-0.0238095238095238,17,20,0.10320510678119,0.116607065271883,0.0134019584906922,0.100238588735777,0.115158274317884,0.0149196855821074,0.0364415862808146,0.045016077170418,0.90032154340836
"bridge","Rhode Island",5,0.75,24,59,FALSE,FALSE,FALSE,1627,0.5,0.476190476190476,-0.0238095238095238,17,20,0.10320510678119,0.116607065271883,0.0134019584906922,0.100238588735777,0.115158274317884,0.0149196855821074,0.0364415862808146,0.045016077170418,0.90032154340836
"bridge","Rhode Island",10,0.25,58,131,FALSE,FALSE,FALSE,2609,0.402439024390244,0.44,0.0375609756097561,33,33,0.188663480498646,0.18535476755456,-0.00330871294408608,0.186739885720945,0.182866719484203,-0.00387316623674219,0.0878885316184352,0.0803858520900322,0.803858520900322
"bridge","Rhode Island",10,0.4,56,128,FALSE,FALSE,FALSE,6086,0.402439024390244,0.413333333333333,0.0108943089430894,33,31,0.188663480498646,0.194946692958123,0.00628321245947663,0.186739885720945,0.198493898444954,0.0117540127240089,0.0878885316184352,0.0803858520900322,0.803858520900322
"bridge","Rhode Island",10,0.5,55,141,FALSE,FALSE,FALSE,8023,0.402439024390244,0.426666666666667,0.0242276422764228,33,32,0.188663480498646,0.193944052672036,0.00528057217338992,0.186739885720945,0.195168649684198,0.00842876396325276,0.0878885316184352,0.0803858520900322,0.803858520900322
"bridge","Rhode Island",10,0.55,48,115,FALSE,FALSE,FALSE,11762,0.402439024390244,0.464788732394366,0.0623497080041223,33,33,0.188663480498646,0.197787507102035,0.00912402660338893,0.186739885720945,0.202406371992007,0.0156664862710622,0.0878885316184352,0.0760986066452304,0.760986066452304
"bridge","Rhode Island",10,0.6,47,120,FALSE,FALSE,FALSE,11845,0.402439024390244,0.457142857142857,0.0547038327526132,33,32,0.188663480498646,0.19521406370108,0.0065505832024331,0.186739885720945,0.199887819901215,0.0131479341802703,0.0878885316184352,0.07502679528403,0.7502679528403
"bridge","Rhode Island",10,0.65,57,127,FALSE,TRUE,FALSE,15607,0.402439024390244,0.48,0.0775609756097561,33,36,0.188663480498646,0.216336352394639,0.0276728718959928,0.186739885720945,0.218231502666296,0.0314916169453507,0.0878885316184352,0.0803858520900322,0.803858520900322
"bridge","Rhode Island",10,0.7,51,112,FALSE,TRUE,FALSE,12744,0.402439024390244,0.443037974683544,0.0405989502933004,33,35,0.188663480498646,0.188964272584472,0.000300792085826007,0.186739885720945,0.185978440033147,-0.000761445687798012,0.0878885316184352,0.0846730975348339,0.846730975348339
"bridge","Rhode Island",10,0.75,55,132,FALSE,TRUE,FALSE,19005,0.402439024390244,0.460526315789474,0.0580872913992297,33,35,0.188663480498646,0.196283546672905,0.00762006617425889,0.186739885720945,0.197791278011947,0.0110513922910022,0.0878885316184352,0.0814576634512326,0.814576634512326
"bridge","South Carolina",5,0.25,36,88,FALSE,FALSE,FALSE,2249,0.310344827586207,0.275862068965517,-0.0344827586206897,9,8,0.0592925266185598,0.0528838875712772,-0.00640863904728263,0.0632399287580618,0.0558273417674546,-0.00741258699060721,0.0320441988950276,0.0320441988950276,0.640883977900552
"bridge","South Carolina",5,0.4,35,85,FALSE,FALSE,FALSE,2906,0.310344827586207,0.259259259259259,-0.0510855683269477,9,7,0.0592925266185598,0.0568199021042539,-0.0024726245143059,0.0632399287580618,0.0562646997457921,-0.00697522901226969,0.0320441988950276,0.0298342541436464,0.596685082872928
"bridge","South Carolina",5,0.5,35,88,FALSE,FALSE,FALSE,3230,0.310344827586207,0.259259259259259,-0.0510855683269477,9,7,0.0592925266185598,0.0568199021042539,-0.0024726245143059,0.0632399287580618,0.0562646997457921,-0.00697522901226969,0.0320441988950276,0.0298342541436464,0.596685082872928
"bridge","South Carolina",5,0.55,32,69,FALSE,FALSE,FALSE,3135,0.310344827586207,0.15,-0.160344827586207,9,3,0.0592925266185598,0.0235656254730787,-0.0357269011454811,0.0632399287580618,0.0259930588525673,-0.0372468699054945,0.0320441988950276,0.0220994475138122,0.441988950276243
"bridge","South Carolina",5,0.6,29,76,FALSE,FALSE,FALSE,4000,0.310344827586207,0.142857142857143,-0.167487684729064,9,3,0.0592925266185598,0.0235656254730787,-0.0357269011454811,0.0632399287580618,0.0259930588525673,-0.0372468699054945,0.0320441988950276,0.0232044198895028,0.464088397790055
"bridge","South Carolina",5,0.65,31,74,FALSE,FALSE,FALSE,3221,0.310344827586207,0.136363636363636,-0.173981191222571,9,3,0.0592925266185598,0.0235656254730787,-0.0357269011454811,0.0632399287580618,0.0259930588525673,-0.0372468699054945,0.0320441988950276,0.0243093922651934,0.486187845303867
"bridge","South Carolina",5,0.7,32,61,FALSE,FALSE,FALSE,2815,0.310344827586207,0.125,-0.185344827586207,9,2,0.0592925266185598,0.0177120653983953,-0.0415804612201645,0.0632399287580618,0.0193087953602907,-0.043931133397771,0.0320441988950276,0.0176795580110497,0.353591160220994
"bridge","South Carolina",5,0.75,32,87,FALSE,FALSE,FALSE,5279,0.310344827586207,0.125,-0.185344827586207,9,2,0.0592925266185598,0.0177120653983953,-0.0415804612201645,0.0632399287580618,0.0193087953602907,-0.043931133397771,0.0320441988950276,0.0176795580110497,0.353591160220994
"bridge","South Carolina",10,0.25,61,166,FALSE,FALSE,FALSE,8797,0.310344827586207,0.271186440677966,-0.0391583869082408,18,16,0.141847908361508,0.122773376394005,-0.0190745319675026,0.137236949027621,0.116641633934742,-0.0205953150928792,0.0640883977900552,0.0651933701657459,0.651933701657459
"bridge","South Carolina",10,0.4,55,151,FALSE,FALSE,FALSE,11656,0.310344827586207,0.26,-0.0503448275862069,18,13,0.141847908361508,0.106121007216027,-0.0357269011454811,0.137236949027621,0.098434492592785,-0.0388024564348358,0.0640883977900552,0.0552486187845304,0.552486187845304
"bridge","South Carolina",10,0.5,55,180,FALSE,TRUE,FALSE,15147,0.310344827586207,0.272727272727273,-0.0376175548589342,18,15,0.141847908361508,0.117777665640612,-0.0240702427208962,0.137236949027621,0.111220173304574,-0.0260167757230471,0.0640883977900552,0.0607734806629834,0.607734806629834
"bridge","South Carolina",10,0.55,51,153,FALSE,TRUE,FALSE,19709,0.310344827586207,0.211538461538462,-0.0988063660477454,18,11,0.141847908361508,0.0880052480193773,-0.0538426603421305,0.137236949027621,0.08146976869517,-0.0557671803324507,0.0640883977900552,0.0574585635359116,0.574585635359116
"bridge","South Carolina",10,0.6,49,163,FALSE,TRUE,FALSE,21443,0.310344827586207,0.222222222222222,-0.0881226053639847,18,12,0.141847908361508,0.0950698894888227,-0.0467780188726851,0.137236949027621,0.0894616807846816,-0.0477752682429391,0.0640883977900552,0.0596685082872928,0.596685082872928
"bridge","South Carolina",10,0.65,65,162,FALSE,TRUE,FALSE,19547,0.310344827586207,0.242857142857143,-0.0674876847290641,18,17,0.141847908361508,0.17156986425796,0.0297219558964525,0.137236949027621,0.144976778940824,0.00773982991320346,0.0640883977900552,0.0773480662983425,0.773480662983425
"bridge","South Carolina",10,0.7,63,158,FALSE,TRUE,FALSE,22564,0.310344827586207,0.242857142857143,-0.0674876847290641,18,17,0.141847908361508,0.160569208255538,0.0187212998940304,0.137236949027621,0.136547508872975,-0.000689440154645671,0.0640883977900552,0.0773480662983425,0.773480662983425
"bridge","South Carolina",10,0.75,64,176,FALSE,TRUE,FALSE,24419,0.310344827586207,0.203125,-0.107219827586207,18,13,0.141847908361508,0.14189837008629,5.0461724781764e-05,0.137236949027621,0.117151652282854,-0.0200852967447664,0.0640883977900552,0.0707182320441989,0.707182320441989
"bridge","South Dakota",5,0.25,42,93,FALSE,FALSE,FALSE,2130,0.0689655172413793,0.103448275862069,0.0344827586206897,2,3,0.0688956433637285,0.123809523809524,0.0549138804457953,0.0781268930150384,0.136159301546761,0.058032408531723,0.0461049284578696,0.0461049284578696,0.922098569157393
"bridge","South Dakota",5,0.4,39,88,FALSE,FALSE,FALSE,2317,0.0689655172413793,0.142857142857143,0.0738916256157635,2,4,0.0688956433637285,0.142857142857143,0.0739614994934144,0.0781268930150384,0.145503759507249,0.0673768664922107,0.0461049284578696,0.0445151033386327,0.890302066772655
"bridge","South Dakota",5,0.5,39,91,FALSE,FALSE,FALSE,2497,0.0689655172413793,0.148148148148148,0.0791826309067688,2,4,0.0688956433637285,0.142857142857143,0.0739614994934144,0.0781268930150384,0.145503759507249,0.0673768664922107,0.0461049284578696,0.0429252782193959,0.858505564387917
"bridge","South Dakota",5,0.55,37,85,FALSE,FALSE,FALSE,2589,0.0689655172413793,0.16,0.0910344827586207,2,4,0.0688956433637285,0.142857142857143,0.0739614994934144,0.0781268930150384,0.145503759507249,0.0673768664922107,0.0461049284578696,0.0397456279809221,0.794912559618442
"bridge","South Dakota",5,0.6,37,90,FALSE,FALSE,FALSE,2857,0.0689655172413793,0.16,0.0910344827586207,2,4,0.0688956433637285,0.142857142857143,0.0739614994934144,0.0781268930150384,0.145503759507249,0.0673768664922107,0.0461049284578696,0.0397456279809221,0.794912559618442
"bridge","South Dakota",5,0.65,37,92,FALSE,FALSE,FALSE,3147,0.0689655172413793,0.16,0.0910344827586207,2,4,0.0688956433637285,0.142857142857143,0.0739614994934144,0.0781268930150384,0.145503759507249,0.0673768664922107,0.0461049284578696,0.0397456279809221,0.794912559618442
"bridge","South Dakota",5,0.7,39,103,FALSE,FALSE,FALSE,4014,0.0689655172413793,0.222222222222222,0.153256704980843,2,4,0.0688956433637285,0.142857142857143,0.0739614994934144,0.0781268930150384,0.145503759507249,0.0673768664922107,0.0461049284578696,0.0286168521462639,0.572337042925278
"bridge","South Dakota",5,0.75,39,109,FALSE,FALSE,FALSE,4722,0.0689655172413793,0.222222222222222,0.153256704980843,2,4,0.0688956433637285,0.142857142857143,0.0739614994934144,0.0781268930150384,0.145503759507249,0.0673768664922107,0.0461049284578696,0.0286168521462639,0.572337042925278
"bridge","South Dakota",10,0.25,71,165,FALSE,FALSE,FALSE,6398,0.148936170212766,0.14,-0.00893617021276594,7,7,0.288753799392097,0.288753799392097,0,0.268294049780504,0.268294049780504,0,0.0747217806041336,0.0794912559618442,0.794912559618442
"bridge","South Dakota",10,0.4,63,158,FALSE,FALSE,FALSE,7234,0.148936170212766,0.177777777777778,0.0288416075650118,7,8,0.288753799392097,0.307396149949341,0.0186423505572442,0.268294049780504,0.292612683923879,0.0243186341433749,0.0747217806041336,0.0715421303656598,0.715421303656598
"bridge","South Dakota",10,0.5,62,175,FALSE,FALSE,FALSE,10208,0.148936170212766,0.162790697674419,0.0138545274616527,7,7,0.288753799392097,0.288753799392097,0,0.268294049780504,0.268294049780504,0,0.0747217806041336,0.068362480127186,0.68362480127186
"bridge","South Dakota",10,0.55,59,157,FALSE,TRUE,FALSE,12307,0.148936170212766,0.135135135135135,-0.0138010350776308,7,5,0.288753799392097,0.23161094224924,-0.0571428571428572,0.268294049780504,0.199252281403079,-0.0690417683774245,0.0747217806041336,0.0588235294117647,0.588235294117647
"bridge","South Dakota",10,0.6,61,169,FALSE,TRUE,FALSE,13282,0.148936170212766,0.146341463414634,-0.00259470679813181,7,6,0.288753799392097,0.250253292806484,-0.038500506585613,0.268294049780504,0.223570915546454,-0.0447231342340497,0.0747217806041336,0.0651828298887122,0.651828298887122
"bridge","South Dakota",10,0.65,69,165,FALSE,TRUE,FALSE,13075,0.148936170212766,0.119047619047619,-0.0298885511651469,7,5,0.288753799392097,0.23161094224924,-0.0571428571428572,0.268294049780504,0.199252281403079,-0.0690417683774245,0.0747217806041336,0.0667726550079491,0.667726550079491
"bridge","South Dakota",10,0.7,69,173,FALSE,TRUE,FALSE,17138,0.148936170212766,0.166666666666667,0.0177304964539007,7,6,0.288753799392097,0.250253292806484,-0.038500506585613,0.268294049780504,0.223570915546454,-0.0447231342340497,0.0747217806041336,0.0572337042925278,0.572337042925278
"bridge","South Dakota",10,0.75,72,183,FALSE,TRUE,FALSE,18184,0.148936170212766,0.166666666666667,0.0177304964539007,7,7,0.288753799392097,0.294224924012158,0.00547112462006077,0.268294049780504,0.268001081458051,-0.000292968322453124,0.0747217806041336,0.0667726550079491,0.667726550079491
"bridge","Tennessee",5,0.25,43,123,FALSE,FALSE,FALSE,2392,0.208333333333333,0.217391304347826,0.00905797101449274,5,5,0.0535944169659191,0.0535944169659191,0,0.0480477518790848,0.0480477518790848,0,0.0255863539445629,0.0245202558635394,0.490405117270789
"bridge","Tennessee",5,0.4,45,108,FALSE,FALSE,FALSE,2798,0.208333333333333,0.227272727272727,0.0189393939393939,5,5,0.0535944169659191,0.0421437766786368,-0.0114506402872823,0.0480477518790848,0.0410177678916901,-0.00702998398739471,0.0255863539445629,0.023454157782516,0.46908315565032
"bridge","Tennessee",5,0.5,45,115,FALSE,FALSE,FALSE,3187,0.208333333333333,0.241379310344828,0.0330459770114943,5,7,0.0535944169659191,0.0661968968087269,0.0126024798428078,0.0480477518790848,0.0616229145690346,0.0135751626899498,0.0255863539445629,0.0309168443496802,0.618336886993603
"bridge","Tennessee",5,0.55,37,93,FALSE,FALSE,FALSE,3400,0.208333333333333,0.272727272727273,0.0643939393939394,5,6,0.0535944169659191,0.0506131851751474,-0.00298123179077173,0.0480477518790848,0.0502582503851295,0.00221049850604477,0.0255863539445629,0.023454157782516,0.46908315565032
"bridge","Tennessee",5,0.6,39,98,FALSE,FALSE,FALSE,3986,0.208333333333333,0.192307692307692,-0.016025641025641,5,5,0.0535944169659191,0.0421437766786368,-0.0114506402872823,0.0480477518790848,0.0410177678916901,-0.00702998398739471,0.0255863539445629,0.0277185501066098,0.554371002132196
"bridge","Tennessee",5,0.65,42,108,FALSE,FALSE,FALSE,5788,0.208333333333333,0.153846153846154,-0.0544871794871795,5,4,0.0535944169659191,0.0357070262212887,-0.0178873907446304,0.0480477518790848,0.0320786322570383,-0.0159691196220465,0.0255863539445629,0.0277185501066098,0.554371002132196
"bridge","Tennessee",5,0.7,41,110,FALSE,FALSE,FALSE,7926,0.208333333333333,0.16,-0.0483333333333333,5,4,0.0535944169659191,0.0306931363913544,-0.0229012805745647,0.0480477518790848,0.0282530911703116,-0.0197946607087731,0.0255863539445629,0.0266524520255864,0.533049040511727
"bridge","Tennessee",5,0.75,41,111,FALSE,FALSE,FALSE,7926,0.208333333333333,0.16,-0.0483333333333333,5,4,0.0535944169659191,0.0306931363913544,-0.0229012805745647,0.0480477518790848,0.0282530911703116,-0.0197946607087731,0.0255863539445629,0.0266524520255864,0.533049040511727
"bridge","Tennessee",10,0.25,78,225,FALSE,FALSE,FALSE,9801,0.240740740740741,0.239130434782609,-0.00161030595813202,13,11,0.0985161596314113,0.0989904465072159,0.000474286875804586,0.0946846822020177,0.0919770145382599,-0.00270766766375773,0.0575692963752665,0.0490405117270789,0.490405117270789
"bridge","Tennessee",10,0.4,80,209,FALSE,TRUE,FALSE,13660,0.240740740740741,0.227272727272727,-0.0134680134680135,13,10,0.0985161596314113,0.0767667186123721,-0.0217494410190392,0.0946846822020177,0.0702493857925083,-0.0244352964095094,0.0575692963752665,0.046908315565032,0.46908315565032
"bridge","Tennessee",10,0.5,83,231,FALSE,TRUE,FALSE,18188,0.240740740740741,0.245283018867925,0.0045422781271838,13,13,0.0985161596314113,0.106375770716173,0.00785961108476184,0.0946846822020177,0.100937062998505,0.00625238079648729,0.0575692963752665,0.0565031982942431,0.565031982942431
"bridge","Tennessee",10,0.55,71,184,FALSE,TRUE,FALSE,19816,0.240740740740741,0.22,-0.0207407407407407,13,11,0.0985161596314113,0.10888271563114,0.010366555999729,0.0946846822020177,0.0950893063068357,0.000404624104817994,0.0575692963752665,0.0533049040511727,0.533049040511727
"bridge","Tennessee",10,0.6,71,208,FALSE,TRUE,FALSE,25078,0.240740740740741,0.208333333333333,-0.0324074074074074,13,10,0.0985161596314113,0.10041330713463,0.00189714750321837,0.0946846822020177,0.0858488238133962,-0.00883585838862148,0.0575692963752665,0.0511727078891258,0.511727078891258
"bridge","Tennessee",10,0.65,74,228,FALSE,TRUE,FALSE,27470,0.240740740740741,0.2,-0.0407407407407407,13,11,0.0985161596314113,0.0823226505860831,-0.0161935090453283,0.0946846822020177,0.0803319163211604,-0.0143527658808572,0.0575692963752665,0.05863539445629,0.5863539445629
"bridge","Tennessee",10,0.7,74,219,FALSE,TRUE,FALSE,28105,0.240740740740741,0.181818181818182,-0.0589225589225589,13,10,0.0985161596314113,0.096619012128193,-0.00189714750321839,0.0946846822020177,0.0803596708679558,-0.0143250113340618,0.0575692963752665,0.05863539445629,0.5863539445629
"bridge","Tennessee",10,0.75,74,234,FALSE,TRUE,FALSE,34294,0.240740740740741,0.181818181818182,-0.0589225589225589,13,10,0.0985161596314113,0.096619012128193,-0.00189714750321839,0.0946846822020177,0.0803596708679558,-0.0143250113340618,0.0575692963752665,0.05863539445629,0.5863539445629
"bridge","Texas",5,0.25,35,98,FALSE,FALSE,FALSE,1662,0.272727272727273,0.296296296296296,0.0235690235690236,9,8,0.0777458033573142,0.0666187050359712,-0.0111270983213429,0.0736978509252072,0.0618275994141422,-0.011870251511065,0.0385514018691589,0.0315420560747664,0.630841121495327
"bridge","Texas",5,0.4,32,79,FALSE,FALSE,FALSE,1780,0.272727272727273,0.233333333333333,-0.0393939393939394,9,7,0.0777458033573142,0.0537649880095923,-0.0239808153477218,0.0736978509252072,0.0482498962837968,-0.0254479546414104,0.0385514018691589,0.0350467289719626,0.700934579439252
"bridge","Texas",5,0.5,33,98,FALSE,FALSE,FALSE,2249,0.272727272727273,0.275862068965517,0.00313479623824453,9,8,0.0777458033573142,0.0666187050359712,-0.0111270983213429,0.0736978509252072,0.0618275994141422,-0.011870251511065,0.0385514018691589,0.0338785046728972,0.677570093457944
"bridge","Texas",5,0.55,30,90,FALSE,FALSE,FALSE,2465,0.272727272727273,0.25,-0.0227272727272727,9,6,0.0777458033573142,0.0559712230215827,-0.0217745803357314,0.0736978509252072,0.0492314324672347,-0.0244664184579725,0.0385514018691589,0.0280373831775701,0.560747663551402
"bridge","Texas",5,0.6,32,89,FALSE,FALSE,FALSE,2567,0.272727272727273,0.28,0.00727272727272732,9,7,0.0777458033573142,0.0635011990407674,-0.0142446043165468,0.0736978509252072,0.0586160648413429,-0.0150817860838643,0.0385514018691589,0.0292056074766355,0.58411214953271
"bridge","Texas",5,0.65,30,96,FALSE,FALSE,FALSE,3366,0.272727272727273,0.291666666666667,0.018939393939394,9,7,0.0777458033573142,0.0590887290167866,-0.0186570743405276,0.0736978509252072,0.052442967040034,-0.0212548838851732,0.0385514018691589,0.0280373831775701,0.560747663551402
"bridge","Texas",5,0.7,33,96,FALSE,FALSE,FALSE,3728,0.272727272727273,0.28,0.00727272727272732,9,7,0.0777458033573142,0.0590887290167866,-0.0186570743405276,0.0736978509252072,0.052442967040034,-0.0212548838851732,0.0385514018691589,0.0292056074766355,0.58411214953271
"bridge","Texas",5,0.75,33,101,FALSE,FALSE,FALSE,4332,0.272727272727273,0.28,0.00727272727272732,9,7,0.0777458033573142,0.0590887290167866,-0.0186570743405276,0.0736978509252072,0.052442967040034,-0.0212548838851732,0.0385514018691589,0.0292056074766355,0.58411214953271
"bridge","Texas",10,0.25,64,182,FALSE,FALSE,FALSE,5279,0.214285714285714,0.240740740740741,0.0264550264550265,12,13,0.097841726618705,0.109832134292566,0.0119904076738609,0.089907295253164,0.103095041358815,0.0131877461056505,0.0654205607476635,0.0630841121495327,0.630841121495327
"bridge","Texas",10,0.4,57,168,FALSE,FALSE,FALSE,7760,0.214285714285714,0.22,0.00571428571428573,12,11,0.097841726618705,0.0932853717026379,-0.00455635491606715,0.089907295253164,0.0899682916206301,6.09963674660513e-05,0.0654205607476635,0.058411214953271,0.58411214953271
"bridge","Texas",10,0.5,61,184,FALSE,FALSE,FALSE,9484,0.214285714285714,0.2,-0.0142857142857143,12,10,0.097841726618705,0.0757314148681055,-0.0221103117505995,0.089907295253164,0.069461622814473,-0.020445672438691,0.0654205607476635,0.058411214953271,0.58411214953271
"bridge","Texas",10,0.55,56,146,FALSE,FALSE,FALSE,9012,0.214285714285714,0.19047619047619,-0.0238095238095238,12,8,0.097841726618705,0.0682014388489209,-0.0296402877697842,0.089907295253164,0.062562452140324,-0.0273448431128401,0.0654205607476635,0.0490654205607477,0.490654205607477
"bridge","Texas",10,0.6,58,164,FALSE,TRUE,FALSE,14098,0.214285714285714,0.209302325581395,-0.00498338870431891,12,9,0.097841726618705,0.0726139088729017,-0.0252278177458034,0.089907295253164,0.0662500882416737,-0.0236572070114903,0.0654205607476635,0.0502336448598131,0.502336448598131
"bridge","Texas",10,0.65,59,165,FALSE,TRUE,FALSE,15590,0.214285714285714,0.25,0.0357142857142857,12,14,0.097841726618705,0.133717026378897,0.0358752997601918,0.089907295253164,0.104871550544847,0.0149642552916834,0.0654205607476635,0.0654205607476635,0.654205607476635
"bridge","Texas",10,0.7,58,163,FALSE,TRUE,FALSE,19682,0.214285714285714,0.274509803921569,0.0602240896358544,12,14,0.097841726618705,0.129928057553957,0.0320863309352518,0.089907295253164,0.100355160989227,0.0104478657360626,0.0654205607476635,0.0595794392523364,0.595794392523364
"bridge","Texas",10,0.75,66,181,FALSE,TRUE,FALSE,21220,0.214285714285714,0.278688524590164,0.0644028103044496,12,17,0.097841726618705,0.14916067146283,0.0513189448441247,0.089907295253164,0.122934545990774,0.0330272507376101,0.0654205607476635,0.0712616822429906,0.712616822429906
"bridge","Utah",5,0.25,43,110,FALSE,FALSE,FALSE,2154,0.115384615384615,0.125,0.00961538461538461,3,3,0.0457773077504155,0.0457773077504155,0,0.0513861622042243,0.0513861622042243,0,0.0264765784114053,0.0244399185336049,0.488798370672098
"bridge","Utah",5,0.4,42,101,FALSE,FALSE,FALSE,2343,0.115384615384615,0.15,0.0346153846153846,3,3,0.0457773077504155,0.0457773077504155,0,0.0513861622042243,0.0513861622042243,0,0.0264765784114053,0.0203665987780041,0.407331975560081
"bridge","Utah",5,0.5,44,121,FALSE,FALSE,FALSE,3139,0.115384615384615,0.15,0.0346153846153846,3,3,0.0457773077504155,0.0457773077504155,0,0.0513861622042243,0.0513861622042243,0,0.0264765784114053,0.0203665987780041,0.407331975560081
"bridge","Utah",5,0.55,41,108,FALSE,FALSE,FALSE,3767,0.115384615384615,0.0909090909090909,-0.0244755244755245,3,2,0.0457773077504155,0.0358060129928992,-0.00997129475751624,0.0513861622042243,0.04058609871383,-0.0108000634903943,0.0264765784114053,0.0224032586558045,0.44806517311609
"bridge","Utah",5,0.6,41,111,FALSE,FALSE,FALSE,4160,0.115384615384615,0.0909090909090909,-0.0244755244755245,3,2,0.0457773077504155,0.0358060129928992,-0.00997129475751624,0.0513861622042243,0.04058609871383,-0.0108000634903943,0.0264765784114053,0.0224032586558045,0.44806517311609
"bridge","Utah",5,0.65,43,115,FALSE,FALSE,FALSE,4740,0.115384615384615,0.1,-0.0153846153846154,3,2,0.0457773077504155,0.0444175857380269,-0.00135972201238858,0.0513861622042243,0.0439874552051789,-0.00739870699904543,0.0264765784114053,0.0203665987780041,0.407331975560081
"bridge","Utah",5,0.7,42,119,FALSE,FALSE,FALSE,6354,0.115384615384615,0.153846153846154,0.0384615384615385,3,2,0.0457773077504155,0.0444175857380269,-0.00135972201238858,0.0513861622042243,0.0439874552051789,-0.00739870699904543,0.0264765784114053,0.0132382892057026,0.264765784114053
"bridge","Utah",5,0.75,42,124,FALSE,FALSE,FALSE,7013,0.115384615384615,0.153846153846154,0.0384615384615385,3,2,0.0457773077504155,0.0444175857380269,-0.00135972201238858,0.0513861622042243,0.0439874552051789,-0.00739870699904543,0.0264765784114053,0.0132382892057026,0.264765784114053
"bridge","Utah",10,0.25,80,217,FALSE,FALSE,FALSE,8176,0.117647058823529,0.14,0.0223529411764706,6,7,0.112705846804653,0.146698897114368,0.0339930503097145,0.118002855815928,0.143491640733132,0.0254887849172039,0.0519348268839104,0.0509164969450102,0.509164969450102
"bridge","Utah",10,0.4,72,202,FALSE,FALSE,FALSE,10959,0.117647058823529,0.142857142857143,0.0252100840336134,6,8,0.112705846804653,0.155159389635897,0.0424535428312434,0.118002855815928,0.156996223290099,0.038993367474171,0.0519348268839104,0.0570264765784114,0.570264765784114
"bridge","Utah",10,0.5,79,228,FALSE,TRUE,FALSE,13977,0.117647058823529,0.169811320754717,0.0521642619311876,6,9,0.112705846804653,0.168454449312585,0.0557486025079317,0.118002855815928,0.169920552049292,0.051917696233364,0.0519348268839104,0.0539714867617108,0.539714867617108
"bridge","Utah",10,0.55,66,199,FALSE,TRUE,FALSE,18814,0.117647058823529,0.14,0.0223529411764706,6,7,0.112705846804653,0.14518809487838,0.0324822480737271,0.118002855815928,0.146196159799705,0.0281933039837767,0.0519348268839104,0.0509164969450102,0.509164969450102
"bridge","Utah",10,0.6,65,194,FALSE,TRUE,FALSE,15844,0.117647058823529,0.137254901960784,0.0196078431372549,6,7,0.112705846804653,0.14518809487838,0.0324822480737271,0.118002855815928,0.146196159799705,0.0281933039837767,0.0519348268839104,0.0519348268839104,0.519348268839104
"bridge","Utah",10,0.65,80,209,FALSE,TRUE,FALSE,21095,0.117647058823529,0.153846153846154,0.0361990950226244,6,8,0.112705846804653,0.180389786976885,0.0676839401722315,0.118002855815928,0.175138706918215,0.0571358511022864,0.0519348268839104,0.0529531568228106,0.529531568228106
"bridge","Utah",10,0.7,77,205,FALSE,TRUE,FALSE,22823,0.117647058823529,0.12,0.00235294117647059,6,6,0.112705846804653,0.132648436319686,0.0199425895150325,0.118002855815928,0.132442886855999,0.0144400310400709,0.0519348268839104,0.0509164969450102,0.509164969450102
"bridge","Utah",10,0.75,82,225,FALSE,TRUE,FALSE,26382,0.117647058823529,0.134615384615385,0.0169683257918552,6,7,0.112705846804653,0.162260160145037,0.0495543133403838,0.118002855815928,0.158407530707355,0.0404046748914273,0.0519348268839104,0.0529531568228106,0.529531568228106
"bridge","Vermont",5,0.25,32,72,FALSE,FALSE,FALSE,1304,0.173913043478261,0.186046511627907,0.0121334681496461,8,8,0.239041095890411,0.239041095890411,0,0.272043503295787,0.272043503295787,0,0.0729001584786054,0.0681458003169572,1.36291600633914
"bridge","Vermont",5,0.4,32,67,FALSE,FALSE,FALSE,1442,0.173913043478261,0.186046511627907,0.0121334681496461,8,8,0.239041095890411,0.239041095890411,0,0.272043503295787,0.272043503295787,0,0.0729001584786054,0.0681458003169572,1.36291600633914
"bridge","Vermont",5,0.5,31,61,FALSE,FALSE,FALSE,1363,0.173913043478261,0.19047619047619,0.0165631469979296,8,8,0.239041095890411,0.239041095890411,0,0.272043503295787,0.272043503295787,0,0.0729001584786054,0.0665610142630745,1.33122028526149
"bridge","Vermont",5,0.55,28,52,FALSE,FALSE,FALSE,1396,0.173913043478261,0.2,0.0260869565217391,8,10,0.239041095890411,0.294794520547945,0.0557534246575342,0.272043503295787,0.323869965426063,0.0518264621302753,0.0729001584786054,0.0792393026941363,1.58478605388273
"bridge","Vermont",5,0.6,28,54,FALSE,FALSE,FALSE,1821,0.173913043478261,0.2,0.0260869565217391,8,10,0.239041095890411,0.294794520547945,0.0557534246575342,0.272043503295787,0.323869965426063,0.0518264621302753,0.0729001584786054,0.0792393026941363,1.58478605388273
"bridge","Vermont",5,0.65,27,58,FALSE,FALSE,FALSE,1829,0.173913043478261,0.212765957446809,0.0388529139685476,8,10,0.239041095890411,0.315479452054794,0.0764383561643835,0.272043503295787,0.330186794052384,0.0581432907565969,0.0729001584786054,0.0744849445324881,1.48969889064976
"bridge","Vermont",5,0.7,27,61,FALSE,FALSE,FALSE,2252,0.173913043478261,0.212765957446809,0.0388529139685476,8,10,0.239041095890411,0.315479452054794,0.0764383561643835,0.272043503295787,0.330186794052384,0.0581432907565969,0.0729001584786054,0.0744849445324881,1.48969889064976
"bridge","Vermont",5,0.75,27,62,FALSE,FALSE,FALSE,2566,0.173913043478261,0.212765957446809,0.0388529139685476,8,10,0.239041095890411,0.315479452054794,0.0764383561643835,0.272043503295787,0.330186794052384,0.0581432907565969,0.0729001584786054,0.0744849445324881,1.48969889064976
"bridge","Vermont",10,0.25,63,136,FALSE,FALSE,FALSE,4379,0.191176470588235,0.181818181818182,-0.00935828877005346,13,12,0.362602739726027,0.313561643835616,-0.0490410958904109,0.375151502245235,0.353329827830703,-0.0218216744145322,0.107765451664025,0.10459587955626,1.0459587955626
"bridge","Vermont",10,0.4,55,114,FALSE,FALSE,FALSE,4314,0.191176470588235,0.17741935483871,-0.0137571157495256,13,11,0.362602739726027,0.305342465753425,-0.0572602739726027,0.375151502245235,0.34479869026132,-0.0303528119839148,0.107765451664025,0.098256735340729,0.98256735340729
"bridge","Vermont",10,0.5,51,128,FALSE,FALSE,FALSE,7129,0.191176470588235,0.159420289855072,-0.0317561807331628,13,11,0.362602739726027,0.305342465753425,-0.0572602739726027,0.375151502245235,0.34479869026132,-0.0303528119839148,0.107765451664025,0.109350237717908,1.09350237717908
"bridge","Vermont",10,0.55,43,107,FALSE,FALSE,FALSE,10211,0.191176470588235,0.159420289855072,-0.0317561807331628,13,11,0.362602739726027,0.305342465753425,-0.0572602739726027,0.375151502245235,0.34479869026132,-0.0303528119839148,0.107765451664025,0.109350237717908,1.09350237717908
"bridge","Vermont",10,0.6,47,113,FALSE,FALSE,FALSE,10211,0.191176470588235,0.157142857142857,-0.0340336134453781,13,11,0.362602739726027,0.305342465753425,-0.0572602739726027,0.375151502245235,0.34479869026132,-0.0303528119839148,0.107765451664025,0.110935023771791,1.10935023771791
"bridge","Vermont",10,0.65,38,129,FALSE,TRUE,FALSE,12693,0.191176470588235,0.176470588235294,-0.0147058823529412,13,12,0.362602739726027,0.341917808219178,-0.0206849315068493,0.375151502245235,0.364836959959269,-0.0103145422859658,0.107765451664025,0.107765451664025,1.07765451664025
"bridge","Vermont",10,0.7,41,139,FALSE,TRUE,FALSE,18421,0.191176470588235,0.166666666666667,-0.0245098039215686,13,11,0.362602739726027,0.331369863013699,-0.0312328767123288,0.375151502245235,0.343908235124011,-0.0312432671212234,0.107765451664025,0.10459587955626,1.0459587955626
"bridge","Vermont",10,0.75,41,151,FALSE,TRUE,FALSE,20745,0.191176470588235,0.166666666666667,-0.0245098039215686,13,11,0.362602739726027,0.331369863013699,-0.0312328767123288,0.375151502245235,0.343908235124011,-0.0312432671212234,0.107765451664025,0.10459587955626,1.0459587955626
"bridge","Virginia",5,0.25,32,82,FALSE,FALSE,FALSE,1307,0.423076923076923,0.423076923076923,0,11,11,0.0915097130460507,0.0915097130460507,0,0.114840774134448,0.114840774134448,0,0.037037037037037,0.037037037037037,0.740740740740741
"bridge","Virginia",5,0.4,30,79,FALSE,FALSE,FALSE,1608,0.423076923076923,0.428571428571429,0.00549450549450547,11,12,0.0915097130460507,0.104723400059166,0.0132136870131151,0.114840774134448,0.127862137759199,0.0130213636247506,0.037037037037037,0.0398860398860399,0.797720797720798
"bridge","Virginia",5,0.5,31,92,FALSE,FALSE,FALSE,1999,0.423076923076923,0.407407407407407,-0.0156695156695157,11,11,0.0915097130460507,0.0982644709594715,0.00675475791342077,0.114840774134448,0.119751249075547,0.00491047494109872,0.037037037037037,0.0384615384615385,0.769230769230769
"bridge","Virginia",5,0.55,28,69,FALSE,FALSE,FALSE,1965,0.423076923076923,0.344827586206897,-0.0782493368700265,11,10,0.0915097130460507,0.0886993393156493,-0.00281037373040134,0.114840774134448,0.113587977465778,-0.00125279666867031,0.037037037037037,0.0413105413105413,0.826210826210826
"bridge","Virginia",5,0.6,28,71,FALSE,FALSE,FALSE,2532,0.423076923076923,0.344827586206897,-0.0782493368700265,11,10,0.0915097130460507,0.0886993393156493,-0.00281037373040134,0.114840774134448,0.113587977465778,-0.00125279666867031,0.037037037037037,0.0413105413105413,0.826210826210826
"bridge","Virginia",5,0.65,27,80,FALSE,FALSE,FALSE,2672,0.423076923076923,0.333333333333333,-0.0897435897435898,11,9,0.0915097130460507,0.0754856523025343,-0.0160240607435164,0.114840774134448,0.100566613841027,-0.014274160293421,0.037037037037037,0.0384615384615385,0.769230769230769
"bridge","Virginia",5,0.7,30,74,FALSE,FALSE,FALSE,2532,0.423076923076923,0.28,-0.143076923076923,11,7,0.0915097130460507,0.0629622325214476,-0.0285474805246031,0.114840774134448,0.0855296100775117,-0.0293111640569367,0.037037037037037,0.0356125356125356,0.712250712250712
"bridge","Virginia",5,0.75,32,78,FALSE,FALSE,FALSE,2672,0.423076923076923,0.344827586206897,-0.0782493368700265,11,10,0.0915097130460507,0.0840646879006015,-0.00744502514544916,0.114840774134448,0.0921696117861851,-0.0226711623482633,0.037037037037037,0.0413105413105413,0.826210826210826
"bridge","Virginia",10,0.25,55,150,FALSE,FALSE,FALSE,3541,0.288461538461538,0.285714285714286,-0.00274725274725274,15,14,0.13696874075535,0.116063504585347,-0.0209052361700029,0.141539909037217,0.120426106474752,-0.0211138025624651,0.0740740740740741,0.0698005698005698,0.698005698005698
"bridge","Virginia",10,0.4,51,144,FALSE,FALSE,FALSE,6450,0.288461538461538,0.327272727272727,0.0388111888111888,15,18,0.13696874075535,0.167784242185189,0.0308155014298393,0.141539909037217,0.173290976635138,0.0317510675979212,0.0740740740740741,0.0783475783475783,0.783475783475783
"bridge","Virginia",10,0.5,60,158,FALSE,FALSE,FALSE,8809,0.288461538461538,0.298245614035088,0.00978407557354927,15,17,0.13696874075535,0.162064885119811,0.0250961443644611,0.141539909037217,0.170964008139805,0.0294240991025877,0.0740740740740741,0.0811965811965812,0.811965811965812
"bridge","Virginia",10,0.55,49,119,FALSE,FALSE,FALSE,6943,0.288461538461538,0.305084745762712,0.0166232073011734,15,18,0.13696874075535,0.15989547381915,0.0229267330638004,0.141539909037217,0.172025375421265,0.0304854663840482,0.0740740740740741,0.084045584045584,0.84045584045584
"bridge","Virginia",10,0.6,48,124,FALSE,FALSE,FALSE,10827,0.288461538461538,0.310344827586207,0.0218832891246685,15,18,0.13696874075535,0.16448082043191,0.0275120796765605,0.141539909037217,0.170745448418352,0.0292055393811349,0.0740740740740741,0.0826210826210826,0.826210826210826
"bridge","Virginia",10,0.65,52,149,FALSE,FALSE,FALSE,11473,0.288461538461538,0.326923076923077,0.0384615384615385,15,17,0.13696874075535,0.130460506853368,-0.00650823390198205,0.141539909037217,0.131949261421421,-0.00959064761579567,0.0740740740740741,0.0740740740740741,0.740740740740741
"bridge","Virginia",10,0.7,53,159,FALSE,TRUE,FALSE,15643,0.288461538461538,0.288461538461538,0,15,15,0.13696874075535,0.117937087072281,-0.0190316536830687,0.141539909037217,0.116912257657905,-0.0246276513793114,0.0740740740740741,0.0740740740740741,0.740740740740741
"bridge","Virginia",10,0.75,56,176,FALSE,TRUE,FALSE,21306,0.288461538461538,0.343283582089552,0.0548220436280138,15,23,0.13696874075535,0.159846169016862,0.0228774282615127,0.141539909037217,0.161237095252574,0.0196971862153567,0.0740740740740741,0.0954415954415954,0.954415954415954
"bridge","Washington",5,0.25,42,115,FALSE,FALSE,FALSE,2171,0.409090909090909,0.529411764705882,0.120320855614973,9,9,0.147086750107898,0.150884764782046,0.00379801467414759,0.134897362884241,0.137884409828901,0.00298704694465959,0.0269938650306748,0.0208588957055215,0.417177914110429
"bridge","Washington",5,0.4,38,105,FALSE,FALSE,FALSE,2702,0.409090909090909,0.413793103448276,0.00470219435736674,9,12,0.147086750107898,0.213983599482089,0.0668968493741908,0.134897362884241,0.20111151555531,0.0662141526710692,0.0269938650306748,0.0355828220858896,0.711656441717791
"bridge","Washington",5,0.5,38,101,FALSE,FALSE,FALSE,2891,0.409090909090909,0.44,0.0309090909090909,9,11,0.147086750107898,0.20448856279672,0.0574018126888217,0.134897362884241,0.191841965717323,0.0569446028330821,0.0269938650306748,0.0306748466257669,0.613496932515337
"bridge","Washington",5,0.55,36,97,FALSE,FALSE,FALSE,4192,0.409090909090909,0.384615384615385,-0.0244755244755245,9,10,0.147086750107898,0.199050496331463,0.0519637462235649,0.134897362884241,0.187054807652608,0.0521574447683667,0.0269938650306748,0.0319018404907975,0.638036809815951
"bridge","Washington",5,0.6,38,96,FALSE,FALSE,FALSE,3921,0.409090909090909,0.434782608695652,0.025691699604743,9,10,0.147086750107898,0.160466119982736,0.0133793698748381,0.134897362884241,0.154248998632239,0.0193516357479982,0.0269938650306748,0.0282208588957055,0.56441717791411
"bridge","Washington",5,0.65,38,101,FALSE,FALSE,FALSE,4383,0.409090909090909,0.434782608695652,0.025691699604743,9,10,0.147086750107898,0.160466119982736,0.0133793698748381,0.134897362884241,0.154248998632239,0.0193516357479982,0.0269938650306748,0.0282208588957055,0.56441717791411
"bridge","Washington",5,0.7,36,108,FALSE,FALSE,FALSE,5279,0.409090909090909,0.526315789473684,0.117224880382775,9,10,0.147086750107898,0.156495468277946,0.00940871817004746,0.134897362884241,0.143231658553579,0.00833429566933752,0.0269938650306748,0.0233128834355828,0.466257668711656
"bridge","Washington",5,0.75,38,105,FALSE,FALSE,FALSE,4945,0.409090909090909,0.523809523809524,0.114718614718615,9,11,0.147086750107898,0.165904186447993,0.0188174363400949,0.134897362884241,0.151713012226467,0.0168156493422256,0.0269938650306748,0.0257668711656442,0.515337423312883
"bridge","Washington",10,0.25,76,215,FALSE,FALSE,FALSE,10041,0.347826086956522,0.36734693877551,0.0195208518189885,16,18,0.239792835563228,0.255416486836426,0.0156236512731981,0.225753103460083,0.23879549849138,0.0130423950312973,0.056441717791411,0.0601226993865031,0.601226993865031
"bridge","Washington",10,0.4,73,197,FALSE,TRUE,FALSE,14822,0.347826086956522,0.313725490196078,-0.0341005967604433,16,16,0.239792835563228,0.289167026327147,0.0493741907639189,0.225753103460083,0.26589783595162,0.0401447324915372,0.056441717791411,0.0625766871165644,0.625766871165644
"bridge","Washington",10,0.5,78,208,FALSE,TRUE,FALSE,17063,0.347826086956522,0.306122448979592,-0.0417036379769299,16,15,0.239792835563228,0.229607250755287,-0.0101855848079413,0.225753103460083,0.215640102058274,-0.0101130014018092,0.056441717791411,0.0601226993865031,0.601226993865031
"bridge","Washington",10,0.55,62,162,FALSE,TRUE,FALSE,17063,0.347826086956522,0.297872340425532,-0.0499537465309898,16,14,0.239792835563228,0.274233923176521,0.034441087613293,0.225753103460083,0.251841128048918,0.0260880245888348,0.056441717791411,0.0576687116564417,0.576687116564417
"bridge","Washington",10,0.6,71,160,FALSE,TRUE,FALSE,17372,0.347826086956522,0.27906976744186,-0.0687563195146613,16,12,0.239792835563228,0.174794993526111,-0.0649978420371169,0.225753103460083,0.168297069886917,-0.0574560335731655,0.056441717791411,0.052760736196319,0.52760736196319
"bridge","Washington",10,0.65,75,184,FALSE,TRUE,FALSE,23948,0.347826086956522,0.3,-0.0478260869565217,16,12,0.239792835563228,0.174794993526111,-0.0649978420371169,0.225753103460083,0.168297069886917,-0.0574560335731655,0.056441717791411,0.049079754601227,0.49079754601227
"bridge","Washington",10,0.7,81,205,FALSE,TRUE,FALSE,28518,0.347826086956522,0.30952380952381,-0.0383022774327122,16,13,0.239792835563228,0.215019421665947,-0.024773413897281,0.225753103460083,0.195432787553303,-0.0303203159067797,0.056441717791411,0.0515337423312883,0.515337423312883
"bridge","Washington",10,0.75,76,213,FALSE,TRUE,FALSE,29876,0.347826086956522,0.317073170731707,-0.0307529162248144,16,13,0.239792835563228,0.215019421665947,-0.024773413897281,0.225753103460083,0.195432787553303,-0.0303203159067797,0.056441717791411,0.0503067484662577,0.503067484662577
"bridge","West Virginia",5,0.25,43,118,FALSE,FALSE,FALSE,3623,0.25,0.25,0,5,5,0.0790364583333333,0.0790364583333333,0,0.0572051140523471,0.0572051140523471,0,0.031104199066874,0.031104199066874,0.622083981337481
"bridge","West Virginia",5,0.4,48,111,FALSE,FALSE,FALSE,3924,0.25,0.217391304347826,-0.0326086956521739,5,5,0.0790364583333333,0.0790364583333333,0,0.0572051140523471,0.0572051140523471,0,0.031104199066874,0.0357698289269051,0.715396578538103
"bridge","West Virginia",5,0.5,48,118,FALSE,FALSE,FALSE,4434,0.25,0.217391304347826,-0.0326086956521739,5,5,0.0790364583333333,0.0790364583333333,0,0.0572051140523471,0.0572051140523471,0,0.031104199066874,0.0357698289269051,0.715396578538103
"bridge","West Virginia",5,0.55,44,108,FALSE,FALSE,FALSE,6991,0.25,0.208333333333333,-0.0416666666666667,5,5,0.0790364583333333,0.0790364583333333,0,0.0572051140523471,0.0572051140523471,0,0.031104199066874,0.0373250388802488,0.746500777604977
"bridge","West Virginia",5,0.6,41,107,FALSE,FALSE,FALSE,7419,0.25,0.227272727272727,-0.0227272727272727,5,5,0.0790364583333333,0.0790364583333333,0,0.0572051140523471,0.0572051140523471,0,0.031104199066874,0.0342146189735614,0.684292379471229
"bridge","West Virginia",5,0.65,43,111,FALSE,FALSE,FALSE,7838,0.25,0.208333333333333,-0.0416666666666667,5,5,0.0790364583333333,0.0790364583333333,0,0.0572051140523471,0.0572051140523471,0,0.031104199066874,0.0373250388802488,0.746500777604977
"bridge","West Virginia",5,0.7,46,118,FALSE,FALSE,FALSE,9504,0.25,0.192307692307692,-0.0576923076923077,5,5,0.0790364583333333,0.0790364583333333,0,0.0572051140523471,0.0572051140523471,0,0.031104199066874,0.0404354587869362,0.808709175738725
"bridge","West Virginia",5,0.75,46,117,FALSE,FALSE,FALSE,9403,0.25,0.192307692307692,-0.0576923076923077,5,5,0.0790364583333333,0.0790364583333333,0,0.0572051140523471,0.0572051140523471,0,0.031104199066874,0.0404354587869362,0.808709175738725
"bridge","West Virginia",10,0.25,82,195,FALSE,TRUE,FALSE,13075,0.163636363636364,0.16,-0.00363636363636363,9,8,0.159244791666667,0.133463541666667,-0.02578125,0.150566095052532,0.125260857415605,-0.0253052376369267,0.0855365474339036,0.0777604976671851,0.777604976671851
"bridge","West Virginia",10,0.4,78,186,FALSE,TRUE,FALSE,17986,0.163636363636364,0.173076923076923,0.00944055944055944,9,9,0.159244791666667,0.153255208333333,-0.00598958333333333,0.150566095052532,0.13717397759822,-0.0133921174543113,0.0855365474339036,0.0808709175738725,0.808709175738725
"bridge","West Virginia",10,0.5,81,192,FALSE,TRUE,FALSE,20147,0.163636363636364,0.169811320754717,0.00617495711835334,9,9,0.159244791666667,0.153255208333333,-0.00598958333333333,0.150566095052532,0.13717397759822,-0.0133921174543113,0.0855365474339036,0.0824261275272162,0.824261275272162
"bridge","West Virginia",10,0.55,77,173,FALSE,TRUE,FALSE,25138,0.163636363636364,0.137254901960784,-0.0263814616755793,9,7,0.159244791666667,0.117838541666667,-0.04140625,0.150566095052532,0.0884234041873977,-0.0621426908651338,0.0855365474339036,0.0793157076205288,0.793157076205288
"bridge","West Virginia",10,0.6,68,170,FALSE,TRUE,FALSE,24419,0.163636363636364,0.16,-0.00363636363636363,9,8,0.159244791666667,0.143619791666667,-0.015625,0.150566095052532,0.113728641824324,-0.0368374532282071,0.0855365474339036,0.0777604976671851,0.777604976671851
"bridge","West Virginia",10,0.65,77,174,FALSE,TRUE,FALSE,25044,0.163636363636364,0.142857142857143,-0.0207792207792208,9,7,0.159244791666667,0.117838541666667,-0.04140625,0.150566095052532,0.0884234041873977,-0.0621426908651338,0.0855365474339036,0.0762052877138414,0.762052877138414
"bridge","West Virginia",10,0.7,77,172,FALSE,TRUE,FALSE,24951,0.163636363636364,0.130434782608696,-0.033201581027668,9,6,0.159244791666667,0.098046875,-0.0611979166666667,0.150566095052532,0.0765102840047822,-0.0740558110477493,0.0855365474339036,0.0715396578538103,0.715396578538103
"bridge","West Virginia",10,0.75,76,189,FALSE,TRUE,FALSE,28537,0.163636363636364,0.127659574468085,-0.0359767891682785,9,6,0.159244791666667,0.098046875,-0.0611979166666667,0.150566095052532,0.0765102840047822,-0.0740558110477493,0.0855365474339036,0.073094867807154,0.73094867807154
"bridge","Wisconsin",5,0.25,58,144,FALSE,FALSE,FALSE,1657,0.145454545454545,0.160714285714286,0.0152597402597403,8,9,0.109546634711404,0.160675054923108,0.0511284202117036,0.118019190414755,0.168516738199706,0.0504975477849503,0.0561797752808989,0.0572012257405516,1.14402451481103
"bridge","Wisconsin",5,0.4,54,138,FALSE,FALSE,FALSE,2249,0.145454545454545,0.178571428571429,0.0331168831168831,8,10,0.109546634711404,0.201817455562213,0.0922708208508089,0.118019190414755,0.209591306254681,0.0915721158399252,0.0561797752808989,0.0572012257405516,1.14402451481103
"bridge","Wisconsin",5,0.5,51,134,FALSE,FALSE,FALSE,2437,0.145454545454545,0.178571428571429,0.0331168831168831,8,10,0.109546634711404,0.201817455562213,0.0922708208508089,0.118019190414755,0.209591306254681,0.0915721158399252,0.0561797752808989,0.0572012257405516,1.14402451481103
"bridge","Wisconsin",5,0.55,46,108,FALSE,FALSE,FALSE,2383,0.145454545454545,0.18,0.0345454545454545,8,9,0.109546634711404,0.193828639904134,0.0842820051927302,0.118019190414755,0.200159770594601,0.0821405801798461,0.0561797752808989,0.0510725229826353,1.02145045965271
"bridge","Wisconsin",5,0.6,46,118,FALSE,FALSE,FALSE,2995,0.145454545454545,0.1875,0.0420454545454546,8,9,0.109546634711404,0.193828639904134,0.0842820051927302,0.118019190414755,0.200159770594601,0.0821405801798461,0.0561797752808989,0.0490296220633299,0.980592441266599
"bridge","Wisconsin",5,0.65,46,125,FALSE,FALSE,FALSE,4143,0.145454545454545,0.2,0.0545454545454546,8,9,0.109546634711404,0.193828639904134,0.0842820051927302,0.118019190414755,0.200159770594601,0.0821405801798461,0.0561797752808989,0.0459652706843718,0.919305413687436
"bridge","Wisconsin",5,0.7,49,126,FALSE,FALSE,FALSE,4434,0.145454545454545,0.15,0.00454545454545455,8,6,0.109546634711404,0.106151388056721,-0.00339524665468345,0.118019190414755,0.117326154112447,-0.000693036302308173,0.0561797752808989,0.0408580183861083,0.817160367722165
"bridge","Wisconsin",5,0.75,49,125,FALSE,FALSE,FALSE,4149,0.145454545454545,0.15,0.00454545454545455,8,6,0.109546634711404,0.106151388056721,-0.00339524665468345,0.118019190414755,0.117326154112447,-0.000693036302308173,0.0561797752808989,0.0408580183861083,0.817160367722165
"bridge","Wisconsin",10,0.25,104,272,FALSE,FALSE,FALSE,6933,0.185185185185185,0.174757281553398,-0.0104279036317871,20,18,0.368084681445976,0.325444377870981,-0.042640303574995,0.355365046873769,0.320062101731268,-0.0353029451425003,0.110316649642492,0.105209397344229,1.05209397344229
"bridge","Wisconsin",10,0.4,95,242,FALSE,FALSE,FALSE,9837,0.185185185185185,0.153061224489796,-0.0321239606953893,20,15,0.368084681445976,0.29039344917116,-0.0776912322748152,0.355365046873769,0.288248200156415,-0.0671168467173541,0.110316649642492,0.100102145045965,1.00102145045965
"bridge","Wisconsin",10,0.5,90,259,FALSE,TRUE,FALSE,13580,0.185185185185185,0.144329896907216,-0.0408552882779687,20,14,0.368084681445976,0.259536648691831,-0.108548032754144,0.355365046873769,0.267885625211166,-0.0874794216626029,0.110316649642492,0.0990806945863126,0.990806945863126
"bridge","Wisconsin",10,0.55,76,201,FALSE,TRUE,FALSE,16147,0.185185185185185,0.145833333333333,-0.0393518518518518,20,14,0.368084681445976,0.259536648691831,-0.108548032754144,0.355365046873769,0.267885625211166,-0.0874794216626029,0.110316649642492,0.0980592441266599,0.980592441266599
"bridge","Wisconsin",10,0.6,78,225,FALSE,TRUE,FALSE,19662,0.185185185185185,0.144329896907216,-0.0408552882779687,20,14,0.368084681445976,0.259536648691831,-0.108548032754144,0.355365046873769,0.267885625211166,-0.0874794216626029,0.110316649642492,0.0990806945863126,0.990806945863126
"bridge","Wisconsin",10,0.65,80,235,FALSE,TRUE,FALSE,20475,0.185185185185185,0.164948453608247,-0.0202367315769378,20,16,0.368084681445976,0.289394847213901,-0.0786898342320751,0.355365046873769,0.309695301730163,-0.0456697451436059,0.110316649642492,0.0990806945863126,0.990806945863126
"bridge","Wisconsin",10,0.7,83,244,FALSE,TRUE,FALSE,24468,0.185185185185185,0.151162790697674,-0.0340223944875108,20,13,0.368084681445976,0.201717595366487,-0.166367086079489,0.355365046873769,0.226861685248009,-0.12850336162576,0.110316649642492,0.0878447395301328,0.878447395301328
"bridge","Wisconsin",10,0.75,93,255,FALSE,TRUE,FALSE,27433,0.185185185185185,0.10655737704918,-0.0786278081360049,20,13,0.368084681445976,0.236468943479129,-0.131615737966846,0.355365046873769,0.251595737846144,-0.103769309027625,0.110316649642492,0.12461695607763,1.2461695607763
"bridge","Wyoming",5,0.25,20,59,FALSE,FALSE,FALSE,2171,0.4,0.4,0,2,2,0.0559462915601023,0.0559462915601023,0,0.0507091572593937,0.0507091572593937,0,0.018796992481203,0.018796992481203,0.37593984962406
"bridge","Wyoming",5,0.4,20,53,FALSE,FALSE,FALSE,2328,0.4,0.25,-0.15,2,1,0.0559462915601023,0.0370843989769821,-0.0188618925831202,0.0507091572593937,0.0349881212337939,-0.0157210360255998,0.018796992481203,0.0150375939849624,0.300751879699248
"bridge","Wyoming",5,0.5,20,55,FALSE,FALSE,FALSE,2378,0.4,0.25,-0.15,2,1,0.0559462915601023,0.0370843989769821,-0.0188618925831202,0.0507091572593937,0.0349881212337939,-0.0157210360255998,0.018796992481203,0.0150375939849624,0.300751879699248
"bridge","Wyoming",5,0.55,20,50,FALSE,FALSE,FALSE,2702,0.4,0.25,-0.15,2,1,0.0559462915601023,0.0370843989769821,-0.0188618925831202,0.0507091572593937,0.0349881212337939,-0.0157210360255998,0.018796992481203,0.0150375939849624,0.300751879699248
"bridge","Wyoming",5,0.6,20,46,FALSE,FALSE,FALSE,2514,0.4,0.25,-0.15,2,1,0.0559462915601023,0.0370843989769821,-0.0188618925831202,0.0507091572593937,0.0349881212337939,-0.0157210360255998,0.018796992481203,0.0150375939849624,0.300751879699248
"bridge","Wyoming",5,0.65,20,53,FALSE,FALSE,FALSE,2916,0.4,0.25,-0.15,2,1,0.0559462915601023,0.0370843989769821,-0.0188618925831202,0.0507091572593937,0.0349881212337939,-0.0157210360255998,0.018796992481203,0.0150375939849624,0.300751879699248
"bridge","Wyoming",5,0.7,20,56,FALSE,FALSE,FALSE,3201,0.4,0.333333333333333,-0.0666666666666667,2,1,0.0559462915601023,0.0370843989769821,-0.0188618925831202,0.0507091572593937,0.0349881212337939,-0.0157210360255998,0.018796992481203,0.0112781954887218,0.225563909774436
"bridge","Wyoming",5,0.75,20,56,FALSE,FALSE,FALSE,3201,0.4,0.333333333333333,-0.0666666666666667,2,1,0.0559462915601023,0.0370843989769821,-0.0188618925831202,0.0507091572593937,0.0349881212337939,-0.0157210360255998,0.018796992481203,0.0112781954887218,0.225563909774436
"bridge","Wyoming",10,0.25,38,98,FALSE,FALSE,FALSE,4073,0.130434782608696,0.15,0.0195652173913043,3,3,0.228580562659847,0.228580562659847,0,0.290601998496928,0.290601998496928,0,0.0864661654135338,0.075187969924812,0.75187969924812
"bridge","Wyoming",10,0.4,37,92,FALSE,FALSE,FALSE,5900,0.130434782608696,0.117647058823529,-0.0127877237851662,3,2,0.228580562659847,0.209718670076726,-0.0188618925831202,0.290601998496928,0.274880962471328,-0.0157210360255998,0.0864661654135338,0.0639097744360902,0.639097744360902
"bridge","Wyoming",10,0.5,36,103,FALSE,FALSE,FALSE,7061,0.130434782608696,0.125,-0.00543478260869565,3,2,0.228580562659847,0.209718670076726,-0.0188618925831202,0.290601998496928,0.274880962471328,-0.0157210360255998,0.0864661654135338,0.0601503759398496,0.601503759398496
"bridge","Wyoming",10,0.55,35,81,FALSE,FALSE,FALSE,6977,0.130434782608696,0.181818181818182,0.0513833992094862,3,2,0.228580562659847,0.209718670076726,-0.0188618925831202,0.290601998496928,0.274880962471328,-0.0157210360255998,0.0864661654135338,0.0413533834586466,0.413533834586466
"bridge","Wyoming",10,0.6,35,81,FALSE,FALSE,FALSE,6450,0.130434782608696,0.181818181818182,0.0513833992094862,3,2,0.228580562659847,0.209718670076726,-0.0188618925831202,0.290601998496928,0.274880962471328,-0.0157210360255998,0.0864661654135338,0.0413533834586466,0.413533834586466
"bridge","Wyoming",10,0.65,35,101,FALSE,FALSE,FALSE,10680,0.130434782608696,0.181818181818182,0.0513833992094862,3,2,0.228580562659847,0.209718670076726,-0.0188618925831202,0.290601998496928,0.274880962471328,-0.0157210360255998,0.0864661654135338,0.0413533834586466,0.413533834586466
"bridge","Wyoming",10,0.7,35,116,FALSE,TRUE,FALSE,14728,0.130434782608696,0.3,0.169565217391304,3,3,0.228580562659847,0.0863171355498721,-0.142263427109974,0.290601998496928,0.0687494816402349,-0.221852516856693,0.0864661654135338,0.037593984962406,0.37593984962406
"bridge","Wyoming",10,0.75,35,116,FALSE,TRUE,FALSE,14728,0.130434782608696,0.3,0.169565217391304,3,3,0.228580562659847,0.0863171355498721,-0.142263427109974,0.290601998496928,0.0687494816402349,-0.221852516856693,0.0864661654135338,0.037593984962406,0.37593984962406
